adm1,adm2,adm3,adm4,kode_diminta,provinsi,kotkab,kecamatan,desa,analysis_date,utc_datetime,local_datetime,time_index,t,hu,tp,tcc,ws,wd,wd_deg,wd_to,vs,vs_text,weather,weather_desc,weather_desc_en,image,datetime
73,73.71,73.71.01,73.71.01.1001,73.71.01.1001,Sulawesi Selatan,Kota Makassar,Mariso,Bontorannu,2026-09-19T12:00:00,2026-09-19 16:00:00,2026-09-20 00:00:00,3-4,27,72,0,2,6.7,NW,326,SE,,,0,Cerah,Sunny,https://api-apps.bmkg.go.id/storage/icon/cuaca/cerah-pm.svg,2026-09-19T16:00:00Z
73,73.71,73.71.01,73.71.01.1001,73.71.01.1001,Sulawesi Selatan,Kota Makassar,Mariso,Bontorannu,2026-09-19T12:00:00,2026-09-19 19:00:00,2026-09-20 03:00:00,6-7,27,68,0,33,4.1,NE,75,SW,,,1,Cerah,Sunny,https://api-apps.bmkg.go.id/storage/icon/cuaca/cerah-pm.svg,2026-09-19T19:00:00Z
73,73.71,73.71.01,73.71.01.1001,73.71.01.1001,Sulawesi Selatan,Kota Makassar,Mariso,Bontorannu,2026-09-19T12:00:00,2026-09-19 22:00:00,2026-09-20 06:00:00,9-10,27,67,0,5,2.3,SW,261,NE,,,0,Cerah,Sunny,https://api-apps.bmkg.go.id/storage/icon/cuaca/cerah-am.svg,2026-09-19T22:00:00Z
73,73.71,73.71.01,73.71.01.1001,73.71.01.1001,Sulawesi Selatan,Kota Makassar,Mariso,Bontorannu,2026-09-19T12:00:00,2026-09-20 01:00:00,2026-09-20 09:00:00,12-13,29,61,0,20,15.2,SW,249,NE,,,1,Cerah,Sunny,https://api-apps.bmkg.go.id/storage/icon/cuaca/cerah-am.svg,2026-09-20T01:00:00Z
73,73.71,73.71.01,73.71.01.1001,73.71.01.1001,Sulawesi Selatan,Kota Makassar,Mariso,Bontorannu,2026-09-19T12:00:00,2026-09-20 04:00:00,2026-09-20 12:00:00,15-16,29,67,0,18,15.7,SW,256,NE,,,1,Cerah,Sunny,https://api-apps.bmkg.go.id/storage/icon/cuaca/cerah-am.svg,2026-09-20T04:00:00Z
73,73.71,73.71.01,73.71.01.1001,73.71.01.1001,Sulawesi Selatan,Kota Makassar,Mariso,Bontorannu,2026-09-19T12:00:00,2026-09-20 07:00:00,2026-09-20 15:00:00,18-19,28,72,0,23,13.3,SW,269,NE,,,1,Cerah,Sunny,https://api-apps.bmkg.go.id/storage/icon/cuaca/cerah-am.svg,2026-09-20T07:00:00Z
73,73.71,73.71.01,73.71.01.1001,73.71.01.1001,Sulawesi Selatan,Kota Makassar,Mariso,Bontorannu,2026-09-19T12:00:00,2026-09-20 10:00:00,2026-09-20 18:00:00,21-22,28,79,0,8,6.3,NE,67,SW,,,0,Cerah,Sunny,https://api-apps.bmkg.go.id/storage/icon/cuaca/cerah-pm.svg,2026-09-20T10:00:00Z
73,73.71,73.71.01,73.71.01.1001,73.71.01.1001,Sulawesi Selatan,Kota Makassar,Mariso,Bontorannu,2026-09-19T12:00:00,2026-09-20 13:00:00,2026-09-20 21:00:00,24-25,28,70,0,0,4.3,S,193,N,,,0,Cerah,Sunny,https://api-apps.bmkg.go.id/storage/icon/cuaca/cerah-pm.svg,2026-09-20T13:00:00Z
73,73.71,73.71.01,73.71.01.1001,73.71.01.1001,Sulawesi Selatan,Kota Makassar,Mariso,Bontorannu,2026-09-19T12:00:00,2026-09-20 16:00:00,2026-09-21 00:00:00,27-28,27,73,0,1,6,SW,232,NE,,,0,Cerah,Sunny,https://api-apps.bmkg.go.id/storage/icon/cuaca/cerah-pm.svg,2026-09-20T16:00:00Z
73,73.71,73.71.01,73.71.01.1001,73.71.01.1001,Sulawesi Selatan,Kota Makassar,Mariso,Bontorannu,2026-09-19T12:00:00,2026-09-20 19:00:00,2026-09-21 03:00:00,30-31,27,72,0,8,3.4,NE,66,SW,,,0,Cerah,Sunny,https://api-apps.bmkg.go.id/storage/icon/cuaca/cerah-pm.svg,2026-09-20T19:00:00Z
73,73.71,73.71.01,73.71.01.1001,73.71.01.1001,Sulawesi Selatan,Kota Makassar,Mariso,Bontorannu,2026-09-19T12:00:00,2026-09-20 22:00:00,2026-09-21 06:00:00,33-34,27,70,0,62,4.9,S,192,N,,,2,Cerah Berawan,Partly Cloudy,https://api-apps.bmkg.go.id/storage/icon/cuaca/cerah berawan-am.svg,2026-09-20T22:00:00Z
73,73.71,73.71.01,73.71.01.1001,73.71.01.1001,Sulawesi Selatan,Kota Makassar,Mariso,Bontorannu,2026-09-19T12:00:00,2026-09-21 01:00:00,2026-09-21 09:00:00,36-37,29,68,0,34,12.6,SW,236,NE,,,1,Cerah,Sunny,https://api-apps.bmkg.go.id/storage/icon/cuaca/cerah-am.svg,2026-09-21T01:00:00Z
73,73.71,73.71.01,73.71.01.1001,73.71.01.1001,Sulawesi Selatan,Kota Makassar,Mariso,Bontorannu,2026-09-19T12:00:00,2026-09-21 04:00:00,2026-09-21 12:00:00,39-40,29,71,0,17,16.2,SW,245,NE,,,1,Cerah,Sunny,https://api-apps.bmkg.go.id/storage/icon/cuaca/cerah-am.svg,2026-09-21T04:00:00Z
73,73.71,73.71.01,73.71.01.1001,73.71.01.1001,Sulawesi Selatan,Kota Makassar,Mariso,Bontorannu,2026-09-19T12:00:00,2026-09-21 07:00:00,2026-09-21 15:00:00,42-43,30,70,0,30,5,SW,252,NE,,,1,Cerah,Sunny,https://api-apps.bmkg.go.id/storage/icon/cuaca/cerah-am.svg,2026-09-21T07:00:00Z
73,73.71,73.71.01,73.71.01.1001,73.71.01.1001,Sulawesi Selatan,Kota Makassar,Mariso,Bontorannu,2026-09-19T12:00:00,2026-09-21 10:00:00,2026-09-21 18:00:00,45-46,30,70,0,24,4.1,N,2,S,,,1,Cerah,Sunny,https://api-apps.bmkg.go.id/storage/icon/cuaca/cerah-pm.svg,2026-09-21T10:00:00Z
73,73.71,73.71.01,73.71.01.1001,73.71.01.1001,Sulawesi Selatan,Kota Makassar,Mariso,Bontorannu,2026-09-19T12:00:00,2026-09-21 13:00:00,2026-09-21 21:00:00,48-49,29,62,0,33,9.6,S,217,N,,,1,Cerah,Sunny,https://api-apps.bmkg.go.id/storage/icon/cuaca/cerah-pm.svg,2026-09-21T13:00:00Z
73,73.71,73.71.01,73.71.01.1001,73.71.01.1001,Sulawesi Selatan,Kota Makassar,Mariso,Bontorannu,2026-09-19T12:00:00,2026-09-21 16:00:00,2026-09-22 00:00:00,51-52,27,72,0,49,6.4,W,294,E,,,1,Cerah,Sunny,https://api-apps.bmkg.go.id/storage/icon/cuaca/cerah-pm.svg,2026-09-21T16:00:00Z
73,73.71,73.71.01,73.71.01.1001,73.71.01.1001,Sulawesi Selatan,Kota Makassar,Mariso,Bontorannu,2026-09-19T12:00:00,2026-09-21 19:00:00,2026-09-22 03:00:00,54-55,27,68,0,34,7.7,SE,178,NW,,,1,Cerah,Sunny,https://api-apps.bmkg.go.id/storage/icon/cuaca/cerah-pm.svg,2026-09-21T19:00:00Z
73,73.71,73.71.01,73.71.01.1001,73.71.01.1001,Sulawesi Selatan,Kota Makassar,Mariso,Bontorannu,2026-09-19T12:00:00,2026-09-21 22:00:00,2026-09-22 06:00:00,57-58,27,71,0,2,6,W,296,E,,,0,Cerah,Sunny,https://api-apps.bmkg.go.id/storage/icon/cuaca/cerah-am.svg,2026-09-21T22:00:00Z
73,73.71,73.71.01,73.71.01.1002,73.71.01.1002,Sulawesi Selatan,Kota Makassar,Mariso,Mattoangin,2026-09-19T12:00:00,2026-09-19 16:00:00,2026-09-20 00:00:00,3-4,27,72,0,2,6.7,NW,326,SE,,,0,Cerah,Sunny,https://api-apps.bmkg.go.id/storage/icon/cuaca/cerah-pm.svg,2026-09-19T16:00:00Z
73,73.71,73.71.01,73.71.01.1002,73.71.01.1002,Sulawesi Selatan,Kota Makassar,Mariso,Mattoangin,2026-09-19T12:00:00,2026-09-19 19:00:00,2026-09-20 03:00:00,6-7,27,68,0,33,4.1,NE,75,SW,,,1,Cerah,Sunny,https://api-apps.bmkg.go.id/storage/icon/cuaca/cerah-pm.svg,2026-09-19T19:00:00Z
73,73.71,73.71.01,73.71.01.1002,73.71.01.1002,Sulawesi Selatan,Kota Makassar,Mariso,Mattoangin,2026-09-19T12:00:00,2026-09-19 22:00:00,2026-09-20 06:00:00,9-10,27,67,0,5,2.3,SW,261,NE,,,0,Cerah,Sunny,https://api-apps.bmkg.go.id/storage/icon/cuaca/cerah-am.svg,2026-09-19T22:00:00Z
73,73.71,73.71.01,73.71.01.1002,73.71.01.1002,Sulawesi Selatan,Kota Makassar,Mariso,Mattoangin,2026-09-19T12:00:00,2026-09-20 01:00:00,2026-09-20 09:00:00,12-13,29,61,0,20,15.2,SW,249,NE,,,1,Cerah,Sunny,https://api-apps.bmkg.go.id/storage/icon/cuaca/cerah-am.svg,2026-09-20T01:00:00Z
73,73.71,73.71.01,73.71.01.1002,73.71.01.1002,Sulawesi Selatan,Kota Makassar,Mariso,Mattoangin,2026-09-19T12:00:00,2026-09-20 04:00:00,2026-09-20 12:00:00,15-16,29,67,0,18,15.7,SW,256,NE,,,1,Cerah,Sunny,https://api-apps.bmkg.go.id/storage/icon/cuaca/cerah-am.svg,2026-09-20T04:00:00Z
73,73.71,73.71.01,73.71.01.1002,73.71.01.1002,Sulawesi Selatan,Kota Makassar,Mariso,Mattoangin,2026-09-19T12:00:00,2026-09-20 07:00:00,2026-09-20 15:00:00,18-19,28,72,0,23,13.3,SW,269,NE,,,1,Cerah,Sunny,https://api-apps.bmkg.go.id/storage/icon/cuaca/cerah-am.svg,2026-09-20T07:00:00Z
73,73.71,73.71.01,73.71.01.1002,73.71.01.1002,Sulawesi Selatan,Kota Makassar,Mariso,Mattoangin,2026-09-19T12:00:00,2026-09-20 10:00:00,2026-09-20 18:00:00,21-22,28,79,0,8,6.3,NE,67,SW,,,0,Cerah,Sunny,https://api-apps.bmkg.go.id/storage/icon/cuaca/cerah-pm.svg,2026-09-20T10:00:00Z
73,73.71,73.71.01,73.71.01.1002,73.71.01.1002,Sulawesi Selatan,Kota Makassar,Mariso,Mattoangin,2026-09-19T12:00:00,2026-09-20 13:00:00,2026-09-20 21:00:00,24-25,28,70,0,0,4.3,S,193,N,,,0,Cerah,Sunny,https://api-apps.bmkg.go.id/storage/icon/cuaca/cerah-pm.svg,2026-09-20T13:00:00Z
73,73.71,73.71.01,73.71.01.1002,73.71.01.1002,Sulawesi Selatan,Kota Makassar,Mariso,Mattoangin,2026-09-19T12:00:00,2026-09-20 16:00:00,2026-09-21 00:00:00,27-28,27,73,0,1,6,SW,232,NE,,,0,Cerah,Sunny,https://api-apps.bmkg.go.id/storage/icon/cuaca/cerah-pm.svg,2026-09-20T16:00:00Z
73,73.71,73.71.01,73.71.01.1002,73.71.01.1002,Sulawesi Selatan,Kota Makassar,Mariso,Mattoangin,2026-09-19T12:00:00,2026-09-20 19:00:00,2026-09-21 03:00:00,30-31,27,72,0,8,3.4,NE,66,SW,,,0,Cerah,Sunny,https://api-apps.bmkg.go.id/storage/icon/cuaca/cerah-pm.svg,2026-09-20T19:00:00Z
73,73.71,73.71.01,73.71.01.1002,73.71.01.1002,Sulawesi Selatan,Kota Makassar,Mariso,Mattoangin,2026-09-19T12:00:00,2026-09-20 22:00:00,2026-09-21 06:00:00,33-34,27,70,0,62,4.9,S,192,N,,,2,Cerah Berawan,Partly Cloudy,https://api-apps.bmkg.go.id/storage/icon/cuaca/cerah berawan-am.svg,2026-09-20T22:00:00Z
73,73.71,73.71.01,73.71.01.1002,73.71.01.1002,Sulawesi Selatan,Kota Makassar,Mariso,Mattoangin,2026-09-19T12:00:00,2026-09-21 01:00:00,2026-09-21 09:00:00,36-37,29,68,0,34,12.6,SW,236,NE,,,1,Cerah,Sunny,https://api-apps.bmkg.go.id/storage/icon/cuaca/cerah-am.svg,2026-09-21T01:00:00Z
73,73.71,73.71.01,73.71.01.1002,73.71.01.1002,Sulawesi Selatan,Kota Makassar,Mariso,Mattoangin,2026-09-19T12:00:00,2026-09-21 04:00:00,2026-09-21 12:00:00,39-40,29,71,0,17,16.2,SW,245,NE,,,1,Cerah,Sunny,https://api-apps.bmkg.go.id/storage/icon/cuaca/cerah-am.svg,2026-09-21T04:00:00Z
73,73.71,73.71.01,73.71.01.1002,73.71.01.1002,Sulawesi Selatan,Kota Makassar,Mariso,Mattoangin,2026-09-19T12:00:00,2026-09-21 07:00:00,2026-09-21 15:00:00,42-43,30,70,0,30,5,SW,252,NE,,,1,Cerah,Sunny,https://api-apps.bmkg.go.id/storage/icon/cuaca/cerah-am.svg,2026-09-21T07:00:00Z
73,73.71,73.71.01,73.71.01.1002,73.71.01.1002,Sulawesi Selatan,Kota Makassar,Mariso,Mattoangin,2026-09-19T12:00:00,2026-09-21 10:00:00,2026-09-21 18:00:00,45-46,30,70,0,24,4.1,N,2,S,,,1,Cerah,Sunny,https://api-apps.bmkg.go.id/storage/icon/cuaca/cerah-pm.svg,2026-09-21T10:00:00Z
73,73.71,73.71.01,73.71.01.1002,73.71.01.1002,Sulawesi Selatan,Kota Makassar,Mariso,Mattoangin,2026-09-19T12:00:00,2026-09-21 13:00:00,2026-09-21 21:00:00,48-49,29,62,0,33,9.6,S,217,N,,,1,Cerah,Sunny,https://api-apps.bmkg.go.id/storage/icon/cuaca/cerah-pm.svg,2026-09-21T13:00:00Z
73,73.71,73.71.01,73.71.01.1002,73.71.01.1002,Sulawesi Selatan,Kota Makassar,Mariso,Mattoangin,2026-09-19T12:00:00,2026-09-21 16:00:00,2026-09-22 00:00:00,51-52,27,72,0,49,6.4,W,294,E,,,1,Cerah,Sunny,https://api-apps.bmkg.go.id/storage/icon/cuaca/cerah-pm.svg,2026-09-21T16:00:00Z
73,73.71,73.71.01,73.71.01.1002,73.71.01.1002,Sulawesi Selatan,Kota Makassar,Mariso,Mattoangin,2026-09-19T12:00:00,2026-09-21 19:00:00,2026-09-22 03:00:00,54-55,27,68,0,34,7.7,SE,178,NW,,,1,Cerah,Sunny,https://api-apps.bmkg.go.id/storage/icon/cuaca/cerah-pm.svg,2026-09-21T19:00:00Z
73,73.71,73.71.01,73.71.01.1002,73.71.01.1002,Sulawesi Selatan,Kota Makassar,Mariso,Mattoangin,2026-09-19T12:00:00,2026-09-21 22:00:00,2026-09-22 06:00:00,57-58,27,71,0,2,6,W,296,E,,,0,Cerah,Sunny,https://api-apps.bmkg.go.id/storage/icon/cuaca/cerah-am.svg,2026-09-21T22:00:00Z
73,73.71,73.71.01,73.71.01.1003,73.71.01.1003,Sulawesi Selatan,Kota Makassar,Mariso,Kunjung Mae,2026-09-19T12:00:00,2026-09-19 16:00:00,2026-09-20 00:00:00,3-4,27,72,0,2,6.7,NW,326,SE,,,0,Cerah,Sunny,https://api-apps.bmkg.go.id/storage/icon/cuaca/cerah-pm.svg,2026-09-19T16:00:00Z
73,73.71,73.71.01,73.71.01.1003,73.71.01.1003,Sulawesi Selatan,Kota Makassar,Mariso,Kunjung Mae,2026-09-19T12:00:00,2026-09-19 19:00:00,2026-09-20 03:00:00,6-7,27,68,0,33,4.1,NE,75,SW,,,1,Cerah,Sunny,https://api-apps.bmkg.go.id/storage/icon/cuaca/cerah-pm.svg,2026-09-19T19:00:00Z
73,73.71,73.71.01,73.71.01.1003,73.71.01.1003,Sulawesi Selatan,Kota Makassar,Mariso,Kunjung Mae,2026-09-19T12:00:00,2026-09-19 22:00:00,2026-09-20 06:00:00,9-10,27,67,0,5,2.3,SW,261,NE,,,0,Cerah,Sunny,https://api-apps.bmkg.go.id/storage/icon/cuaca/cerah-am.svg,2026-09-19T22:00:00Z
73,73.71,73.71.01,73.71.01.1003,73.71.01.1003,Sulawesi Selatan,Kota Makassar,Mariso,Kunjung Mae,2026-09-19T12:00:00,2026-09-20 01:00:00,2026-09-20 09:00:00,12-13,29,61,0,20,15.2,SW,249,NE,,,1,Cerah,Sunny,https://api-apps.bmkg.go.id/storage/icon/cuaca/cerah-am.svg,2026-09-20T01:00:00Z
73,73.71,73.71.01,73.71.01.1003,73.71.01.1003,Sulawesi Selatan,Kota Makassar,Mariso,Kunjung Mae,2026-09-19T12:00:00,2026-09-20 04:00:00,2026-09-20 12:00:00,15-16,29,67,0,18,15.7,SW,256,NE,,,1,Cerah,Sunny,https://api-apps.bmkg.go.id/storage/icon/cuaca/cerah-am.svg,2026-09-20T04:00:00Z
73,73.71,73.71.01,73.71.01.1003,73.71.01.1003,Sulawesi Selatan,Kota Makassar,Mariso,Kunjung Mae,2026-09-19T12:00:00,2026-09-20 07:00:00,2026-09-20 15:00:00,18-19,28,72,0,23,13.3,SW,269,NE,,,1,Cerah,Sunny,https://api-apps.bmkg.go.id/storage/icon/cuaca/cerah-am.svg,2026-09-20T07:00:00Z
73,73.71,73.71.01,73.71.01.1003,73.71.01.1003,Sulawesi Selatan,Kota Makassar,Mariso,Kunjung Mae,2026-09-19T12:00:00,2026-09-20 10:00:00,2026-09-20 18:00:00,21-22,28,79,0,8,6.3,NE,67,SW,,,0,Cerah,Sunny,https://api-apps.bmkg.go.id/storage/icon/cuaca/cerah-pm.svg,2026-09-20T10:00:00Z
73,73.71,73.71.01,73.71.01.1003,73.71.01.1003,Sulawesi Selatan,Kota Makassar,Mariso,Kunjung Mae,2026-09-19T12:00:00,2026-09-20 13:00:00,2026-09-20 21:00:00,24-25,28,70,0,0,4.3,S,193,N,,,0,Cerah,Sunny,https://api-apps.bmkg.go.id/storage/icon/cuaca/cerah-pm.svg,2026-09-20T13:00:00Z
73,73.71,73.71.01,73.71.01.1003,73.71.01.1003,Sulawesi Selatan,Kota Makassar,Mariso,Kunjung Mae,2026-09-19T12:00:00,2026-09-20 16:00:00,2026-09-21 00:00:00,27-28,27,73,0,1,6,SW,232,NE,,,0,Cerah,Sunny,https://api-apps.bmkg.go.id/storage/icon/cuaca/cerah-pm.svg,2026-09-20T16:00:00Z
73,73.71,73.71.01,73.71.01.1003,73.71.01.1003,Sulawesi Selatan,Kota Makassar,Mariso,Kunjung Mae,2026-09-19T12:00:00,2026-09-20 19:00:00,2026-09-21 03:00:00,30-31,27,72,0,8,3.4,NE,66,SW,,,0,Cerah,Sunny,https://api-apps.bmkg.go.id/storage/icon/cuaca/cerah-pm.svg,2026-09-20T19:00:00Z
73,73.71,73.71.01,73.71.01.1003,73.71.01.1003,Sulawesi Selatan,Kota Makassar,Mariso,Kunjung Mae,2026-09-19T12:00:00,2026-09-20 22:00:00,2026-09-21 06:00:00,33-34,27,70,0,62,4.9,S,192,N,,,2,Cerah Berawan,Partly Cloudy,https://api-apps.bmkg.go.id/storage/icon/cuaca/cerah berawan-am.svg,2026-09-20T22:00:00Z
73,73.71,73.71.01,73.71.01.1003,73.71.01.1003,Sulawesi Selatan,Kota Makassar,Mariso,Kunjung Mae,2026-09-19T12:00:00,2026-09-21 01:00:00,2026-09-21 09:00:00,36-37,29,68,0,34,12.6,SW,236,NE,,,1,Cerah,Sunny,https://api-apps.bmkg.go.id/storage/icon/cuaca/cerah-am.svg,2026-09-21T01:00:00Z
73,73.71,73.71.01,73.71.01.1003,73.71.01.1003,Sulawesi Selatan,Kota Makassar,Mariso,Kunjung Mae,2026-09-19T12:00:00,2026-09-21 04:00:00,2026-09-21 12:00:00,39-40,29,71,0,17,16.2,SW,245,NE,,,1,Cerah,Sunny,https://api-apps.bmkg.go.id/storage/icon/cuaca/cerah-am.svg,2026-09-21T04:00:00Z
73,73.71,73.71.01,73.71.01.1003,73.71.01.1003,Sulawesi Selatan,Kota Makassar,Mariso,Kunjung Mae,2026-09-19T12:00:00,2026-09-21 07:00:00,2026-09-21 15:00:00,42-43,30,70,0,30,5,SW,252,NE,,,1,Cerah,Sunny,https://api-apps.bmkg.go.id/storage/icon/cuaca/cerah-am.svg,2026-09-21T07:00:00Z
73,73.71,73.71.01,73.71.01.1003,73.71.01.1003,Sulawesi Selatan,Kota Makassar,Mariso,Kunjung Mae,2026-09-19T12:00:00,2026-09-21 10:00:00,2026-09-21 18:00:00,45-46,30,70,0,24,4.1,N,2,S,,,1,Cerah,Sunny,https://api-apps.bmkg.go.id/storage/icon/cuaca/cerah-pm.svg,2026-09-21T10:00:00Z
73,73.71,73.71.01,73.71.01.1003,73.71.01.1003,Sulawesi Selatan,Kota Makassar,Mariso,Kunjung Mae,2026-09-19T12:00:00,2026-09-21 13:00:00,2026-09-21 21:00:00,48-49,29,62,0,33,9.6,S,217,N,,,1,Cerah,Sunny,https://api-apps.bmkg.go.id/storage/icon/cuaca/cerah-pm.svg,2026-09-21T13:00:00Z
73,73.71,73.71.01,73.71.01.1003,73.71.01.1003,Sulawesi Selatan,Kota Makassar,Mariso,Kunjung Mae,2026-09-19T12:00:00,2026-09-21 16:00:00,2026-09-22 00:00:00,51-52,27,72,0,49,6.4,W,294,E,,,1,Cerah,Sunny,https://api-apps.bmkg.go.id/storage/icon/cuaca/cerah-pm.svg,2026-09-21T16:00:00Z
73,73.71,73.71.01,73.71.01.1003,73.71.01.1003,Sulawesi Selatan,Kota Makassar,Mariso,Kunjung Mae,2026-09-19T12:00:00,2026-09-21 19:00:00,2026-09-22 03:00:00,54-55,27,68,0,34,7.7,SE,178,NW,,,1,Cerah,Sunny,https://api-apps.bmkg.go.id/storage/icon/cuaca/cerah-pm.svg,2026-09-21T19:00:00Z
73,73.71,73.71.01,73.71.01.1003,73.71.01.1003,Sulawesi Selatan,Kota Makassar,Mariso,Kunjung Mae,2026-09-19T12:00:00,2026-09-21 22:00:00,2026-09-22 06:00:00,57-58,27,71,0,2,6,W,296,E,,,0,Cerah,Sunny,https://api-apps.bmkg.go.id/storage/icon/cuaca/cerah-am.svg,2026-09-21T22:00:00Z
73,73.71,73.71.01,73.71.01.1004,73.71.01.1004,Sulawesi Selatan,Kota Makassar,Mariso,Lette,2026-09-19T12:00:00,2026-09-19 16:00:00,2026-09-20 00:00:00,3-4,27,72,0,2,6.7,NW,326,SE,,,0,Cerah,Sunny,https://api-apps.bmkg.go.id/storage/icon/cuaca/cerah-pm.svg,2026-09-19T16:00:00Z
73,73.71,73.71.01,73.71.01.1004,73.71.01.1004,Sulawesi Selatan,Kota Makassar,Mariso,Lette,2026-09-19T12:00:00,2026-09-19 19:00:00,2026-09-20 03:00:00,6-7,27,68,0,33,4.1,NE,75,SW,,,1,Cerah,Sunny,https://api-apps.bmkg.go.id/storage/icon/cuaca/cerah-pm.svg,2026-09-19T19:00:00Z
73,73.71,73.71.01,73.71.01.1004,73.71.01.1004,Sulawesi Selatan,Kota Makassar,Mariso,Lette,2026-09-19T12:00:00,2026-09-19 22:00:00,2026-09-20 06:00:00,9-10,27,67,0,5,2.3,SW,261,NE,,,0,Cerah,Sunny,https://api-apps.bmkg.go.id/storage/icon/cuaca/cerah-am.svg,2026-09-19T22:00:00Z
73,73.71,73.71.01,73.71.01.1004,73.71.01.1004,Sulawesi Selatan,Kota Makassar,Mariso,Lette,2026-09-19T12:00:00,2026-09-20 01:00:00,2026-09-20 09:00:00,12-13,29,61,0,20,15.2,SW,249,NE,,,1,Cerah,Sunny,https://api-apps.bmkg.go.id/storage/icon/cuaca/cerah-am.svg,2026-09-20T01:00:00Z
73,73.71,73.71.01,73.71.01.1004,73.71.01.1004,Sulawesi Selatan,Kota Makassar,Mariso,Lette,2026-09-19T12:00:00,2026-09-20 04:00:00,2026-09-20 12:00:00,15-16,29,67,0,18,15.7,SW,256,NE,,,1,Cerah,Sunny,https://api-apps.bmkg.go.id/storage/icon/cuaca/cerah-am.svg,2026-09-20T04:00:00Z
73,73.71,73.71.01,73.71.01.1004,73.71.01.1004,Sulawesi Selatan,Kota Makassar,Mariso,Lette,2026-09-19T12:00:00,2026-09-20 07:00:00,2026-09-20 15:00:00,18-19,28,72,0,23,13.3,SW,269,NE,,,1,Cerah,Sunny,https://api-apps.bmkg.go.id/storage/icon/cuaca/cerah-am.svg,2026-09-20T07:00:00Z
73,73.71,73.71.01,73.71.01.1004,73.71.01.1004,Sulawesi Selatan,Kota Makassar,Mariso,Lette,2026-09-19T12:00:00,2026-09-20 10:00:00,2026-09-20 18:00:00,21-22,28,79,0,8,6.3,NE,67,SW,,,0,Cerah,Sunny,https://api-apps.bmkg.go.id/storage/icon/cuaca/cerah-pm.svg,2026-09-20T10:00:00Z
73,73.71,73.71.01,73.71.01.1004,73.71.01.1004,Sulawesi Selatan,Kota Makassar,Mariso,Lette,2026-09-19T12:00:00,2026-09-20 13:00:00,2026-09-20 21:00:00,24-25,28,70,0,0,4.3,S,193,N,,,0,Cerah,Sunny,https://api-apps.bmkg.go.id/storage/icon/cuaca/cerah-pm.svg,2026-09-20T13:00:00Z
73,73.71,73.71.01,73.71.01.1004,73.71.01.1004,Sulawesi Selatan,Kota Makassar,Mariso,Lette,2026-09-19T12:00:00,2026-09-20 16:00:00,2026-09-21 00:00:00,27-28,27,73,0,1,6,SW,232,NE,,,0,Cerah,Sunny,https://api-apps.bmkg.go.id/storage/icon/cuaca/cerah-pm.svg,2026-09-20T16:00:00Z
73,73.71,73.71.01,73.71.01.1004,73.71.01.1004,Sulawesi Selatan,Kota Makassar,Mariso,Lette,2026-09-19T12:00:00,2026-09-20 19:00:00,2026-09-21 03:00:00,30-31,27,72,0,8,3.4,NE,66,SW,,,0,Cerah,Sunny,https://api-apps.bmkg.go.id/storage/icon/cuaca/cerah-pm.svg,2026-09-20T19:00:00Z
73,73.71,73.71.01,73.71.01.1004,73.71.01.1004,Sulawesi Selatan,Kota Makassar,Mariso,Lette,2026-09-19T12:00:00,2026-09-20 22:00:00,2026-09-21 06:00:00,33-34,27,70,0,62,4.9,S,192,N,,,2,Cerah Berawan,Partly Cloudy,https://api-apps.bmkg.go.id/storage/icon/cuaca/cerah berawan-am.svg,2026-09-20T22:00:00Z
73,73.71,73.71.01,73.71.01.1004,73.71.01.1004,Sulawesi Selatan,Kota Makassar,Mariso,Lette,2026-09-19T12:00:00,2026-09-21 01:00:00,2026-09-21 09:00:00,36-37,29,68,0,34,12.6,SW,236,NE,,,1,Cerah,Sunny,https://api-apps.bmkg.go.id/storage/icon/cuaca/cerah-am.svg,2026-09-21T01:00:00Z
73,73.71,73.71.01,73.71.01.1004,73.71.01.1004,Sulawesi Selatan,Kota Makassar,Mariso,Lette,2026-09-19T12:00:00,2026-09-21 04:00:00,2026-09-21 12:00:00,39-40,29,71,0,17,16.2,SW,245,NE,,,1,Cerah,Sunny,https://api-apps.bmkg.go.id/storage/icon/cuaca/cerah-am.svg,2026-09-21T04:00:00Z
73,73.71,73.71.01,73.71.01.1004,73.71.01.1004,Sulawesi Selatan,Kota Makassar,Mariso,Lette,2026-09-19T12:00:00,2026-09-21 07:00:00,2026-09-21 15:00:00,42-43,30,70,0,30,5,SW,252,NE,,,1,Cerah,Sunny,https://api-apps.bmkg.go.id/storage/icon/cuaca/cerah-am.svg,2026-09-21T07:00:00Z
73,73.71,73.71.01,73.71.01.1004,73.71.01.1004,Sulawesi Selatan,Kota Makassar,Mariso,Lette,2026-09-19T12:00:00,2026-09-21 10:00:00,2026-09-21 18:00:00,45-46,30,70,0,24,4.1,N,2,S,,,1,Cerah,Sunny,https://api-apps.bmkg.go.id/storage/icon/cuaca/cerah-pm.svg,2026-09-21T10:00:00Z
73,73.71,73.71.01,73.71.01.1004,73.71.01.1004,Sulawesi Selatan,Kota Makassar,Mariso,Lette,2026-09-19T12:00:00,2026-09-21 13:00:00,2026-09-21 21:00:00,48-49,29,62,0,33,9.6,S,217,N,,,1,Cerah,Sunny,https://api-apps.bmkg.go.id/storage/icon/cuaca/cerah-pm.svg,2026-09-21T13:00:00Z
73,73.71,73.71.01,73.71.01.1004,73.71.01.1004,Sulawesi Selatan,Kota Makassar,Mariso,Lette,2026-09-19T12:00:00,2026-09-21 16:00:00,2026-09-22 00:00:00,51-52,27,72,0,49,6.4,W,294,E,,,1,Cerah,Sunny,https://api-apps.bmkg.go.id/storage/icon/cuaca/cerah-pm.svg,2026-09-21T16:00:00Z
73,73.71,73.71.01,73.71.01.1004,73.71.01.1004,Sulawesi Selatan,Kota Makassar,Mariso,Lette,2026-09-19T12:00:00,2026-09-21 19:00:00,2026-09-22 03:00:00,54-55,27,68,0,34,7.7,SE,178,NW,,,1,Cerah,Sunny,https://api-apps.bmkg.go.id/storage/icon/cuaca/cerah-pm.svg,2026-09-21T19:00:00Z
73,73.71,73.71.01,73.71.01.1004,73.71.01.1004,Sulawesi Selatan,Kota Makassar,Mariso,Lette,2026-09-19T12:00:00,2026-09-21 22:00:00,2026-09-22 06:00:00,57-58,27,71,0,2,6,W,296,E,,,0,Cerah,Sunny,https://api-apps.bmkg.go.id/storage/icon/cuaca/cerah-am.svg,2026-09-21T22:00:00Z
73,73.71,73.71.01,73.71.01.1005,73.71.01.1005,Sulawesi Selatan,Kota Makassar,Mariso,Panambungan,2026-09-19T12:00:00,2026-09-19 16:00:00,2026-09-20 00:00:00,3-4,27,72,0,2,6.7,NW,326,SE,,,0,Cerah,Sunny,https://api-apps.bmkg.go.id/storage/icon/cuaca/cerah-pm.svg,2026-09-19T16:00:00Z
73,73.71,73.71.01,73.71.01.1005,73.71.01.1005,Sulawesi Selatan,Kota Makassar,Mariso,Panambungan,2026-09-19T12:00:00,2026-09-19 19:00:00,2026-09-20 03:00:00,6-7,27,68,0,33,4.1,NE,75,SW,,,1,Cerah,Sunny,https://api-apps.bmkg.go.id/storage/icon/cuaca/cerah-pm.svg,2026-09-19T19:00:00Z
73,73.71,73.71.01,73.71.01.1005,73.71.01.1005,Sulawesi Selatan,Kota Makassar,Mariso,Panambungan,2026-09-19T12:00:00,2026-09-19 22:00:00,2026-09-20 06:00:00,9-10,27,67,0,5,2.3,SW,261,NE,,,0,Cerah,Sunny,https://api-apps.bmkg.go.id/storage/icon/cuaca/cerah-am.svg,2026-09-19T22:00:00Z
73,73.71,73.71.01,73.71.01.1005,73.71.01.1005,Sulawesi Selatan,Kota Makassar,Mariso,Panambungan,2026-09-19T12:00:00,2026-09-20 01:00:00,2026-09-20 09:00:00,12-13,29,61,0,20,15.2,SW,249,NE,,,1,Cerah,Sunny,https://api-apps.bmkg.go.id/storage/icon/cuaca/cerah-am.svg,2026-09-20T01:00:00Z
73,73.71,73.71.01,73.71.01.1005,73.71.01.1005,Sulawesi Selatan,Kota Makassar,Mariso,Panambungan,2026-09-19T12:00:00,2026-09-20 04:00:00,2026-09-20 12:00:00,15-16,29,67,0,18,15.7,SW,256,NE,,,1,Cerah,Sunny,https://api-apps.bmkg.go.id/storage/icon/cuaca/cerah-am.svg,2026-09-20T04:00:00Z
73,73.71,73.71.01,73.71.01.1005,73.71.01.1005,Sulawesi Selatan,Kota Makassar,Mariso,Panambungan,2026-09-19T12:00:00,2026-09-20 07:00:00,2026-09-20 15:00:00,18-19,28,72,0,23,13.3,SW,269,NE,,,1,Cerah,Sunny,https://api-apps.bmkg.go.id/storage/icon/cuaca/cerah-am.svg,2026-09-20T07:00:00Z
73,73.71,73.71.01,73.71.01.1005,73.71.01.1005,Sulawesi Selatan,Kota Makassar,Mariso,Panambungan,2026-09-19T12:00:00,2026-09-20 10:00:00,2026-09-20 18:00:00,21-22,28,79,0,8,6.3,NE,67,SW,,,0,Cerah,Sunny,https://api-apps.bmkg.go.id/storage/icon/cuaca/cerah-pm.svg,2026-09-20T10:00:00Z
73,73.71,73.71.01,73.71.01.1005,73.71.01.1005,Sulawesi Selatan,Kota Makassar,Mariso,Panambungan,2026-09-19T12:00:00,2026-09-20 13:00:00,2026-09-20 21:00:00,24-25,28,70,0,0,4.3,S,193,N,,,0,Cerah,Sunny,https://api-apps.bmkg.go.id/storage/icon/cuaca/cerah-pm.svg,2026-09-20T13:00:00Z
73,73.71,73.71.01,73.71.01.1005,73.71.01.1005,Sulawesi Selatan,Kota Makassar,Mariso,Panambungan,2026-09-19T12:00:00,2026-09-20 16:00:00,2026-09-21 00:00:00,27-28,27,73,0,1,6,SW,232,NE,,,0,Cerah,Sunny,https://api-apps.bmkg.go.id/storage/icon/cuaca/cerah-pm.svg,2026-09-20T16:00:00Z
73,73.71,73.71.01,73.71.01.1005,73.71.01.1005,Sulawesi Selatan,Kota Makassar,Mariso,Panambungan,2026-09-19T12:00:00,2026-09-20 19:00:00,2026-09-21 03:00:00,30-31,27,72,0,8,3.4,NE,66,SW,,,0,Cerah,Sunny,https://api-apps.bmkg.go.id/storage/icon/cuaca/cerah-pm.svg,2026-09-20T19:00:00Z
73,73.71,73.71.01,73.71.01.1005,73.71.01.1005,Sulawesi Selatan,Kota Makassar,Mariso,Panambungan,2026-09-19T12:00:00,2026-09-20 22:00:00,2026-09-21 06:00:00,33-34,27,70,0,62,4.9,S,192,N,,,2,Cerah Berawan,Partly Cloudy,https://api-apps.bmkg.go.id/storage/icon/cuaca/cerah berawan-am.svg,2026-09-20T22:00:00Z
73,73.71,73.71.01,73.71.01.1005,73.71.01.1005,Sulawesi Selatan,Kota Makassar,Mariso,Panambungan,2026-09-19T12:00:00,2026-09-21 01:00:00,2026-09-21 09:00:00,36-37,29,68,0,34,12.6,SW,236,NE,,,1,Cerah,Sunny,https://api-apps.bmkg.go.id/storage/icon/cuaca/cerah-am.svg,2026-09-21T01:00:00Z
73,73.71,73.71.01,73.71.01.1005,73.71.01.1005,Sulawesi Selatan,Kota Makassar,Mariso,Panambungan,2026-09-19T12:00:00,2026-09-21 04:00:00,2026-09-21 12:00:00,39-40,29,71,0,17,16.2,SW,245,NE,,,1,Cerah,Sunny,https://api-apps.bmkg.go.id/storage/icon/cuaca/cerah-am.svg,2026-09-21T04:00:00Z
73,73.71,73.71.01,73.71.01.1005,73.71.01.1005,Sulawesi Selatan,Kota Makassar,Mariso,Panambungan,2026-09-19T12:00:00,2026-09-21 07:00:00,2026-09-21 15:00:00,42-43,30,70,0,30,5,SW,252,NE,,,1,Cerah,Sunny,https://api-apps.bmkg.go.id/storage/icon/cuaca/cerah-am.svg,2026-09-21T07:00:00Z
73,73.71,73.71.01,73.71.01.1005,73.71.01.1005,Sulawesi Selatan,Kota Makassar,Mariso,Panambungan,2026-09-19T12:00:00,2026-09-21 10:00:00,2026-09-21 18:00:00,45-46,30,70,0,24,4.1,N,2,S,,,1,Cerah,Sunny,https://api-apps.bmkg.go.id/storage/icon/cuaca/cerah-pm.svg,2026-09-21T10:00:00Z
73,73.71,73.71.01,73.71.01.1005,73.71.01.1005,Sulawesi Selatan,Kota Makassar,Mariso,Panambungan,2026-09-19T12:00:00,2026-09-21 13:00:00,2026-09-21 21:00:00,48-49,29,62,0,33,9.6,S,217,N,,,1,Cerah,Sunny,https://api-apps.bmkg.go.id/storage/icon/cuaca/cerah-pm.svg,2026-09-21T13:00:00Z
73,73.71,73.71.01,73.71.01.1005,73.71.01.1005,Sulawesi Selatan,Kota Makassar,Mariso,Panambungan,2026-09-19T12:00:00,2026-09-21 16:00:00,2026-09-22 00:00:00,51-52,27,72,0,49,6.4,W,294,E,,,1,Cerah,Sunny,https://api-apps.bmkg.go.id/storage/icon/cuaca/cerah-pm.svg,2026-09-21T16:00:00Z
73,73.71,73.71.01,73.71.01.1005,73.71.01.1005,Sulawesi Selatan,Kota Makassar,Mariso,Panambungan,2026-09-19T12:00:00,2026-09-21 19:00:00,2026-09-22 03:00:00,54-55,27,68,0,34,7.7,SE,178,NW,,,1,Cerah,Sunny,https://api-apps.bmkg.go.id/storage/icon/cuaca/cerah-pm.svg,2026-09-21T19:00:00Z
73,73.71,73.71.01,73.71.01.1005,73.71.01.1005,Sulawesi Selatan,Kota Makassar,Mariso,Panambungan,2026-09-19T12:00:00,2026-09-21 22:00:00,2026-09-22 06:00:00,57-58,27,71,0,2,6,W,296,E,,,0,Cerah,Sunny,https://api-apps.bmkg.go.id/storage/icon/cuaca/cerah-am.svg,2026-09-21T22:00:00Z
73,73.71,73.71.01,73.71.01.1006,73.71.01.1006,Sulawesi Selatan,Kota Makassar,Mariso,Mariso,2026-09-19T12:00:00,2026-09-19 16:00:00,2026-09-20 00:00:00,3-4,27,72,0,2,6.7,NW,326,SE,,,0,Cerah,Sunny,https://api-apps.bmkg.go.id/storage/icon/cuaca/cerah-pm.svg,2026-09-19T16:00:00Z
73,73.71,73.71.01,73.71.01.1006,73.71.01.1006,Sulawesi Selatan,Kota Makassar,Mariso,Mariso,2026-09-19T12:00:00,2026-09-19 19:00:00,2026-09-20 03:00:00,6-7,27,68,0,33,4.1,NE,75,SW,,,1,Cerah,Sunny,https://api-apps.bmkg.go.id/storage/icon/cuaca/cerah-pm.svg,2026-09-19T19:00:00Z
73,73.71,73.71.01,73.71.01.1006,73.71.01.1006,Sulawesi Selatan,Kota Makassar,Mariso,Mariso,2026-09-19T12:00:00,2026-09-19 22:00:00,2026-09-20 06:00:00,9-10,27,67,0,5,2.3,SW,261,NE,,,0,Cerah,Sunny,https://api-apps.bmkg.go.id/storage/icon/cuaca/cerah-am.svg,2026-09-19T22:00:00Z
73,73.71,73.71.01,73.71.01.1006,73.71.01.1006,Sulawesi Selatan,Kota Makassar,Mariso,Mariso,2026-09-19T12:00:00,2026-09-20 01:00:00,2026-09-20 09:00:00,12-13,29,61,0,20,15.2,SW,249,NE,,,1,Cerah,Sunny,https://api-apps.bmkg.go.id/storage/icon/cuaca/cerah-am.svg,2026-09-20T01:00:00Z
73,73.71,73.71.01,73.71.01.1006,73.71.01.1006,Sulawesi Selatan,Kota Makassar,Mariso,Mariso,2026-09-19T12:00:00,2026-09-20 04:00:00,2026-09-20 12:00:00,15-16,29,67,0,18,15.7,SW,256,NE,,,1,Cerah,Sunny,https://api-apps.bmkg.go.id/storage/icon/cuaca/cerah-am.svg,2026-09-20T04:00:00Z
73,73.71,73.71.01,73.71.01.1006,73.71.01.1006,Sulawesi Selatan,Kota Makassar,Mariso,Mariso,2026-09-19T12:00:00,2026-09-20 07:00:00,2026-09-20 15:00:00,18-19,28,72,0,23,13.3,SW,269,NE,,,1,Cerah,Sunny,https://api-apps.bmkg.go.id/storage/icon/cuaca/cerah-am.svg,2026-09-20T07:00:00Z
73,73.71,73.71.01,73.71.01.1006,73.71.01.1006,Sulawesi Selatan,Kota Makassar,Mariso,Mariso,2026-09-19T12:00:00,2026-09-20 10:00:00,2026-09-20 18:00:00,21-22,28,79,0,8,6.3,NE,67,SW,,,0,Cerah,Sunny,https://api-apps.bmkg.go.id/storage/icon/cuaca/cerah-pm.svg,2026-09-20T10:00:00Z
73,73.71,73.71.01,73.71.01.1006,73.71.01.1006,Sulawesi Selatan,Kota Makassar,Mariso,Mariso,2026-09-19T12:00:00,2026-09-20 13:00:00,2026-09-20 21:00:00,24-25,28,70,0,0,4.3,S,193,N,,,0,Cerah,Sunny,https://api-apps.bmkg.go.id/storage/icon/cuaca/cerah-pm.svg,2026-09-20T13:00:00Z
73,73.71,73.71.01,73.71.01.1006,73.71.01.1006,Sulawesi Selatan,Kota Makassar,Mariso,Mariso,2026-09-19T12:00:00,2026-09-20 16:00:00,2026-09-21 00:00:00,27-28,27,73,0,1,6,SW,232,NE,,,0,Cerah,Sunny,https://api-apps.bmkg.go.id/storage/icon/cuaca/cerah-pm.svg,2026-09-20T16:00:00Z
73,73.71,73.71.01,73.71.01.1006,73.71.01.1006,Sulawesi Selatan,Kota Makassar,Mariso,Mariso,2026-09-19T12:00:00,2026-09-20 19:00:00,2026-09-21 03:00:00,30-31,27,72,0,8,3.4,NE,66,SW,,,0,Cerah,Sunny,https://api-apps.bmkg.go.id/storage/icon/cuaca/cerah-pm.svg,2026-09-20T19:00:00Z
73,73.71,73.71.01,73.71.01.1006,73.71.01.1006,Sulawesi Selatan,Kota Makassar,Mariso,Mariso,2026-09-19T12:00:00,2026-09-20 22:00:00,2026-09-21 06:00:00,33-34,27,70,0,62,4.9,S,192,N,,,2,Cerah Berawan,Partly Cloudy,https://api-apps.bmkg.go.id/storage/icon/cuaca/cerah berawan-am.svg,2026-09-20T22:00:00Z
73,73.71,73.71.01,73.71.01.1006,73.71.01.1006,Sulawesi Selatan,Kota Makassar,Mariso,Mariso,2026-09-19T12:00:00,2026-09-21 01:00:00,2026-09-21 09:00:00,36-37,29,68,0,34,12.6,SW,236,NE,,,1,Cerah,Sunny,https://api-apps.bmkg.go.id/storage/icon/cuaca/cerah-am.svg,2026-09-21T01:00:00Z
73,73.71,73.71.01,73.71.01.1006,73.71.01.1006,Sulawesi Selatan,Kota Makassar,Mariso,Mariso,2026-09-19T12:00:00,2026-09-21 04:00:00,2026-09-21 12:00:00,39-40,29,71,0,17,16.2,SW,245,NE,,,1,Cerah,Sunny,https://api-apps.bmkg.go.id/storage/icon/cuaca/cerah-am.svg,2026-09-21T04:00:00Z
73,73.71,73.71.01,73.71.01.1006,73.71.01.1006,Sulawesi Selatan,Kota Makassar,Mariso,Mariso,2026-09-19T12:00:00,2026-09-21 07:00:00,2026-09-21 15:00:00,42-43,30,70,0,30,5,SW,252,NE,,,1,Cerah,Sunny,https://api-apps.bmkg.go.id/storage/icon/cuaca/cerah-am.svg,2026-09-21T07:00:00Z
73,73.71,73.71.01,73.71.01.1006,73.71.01.1006,Sulawesi Selatan,Kota Makassar,Mariso,Mariso,2026-09-19T12:00:00,2026-09-21 10:00:00,2026-09-21 18:00:00,45-46,30,70,0,24,4.1,N,2,S,,,1,Cerah,Sunny,https://api-apps.bmkg.go.id/storage/icon/cuaca/cerah-pm.svg,2026-09-21T10:00:00Z
73,73.71,73.71.01,73.71.01.1006,73.71.01.1006,Sulawesi Selatan,Kota Makassar,Mariso,Mariso,2026-09-19T12:00:00,2026-09-21 13:00:00,2026-09-21 21:00:00,48-49,29,62,0,33,9.6,S,217,N,,,1,Cerah,Sunny,https://api-apps.bmkg.go.id/storage/icon/cuaca/cerah-pm.svg,2026-09-21T13:00:00Z
73,73.71,73.71.01,73.71.01.1006,73.71.01.1006,Sulawesi Selatan,Kota Makassar,Mariso,Mariso,2026-09-19T12:00:00,2026-09-21 16:00:00,2026-09-22 00:00:00,51-52,27,72,0,49,6.4,W,294,E,,,1,Cerah,Sunny,https://api-apps.bmkg.go.id/storage/icon/cuaca/cerah-pm.svg,2026-09-21T16:00:00Z
73,73.71,73.71.01,73.71.01.1006,73.71.01.1006,Sulawesi Selatan,Kota Makassar,Mariso,Mariso,2026-09-19T12:00:00,2026-09-21 19:00:00,2026-09-22 03:00:00,54-55,27,68,0,34,7.7,SE,178,NW,,,1,Cerah,Sunny,https://api-apps.bmkg.go.id/storage/icon/cuaca/cerah-pm.svg,2026-09-21T19:00:00Z
73,73.71,73.71.01,73.71.01.1006,73.71.01.1006,Sulawesi Selatan,Kota Makassar,Mariso,Mariso,2026-09-19T12:00:00,2026-09-21 22:00:00,2026-09-22 06:00:00,57-58,27,71,0,2,6,W,296,E,,,0,Cerah,Sunny,https://api-apps.bmkg.go.id/storage/icon/cuaca/cerah-am.svg,2026-09-21T22:00:00Z
73,73.71,73.71.01,73.71.01.1007,73.71.01.1007,Sulawesi Selatan,Kota Makassar,Mariso,Mario,2026-09-19T12:00:00,2026-09-19 16:00:00,2026-09-20 00:00:00,3-4,27,67,0,2,6.7,NW,326,SE,,,0,Cerah,Sunny,https://api-apps.bmkg.go.id/storage/icon/cuaca/cerah-pm.svg,2026-09-19T16:00:00Z
73,73.71,73.71.01,73.71.01.1007,73.71.01.1007,Sulawesi Selatan,Kota Makassar,Mariso,Mario,2026-09-19T12:00:00,2026-09-19 19:00:00,2026-09-20 03:00:00,6-7,27,68,0,35,4.1,NE,75,SW,,,1,Cerah,Sunny,https://api-apps.bmkg.go.id/storage/icon/cuaca/cerah-pm.svg,2026-09-19T19:00:00Z
73,73.71,73.71.01,73.71.01.1007,73.71.01.1007,Sulawesi Selatan,Kota Makassar,Mariso,Mario,2026-09-19T12:00:00,2026-09-19 22:00:00,2026-09-20 06:00:00,9-10,27,66,0,5,2.3,SW,261,NE,,,0,Cerah,Sunny,https://api-apps.bmkg.go.id/storage/icon/cuaca/cerah-am.svg,2026-09-19T22:00:00Z
73,73.71,73.71.01,73.71.01.1007,73.71.01.1007,Sulawesi Selatan,Kota Makassar,Mariso,Mario,2026-09-19T12:00:00,2026-09-20 01:00:00,2026-09-20 09:00:00,12-13,30,56,0,22,15.2,SW,249,NE,,,1,Cerah,Sunny,https://api-apps.bmkg.go.id/storage/icon/cuaca/cerah-am.svg,2026-09-20T01:00:00Z
73,73.71,73.71.01,73.71.01.1007,73.71.01.1007,Sulawesi Selatan,Kota Makassar,Mariso,Mario,2026-09-19T12:00:00,2026-09-20 04:00:00,2026-09-20 12:00:00,15-16,30,62,0,22,15.7,SW,256,NE,,,1,Cerah,Sunny,https://api-apps.bmkg.go.id/storage/icon/cuaca/cerah-am.svg,2026-09-20T04:00:00Z
73,73.71,73.71.01,73.71.01.1007,73.71.01.1007,Sulawesi Selatan,Kota Makassar,Mariso,Mario,2026-09-19T12:00:00,2026-09-20 07:00:00,2026-09-20 15:00:00,18-19,29,68,0,28,13.3,SW,269,NE,,,1,Cerah,Sunny,https://api-apps.bmkg.go.id/storage/icon/cuaca/cerah-am.svg,2026-09-20T07:00:00Z
73,73.71,73.71.01,73.71.01.1007,73.71.01.1007,Sulawesi Selatan,Kota Makassar,Mariso,Mario,2026-09-19T12:00:00,2026-09-20 10:00:00,2026-09-20 18:00:00,21-22,28,77,0,10,6.3,NE,67,SW,,,0,Cerah,Sunny,https://api-apps.bmkg.go.id/storage/icon/cuaca/cerah-pm.svg,2026-09-20T10:00:00Z
73,73.71,73.71.01,73.71.01.1007,73.71.01.1007,Sulawesi Selatan,Kota Makassar,Mariso,Mario,2026-09-19T12:00:00,2026-09-20 13:00:00,2026-09-20 21:00:00,24-25,28,69,0,0,4.3,S,193,N,,,0,Cerah,Sunny,https://api-apps.bmkg.go.id/storage/icon/cuaca/cerah-pm.svg,2026-09-20T13:00:00Z
73,73.71,73.71.01,73.71.01.1007,73.71.01.1007,Sulawesi Selatan,Kota Makassar,Mariso,Mario,2026-09-19T12:00:00,2026-09-20 16:00:00,2026-09-21 00:00:00,27-28,27,72,0,1,6,SW,232,NE,,,0,Cerah,Sunny,https://api-apps.bmkg.go.id/storage/icon/cuaca/cerah-pm.svg,2026-09-20T16:00:00Z
73,73.71,73.71.01,73.71.01.1007,73.71.01.1007,Sulawesi Selatan,Kota Makassar,Mariso,Mario,2026-09-19T12:00:00,2026-09-20 19:00:00,2026-09-21 03:00:00,30-31,27,72,0,8,3.4,NE,66,SW,,,0,Cerah,Sunny,https://api-apps.bmkg.go.id/storage/icon/cuaca/cerah-pm.svg,2026-09-20T19:00:00Z
73,73.71,73.71.01,73.71.01.1007,73.71.01.1007,Sulawesi Selatan,Kota Makassar,Mariso,Mario,2026-09-19T12:00:00,2026-09-20 22:00:00,2026-09-21 06:00:00,33-34,27,70,0,56,4.9,S,192,N,,,1,Cerah,Sunny,https://api-apps.bmkg.go.id/storage/icon/cuaca/cerah-am.svg,2026-09-20T22:00:00Z
73,73.71,73.71.01,73.71.01.1007,73.71.01.1007,Sulawesi Selatan,Kota Makassar,Mariso,Mario,2026-09-19T12:00:00,2026-09-21 01:00:00,2026-09-21 09:00:00,36-37,30,63,0,31,12.6,SW,236,NE,,,1,Cerah,Sunny,https://api-apps.bmkg.go.id/storage/icon/cuaca/cerah-am.svg,2026-09-21T01:00:00Z
73,73.71,73.71.01,73.71.01.1007,73.71.01.1007,Sulawesi Selatan,Kota Makassar,Mariso,Mario,2026-09-19T12:00:00,2026-09-21 04:00:00,2026-09-21 12:00:00,39-40,30,66,0,22,16.2,SW,245,NE,,,1,Cerah,Sunny,https://api-apps.bmkg.go.id/storage/icon/cuaca/cerah-am.svg,2026-09-21T04:00:00Z
73,73.71,73.71.01,73.71.01.1007,73.71.01.1007,Sulawesi Selatan,Kota Makassar,Mariso,Mario,2026-09-19T12:00:00,2026-09-21 07:00:00,2026-09-21 15:00:00,42-43,31,64,0,35,5,SW,252,NE,,,1,Cerah,Sunny,https://api-apps.bmkg.go.id/storage/icon/cuaca/cerah-am.svg,2026-09-21T07:00:00Z
73,73.71,73.71.01,73.71.01.1007,73.71.01.1007,Sulawesi Selatan,Kota Makassar,Mariso,Mario,2026-09-19T12:00:00,2026-09-21 10:00:00,2026-09-21 18:00:00,45-46,30,67,0,26,4.1,N,2,S,,,1,Cerah,Sunny,https://api-apps.bmkg.go.id/storage/icon/cuaca/cerah-pm.svg,2026-09-21T10:00:00Z
73,73.71,73.71.01,73.71.01.1007,73.71.01.1007,Sulawesi Selatan,Kota Makassar,Mariso,Mario,2026-09-19T12:00:00,2026-09-21 13:00:00,2026-09-21 21:00:00,48-49,29,60,0,37,9.6,S,217,N,,,1,Cerah,Sunny,https://api-apps.bmkg.go.id/storage/icon/cuaca/cerah-pm.svg,2026-09-21T13:00:00Z
73,73.71,73.71.01,73.71.01.1007,73.71.01.1007,Sulawesi Selatan,Kota Makassar,Mariso,Mario,2026-09-19T12:00:00,2026-09-21 16:00:00,2026-09-22 00:00:00,51-52,27,69,0,48,6.4,W,294,E,,,1,Cerah,Sunny,https://api-apps.bmkg.go.id/storage/icon/cuaca/cerah-pm.svg,2026-09-21T16:00:00Z
73,73.71,73.71.01,73.71.01.1007,73.71.01.1007,Sulawesi Selatan,Kota Makassar,Mariso,Mario,2026-09-19T12:00:00,2026-09-21 19:00:00,2026-09-22 03:00:00,54-55,27,69,0,36,7.7,SE,178,NW,,,1,Cerah,Sunny,https://api-apps.bmkg.go.id/storage/icon/cuaca/cerah-pm.svg,2026-09-21T19:00:00Z
73,73.71,73.71.01,73.71.01.1007,73.71.01.1007,Sulawesi Selatan,Kota Makassar,Mariso,Mario,2026-09-19T12:00:00,2026-09-21 22:00:00,2026-09-22 06:00:00,57-58,27,70,0,2,6,W,296,E,,,0,Cerah,Sunny,https://api-apps.bmkg.go.id/storage/icon/cuaca/cerah-am.svg,2026-09-21T22:00:00Z
73,73.71,73.71.01,73.71.01.1008,73.71.01.1008,Sulawesi Selatan,Kota Makassar,Mariso,Kampung Buyang,2026-09-19T12:00:00,2026-09-19 16:00:00,2026-09-20 00:00:00,3-4,27,72,0,2,6.7,NW,326,SE,,,0,Cerah,Sunny,https://api-apps.bmkg.go.id/storage/icon/cuaca/cerah-pm.svg,2026-09-19T16:00:00Z
73,73.71,73.71.01,73.71.01.1008,73.71.01.1008,Sulawesi Selatan,Kota Makassar,Mariso,Kampung Buyang,2026-09-19T12:00:00,2026-09-19 19:00:00,2026-09-20 03:00:00,6-7,27,68,0,33,4.1,NE,75,SW,,,1,Cerah,Sunny,https://api-apps.bmkg.go.id/storage/icon/cuaca/cerah-pm.svg,2026-09-19T19:00:00Z
73,73.71,73.71.01,73.71.01.1008,73.71.01.1008,Sulawesi Selatan,Kota Makassar,Mariso,Kampung Buyang,2026-09-19T12:00:00,2026-09-19 22:00:00,2026-09-20 06:00:00,9-10,27,67,0,5,2.3,SW,261,NE,,,0,Cerah,Sunny,https://api-apps.bmkg.go.id/storage/icon/cuaca/cerah-am.svg,2026-09-19T22:00:00Z
73,73.71,73.71.01,73.71.01.1008,73.71.01.1008,Sulawesi Selatan,Kota Makassar,Mariso,Kampung Buyang,2026-09-19T12:00:00,2026-09-20 01:00:00,2026-09-20 09:00:00,12-13,29,61,0,20,15.2,SW,249,NE,,,1,Cerah,Sunny,https://api-apps.bmkg.go.id/storage/icon/cuaca/cerah-am.svg,2026-09-20T01:00:00Z
73,73.71,73.71.01,73.71.01.1008,73.71.01.1008,Sulawesi Selatan,Kota Makassar,Mariso,Kampung Buyang,2026-09-19T12:00:00,2026-09-20 04:00:00,2026-09-20 12:00:00,15-16,29,67,0,18,15.7,SW,256,NE,,,1,Cerah,Sunny,https://api-apps.bmkg.go.id/storage/icon/cuaca/cerah-am.svg,2026-09-20T04:00:00Z
73,73.71,73.71.01,73.71.01.1008,73.71.01.1008,Sulawesi Selatan,Kota Makassar,Mariso,Kampung Buyang,2026-09-19T12:00:00,2026-09-20 07:00:00,2026-09-20 15:00:00,18-19,28,72,0,23,13.3,SW,269,NE,,,1,Cerah,Sunny,https://api-apps.bmkg.go.id/storage/icon/cuaca/cerah-am.svg,2026-09-20T07:00:00Z
73,73.71,73.71.01,73.71.01.1008,73.71.01.1008,Sulawesi Selatan,Kota Makassar,Mariso,Kampung Buyang,2026-09-19T12:00:00,2026-09-20 10:00:00,2026-09-20 18:00:00,21-22,28,79,0,8,6.3,NE,67,SW,,,0,Cerah,Sunny,https://api-apps.bmkg.go.id/storage/icon/cuaca/cerah-pm.svg,2026-09-20T10:00:00Z
73,73.71,73.71.01,73.71.01.1008,73.71.01.1008,Sulawesi Selatan,Kota Makassar,Mariso,Kampung Buyang,2026-09-19T12:00:00,2026-09-20 13:00:00,2026-09-20 21:00:00,24-25,28,70,0,0,4.3,S,193,N,,,0,Cerah,Sunny,https://api-apps.bmkg.go.id/storage/icon/cuaca/cerah-pm.svg,2026-09-20T13:00:00Z
73,73.71,73.71.01,73.71.01.1008,73.71.01.1008,Sulawesi Selatan,Kota Makassar,Mariso,Kampung Buyang,2026-09-19T12:00:00,2026-09-20 16:00:00,2026-09-21 00:00:00,27-28,27,73,0,1,6,SW,232,NE,,,0,Cerah,Sunny,https://api-apps.bmkg.go.id/storage/icon/cuaca/cerah-pm.svg,2026-09-20T16:00:00Z
73,73.71,73.71.01,73.71.01.1008,73.71.01.1008,Sulawesi Selatan,Kota Makassar,Mariso,Kampung Buyang,2026-09-19T12:00:00,2026-09-20 19:00:00,2026-09-21 03:00:00,30-31,27,72,0,8,3.4,NE,66,SW,,,0,Cerah,Sunny,https://api-apps.bmkg.go.id/storage/icon/cuaca/cerah-pm.svg,2026-09-20T19:00:00Z
73,73.71,73.71.01,73.71.01.1008,73.71.01.1008,Sulawesi Selatan,Kota Makassar,Mariso,Kampung Buyang,2026-09-19T12:00:00,2026-09-20 22:00:00,2026-09-21 06:00:00,33-34,27,70,0,62,4.9,S,192,N,,,2,Cerah Berawan,Partly Cloudy,https://api-apps.bmkg.go.id/storage/icon/cuaca/cerah berawan-am.svg,2026-09-20T22:00:00Z
73,73.71,73.71.01,73.71.01.1008,73.71.01.1008,Sulawesi Selatan,Kota Makassar,Mariso,Kampung Buyang,2026-09-19T12:00:00,2026-09-21 01:00:00,2026-09-21 09:00:00,36-37,29,68,0,34,12.6,SW,236,NE,,,1,Cerah,Sunny,https://api-apps.bmkg.go.id/storage/icon/cuaca/cerah-am.svg,2026-09-21T01:00:00Z
73,73.71,73.71.01,73.71.01.1008,73.71.01.1008,Sulawesi Selatan,Kota Makassar,Mariso,Kampung Buyang,2026-09-19T12:00:00,2026-09-21 04:00:00,2026-09-21 12:00:00,39-40,29,71,0,17,16.2,SW,245,NE,,,1,Cerah,Sunny,https://api-apps.bmkg.go.id/storage/icon/cuaca/cerah-am.svg,2026-09-21T04:00:00Z
73,73.71,73.71.01,73.71.01.1008,73.71.01.1008,Sulawesi Selatan,Kota Makassar,Mariso,Kampung Buyang,2026-09-19T12:00:00,2026-09-21 07:00:00,2026-09-21 15:00:00,42-43,30,70,0,30,5,SW,252,NE,,,1,Cerah,Sunny,https://api-apps.bmkg.go.id/storage/icon/cuaca/cerah-am.svg,2026-09-21T07:00:00Z
73,73.71,73.71.01,73.71.01.1008,73.71.01.1008,Sulawesi Selatan,Kota Makassar,Mariso,Kampung Buyang,2026-09-19T12:00:00,2026-09-21 10:00:00,2026-09-21 18:00:00,45-46,30,70,0,24,4.1,N,2,S,,,1,Cerah,Sunny,https://api-apps.bmkg.go.id/storage/icon/cuaca/cerah-pm.svg,2026-09-21T10:00:00Z
73,73.71,73.71.01,73.71.01.1008,73.71.01.1008,Sulawesi Selatan,Kota Makassar,Mariso,Kampung Buyang,2026-09-19T12:00:00,2026-09-21 13:00:00,2026-09-21 21:00:00,48-49,29,62,0,33,9.6,S,217,N,,,1,Cerah,Sunny,https://api-apps.bmkg.go.id/storage/icon/cuaca/cerah-pm.svg,2026-09-21T13:00:00Z
73,73.71,73.71.01,73.71.01.1008,73.71.01.1008,Sulawesi Selatan,Kota Makassar,Mariso,Kampung Buyang,2026-09-19T12:00:00,2026-09-21 16:00:00,2026-09-22 00:00:00,51-52,27,72,0,49,6.4,W,294,E,,,1,Cerah,Sunny,https://api-apps.bmkg.go.id/storage/icon/cuaca/cerah-pm.svg,2026-09-21T16:00:00Z
73,73.71,73.71.01,73.71.01.1008,73.71.01.1008,Sulawesi Selatan,Kota Makassar,Mariso,Kampung Buyang,2026-09-19T12:00:00,2026-09-21 19:00:00,2026-09-22 03:00:00,54-55,27,68,0,34,7.7,SE,178,NW,,,1,Cerah,Sunny,https://api-apps.bmkg.go.id/storage/icon/cuaca/cerah-pm.svg,2026-09-21T19:00:00Z
73,73.71,73.71.01,73.71.01.1008,73.71.01.1008,Sulawesi Selatan,Kota Makassar,Mariso,Kampung Buyang,2026-09-19T12:00:00,2026-09-21 22:00:00,2026-09-22 06:00:00,57-58,27,71,0,2,6,W,296,E,,,0,Cerah,Sunny,https://api-apps.bmkg.go.id/storage/icon/cuaca/cerah-am.svg,2026-09-21T22:00:00Z
73,73.71,73.71.01,73.71.01.1009,73.71.01.1009,Sulawesi Selatan,Kota Makassar,Mariso,Tamarunang,2026-09-19T12:00:00,2026-09-19 16:00:00,2026-09-20 00:00:00,3-4,27,71,0,2,6.7,NW,326,SE,,,0,Cerah,Sunny,https://api-apps.bmkg.go.id/storage/icon/cuaca/cerah-pm.svg,2026-09-19T16:00:00Z
73,73.71,73.71.01,73.71.01.1009,73.71.01.1009,Sulawesi Selatan,Kota Makassar,Mariso,Tamarunang,2026-09-19T12:00:00,2026-09-19 19:00:00,2026-09-20 03:00:00,6-7,27,67,0,31,4.1,NE,75,SW,,,1,Cerah,Sunny,https://api-apps.bmkg.go.id/storage/icon/cuaca/cerah-pm.svg,2026-09-19T19:00:00Z
73,73.71,73.71.01,73.71.01.1009,73.71.01.1009,Sulawesi Selatan,Kota Makassar,Mariso,Tamarunang,2026-09-19T12:00:00,2026-09-19 22:00:00,2026-09-20 06:00:00,9-10,27,67,0,5,2.3,SW,261,NE,,,0,Cerah,Sunny,https://api-apps.bmkg.go.id/storage/icon/cuaca/cerah-am.svg,2026-09-19T22:00:00Z
73,73.71,73.71.01,73.71.01.1009,73.71.01.1009,Sulawesi Selatan,Kota Makassar,Mariso,Tamarunang,2026-09-19T12:00:00,2026-09-20 01:00:00,2026-09-20 09:00:00,12-13,29,59,0,22,15.2,SW,249,NE,,,1,Cerah,Sunny,https://api-apps.bmkg.go.id/storage/icon/cuaca/cerah-am.svg,2026-09-20T01:00:00Z
73,73.71,73.71.01,73.71.01.1009,73.71.01.1009,Sulawesi Selatan,Kota Makassar,Mariso,Tamarunang,2026-09-19T12:00:00,2026-09-20 04:00:00,2026-09-20 12:00:00,15-16,29,66,0,19,15.7,SW,256,NE,,,1,Cerah,Sunny,https://api-apps.bmkg.go.id/storage/icon/cuaca/cerah-am.svg,2026-09-20T04:00:00Z
73,73.71,73.71.01,73.71.01.1009,73.71.01.1009,Sulawesi Selatan,Kota Makassar,Mariso,Tamarunang,2026-09-19T12:00:00,2026-09-20 07:00:00,2026-09-20 15:00:00,18-19,29,70,0,24,13.3,SW,269,NE,,,1,Cerah,Sunny,https://api-apps.bmkg.go.id/storage/icon/cuaca/cerah-am.svg,2026-09-20T07:00:00Z
73,73.71,73.71.01,73.71.01.1009,73.71.01.1009,Sulawesi Selatan,Kota Makassar,Mariso,Tamarunang,2026-09-19T12:00:00,2026-09-20 10:00:00,2026-09-20 18:00:00,21-22,28,78,0,8,6.3,NE,67,SW,,,0,Cerah,Sunny,https://api-apps.bmkg.go.id/storage/icon/cuaca/cerah-pm.svg,2026-09-20T10:00:00Z
73,73.71,73.71.01,73.71.01.1009,73.71.01.1009,Sulawesi Selatan,Kota Makassar,Mariso,Tamarunang,2026-09-19T12:00:00,2026-09-20 13:00:00,2026-09-20 21:00:00,24-25,28,70,0,0,4.3,S,193,N,,,0,Cerah,Sunny,https://api-apps.bmkg.go.id/storage/icon/cuaca/cerah-pm.svg,2026-09-20T13:00:00Z
73,73.71,73.71.01,73.71.01.1009,73.71.01.1009,Sulawesi Selatan,Kota Makassar,Mariso,Tamarunang,2026-09-19T12:00:00,2026-09-20 16:00:00,2026-09-21 00:00:00,27-28,27,76,0,1,6,SW,232,NE,,,0,Cerah,Sunny,https://api-apps.bmkg.go.id/storage/icon/cuaca/cerah-pm.svg,2026-09-20T16:00:00Z
73,73.71,73.71.01,73.71.01.1009,73.71.01.1009,Sulawesi Selatan,Kota Makassar,Mariso,Tamarunang,2026-09-19T12:00:00,2026-09-20 19:00:00,2026-09-21 03:00:00,30-31,27,74,0,7,3.4,NE,66,SW,,,0,Cerah,Sunny,https://api-apps.bmkg.go.id/storage/icon/cuaca/cerah-pm.svg,2026-09-20T19:00:00Z
73,73.71,73.71.01,73.71.01.1009,73.71.01.1009,Sulawesi Selatan,Kota Makassar,Mariso,Tamarunang,2026-09-19T12:00:00,2026-09-20 22:00:00,2026-09-21 06:00:00,33-34,27,71,0,58,4.9,S,192,N,,,1,Cerah,Sunny,https://api-apps.bmkg.go.id/storage/icon/cuaca/cerah-am.svg,2026-09-20T22:00:00Z
73,73.71,73.71.01,73.71.01.1009,73.71.01.1009,Sulawesi Selatan,Kota Makassar,Mariso,Tamarunang,2026-09-19T12:00:00,2026-09-21 01:00:00,2026-09-21 09:00:00,36-37,29,67,0,26,12.6,SW,236,NE,,,1,Cerah,Sunny,https://api-apps.bmkg.go.id/storage/icon/cuaca/cerah-am.svg,2026-09-21T01:00:00Z
73,73.71,73.71.01,73.71.01.1009,73.71.01.1009,Sulawesi Selatan,Kota Makassar,Mariso,Tamarunang,2026-09-19T12:00:00,2026-09-21 04:00:00,2026-09-21 12:00:00,39-40,29,69,0,18,16.2,SW,245,NE,,,1,Cerah,Sunny,https://api-apps.bmkg.go.id/storage/icon/cuaca/cerah-am.svg,2026-09-21T04:00:00Z
73,73.71,73.71.01,73.71.01.1009,73.71.01.1009,Sulawesi Selatan,Kota Makassar,Mariso,Tamarunang,2026-09-19T12:00:00,2026-09-21 07:00:00,2026-09-21 15:00:00,42-43,31,64,0,32,5,SW,252,NE,,,1,Cerah,Sunny,https://api-apps.bmkg.go.id/storage/icon/cuaca/cerah-am.svg,2026-09-21T07:00:00Z
73,73.71,73.71.01,73.71.01.1009,73.71.01.1009,Sulawesi Selatan,Kota Makassar,Mariso,Tamarunang,2026-09-19T12:00:00,2026-09-21 10:00:00,2026-09-21 18:00:00,45-46,30,66,0,25,4.1,N,2,S,,,1,Cerah,Sunny,https://api-apps.bmkg.go.id/storage/icon/cuaca/cerah-pm.svg,2026-09-21T10:00:00Z
73,73.71,73.71.01,73.71.01.1009,73.71.01.1009,Sulawesi Selatan,Kota Makassar,Mariso,Tamarunang,2026-09-19T12:00:00,2026-09-21 13:00:00,2026-09-21 21:00:00,48-49,29,63,0,29,9.6,S,217,N,,,1,Cerah,Sunny,https://api-apps.bmkg.go.id/storage/icon/cuaca/cerah-pm.svg,2026-09-21T13:00:00Z
73,73.71,73.71.01,73.71.01.1009,73.71.01.1009,Sulawesi Selatan,Kota Makassar,Mariso,Tamarunang,2026-09-19T12:00:00,2026-09-21 16:00:00,2026-09-22 00:00:00,51-52,27,73,0,48,6.4,W,294,E,,,1,Cerah,Sunny,https://api-apps.bmkg.go.id/storage/icon/cuaca/cerah-pm.svg,2026-09-21T16:00:00Z
73,73.71,73.71.01,73.71.01.1009,73.71.01.1009,Sulawesi Selatan,Kota Makassar,Mariso,Tamarunang,2026-09-19T12:00:00,2026-09-21 19:00:00,2026-09-22 03:00:00,54-55,27,71,0,34,7.7,SE,178,NW,,,1,Cerah,Sunny,https://api-apps.bmkg.go.id/storage/icon/cuaca/cerah-pm.svg,2026-09-21T19:00:00Z
73,73.71,73.71.01,73.71.01.1009,73.71.01.1009,Sulawesi Selatan,Kota Makassar,Mariso,Tamarunang,2026-09-19T12:00:00,2026-09-21 22:00:00,2026-09-22 06:00:00,57-58,27,72,0,2,6,W,296,E,,,0,Cerah,Sunny,https://api-apps.bmkg.go.id/storage/icon/cuaca/cerah-am.svg,2026-09-21T22:00:00Z
73,73.71,73.71.02,73.71.02.1001,73.71.02.1001,Sulawesi Selatan,Kota Makassar,Mamajang,Sambung Jawa,2026-09-19T12:00:00,2026-09-19 16:00:00,2026-09-20 00:00:00,3-4,27,71,0,2,6.7,NW,326,SE,,,0,Cerah,Sunny,https://api-apps.bmkg.go.id/storage/icon/cuaca/cerah-pm.svg,2026-09-19T16:00:00Z
73,73.71,73.71.02,73.71.02.1001,73.71.02.1001,Sulawesi Selatan,Kota Makassar,Mamajang,Sambung Jawa,2026-09-19T12:00:00,2026-09-19 19:00:00,2026-09-20 03:00:00,6-7,27,67,0,31,4.1,NE,75,SW,,,1,Cerah,Sunny,https://api-apps.bmkg.go.id/storage/icon/cuaca/cerah-pm.svg,2026-09-19T19:00:00Z
73,73.71,73.71.02,73.71.02.1001,73.71.02.1001,Sulawesi Selatan,Kota Makassar,Mamajang,Sambung Jawa,2026-09-19T12:00:00,2026-09-19 22:00:00,2026-09-20 06:00:00,9-10,27,67,0,5,2.3,SW,261,NE,,,0,Cerah,Sunny,https://api-apps.bmkg.go.id/storage/icon/cuaca/cerah-am.svg,2026-09-19T22:00:00Z
73,73.71,73.71.02,73.71.02.1001,73.71.02.1001,Sulawesi Selatan,Kota Makassar,Mamajang,Sambung Jawa,2026-09-19T12:00:00,2026-09-20 01:00:00,2026-09-20 09:00:00,12-13,29,59,0,22,15.2,SW,249,NE,,,1,Cerah,Sunny,https://api-apps.bmkg.go.id/storage/icon/cuaca/cerah-am.svg,2026-09-20T01:00:00Z
73,73.71,73.71.02,73.71.02.1001,73.71.02.1001,Sulawesi Selatan,Kota Makassar,Mamajang,Sambung Jawa,2026-09-19T12:00:00,2026-09-20 04:00:00,2026-09-20 12:00:00,15-16,29,66,0,19,15.7,SW,256,NE,,,1,Cerah,Sunny,https://api-apps.bmkg.go.id/storage/icon/cuaca/cerah-am.svg,2026-09-20T04:00:00Z
73,73.71,73.71.02,73.71.02.1001,73.71.02.1001,Sulawesi Selatan,Kota Makassar,Mamajang,Sambung Jawa,2026-09-19T12:00:00,2026-09-20 07:00:00,2026-09-20 15:00:00,18-19,29,70,0,24,13.3,SW,269,NE,,,1,Cerah,Sunny,https://api-apps.bmkg.go.id/storage/icon/cuaca/cerah-am.svg,2026-09-20T07:00:00Z
73,73.71,73.71.02,73.71.02.1001,73.71.02.1001,Sulawesi Selatan,Kota Makassar,Mamajang,Sambung Jawa,2026-09-19T12:00:00,2026-09-20 10:00:00,2026-09-20 18:00:00,21-22,28,78,0,8,6.3,NE,67,SW,,,0,Cerah,Sunny,https://api-apps.bmkg.go.id/storage/icon/cuaca/cerah-pm.svg,2026-09-20T10:00:00Z
73,73.71,73.71.02,73.71.02.1001,73.71.02.1001,Sulawesi Selatan,Kota Makassar,Mamajang,Sambung Jawa,2026-09-19T12:00:00,2026-09-20 13:00:00,2026-09-20 21:00:00,24-25,28,70,0,0,4.3,S,193,N,,,0,Cerah,Sunny,https://api-apps.bmkg.go.id/storage/icon/cuaca/cerah-pm.svg,2026-09-20T13:00:00Z
73,73.71,73.71.02,73.71.02.1001,73.71.02.1001,Sulawesi Selatan,Kota Makassar,Mamajang,Sambung Jawa,2026-09-19T12:00:00,2026-09-20 16:00:00,2026-09-21 00:00:00,27-28,27,76,0,1,6,SW,232,NE,,,0,Cerah,Sunny,https://api-apps.bmkg.go.id/storage/icon/cuaca/cerah-pm.svg,2026-09-20T16:00:00Z
73,73.71,73.71.02,73.71.02.1001,73.71.02.1001,Sulawesi Selatan,Kota Makassar,Mamajang,Sambung Jawa,2026-09-19T12:00:00,2026-09-20 19:00:00,2026-09-21 03:00:00,30-31,27,74,0,7,3.4,NE,66,SW,,,0,Cerah,Sunny,https://api-apps.bmkg.go.id/storage/icon/cuaca/cerah-pm.svg,2026-09-20T19:00:00Z
73,73.71,73.71.02,73.71.02.1001,73.71.02.1001,Sulawesi Selatan,Kota Makassar,Mamajang,Sambung Jawa,2026-09-19T12:00:00,2026-09-20 22:00:00,2026-09-21 06:00:00,33-34,27,71,0,58,4.9,S,192,N,,,1,Cerah,Sunny,https://api-apps.bmkg.go.id/storage/icon/cuaca/cerah-am.svg,2026-09-20T22:00:00Z
73,73.71,73.71.02,73.71.02.1001,73.71.02.1001,Sulawesi Selatan,Kota Makassar,Mamajang,Sambung Jawa,2026-09-19T12:00:00,2026-09-21 01:00:00,2026-09-21 09:00:00,36-37,29,67,0,26,12.6,SW,236,NE,,,1,Cerah,Sunny,https://api-apps.bmkg.go.id/storage/icon/cuaca/cerah-am.svg,2026-09-21T01:00:00Z
73,73.71,73.71.02,73.71.02.1001,73.71.02.1001,Sulawesi Selatan,Kota Makassar,Mamajang,Sambung Jawa,2026-09-19T12:00:00,2026-09-21 04:00:00,2026-09-21 12:00:00,39-40,29,69,0,18,16.2,SW,245,NE,,,1,Cerah,Sunny,https://api-apps.bmkg.go.id/storage/icon/cuaca/cerah-am.svg,2026-09-21T04:00:00Z
73,73.71,73.71.02,73.71.02.1001,73.71.02.1001,Sulawesi Selatan,Kota Makassar,Mamajang,Sambung Jawa,2026-09-19T12:00:00,2026-09-21 07:00:00,2026-09-21 15:00:00,42-43,31,64,0,32,5,SW,252,NE,,,1,Cerah,Sunny,https://api-apps.bmkg.go.id/storage/icon/cuaca/cerah-am.svg,2026-09-21T07:00:00Z
73,73.71,73.71.02,73.71.02.1001,73.71.02.1001,Sulawesi Selatan,Kota Makassar,Mamajang,Sambung Jawa,2026-09-19T12:00:00,2026-09-21 10:00:00,2026-09-21 18:00:00,45-46,30,66,0,25,4.1,N,2,S,,,1,Cerah,Sunny,https://api-apps.bmkg.go.id/storage/icon/cuaca/cerah-pm.svg,2026-09-21T10:00:00Z
73,73.71,73.71.02,73.71.02.1001,73.71.02.1001,Sulawesi Selatan,Kota Makassar,Mamajang,Sambung Jawa,2026-09-19T12:00:00,2026-09-21 13:00:00,2026-09-21 21:00:00,48-49,29,63,0,29,9.6,S,217,N,,,1,Cerah,Sunny,https://api-apps.bmkg.go.id/storage/icon/cuaca/cerah-pm.svg,2026-09-21T13:00:00Z
73,73.71,73.71.02,73.71.02.1001,73.71.02.1001,Sulawesi Selatan,Kota Makassar,Mamajang,Sambung Jawa,2026-09-19T12:00:00,2026-09-21 16:00:00,2026-09-22 00:00:00,51-52,27,73,0,48,6.4,W,294,E,,,1,Cerah,Sunny,https://api-apps.bmkg.go.id/storage/icon/cuaca/cerah-pm.svg,2026-09-21T16:00:00Z
73,73.71,73.71.02,73.71.02.1001,73.71.02.1001,Sulawesi Selatan,Kota Makassar,Mamajang,Sambung Jawa,2026-09-19T12:00:00,2026-09-21 19:00:00,2026-09-22 03:00:00,54-55,27,71,0,34,7.7,SE,178,NW,,,1,Cerah,Sunny,https://api-apps.bmkg.go.id/storage/icon/cuaca/cerah-pm.svg,2026-09-21T19:00:00Z
73,73.71,73.71.02,73.71.02.1001,73.71.02.1001,Sulawesi Selatan,Kota Makassar,Mamajang,Sambung Jawa,2026-09-19T12:00:00,2026-09-21 22:00:00,2026-09-22 06:00:00,57-58,27,72,0,2,6,W,296,E,,,0,Cerah,Sunny,https://api-apps.bmkg.go.id/storage/icon/cuaca/cerah-am.svg,2026-09-21T22:00:00Z
73,73.71,73.71.02,73.71.02.1002,73.71.02.1002,Sulawesi Selatan,Kota Makassar,Mamajang,Parang,2026-09-19T12:00:00,2026-09-19 16:00:00,2026-09-20 00:00:00,3-4,27,67,0,2,6.7,NW,326,SE,,,0,Cerah,Sunny,https://api-apps.bmkg.go.id/storage/icon/cuaca/cerah-pm.svg,2026-09-19T16:00:00Z
73,73.71,73.71.02,73.71.02.1002,73.71.02.1002,Sulawesi Selatan,Kota Makassar,Mamajang,Parang,2026-09-19T12:00:00,2026-09-19 19:00:00,2026-09-20 03:00:00,6-7,27,67,0,32,4.1,NE,75,SW,,,1,Cerah,Sunny,https://api-apps.bmkg.go.id/storage/icon/cuaca/cerah-pm.svg,2026-09-19T19:00:00Z
73,73.71,73.71.02,73.71.02.1002,73.71.02.1002,Sulawesi Selatan,Kota Makassar,Mamajang,Parang,2026-09-19T12:00:00,2026-09-19 22:00:00,2026-09-20 06:00:00,9-10,27,67,0,5,2.3,SW,261,NE,,,0,Cerah,Sunny,https://api-apps.bmkg.go.id/storage/icon/cuaca/cerah-am.svg,2026-09-19T22:00:00Z
73,73.71,73.71.02,73.71.02.1002,73.71.02.1002,Sulawesi Selatan,Kota Makassar,Mamajang,Parang,2026-09-19T12:00:00,2026-09-20 01:00:00,2026-09-20 09:00:00,12-13,30,55,0,24,15.2,SW,249,NE,,,1,Cerah,Sunny,https://api-apps.bmkg.go.id/storage/icon/cuaca/cerah-am.svg,2026-09-20T01:00:00Z
73,73.71,73.71.02,73.71.02.1002,73.71.02.1002,Sulawesi Selatan,Kota Makassar,Mamajang,Parang,2026-09-19T12:00:00,2026-09-20 04:00:00,2026-09-20 12:00:00,15-16,30,61,0,23,15.7,SW,256,NE,,,1,Cerah,Sunny,https://api-apps.bmkg.go.id/storage/icon/cuaca/cerah-am.svg,2026-09-20T04:00:00Z
73,73.71,73.71.02,73.71.02.1002,73.71.02.1002,Sulawesi Selatan,Kota Makassar,Mamajang,Parang,2026-09-19T12:00:00,2026-09-20 07:00:00,2026-09-20 15:00:00,18-19,29,66,0,29,13.3,SW,269,NE,,,1,Cerah,Sunny,https://api-apps.bmkg.go.id/storage/icon/cuaca/cerah-am.svg,2026-09-20T07:00:00Z
73,73.71,73.71.02,73.71.02.1002,73.71.02.1002,Sulawesi Selatan,Kota Makassar,Mamajang,Parang,2026-09-19T12:00:00,2026-09-20 10:00:00,2026-09-20 18:00:00,21-22,28,75,0,10,6.3,NE,67,SW,,,1,Cerah,Sunny,https://api-apps.bmkg.go.id/storage/icon/cuaca/cerah-pm.svg,2026-09-20T10:00:00Z
73,73.71,73.71.02,73.71.02.1002,73.71.02.1002,Sulawesi Selatan,Kota Makassar,Mamajang,Parang,2026-09-19T12:00:00,2026-09-20 13:00:00,2026-09-20 21:00:00,24-25,28,70,0,0,4.3,S,193,N,,,0,Cerah,Sunny,https://api-apps.bmkg.go.id/storage/icon/cuaca/cerah-pm.svg,2026-09-20T13:00:00Z
73,73.71,73.71.02,73.71.02.1002,73.71.02.1002,Sulawesi Selatan,Kota Makassar,Mamajang,Parang,2026-09-19T12:00:00,2026-09-20 16:00:00,2026-09-21 00:00:00,27-28,27,75,0,0,6,SW,232,NE,,,0,Cerah,Sunny,https://api-apps.bmkg.go.id/storage/icon/cuaca/cerah-pm.svg,2026-09-20T16:00:00Z
73,73.71,73.71.02,73.71.02.1002,73.71.02.1002,Sulawesi Selatan,Kota Makassar,Mamajang,Parang,2026-09-19T12:00:00,2026-09-20 19:00:00,2026-09-21 03:00:00,30-31,26,74,0,7,3.4,NE,66,SW,,,0,Cerah,Sunny,https://api-apps.bmkg.go.id/storage/icon/cuaca/cerah-pm.svg,2026-09-20T19:00:00Z
73,73.71,73.71.02,73.71.02.1002,73.71.02.1002,Sulawesi Selatan,Kota Makassar,Mamajang,Parang,2026-09-19T12:00:00,2026-09-20 22:00:00,2026-09-21 06:00:00,33-34,27,70,0,52,4.9,S,192,N,,,1,Cerah,Sunny,https://api-apps.bmkg.go.id/storage/icon/cuaca/cerah-am.svg,2026-09-20T22:00:00Z
73,73.71,73.71.02,73.71.02.1002,73.71.02.1002,Sulawesi Selatan,Kota Makassar,Mamajang,Parang,2026-09-19T12:00:00,2026-09-21 01:00:00,2026-09-21 09:00:00,36-37,30,63,0,23,12.6,SW,236,NE,,,1,Cerah,Sunny,https://api-apps.bmkg.go.id/storage/icon/cuaca/cerah-am.svg,2026-09-21T01:00:00Z
73,73.71,73.71.02,73.71.02.1002,73.71.02.1002,Sulawesi Selatan,Kota Makassar,Mamajang,Parang,2026-09-19T12:00:00,2026-09-21 04:00:00,2026-09-21 12:00:00,39-40,30,64,0,23,16.2,SW,245,NE,,,1,Cerah,Sunny,https://api-apps.bmkg.go.id/storage/icon/cuaca/cerah-am.svg,2026-09-21T04:00:00Z
73,73.71,73.71.02,73.71.02.1002,73.71.02.1002,Sulawesi Selatan,Kota Makassar,Mamajang,Parang,2026-09-19T12:00:00,2026-09-21 07:00:00,2026-09-21 15:00:00,42-43,32,60,0,37,5,SW,252,NE,,,1,Cerah,Sunny,https://api-apps.bmkg.go.id/storage/icon/cuaca/cerah-am.svg,2026-09-21T07:00:00Z
73,73.71,73.71.02,73.71.02.1002,73.71.02.1002,Sulawesi Selatan,Kota Makassar,Mamajang,Parang,2026-09-19T12:00:00,2026-09-21 10:00:00,2026-09-21 18:00:00,45-46,30,64,0,27,4.1,N,2,S,,,1,Cerah,Sunny,https://api-apps.bmkg.go.id/storage/icon/cuaca/cerah-pm.svg,2026-09-21T10:00:00Z
73,73.71,73.71.02,73.71.02.1002,73.71.02.1002,Sulawesi Selatan,Kota Makassar,Mamajang,Parang,2026-09-19T12:00:00,2026-09-21 13:00:00,2026-09-21 21:00:00,48-49,29,62,0,32,9.6,S,217,N,,,1,Cerah,Sunny,https://api-apps.bmkg.go.id/storage/icon/cuaca/cerah-pm.svg,2026-09-21T13:00:00Z
73,73.71,73.71.02,73.71.02.1002,73.71.02.1002,Sulawesi Selatan,Kota Makassar,Mamajang,Parang,2026-09-19T12:00:00,2026-09-21 16:00:00,2026-09-22 00:00:00,51-52,27,70,0,47,6.4,W,294,E,,,1,Cerah,Sunny,https://api-apps.bmkg.go.id/storage/icon/cuaca/cerah-pm.svg,2026-09-21T16:00:00Z
73,73.71,73.71.02,73.71.02.1002,73.71.02.1002,Sulawesi Selatan,Kota Makassar,Mamajang,Parang,2026-09-19T12:00:00,2026-09-21 19:00:00,2026-09-22 03:00:00,54-55,26,71,0,36,7.7,SE,178,NW,,,1,Cerah,Sunny,https://api-apps.bmkg.go.id/storage/icon/cuaca/cerah-pm.svg,2026-09-21T19:00:00Z
73,73.71,73.71.02,73.71.02.1002,73.71.02.1002,Sulawesi Selatan,Kota Makassar,Mamajang,Parang,2026-09-19T12:00:00,2026-09-21 22:00:00,2026-09-22 06:00:00,57-58,27,71,0,2,6,W,296,E,,,0,Cerah,Sunny,https://api-apps.bmkg.go.id/storage/icon/cuaca/cerah-am.svg,2026-09-21T22:00:00Z
73,73.71,73.71.02,73.71.02.1003,73.71.02.1003,Sulawesi Selatan,Kota Makassar,Mamajang,Mamajang Luar,2026-09-19T12:00:00,2026-09-19 16:00:00,2026-09-20 00:00:00,3-4,27,67,0,2,6.7,NW,326,SE,,,0,Cerah,Sunny,https://api-apps.bmkg.go.id/storage/icon/cuaca/cerah-pm.svg,2026-09-19T16:00:00Z
73,73.71,73.71.02,73.71.02.1003,73.71.02.1003,Sulawesi Selatan,Kota Makassar,Mamajang,Mamajang Luar,2026-09-19T12:00:00,2026-09-19 19:00:00,2026-09-20 03:00:00,6-7,27,68,0,35,4.1,NE,75,SW,,,1,Cerah,Sunny,https://api-apps.bmkg.go.id/storage/icon/cuaca/cerah-pm.svg,2026-09-19T19:00:00Z
73,73.71,73.71.02,73.71.02.1003,73.71.02.1003,Sulawesi Selatan,Kota Makassar,Mamajang,Mamajang Luar,2026-09-19T12:00:00,2026-09-19 22:00:00,2026-09-20 06:00:00,9-10,27,66,0,5,2.3,SW,261,NE,,,0,Cerah,Sunny,https://api-apps.bmkg.go.id/storage/icon/cuaca/cerah-am.svg,2026-09-19T22:00:00Z
73,73.71,73.71.02,73.71.02.1003,73.71.02.1003,Sulawesi Selatan,Kota Makassar,Mamajang,Mamajang Luar,2026-09-19T12:00:00,2026-09-20 01:00:00,2026-09-20 09:00:00,12-13,30,56,0,22,15.2,SW,249,NE,,,1,Cerah,Sunny,https://api-apps.bmkg.go.id/storage/icon/cuaca/cerah-am.svg,2026-09-20T01:00:00Z
73,73.71,73.71.02,73.71.02.1003,73.71.02.1003,Sulawesi Selatan,Kota Makassar,Mamajang,Mamajang Luar,2026-09-19T12:00:00,2026-09-20 04:00:00,2026-09-20 12:00:00,15-16,30,62,0,22,15.7,SW,256,NE,,,1,Cerah,Sunny,https://api-apps.bmkg.go.id/storage/icon/cuaca/cerah-am.svg,2026-09-20T04:00:00Z
73,73.71,73.71.02,73.71.02.1003,73.71.02.1003,Sulawesi Selatan,Kota Makassar,Mamajang,Mamajang Luar,2026-09-19T12:00:00,2026-09-20 07:00:00,2026-09-20 15:00:00,18-19,29,68,0,28,13.3,SW,269,NE,,,1,Cerah,Sunny,https://api-apps.bmkg.go.id/storage/icon/cuaca/cerah-am.svg,2026-09-20T07:00:00Z
73,73.71,73.71.02,73.71.02.1003,73.71.02.1003,Sulawesi Selatan,Kota Makassar,Mamajang,Mamajang Luar,2026-09-19T12:00:00,2026-09-20 10:00:00,2026-09-20 18:00:00,21-22,28,77,0,10,6.3,NE,67,SW,,,0,Cerah,Sunny,https://api-apps.bmkg.go.id/storage/icon/cuaca/cerah-pm.svg,2026-09-20T10:00:00Z
73,73.71,73.71.02,73.71.02.1003,73.71.02.1003,Sulawesi Selatan,Kota Makassar,Mamajang,Mamajang Luar,2026-09-19T12:00:00,2026-09-20 13:00:00,2026-09-20 21:00:00,24-25,28,69,0,0,4.3,S,193,N,,,0,Cerah,Sunny,https://api-apps.bmkg.go.id/storage/icon/cuaca/cerah-pm.svg,2026-09-20T13:00:00Z
73,73.71,73.71.02,73.71.02.1003,73.71.02.1003,Sulawesi Selatan,Kota Makassar,Mamajang,Mamajang Luar,2026-09-19T12:00:00,2026-09-20 16:00:00,2026-09-21 00:00:00,27-28,27,72,0,1,6,SW,232,NE,,,0,Cerah,Sunny,https://api-apps.bmkg.go.id/storage/icon/cuaca/cerah-pm.svg,2026-09-20T16:00:00Z
73,73.71,73.71.02,73.71.02.1003,73.71.02.1003,Sulawesi Selatan,Kota Makassar,Mamajang,Mamajang Luar,2026-09-19T12:00:00,2026-09-20 19:00:00,2026-09-21 03:00:00,30-31,27,72,0,8,3.4,NE,66,SW,,,0,Cerah,Sunny,https://api-apps.bmkg.go.id/storage/icon/cuaca/cerah-pm.svg,2026-09-20T19:00:00Z
73,73.71,73.71.02,73.71.02.1003,73.71.02.1003,Sulawesi Selatan,Kota Makassar,Mamajang,Mamajang Luar,2026-09-19T12:00:00,2026-09-20 22:00:00,2026-09-21 06:00:00,33-34,27,70,0,56,4.9,S,192,N,,,1,Cerah,Sunny,https://api-apps.bmkg.go.id/storage/icon/cuaca/cerah-am.svg,2026-09-20T22:00:00Z
73,73.71,73.71.02,73.71.02.1003,73.71.02.1003,Sulawesi Selatan,Kota Makassar,Mamajang,Mamajang Luar,2026-09-19T12:00:00,2026-09-21 01:00:00,2026-09-21 09:00:00,36-37,30,63,0,31,12.6,SW,236,NE,,,1,Cerah,Sunny,https://api-apps.bmkg.go.id/storage/icon/cuaca/cerah-am.svg,2026-09-21T01:00:00Z
73,73.71,73.71.02,73.71.02.1003,73.71.02.1003,Sulawesi Selatan,Kota Makassar,Mamajang,Mamajang Luar,2026-09-19T12:00:00,2026-09-21 04:00:00,2026-09-21 12:00:00,39-40,30,66,0,22,16.2,SW,245,NE,,,1,Cerah,Sunny,https://api-apps.bmkg.go.id/storage/icon/cuaca/cerah-am.svg,2026-09-21T04:00:00Z
73,73.71,73.71.02,73.71.02.1003,73.71.02.1003,Sulawesi Selatan,Kota Makassar,Mamajang,Mamajang Luar,2026-09-19T12:00:00,2026-09-21 07:00:00,2026-09-21 15:00:00,42-43,31,64,0,35,5,SW,252,NE,,,1,Cerah,Sunny,https://api-apps.bmkg.go.id/storage/icon/cuaca/cerah-am.svg,2026-09-21T07:00:00Z
73,73.71,73.71.02,73.71.02.1003,73.71.02.1003,Sulawesi Selatan,Kota Makassar,Mamajang,Mamajang Luar,2026-09-19T12:00:00,2026-09-21 10:00:00,2026-09-21 18:00:00,45-46,30,67,0,26,4.1,N,2,S,,,1,Cerah,Sunny,https://api-apps.bmkg.go.id/storage/icon/cuaca/cerah-pm.svg,2026-09-21T10:00:00Z
73,73.71,73.71.02,73.71.02.1003,73.71.02.1003,Sulawesi Selatan,Kota Makassar,Mamajang,Mamajang Luar,2026-09-19T12:00:00,2026-09-21 13:00:00,2026-09-21 21:00:00,48-49,29,60,0,37,9.6,S,217,N,,,1,Cerah,Sunny,https://api-apps.bmkg.go.id/storage/icon/cuaca/cerah-pm.svg,2026-09-21T13:00:00Z
73,73.71,73.71.02,73.71.02.1003,73.71.02.1003,Sulawesi Selatan,Kota Makassar,Mamajang,Mamajang Luar,2026-09-19T12:00:00,2026-09-21 16:00:00,2026-09-22 00:00:00,51-52,27,69,0,48,6.4,W,294,E,,,1,Cerah,Sunny,https://api-apps.bmkg.go.id/storage/icon/cuaca/cerah-pm.svg,2026-09-21T16:00:00Z
73,73.71,73.71.02,73.71.02.1003,73.71.02.1003,Sulawesi Selatan,Kota Makassar,Mamajang,Mamajang Luar,2026-09-19T12:00:00,2026-09-21 19:00:00,2026-09-22 03:00:00,54-55,27,69,0,36,7.7,SE,178,NW,,,1,Cerah,Sunny,https://api-apps.bmkg.go.id/storage/icon/cuaca/cerah-pm.svg,2026-09-21T19:00:00Z
73,73.71,73.71.02,73.71.02.1003,73.71.02.1003,Sulawesi Selatan,Kota Makassar,Mamajang,Mamajang Luar,2026-09-19T12:00:00,2026-09-21 22:00:00,2026-09-22 06:00:00,57-58,27,70,0,2,6,W,296,E,,,0,Cerah,Sunny,https://api-apps.bmkg.go.id/storage/icon/cuaca/cerah-am.svg,2026-09-21T22:00:00Z
73,73.71,73.71.02,73.71.02.1004,73.71.02.1004,Sulawesi Selatan,Kota Makassar,Mamajang,Mamajang Dalam,2026-09-19T12:00:00,2026-09-19 16:00:00,2026-09-20 00:00:00,3-4,27,67,0,2,6.7,NW,326,SE,,,0,Cerah,Sunny,https://api-apps.bmkg.go.id/storage/icon/cuaca/cerah-pm.svg,2026-09-19T16:00:00Z
73,73.71,73.71.02,73.71.02.1004,73.71.02.1004,Sulawesi Selatan,Kota Makassar,Mamajang,Mamajang Dalam,2026-09-19T12:00:00,2026-09-19 19:00:00,2026-09-20 03:00:00,6-7,27,68,0,35,4.1,NE,75,SW,,,1,Cerah,Sunny,https://api-apps.bmkg.go.id/storage/icon/cuaca/cerah-pm.svg,2026-09-19T19:00:00Z
73,73.71,73.71.02,73.71.02.1004,73.71.02.1004,Sulawesi Selatan,Kota Makassar,Mamajang,Mamajang Dalam,2026-09-19T12:00:00,2026-09-19 22:00:00,2026-09-20 06:00:00,9-10,27,66,0,5,2.3,SW,261,NE,,,0,Cerah,Sunny,https://api-apps.bmkg.go.id/storage/icon/cuaca/cerah-am.svg,2026-09-19T22:00:00Z
73,73.71,73.71.02,73.71.02.1004,73.71.02.1004,Sulawesi Selatan,Kota Makassar,Mamajang,Mamajang Dalam,2026-09-19T12:00:00,2026-09-20 01:00:00,2026-09-20 09:00:00,12-13,30,56,0,22,15.2,SW,249,NE,,,1,Cerah,Sunny,https://api-apps.bmkg.go.id/storage/icon/cuaca/cerah-am.svg,2026-09-20T01:00:00Z
73,73.71,73.71.02,73.71.02.1004,73.71.02.1004,Sulawesi Selatan,Kota Makassar,Mamajang,Mamajang Dalam,2026-09-19T12:00:00,2026-09-20 04:00:00,2026-09-20 12:00:00,15-16,30,62,0,22,15.7,SW,256,NE,,,1,Cerah,Sunny,https://api-apps.bmkg.go.id/storage/icon/cuaca/cerah-am.svg,2026-09-20T04:00:00Z
73,73.71,73.71.02,73.71.02.1004,73.71.02.1004,Sulawesi Selatan,Kota Makassar,Mamajang,Mamajang Dalam,2026-09-19T12:00:00,2026-09-20 07:00:00,2026-09-20 15:00:00,18-19,29,68,0,28,13.3,SW,269,NE,,,1,Cerah,Sunny,https://api-apps.bmkg.go.id/storage/icon/cuaca/cerah-am.svg,2026-09-20T07:00:00Z
73,73.71,73.71.02,73.71.02.1004,73.71.02.1004,Sulawesi Selatan,Kota Makassar,Mamajang,Mamajang Dalam,2026-09-19T12:00:00,2026-09-20 10:00:00,2026-09-20 18:00:00,21-22,28,77,0,10,6.3,NE,67,SW,,,0,Cerah,Sunny,https://api-apps.bmkg.go.id/storage/icon/cuaca/cerah-pm.svg,2026-09-20T10:00:00Z
73,73.71,73.71.02,73.71.02.1004,73.71.02.1004,Sulawesi Selatan,Kota Makassar,Mamajang,Mamajang Dalam,2026-09-19T12:00:00,2026-09-20 13:00:00,2026-09-20 21:00:00,24-25,28,69,0,0,4.3,S,193,N,,,0,Cerah,Sunny,https://api-apps.bmkg.go.id/storage/icon/cuaca/cerah-pm.svg,2026-09-20T13:00:00Z
73,73.71,73.71.02,73.71.02.1004,73.71.02.1004,Sulawesi Selatan,Kota Makassar,Mamajang,Mamajang Dalam,2026-09-19T12:00:00,2026-09-20 16:00:00,2026-09-21 00:00:00,27-28,27,72,0,1,6,SW,232,NE,,,0,Cerah,Sunny,https://api-apps.bmkg.go.id/storage/icon/cuaca/cerah-pm.svg,2026-09-20T16:00:00Z
73,73.71,73.71.02,73.71.02.1004,73.71.02.1004,Sulawesi Selatan,Kota Makassar,Mamajang,Mamajang Dalam,2026-09-19T12:00:00,2026-09-20 19:00:00,2026-09-21 03:00:00,30-31,27,72,0,8,3.4,NE,66,SW,,,0,Cerah,Sunny,https://api-apps.bmkg.go.id/storage/icon/cuaca/cerah-pm.svg,2026-09-20T19:00:00Z
73,73.71,73.71.02,73.71.02.1004,73.71.02.1004,Sulawesi Selatan,Kota Makassar,Mamajang,Mamajang Dalam,2026-09-19T12:00:00,2026-09-20 22:00:00,2026-09-21 06:00:00,33-34,27,70,0,56,4.9,S,192,N,,,1,Cerah,Sunny,https://api-apps.bmkg.go.id/storage/icon/cuaca/cerah-am.svg,2026-09-20T22:00:00Z
73,73.71,73.71.02,73.71.02.1004,73.71.02.1004,Sulawesi Selatan,Kota Makassar,Mamajang,Mamajang Dalam,2026-09-19T12:00:00,2026-09-21 01:00:00,2026-09-21 09:00:00,36-37,30,63,0,31,12.6,SW,236,NE,,,1,Cerah,Sunny,https://api-apps.bmkg.go.id/storage/icon/cuaca/cerah-am.svg,2026-09-21T01:00:00Z
73,73.71,73.71.02,73.71.02.1004,73.71.02.1004,Sulawesi Selatan,Kota Makassar,Mamajang,Mamajang Dalam,2026-09-19T12:00:00,2026-09-21 04:00:00,2026-09-21 12:00:00,39-40,30,66,0,22,16.2,SW,245,NE,,,1,Cerah,Sunny,https://api-apps.bmkg.go.id/storage/icon/cuaca/cerah-am.svg,2026-09-21T04:00:00Z
73,73.71,73.71.02,73.71.02.1004,73.71.02.1004,Sulawesi Selatan,Kota Makassar,Mamajang,Mamajang Dalam,2026-09-19T12:00:00,2026-09-21 07:00:00,2026-09-21 15:00:00,42-43,31,64,0,35,5,SW,252,NE,,,1,Cerah,Sunny,https://api-apps.bmkg.go.id/storage/icon/cuaca/cerah-am.svg,2026-09-21T07:00:00Z
73,73.71,73.71.02,73.71.02.1004,73.71.02.1004,Sulawesi Selatan,Kota Makassar,Mamajang,Mamajang Dalam,2026-09-19T12:00:00,2026-09-21 10:00:00,2026-09-21 18:00:00,45-46,30,67,0,26,4.1,N,2,S,,,1,Cerah,Sunny,https://api-apps.bmkg.go.id/storage/icon/cuaca/cerah-pm.svg,2026-09-21T10:00:00Z
73,73.71,73.71.02,73.71.02.1004,73.71.02.1004,Sulawesi Selatan,Kota Makassar,Mamajang,Mamajang Dalam,2026-09-19T12:00:00,2026-09-21 13:00:00,2026-09-21 21:00:00,48-49,29,60,0,37,9.6,S,217,N,,,1,Cerah,Sunny,https://api-apps.bmkg.go.id/storage/icon/cuaca/cerah-pm.svg,2026-09-21T13:00:00Z
73,73.71,73.71.02,73.71.02.1004,73.71.02.1004,Sulawesi Selatan,Kota Makassar,Mamajang,Mamajang Dalam,2026-09-19T12:00:00,2026-09-21 16:00:00,2026-09-22 00:00:00,51-52,27,69,0,48,6.4,W,294,E,,,1,Cerah,Sunny,https://api-apps.bmkg.go.id/storage/icon/cuaca/cerah-pm.svg,2026-09-21T16:00:00Z
73,73.71,73.71.02,73.71.02.1004,73.71.02.1004,Sulawesi Selatan,Kota Makassar,Mamajang,Mamajang Dalam,2026-09-19T12:00:00,2026-09-21 19:00:00,2026-09-22 03:00:00,54-55,27,69,0,36,7.7,SE,178,NW,,,1,Cerah,Sunny,https://api-apps.bmkg.go.id/storage/icon/cuaca/cerah-pm.svg,2026-09-21T19:00:00Z
73,73.71,73.71.02,73.71.02.1004,73.71.02.1004,Sulawesi Selatan,Kota Makassar,Mamajang,Mamajang Dalam,2026-09-19T12:00:00,2026-09-21 22:00:00,2026-09-22 06:00:00,57-58,27,70,0,2,6,W,296,E,,,0,Cerah,Sunny,https://api-apps.bmkg.go.id/storage/icon/cuaca/cerah-am.svg,2026-09-21T22:00:00Z
73,73.71,73.71.02,73.71.02.1005,73.71.02.1005,Sulawesi Selatan,Kota Makassar,Mamajang,Maricaya Selatan,2026-09-19T12:00:00,2026-09-19 16:00:00,2026-09-20 00:00:00,3-4,27,67,0,2,6.7,NW,326,SE,,,0,Cerah,Sunny,https://api-apps.bmkg.go.id/storage/icon/cuaca/cerah-pm.svg,2026-09-19T16:00:00Z
73,73.71,73.71.02,73.71.02.1005,73.71.02.1005,Sulawesi Selatan,Kota Makassar,Mamajang,Maricaya Selatan,2026-09-19T12:00:00,2026-09-19 19:00:00,2026-09-20 03:00:00,6-7,27,68,0,35,4.1,NE,75,SW,,,1,Cerah,Sunny,https://api-apps.bmkg.go.id/storage/icon/cuaca/cerah-pm.svg,2026-09-19T19:00:00Z
73,73.71,73.71.02,73.71.02.1005,73.71.02.1005,Sulawesi Selatan,Kota Makassar,Mamajang,Maricaya Selatan,2026-09-19T12:00:00,2026-09-19 22:00:00,2026-09-20 06:00:00,9-10,27,66,0,5,2.3,SW,261,NE,,,0,Cerah,Sunny,https://api-apps.bmkg.go.id/storage/icon/cuaca/cerah-am.svg,2026-09-19T22:00:00Z
73,73.71,73.71.02,73.71.02.1005,73.71.02.1005,Sulawesi Selatan,Kota Makassar,Mamajang,Maricaya Selatan,2026-09-19T12:00:00,2026-09-20 01:00:00,2026-09-20 09:00:00,12-13,30,56,0,22,15.2,SW,249,NE,,,1,Cerah,Sunny,https://api-apps.bmkg.go.id/storage/icon/cuaca/cerah-am.svg,2026-09-20T01:00:00Z
73,73.71,73.71.02,73.71.02.1005,73.71.02.1005,Sulawesi Selatan,Kota Makassar,Mamajang,Maricaya Selatan,2026-09-19T12:00:00,2026-09-20 04:00:00,2026-09-20 12:00:00,15-16,30,62,0,22,15.7,SW,256,NE,,,1,Cerah,Sunny,https://api-apps.bmkg.go.id/storage/icon/cuaca/cerah-am.svg,2026-09-20T04:00:00Z
73,73.71,73.71.02,73.71.02.1005,73.71.02.1005,Sulawesi Selatan,Kota Makassar,Mamajang,Maricaya Selatan,2026-09-19T12:00:00,2026-09-20 07:00:00,2026-09-20 15:00:00,18-19,29,68,0,28,13.3,SW,269,NE,,,1,Cerah,Sunny,https://api-apps.bmkg.go.id/storage/icon/cuaca/cerah-am.svg,2026-09-20T07:00:00Z
73,73.71,73.71.02,73.71.02.1005,73.71.02.1005,Sulawesi Selatan,Kota Makassar,Mamajang,Maricaya Selatan,2026-09-19T12:00:00,2026-09-20 10:00:00,2026-09-20 18:00:00,21-22,28,77,0,10,6.3,NE,67,SW,,,0,Cerah,Sunny,https://api-apps.bmkg.go.id/storage/icon/cuaca/cerah-pm.svg,2026-09-20T10:00:00Z
73,73.71,73.71.02,73.71.02.1005,73.71.02.1005,Sulawesi Selatan,Kota Makassar,Mamajang,Maricaya Selatan,2026-09-19T12:00:00,2026-09-20 13:00:00,2026-09-20 21:00:00,24-25,28,69,0,0,4.3,S,193,N,,,0,Cerah,Sunny,https://api-apps.bmkg.go.id/storage/icon/cuaca/cerah-pm.svg,2026-09-20T13:00:00Z
73,73.71,73.71.02,73.71.02.1005,73.71.02.1005,Sulawesi Selatan,Kota Makassar,Mamajang,Maricaya Selatan,2026-09-19T12:00:00,2026-09-20 16:00:00,2026-09-21 00:00:00,27-28,27,72,0,1,6,SW,232,NE,,,0,Cerah,Sunny,https://api-apps.bmkg.go.id/storage/icon/cuaca/cerah-pm.svg,2026-09-20T16:00:00Z
73,73.71,73.71.02,73.71.02.1005,73.71.02.1005,Sulawesi Selatan,Kota Makassar,Mamajang,Maricaya Selatan,2026-09-19T12:00:00,2026-09-20 19:00:00,2026-09-21 03:00:00,30-31,27,72,0,8,3.4,NE,66,SW,,,0,Cerah,Sunny,https://api-apps.bmkg.go.id/storage/icon/cuaca/cerah-pm.svg,2026-09-20T19:00:00Z
73,73.71,73.71.02,73.71.02.1005,73.71.02.1005,Sulawesi Selatan,Kota Makassar,Mamajang,Maricaya Selatan,2026-09-19T12:00:00,2026-09-20 22:00:00,2026-09-21 06:00:00,33-34,27,70,0,56,4.9,S,192,N,,,1,Cerah,Sunny,https://api-apps.bmkg.go.id/storage/icon/cuaca/cerah-am.svg,2026-09-20T22:00:00Z
73,73.71,73.71.02,73.71.02.1005,73.71.02.1005,Sulawesi Selatan,Kota Makassar,Mamajang,Maricaya Selatan,2026-09-19T12:00:00,2026-09-21 01:00:00,2026-09-21 09:00:00,36-37,30,63,0,31,12.6,SW,236,NE,,,1,Cerah,Sunny,https://api-apps.bmkg.go.id/storage/icon/cuaca/cerah-am.svg,2026-09-21T01:00:00Z
73,73.71,73.71.02,73.71.02.1005,73.71.02.1005,Sulawesi Selatan,Kota Makassar,Mamajang,Maricaya Selatan,2026-09-19T12:00:00,2026-09-21 04:00:00,2026-09-21 12:00:00,39-40,30,66,0,22,16.2,SW,245,NE,,,1,Cerah,Sunny,https://api-apps.bmkg.go.id/storage/icon/cuaca/cerah-am.svg,2026-09-21T04:00:00Z
73,73.71,73.71.02,73.71.02.1005,73.71.02.1005,Sulawesi Selatan,Kota Makassar,Mamajang,Maricaya Selatan,2026-09-19T12:00:00,2026-09-21 07:00:00,2026-09-21 15:00:00,42-43,31,64,0,35,5,SW,252,NE,,,1,Cerah,Sunny,https://api-apps.bmkg.go.id/storage/icon/cuaca/cerah-am.svg,2026-09-21T07:00:00Z
73,73.71,73.71.02,73.71.02.1005,73.71.02.1005,Sulawesi Selatan,Kota Makassar,Mamajang,Maricaya Selatan,2026-09-19T12:00:00,2026-09-21 10:00:00,2026-09-21 18:00:00,45-46,30,67,0,26,4.1,N,2,S,,,1,Cerah,Sunny,https://api-apps.bmkg.go.id/storage/icon/cuaca/cerah-pm.svg,2026-09-21T10:00:00Z
73,73.71,73.71.02,73.71.02.1005,73.71.02.1005,Sulawesi Selatan,Kota Makassar,Mamajang,Maricaya Selatan,2026-09-19T12:00:00,2026-09-21 13:00:00,2026-09-21 21:00:00,48-49,29,60,0,37,9.6,S,217,N,,,1,Cerah,Sunny,https://api-apps.bmkg.go.id/storage/icon/cuaca/cerah-pm.svg,2026-09-21T13:00:00Z
73,73.71,73.71.02,73.71.02.1005,73.71.02.1005,Sulawesi Selatan,Kota Makassar,Mamajang,Maricaya Selatan,2026-09-19T12:00:00,2026-09-21 16:00:00,2026-09-22 00:00:00,51-52,27,69,0,48,6.4,W,294,E,,,1,Cerah,Sunny,https://api-apps.bmkg.go.id/storage/icon/cuaca/cerah-pm.svg,2026-09-21T16:00:00Z
73,73.71,73.71.02,73.71.02.1005,73.71.02.1005,Sulawesi Selatan,Kota Makassar,Mamajang,Maricaya Selatan,2026-09-19T12:00:00,2026-09-21 19:00:00,2026-09-22 03:00:00,54-55,27,69,0,36,7.7,SE,178,NW,,,1,Cerah,Sunny,https://api-apps.bmkg.go.id/storage/icon/cuaca/cerah-pm.svg,2026-09-21T19:00:00Z
73,73.71,73.71.02,73.71.02.1005,73.71.02.1005,Sulawesi Selatan,Kota Makassar,Mamajang,Maricaya Selatan,2026-09-19T12:00:00,2026-09-21 22:00:00,2026-09-22 06:00:00,57-58,27,70,0,2,6,W,296,E,,,0,Cerah,Sunny,https://api-apps.bmkg.go.id/storage/icon/cuaca/cerah-am.svg,2026-09-21T22:00:00Z
73,73.71,73.71.02,73.71.02.1006,73.71.02.1006,Sulawesi Selatan,Kota Makassar,Mamajang,Bonto Lebang,2026-09-19T12:00:00,2026-09-19 16:00:00,2026-09-20 00:00:00,3-4,27,67,0,2,6.7,NW,326,SE,,,0,Cerah,Sunny,https://api-apps.bmkg.go.id/storage/icon/cuaca/cerah-pm.svg,2026-09-19T16:00:00Z
73,73.71,73.71.02,73.71.02.1006,73.71.02.1006,Sulawesi Selatan,Kota Makassar,Mamajang,Bonto Lebang,2026-09-19T12:00:00,2026-09-19 19:00:00,2026-09-20 03:00:00,6-7,27,67,0,32,4.1,NE,75,SW,,,1,Cerah,Sunny,https://api-apps.bmkg.go.id/storage/icon/cuaca/cerah-pm.svg,2026-09-19T19:00:00Z
73,73.71,73.71.02,73.71.02.1006,73.71.02.1006,Sulawesi Selatan,Kota Makassar,Mamajang,Bonto Lebang,2026-09-19T12:00:00,2026-09-19 22:00:00,2026-09-20 06:00:00,9-10,27,67,0,5,2.3,SW,261,NE,,,0,Cerah,Sunny,https://api-apps.bmkg.go.id/storage/icon/cuaca/cerah-am.svg,2026-09-19T22:00:00Z
73,73.71,73.71.02,73.71.02.1006,73.71.02.1006,Sulawesi Selatan,Kota Makassar,Mamajang,Bonto Lebang,2026-09-19T12:00:00,2026-09-20 01:00:00,2026-09-20 09:00:00,12-13,30,55,0,24,15.2,SW,249,NE,,,1,Cerah,Sunny,https://api-apps.bmkg.go.id/storage/icon/cuaca/cerah-am.svg,2026-09-20T01:00:00Z
73,73.71,73.71.02,73.71.02.1006,73.71.02.1006,Sulawesi Selatan,Kota Makassar,Mamajang,Bonto Lebang,2026-09-19T12:00:00,2026-09-20 04:00:00,2026-09-20 12:00:00,15-16,30,61,0,23,15.7,SW,256,NE,,,1,Cerah,Sunny,https://api-apps.bmkg.go.id/storage/icon/cuaca/cerah-am.svg,2026-09-20T04:00:00Z
73,73.71,73.71.02,73.71.02.1006,73.71.02.1006,Sulawesi Selatan,Kota Makassar,Mamajang,Bonto Lebang,2026-09-19T12:00:00,2026-09-20 07:00:00,2026-09-20 15:00:00,18-19,29,66,0,29,13.3,SW,269,NE,,,1,Cerah,Sunny,https://api-apps.bmkg.go.id/storage/icon/cuaca/cerah-am.svg,2026-09-20T07:00:00Z
73,73.71,73.71.02,73.71.02.1006,73.71.02.1006,Sulawesi Selatan,Kota Makassar,Mamajang,Bonto Lebang,2026-09-19T12:00:00,2026-09-20 10:00:00,2026-09-20 18:00:00,21-22,28,75,0,10,6.3,NE,67,SW,,,1,Cerah,Sunny,https://api-apps.bmkg.go.id/storage/icon/cuaca/cerah-pm.svg,2026-09-20T10:00:00Z
73,73.71,73.71.02,73.71.02.1006,73.71.02.1006,Sulawesi Selatan,Kota Makassar,Mamajang,Bonto Lebang,2026-09-19T12:00:00,2026-09-20 13:00:00,2026-09-20 21:00:00,24-25,28,70,0,0,4.3,S,193,N,,,0,Cerah,Sunny,https://api-apps.bmkg.go.id/storage/icon/cuaca/cerah-pm.svg,2026-09-20T13:00:00Z
73,73.71,73.71.02,73.71.02.1006,73.71.02.1006,Sulawesi Selatan,Kota Makassar,Mamajang,Bonto Lebang,2026-09-19T12:00:00,2026-09-20 16:00:00,2026-09-21 00:00:00,27-28,27,75,0,0,6,SW,232,NE,,,0,Cerah,Sunny,https://api-apps.bmkg.go.id/storage/icon/cuaca/cerah-pm.svg,2026-09-20T16:00:00Z
73,73.71,73.71.02,73.71.02.1006,73.71.02.1006,Sulawesi Selatan,Kota Makassar,Mamajang,Bonto Lebang,2026-09-19T12:00:00,2026-09-20 19:00:00,2026-09-21 03:00:00,30-31,26,74,0,7,3.4,NE,66,SW,,,0,Cerah,Sunny,https://api-apps.bmkg.go.id/storage/icon/cuaca/cerah-pm.svg,2026-09-20T19:00:00Z
73,73.71,73.71.02,73.71.02.1006,73.71.02.1006,Sulawesi Selatan,Kota Makassar,Mamajang,Bonto Lebang,2026-09-19T12:00:00,2026-09-20 22:00:00,2026-09-21 06:00:00,33-34,27,70,0,52,4.9,S,192,N,,,1,Cerah,Sunny,https://api-apps.bmkg.go.id/storage/icon/cuaca/cerah-am.svg,2026-09-20T22:00:00Z
73,73.71,73.71.02,73.71.02.1006,73.71.02.1006,Sulawesi Selatan,Kota Makassar,Mamajang,Bonto Lebang,2026-09-19T12:00:00,2026-09-21 01:00:00,2026-09-21 09:00:00,36-37,30,63,0,23,12.6,SW,236,NE,,,1,Cerah,Sunny,https://api-apps.bmkg.go.id/storage/icon/cuaca/cerah-am.svg,2026-09-21T01:00:00Z
73,73.71,73.71.02,73.71.02.1006,73.71.02.1006,Sulawesi Selatan,Kota Makassar,Mamajang,Bonto Lebang,2026-09-19T12:00:00,2026-09-21 04:00:00,2026-09-21 12:00:00,39-40,30,64,0,23,16.2,SW,245,NE,,,1,Cerah,Sunny,https://api-apps.bmkg.go.id/storage/icon/cuaca/cerah-am.svg,2026-09-21T04:00:00Z
73,73.71,73.71.02,73.71.02.1006,73.71.02.1006,Sulawesi Selatan,Kota Makassar,Mamajang,Bonto Lebang,2026-09-19T12:00:00,2026-09-21 07:00:00,2026-09-21 15:00:00,42-43,32,60,0,37,5,SW,252,NE,,,1,Cerah,Sunny,https://api-apps.bmkg.go.id/storage/icon/cuaca/cerah-am.svg,2026-09-21T07:00:00Z
73,73.71,73.71.02,73.71.02.1006,73.71.02.1006,Sulawesi Selatan,Kota Makassar,Mamajang,Bonto Lebang,2026-09-19T12:00:00,2026-09-21 10:00:00,2026-09-21 18:00:00,45-46,30,64,0,27,4.1,N,2,S,,,1,Cerah,Sunny,https://api-apps.bmkg.go.id/storage/icon/cuaca/cerah-pm.svg,2026-09-21T10:00:00Z
73,73.71,73.71.02,73.71.02.1006,73.71.02.1006,Sulawesi Selatan,Kota Makassar,Mamajang,Bonto Lebang,2026-09-19T12:00:00,2026-09-21 13:00:00,2026-09-21 21:00:00,48-49,29,62,0,32,9.6,S,217,N,,,1,Cerah,Sunny,https://api-apps.bmkg.go.id/storage/icon/cuaca/cerah-pm.svg,2026-09-21T13:00:00Z
73,73.71,73.71.02,73.71.02.1006,73.71.02.1006,Sulawesi Selatan,Kota Makassar,Mamajang,Bonto Lebang,2026-09-19T12:00:00,2026-09-21 16:00:00,2026-09-22 00:00:00,51-52,27,70,0,47,6.4,W,294,E,,,1,Cerah,Sunny,https://api-apps.bmkg.go.id/storage/icon/cuaca/cerah-pm.svg,2026-09-21T16:00:00Z
73,73.71,73.71.02,73.71.02.1006,73.71.02.1006,Sulawesi Selatan,Kota Makassar,Mamajang,Bonto Lebang,2026-09-19T12:00:00,2026-09-21 19:00:00,2026-09-22 03:00:00,54-55,26,71,0,36,7.7,SE,178,NW,,,1,Cerah,Sunny,https://api-apps.bmkg.go.id/storage/icon/cuaca/cerah-pm.svg,2026-09-21T19:00:00Z
73,73.71,73.71.02,73.71.02.1006,73.71.02.1006,Sulawesi Selatan,Kota Makassar,Mamajang,Bonto Lebang,2026-09-19T12:00:00,2026-09-21 22:00:00,2026-09-22 06:00:00,57-58,27,71,0,2,6,W,296,E,,,0,Cerah,Sunny,https://api-apps.bmkg.go.id/storage/icon/cuaca/cerah-am.svg,2026-09-21T22:00:00Z
73,73.71,73.71.02,73.71.02.1007,73.71.02.1007,Sulawesi Selatan,Kota Makassar,Mamajang,Pa'Batang,2026-09-19T12:00:00,2026-09-19 16:00:00,2026-09-20 00:00:00,3-4,27,67,0,2,6.7,NW,326,SE,,,0,Cerah,Sunny,https://api-apps.bmkg.go.id/storage/icon/cuaca/cerah-pm.svg,2026-09-19T16:00:00Z
73,73.71,73.71.02,73.71.02.1007,73.71.02.1007,Sulawesi Selatan,Kota Makassar,Mamajang,Pa'Batang,2026-09-19T12:00:00,2026-09-19 19:00:00,2026-09-20 03:00:00,6-7,27,67,0,32,4.1,NE,75,SW,,,1,Cerah,Sunny,https://api-apps.bmkg.go.id/storage/icon/cuaca/cerah-pm.svg,2026-09-19T19:00:00Z
73,73.71,73.71.02,73.71.02.1007,73.71.02.1007,Sulawesi Selatan,Kota Makassar,Mamajang,Pa'Batang,2026-09-19T12:00:00,2026-09-19 22:00:00,2026-09-20 06:00:00,9-10,27,67,0,5,2.3,SW,261,NE,,,0,Cerah,Sunny,https://api-apps.bmkg.go.id/storage/icon/cuaca/cerah-am.svg,2026-09-19T22:00:00Z
73,73.71,73.71.02,73.71.02.1007,73.71.02.1007,Sulawesi Selatan,Kota Makassar,Mamajang,Pa'Batang,2026-09-19T12:00:00,2026-09-20 01:00:00,2026-09-20 09:00:00,12-13,30,55,0,24,15.2,SW,249,NE,,,1,Cerah,Sunny,https://api-apps.bmkg.go.id/storage/icon/cuaca/cerah-am.svg,2026-09-20T01:00:00Z
73,73.71,73.71.02,73.71.02.1007,73.71.02.1007,Sulawesi Selatan,Kota Makassar,Mamajang,Pa'Batang,2026-09-19T12:00:00,2026-09-20 04:00:00,2026-09-20 12:00:00,15-16,30,61,0,23,15.7,SW,256,NE,,,1,Cerah,Sunny,https://api-apps.bmkg.go.id/storage/icon/cuaca/cerah-am.svg,2026-09-20T04:00:00Z
73,73.71,73.71.02,73.71.02.1007,73.71.02.1007,Sulawesi Selatan,Kota Makassar,Mamajang,Pa'Batang,2026-09-19T12:00:00,2026-09-20 07:00:00,2026-09-20 15:00:00,18-19,29,66,0,29,13.3,SW,269,NE,,,1,Cerah,Sunny,https://api-apps.bmkg.go.id/storage/icon/cuaca/cerah-am.svg,2026-09-20T07:00:00Z
73,73.71,73.71.02,73.71.02.1007,73.71.02.1007,Sulawesi Selatan,Kota Makassar,Mamajang,Pa'Batang,2026-09-19T12:00:00,2026-09-20 10:00:00,2026-09-20 18:00:00,21-22,28,75,0,10,6.3,NE,67,SW,,,1,Cerah,Sunny,https://api-apps.bmkg.go.id/storage/icon/cuaca/cerah-pm.svg,2026-09-20T10:00:00Z
73,73.71,73.71.02,73.71.02.1007,73.71.02.1007,Sulawesi Selatan,Kota Makassar,Mamajang,Pa'Batang,2026-09-19T12:00:00,2026-09-20 13:00:00,2026-09-20 21:00:00,24-25,28,70,0,0,4.3,S,193,N,,,0,Cerah,Sunny,https://api-apps.bmkg.go.id/storage/icon/cuaca/cerah-pm.svg,2026-09-20T13:00:00Z
73,73.71,73.71.02,73.71.02.1007,73.71.02.1007,Sulawesi Selatan,Kota Makassar,Mamajang,Pa'Batang,2026-09-19T12:00:00,2026-09-20 16:00:00,2026-09-21 00:00:00,27-28,27,75,0,0,6,SW,232,NE,,,0,Cerah,Sunny,https://api-apps.bmkg.go.id/storage/icon/cuaca/cerah-pm.svg,2026-09-20T16:00:00Z
73,73.71,73.71.02,73.71.02.1007,73.71.02.1007,Sulawesi Selatan,Kota Makassar,Mamajang,Pa'Batang,2026-09-19T12:00:00,2026-09-20 19:00:00,2026-09-21 03:00:00,30-31,26,74,0,7,3.4,NE,66,SW,,,0,Cerah,Sunny,https://api-apps.bmkg.go.id/storage/icon/cuaca/cerah-pm.svg,2026-09-20T19:00:00Z
73,73.71,73.71.02,73.71.02.1007,73.71.02.1007,Sulawesi Selatan,Kota Makassar,Mamajang,Pa'Batang,2026-09-19T12:00:00,2026-09-20 22:00:00,2026-09-21 06:00:00,33-34,27,70,0,52,4.9,S,192,N,,,1,Cerah,Sunny,https://api-apps.bmkg.go.id/storage/icon/cuaca/cerah-am.svg,2026-09-20T22:00:00Z
73,73.71,73.71.02,73.71.02.1007,73.71.02.1007,Sulawesi Selatan,Kota Makassar,Mamajang,Pa'Batang,2026-09-19T12:00:00,2026-09-21 01:00:00,2026-09-21 09:00:00,36-37,30,63,0,23,12.6,SW,236,NE,,,1,Cerah,Sunny,https://api-apps.bmkg.go.id/storage/icon/cuaca/cerah-am.svg,2026-09-21T01:00:00Z
73,73.71,73.71.02,73.71.02.1007,73.71.02.1007,Sulawesi Selatan,Kota Makassar,Mamajang,Pa'Batang,2026-09-19T12:00:00,2026-09-21 04:00:00,2026-09-21 12:00:00,39-40,30,64,0,23,16.2,SW,245,NE,,,1,Cerah,Sunny,https://api-apps.bmkg.go.id/storage/icon/cuaca/cerah-am.svg,2026-09-21T04:00:00Z
73,73.71,73.71.02,73.71.02.1007,73.71.02.1007,Sulawesi Selatan,Kota Makassar,Mamajang,Pa'Batang,2026-09-19T12:00:00,2026-09-21 07:00:00,2026-09-21 15:00:00,42-43,32,60,0,37,5,SW,252,NE,,,1,Cerah,Sunny,https://api-apps.bmkg.go.id/storage/icon/cuaca/cerah-am.svg,2026-09-21T07:00:00Z
73,73.71,73.71.02,73.71.02.1007,73.71.02.1007,Sulawesi Selatan,Kota Makassar,Mamajang,Pa'Batang,2026-09-19T12:00:00,2026-09-21 10:00:00,2026-09-21 18:00:00,45-46,30,64,0,27,4.1,N,2,S,,,1,Cerah,Sunny,https://api-apps.bmkg.go.id/storage/icon/cuaca/cerah-pm.svg,2026-09-21T10:00:00Z
73,73.71,73.71.02,73.71.02.1007,73.71.02.1007,Sulawesi Selatan,Kota Makassar,Mamajang,Pa'Batang,2026-09-19T12:00:00,2026-09-21 13:00:00,2026-09-21 21:00:00,48-49,29,62,0,32,9.6,S,217,N,,,1,Cerah,Sunny,https://api-apps.bmkg.go.id/storage/icon/cuaca/cerah-pm.svg,2026-09-21T13:00:00Z
73,73.71,73.71.02,73.71.02.1007,73.71.02.1007,Sulawesi Selatan,Kota Makassar,Mamajang,Pa'Batang,2026-09-19T12:00:00,2026-09-21 16:00:00,2026-09-22 00:00:00,51-52,27,70,0,47,6.4,W,294,E,,,1,Cerah,Sunny,https://api-apps.bmkg.go.id/storage/icon/cuaca/cerah-pm.svg,2026-09-21T16:00:00Z
73,73.71,73.71.02,73.71.02.1007,73.71.02.1007,Sulawesi Selatan,Kota Makassar,Mamajang,Pa'Batang,2026-09-19T12:00:00,2026-09-21 19:00:00,2026-09-22 03:00:00,54-55,26,71,0,36,7.7,SE,178,NW,,,1,Cerah,Sunny,https://api-apps.bmkg.go.id/storage/icon/cuaca/cerah-pm.svg,2026-09-21T19:00:00Z
73,73.71,73.71.02,73.71.02.1007,73.71.02.1007,Sulawesi Selatan,Kota Makassar,Mamajang,Pa'Batang,2026-09-19T12:00:00,2026-09-21 22:00:00,2026-09-22 06:00:00,57-58,27,71,0,2,6,W,296,E,,,0,Cerah,Sunny,https://api-apps.bmkg.go.id/storage/icon/cuaca/cerah-am.svg,2026-09-21T22:00:00Z
73,73.71,73.71.02,73.71.02.1008,73.71.02.1008,Sulawesi Selatan,Kota Makassar,Mamajang,Bonto Biraeng,2026-09-19T12:00:00,2026-09-19 16:00:00,2026-09-20 00:00:00,3-4,27,67,0,2,6.7,NW,326,SE,,,0,Cerah,Sunny,https://api-apps.bmkg.go.id/storage/icon/cuaca/cerah-pm.svg,2026-09-19T16:00:00Z
73,73.71,73.71.02,73.71.02.1008,73.71.02.1008,Sulawesi Selatan,Kota Makassar,Mamajang,Bonto Biraeng,2026-09-19T12:00:00,2026-09-19 19:00:00,2026-09-20 03:00:00,6-7,27,68,0,35,4.1,NE,75,SW,,,1,Cerah,Sunny,https://api-apps.bmkg.go.id/storage/icon/cuaca/cerah-pm.svg,2026-09-19T19:00:00Z
73,73.71,73.71.02,73.71.02.1008,73.71.02.1008,Sulawesi Selatan,Kota Makassar,Mamajang,Bonto Biraeng,2026-09-19T12:00:00,2026-09-19 22:00:00,2026-09-20 06:00:00,9-10,27,66,0,5,2.3,SW,261,NE,,,0,Cerah,Sunny,https://api-apps.bmkg.go.id/storage/icon/cuaca/cerah-am.svg,2026-09-19T22:00:00Z
73,73.71,73.71.02,73.71.02.1008,73.71.02.1008,Sulawesi Selatan,Kota Makassar,Mamajang,Bonto Biraeng,2026-09-19T12:00:00,2026-09-20 01:00:00,2026-09-20 09:00:00,12-13,30,56,0,22,15.2,SW,249,NE,,,1,Cerah,Sunny,https://api-apps.bmkg.go.id/storage/icon/cuaca/cerah-am.svg,2026-09-20T01:00:00Z
73,73.71,73.71.02,73.71.02.1008,73.71.02.1008,Sulawesi Selatan,Kota Makassar,Mamajang,Bonto Biraeng,2026-09-19T12:00:00,2026-09-20 04:00:00,2026-09-20 12:00:00,15-16,30,62,0,22,15.7,SW,256,NE,,,1,Cerah,Sunny,https://api-apps.bmkg.go.id/storage/icon/cuaca/cerah-am.svg,2026-09-20T04:00:00Z
73,73.71,73.71.02,73.71.02.1008,73.71.02.1008,Sulawesi Selatan,Kota Makassar,Mamajang,Bonto Biraeng,2026-09-19T12:00:00,2026-09-20 07:00:00,2026-09-20 15:00:00,18-19,29,68,0,28,13.3,SW,269,NE,,,1,Cerah,Sunny,https://api-apps.bmkg.go.id/storage/icon/cuaca/cerah-am.svg,2026-09-20T07:00:00Z
73,73.71,73.71.02,73.71.02.1008,73.71.02.1008,Sulawesi Selatan,Kota Makassar,Mamajang,Bonto Biraeng,2026-09-19T12:00:00,2026-09-20 10:00:00,2026-09-20 18:00:00,21-22,28,77,0,10,6.3,NE,67,SW,,,0,Cerah,Sunny,https://api-apps.bmkg.go.id/storage/icon/cuaca/cerah-pm.svg,2026-09-20T10:00:00Z
73,73.71,73.71.02,73.71.02.1008,73.71.02.1008,Sulawesi Selatan,Kota Makassar,Mamajang,Bonto Biraeng,2026-09-19T12:00:00,2026-09-20 13:00:00,2026-09-20 21:00:00,24-25,28,69,0,0,4.3,S,193,N,,,0,Cerah,Sunny,https://api-apps.bmkg.go.id/storage/icon/cuaca/cerah-pm.svg,2026-09-20T13:00:00Z
73,73.71,73.71.02,73.71.02.1008,73.71.02.1008,Sulawesi Selatan,Kota Makassar,Mamajang,Bonto Biraeng,2026-09-19T12:00:00,2026-09-20 16:00:00,2026-09-21 00:00:00,27-28,27,72,0,1,6,SW,232,NE,,,0,Cerah,Sunny,https://api-apps.bmkg.go.id/storage/icon/cuaca/cerah-pm.svg,2026-09-20T16:00:00Z
73,73.71,73.71.02,73.71.02.1008,73.71.02.1008,Sulawesi Selatan,Kota Makassar,Mamajang,Bonto Biraeng,2026-09-19T12:00:00,2026-09-20 19:00:00,2026-09-21 03:00:00,30-31,27,72,0,8,3.4,NE,66,SW,,,0,Cerah,Sunny,https://api-apps.bmkg.go.id/storage/icon/cuaca/cerah-pm.svg,2026-09-20T19:00:00Z
73,73.71,73.71.02,73.71.02.1008,73.71.02.1008,Sulawesi Selatan,Kota Makassar,Mamajang,Bonto Biraeng,2026-09-19T12:00:00,2026-09-20 22:00:00,2026-09-21 06:00:00,33-34,27,70,0,56,4.9,S,192,N,,,1,Cerah,Sunny,https://api-apps.bmkg.go.id/storage/icon/cuaca/cerah-am.svg,2026-09-20T22:00:00Z
73,73.71,73.71.02,73.71.02.1008,73.71.02.1008,Sulawesi Selatan,Kota Makassar,Mamajang,Bonto Biraeng,2026-09-19T12:00:00,2026-09-21 01:00:00,2026-09-21 09:00:00,36-37,30,63,0,31,12.6,SW,236,NE,,,1,Cerah,Sunny,https://api-apps.bmkg.go.id/storage/icon/cuaca/cerah-am.svg,2026-09-21T01:00:00Z
73,73.71,73.71.02,73.71.02.1008,73.71.02.1008,Sulawesi Selatan,Kota Makassar,Mamajang,Bonto Biraeng,2026-09-19T12:00:00,2026-09-21 04:00:00,2026-09-21 12:00:00,39-40,30,66,0,22,16.2,SW,245,NE,,,1,Cerah,Sunny,https://api-apps.bmkg.go.id/storage/icon/cuaca/cerah-am.svg,2026-09-21T04:00:00Z
73,73.71,73.71.02,73.71.02.1008,73.71.02.1008,Sulawesi Selatan,Kota Makassar,Mamajang,Bonto Biraeng,2026-09-19T12:00:00,2026-09-21 07:00:00,2026-09-21 15:00:00,42-43,31,64,0,35,5,SW,252,NE,,,1,Cerah,Sunny,https://api-apps.bmkg.go.id/storage/icon/cuaca/cerah-am.svg,2026-09-21T07:00:00Z
73,73.71,73.71.02,73.71.02.1008,73.71.02.1008,Sulawesi Selatan,Kota Makassar,Mamajang,Bonto Biraeng,2026-09-19T12:00:00,2026-09-21 10:00:00,2026-09-21 18:00:00,45-46,30,67,0,26,4.1,N,2,S,,,1,Cerah,Sunny,https://api-apps.bmkg.go.id/storage/icon/cuaca/cerah-pm.svg,2026-09-21T10:00:00Z
73,73.71,73.71.02,73.71.02.1008,73.71.02.1008,Sulawesi Selatan,Kota Makassar,Mamajang,Bonto Biraeng,2026-09-19T12:00:00,2026-09-21 13:00:00,2026-09-21 21:00:00,48-49,29,60,0,37,9.6,S,217,N,,,1,Cerah,Sunny,https://api-apps.bmkg.go.id/storage/icon/cuaca/cerah-pm.svg,2026-09-21T13:00:00Z
73,73.71,73.71.02,73.71.02.1008,73.71.02.1008,Sulawesi Selatan,Kota Makassar,Mamajang,Bonto Biraeng,2026-09-19T12:00:00,2026-09-21 16:00:00,2026-09-22 00:00:00,51-52,27,69,0,48,6.4,W,294,E,,,1,Cerah,Sunny,https://api-apps.bmkg.go.id/storage/icon/cuaca/cerah-pm.svg,2026-09-21T16:00:00Z
73,73.71,73.71.02,73.71.02.1008,73.71.02.1008,Sulawesi Selatan,Kota Makassar,Mamajang,Bonto Biraeng,2026-09-19T12:00:00,2026-09-21 19:00:00,2026-09-22 03:00:00,54-55,27,69,0,36,7.7,SE,178,NW,,,1,Cerah,Sunny,https://api-apps.bmkg.go.id/storage/icon/cuaca/cerah-pm.svg,2026-09-21T19:00:00Z
73,73.71,73.71.02,73.71.02.1008,73.71.02.1008,Sulawesi Selatan,Kota Makassar,Mamajang,Bonto Biraeng,2026-09-19T12:00:00,2026-09-21 22:00:00,2026-09-22 06:00:00,57-58,27,70,0,2,6,W,296,E,,,0,Cerah,Sunny,https://api-apps.bmkg.go.id/storage/icon/cuaca/cerah-am.svg,2026-09-21T22:00:00Z
73,73.71,73.71.02,73.71.02.1009,73.71.02.1009,Sulawesi Selatan,Kota Makassar,Mamajang,Labuang Baji,2026-09-19T12:00:00,2026-09-19 16:00:00,2026-09-20 00:00:00,3-4,27,67,0,2,6.7,NW,326,SE,,,0,Cerah,Sunny,https://api-apps.bmkg.go.id/storage/icon/cuaca/cerah-pm.svg,2026-09-19T16:00:00Z
73,73.71,73.71.02,73.71.02.1009,73.71.02.1009,Sulawesi Selatan,Kota Makassar,Mamajang,Labuang Baji,2026-09-19T12:00:00,2026-09-19 19:00:00,2026-09-20 03:00:00,6-7,27,68,0,35,4.1,NE,75,SW,,,1,Cerah,Sunny,https://api-apps.bmkg.go.id/storage/icon/cuaca/cerah-pm.svg,2026-09-19T19:00:00Z
73,73.71,73.71.02,73.71.02.1009,73.71.02.1009,Sulawesi Selatan,Kota Makassar,Mamajang,Labuang Baji,2026-09-19T12:00:00,2026-09-19 22:00:00,2026-09-20 06:00:00,9-10,27,66,0,5,2.3,SW,261,NE,,,0,Cerah,Sunny,https://api-apps.bmkg.go.id/storage/icon/cuaca/cerah-am.svg,2026-09-19T22:00:00Z
73,73.71,73.71.02,73.71.02.1009,73.71.02.1009,Sulawesi Selatan,Kota Makassar,Mamajang,Labuang Baji,2026-09-19T12:00:00,2026-09-20 01:00:00,2026-09-20 09:00:00,12-13,30,56,0,22,15.2,SW,249,NE,,,1,Cerah,Sunny,https://api-apps.bmkg.go.id/storage/icon/cuaca/cerah-am.svg,2026-09-20T01:00:00Z
73,73.71,73.71.02,73.71.02.1009,73.71.02.1009,Sulawesi Selatan,Kota Makassar,Mamajang,Labuang Baji,2026-09-19T12:00:00,2026-09-20 04:00:00,2026-09-20 12:00:00,15-16,30,62,0,22,15.7,SW,256,NE,,,1,Cerah,Sunny,https://api-apps.bmkg.go.id/storage/icon/cuaca/cerah-am.svg,2026-09-20T04:00:00Z
73,73.71,73.71.02,73.71.02.1009,73.71.02.1009,Sulawesi Selatan,Kota Makassar,Mamajang,Labuang Baji,2026-09-19T12:00:00,2026-09-20 07:00:00,2026-09-20 15:00:00,18-19,29,68,0,28,13.3,SW,269,NE,,,1,Cerah,Sunny,https://api-apps.bmkg.go.id/storage/icon/cuaca/cerah-am.svg,2026-09-20T07:00:00Z
73,73.71,73.71.02,73.71.02.1009,73.71.02.1009,Sulawesi Selatan,Kota Makassar,Mamajang,Labuang Baji,2026-09-19T12:00:00,2026-09-20 10:00:00,2026-09-20 18:00:00,21-22,28,77,0,10,6.3,NE,67,SW,,,0,Cerah,Sunny,https://api-apps.bmkg.go.id/storage/icon/cuaca/cerah-pm.svg,2026-09-20T10:00:00Z
73,73.71,73.71.02,73.71.02.1009,73.71.02.1009,Sulawesi Selatan,Kota Makassar,Mamajang,Labuang Baji,2026-09-19T12:00:00,2026-09-20 13:00:00,2026-09-20 21:00:00,24-25,28,69,0,0,4.3,S,193,N,,,0,Cerah,Sunny,https://api-apps.bmkg.go.id/storage/icon/cuaca/cerah-pm.svg,2026-09-20T13:00:00Z
73,73.71,73.71.02,73.71.02.1009,73.71.02.1009,Sulawesi Selatan,Kota Makassar,Mamajang,Labuang Baji,2026-09-19T12:00:00,2026-09-20 16:00:00,2026-09-21 00:00:00,27-28,27,72,0,1,6,SW,232,NE,,,0,Cerah,Sunny,https://api-apps.bmkg.go.id/storage/icon/cuaca/cerah-pm.svg,2026-09-20T16:00:00Z
73,73.71,73.71.02,73.71.02.1009,73.71.02.1009,Sulawesi Selatan,Kota Makassar,Mamajang,Labuang Baji,2026-09-19T12:00:00,2026-09-20 19:00:00,2026-09-21 03:00:00,30-31,27,72,0,8,3.4,NE,66,SW,,,0,Cerah,Sunny,https://api-apps.bmkg.go.id/storage/icon/cuaca/cerah-pm.svg,2026-09-20T19:00:00Z
73,73.71,73.71.02,73.71.02.1009,73.71.02.1009,Sulawesi Selatan,Kota Makassar,Mamajang,Labuang Baji,2026-09-19T12:00:00,2026-09-20 22:00:00,2026-09-21 06:00:00,33-34,27,70,0,56,4.9,S,192,N,,,1,Cerah,Sunny,https://api-apps.bmkg.go.id/storage/icon/cuaca/cerah-am.svg,2026-09-20T22:00:00Z
73,73.71,73.71.02,73.71.02.1009,73.71.02.1009,Sulawesi Selatan,Kota Makassar,Mamajang,Labuang Baji,2026-09-19T12:00:00,2026-09-21 01:00:00,2026-09-21 09:00:00,36-37,30,63,0,31,12.6,SW,236,NE,,,1,Cerah,Sunny,https://api-apps.bmkg.go.id/storage/icon/cuaca/cerah-am.svg,2026-09-21T01:00:00Z
73,73.71,73.71.02,73.71.02.1009,73.71.02.1009,Sulawesi Selatan,Kota Makassar,Mamajang,Labuang Baji,2026-09-19T12:00:00,2026-09-21 04:00:00,2026-09-21 12:00:00,39-40,30,66,0,22,16.2,SW,245,NE,,,1,Cerah,Sunny,https://api-apps.bmkg.go.id/storage/icon/cuaca/cerah-am.svg,2026-09-21T04:00:00Z
73,73.71,73.71.02,73.71.02.1009,73.71.02.1009,Sulawesi Selatan,Kota Makassar,Mamajang,Labuang Baji,2026-09-19T12:00:00,2026-09-21 07:00:00,2026-09-21 15:00:00,42-43,31,64,0,35,5,SW,252,NE,,,1,Cerah,Sunny,https://api-apps.bmkg.go.id/storage/icon/cuaca/cerah-am.svg,2026-09-21T07:00:00Z
73,73.71,73.71.02,73.71.02.1009,73.71.02.1009,Sulawesi Selatan,Kota Makassar,Mamajang,Labuang Baji,2026-09-19T12:00:00,2026-09-21 10:00:00,2026-09-21 18:00:00,45-46,30,67,0,26,4.1,N,2,S,,,1,Cerah,Sunny,https://api-apps.bmkg.go.id/storage/icon/cuaca/cerah-pm.svg,2026-09-21T10:00:00Z
73,73.71,73.71.02,73.71.02.1009,73.71.02.1009,Sulawesi Selatan,Kota Makassar,Mamajang,Labuang Baji,2026-09-19T12:00:00,2026-09-21 13:00:00,2026-09-21 21:00:00,48-49,29,60,0,37,9.6,S,217,N,,,1,Cerah,Sunny,https://api-apps.bmkg.go.id/storage/icon/cuaca/cerah-pm.svg,2026-09-21T13:00:00Z
73,73.71,73.71.02,73.71.02.1009,73.71.02.1009,Sulawesi Selatan,Kota Makassar,Mamajang,Labuang Baji,2026-09-19T12:00:00,2026-09-21 16:00:00,2026-09-22 00:00:00,51-52,27,69,0,48,6.4,W,294,E,,,1,Cerah,Sunny,https://api-apps.bmkg.go.id/storage/icon/cuaca/cerah-pm.svg,2026-09-21T16:00:00Z
73,73.71,73.71.02,73.71.02.1009,73.71.02.1009,Sulawesi Selatan,Kota Makassar,Mamajang,Labuang Baji,2026-09-19T12:00:00,2026-09-21 19:00:00,2026-09-22 03:00:00,54-55,27,69,0,36,7.7,SE,178,NW,,,1,Cerah,Sunny,https://api-apps.bmkg.go.id/storage/icon/cuaca/cerah-pm.svg,2026-09-21T19:00:00Z
73,73.71,73.71.02,73.71.02.1009,73.71.02.1009,Sulawesi Selatan,Kota Makassar,Mamajang,Labuang Baji,2026-09-19T12:00:00,2026-09-21 22:00:00,2026-09-22 06:00:00,57-58,27,70,0,2,6,W,296,E,,,0,Cerah,Sunny,https://api-apps.bmkg.go.id/storage/icon/cuaca/cerah-am.svg,2026-09-21T22:00:00Z
73,73.71,73.71.02,73.71.02.1010,73.71.02.1010,Sulawesi Selatan,Kota Makassar,Mamajang,Mandala,2026-09-19T12:00:00,2026-09-19 16:00:00,2026-09-20 00:00:00,3-4,27,67,0,2,6.7,NW,326,SE,,,0,Cerah,Sunny,https://api-apps.bmkg.go.id/storage/icon/cuaca/cerah-pm.svg,2026-09-19T16:00:00Z
73,73.71,73.71.02,73.71.02.1010,73.71.02.1010,Sulawesi Selatan,Kota Makassar,Mamajang,Mandala,2026-09-19T12:00:00,2026-09-19 19:00:00,2026-09-20 03:00:00,6-7,27,68,0,35,4.1,NE,75,SW,,,1,Cerah,Sunny,https://api-apps.bmkg.go.id/storage/icon/cuaca/cerah-pm.svg,2026-09-19T19:00:00Z
73,73.71,73.71.02,73.71.02.1010,73.71.02.1010,Sulawesi Selatan,Kota Makassar,Mamajang,Mandala,2026-09-19T12:00:00,2026-09-19 22:00:00,2026-09-20 06:00:00,9-10,27,66,0,5,2.3,SW,261,NE,,,0,Cerah,Sunny,https://api-apps.bmkg.go.id/storage/icon/cuaca/cerah-am.svg,2026-09-19T22:00:00Z
73,73.71,73.71.02,73.71.02.1010,73.71.02.1010,Sulawesi Selatan,Kota Makassar,Mamajang,Mandala,2026-09-19T12:00:00,2026-09-20 01:00:00,2026-09-20 09:00:00,12-13,30,56,0,22,15.2,SW,249,NE,,,1,Cerah,Sunny,https://api-apps.bmkg.go.id/storage/icon/cuaca/cerah-am.svg,2026-09-20T01:00:00Z
73,73.71,73.71.02,73.71.02.1010,73.71.02.1010,Sulawesi Selatan,Kota Makassar,Mamajang,Mandala,2026-09-19T12:00:00,2026-09-20 04:00:00,2026-09-20 12:00:00,15-16,30,62,0,22,15.7,SW,256,NE,,,1,Cerah,Sunny,https://api-apps.bmkg.go.id/storage/icon/cuaca/cerah-am.svg,2026-09-20T04:00:00Z
73,73.71,73.71.02,73.71.02.1010,73.71.02.1010,Sulawesi Selatan,Kota Makassar,Mamajang,Mandala,2026-09-19T12:00:00,2026-09-20 07:00:00,2026-09-20 15:00:00,18-19,29,68,0,28,13.3,SW,269,NE,,,1,Cerah,Sunny,https://api-apps.bmkg.go.id/storage/icon/cuaca/cerah-am.svg,2026-09-20T07:00:00Z
73,73.71,73.71.02,73.71.02.1010,73.71.02.1010,Sulawesi Selatan,Kota Makassar,Mamajang,Mandala,2026-09-19T12:00:00,2026-09-20 10:00:00,2026-09-20 18:00:00,21-22,28,77,0,10,6.3,NE,67,SW,,,0,Cerah,Sunny,https://api-apps.bmkg.go.id/storage/icon/cuaca/cerah-pm.svg,2026-09-20T10:00:00Z
73,73.71,73.71.02,73.71.02.1010,73.71.02.1010,Sulawesi Selatan,Kota Makassar,Mamajang,Mandala,2026-09-19T12:00:00,2026-09-20 13:00:00,2026-09-20 21:00:00,24-25,28,69,0,0,4.3,S,193,N,,,0,Cerah,Sunny,https://api-apps.bmkg.go.id/storage/icon/cuaca/cerah-pm.svg,2026-09-20T13:00:00Z
73,73.71,73.71.02,73.71.02.1010,73.71.02.1010,Sulawesi Selatan,Kota Makassar,Mamajang,Mandala,2026-09-19T12:00:00,2026-09-20 16:00:00,2026-09-21 00:00:00,27-28,27,72,0,1,6,SW,232,NE,,,0,Cerah,Sunny,https://api-apps.bmkg.go.id/storage/icon/cuaca/cerah-pm.svg,2026-09-20T16:00:00Z
73,73.71,73.71.02,73.71.02.1010,73.71.02.1010,Sulawesi Selatan,Kota Makassar,Mamajang,Mandala,2026-09-19T12:00:00,2026-09-20 19:00:00,2026-09-21 03:00:00,30-31,27,72,0,8,3.4,NE,66,SW,,,0,Cerah,Sunny,https://api-apps.bmkg.go.id/storage/icon/cuaca/cerah-pm.svg,2026-09-20T19:00:00Z
73,73.71,73.71.02,73.71.02.1010,73.71.02.1010,Sulawesi Selatan,Kota Makassar,Mamajang,Mandala,2026-09-19T12:00:00,2026-09-20 22:00:00,2026-09-21 06:00:00,33-34,27,70,0,56,4.9,S,192,N,,,1,Cerah,Sunny,https://api-apps.bmkg.go.id/storage/icon/cuaca/cerah-am.svg,2026-09-20T22:00:00Z
73,73.71,73.71.02,73.71.02.1010,73.71.02.1010,Sulawesi Selatan,Kota Makassar,Mamajang,Mandala,2026-09-19T12:00:00,2026-09-21 01:00:00,2026-09-21 09:00:00,36-37,30,63,0,31,12.6,SW,236,NE,,,1,Cerah,Sunny,https://api-apps.bmkg.go.id/storage/icon/cuaca/cerah-am.svg,2026-09-21T01:00:00Z
73,73.71,73.71.02,73.71.02.1010,73.71.02.1010,Sulawesi Selatan,Kota Makassar,Mamajang,Mandala,2026-09-19T12:00:00,2026-09-21 04:00:00,2026-09-21 12:00:00,39-40,30,66,0,22,16.2,SW,245,NE,,,1,Cerah,Sunny,https://api-apps.bmkg.go.id/storage/icon/cuaca/cerah-am.svg,2026-09-21T04:00:00Z
73,73.71,73.71.02,73.71.02.1010,73.71.02.1010,Sulawesi Selatan,Kota Makassar,Mamajang,Mandala,2026-09-19T12:00:00,2026-09-21 07:00:00,2026-09-21 15:00:00,42-43,31,64,0,35,5,SW,252,NE,,,1,Cerah,Sunny,https://api-apps.bmkg.go.id/storage/icon/cuaca/cerah-am.svg,2026-09-21T07:00:00Z
73,73.71,73.71.02,73.71.02.1010,73.71.02.1010,Sulawesi Selatan,Kota Makassar,Mamajang,Mandala,2026-09-19T12:00:00,2026-09-21 10:00:00,2026-09-21 18:00:00,45-46,30,67,0,26,4.1,N,2,S,,,1,Cerah,Sunny,https://api-apps.bmkg.go.id/storage/icon/cuaca/cerah-pm.svg,2026-09-21T10:00:00Z
73,73.71,73.71.02,73.71.02.1010,73.71.02.1010,Sulawesi Selatan,Kota Makassar,Mamajang,Mandala,2026-09-19T12:00:00,2026-09-21 13:00:00,2026-09-21 21:00:00,48-49,29,60,0,37,9.6,S,217,N,,,1,Cerah,Sunny,https://api-apps.bmkg.go.id/storage/icon/cuaca/cerah-pm.svg,2026-09-21T13:00:00Z
73,73.71,73.71.02,73.71.02.1010,73.71.02.1010,Sulawesi Selatan,Kota Makassar,Mamajang,Mandala,2026-09-19T12:00:00,2026-09-21 16:00:00,2026-09-22 00:00:00,51-52,27,69,0,48,6.4,W,294,E,,,1,Cerah,Sunny,https://api-apps.bmkg.go.id/storage/icon/cuaca/cerah-pm.svg,2026-09-21T16:00:00Z
73,73.71,73.71.02,73.71.02.1010,73.71.02.1010,Sulawesi Selatan,Kota Makassar,Mamajang,Mandala,2026-09-19T12:00:00,2026-09-21 19:00:00,2026-09-22 03:00:00,54-55,27,69,0,36,7.7,SE,178,NW,,,1,Cerah,Sunny,https://api-apps.bmkg.go.id/storage/icon/cuaca/cerah-pm.svg,2026-09-21T19:00:00Z
73,73.71,73.71.02,73.71.02.1010,73.71.02.1010,Sulawesi Selatan,Kota Makassar,Mamajang,Mandala,2026-09-19T12:00:00,2026-09-21 22:00:00,2026-09-22 06:00:00,57-58,27,70,0,2,6,W,296,E,,,0,Cerah,Sunny,https://api-apps.bmkg.go.id/storage/icon/cuaca/cerah-am.svg,2026-09-21T22:00:00Z
73,73.71,73.71.02,73.71.02.1011,73.71.02.1011,Sulawesi Selatan,Kota Makassar,Mamajang,Tamparang Keke,2026-09-19T12:00:00,2026-09-19 15:00:00,2026-09-19 23:00:00,2-3,27,71,0,61,9,S,200,N,,,2,Cerah Berawan,Partly Cloudy,https://api-apps.bmkg.go.id/storage/icon/cuaca/cerah berawan-pm.svg,2026-09-19T15:00:00Z
73,73.71,73.71.02,73.71.02.1011,73.71.02.1011,Sulawesi Selatan,Kota Makassar,Mamajang,Tamparang Keke,2026-09-19T12:00:00,2026-09-19 18:00:00,2026-09-20 02:00:00,5-6,27,67,0,3,6.7,NW,326,SE,,,0,Cerah,Sunny,https://api-apps.bmkg.go.id/storage/icon/cuaca/cerah-pm.svg,2026-09-19T18:00:00Z
73,73.71,73.71.02,73.71.02.1011,73.71.02.1011,Sulawesi Selatan,Kota Makassar,Mamajang,Tamparang Keke,2026-09-19T12:00:00,2026-09-19 21:00:00,2026-09-20 05:00:00,8-9,26,69,0,5,4.1,NE,75,SW,,,0,Cerah,Sunny,https://api-apps.bmkg.go.id/storage/icon/cuaca/cerah-pm.svg,2026-09-19T21:00:00Z
73,73.71,73.71.02,73.71.02.1011,73.71.02.1011,Sulawesi Selatan,Kota Makassar,Mamajang,Tamparang Keke,2026-09-19T12:00:00,2026-09-20 00:00:00,2026-09-20 08:00:00,11-12,29,57,0,24,2.3,SW,261,NE,,,1,Cerah,Sunny,https://api-apps.bmkg.go.id/storage/icon/cuaca/cerah-am.svg,2026-09-20T00:00:00Z
73,73.71,73.71.02,73.71.02.1011,73.71.02.1011,Sulawesi Selatan,Kota Makassar,Mamajang,Tamparang Keke,2026-09-19T12:00:00,2026-09-20 03:00:00,2026-09-20 11:00:00,14-15,29,66,0,29,15.2,SW,249,NE,,,1,Cerah,Sunny,https://api-apps.bmkg.go.id/storage/icon/cuaca/cerah-am.svg,2026-09-20T03:00:00Z
73,73.71,73.71.02,73.71.02.1011,73.71.02.1011,Sulawesi Selatan,Kota Makassar,Mamajang,Tamparang Keke,2026-09-19T12:00:00,2026-09-20 06:00:00,2026-09-20 14:00:00,17-18,29,66,0,27,15.7,SW,256,NE,,,1,Cerah,Sunny,https://api-apps.bmkg.go.id/storage/icon/cuaca/cerah-am.svg,2026-09-20T06:00:00Z
73,73.71,73.71.02,73.71.02.1011,73.71.02.1011,Sulawesi Selatan,Kota Makassar,Mamajang,Tamparang Keke,2026-09-19T12:00:00,2026-09-20 09:00:00,2026-09-20 17:00:00,20-21,28,76,0,20,13.3,SW,269,NE,,,1,Cerah,Sunny,https://api-apps.bmkg.go.id/storage/icon/cuaca/cerah-am.svg,2026-09-20T09:00:00Z
73,73.71,73.71.02,73.71.02.1011,73.71.02.1011,Sulawesi Selatan,Kota Makassar,Mamajang,Tamparang Keke,2026-09-19T12:00:00,2026-09-20 12:00:00,2026-09-20 20:00:00,23-24,29,73,0,0,6.3,NE,67,SW,,,0,Cerah,Sunny,https://api-apps.bmkg.go.id/storage/icon/cuaca/cerah-pm.svg,2026-09-20T12:00:00Z
73,73.71,73.71.02,73.71.02.1011,73.71.02.1011,Sulawesi Selatan,Kota Makassar,Mamajang,Tamparang Keke,2026-09-19T12:00:00,2026-09-20 15:00:00,2026-09-20 23:00:00,26-27,27,72,0,0,4.3,S,193,N,,,0,Cerah,Sunny,https://api-apps.bmkg.go.id/storage/icon/cuaca/cerah-pm.svg,2026-09-20T15:00:00Z
73,73.71,73.71.02,73.71.02.1011,73.71.02.1011,Sulawesi Selatan,Kota Makassar,Mamajang,Tamparang Keke,2026-09-19T12:00:00,2026-09-20 18:00:00,2026-09-21 02:00:00,29-30,27,76,0,0,6,SW,232,NE,,,0,Cerah,Sunny,https://api-apps.bmkg.go.id/storage/icon/cuaca/cerah-pm.svg,2026-09-20T18:00:00Z
73,73.71,73.71.02,73.71.02.1011,73.71.02.1011,Sulawesi Selatan,Kota Makassar,Mamajang,Tamparang Keke,2026-09-19T12:00:00,2026-09-20 21:00:00,2026-09-21 05:00:00,32-33,26,76,0,52,3.4,NE,66,SW,,,1,Cerah,Sunny,https://api-apps.bmkg.go.id/storage/icon/cuaca/cerah-pm.svg,2026-09-20T21:00:00Z
73,73.71,73.71.02,73.71.02.1011,73.71.02.1011,Sulawesi Selatan,Kota Makassar,Mamajang,Tamparang Keke,2026-09-19T12:00:00,2026-09-21 00:00:00,2026-09-21 08:00:00,35-36,29,66,0,29,4.9,S,192,N,,,1,Cerah,Sunny,https://api-apps.bmkg.go.id/storage/icon/cuaca/cerah-am.svg,2026-09-21T00:00:00Z
73,73.71,73.71.02,73.71.02.1011,73.71.02.1011,Sulawesi Selatan,Kota Makassar,Mamajang,Tamparang Keke,2026-09-19T12:00:00,2026-09-21 03:00:00,2026-09-21 11:00:00,38-39,29,70,0,17,12.6,SW,236,NE,,,1,Cerah,Sunny,https://api-apps.bmkg.go.id/storage/icon/cuaca/cerah-am.svg,2026-09-21T03:00:00Z
73,73.71,73.71.02,73.71.02.1011,73.71.02.1011,Sulawesi Selatan,Kota Makassar,Mamajang,Tamparang Keke,2026-09-19T12:00:00,2026-09-21 06:00:00,2026-09-21 14:00:00,41-42,31,66,0,32,16.2,SW,245,NE,,,1,Cerah,Sunny,https://api-apps.bmkg.go.id/storage/icon/cuaca/cerah-am.svg,2026-09-21T06:00:00Z
73,73.71,73.71.02,73.71.02.1011,73.71.02.1011,Sulawesi Selatan,Kota Makassar,Mamajang,Tamparang Keke,2026-09-19T12:00:00,2026-09-21 09:00:00,2026-09-21 17:00:00,44-45,30,67,0,20,5,SW,252,NE,,,1,Cerah,Sunny,https://api-apps.bmkg.go.id/storage/icon/cuaca/cerah-am.svg,2026-09-21T09:00:00Z
73,73.71,73.71.02,73.71.02.1011,73.71.02.1011,Sulawesi Selatan,Kota Makassar,Mamajang,Tamparang Keke,2026-09-19T12:00:00,2026-09-21 12:00:00,2026-09-21 20:00:00,47-48,29,60,0,3,4.1,N,2,S,,,0,Cerah,Sunny,https://api-apps.bmkg.go.id/storage/icon/cuaca/cerah-pm.svg,2026-09-21T12:00:00Z
73,73.71,73.71.02,73.71.02.1011,73.71.02.1011,Sulawesi Selatan,Kota Makassar,Mamajang,Tamparang Keke,2026-09-19T12:00:00,2026-09-21 15:00:00,2026-09-21 23:00:00,50-51,27,73,0,81,9.6,S,217,N,,,2,Cerah Berawan,Partly Cloudy,https://api-apps.bmkg.go.id/storage/icon/cuaca/cerah berawan-pm.svg,2026-09-21T15:00:00Z
73,73.71,73.71.02,73.71.02.1012,73.71.02.1012,Sulawesi Selatan,Kota Makassar,Mamajang,Baji Mappakasunggu,2026-09-19T12:00:00,2026-09-19 16:00:00,2026-09-20 00:00:00,3-4,27,71,0,2,6.7,NW,326,SE,,,0,Cerah,Sunny,https://api-apps.bmkg.go.id/storage/icon/cuaca/cerah-pm.svg,2026-09-19T16:00:00Z
73,73.71,73.71.02,73.71.02.1012,73.71.02.1012,Sulawesi Selatan,Kota Makassar,Mamajang,Baji Mappakasunggu,2026-09-19T12:00:00,2026-09-19 19:00:00,2026-09-20 03:00:00,6-7,27,67,0,31,4.1,NE,75,SW,,,1,Cerah,Sunny,https://api-apps.bmkg.go.id/storage/icon/cuaca/cerah-pm.svg,2026-09-19T19:00:00Z
73,73.71,73.71.02,73.71.02.1012,73.71.02.1012,Sulawesi Selatan,Kota Makassar,Mamajang,Baji Mappakasunggu,2026-09-19T12:00:00,2026-09-19 22:00:00,2026-09-20 06:00:00,9-10,27,67,0,5,2.3,SW,261,NE,,,0,Cerah,Sunny,https://api-apps.bmkg.go.id/storage/icon/cuaca/cerah-am.svg,2026-09-19T22:00:00Z
73,73.71,73.71.02,73.71.02.1012,73.71.02.1012,Sulawesi Selatan,Kota Makassar,Mamajang,Baji Mappakasunggu,2026-09-19T12:00:00,2026-09-20 01:00:00,2026-09-20 09:00:00,12-13,29,59,0,22,15.2,SW,249,NE,,,1,Cerah,Sunny,https://api-apps.bmkg.go.id/storage/icon/cuaca/cerah-am.svg,2026-09-20T01:00:00Z
73,73.71,73.71.02,73.71.02.1012,73.71.02.1012,Sulawesi Selatan,Kota Makassar,Mamajang,Baji Mappakasunggu,2026-09-19T12:00:00,2026-09-20 04:00:00,2026-09-20 12:00:00,15-16,29,66,0,19,15.7,SW,256,NE,,,1,Cerah,Sunny,https://api-apps.bmkg.go.id/storage/icon/cuaca/cerah-am.svg,2026-09-20T04:00:00Z
73,73.71,73.71.02,73.71.02.1012,73.71.02.1012,Sulawesi Selatan,Kota Makassar,Mamajang,Baji Mappakasunggu,2026-09-19T12:00:00,2026-09-20 07:00:00,2026-09-20 15:00:00,18-19,29,70,0,24,13.3,SW,269,NE,,,1,Cerah,Sunny,https://api-apps.bmkg.go.id/storage/icon/cuaca/cerah-am.svg,2026-09-20T07:00:00Z
73,73.71,73.71.02,73.71.02.1012,73.71.02.1012,Sulawesi Selatan,Kota Makassar,Mamajang,Baji Mappakasunggu,2026-09-19T12:00:00,2026-09-20 10:00:00,2026-09-20 18:00:00,21-22,28,78,0,8,6.3,NE,67,SW,,,0,Cerah,Sunny,https://api-apps.bmkg.go.id/storage/icon/cuaca/cerah-pm.svg,2026-09-20T10:00:00Z
73,73.71,73.71.02,73.71.02.1012,73.71.02.1012,Sulawesi Selatan,Kota Makassar,Mamajang,Baji Mappakasunggu,2026-09-19T12:00:00,2026-09-20 13:00:00,2026-09-20 21:00:00,24-25,28,70,0,0,4.3,S,193,N,,,0,Cerah,Sunny,https://api-apps.bmkg.go.id/storage/icon/cuaca/cerah-pm.svg,2026-09-20T13:00:00Z
73,73.71,73.71.02,73.71.02.1012,73.71.02.1012,Sulawesi Selatan,Kota Makassar,Mamajang,Baji Mappakasunggu,2026-09-19T12:00:00,2026-09-20 16:00:00,2026-09-21 00:00:00,27-28,27,76,0,1,6,SW,232,NE,,,0,Cerah,Sunny,https://api-apps.bmkg.go.id/storage/icon/cuaca/cerah-pm.svg,2026-09-20T16:00:00Z
73,73.71,73.71.02,73.71.02.1012,73.71.02.1012,Sulawesi Selatan,Kota Makassar,Mamajang,Baji Mappakasunggu,2026-09-19T12:00:00,2026-09-20 19:00:00,2026-09-21 03:00:00,30-31,27,74,0,7,3.4,NE,66,SW,,,0,Cerah,Sunny,https://api-apps.bmkg.go.id/storage/icon/cuaca/cerah-pm.svg,2026-09-20T19:00:00Z
73,73.71,73.71.02,73.71.02.1012,73.71.02.1012,Sulawesi Selatan,Kota Makassar,Mamajang,Baji Mappakasunggu,2026-09-19T12:00:00,2026-09-20 22:00:00,2026-09-21 06:00:00,33-34,27,71,0,58,4.9,S,192,N,,,1,Cerah,Sunny,https://api-apps.bmkg.go.id/storage/icon/cuaca/cerah-am.svg,2026-09-20T22:00:00Z
73,73.71,73.71.02,73.71.02.1012,73.71.02.1012,Sulawesi Selatan,Kota Makassar,Mamajang,Baji Mappakasunggu,2026-09-19T12:00:00,2026-09-21 01:00:00,2026-09-21 09:00:00,36-37,29,67,0,26,12.6,SW,236,NE,,,1,Cerah,Sunny,https://api-apps.bmkg.go.id/storage/icon/cuaca/cerah-am.svg,2026-09-21T01:00:00Z
73,73.71,73.71.02,73.71.02.1012,73.71.02.1012,Sulawesi Selatan,Kota Makassar,Mamajang,Baji Mappakasunggu,2026-09-19T12:00:00,2026-09-21 04:00:00,2026-09-21 12:00:00,39-40,29,69,0,18,16.2,SW,245,NE,,,1,Cerah,Sunny,https://api-apps.bmkg.go.id/storage/icon/cuaca/cerah-am.svg,2026-09-21T04:00:00Z
73,73.71,73.71.02,73.71.02.1012,73.71.02.1012,Sulawesi Selatan,Kota Makassar,Mamajang,Baji Mappakasunggu,2026-09-19T12:00:00,2026-09-21 07:00:00,2026-09-21 15:00:00,42-43,31,64,0,32,5,SW,252,NE,,,1,Cerah,Sunny,https://api-apps.bmkg.go.id/storage/icon/cuaca/cerah-am.svg,2026-09-21T07:00:00Z
73,73.71,73.71.02,73.71.02.1012,73.71.02.1012,Sulawesi Selatan,Kota Makassar,Mamajang,Baji Mappakasunggu,2026-09-19T12:00:00,2026-09-21 10:00:00,2026-09-21 18:00:00,45-46,30,66,0,25,4.1,N,2,S,,,1,Cerah,Sunny,https://api-apps.bmkg.go.id/storage/icon/cuaca/cerah-pm.svg,2026-09-21T10:00:00Z
73,73.71,73.71.02,73.71.02.1012,73.71.02.1012,Sulawesi Selatan,Kota Makassar,Mamajang,Baji Mappakasunggu,2026-09-19T12:00:00,2026-09-21 13:00:00,2026-09-21 21:00:00,48-49,29,63,0,29,9.6,S,217,N,,,1,Cerah,Sunny,https://api-apps.bmkg.go.id/storage/icon/cuaca/cerah-pm.svg,2026-09-21T13:00:00Z
73,73.71,73.71.02,73.71.02.1012,73.71.02.1012,Sulawesi Selatan,Kota Makassar,Mamajang,Baji Mappakasunggu,2026-09-19T12:00:00,2026-09-21 16:00:00,2026-09-22 00:00:00,51-52,27,73,0,48,6.4,W,294,E,,,1,Cerah,Sunny,https://api-apps.bmkg.go.id/storage/icon/cuaca/cerah-pm.svg,2026-09-21T16:00:00Z
73,73.71,73.71.02,73.71.02.1012,73.71.02.1012,Sulawesi Selatan,Kota Makassar,Mamajang,Baji Mappakasunggu,2026-09-19T12:00:00,2026-09-21 19:00:00,2026-09-22 03:00:00,54-55,27,71,0,34,7.7,SE,178,NW,,,1,Cerah,Sunny,https://api-apps.bmkg.go.id/storage/icon/cuaca/cerah-pm.svg,2026-09-21T19:00:00Z
73,73.71,73.71.02,73.71.02.1012,73.71.02.1012,Sulawesi Selatan,Kota Makassar,Mamajang,Baji Mappakasunggu,2026-09-19T12:00:00,2026-09-21 22:00:00,2026-09-22 06:00:00,57-58,27,72,0,2,6,W,296,E,,,0,Cerah,Sunny,https://api-apps.bmkg.go.id/storage/icon/cuaca/cerah-am.svg,2026-09-21T22:00:00Z
73,73.71,73.71.02,73.71.02.1013,73.71.02.1013,Sulawesi Selatan,Kota Makassar,Mamajang,Karang Anyar,2026-09-19T12:00:00,2026-09-19 16:00:00,2026-09-20 00:00:00,3-4,27,71,0,2,6.7,NW,326,SE,,,0,Cerah,Sunny,https://api-apps.bmkg.go.id/storage/icon/cuaca/cerah-pm.svg,2026-09-19T16:00:00Z
73,73.71,73.71.02,73.71.02.1013,73.71.02.1013,Sulawesi Selatan,Kota Makassar,Mamajang,Karang Anyar,2026-09-19T12:00:00,2026-09-19 19:00:00,2026-09-20 03:00:00,6-7,27,67,0,31,4.1,NE,75,SW,,,1,Cerah,Sunny,https://api-apps.bmkg.go.id/storage/icon/cuaca/cerah-pm.svg,2026-09-19T19:00:00Z
73,73.71,73.71.02,73.71.02.1013,73.71.02.1013,Sulawesi Selatan,Kota Makassar,Mamajang,Karang Anyar,2026-09-19T12:00:00,2026-09-19 22:00:00,2026-09-20 06:00:00,9-10,27,67,0,5,2.3,SW,261,NE,,,0,Cerah,Sunny,https://api-apps.bmkg.go.id/storage/icon/cuaca/cerah-am.svg,2026-09-19T22:00:00Z
73,73.71,73.71.02,73.71.02.1013,73.71.02.1013,Sulawesi Selatan,Kota Makassar,Mamajang,Karang Anyar,2026-09-19T12:00:00,2026-09-20 01:00:00,2026-09-20 09:00:00,12-13,29,59,0,22,15.2,SW,249,NE,,,1,Cerah,Sunny,https://api-apps.bmkg.go.id/storage/icon/cuaca/cerah-am.svg,2026-09-20T01:00:00Z
73,73.71,73.71.02,73.71.02.1013,73.71.02.1013,Sulawesi Selatan,Kota Makassar,Mamajang,Karang Anyar,2026-09-19T12:00:00,2026-09-20 04:00:00,2026-09-20 12:00:00,15-16,29,66,0,19,15.7,SW,256,NE,,,1,Cerah,Sunny,https://api-apps.bmkg.go.id/storage/icon/cuaca/cerah-am.svg,2026-09-20T04:00:00Z
73,73.71,73.71.02,73.71.02.1013,73.71.02.1013,Sulawesi Selatan,Kota Makassar,Mamajang,Karang Anyar,2026-09-19T12:00:00,2026-09-20 07:00:00,2026-09-20 15:00:00,18-19,29,70,0,24,13.3,SW,269,NE,,,1,Cerah,Sunny,https://api-apps.bmkg.go.id/storage/icon/cuaca/cerah-am.svg,2026-09-20T07:00:00Z
73,73.71,73.71.02,73.71.02.1013,73.71.02.1013,Sulawesi Selatan,Kota Makassar,Mamajang,Karang Anyar,2026-09-19T12:00:00,2026-09-20 10:00:00,2026-09-20 18:00:00,21-22,28,78,0,8,6.3,NE,67,SW,,,0,Cerah,Sunny,https://api-apps.bmkg.go.id/storage/icon/cuaca/cerah-pm.svg,2026-09-20T10:00:00Z
73,73.71,73.71.02,73.71.02.1013,73.71.02.1013,Sulawesi Selatan,Kota Makassar,Mamajang,Karang Anyar,2026-09-19T12:00:00,2026-09-20 13:00:00,2026-09-20 21:00:00,24-25,28,70,0,0,4.3,S,193,N,,,0,Cerah,Sunny,https://api-apps.bmkg.go.id/storage/icon/cuaca/cerah-pm.svg,2026-09-20T13:00:00Z
73,73.71,73.71.02,73.71.02.1013,73.71.02.1013,Sulawesi Selatan,Kota Makassar,Mamajang,Karang Anyar,2026-09-19T12:00:00,2026-09-20 16:00:00,2026-09-21 00:00:00,27-28,27,76,0,1,6,SW,232,NE,,,0,Cerah,Sunny,https://api-apps.bmkg.go.id/storage/icon/cuaca/cerah-pm.svg,2026-09-20T16:00:00Z
73,73.71,73.71.02,73.71.02.1013,73.71.02.1013,Sulawesi Selatan,Kota Makassar,Mamajang,Karang Anyar,2026-09-19T12:00:00,2026-09-20 19:00:00,2026-09-21 03:00:00,30-31,27,74,0,7,3.4,NE,66,SW,,,0,Cerah,Sunny,https://api-apps.bmkg.go.id/storage/icon/cuaca/cerah-pm.svg,2026-09-20T19:00:00Z
73,73.71,73.71.02,73.71.02.1013,73.71.02.1013,Sulawesi Selatan,Kota Makassar,Mamajang,Karang Anyar,2026-09-19T12:00:00,2026-09-20 22:00:00,2026-09-21 06:00:00,33-34,27,71,0,58,4.9,S,192,N,,,1,Cerah,Sunny,https://api-apps.bmkg.go.id/storage/icon/cuaca/cerah-am.svg,2026-09-20T22:00:00Z
73,73.71,73.71.02,73.71.02.1013,73.71.02.1013,Sulawesi Selatan,Kota Makassar,Mamajang,Karang Anyar,2026-09-19T12:00:00,2026-09-21 01:00:00,2026-09-21 09:00:00,36-37,29,67,0,26,12.6,SW,236,NE,,,1,Cerah,Sunny,https://api-apps.bmkg.go.id/storage/icon/cuaca/cerah-am.svg,2026-09-21T01:00:00Z
73,73.71,73.71.02,73.71.02.1013,73.71.02.1013,Sulawesi Selatan,Kota Makassar,Mamajang,Karang Anyar,2026-09-19T12:00:00,2026-09-21 04:00:00,2026-09-21 12:00:00,39-40,29,69,0,18,16.2,SW,245,NE,,,1,Cerah,Sunny,https://api-apps.bmkg.go.id/storage/icon/cuaca/cerah-am.svg,2026-09-21T04:00:00Z
73,73.71,73.71.02,73.71.02.1013,73.71.02.1013,Sulawesi Selatan,Kota Makassar,Mamajang,Karang Anyar,2026-09-19T12:00:00,2026-09-21 07:00:00,2026-09-21 15:00:00,42-43,31,64,0,32,5,SW,252,NE,,,1,Cerah,Sunny,https://api-apps.bmkg.go.id/storage/icon/cuaca/cerah-am.svg,2026-09-21T07:00:00Z
73,73.71,73.71.02,73.71.02.1013,73.71.02.1013,Sulawesi Selatan,Kota Makassar,Mamajang,Karang Anyar,2026-09-19T12:00:00,2026-09-21 10:00:00,2026-09-21 18:00:00,45-46,30,66,0,25,4.1,N,2,S,,,1,Cerah,Sunny,https://api-apps.bmkg.go.id/storage/icon/cuaca/cerah-pm.svg,2026-09-21T10:00:00Z
73,73.71,73.71.02,73.71.02.1013,73.71.02.1013,Sulawesi Selatan,Kota Makassar,Mamajang,Karang Anyar,2026-09-19T12:00:00,2026-09-21 13:00:00,2026-09-21 21:00:00,48-49,29,63,0,29,9.6,S,217,N,,,1,Cerah,Sunny,https://api-apps.bmkg.go.id/storage/icon/cuaca/cerah-pm.svg,2026-09-21T13:00:00Z
73,73.71,73.71.02,73.71.02.1013,73.71.02.1013,Sulawesi Selatan,Kota Makassar,Mamajang,Karang Anyar,2026-09-19T12:00:00,2026-09-21 16:00:00,2026-09-22 00:00:00,51-52,27,73,0,48,6.4,W,294,E,,,1,Cerah,Sunny,https://api-apps.bmkg.go.id/storage/icon/cuaca/cerah-pm.svg,2026-09-21T16:00:00Z
73,73.71,73.71.02,73.71.02.1013,73.71.02.1013,Sulawesi Selatan,Kota Makassar,Mamajang,Karang Anyar,2026-09-19T12:00:00,2026-09-21 19:00:00,2026-09-22 03:00:00,54-55,27,71,0,34,7.7,SE,178,NW,,,1,Cerah,Sunny,https://api-apps.bmkg.go.id/storage/icon/cuaca/cerah-pm.svg,2026-09-21T19:00:00Z
73,73.71,73.71.02,73.71.02.1013,73.71.02.1013,Sulawesi Selatan,Kota Makassar,Mamajang,Karang Anyar,2026-09-19T12:00:00,2026-09-21 22:00:00,2026-09-22 06:00:00,57-58,27,72,0,2,6,W,296,E,,,0,Cerah,Sunny,https://api-apps.bmkg.go.id/storage/icon/cuaca/cerah-am.svg,2026-09-21T22:00:00Z
73,73.71,73.71.03,73.71.03.1001,73.71.03.1001,Sulawesi Selatan,Kota Makassar,Makassar,Maricaya,2026-09-19T12:00:00,2026-09-19 15:00:00,2026-09-19 23:00:00,2-3,27,68,0,51,9,S,200,N,,,1,Cerah,Sunny,https://api-apps.bmkg.go.id/storage/icon/cuaca/cerah-pm.svg,2026-09-19T15:00:00Z
73,73.71,73.71.03,73.71.03.1001,73.71.03.1001,Sulawesi Selatan,Kota Makassar,Makassar,Maricaya,2026-09-19T12:00:00,2026-09-19 18:00:00,2026-09-20 02:00:00,5-6,27,66,0,8,6.7,NW,326,SE,,,0,Cerah,Sunny,https://api-apps.bmkg.go.id/storage/icon/cuaca/cerah-pm.svg,2026-09-19T18:00:00Z
73,73.71,73.71.03,73.71.03.1001,73.71.03.1001,Sulawesi Selatan,Kota Makassar,Makassar,Maricaya,2026-09-19T12:00:00,2026-09-19 21:00:00,2026-09-20 05:00:00,8-9,26,69,0,6,4.1,NE,75,SW,,,0,Cerah,Sunny,https://api-apps.bmkg.go.id/storage/icon/cuaca/cerah-pm.svg,2026-09-19T21:00:00Z
73,73.71,73.71.03,73.71.03.1001,73.71.03.1001,Sulawesi Selatan,Kota Makassar,Makassar,Maricaya,2026-09-19T12:00:00,2026-09-20 00:00:00,2026-09-20 08:00:00,11-12,30,55,0,24,2.3,SW,261,NE,,,1,Cerah,Sunny,https://api-apps.bmkg.go.id/storage/icon/cuaca/cerah-am.svg,2026-09-20T00:00:00Z
73,73.71,73.71.03,73.71.03.1001,73.71.03.1001,Sulawesi Selatan,Kota Makassar,Makassar,Maricaya,2026-09-19T12:00:00,2026-09-20 03:00:00,2026-09-20 11:00:00,14-15,30,63,0,27,15.2,SW,249,NE,,,1,Cerah,Sunny,https://api-apps.bmkg.go.id/storage/icon/cuaca/cerah-am.svg,2026-09-20T03:00:00Z
73,73.71,73.71.03,73.71.03.1001,73.71.03.1001,Sulawesi Selatan,Kota Makassar,Makassar,Maricaya,2026-09-19T12:00:00,2026-09-20 06:00:00,2026-09-20 14:00:00,17-18,30,64,0,30,15.7,SW,256,NE,,,1,Cerah,Sunny,https://api-apps.bmkg.go.id/storage/icon/cuaca/cerah-am.svg,2026-09-20T06:00:00Z
73,73.71,73.71.03,73.71.03.1001,73.71.03.1001,Sulawesi Selatan,Kota Makassar,Makassar,Maricaya,2026-09-19T12:00:00,2026-09-20 09:00:00,2026-09-20 17:00:00,20-21,28,75,0,22,13.3,SW,269,NE,,,1,Cerah,Sunny,https://api-apps.bmkg.go.id/storage/icon/cuaca/cerah-am.svg,2026-09-20T09:00:00Z
73,73.71,73.71.03,73.71.03.1001,73.71.03.1001,Sulawesi Selatan,Kota Makassar,Makassar,Maricaya,2026-09-19T12:00:00,2026-09-20 12:00:00,2026-09-20 20:00:00,23-24,28,74,0,0,6.3,NE,67,SW,,,0,Cerah,Sunny,https://api-apps.bmkg.go.id/storage/icon/cuaca/cerah-pm.svg,2026-09-20T12:00:00Z
73,73.71,73.71.03,73.71.03.1001,73.71.03.1001,Sulawesi Selatan,Kota Makassar,Makassar,Maricaya,2026-09-19T12:00:00,2026-09-20 15:00:00,2026-09-20 23:00:00,26-27,27,69,0,0,4.3,S,193,N,,,0,Cerah,Sunny,https://api-apps.bmkg.go.id/storage/icon/cuaca/cerah-pm.svg,2026-09-20T15:00:00Z
73,73.71,73.71.03,73.71.03.1001,73.71.03.1001,Sulawesi Selatan,Kota Makassar,Makassar,Maricaya,2026-09-19T12:00:00,2026-09-20 18:00:00,2026-09-21 02:00:00,29-30,27,72,0,0,6,SW,232,NE,,,0,Cerah,Sunny,https://api-apps.bmkg.go.id/storage/icon/cuaca/cerah-pm.svg,2026-09-20T18:00:00Z
73,73.71,73.71.03,73.71.03.1001,73.71.03.1001,Sulawesi Selatan,Kota Makassar,Makassar,Maricaya,2026-09-19T12:00:00,2026-09-20 21:00:00,2026-09-21 05:00:00,32-33,26,75,0,60,3.4,NE,66,SW,,,1,Cerah,Sunny,https://api-apps.bmkg.go.id/storage/icon/cuaca/cerah-pm.svg,2026-09-20T21:00:00Z
73,73.71,73.71.03,73.71.03.1001,73.71.03.1001,Sulawesi Selatan,Kota Makassar,Makassar,Maricaya,2026-09-19T12:00:00,2026-09-21 00:00:00,2026-09-21 08:00:00,35-36,29,63,0,31,4.9,S,192,N,,,1,Cerah,Sunny,https://api-apps.bmkg.go.id/storage/icon/cuaca/cerah-am.svg,2026-09-21T00:00:00Z
73,73.71,73.71.03,73.71.03.1001,73.71.03.1001,Sulawesi Selatan,Kota Makassar,Makassar,Maricaya,2026-09-19T12:00:00,2026-09-21 03:00:00,2026-09-21 11:00:00,38-39,30,67,0,17,12.6,SW,236,NE,,,1,Cerah,Sunny,https://api-apps.bmkg.go.id/storage/icon/cuaca/cerah-am.svg,2026-09-21T03:00:00Z
73,73.71,73.71.03,73.71.03.1001,73.71.03.1001,Sulawesi Selatan,Kota Makassar,Makassar,Maricaya,2026-09-19T12:00:00,2026-09-21 06:00:00,2026-09-21 14:00:00,41-42,31,65,0,34,16.2,SW,245,NE,,,1,Cerah,Sunny,https://api-apps.bmkg.go.id/storage/icon/cuaca/cerah-am.svg,2026-09-21T06:00:00Z
73,73.71,73.71.03,73.71.03.1001,73.71.03.1001,Sulawesi Selatan,Kota Makassar,Makassar,Maricaya,2026-09-19T12:00:00,2026-09-21 09:00:00,2026-09-21 17:00:00,44-45,30,69,0,23,5,SW,252,NE,,,1,Cerah,Sunny,https://api-apps.bmkg.go.id/storage/icon/cuaca/cerah-am.svg,2026-09-21T09:00:00Z
73,73.71,73.71.03,73.71.03.1001,73.71.03.1001,Sulawesi Selatan,Kota Makassar,Makassar,Maricaya,2026-09-19T12:00:00,2026-09-21 12:00:00,2026-09-21 20:00:00,47-48,29,58,0,3,4.1,N,2,S,,,0,Cerah,Sunny,https://api-apps.bmkg.go.id/storage/icon/cuaca/cerah-pm.svg,2026-09-21T12:00:00Z
73,73.71,73.71.03,73.71.03.1001,73.71.03.1001,Sulawesi Selatan,Kota Makassar,Makassar,Maricaya,2026-09-19T12:00:00,2026-09-21 15:00:00,2026-09-21 23:00:00,50-51,28,68,0,83,9.6,S,217,N,,,2,Cerah Berawan,Partly Cloudy,https://api-apps.bmkg.go.id/storage/icon/cuaca/cerah berawan-pm.svg,2026-09-21T15:00:00Z
73,73.71,73.71.03,73.71.03.1002,73.71.03.1002,Sulawesi Selatan,Kota Makassar,Makassar,Bara Baraya,2026-09-19T12:00:00,2026-09-19 16:00:00,2026-09-20 00:00:00,3-4,27,67,0,2,6.7,NW,326,SE,,,0,Cerah,Sunny,https://api-apps.bmkg.go.id/storage/icon/cuaca/cerah-pm.svg,2026-09-19T16:00:00Z
73,73.71,73.71.03,73.71.03.1002,73.71.03.1002,Sulawesi Selatan,Kota Makassar,Makassar,Bara Baraya,2026-09-19T12:00:00,2026-09-19 19:00:00,2026-09-20 03:00:00,6-7,27,68,0,35,4.1,NE,75,SW,,,1,Cerah,Sunny,https://api-apps.bmkg.go.id/storage/icon/cuaca/cerah-pm.svg,2026-09-19T19:00:00Z
73,73.71,73.71.03,73.71.03.1002,73.71.03.1002,Sulawesi Selatan,Kota Makassar,Makassar,Bara Baraya,2026-09-19T12:00:00,2026-09-19 22:00:00,2026-09-20 06:00:00,9-10,27,66,0,5,2.3,SW,261,NE,,,0,Cerah,Sunny,https://api-apps.bmkg.go.id/storage/icon/cuaca/cerah-am.svg,2026-09-19T22:00:00Z
73,73.71,73.71.03,73.71.03.1002,73.71.03.1002,Sulawesi Selatan,Kota Makassar,Makassar,Bara Baraya,2026-09-19T12:00:00,2026-09-20 01:00:00,2026-09-20 09:00:00,12-13,30,56,0,22,15.2,SW,249,NE,,,1,Cerah,Sunny,https://api-apps.bmkg.go.id/storage/icon/cuaca/cerah-am.svg,2026-09-20T01:00:00Z
73,73.71,73.71.03,73.71.03.1002,73.71.03.1002,Sulawesi Selatan,Kota Makassar,Makassar,Bara Baraya,2026-09-19T12:00:00,2026-09-20 04:00:00,2026-09-20 12:00:00,15-16,30,62,0,22,15.7,SW,256,NE,,,1,Cerah,Sunny,https://api-apps.bmkg.go.id/storage/icon/cuaca/cerah-am.svg,2026-09-20T04:00:00Z
73,73.71,73.71.03,73.71.03.1002,73.71.03.1002,Sulawesi Selatan,Kota Makassar,Makassar,Bara Baraya,2026-09-19T12:00:00,2026-09-20 07:00:00,2026-09-20 15:00:00,18-19,29,68,0,28,13.3,SW,269,NE,,,1,Cerah,Sunny,https://api-apps.bmkg.go.id/storage/icon/cuaca/cerah-am.svg,2026-09-20T07:00:00Z
73,73.71,73.71.03,73.71.03.1002,73.71.03.1002,Sulawesi Selatan,Kota Makassar,Makassar,Bara Baraya,2026-09-19T12:00:00,2026-09-20 10:00:00,2026-09-20 18:00:00,21-22,28,77,0,10,6.3,NE,67,SW,,,0,Cerah,Sunny,https://api-apps.bmkg.go.id/storage/icon/cuaca/cerah-pm.svg,2026-09-20T10:00:00Z
73,73.71,73.71.03,73.71.03.1002,73.71.03.1002,Sulawesi Selatan,Kota Makassar,Makassar,Bara Baraya,2026-09-19T12:00:00,2026-09-20 13:00:00,2026-09-20 21:00:00,24-25,28,69,0,0,4.3,S,193,N,,,0,Cerah,Sunny,https://api-apps.bmkg.go.id/storage/icon/cuaca/cerah-pm.svg,2026-09-20T13:00:00Z
73,73.71,73.71.03,73.71.03.1002,73.71.03.1002,Sulawesi Selatan,Kota Makassar,Makassar,Bara Baraya,2026-09-19T12:00:00,2026-09-20 16:00:00,2026-09-21 00:00:00,27-28,27,72,0,1,6,SW,232,NE,,,0,Cerah,Sunny,https://api-apps.bmkg.go.id/storage/icon/cuaca/cerah-pm.svg,2026-09-20T16:00:00Z
73,73.71,73.71.03,73.71.03.1002,73.71.03.1002,Sulawesi Selatan,Kota Makassar,Makassar,Bara Baraya,2026-09-19T12:00:00,2026-09-20 19:00:00,2026-09-21 03:00:00,30-31,27,72,0,8,3.4,NE,66,SW,,,0,Cerah,Sunny,https://api-apps.bmkg.go.id/storage/icon/cuaca/cerah-pm.svg,2026-09-20T19:00:00Z
73,73.71,73.71.03,73.71.03.1002,73.71.03.1002,Sulawesi Selatan,Kota Makassar,Makassar,Bara Baraya,2026-09-19T12:00:00,2026-09-20 22:00:00,2026-09-21 06:00:00,33-34,27,70,0,56,4.9,S,192,N,,,1,Cerah,Sunny,https://api-apps.bmkg.go.id/storage/icon/cuaca/cerah-am.svg,2026-09-20T22:00:00Z
73,73.71,73.71.03,73.71.03.1002,73.71.03.1002,Sulawesi Selatan,Kota Makassar,Makassar,Bara Baraya,2026-09-19T12:00:00,2026-09-21 01:00:00,2026-09-21 09:00:00,36-37,30,63,0,31,12.6,SW,236,NE,,,1,Cerah,Sunny,https://api-apps.bmkg.go.id/storage/icon/cuaca/cerah-am.svg,2026-09-21T01:00:00Z
73,73.71,73.71.03,73.71.03.1002,73.71.03.1002,Sulawesi Selatan,Kota Makassar,Makassar,Bara Baraya,2026-09-19T12:00:00,2026-09-21 04:00:00,2026-09-21 12:00:00,39-40,30,66,0,22,16.2,SW,245,NE,,,1,Cerah,Sunny,https://api-apps.bmkg.go.id/storage/icon/cuaca/cerah-am.svg,2026-09-21T04:00:00Z
73,73.71,73.71.03,73.71.03.1002,73.71.03.1002,Sulawesi Selatan,Kota Makassar,Makassar,Bara Baraya,2026-09-19T12:00:00,2026-09-21 07:00:00,2026-09-21 15:00:00,42-43,31,64,0,35,5,SW,252,NE,,,1,Cerah,Sunny,https://api-apps.bmkg.go.id/storage/icon/cuaca/cerah-am.svg,2026-09-21T07:00:00Z
73,73.71,73.71.03,73.71.03.1002,73.71.03.1002,Sulawesi Selatan,Kota Makassar,Makassar,Bara Baraya,2026-09-19T12:00:00,2026-09-21 10:00:00,2026-09-21 18:00:00,45-46,30,67,0,26,4.1,N,2,S,,,1,Cerah,Sunny,https://api-apps.bmkg.go.id/storage/icon/cuaca/cerah-pm.svg,2026-09-21T10:00:00Z
73,73.71,73.71.03,73.71.03.1002,73.71.03.1002,Sulawesi Selatan,Kota Makassar,Makassar,Bara Baraya,2026-09-19T12:00:00,2026-09-21 13:00:00,2026-09-21 21:00:00,48-49,29,60,0,37,9.6,S,217,N,,,1,Cerah,Sunny,https://api-apps.bmkg.go.id/storage/icon/cuaca/cerah-pm.svg,2026-09-21T13:00:00Z
73,73.71,73.71.03,73.71.03.1002,73.71.03.1002,Sulawesi Selatan,Kota Makassar,Makassar,Bara Baraya,2026-09-19T12:00:00,2026-09-21 16:00:00,2026-09-22 00:00:00,51-52,27,69,0,48,6.4,W,294,E,,,1,Cerah,Sunny,https://api-apps.bmkg.go.id/storage/icon/cuaca/cerah-pm.svg,2026-09-21T16:00:00Z
73,73.71,73.71.03,73.71.03.1002,73.71.03.1002,Sulawesi Selatan,Kota Makassar,Makassar,Bara Baraya,2026-09-19T12:00:00,2026-09-21 19:00:00,2026-09-22 03:00:00,54-55,27,69,0,36,7.7,SE,178,NW,,,1,Cerah,Sunny,https://api-apps.bmkg.go.id/storage/icon/cuaca/cerah-pm.svg,2026-09-21T19:00:00Z
73,73.71,73.71.03,73.71.03.1002,73.71.03.1002,Sulawesi Selatan,Kota Makassar,Makassar,Bara Baraya,2026-09-19T12:00:00,2026-09-21 22:00:00,2026-09-22 06:00:00,57-58,27,70,0,2,6,W,296,E,,,0,Cerah,Sunny,https://api-apps.bmkg.go.id/storage/icon/cuaca/cerah-am.svg,2026-09-21T22:00:00Z
73,73.71,73.71.03,73.71.03.1003,73.71.03.1003,Sulawesi Selatan,Kota Makassar,Makassar,Maradekaya,2026-09-19T12:00:00,2026-09-19 16:00:00,2026-09-20 00:00:00,3-4,27,67,0,2,6.7,NW,326,SE,,,0,Cerah,Sunny,https://api-apps.bmkg.go.id/storage/icon/cuaca/cerah-pm.svg,2026-09-19T16:00:00Z
73,73.71,73.71.03,73.71.03.1003,73.71.03.1003,Sulawesi Selatan,Kota Makassar,Makassar,Maradekaya,2026-09-19T12:00:00,2026-09-19 19:00:00,2026-09-20 03:00:00,6-7,27,68,0,35,4.1,NE,75,SW,,,1,Cerah,Sunny,https://api-apps.bmkg.go.id/storage/icon/cuaca/cerah-pm.svg,2026-09-19T19:00:00Z
73,73.71,73.71.03,73.71.03.1003,73.71.03.1003,Sulawesi Selatan,Kota Makassar,Makassar,Maradekaya,2026-09-19T12:00:00,2026-09-19 22:00:00,2026-09-20 06:00:00,9-10,27,66,0,5,2.3,SW,261,NE,,,0,Cerah,Sunny,https://api-apps.bmkg.go.id/storage/icon/cuaca/cerah-am.svg,2026-09-19T22:00:00Z
73,73.71,73.71.03,73.71.03.1003,73.71.03.1003,Sulawesi Selatan,Kota Makassar,Makassar,Maradekaya,2026-09-19T12:00:00,2026-09-20 01:00:00,2026-09-20 09:00:00,12-13,30,56,0,22,15.2,SW,249,NE,,,1,Cerah,Sunny,https://api-apps.bmkg.go.id/storage/icon/cuaca/cerah-am.svg,2026-09-20T01:00:00Z
73,73.71,73.71.03,73.71.03.1003,73.71.03.1003,Sulawesi Selatan,Kota Makassar,Makassar,Maradekaya,2026-09-19T12:00:00,2026-09-20 04:00:00,2026-09-20 12:00:00,15-16,30,62,0,22,15.7,SW,256,NE,,,1,Cerah,Sunny,https://api-apps.bmkg.go.id/storage/icon/cuaca/cerah-am.svg,2026-09-20T04:00:00Z
73,73.71,73.71.03,73.71.03.1003,73.71.03.1003,Sulawesi Selatan,Kota Makassar,Makassar,Maradekaya,2026-09-19T12:00:00,2026-09-20 07:00:00,2026-09-20 15:00:00,18-19,29,68,0,28,13.3,SW,269,NE,,,1,Cerah,Sunny,https://api-apps.bmkg.go.id/storage/icon/cuaca/cerah-am.svg,2026-09-20T07:00:00Z
73,73.71,73.71.03,73.71.03.1003,73.71.03.1003,Sulawesi Selatan,Kota Makassar,Makassar,Maradekaya,2026-09-19T12:00:00,2026-09-20 10:00:00,2026-09-20 18:00:00,21-22,28,77,0,10,6.3,NE,67,SW,,,0,Cerah,Sunny,https://api-apps.bmkg.go.id/storage/icon/cuaca/cerah-pm.svg,2026-09-20T10:00:00Z
73,73.71,73.71.03,73.71.03.1003,73.71.03.1003,Sulawesi Selatan,Kota Makassar,Makassar,Maradekaya,2026-09-19T12:00:00,2026-09-20 13:00:00,2026-09-20 21:00:00,24-25,28,69,0,0,4.3,S,193,N,,,0,Cerah,Sunny,https://api-apps.bmkg.go.id/storage/icon/cuaca/cerah-pm.svg,2026-09-20T13:00:00Z
73,73.71,73.71.03,73.71.03.1003,73.71.03.1003,Sulawesi Selatan,Kota Makassar,Makassar,Maradekaya,2026-09-19T12:00:00,2026-09-20 16:00:00,2026-09-21 00:00:00,27-28,27,72,0,1,6,SW,232,NE,,,0,Cerah,Sunny,https://api-apps.bmkg.go.id/storage/icon/cuaca/cerah-pm.svg,2026-09-20T16:00:00Z
73,73.71,73.71.03,73.71.03.1003,73.71.03.1003,Sulawesi Selatan,Kota Makassar,Makassar,Maradekaya,2026-09-19T12:00:00,2026-09-20 19:00:00,2026-09-21 03:00:00,30-31,27,72,0,8,3.4,NE,66,SW,,,0,Cerah,Sunny,https://api-apps.bmkg.go.id/storage/icon/cuaca/cerah-pm.svg,2026-09-20T19:00:00Z
73,73.71,73.71.03,73.71.03.1003,73.71.03.1003,Sulawesi Selatan,Kota Makassar,Makassar,Maradekaya,2026-09-19T12:00:00,2026-09-20 22:00:00,2026-09-21 06:00:00,33-34,27,70,0,56,4.9,S,192,N,,,1,Cerah,Sunny,https://api-apps.bmkg.go.id/storage/icon/cuaca/cerah-am.svg,2026-09-20T22:00:00Z
73,73.71,73.71.03,73.71.03.1003,73.71.03.1003,Sulawesi Selatan,Kota Makassar,Makassar,Maradekaya,2026-09-19T12:00:00,2026-09-21 01:00:00,2026-09-21 09:00:00,36-37,30,63,0,31,12.6,SW,236,NE,,,1,Cerah,Sunny,https://api-apps.bmkg.go.id/storage/icon/cuaca/cerah-am.svg,2026-09-21T01:00:00Z
73,73.71,73.71.03,73.71.03.1003,73.71.03.1003,Sulawesi Selatan,Kota Makassar,Makassar,Maradekaya,2026-09-19T12:00:00,2026-09-21 04:00:00,2026-09-21 12:00:00,39-40,30,66,0,22,16.2,SW,245,NE,,,1,Cerah,Sunny,https://api-apps.bmkg.go.id/storage/icon/cuaca/cerah-am.svg,2026-09-21T04:00:00Z
73,73.71,73.71.03,73.71.03.1003,73.71.03.1003,Sulawesi Selatan,Kota Makassar,Makassar,Maradekaya,2026-09-19T12:00:00,2026-09-21 07:00:00,2026-09-21 15:00:00,42-43,31,64,0,35,5,SW,252,NE,,,1,Cerah,Sunny,https://api-apps.bmkg.go.id/storage/icon/cuaca/cerah-am.svg,2026-09-21T07:00:00Z
73,73.71,73.71.03,73.71.03.1003,73.71.03.1003,Sulawesi Selatan,Kota Makassar,Makassar,Maradekaya,2026-09-19T12:00:00,2026-09-21 10:00:00,2026-09-21 18:00:00,45-46,30,67,0,26,4.1,N,2,S,,,1,Cerah,Sunny,https://api-apps.bmkg.go.id/storage/icon/cuaca/cerah-pm.svg,2026-09-21T10:00:00Z
73,73.71,73.71.03,73.71.03.1003,73.71.03.1003,Sulawesi Selatan,Kota Makassar,Makassar,Maradekaya,2026-09-19T12:00:00,2026-09-21 13:00:00,2026-09-21 21:00:00,48-49,29,60,0,37,9.6,S,217,N,,,1,Cerah,Sunny,https://api-apps.bmkg.go.id/storage/icon/cuaca/cerah-pm.svg,2026-09-21T13:00:00Z
73,73.71,73.71.03,73.71.03.1003,73.71.03.1003,Sulawesi Selatan,Kota Makassar,Makassar,Maradekaya,2026-09-19T12:00:00,2026-09-21 16:00:00,2026-09-22 00:00:00,51-52,27,69,0,48,6.4,W,294,E,,,1,Cerah,Sunny,https://api-apps.bmkg.go.id/storage/icon/cuaca/cerah-pm.svg,2026-09-21T16:00:00Z
73,73.71,73.71.03,73.71.03.1003,73.71.03.1003,Sulawesi Selatan,Kota Makassar,Makassar,Maradekaya,2026-09-19T12:00:00,2026-09-21 19:00:00,2026-09-22 03:00:00,54-55,27,69,0,36,7.7,SE,178,NW,,,1,Cerah,Sunny,https://api-apps.bmkg.go.id/storage/icon/cuaca/cerah-pm.svg,2026-09-21T19:00:00Z
73,73.71,73.71.03,73.71.03.1003,73.71.03.1003,Sulawesi Selatan,Kota Makassar,Makassar,Maradekaya,2026-09-19T12:00:00,2026-09-21 22:00:00,2026-09-22 06:00:00,57-58,27,70,0,2,6,W,296,E,,,0,Cerah,Sunny,https://api-apps.bmkg.go.id/storage/icon/cuaca/cerah-am.svg,2026-09-21T22:00:00Z
73,73.71,73.71.03,73.71.03.1004,73.71.03.1004,Sulawesi Selatan,Kota Makassar,Makassar,Lariangbangi,2026-09-19T12:00:00,2026-09-19 15:00:00,2026-09-19 23:00:00,2-3,27,68,0,51,9,S,200,N,,,1,Cerah,Sunny,https://api-apps.bmkg.go.id/storage/icon/cuaca/cerah-pm.svg,2026-09-19T15:00:00Z
73,73.71,73.71.03,73.71.03.1004,73.71.03.1004,Sulawesi Selatan,Kota Makassar,Makassar,Lariangbangi,2026-09-19T12:00:00,2026-09-19 18:00:00,2026-09-20 02:00:00,5-6,27,66,0,8,6.7,NW,326,SE,,,0,Cerah,Sunny,https://api-apps.bmkg.go.id/storage/icon/cuaca/cerah-pm.svg,2026-09-19T18:00:00Z
73,73.71,73.71.03,73.71.03.1004,73.71.03.1004,Sulawesi Selatan,Kota Makassar,Makassar,Lariangbangi,2026-09-19T12:00:00,2026-09-19 21:00:00,2026-09-20 05:00:00,8-9,26,69,0,6,4.1,NE,75,SW,,,0,Cerah,Sunny,https://api-apps.bmkg.go.id/storage/icon/cuaca/cerah-pm.svg,2026-09-19T21:00:00Z
73,73.71,73.71.03,73.71.03.1004,73.71.03.1004,Sulawesi Selatan,Kota Makassar,Makassar,Lariangbangi,2026-09-19T12:00:00,2026-09-20 00:00:00,2026-09-20 08:00:00,11-12,30,55,0,24,2.3,SW,261,NE,,,1,Cerah,Sunny,https://api-apps.bmkg.go.id/storage/icon/cuaca/cerah-am.svg,2026-09-20T00:00:00Z
73,73.71,73.71.03,73.71.03.1004,73.71.03.1004,Sulawesi Selatan,Kota Makassar,Makassar,Lariangbangi,2026-09-19T12:00:00,2026-09-20 03:00:00,2026-09-20 11:00:00,14-15,30,63,0,27,15.2,SW,249,NE,,,1,Cerah,Sunny,https://api-apps.bmkg.go.id/storage/icon/cuaca/cerah-am.svg,2026-09-20T03:00:00Z
73,73.71,73.71.03,73.71.03.1004,73.71.03.1004,Sulawesi Selatan,Kota Makassar,Makassar,Lariangbangi,2026-09-19T12:00:00,2026-09-20 06:00:00,2026-09-20 14:00:00,17-18,30,64,0,30,15.7,SW,256,NE,,,1,Cerah,Sunny,https://api-apps.bmkg.go.id/storage/icon/cuaca/cerah-am.svg,2026-09-20T06:00:00Z
73,73.71,73.71.03,73.71.03.1004,73.71.03.1004,Sulawesi Selatan,Kota Makassar,Makassar,Lariangbangi,2026-09-19T12:00:00,2026-09-20 09:00:00,2026-09-20 17:00:00,20-21,28,75,0,22,13.3,SW,269,NE,,,1,Cerah,Sunny,https://api-apps.bmkg.go.id/storage/icon/cuaca/cerah-am.svg,2026-09-20T09:00:00Z
73,73.71,73.71.03,73.71.03.1004,73.71.03.1004,Sulawesi Selatan,Kota Makassar,Makassar,Lariangbangi,2026-09-19T12:00:00,2026-09-20 12:00:00,2026-09-20 20:00:00,23-24,28,74,0,0,6.3,NE,67,SW,,,0,Cerah,Sunny,https://api-apps.bmkg.go.id/storage/icon/cuaca/cerah-pm.svg,2026-09-20T12:00:00Z
73,73.71,73.71.03,73.71.03.1004,73.71.03.1004,Sulawesi Selatan,Kota Makassar,Makassar,Lariangbangi,2026-09-19T12:00:00,2026-09-20 15:00:00,2026-09-20 23:00:00,26-27,27,69,0,0,4.3,S,193,N,,,0,Cerah,Sunny,https://api-apps.bmkg.go.id/storage/icon/cuaca/cerah-pm.svg,2026-09-20T15:00:00Z
73,73.71,73.71.03,73.71.03.1004,73.71.03.1004,Sulawesi Selatan,Kota Makassar,Makassar,Lariangbangi,2026-09-19T12:00:00,2026-09-20 18:00:00,2026-09-21 02:00:00,29-30,27,72,0,0,6,SW,232,NE,,,0,Cerah,Sunny,https://api-apps.bmkg.go.id/storage/icon/cuaca/cerah-pm.svg,2026-09-20T18:00:00Z
73,73.71,73.71.03,73.71.03.1004,73.71.03.1004,Sulawesi Selatan,Kota Makassar,Makassar,Lariangbangi,2026-09-19T12:00:00,2026-09-20 21:00:00,2026-09-21 05:00:00,32-33,26,75,0,60,3.4,NE,66,SW,,,1,Cerah,Sunny,https://api-apps.bmkg.go.id/storage/icon/cuaca/cerah-pm.svg,2026-09-20T21:00:00Z
73,73.71,73.71.03,73.71.03.1004,73.71.03.1004,Sulawesi Selatan,Kota Makassar,Makassar,Lariangbangi,2026-09-19T12:00:00,2026-09-21 00:00:00,2026-09-21 08:00:00,35-36,29,63,0,31,4.9,S,192,N,,,1,Cerah,Sunny,https://api-apps.bmkg.go.id/storage/icon/cuaca/cerah-am.svg,2026-09-21T00:00:00Z
73,73.71,73.71.03,73.71.03.1004,73.71.03.1004,Sulawesi Selatan,Kota Makassar,Makassar,Lariangbangi,2026-09-19T12:00:00,2026-09-21 03:00:00,2026-09-21 11:00:00,38-39,30,67,0,17,12.6,SW,236,NE,,,1,Cerah,Sunny,https://api-apps.bmkg.go.id/storage/icon/cuaca/cerah-am.svg,2026-09-21T03:00:00Z
73,73.71,73.71.03,73.71.03.1004,73.71.03.1004,Sulawesi Selatan,Kota Makassar,Makassar,Lariangbangi,2026-09-19T12:00:00,2026-09-21 06:00:00,2026-09-21 14:00:00,41-42,31,65,0,34,16.2,SW,245,NE,,,1,Cerah,Sunny,https://api-apps.bmkg.go.id/storage/icon/cuaca/cerah-am.svg,2026-09-21T06:00:00Z
73,73.71,73.71.03,73.71.03.1004,73.71.03.1004,Sulawesi Selatan,Kota Makassar,Makassar,Lariangbangi,2026-09-19T12:00:00,2026-09-21 09:00:00,2026-09-21 17:00:00,44-45,30,69,0,23,5,SW,252,NE,,,1,Cerah,Sunny,https://api-apps.bmkg.go.id/storage/icon/cuaca/cerah-am.svg,2026-09-21T09:00:00Z
73,73.71,73.71.03,73.71.03.1004,73.71.03.1004,Sulawesi Selatan,Kota Makassar,Makassar,Lariangbangi,2026-09-19T12:00:00,2026-09-21 12:00:00,2026-09-21 20:00:00,47-48,29,58,0,3,4.1,N,2,S,,,0,Cerah,Sunny,https://api-apps.bmkg.go.id/storage/icon/cuaca/cerah-pm.svg,2026-09-21T12:00:00Z
73,73.71,73.71.03,73.71.03.1004,73.71.03.1004,Sulawesi Selatan,Kota Makassar,Makassar,Lariangbangi,2026-09-19T12:00:00,2026-09-21 15:00:00,2026-09-21 23:00:00,50-51,28,68,0,83,9.6,S,217,N,,,2,Cerah Berawan,Partly Cloudy,https://api-apps.bmkg.go.id/storage/icon/cuaca/cerah berawan-pm.svg,2026-09-21T15:00:00Z
73,73.71,73.71.03,73.71.03.1005,73.71.03.1005,Sulawesi Selatan,Kota Makassar,Makassar,Maccini,2026-09-19T12:00:00,2026-09-19 16:00:00,2026-09-20 00:00:00,3-4,27,67,0,2,6.1,N,13,S,,,0,Cerah,Sunny,https://api-apps.bmkg.go.id/storage/icon/cuaca/cerah-pm.svg,2026-09-19T16:00:00Z
73,73.71,73.71.03,73.71.03.1005,73.71.03.1005,Sulawesi Selatan,Kota Makassar,Makassar,Maccini,2026-09-19T12:00:00,2026-09-19 19:00:00,2026-09-20 03:00:00,6-7,27,69,0,38,14.6,NE,55,SW,,,1,Cerah,Sunny,https://api-apps.bmkg.go.id/storage/icon/cuaca/cerah-pm.svg,2026-09-19T19:00:00Z
73,73.71,73.71.03,73.71.03.1005,73.71.03.1005,Sulawesi Selatan,Kota Makassar,Makassar,Maccini,2026-09-19T12:00:00,2026-09-19 22:00:00,2026-09-20 06:00:00,9-10,27,66,0,5,6.1,E,96,W,,,0,Cerah,Sunny,https://api-apps.bmkg.go.id/storage/icon/cuaca/cerah-am.svg,2026-09-19T22:00:00Z
73,73.71,73.71.03,73.71.03.1005,73.71.03.1005,Sulawesi Selatan,Kota Makassar,Makassar,Maccini,2026-09-19T12:00:00,2026-09-20 01:00:00,2026-09-20 09:00:00,12-13,30,57,0,20,16.2,SW,264,NE,,,1,Cerah,Sunny,https://api-apps.bmkg.go.id/storage/icon/cuaca/cerah-am.svg,2026-09-20T01:00:00Z
73,73.71,73.71.03,73.71.03.1005,73.71.03.1005,Sulawesi Selatan,Kota Makassar,Makassar,Maccini,2026-09-19T12:00:00,2026-09-20 04:00:00,2026-09-20 12:00:00,15-16,30,63,0,21,18.1,SW,256,NE,,,1,Cerah,Sunny,https://api-apps.bmkg.go.id/storage/icon/cuaca/cerah-am.svg,2026-09-20T04:00:00Z
73,73.71,73.71.03,73.71.03.1005,73.71.03.1005,Sulawesi Selatan,Kota Makassar,Makassar,Maccini,2026-09-19T12:00:00,2026-09-20 07:00:00,2026-09-20 15:00:00,18-19,29,69,0,26,20,SW,260,NE,,,1,Cerah,Sunny,https://api-apps.bmkg.go.id/storage/icon/cuaca/cerah-am.svg,2026-09-20T07:00:00Z
73,73.71,73.71.03,73.71.03.1005,73.71.03.1005,Sulawesi Selatan,Kota Makassar,Makassar,Maccini,2026-09-19T12:00:00,2026-09-20 10:00:00,2026-09-20 18:00:00,21-22,28,78,0,9,2.4,W,312,E,,,0,Cerah,Sunny,https://api-apps.bmkg.go.id/storage/icon/cuaca/cerah-pm.svg,2026-09-20T10:00:00Z
73,73.71,73.71.03,73.71.03.1005,73.71.03.1005,Sulawesi Selatan,Kota Makassar,Makassar,Maccini,2026-09-19T12:00:00,2026-09-20 13:00:00,2026-09-20 21:00:00,24-25,28,68,0,0,10,N,41,S,,,0,Cerah,Sunny,https://api-apps.bmkg.go.id/storage/icon/cuaca/cerah-pm.svg,2026-09-20T13:00:00Z
73,73.71,73.71.03,73.71.03.1005,73.71.03.1005,Sulawesi Selatan,Kota Makassar,Makassar,Maccini,2026-09-19T12:00:00,2026-09-20 16:00:00,2026-09-21 00:00:00,27-28,27,69,0,1,1,N,20,S,,,0,Cerah,Sunny,https://api-apps.bmkg.go.id/storage/icon/cuaca/cerah-pm.svg,2026-09-20T16:00:00Z
73,73.71,73.71.03,73.71.03.1005,73.71.03.1005,Sulawesi Selatan,Kota Makassar,Makassar,Maccini,2026-09-19T12:00:00,2026-09-20 19:00:00,2026-09-21 03:00:00,30-31,27,70,0,8,9.1,NE,48,SW,,,0,Cerah,Sunny,https://api-apps.bmkg.go.id/storage/icon/cuaca/cerah-pm.svg,2026-09-20T19:00:00Z
73,73.71,73.71.03,73.71.03.1005,73.71.03.1005,Sulawesi Selatan,Kota Makassar,Makassar,Maccini,2026-09-19T12:00:00,2026-09-20 22:00:00,2026-09-21 06:00:00,33-34,27,69,0,59,5.5,E,121,W,,,1,Cerah,Sunny,https://api-apps.bmkg.go.id/storage/icon/cuaca/cerah-am.svg,2026-09-20T22:00:00Z
73,73.71,73.71.03,73.71.03.1005,73.71.03.1005,Sulawesi Selatan,Kota Makassar,Makassar,Maccini,2026-09-19T12:00:00,2026-09-21 01:00:00,2026-09-21 09:00:00,36-37,30,64,0,39,18.3,SW,243,NE,,,1,Cerah,Sunny,https://api-apps.bmkg.go.id/storage/icon/cuaca/cerah-am.svg,2026-09-21T01:00:00Z
73,73.71,73.71.03,73.71.03.1005,73.71.03.1005,Sulawesi Selatan,Kota Makassar,Makassar,Maccini,2026-09-19T12:00:00,2026-09-21 04:00:00,2026-09-21 12:00:00,39-40,30,68,0,21,20.3,SW,240,NE,,,1,Cerah,Sunny,https://api-apps.bmkg.go.id/storage/icon/cuaca/cerah-am.svg,2026-09-21T04:00:00Z
73,73.71,73.71.03,73.71.03.1005,73.71.03.1005,Sulawesi Selatan,Kota Makassar,Makassar,Maccini,2026-09-19T12:00:00,2026-09-21 07:00:00,2026-09-21 15:00:00,42-43,30,69,0,32,6.3,W,277,E,,,1,Cerah,Sunny,https://api-apps.bmkg.go.id/storage/icon/cuaca/cerah-am.svg,2026-09-21T07:00:00Z
73,73.71,73.71.03,73.71.03.1005,73.71.03.1005,Sulawesi Selatan,Kota Makassar,Makassar,Maccini,2026-09-19T12:00:00,2026-09-21 10:00:00,2026-09-21 18:00:00,45-46,30,70,0,25,13.6,N,26,S,,,1,Cerah,Sunny,https://api-apps.bmkg.go.id/storage/icon/cuaca/cerah-pm.svg,2026-09-21T10:00:00Z
73,73.71,73.71.03,73.71.03.1005,73.71.03.1005,Sulawesi Selatan,Kota Makassar,Makassar,Maccini,2026-09-19T12:00:00,2026-09-21 13:00:00,2026-09-21 21:00:00,48-49,29,58,0,41,1.7,SE,170,NW,,,1,Cerah,Sunny,https://api-apps.bmkg.go.id/storage/icon/cuaca/cerah-pm.svg,2026-09-21T13:00:00Z
73,73.71,73.71.03,73.71.03.1005,73.71.03.1005,Sulawesi Selatan,Kota Makassar,Makassar,Maccini,2026-09-19T12:00:00,2026-09-21 16:00:00,2026-09-22 00:00:00,51-52,27,68,0,49,6,NW,354,SE,,,1,Cerah,Sunny,https://api-apps.bmkg.go.id/storage/icon/cuaca/cerah-pm.svg,2026-09-21T16:00:00Z
73,73.71,73.71.03,73.71.03.1005,73.71.03.1005,Sulawesi Selatan,Kota Makassar,Makassar,Maccini,2026-09-19T12:00:00,2026-09-21 19:00:00,2026-09-22 03:00:00,54-55,27,66,0,37,8.3,NE,87,SW,,,1,Cerah,Sunny,https://api-apps.bmkg.go.id/storage/icon/cuaca/cerah-pm.svg,2026-09-21T19:00:00Z
73,73.71,73.71.03,73.71.03.1005,73.71.03.1005,Sulawesi Selatan,Kota Makassar,Makassar,Maccini,2026-09-19T12:00:00,2026-09-21 22:00:00,2026-09-22 06:00:00,57-58,27,69,0,3,2.9,N,12,S,,,0,Cerah,Sunny,https://api-apps.bmkg.go.id/storage/icon/cuaca/cerah-am.svg,2026-09-21T22:00:00Z
73,73.71,73.71.03,73.71.03.1006,73.71.03.1006,Sulawesi Selatan,Kota Makassar,Makassar,Maricaya Baru,2026-09-19T12:00:00,2026-09-19 16:00:00,2026-09-20 00:00:00,3-4,27,67,0,2,6.7,NW,326,SE,,,0,Cerah,Sunny,https://api-apps.bmkg.go.id/storage/icon/cuaca/cerah-pm.svg,2026-09-19T16:00:00Z
73,73.71,73.71.03,73.71.03.1006,73.71.03.1006,Sulawesi Selatan,Kota Makassar,Makassar,Maricaya Baru,2026-09-19T12:00:00,2026-09-19 19:00:00,2026-09-20 03:00:00,6-7,27,68,0,35,4.1,NE,75,SW,,,1,Cerah,Sunny,https://api-apps.bmkg.go.id/storage/icon/cuaca/cerah-pm.svg,2026-09-19T19:00:00Z
73,73.71,73.71.03,73.71.03.1006,73.71.03.1006,Sulawesi Selatan,Kota Makassar,Makassar,Maricaya Baru,2026-09-19T12:00:00,2026-09-19 22:00:00,2026-09-20 06:00:00,9-10,27,66,0,5,2.3,SW,261,NE,,,0,Cerah,Sunny,https://api-apps.bmkg.go.id/storage/icon/cuaca/cerah-am.svg,2026-09-19T22:00:00Z
73,73.71,73.71.03,73.71.03.1006,73.71.03.1006,Sulawesi Selatan,Kota Makassar,Makassar,Maricaya Baru,2026-09-19T12:00:00,2026-09-20 01:00:00,2026-09-20 09:00:00,12-13,30,56,0,22,15.2,SW,249,NE,,,1,Cerah,Sunny,https://api-apps.bmkg.go.id/storage/icon/cuaca/cerah-am.svg,2026-09-20T01:00:00Z
73,73.71,73.71.03,73.71.03.1006,73.71.03.1006,Sulawesi Selatan,Kota Makassar,Makassar,Maricaya Baru,2026-09-19T12:00:00,2026-09-20 04:00:00,2026-09-20 12:00:00,15-16,30,62,0,22,15.7,SW,256,NE,,,1,Cerah,Sunny,https://api-apps.bmkg.go.id/storage/icon/cuaca/cerah-am.svg,2026-09-20T04:00:00Z
73,73.71,73.71.03,73.71.03.1006,73.71.03.1006,Sulawesi Selatan,Kota Makassar,Makassar,Maricaya Baru,2026-09-19T12:00:00,2026-09-20 07:00:00,2026-09-20 15:00:00,18-19,29,68,0,28,13.3,SW,269,NE,,,1,Cerah,Sunny,https://api-apps.bmkg.go.id/storage/icon/cuaca/cerah-am.svg,2026-09-20T07:00:00Z
73,73.71,73.71.03,73.71.03.1006,73.71.03.1006,Sulawesi Selatan,Kota Makassar,Makassar,Maricaya Baru,2026-09-19T12:00:00,2026-09-20 10:00:00,2026-09-20 18:00:00,21-22,28,77,0,10,6.3,NE,67,SW,,,0,Cerah,Sunny,https://api-apps.bmkg.go.id/storage/icon/cuaca/cerah-pm.svg,2026-09-20T10:00:00Z
73,73.71,73.71.03,73.71.03.1006,73.71.03.1006,Sulawesi Selatan,Kota Makassar,Makassar,Maricaya Baru,2026-09-19T12:00:00,2026-09-20 13:00:00,2026-09-20 21:00:00,24-25,28,69,0,0,4.3,S,193,N,,,0,Cerah,Sunny,https://api-apps.bmkg.go.id/storage/icon/cuaca/cerah-pm.svg,2026-09-20T13:00:00Z
73,73.71,73.71.03,73.71.03.1006,73.71.03.1006,Sulawesi Selatan,Kota Makassar,Makassar,Maricaya Baru,2026-09-19T12:00:00,2026-09-20 16:00:00,2026-09-21 00:00:00,27-28,27,72,0,1,6,SW,232,NE,,,0,Cerah,Sunny,https://api-apps.bmkg.go.id/storage/icon/cuaca/cerah-pm.svg,2026-09-20T16:00:00Z
73,73.71,73.71.03,73.71.03.1006,73.71.03.1006,Sulawesi Selatan,Kota Makassar,Makassar,Maricaya Baru,2026-09-19T12:00:00,2026-09-20 19:00:00,2026-09-21 03:00:00,30-31,27,72,0,8,3.4,NE,66,SW,,,0,Cerah,Sunny,https://api-apps.bmkg.go.id/storage/icon/cuaca/cerah-pm.svg,2026-09-20T19:00:00Z
73,73.71,73.71.03,73.71.03.1006,73.71.03.1006,Sulawesi Selatan,Kota Makassar,Makassar,Maricaya Baru,2026-09-19T12:00:00,2026-09-20 22:00:00,2026-09-21 06:00:00,33-34,27,70,0,56,4.9,S,192,N,,,1,Cerah,Sunny,https://api-apps.bmkg.go.id/storage/icon/cuaca/cerah-am.svg,2026-09-20T22:00:00Z
73,73.71,73.71.03,73.71.03.1006,73.71.03.1006,Sulawesi Selatan,Kota Makassar,Makassar,Maricaya Baru,2026-09-19T12:00:00,2026-09-21 01:00:00,2026-09-21 09:00:00,36-37,30,63,0,31,12.6,SW,236,NE,,,1,Cerah,Sunny,https://api-apps.bmkg.go.id/storage/icon/cuaca/cerah-am.svg,2026-09-21T01:00:00Z
73,73.71,73.71.03,73.71.03.1006,73.71.03.1006,Sulawesi Selatan,Kota Makassar,Makassar,Maricaya Baru,2026-09-19T12:00:00,2026-09-21 04:00:00,2026-09-21 12:00:00,39-40,30,66,0,22,16.2,SW,245,NE,,,1,Cerah,Sunny,https://api-apps.bmkg.go.id/storage/icon/cuaca/cerah-am.svg,2026-09-21T04:00:00Z
73,73.71,73.71.03,73.71.03.1006,73.71.03.1006,Sulawesi Selatan,Kota Makassar,Makassar,Maricaya Baru,2026-09-19T12:00:00,2026-09-21 07:00:00,2026-09-21 15:00:00,42-43,31,64,0,35,5,SW,252,NE,,,1,Cerah,Sunny,https://api-apps.bmkg.go.id/storage/icon/cuaca/cerah-am.svg,2026-09-21T07:00:00Z
73,73.71,73.71.03,73.71.03.1006,73.71.03.1006,Sulawesi Selatan,Kota Makassar,Makassar,Maricaya Baru,2026-09-19T12:00:00,2026-09-21 10:00:00,2026-09-21 18:00:00,45-46,30,67,0,26,4.1,N,2,S,,,1,Cerah,Sunny,https://api-apps.bmkg.go.id/storage/icon/cuaca/cerah-pm.svg,2026-09-21T10:00:00Z
73,73.71,73.71.03,73.71.03.1006,73.71.03.1006,Sulawesi Selatan,Kota Makassar,Makassar,Maricaya Baru,2026-09-19T12:00:00,2026-09-21 13:00:00,2026-09-21 21:00:00,48-49,29,60,0,37,9.6,S,217,N,,,1,Cerah,Sunny,https://api-apps.bmkg.go.id/storage/icon/cuaca/cerah-pm.svg,2026-09-21T13:00:00Z
73,73.71,73.71.03,73.71.03.1006,73.71.03.1006,Sulawesi Selatan,Kota Makassar,Makassar,Maricaya Baru,2026-09-19T12:00:00,2026-09-21 16:00:00,2026-09-22 00:00:00,51-52,27,69,0,48,6.4,W,294,E,,,1,Cerah,Sunny,https://api-apps.bmkg.go.id/storage/icon/cuaca/cerah-pm.svg,2026-09-21T16:00:00Z
73,73.71,73.71.03,73.71.03.1006,73.71.03.1006,Sulawesi Selatan,Kota Makassar,Makassar,Maricaya Baru,2026-09-19T12:00:00,2026-09-21 19:00:00,2026-09-22 03:00:00,54-55,27,69,0,36,7.7,SE,178,NW,,,1,Cerah,Sunny,https://api-apps.bmkg.go.id/storage/icon/cuaca/cerah-pm.svg,2026-09-21T19:00:00Z
73,73.71,73.71.03,73.71.03.1006,73.71.03.1006,Sulawesi Selatan,Kota Makassar,Makassar,Maricaya Baru,2026-09-19T12:00:00,2026-09-21 22:00:00,2026-09-22 06:00:00,57-58,27,70,0,2,6,W,296,E,,,0,Cerah,Sunny,https://api-apps.bmkg.go.id/storage/icon/cuaca/cerah-am.svg,2026-09-21T22:00:00Z
73,73.71,73.71.03,73.71.03.1007,73.71.03.1007,Sulawesi Selatan,Kota Makassar,Makassar,Bara Baraya Timur,2026-09-19T12:00:00,2026-09-19 16:00:00,2026-09-20 00:00:00,3-4,27,67,0,2,6.7,NW,326,SE,,,0,Cerah,Sunny,https://api-apps.bmkg.go.id/storage/icon/cuaca/cerah-pm.svg,2026-09-19T16:00:00Z
73,73.71,73.71.03,73.71.03.1007,73.71.03.1007,Sulawesi Selatan,Kota Makassar,Makassar,Bara Baraya Timur,2026-09-19T12:00:00,2026-09-19 19:00:00,2026-09-20 03:00:00,6-7,27,68,0,35,4.1,NE,75,SW,,,1,Cerah,Sunny,https://api-apps.bmkg.go.id/storage/icon/cuaca/cerah-pm.svg,2026-09-19T19:00:00Z
73,73.71,73.71.03,73.71.03.1007,73.71.03.1007,Sulawesi Selatan,Kota Makassar,Makassar,Bara Baraya Timur,2026-09-19T12:00:00,2026-09-19 22:00:00,2026-09-20 06:00:00,9-10,27,66,0,5,2.3,SW,261,NE,,,0,Cerah,Sunny,https://api-apps.bmkg.go.id/storage/icon/cuaca/cerah-am.svg,2026-09-19T22:00:00Z
73,73.71,73.71.03,73.71.03.1007,73.71.03.1007,Sulawesi Selatan,Kota Makassar,Makassar,Bara Baraya Timur,2026-09-19T12:00:00,2026-09-20 01:00:00,2026-09-20 09:00:00,12-13,30,56,0,22,15.2,SW,249,NE,,,1,Cerah,Sunny,https://api-apps.bmkg.go.id/storage/icon/cuaca/cerah-am.svg,2026-09-20T01:00:00Z
73,73.71,73.71.03,73.71.03.1007,73.71.03.1007,Sulawesi Selatan,Kota Makassar,Makassar,Bara Baraya Timur,2026-09-19T12:00:00,2026-09-20 04:00:00,2026-09-20 12:00:00,15-16,30,62,0,22,15.7,SW,256,NE,,,1,Cerah,Sunny,https://api-apps.bmkg.go.id/storage/icon/cuaca/cerah-am.svg,2026-09-20T04:00:00Z
73,73.71,73.71.03,73.71.03.1007,73.71.03.1007,Sulawesi Selatan,Kota Makassar,Makassar,Bara Baraya Timur,2026-09-19T12:00:00,2026-09-20 07:00:00,2026-09-20 15:00:00,18-19,29,68,0,28,13.3,SW,269,NE,,,1,Cerah,Sunny,https://api-apps.bmkg.go.id/storage/icon/cuaca/cerah-am.svg,2026-09-20T07:00:00Z
73,73.71,73.71.03,73.71.03.1007,73.71.03.1007,Sulawesi Selatan,Kota Makassar,Makassar,Bara Baraya Timur,2026-09-19T12:00:00,2026-09-20 10:00:00,2026-09-20 18:00:00,21-22,28,77,0,10,6.3,NE,67,SW,,,0,Cerah,Sunny,https://api-apps.bmkg.go.id/storage/icon/cuaca/cerah-pm.svg,2026-09-20T10:00:00Z
73,73.71,73.71.03,73.71.03.1007,73.71.03.1007,Sulawesi Selatan,Kota Makassar,Makassar,Bara Baraya Timur,2026-09-19T12:00:00,2026-09-20 13:00:00,2026-09-20 21:00:00,24-25,28,69,0,0,4.3,S,193,N,,,0,Cerah,Sunny,https://api-apps.bmkg.go.id/storage/icon/cuaca/cerah-pm.svg,2026-09-20T13:00:00Z
73,73.71,73.71.03,73.71.03.1007,73.71.03.1007,Sulawesi Selatan,Kota Makassar,Makassar,Bara Baraya Timur,2026-09-19T12:00:00,2026-09-20 16:00:00,2026-09-21 00:00:00,27-28,27,72,0,1,6,SW,232,NE,,,0,Cerah,Sunny,https://api-apps.bmkg.go.id/storage/icon/cuaca/cerah-pm.svg,2026-09-20T16:00:00Z
73,73.71,73.71.03,73.71.03.1007,73.71.03.1007,Sulawesi Selatan,Kota Makassar,Makassar,Bara Baraya Timur,2026-09-19T12:00:00,2026-09-20 19:00:00,2026-09-21 03:00:00,30-31,27,72,0,8,3.4,NE,66,SW,,,0,Cerah,Sunny,https://api-apps.bmkg.go.id/storage/icon/cuaca/cerah-pm.svg,2026-09-20T19:00:00Z
73,73.71,73.71.03,73.71.03.1007,73.71.03.1007,Sulawesi Selatan,Kota Makassar,Makassar,Bara Baraya Timur,2026-09-19T12:00:00,2026-09-20 22:00:00,2026-09-21 06:00:00,33-34,27,70,0,56,4.9,S,192,N,,,1,Cerah,Sunny,https://api-apps.bmkg.go.id/storage/icon/cuaca/cerah-am.svg,2026-09-20T22:00:00Z
73,73.71,73.71.03,73.71.03.1007,73.71.03.1007,Sulawesi Selatan,Kota Makassar,Makassar,Bara Baraya Timur,2026-09-19T12:00:00,2026-09-21 01:00:00,2026-09-21 09:00:00,36-37,30,63,0,31,12.6,SW,236,NE,,,1,Cerah,Sunny,https://api-apps.bmkg.go.id/storage/icon/cuaca/cerah-am.svg,2026-09-21T01:00:00Z
73,73.71,73.71.03,73.71.03.1007,73.71.03.1007,Sulawesi Selatan,Kota Makassar,Makassar,Bara Baraya Timur,2026-09-19T12:00:00,2026-09-21 04:00:00,2026-09-21 12:00:00,39-40,30,66,0,22,16.2,SW,245,NE,,,1,Cerah,Sunny,https://api-apps.bmkg.go.id/storage/icon/cuaca/cerah-am.svg,2026-09-21T04:00:00Z
73,73.71,73.71.03,73.71.03.1007,73.71.03.1007,Sulawesi Selatan,Kota Makassar,Makassar,Bara Baraya Timur,2026-09-19T12:00:00,2026-09-21 07:00:00,2026-09-21 15:00:00,42-43,31,64,0,35,5,SW,252,NE,,,1,Cerah,Sunny,https://api-apps.bmkg.go.id/storage/icon/cuaca/cerah-am.svg,2026-09-21T07:00:00Z
73,73.71,73.71.03,73.71.03.1007,73.71.03.1007,Sulawesi Selatan,Kota Makassar,Makassar,Bara Baraya Timur,2026-09-19T12:00:00,2026-09-21 10:00:00,2026-09-21 18:00:00,45-46,30,67,0,26,4.1,N,2,S,,,1,Cerah,Sunny,https://api-apps.bmkg.go.id/storage/icon/cuaca/cerah-pm.svg,2026-09-21T10:00:00Z
73,73.71,73.71.03,73.71.03.1007,73.71.03.1007,Sulawesi Selatan,Kota Makassar,Makassar,Bara Baraya Timur,2026-09-19T12:00:00,2026-09-21 13:00:00,2026-09-21 21:00:00,48-49,29,60,0,37,9.6,S,217,N,,,1,Cerah,Sunny,https://api-apps.bmkg.go.id/storage/icon/cuaca/cerah-pm.svg,2026-09-21T13:00:00Z
73,73.71,73.71.03,73.71.03.1007,73.71.03.1007,Sulawesi Selatan,Kota Makassar,Makassar,Bara Baraya Timur,2026-09-19T12:00:00,2026-09-21 16:00:00,2026-09-22 00:00:00,51-52,27,69,0,48,6.4,W,294,E,,,1,Cerah,Sunny,https://api-apps.bmkg.go.id/storage/icon/cuaca/cerah-pm.svg,2026-09-21T16:00:00Z
73,73.71,73.71.03,73.71.03.1007,73.71.03.1007,Sulawesi Selatan,Kota Makassar,Makassar,Bara Baraya Timur,2026-09-19T12:00:00,2026-09-21 19:00:00,2026-09-22 03:00:00,54-55,27,69,0,36,7.7,SE,178,NW,,,1,Cerah,Sunny,https://api-apps.bmkg.go.id/storage/icon/cuaca/cerah-pm.svg,2026-09-21T19:00:00Z
73,73.71,73.71.03,73.71.03.1007,73.71.03.1007,Sulawesi Selatan,Kota Makassar,Makassar,Bara Baraya Timur,2026-09-19T12:00:00,2026-09-21 22:00:00,2026-09-22 06:00:00,57-58,27,70,0,2,6,W,296,E,,,0,Cerah,Sunny,https://api-apps.bmkg.go.id/storage/icon/cuaca/cerah-am.svg,2026-09-21T22:00:00Z
73,73.71,73.71.03,73.71.03.1008,73.71.03.1008,Sulawesi Selatan,Kota Makassar,Makassar,Bara Baraya Selatan,2026-09-19T12:00:00,2026-09-19 16:00:00,2026-09-20 00:00:00,3-4,27,67,0,2,6.7,NW,326,SE,,,0,Cerah,Sunny,https://api-apps.bmkg.go.id/storage/icon/cuaca/cerah-pm.svg,2026-09-19T16:00:00Z
73,73.71,73.71.03,73.71.03.1008,73.71.03.1008,Sulawesi Selatan,Kota Makassar,Makassar,Bara Baraya Selatan,2026-09-19T12:00:00,2026-09-19 19:00:00,2026-09-20 03:00:00,6-7,27,68,0,35,4.1,NE,75,SW,,,1,Cerah,Sunny,https://api-apps.bmkg.go.id/storage/icon/cuaca/cerah-pm.svg,2026-09-19T19:00:00Z
73,73.71,73.71.03,73.71.03.1008,73.71.03.1008,Sulawesi Selatan,Kota Makassar,Makassar,Bara Baraya Selatan,2026-09-19T12:00:00,2026-09-19 22:00:00,2026-09-20 06:00:00,9-10,27,66,0,5,2.3,SW,261,NE,,,0,Cerah,Sunny,https://api-apps.bmkg.go.id/storage/icon/cuaca/cerah-am.svg,2026-09-19T22:00:00Z
73,73.71,73.71.03,73.71.03.1008,73.71.03.1008,Sulawesi Selatan,Kota Makassar,Makassar,Bara Baraya Selatan,2026-09-19T12:00:00,2026-09-20 01:00:00,2026-09-20 09:00:00,12-13,30,56,0,22,15.2,SW,249,NE,,,1,Cerah,Sunny,https://api-apps.bmkg.go.id/storage/icon/cuaca/cerah-am.svg,2026-09-20T01:00:00Z
73,73.71,73.71.03,73.71.03.1008,73.71.03.1008,Sulawesi Selatan,Kota Makassar,Makassar,Bara Baraya Selatan,2026-09-19T12:00:00,2026-09-20 04:00:00,2026-09-20 12:00:00,15-16,30,62,0,22,15.7,SW,256,NE,,,1,Cerah,Sunny,https://api-apps.bmkg.go.id/storage/icon/cuaca/cerah-am.svg,2026-09-20T04:00:00Z
73,73.71,73.71.03,73.71.03.1008,73.71.03.1008,Sulawesi Selatan,Kota Makassar,Makassar,Bara Baraya Selatan,2026-09-19T12:00:00,2026-09-20 07:00:00,2026-09-20 15:00:00,18-19,29,68,0,28,13.3,SW,269,NE,,,1,Cerah,Sunny,https://api-apps.bmkg.go.id/storage/icon/cuaca/cerah-am.svg,2026-09-20T07:00:00Z
73,73.71,73.71.03,73.71.03.1008,73.71.03.1008,Sulawesi Selatan,Kota Makassar,Makassar,Bara Baraya Selatan,2026-09-19T12:00:00,2026-09-20 10:00:00,2026-09-20 18:00:00,21-22,28,77,0,10,6.3,NE,67,SW,,,0,Cerah,Sunny,https://api-apps.bmkg.go.id/storage/icon/cuaca/cerah-pm.svg,2026-09-20T10:00:00Z
73,73.71,73.71.03,73.71.03.1008,73.71.03.1008,Sulawesi Selatan,Kota Makassar,Makassar,Bara Baraya Selatan,2026-09-19T12:00:00,2026-09-20 13:00:00,2026-09-20 21:00:00,24-25,28,69,0,0,4.3,S,193,N,,,0,Cerah,Sunny,https://api-apps.bmkg.go.id/storage/icon/cuaca/cerah-pm.svg,2026-09-20T13:00:00Z
73,73.71,73.71.03,73.71.03.1008,73.71.03.1008,Sulawesi Selatan,Kota Makassar,Makassar,Bara Baraya Selatan,2026-09-19T12:00:00,2026-09-20 16:00:00,2026-09-21 00:00:00,27-28,27,72,0,1,6,SW,232,NE,,,0,Cerah,Sunny,https://api-apps.bmkg.go.id/storage/icon/cuaca/cerah-pm.svg,2026-09-20T16:00:00Z
73,73.71,73.71.03,73.71.03.1008,73.71.03.1008,Sulawesi Selatan,Kota Makassar,Makassar,Bara Baraya Selatan,2026-09-19T12:00:00,2026-09-20 19:00:00,2026-09-21 03:00:00,30-31,27,72,0,8,3.4,NE,66,SW,,,0,Cerah,Sunny,https://api-apps.bmkg.go.id/storage/icon/cuaca/cerah-pm.svg,2026-09-20T19:00:00Z
73,73.71,73.71.03,73.71.03.1008,73.71.03.1008,Sulawesi Selatan,Kota Makassar,Makassar,Bara Baraya Selatan,2026-09-19T12:00:00,2026-09-20 22:00:00,2026-09-21 06:00:00,33-34,27,70,0,56,4.9,S,192,N,,,1,Cerah,Sunny,https://api-apps.bmkg.go.id/storage/icon/cuaca/cerah-am.svg,2026-09-20T22:00:00Z
73,73.71,73.71.03,73.71.03.1008,73.71.03.1008,Sulawesi Selatan,Kota Makassar,Makassar,Bara Baraya Selatan,2026-09-19T12:00:00,2026-09-21 01:00:00,2026-09-21 09:00:00,36-37,30,63,0,31,12.6,SW,236,NE,,,1,Cerah,Sunny,https://api-apps.bmkg.go.id/storage/icon/cuaca/cerah-am.svg,2026-09-21T01:00:00Z
73,73.71,73.71.03,73.71.03.1008,73.71.03.1008,Sulawesi Selatan,Kota Makassar,Makassar,Bara Baraya Selatan,2026-09-19T12:00:00,2026-09-21 04:00:00,2026-09-21 12:00:00,39-40,30,66,0,22,16.2,SW,245,NE,,,1,Cerah,Sunny,https://api-apps.bmkg.go.id/storage/icon/cuaca/cerah-am.svg,2026-09-21T04:00:00Z
73,73.71,73.71.03,73.71.03.1008,73.71.03.1008,Sulawesi Selatan,Kota Makassar,Makassar,Bara Baraya Selatan,2026-09-19T12:00:00,2026-09-21 07:00:00,2026-09-21 15:00:00,42-43,31,64,0,35,5,SW,252,NE,,,1,Cerah,Sunny,https://api-apps.bmkg.go.id/storage/icon/cuaca/cerah-am.svg,2026-09-21T07:00:00Z
73,73.71,73.71.03,73.71.03.1008,73.71.03.1008,Sulawesi Selatan,Kota Makassar,Makassar,Bara Baraya Selatan,2026-09-19T12:00:00,2026-09-21 10:00:00,2026-09-21 18:00:00,45-46,30,67,0,26,4.1,N,2,S,,,1,Cerah,Sunny,https://api-apps.bmkg.go.id/storage/icon/cuaca/cerah-pm.svg,2026-09-21T10:00:00Z
73,73.71,73.71.03,73.71.03.1008,73.71.03.1008,Sulawesi Selatan,Kota Makassar,Makassar,Bara Baraya Selatan,2026-09-19T12:00:00,2026-09-21 13:00:00,2026-09-21 21:00:00,48-49,29,60,0,37,9.6,S,217,N,,,1,Cerah,Sunny,https://api-apps.bmkg.go.id/storage/icon/cuaca/cerah-pm.svg,2026-09-21T13:00:00Z
73,73.71,73.71.03,73.71.03.1008,73.71.03.1008,Sulawesi Selatan,Kota Makassar,Makassar,Bara Baraya Selatan,2026-09-19T12:00:00,2026-09-21 16:00:00,2026-09-22 00:00:00,51-52,27,69,0,48,6.4,W,294,E,,,1,Cerah,Sunny,https://api-apps.bmkg.go.id/storage/icon/cuaca/cerah-pm.svg,2026-09-21T16:00:00Z
73,73.71,73.71.03,73.71.03.1008,73.71.03.1008,Sulawesi Selatan,Kota Makassar,Makassar,Bara Baraya Selatan,2026-09-19T12:00:00,2026-09-21 19:00:00,2026-09-22 03:00:00,54-55,27,69,0,36,7.7,SE,178,NW,,,1,Cerah,Sunny,https://api-apps.bmkg.go.id/storage/icon/cuaca/cerah-pm.svg,2026-09-21T19:00:00Z
73,73.71,73.71.03,73.71.03.1008,73.71.03.1008,Sulawesi Selatan,Kota Makassar,Makassar,Bara Baraya Selatan,2026-09-19T12:00:00,2026-09-21 22:00:00,2026-09-22 06:00:00,57-58,27,70,0,2,6,W,296,E,,,0,Cerah,Sunny,https://api-apps.bmkg.go.id/storage/icon/cuaca/cerah-am.svg,2026-09-21T22:00:00Z
73,73.71,73.71.03,73.71.03.1009,73.71.03.1009,Sulawesi Selatan,Kota Makassar,Makassar,Maradekaya Selatan,2026-09-19T12:00:00,2026-09-19 16:00:00,2026-09-20 00:00:00,3-4,27,67,0,2,6.7,NW,326,SE,,,0,Cerah,Sunny,https://api-apps.bmkg.go.id/storage/icon/cuaca/cerah-pm.svg,2026-09-19T16:00:00Z
73,73.71,73.71.03,73.71.03.1009,73.71.03.1009,Sulawesi Selatan,Kota Makassar,Makassar,Maradekaya Selatan,2026-09-19T12:00:00,2026-09-19 19:00:00,2026-09-20 03:00:00,6-7,27,68,0,35,4.1,NE,75,SW,,,1,Cerah,Sunny,https://api-apps.bmkg.go.id/storage/icon/cuaca/cerah-pm.svg,2026-09-19T19:00:00Z
73,73.71,73.71.03,73.71.03.1009,73.71.03.1009,Sulawesi Selatan,Kota Makassar,Makassar,Maradekaya Selatan,2026-09-19T12:00:00,2026-09-19 22:00:00,2026-09-20 06:00:00,9-10,27,66,0,5,2.3,SW,261,NE,,,0,Cerah,Sunny,https://api-apps.bmkg.go.id/storage/icon/cuaca/cerah-am.svg,2026-09-19T22:00:00Z
73,73.71,73.71.03,73.71.03.1009,73.71.03.1009,Sulawesi Selatan,Kota Makassar,Makassar,Maradekaya Selatan,2026-09-19T12:00:00,2026-09-20 01:00:00,2026-09-20 09:00:00,12-13,30,56,0,22,15.2,SW,249,NE,,,1,Cerah,Sunny,https://api-apps.bmkg.go.id/storage/icon/cuaca/cerah-am.svg,2026-09-20T01:00:00Z
73,73.71,73.71.03,73.71.03.1009,73.71.03.1009,Sulawesi Selatan,Kota Makassar,Makassar,Maradekaya Selatan,2026-09-19T12:00:00,2026-09-20 04:00:00,2026-09-20 12:00:00,15-16,30,62,0,22,15.7,SW,256,NE,,,1,Cerah,Sunny,https://api-apps.bmkg.go.id/storage/icon/cuaca/cerah-am.svg,2026-09-20T04:00:00Z
73,73.71,73.71.03,73.71.03.1009,73.71.03.1009,Sulawesi Selatan,Kota Makassar,Makassar,Maradekaya Selatan,2026-09-19T12:00:00,2026-09-20 07:00:00,2026-09-20 15:00:00,18-19,29,68,0,28,13.3,SW,269,NE,,,1,Cerah,Sunny,https://api-apps.bmkg.go.id/storage/icon/cuaca/cerah-am.svg,2026-09-20T07:00:00Z
73,73.71,73.71.03,73.71.03.1009,73.71.03.1009,Sulawesi Selatan,Kota Makassar,Makassar,Maradekaya Selatan,2026-09-19T12:00:00,2026-09-20 10:00:00,2026-09-20 18:00:00,21-22,28,77,0,10,6.3,NE,67,SW,,,0,Cerah,Sunny,https://api-apps.bmkg.go.id/storage/icon/cuaca/cerah-pm.svg,2026-09-20T10:00:00Z
73,73.71,73.71.03,73.71.03.1009,73.71.03.1009,Sulawesi Selatan,Kota Makassar,Makassar,Maradekaya Selatan,2026-09-19T12:00:00,2026-09-20 13:00:00,2026-09-20 21:00:00,24-25,28,69,0,0,4.3,S,193,N,,,0,Cerah,Sunny,https://api-apps.bmkg.go.id/storage/icon/cuaca/cerah-pm.svg,2026-09-20T13:00:00Z
73,73.71,73.71.03,73.71.03.1009,73.71.03.1009,Sulawesi Selatan,Kota Makassar,Makassar,Maradekaya Selatan,2026-09-19T12:00:00,2026-09-20 16:00:00,2026-09-21 00:00:00,27-28,27,72,0,1,6,SW,232,NE,,,0,Cerah,Sunny,https://api-apps.bmkg.go.id/storage/icon/cuaca/cerah-pm.svg,2026-09-20T16:00:00Z
73,73.71,73.71.03,73.71.03.1009,73.71.03.1009,Sulawesi Selatan,Kota Makassar,Makassar,Maradekaya Selatan,2026-09-19T12:00:00,2026-09-20 19:00:00,2026-09-21 03:00:00,30-31,27,72,0,8,3.4,NE,66,SW,,,0,Cerah,Sunny,https://api-apps.bmkg.go.id/storage/icon/cuaca/cerah-pm.svg,2026-09-20T19:00:00Z
73,73.71,73.71.03,73.71.03.1009,73.71.03.1009,Sulawesi Selatan,Kota Makassar,Makassar,Maradekaya Selatan,2026-09-19T12:00:00,2026-09-20 22:00:00,2026-09-21 06:00:00,33-34,27,70,0,56,4.9,S,192,N,,,1,Cerah,Sunny,https://api-apps.bmkg.go.id/storage/icon/cuaca/cerah-am.svg,2026-09-20T22:00:00Z
73,73.71,73.71.03,73.71.03.1009,73.71.03.1009,Sulawesi Selatan,Kota Makassar,Makassar,Maradekaya Selatan,2026-09-19T12:00:00,2026-09-21 01:00:00,2026-09-21 09:00:00,36-37,30,63,0,31,12.6,SW,236,NE,,,1,Cerah,Sunny,https://api-apps.bmkg.go.id/storage/icon/cuaca/cerah-am.svg,2026-09-21T01:00:00Z
73,73.71,73.71.03,73.71.03.1009,73.71.03.1009,Sulawesi Selatan,Kota Makassar,Makassar,Maradekaya Selatan,2026-09-19T12:00:00,2026-09-21 04:00:00,2026-09-21 12:00:00,39-40,30,66,0,22,16.2,SW,245,NE,,,1,Cerah,Sunny,https://api-apps.bmkg.go.id/storage/icon/cuaca/cerah-am.svg,2026-09-21T04:00:00Z
73,73.71,73.71.03,73.71.03.1009,73.71.03.1009,Sulawesi Selatan,Kota Makassar,Makassar,Maradekaya Selatan,2026-09-19T12:00:00,2026-09-21 07:00:00,2026-09-21 15:00:00,42-43,31,64,0,35,5,SW,252,NE,,,1,Cerah,Sunny,https://api-apps.bmkg.go.id/storage/icon/cuaca/cerah-am.svg,2026-09-21T07:00:00Z
73,73.71,73.71.03,73.71.03.1009,73.71.03.1009,Sulawesi Selatan,Kota Makassar,Makassar,Maradekaya Selatan,2026-09-19T12:00:00,2026-09-21 10:00:00,2026-09-21 18:00:00,45-46,30,67,0,26,4.1,N,2,S,,,1,Cerah,Sunny,https://api-apps.bmkg.go.id/storage/icon/cuaca/cerah-pm.svg,2026-09-21T10:00:00Z
73,73.71,73.71.03,73.71.03.1009,73.71.03.1009,Sulawesi Selatan,Kota Makassar,Makassar,Maradekaya Selatan,2026-09-19T12:00:00,2026-09-21 13:00:00,2026-09-21 21:00:00,48-49,29,60,0,37,9.6,S,217,N,,,1,Cerah,Sunny,https://api-apps.bmkg.go.id/storage/icon/cuaca/cerah-pm.svg,2026-09-21T13:00:00Z
73,73.71,73.71.03,73.71.03.1009,73.71.03.1009,Sulawesi Selatan,Kota Makassar,Makassar,Maradekaya Selatan,2026-09-19T12:00:00,2026-09-21 16:00:00,2026-09-22 00:00:00,51-52,27,69,0,48,6.4,W,294,E,,,1,Cerah,Sunny,https://api-apps.bmkg.go.id/storage/icon/cuaca/cerah-pm.svg,2026-09-21T16:00:00Z
73,73.71,73.71.03,73.71.03.1009,73.71.03.1009,Sulawesi Selatan,Kota Makassar,Makassar,Maradekaya Selatan,2026-09-19T12:00:00,2026-09-21 19:00:00,2026-09-22 03:00:00,54-55,27,69,0,36,7.7,SE,178,NW,,,1,Cerah,Sunny,https://api-apps.bmkg.go.id/storage/icon/cuaca/cerah-pm.svg,2026-09-21T19:00:00Z
73,73.71,73.71.03,73.71.03.1009,73.71.03.1009,Sulawesi Selatan,Kota Makassar,Makassar,Maradekaya Selatan,2026-09-19T12:00:00,2026-09-21 22:00:00,2026-09-22 06:00:00,57-58,27,70,0,2,6,W,296,E,,,0,Cerah,Sunny,https://api-apps.bmkg.go.id/storage/icon/cuaca/cerah-am.svg,2026-09-21T22:00:00Z
73,73.71,73.71.03,73.71.03.1010,73.71.03.1010,Sulawesi Selatan,Kota Makassar,Makassar,Barana,2026-09-19T12:00:00,2026-09-19 16:00:00,2026-09-20 00:00:00,3-4,27,67,0,2,6.7,NW,326,SE,,,0,Cerah,Sunny,https://api-apps.bmkg.go.id/storage/icon/cuaca/cerah-pm.svg,2026-09-19T16:00:00Z
73,73.71,73.71.03,73.71.03.1010,73.71.03.1010,Sulawesi Selatan,Kota Makassar,Makassar,Barana,2026-09-19T12:00:00,2026-09-19 19:00:00,2026-09-20 03:00:00,6-7,27,68,0,35,4.1,NE,75,SW,,,1,Cerah,Sunny,https://api-apps.bmkg.go.id/storage/icon/cuaca/cerah-pm.svg,2026-09-19T19:00:00Z
73,73.71,73.71.03,73.71.03.1010,73.71.03.1010,Sulawesi Selatan,Kota Makassar,Makassar,Barana,2026-09-19T12:00:00,2026-09-19 22:00:00,2026-09-20 06:00:00,9-10,27,66,0,5,2.3,SW,261,NE,,,0,Cerah,Sunny,https://api-apps.bmkg.go.id/storage/icon/cuaca/cerah-am.svg,2026-09-19T22:00:00Z
73,73.71,73.71.03,73.71.03.1010,73.71.03.1010,Sulawesi Selatan,Kota Makassar,Makassar,Barana,2026-09-19T12:00:00,2026-09-20 01:00:00,2026-09-20 09:00:00,12-13,30,56,0,22,15.2,SW,249,NE,,,1,Cerah,Sunny,https://api-apps.bmkg.go.id/storage/icon/cuaca/cerah-am.svg,2026-09-20T01:00:00Z
73,73.71,73.71.03,73.71.03.1010,73.71.03.1010,Sulawesi Selatan,Kota Makassar,Makassar,Barana,2026-09-19T12:00:00,2026-09-20 04:00:00,2026-09-20 12:00:00,15-16,30,62,0,22,15.7,SW,256,NE,,,1,Cerah,Sunny,https://api-apps.bmkg.go.id/storage/icon/cuaca/cerah-am.svg,2026-09-20T04:00:00Z
73,73.71,73.71.03,73.71.03.1010,73.71.03.1010,Sulawesi Selatan,Kota Makassar,Makassar,Barana,2026-09-19T12:00:00,2026-09-20 07:00:00,2026-09-20 15:00:00,18-19,29,68,0,28,13.3,SW,269,NE,,,1,Cerah,Sunny,https://api-apps.bmkg.go.id/storage/icon/cuaca/cerah-am.svg,2026-09-20T07:00:00Z
73,73.71,73.71.03,73.71.03.1010,73.71.03.1010,Sulawesi Selatan,Kota Makassar,Makassar,Barana,2026-09-19T12:00:00,2026-09-20 10:00:00,2026-09-20 18:00:00,21-22,28,77,0,10,6.3,NE,67,SW,,,0,Cerah,Sunny,https://api-apps.bmkg.go.id/storage/icon/cuaca/cerah-pm.svg,2026-09-20T10:00:00Z
73,73.71,73.71.03,73.71.03.1010,73.71.03.1010,Sulawesi Selatan,Kota Makassar,Makassar,Barana,2026-09-19T12:00:00,2026-09-20 13:00:00,2026-09-20 21:00:00,24-25,28,69,0,0,4.3,S,193,N,,,0,Cerah,Sunny,https://api-apps.bmkg.go.id/storage/icon/cuaca/cerah-pm.svg,2026-09-20T13:00:00Z
73,73.71,73.71.03,73.71.03.1010,73.71.03.1010,Sulawesi Selatan,Kota Makassar,Makassar,Barana,2026-09-19T12:00:00,2026-09-20 16:00:00,2026-09-21 00:00:00,27-28,27,72,0,1,6,SW,232,NE,,,0,Cerah,Sunny,https://api-apps.bmkg.go.id/storage/icon/cuaca/cerah-pm.svg,2026-09-20T16:00:00Z
73,73.71,73.71.03,73.71.03.1010,73.71.03.1010,Sulawesi Selatan,Kota Makassar,Makassar,Barana,2026-09-19T12:00:00,2026-09-20 19:00:00,2026-09-21 03:00:00,30-31,27,72,0,8,3.4,NE,66,SW,,,0,Cerah,Sunny,https://api-apps.bmkg.go.id/storage/icon/cuaca/cerah-pm.svg,2026-09-20T19:00:00Z
73,73.71,73.71.03,73.71.03.1010,73.71.03.1010,Sulawesi Selatan,Kota Makassar,Makassar,Barana,2026-09-19T12:00:00,2026-09-20 22:00:00,2026-09-21 06:00:00,33-34,27,70,0,56,4.9,S,192,N,,,1,Cerah,Sunny,https://api-apps.bmkg.go.id/storage/icon/cuaca/cerah-am.svg,2026-09-20T22:00:00Z
73,73.71,73.71.03,73.71.03.1010,73.71.03.1010,Sulawesi Selatan,Kota Makassar,Makassar,Barana,2026-09-19T12:00:00,2026-09-21 01:00:00,2026-09-21 09:00:00,36-37,30,63,0,31,12.6,SW,236,NE,,,1,Cerah,Sunny,https://api-apps.bmkg.go.id/storage/icon/cuaca/cerah-am.svg,2026-09-21T01:00:00Z
73,73.71,73.71.03,73.71.03.1010,73.71.03.1010,Sulawesi Selatan,Kota Makassar,Makassar,Barana,2026-09-19T12:00:00,2026-09-21 04:00:00,2026-09-21 12:00:00,39-40,30,66,0,22,16.2,SW,245,NE,,,1,Cerah,Sunny,https://api-apps.bmkg.go.id/storage/icon/cuaca/cerah-am.svg,2026-09-21T04:00:00Z
73,73.71,73.71.03,73.71.03.1010,73.71.03.1010,Sulawesi Selatan,Kota Makassar,Makassar,Barana,2026-09-19T12:00:00,2026-09-21 07:00:00,2026-09-21 15:00:00,42-43,31,64,0,35,5,SW,252,NE,,,1,Cerah,Sunny,https://api-apps.bmkg.go.id/storage/icon/cuaca/cerah-am.svg,2026-09-21T07:00:00Z
73,73.71,73.71.03,73.71.03.1010,73.71.03.1010,Sulawesi Selatan,Kota Makassar,Makassar,Barana,2026-09-19T12:00:00,2026-09-21 10:00:00,2026-09-21 18:00:00,45-46,30,67,0,26,4.1,N,2,S,,,1,Cerah,Sunny,https://api-apps.bmkg.go.id/storage/icon/cuaca/cerah-pm.svg,2026-09-21T10:00:00Z
73,73.71,73.71.03,73.71.03.1010,73.71.03.1010,Sulawesi Selatan,Kota Makassar,Makassar,Barana,2026-09-19T12:00:00,2026-09-21 13:00:00,2026-09-21 21:00:00,48-49,29,60,0,37,9.6,S,217,N,,,1,Cerah,Sunny,https://api-apps.bmkg.go.id/storage/icon/cuaca/cerah-pm.svg,2026-09-21T13:00:00Z
73,73.71,73.71.03,73.71.03.1010,73.71.03.1010,Sulawesi Selatan,Kota Makassar,Makassar,Barana,2026-09-19T12:00:00,2026-09-21 16:00:00,2026-09-22 00:00:00,51-52,27,69,0,48,6.4,W,294,E,,,1,Cerah,Sunny,https://api-apps.bmkg.go.id/storage/icon/cuaca/cerah-pm.svg,2026-09-21T16:00:00Z
73,73.71,73.71.03,73.71.03.1010,73.71.03.1010,Sulawesi Selatan,Kota Makassar,Makassar,Barana,2026-09-19T12:00:00,2026-09-21 19:00:00,2026-09-22 03:00:00,54-55,27,69,0,36,7.7,SE,178,NW,,,1,Cerah,Sunny,https://api-apps.bmkg.go.id/storage/icon/cuaca/cerah-pm.svg,2026-09-21T19:00:00Z
73,73.71,73.71.03,73.71.03.1010,73.71.03.1010,Sulawesi Selatan,Kota Makassar,Makassar,Barana,2026-09-19T12:00:00,2026-09-21 22:00:00,2026-09-22 06:00:00,57-58,27,70,0,2,6,W,296,E,,,0,Cerah,Sunny,https://api-apps.bmkg.go.id/storage/icon/cuaca/cerah-am.svg,2026-09-21T22:00:00Z
73,73.71,73.71.03,73.71.03.1011,73.71.03.1011,Sulawesi Selatan,Kota Makassar,Makassar,Maccini Parang,2026-09-19T12:00:00,2026-09-19 15:00:00,2026-09-19 23:00:00,2-3,27,68,0,51,9,S,200,N,,,1,Cerah,Sunny,https://api-apps.bmkg.go.id/storage/icon/cuaca/cerah-pm.svg,2026-09-19T15:00:00Z
73,73.71,73.71.03,73.71.03.1011,73.71.03.1011,Sulawesi Selatan,Kota Makassar,Makassar,Maccini Parang,2026-09-19T12:00:00,2026-09-19 18:00:00,2026-09-20 02:00:00,5-6,27,66,0,8,6.7,NW,326,SE,,,0,Cerah,Sunny,https://api-apps.bmkg.go.id/storage/icon/cuaca/cerah-pm.svg,2026-09-19T18:00:00Z
73,73.71,73.71.03,73.71.03.1011,73.71.03.1011,Sulawesi Selatan,Kota Makassar,Makassar,Maccini Parang,2026-09-19T12:00:00,2026-09-19 21:00:00,2026-09-20 05:00:00,8-9,26,69,0,6,4.1,NE,75,SW,,,0,Cerah,Sunny,https://api-apps.bmkg.go.id/storage/icon/cuaca/cerah-pm.svg,2026-09-19T21:00:00Z
73,73.71,73.71.03,73.71.03.1011,73.71.03.1011,Sulawesi Selatan,Kota Makassar,Makassar,Maccini Parang,2026-09-19T12:00:00,2026-09-20 00:00:00,2026-09-20 08:00:00,11-12,30,55,0,24,2.3,SW,261,NE,,,1,Cerah,Sunny,https://api-apps.bmkg.go.id/storage/icon/cuaca/cerah-am.svg,2026-09-20T00:00:00Z
73,73.71,73.71.03,73.71.03.1011,73.71.03.1011,Sulawesi Selatan,Kota Makassar,Makassar,Maccini Parang,2026-09-19T12:00:00,2026-09-20 03:00:00,2026-09-20 11:00:00,14-15,30,63,0,27,15.2,SW,249,NE,,,1,Cerah,Sunny,https://api-apps.bmkg.go.id/storage/icon/cuaca/cerah-am.svg,2026-09-20T03:00:00Z
73,73.71,73.71.03,73.71.03.1011,73.71.03.1011,Sulawesi Selatan,Kota Makassar,Makassar,Maccini Parang,2026-09-19T12:00:00,2026-09-20 06:00:00,2026-09-20 14:00:00,17-18,30,64,0,30,15.7,SW,256,NE,,,1,Cerah,Sunny,https://api-apps.bmkg.go.id/storage/icon/cuaca/cerah-am.svg,2026-09-20T06:00:00Z
73,73.71,73.71.03,73.71.03.1011,73.71.03.1011,Sulawesi Selatan,Kota Makassar,Makassar,Maccini Parang,2026-09-19T12:00:00,2026-09-20 09:00:00,2026-09-20 17:00:00,20-21,28,75,0,22,13.3,SW,269,NE,,,1,Cerah,Sunny,https://api-apps.bmkg.go.id/storage/icon/cuaca/cerah-am.svg,2026-09-20T09:00:00Z
73,73.71,73.71.03,73.71.03.1011,73.71.03.1011,Sulawesi Selatan,Kota Makassar,Makassar,Maccini Parang,2026-09-19T12:00:00,2026-09-20 12:00:00,2026-09-20 20:00:00,23-24,28,74,0,0,6.3,NE,67,SW,,,0,Cerah,Sunny,https://api-apps.bmkg.go.id/storage/icon/cuaca/cerah-pm.svg,2026-09-20T12:00:00Z
73,73.71,73.71.03,73.71.03.1011,73.71.03.1011,Sulawesi Selatan,Kota Makassar,Makassar,Maccini Parang,2026-09-19T12:00:00,2026-09-20 15:00:00,2026-09-20 23:00:00,26-27,27,69,0,0,4.3,S,193,N,,,0,Cerah,Sunny,https://api-apps.bmkg.go.id/storage/icon/cuaca/cerah-pm.svg,2026-09-20T15:00:00Z
73,73.71,73.71.03,73.71.03.1011,73.71.03.1011,Sulawesi Selatan,Kota Makassar,Makassar,Maccini Parang,2026-09-19T12:00:00,2026-09-20 18:00:00,2026-09-21 02:00:00,29-30,27,72,0,0,6,SW,232,NE,,,0,Cerah,Sunny,https://api-apps.bmkg.go.id/storage/icon/cuaca/cerah-pm.svg,2026-09-20T18:00:00Z
73,73.71,73.71.03,73.71.03.1011,73.71.03.1011,Sulawesi Selatan,Kota Makassar,Makassar,Maccini Parang,2026-09-19T12:00:00,2026-09-20 21:00:00,2026-09-21 05:00:00,32-33,26,75,0,60,3.4,NE,66,SW,,,1,Cerah,Sunny,https://api-apps.bmkg.go.id/storage/icon/cuaca/cerah-pm.svg,2026-09-20T21:00:00Z
73,73.71,73.71.03,73.71.03.1011,73.71.03.1011,Sulawesi Selatan,Kota Makassar,Makassar,Maccini Parang,2026-09-19T12:00:00,2026-09-21 00:00:00,2026-09-21 08:00:00,35-36,29,63,0,31,4.9,S,192,N,,,1,Cerah,Sunny,https://api-apps.bmkg.go.id/storage/icon/cuaca/cerah-am.svg,2026-09-21T00:00:00Z
73,73.71,73.71.03,73.71.03.1011,73.71.03.1011,Sulawesi Selatan,Kota Makassar,Makassar,Maccini Parang,2026-09-19T12:00:00,2026-09-21 03:00:00,2026-09-21 11:00:00,38-39,30,67,0,17,12.6,SW,236,NE,,,1,Cerah,Sunny,https://api-apps.bmkg.go.id/storage/icon/cuaca/cerah-am.svg,2026-09-21T03:00:00Z
73,73.71,73.71.03,73.71.03.1011,73.71.03.1011,Sulawesi Selatan,Kota Makassar,Makassar,Maccini Parang,2026-09-19T12:00:00,2026-09-21 06:00:00,2026-09-21 14:00:00,41-42,31,65,0,34,16.2,SW,245,NE,,,1,Cerah,Sunny,https://api-apps.bmkg.go.id/storage/icon/cuaca/cerah-am.svg,2026-09-21T06:00:00Z
73,73.71,73.71.03,73.71.03.1011,73.71.03.1011,Sulawesi Selatan,Kota Makassar,Makassar,Maccini Parang,2026-09-19T12:00:00,2026-09-21 09:00:00,2026-09-21 17:00:00,44-45,30,69,0,23,5,SW,252,NE,,,1,Cerah,Sunny,https://api-apps.bmkg.go.id/storage/icon/cuaca/cerah-am.svg,2026-09-21T09:00:00Z
73,73.71,73.71.03,73.71.03.1011,73.71.03.1011,Sulawesi Selatan,Kota Makassar,Makassar,Maccini Parang,2026-09-19T12:00:00,2026-09-21 12:00:00,2026-09-21 20:00:00,47-48,29,58,0,3,4.1,N,2,S,,,0,Cerah,Sunny,https://api-apps.bmkg.go.id/storage/icon/cuaca/cerah-pm.svg,2026-09-21T12:00:00Z
73,73.71,73.71.03,73.71.03.1011,73.71.03.1011,Sulawesi Selatan,Kota Makassar,Makassar,Maccini Parang,2026-09-19T12:00:00,2026-09-21 15:00:00,2026-09-21 23:00:00,50-51,28,68,0,83,9.6,S,217,N,,,2,Cerah Berawan,Partly Cloudy,https://api-apps.bmkg.go.id/storage/icon/cuaca/cerah berawan-pm.svg,2026-09-21T15:00:00Z
73,73.71,73.71.03,73.71.03.1012,73.71.03.1012,Sulawesi Selatan,Kota Makassar,Makassar,Maccini Gusung,2026-09-19T12:00:00,2026-09-19 16:00:00,2026-09-20 00:00:00,3-4,27,67,0,2,6.7,NW,326,SE,,,0,Cerah,Sunny,https://api-apps.bmkg.go.id/storage/icon/cuaca/cerah-pm.svg,2026-09-19T16:00:00Z
73,73.71,73.71.03,73.71.03.1012,73.71.03.1012,Sulawesi Selatan,Kota Makassar,Makassar,Maccini Gusung,2026-09-19T12:00:00,2026-09-19 19:00:00,2026-09-20 03:00:00,6-7,27,68,0,35,4.1,NE,75,SW,,,1,Cerah,Sunny,https://api-apps.bmkg.go.id/storage/icon/cuaca/cerah-pm.svg,2026-09-19T19:00:00Z
73,73.71,73.71.03,73.71.03.1012,73.71.03.1012,Sulawesi Selatan,Kota Makassar,Makassar,Maccini Gusung,2026-09-19T12:00:00,2026-09-19 22:00:00,2026-09-20 06:00:00,9-10,27,66,0,5,2.3,SW,261,NE,,,0,Cerah,Sunny,https://api-apps.bmkg.go.id/storage/icon/cuaca/cerah-am.svg,2026-09-19T22:00:00Z
73,73.71,73.71.03,73.71.03.1012,73.71.03.1012,Sulawesi Selatan,Kota Makassar,Makassar,Maccini Gusung,2026-09-19T12:00:00,2026-09-20 01:00:00,2026-09-20 09:00:00,12-13,30,56,0,22,15.2,SW,249,NE,,,1,Cerah,Sunny,https://api-apps.bmkg.go.id/storage/icon/cuaca/cerah-am.svg,2026-09-20T01:00:00Z
73,73.71,73.71.03,73.71.03.1012,73.71.03.1012,Sulawesi Selatan,Kota Makassar,Makassar,Maccini Gusung,2026-09-19T12:00:00,2026-09-20 04:00:00,2026-09-20 12:00:00,15-16,30,62,0,22,15.7,SW,256,NE,,,1,Cerah,Sunny,https://api-apps.bmkg.go.id/storage/icon/cuaca/cerah-am.svg,2026-09-20T04:00:00Z
73,73.71,73.71.03,73.71.03.1012,73.71.03.1012,Sulawesi Selatan,Kota Makassar,Makassar,Maccini Gusung,2026-09-19T12:00:00,2026-09-20 07:00:00,2026-09-20 15:00:00,18-19,29,68,0,28,13.3,SW,269,NE,,,1,Cerah,Sunny,https://api-apps.bmkg.go.id/storage/icon/cuaca/cerah-am.svg,2026-09-20T07:00:00Z
73,73.71,73.71.03,73.71.03.1012,73.71.03.1012,Sulawesi Selatan,Kota Makassar,Makassar,Maccini Gusung,2026-09-19T12:00:00,2026-09-20 10:00:00,2026-09-20 18:00:00,21-22,28,77,0,10,6.3,NE,67,SW,,,0,Cerah,Sunny,https://api-apps.bmkg.go.id/storage/icon/cuaca/cerah-pm.svg,2026-09-20T10:00:00Z
73,73.71,73.71.03,73.71.03.1012,73.71.03.1012,Sulawesi Selatan,Kota Makassar,Makassar,Maccini Gusung,2026-09-19T12:00:00,2026-09-20 13:00:00,2026-09-20 21:00:00,24-25,28,69,0,0,4.3,S,193,N,,,0,Cerah,Sunny,https://api-apps.bmkg.go.id/storage/icon/cuaca/cerah-pm.svg,2026-09-20T13:00:00Z
73,73.71,73.71.03,73.71.03.1012,73.71.03.1012,Sulawesi Selatan,Kota Makassar,Makassar,Maccini Gusung,2026-09-19T12:00:00,2026-09-20 16:00:00,2026-09-21 00:00:00,27-28,27,72,0,1,6,SW,232,NE,,,0,Cerah,Sunny,https://api-apps.bmkg.go.id/storage/icon/cuaca/cerah-pm.svg,2026-09-20T16:00:00Z
73,73.71,73.71.03,73.71.03.1012,73.71.03.1012,Sulawesi Selatan,Kota Makassar,Makassar,Maccini Gusung,2026-09-19T12:00:00,2026-09-20 19:00:00,2026-09-21 03:00:00,30-31,27,72,0,8,3.4,NE,66,SW,,,0,Cerah,Sunny,https://api-apps.bmkg.go.id/storage/icon/cuaca/cerah-pm.svg,2026-09-20T19:00:00Z
73,73.71,73.71.03,73.71.03.1012,73.71.03.1012,Sulawesi Selatan,Kota Makassar,Makassar,Maccini Gusung,2026-09-19T12:00:00,2026-09-20 22:00:00,2026-09-21 06:00:00,33-34,27,70,0,56,4.9,S,192,N,,,1,Cerah,Sunny,https://api-apps.bmkg.go.id/storage/icon/cuaca/cerah-am.svg,2026-09-20T22:00:00Z
73,73.71,73.71.03,73.71.03.1012,73.71.03.1012,Sulawesi Selatan,Kota Makassar,Makassar,Maccini Gusung,2026-09-19T12:00:00,2026-09-21 01:00:00,2026-09-21 09:00:00,36-37,30,63,0,31,12.6,SW,236,NE,,,1,Cerah,Sunny,https://api-apps.bmkg.go.id/storage/icon/cuaca/cerah-am.svg,2026-09-21T01:00:00Z
73,73.71,73.71.03,73.71.03.1012,73.71.03.1012,Sulawesi Selatan,Kota Makassar,Makassar,Maccini Gusung,2026-09-19T12:00:00,2026-09-21 04:00:00,2026-09-21 12:00:00,39-40,30,66,0,22,16.2,SW,245,NE,,,1,Cerah,Sunny,https://api-apps.bmkg.go.id/storage/icon/cuaca/cerah-am.svg,2026-09-21T04:00:00Z
73,73.71,73.71.03,73.71.03.1012,73.71.03.1012,Sulawesi Selatan,Kota Makassar,Makassar,Maccini Gusung,2026-09-19T12:00:00,2026-09-21 07:00:00,2026-09-21 15:00:00,42-43,31,64,0,35,5,SW,252,NE,,,1,Cerah,Sunny,https://api-apps.bmkg.go.id/storage/icon/cuaca/cerah-am.svg,2026-09-21T07:00:00Z
73,73.71,73.71.03,73.71.03.1012,73.71.03.1012,Sulawesi Selatan,Kota Makassar,Makassar,Maccini Gusung,2026-09-19T12:00:00,2026-09-21 10:00:00,2026-09-21 18:00:00,45-46,30,67,0,26,4.1,N,2,S,,,1,Cerah,Sunny,https://api-apps.bmkg.go.id/storage/icon/cuaca/cerah-pm.svg,2026-09-21T10:00:00Z
73,73.71,73.71.03,73.71.03.1012,73.71.03.1012,Sulawesi Selatan,Kota Makassar,Makassar,Maccini Gusung,2026-09-19T12:00:00,2026-09-21 13:00:00,2026-09-21 21:00:00,48-49,29,60,0,37,9.6,S,217,N,,,1,Cerah,Sunny,https://api-apps.bmkg.go.id/storage/icon/cuaca/cerah-pm.svg,2026-09-21T13:00:00Z
73,73.71,73.71.03,73.71.03.1012,73.71.03.1012,Sulawesi Selatan,Kota Makassar,Makassar,Maccini Gusung,2026-09-19T12:00:00,2026-09-21 16:00:00,2026-09-22 00:00:00,51-52,27,69,0,48,6.4,W,294,E,,,1,Cerah,Sunny,https://api-apps.bmkg.go.id/storage/icon/cuaca/cerah-pm.svg,2026-09-21T16:00:00Z
73,73.71,73.71.03,73.71.03.1012,73.71.03.1012,Sulawesi Selatan,Kota Makassar,Makassar,Maccini Gusung,2026-09-19T12:00:00,2026-09-21 19:00:00,2026-09-22 03:00:00,54-55,27,69,0,36,7.7,SE,178,NW,,,1,Cerah,Sunny,https://api-apps.bmkg.go.id/storage/icon/cuaca/cerah-pm.svg,2026-09-21T19:00:00Z
73,73.71,73.71.03,73.71.03.1012,73.71.03.1012,Sulawesi Selatan,Kota Makassar,Makassar,Maccini Gusung,2026-09-19T12:00:00,2026-09-21 22:00:00,2026-09-22 06:00:00,57-58,27,70,0,2,6,W,296,E,,,0,Cerah,Sunny,https://api-apps.bmkg.go.id/storage/icon/cuaca/cerah-am.svg,2026-09-21T22:00:00Z
73,73.71,73.71.03,73.71.03.1013,73.71.03.1013,Sulawesi Selatan,Kota Makassar,Makassar,Maradekaya Utara,2026-09-19T12:00:00,2026-09-19 16:00:00,2026-09-20 00:00:00,3-4,27,67,0,2,6.7,NW,326,SE,,,0,Cerah,Sunny,https://api-apps.bmkg.go.id/storage/icon/cuaca/cerah-pm.svg,2026-09-19T16:00:00Z
73,73.71,73.71.03,73.71.03.1013,73.71.03.1013,Sulawesi Selatan,Kota Makassar,Makassar,Maradekaya Utara,2026-09-19T12:00:00,2026-09-19 19:00:00,2026-09-20 03:00:00,6-7,27,68,0,35,4.1,NE,75,SW,,,1,Cerah,Sunny,https://api-apps.bmkg.go.id/storage/icon/cuaca/cerah-pm.svg,2026-09-19T19:00:00Z
73,73.71,73.71.03,73.71.03.1013,73.71.03.1013,Sulawesi Selatan,Kota Makassar,Makassar,Maradekaya Utara,2026-09-19T12:00:00,2026-09-19 22:00:00,2026-09-20 06:00:00,9-10,27,66,0,5,2.3,SW,261,NE,,,0,Cerah,Sunny,https://api-apps.bmkg.go.id/storage/icon/cuaca/cerah-am.svg,2026-09-19T22:00:00Z
73,73.71,73.71.03,73.71.03.1013,73.71.03.1013,Sulawesi Selatan,Kota Makassar,Makassar,Maradekaya Utara,2026-09-19T12:00:00,2026-09-20 01:00:00,2026-09-20 09:00:00,12-13,30,56,0,22,15.2,SW,249,NE,,,1,Cerah,Sunny,https://api-apps.bmkg.go.id/storage/icon/cuaca/cerah-am.svg,2026-09-20T01:00:00Z
73,73.71,73.71.03,73.71.03.1013,73.71.03.1013,Sulawesi Selatan,Kota Makassar,Makassar,Maradekaya Utara,2026-09-19T12:00:00,2026-09-20 04:00:00,2026-09-20 12:00:00,15-16,30,62,0,22,15.7,SW,256,NE,,,1,Cerah,Sunny,https://api-apps.bmkg.go.id/storage/icon/cuaca/cerah-am.svg,2026-09-20T04:00:00Z
73,73.71,73.71.03,73.71.03.1013,73.71.03.1013,Sulawesi Selatan,Kota Makassar,Makassar,Maradekaya Utara,2026-09-19T12:00:00,2026-09-20 07:00:00,2026-09-20 15:00:00,18-19,29,68,0,28,13.3,SW,269,NE,,,1,Cerah,Sunny,https://api-apps.bmkg.go.id/storage/icon/cuaca/cerah-am.svg,2026-09-20T07:00:00Z
73,73.71,73.71.03,73.71.03.1013,73.71.03.1013,Sulawesi Selatan,Kota Makassar,Makassar,Maradekaya Utara,2026-09-19T12:00:00,2026-09-20 10:00:00,2026-09-20 18:00:00,21-22,28,77,0,10,6.3,NE,67,SW,,,0,Cerah,Sunny,https://api-apps.bmkg.go.id/storage/icon/cuaca/cerah-pm.svg,2026-09-20T10:00:00Z
73,73.71,73.71.03,73.71.03.1013,73.71.03.1013,Sulawesi Selatan,Kota Makassar,Makassar,Maradekaya Utara,2026-09-19T12:00:00,2026-09-20 13:00:00,2026-09-20 21:00:00,24-25,28,69,0,0,4.3,S,193,N,,,0,Cerah,Sunny,https://api-apps.bmkg.go.id/storage/icon/cuaca/cerah-pm.svg,2026-09-20T13:00:00Z
73,73.71,73.71.03,73.71.03.1013,73.71.03.1013,Sulawesi Selatan,Kota Makassar,Makassar,Maradekaya Utara,2026-09-19T12:00:00,2026-09-20 16:00:00,2026-09-21 00:00:00,27-28,27,72,0,1,6,SW,232,NE,,,0,Cerah,Sunny,https://api-apps.bmkg.go.id/storage/icon/cuaca/cerah-pm.svg,2026-09-20T16:00:00Z
73,73.71,73.71.03,73.71.03.1013,73.71.03.1013,Sulawesi Selatan,Kota Makassar,Makassar,Maradekaya Utara,2026-09-19T12:00:00,2026-09-20 19:00:00,2026-09-21 03:00:00,30-31,27,72,0,8,3.4,NE,66,SW,,,0,Cerah,Sunny,https://api-apps.bmkg.go.id/storage/icon/cuaca/cerah-pm.svg,2026-09-20T19:00:00Z
73,73.71,73.71.03,73.71.03.1013,73.71.03.1013,Sulawesi Selatan,Kota Makassar,Makassar,Maradekaya Utara,2026-09-19T12:00:00,2026-09-20 22:00:00,2026-09-21 06:00:00,33-34,27,70,0,56,4.9,S,192,N,,,1,Cerah,Sunny,https://api-apps.bmkg.go.id/storage/icon/cuaca/cerah-am.svg,2026-09-20T22:00:00Z
73,73.71,73.71.03,73.71.03.1013,73.71.03.1013,Sulawesi Selatan,Kota Makassar,Makassar,Maradekaya Utara,2026-09-19T12:00:00,2026-09-21 01:00:00,2026-09-21 09:00:00,36-37,30,63,0,31,12.6,SW,236,NE,,,1,Cerah,Sunny,https://api-apps.bmkg.go.id/storage/icon/cuaca/cerah-am.svg,2026-09-21T01:00:00Z
73,73.71,73.71.03,73.71.03.1013,73.71.03.1013,Sulawesi Selatan,Kota Makassar,Makassar,Maradekaya Utara,2026-09-19T12:00:00,2026-09-21 04:00:00,2026-09-21 12:00:00,39-40,30,66,0,22,16.2,SW,245,NE,,,1,Cerah,Sunny,https://api-apps.bmkg.go.id/storage/icon/cuaca/cerah-am.svg,2026-09-21T04:00:00Z
73,73.71,73.71.03,73.71.03.1013,73.71.03.1013,Sulawesi Selatan,Kota Makassar,Makassar,Maradekaya Utara,2026-09-19T12:00:00,2026-09-21 07:00:00,2026-09-21 15:00:00,42-43,31,64,0,35,5,SW,252,NE,,,1,Cerah,Sunny,https://api-apps.bmkg.go.id/storage/icon/cuaca/cerah-am.svg,2026-09-21T07:00:00Z
73,73.71,73.71.03,73.71.03.1013,73.71.03.1013,Sulawesi Selatan,Kota Makassar,Makassar,Maradekaya Utara,2026-09-19T12:00:00,2026-09-21 10:00:00,2026-09-21 18:00:00,45-46,30,67,0,26,4.1,N,2,S,,,1,Cerah,Sunny,https://api-apps.bmkg.go.id/storage/icon/cuaca/cerah-pm.svg,2026-09-21T10:00:00Z
73,73.71,73.71.03,73.71.03.1013,73.71.03.1013,Sulawesi Selatan,Kota Makassar,Makassar,Maradekaya Utara,2026-09-19T12:00:00,2026-09-21 13:00:00,2026-09-21 21:00:00,48-49,29,60,0,37,9.6,S,217,N,,,1,Cerah,Sunny,https://api-apps.bmkg.go.id/storage/icon/cuaca/cerah-pm.svg,2026-09-21T13:00:00Z
73,73.71,73.71.03,73.71.03.1013,73.71.03.1013,Sulawesi Selatan,Kota Makassar,Makassar,Maradekaya Utara,2026-09-19T12:00:00,2026-09-21 16:00:00,2026-09-22 00:00:00,51-52,27,69,0,48,6.4,W,294,E,,,1,Cerah,Sunny,https://api-apps.bmkg.go.id/storage/icon/cuaca/cerah-pm.svg,2026-09-21T16:00:00Z
73,73.71,73.71.03,73.71.03.1013,73.71.03.1013,Sulawesi Selatan,Kota Makassar,Makassar,Maradekaya Utara,2026-09-19T12:00:00,2026-09-21 19:00:00,2026-09-22 03:00:00,54-55,27,69,0,36,7.7,SE,178,NW,,,1,Cerah,Sunny,https://api-apps.bmkg.go.id/storage/icon/cuaca/cerah-pm.svg,2026-09-21T19:00:00Z
73,73.71,73.71.03,73.71.03.1013,73.71.03.1013,Sulawesi Selatan,Kota Makassar,Makassar,Maradekaya Utara,2026-09-19T12:00:00,2026-09-21 22:00:00,2026-09-22 06:00:00,57-58,27,70,0,2,6,W,296,E,,,0,Cerah,Sunny,https://api-apps.bmkg.go.id/storage/icon/cuaca/cerah-am.svg,2026-09-21T22:00:00Z
73,73.71,73.71.03,73.71.03.1014,73.71.03.1014,Sulawesi Selatan,Kota Makassar,Makassar,Bara Baraya Utara,2026-09-19T12:00:00,2026-09-19 16:00:00,2026-09-20 00:00:00,3-4,27,67,0,2,6.7,NW,326,SE,,,0,Cerah,Sunny,https://api-apps.bmkg.go.id/storage/icon/cuaca/cerah-pm.svg,2026-09-19T16:00:00Z
73,73.71,73.71.03,73.71.03.1014,73.71.03.1014,Sulawesi Selatan,Kota Makassar,Makassar,Bara Baraya Utara,2026-09-19T12:00:00,2026-09-19 19:00:00,2026-09-20 03:00:00,6-7,27,68,0,35,4.1,NE,75,SW,,,1,Cerah,Sunny,https://api-apps.bmkg.go.id/storage/icon/cuaca/cerah-pm.svg,2026-09-19T19:00:00Z
73,73.71,73.71.03,73.71.03.1014,73.71.03.1014,Sulawesi Selatan,Kota Makassar,Makassar,Bara Baraya Utara,2026-09-19T12:00:00,2026-09-19 22:00:00,2026-09-20 06:00:00,9-10,27,66,0,5,2.3,SW,261,NE,,,0,Cerah,Sunny,https://api-apps.bmkg.go.id/storage/icon/cuaca/cerah-am.svg,2026-09-19T22:00:00Z
73,73.71,73.71.03,73.71.03.1014,73.71.03.1014,Sulawesi Selatan,Kota Makassar,Makassar,Bara Baraya Utara,2026-09-19T12:00:00,2026-09-20 01:00:00,2026-09-20 09:00:00,12-13,30,56,0,22,15.2,SW,249,NE,,,1,Cerah,Sunny,https://api-apps.bmkg.go.id/storage/icon/cuaca/cerah-am.svg,2026-09-20T01:00:00Z
73,73.71,73.71.03,73.71.03.1014,73.71.03.1014,Sulawesi Selatan,Kota Makassar,Makassar,Bara Baraya Utara,2026-09-19T12:00:00,2026-09-20 04:00:00,2026-09-20 12:00:00,15-16,30,62,0,22,15.7,SW,256,NE,,,1,Cerah,Sunny,https://api-apps.bmkg.go.id/storage/icon/cuaca/cerah-am.svg,2026-09-20T04:00:00Z
73,73.71,73.71.03,73.71.03.1014,73.71.03.1014,Sulawesi Selatan,Kota Makassar,Makassar,Bara Baraya Utara,2026-09-19T12:00:00,2026-09-20 07:00:00,2026-09-20 15:00:00,18-19,29,68,0,28,13.3,SW,269,NE,,,1,Cerah,Sunny,https://api-apps.bmkg.go.id/storage/icon/cuaca/cerah-am.svg,2026-09-20T07:00:00Z
73,73.71,73.71.03,73.71.03.1014,73.71.03.1014,Sulawesi Selatan,Kota Makassar,Makassar,Bara Baraya Utara,2026-09-19T12:00:00,2026-09-20 10:00:00,2026-09-20 18:00:00,21-22,28,77,0,10,6.3,NE,67,SW,,,0,Cerah,Sunny,https://api-apps.bmkg.go.id/storage/icon/cuaca/cerah-pm.svg,2026-09-20T10:00:00Z
73,73.71,73.71.03,73.71.03.1014,73.71.03.1014,Sulawesi Selatan,Kota Makassar,Makassar,Bara Baraya Utara,2026-09-19T12:00:00,2026-09-20 13:00:00,2026-09-20 21:00:00,24-25,28,69,0,0,4.3,S,193,N,,,0,Cerah,Sunny,https://api-apps.bmkg.go.id/storage/icon/cuaca/cerah-pm.svg,2026-09-20T13:00:00Z
73,73.71,73.71.03,73.71.03.1014,73.71.03.1014,Sulawesi Selatan,Kota Makassar,Makassar,Bara Baraya Utara,2026-09-19T12:00:00,2026-09-20 16:00:00,2026-09-21 00:00:00,27-28,27,72,0,1,6,SW,232,NE,,,0,Cerah,Sunny,https://api-apps.bmkg.go.id/storage/icon/cuaca/cerah-pm.svg,2026-09-20T16:00:00Z
73,73.71,73.71.03,73.71.03.1014,73.71.03.1014,Sulawesi Selatan,Kota Makassar,Makassar,Bara Baraya Utara,2026-09-19T12:00:00,2026-09-20 19:00:00,2026-09-21 03:00:00,30-31,27,72,0,8,3.4,NE,66,SW,,,0,Cerah,Sunny,https://api-apps.bmkg.go.id/storage/icon/cuaca/cerah-pm.svg,2026-09-20T19:00:00Z
73,73.71,73.71.03,73.71.03.1014,73.71.03.1014,Sulawesi Selatan,Kota Makassar,Makassar,Bara Baraya Utara,2026-09-19T12:00:00,2026-09-20 22:00:00,2026-09-21 06:00:00,33-34,27,70,0,56,4.9,S,192,N,,,1,Cerah,Sunny,https://api-apps.bmkg.go.id/storage/icon/cuaca/cerah-am.svg,2026-09-20T22:00:00Z
73,73.71,73.71.03,73.71.03.1014,73.71.03.1014,Sulawesi Selatan,Kota Makassar,Makassar,Bara Baraya Utara,2026-09-19T12:00:00,2026-09-21 01:00:00,2026-09-21 09:00:00,36-37,30,63,0,31,12.6,SW,236,NE,,,1,Cerah,Sunny,https://api-apps.bmkg.go.id/storage/icon/cuaca/cerah-am.svg,2026-09-21T01:00:00Z
73,73.71,73.71.03,73.71.03.1014,73.71.03.1014,Sulawesi Selatan,Kota Makassar,Makassar,Bara Baraya Utara,2026-09-19T12:00:00,2026-09-21 04:00:00,2026-09-21 12:00:00,39-40,30,66,0,22,16.2,SW,245,NE,,,1,Cerah,Sunny,https://api-apps.bmkg.go.id/storage/icon/cuaca/cerah-am.svg,2026-09-21T04:00:00Z
73,73.71,73.71.03,73.71.03.1014,73.71.03.1014,Sulawesi Selatan,Kota Makassar,Makassar,Bara Baraya Utara,2026-09-19T12:00:00,2026-09-21 07:00:00,2026-09-21 15:00:00,42-43,31,64,0,35,5,SW,252,NE,,,1,Cerah,Sunny,https://api-apps.bmkg.go.id/storage/icon/cuaca/cerah-am.svg,2026-09-21T07:00:00Z
73,73.71,73.71.03,73.71.03.1014,73.71.03.1014,Sulawesi Selatan,Kota Makassar,Makassar,Bara Baraya Utara,2026-09-19T12:00:00,2026-09-21 10:00:00,2026-09-21 18:00:00,45-46,30,67,0,26,4.1,N,2,S,,,1,Cerah,Sunny,https://api-apps.bmkg.go.id/storage/icon/cuaca/cerah-pm.svg,2026-09-21T10:00:00Z
73,73.71,73.71.03,73.71.03.1014,73.71.03.1014,Sulawesi Selatan,Kota Makassar,Makassar,Bara Baraya Utara,2026-09-19T12:00:00,2026-09-21 13:00:00,2026-09-21 21:00:00,48-49,29,60,0,37,9.6,S,217,N,,,1,Cerah,Sunny,https://api-apps.bmkg.go.id/storage/icon/cuaca/cerah-pm.svg,2026-09-21T13:00:00Z
73,73.71,73.71.03,73.71.03.1014,73.71.03.1014,Sulawesi Selatan,Kota Makassar,Makassar,Bara Baraya Utara,2026-09-19T12:00:00,2026-09-21 16:00:00,2026-09-22 00:00:00,51-52,27,69,0,48,6.4,W,294,E,,,1,Cerah,Sunny,https://api-apps.bmkg.go.id/storage/icon/cuaca/cerah-pm.svg,2026-09-21T16:00:00Z
73,73.71,73.71.03,73.71.03.1014,73.71.03.1014,Sulawesi Selatan,Kota Makassar,Makassar,Bara Baraya Utara,2026-09-19T12:00:00,2026-09-21 19:00:00,2026-09-22 03:00:00,54-55,27,69,0,36,7.7,SE,178,NW,,,1,Cerah,Sunny,https://api-apps.bmkg.go.id/storage/icon/cuaca/cerah-pm.svg,2026-09-21T19:00:00Z
73,73.71,73.71.03,73.71.03.1014,73.71.03.1014,Sulawesi Selatan,Kota Makassar,Makassar,Bara Baraya Utara,2026-09-19T12:00:00,2026-09-21 22:00:00,2026-09-22 06:00:00,57-58,27,70,0,2,6,W,296,E,,,0,Cerah,Sunny,https://api-apps.bmkg.go.id/storage/icon/cuaca/cerah-am.svg,2026-09-21T22:00:00Z
73,73.71,73.71.04,73.71.04.1001,73.71.04.1001,Sulawesi Selatan,Kota Makassar,Ujung Pandang,Maloku,2026-09-19T12:00:00,2026-09-19 15:00:00,2026-09-19 23:00:00,2-3,27,72,0,58,9,S,200,N,,,1,Cerah,Sunny,https://api-apps.bmkg.go.id/storage/icon/cuaca/cerah-pm.svg,2026-09-19T15:00:00Z
73,73.71,73.71.04,73.71.04.1001,73.71.04.1001,Sulawesi Selatan,Kota Makassar,Ujung Pandang,Maloku,2026-09-19T12:00:00,2026-09-19 18:00:00,2026-09-20 02:00:00,5-6,27,67,0,5,6.7,NW,326,SE,,,0,Cerah,Sunny,https://api-apps.bmkg.go.id/storage/icon/cuaca/cerah-pm.svg,2026-09-19T18:00:00Z
73,73.71,73.71.04,73.71.04.1001,73.71.04.1001,Sulawesi Selatan,Kota Makassar,Ujung Pandang,Maloku,2026-09-19T12:00:00,2026-09-19 21:00:00,2026-09-20 05:00:00,8-9,26,69,0,6,4.1,NE,75,SW,,,0,Cerah,Sunny,https://api-apps.bmkg.go.id/storage/icon/cuaca/cerah-pm.svg,2026-09-19T21:00:00Z
73,73.71,73.71.04,73.71.04.1001,73.71.04.1001,Sulawesi Selatan,Kota Makassar,Ujung Pandang,Maloku,2026-09-19T12:00:00,2026-09-20 00:00:00,2026-09-20 08:00:00,11-12,29,57,0,24,2.3,SW,261,NE,,,1,Cerah,Sunny,https://api-apps.bmkg.go.id/storage/icon/cuaca/cerah-am.svg,2026-09-20T00:00:00Z
73,73.71,73.71.04,73.71.04.1001,73.71.04.1001,Sulawesi Selatan,Kota Makassar,Ujung Pandang,Maloku,2026-09-19T12:00:00,2026-09-20 03:00:00,2026-09-20 11:00:00,14-15,28,68,0,28,15.2,SW,249,NE,,,1,Cerah,Sunny,https://api-apps.bmkg.go.id/storage/icon/cuaca/cerah-am.svg,2026-09-20T03:00:00Z
73,73.71,73.71.04,73.71.04.1001,73.71.04.1001,Sulawesi Selatan,Kota Makassar,Ujung Pandang,Maloku,2026-09-19T12:00:00,2026-09-20 06:00:00,2026-09-20 14:00:00,17-18,29,68,0,25,15.7,SW,256,NE,,,1,Cerah,Sunny,https://api-apps.bmkg.go.id/storage/icon/cuaca/cerah-am.svg,2026-09-20T06:00:00Z
73,73.71,73.71.04,73.71.04.1001,73.71.04.1001,Sulawesi Selatan,Kota Makassar,Ujung Pandang,Maloku,2026-09-19T12:00:00,2026-09-20 09:00:00,2026-09-20 17:00:00,20-21,28,77,0,18,13.3,SW,269,NE,,,1,Cerah,Sunny,https://api-apps.bmkg.go.id/storage/icon/cuaca/cerah-am.svg,2026-09-20T09:00:00Z
73,73.71,73.71.04,73.71.04.1001,73.71.04.1001,Sulawesi Selatan,Kota Makassar,Ujung Pandang,Maloku,2026-09-19T12:00:00,2026-09-20 12:00:00,2026-09-20 20:00:00,23-24,28,75,0,0,6.3,NE,67,SW,,,0,Cerah,Sunny,https://api-apps.bmkg.go.id/storage/icon/cuaca/cerah-pm.svg,2026-09-20T12:00:00Z
73,73.71,73.71.04,73.71.04.1001,73.71.04.1001,Sulawesi Selatan,Kota Makassar,Ujung Pandang,Maloku,2026-09-19T12:00:00,2026-09-20 15:00:00,2026-09-20 23:00:00,26-27,28,70,0,0,4.3,S,193,N,,,0,Cerah,Sunny,https://api-apps.bmkg.go.id/storage/icon/cuaca/cerah-pm.svg,2026-09-20T15:00:00Z
73,73.71,73.71.04,73.71.04.1001,73.71.04.1001,Sulawesi Selatan,Kota Makassar,Ujung Pandang,Maloku,2026-09-19T12:00:00,2026-09-20 18:00:00,2026-09-21 02:00:00,29-30,27,73,0,0,6,SW,232,NE,,,0,Cerah,Sunny,https://api-apps.bmkg.go.id/storage/icon/cuaca/cerah-pm.svg,2026-09-20T18:00:00Z
73,73.71,73.71.04,73.71.04.1001,73.71.04.1001,Sulawesi Selatan,Kota Makassar,Ujung Pandang,Maloku,2026-09-19T12:00:00,2026-09-20 21:00:00,2026-09-21 05:00:00,32-33,27,74,0,56,3.4,NE,66,SW,,,1,Cerah,Sunny,https://api-apps.bmkg.go.id/storage/icon/cuaca/cerah-pm.svg,2026-09-20T21:00:00Z
73,73.71,73.71.04,73.71.04.1001,73.71.04.1001,Sulawesi Selatan,Kota Makassar,Ujung Pandang,Maloku,2026-09-19T12:00:00,2026-09-21 00:00:00,2026-09-21 08:00:00,35-36,29,66,0,36,4.9,S,192,N,,,1,Cerah,Sunny,https://api-apps.bmkg.go.id/storage/icon/cuaca/cerah-am.svg,2026-09-21T00:00:00Z
73,73.71,73.71.04,73.71.04.1001,73.71.04.1001,Sulawesi Selatan,Kota Makassar,Ujung Pandang,Maloku,2026-09-19T12:00:00,2026-09-21 03:00:00,2026-09-21 11:00:00,38-39,29,72,0,16,12.6,SW,236,NE,,,1,Cerah,Sunny,https://api-apps.bmkg.go.id/storage/icon/cuaca/cerah-am.svg,2026-09-21T03:00:00Z
73,73.71,73.71.04,73.71.04.1001,73.71.04.1001,Sulawesi Selatan,Kota Makassar,Ujung Pandang,Maloku,2026-09-19T12:00:00,2026-09-21 06:00:00,2026-09-21 14:00:00,41-42,30,70,0,29,16.2,SW,245,NE,,,1,Cerah,Sunny,https://api-apps.bmkg.go.id/storage/icon/cuaca/cerah-am.svg,2026-09-21T06:00:00Z
73,73.71,73.71.04,73.71.04.1001,73.71.04.1001,Sulawesi Selatan,Kota Makassar,Ujung Pandang,Maloku,2026-09-19T12:00:00,2026-09-21 09:00:00,2026-09-21 17:00:00,44-45,30,73,0,20,5,SW,252,NE,,,1,Cerah,Sunny,https://api-apps.bmkg.go.id/storage/icon/cuaca/cerah-am.svg,2026-09-21T09:00:00Z
73,73.71,73.71.04,73.71.04.1001,73.71.04.1001,Sulawesi Selatan,Kota Makassar,Ujung Pandang,Maloku,2026-09-19T12:00:00,2026-09-21 12:00:00,2026-09-21 20:00:00,47-48,29,59,0,4,4.1,N,2,S,,,0,Cerah,Sunny,https://api-apps.bmkg.go.id/storage/icon/cuaca/cerah-pm.svg,2026-09-21T12:00:00Z
73,73.71,73.71.04,73.71.04.1001,73.71.04.1001,Sulawesi Selatan,Kota Makassar,Ujung Pandang,Maloku,2026-09-19T12:00:00,2026-09-21 15:00:00,2026-09-21 23:00:00,50-51,28,71,0,82,9.6,S,217,N,,,2,Cerah Berawan,Partly Cloudy,https://api-apps.bmkg.go.id/storage/icon/cuaca/cerah berawan-pm.svg,2026-09-21T15:00:00Z
73,73.71,73.71.04,73.71.04.1002,73.71.04.1002,Sulawesi Selatan,Kota Makassar,Ujung Pandang,Mangkura,2026-09-19T12:00:00,2026-09-19 16:00:00,2026-09-20 00:00:00,3-4,27,67,0,2,6.7,NW,326,SE,,,0,Cerah,Sunny,https://api-apps.bmkg.go.id/storage/icon/cuaca/cerah-pm.svg,2026-09-19T16:00:00Z
73,73.71,73.71.04,73.71.04.1002,73.71.04.1002,Sulawesi Selatan,Kota Makassar,Ujung Pandang,Mangkura,2026-09-19T12:00:00,2026-09-19 19:00:00,2026-09-20 03:00:00,6-7,27,68,0,35,4.1,NE,75,SW,,,1,Cerah,Sunny,https://api-apps.bmkg.go.id/storage/icon/cuaca/cerah-pm.svg,2026-09-19T19:00:00Z
73,73.71,73.71.04,73.71.04.1002,73.71.04.1002,Sulawesi Selatan,Kota Makassar,Ujung Pandang,Mangkura,2026-09-19T12:00:00,2026-09-19 22:00:00,2026-09-20 06:00:00,9-10,27,66,0,5,2.3,SW,261,NE,,,0,Cerah,Sunny,https://api-apps.bmkg.go.id/storage/icon/cuaca/cerah-am.svg,2026-09-19T22:00:00Z
73,73.71,73.71.04,73.71.04.1002,73.71.04.1002,Sulawesi Selatan,Kota Makassar,Ujung Pandang,Mangkura,2026-09-19T12:00:00,2026-09-20 01:00:00,2026-09-20 09:00:00,12-13,30,56,0,22,15.2,SW,249,NE,,,1,Cerah,Sunny,https://api-apps.bmkg.go.id/storage/icon/cuaca/cerah-am.svg,2026-09-20T01:00:00Z
73,73.71,73.71.04,73.71.04.1002,73.71.04.1002,Sulawesi Selatan,Kota Makassar,Ujung Pandang,Mangkura,2026-09-19T12:00:00,2026-09-20 04:00:00,2026-09-20 12:00:00,15-16,30,62,0,22,15.7,SW,256,NE,,,1,Cerah,Sunny,https://api-apps.bmkg.go.id/storage/icon/cuaca/cerah-am.svg,2026-09-20T04:00:00Z
73,73.71,73.71.04,73.71.04.1002,73.71.04.1002,Sulawesi Selatan,Kota Makassar,Ujung Pandang,Mangkura,2026-09-19T12:00:00,2026-09-20 07:00:00,2026-09-20 15:00:00,18-19,29,68,0,28,13.3,SW,269,NE,,,1,Cerah,Sunny,https://api-apps.bmkg.go.id/storage/icon/cuaca/cerah-am.svg,2026-09-20T07:00:00Z
73,73.71,73.71.04,73.71.04.1002,73.71.04.1002,Sulawesi Selatan,Kota Makassar,Ujung Pandang,Mangkura,2026-09-19T12:00:00,2026-09-20 10:00:00,2026-09-20 18:00:00,21-22,28,77,0,10,6.3,NE,67,SW,,,0,Cerah,Sunny,https://api-apps.bmkg.go.id/storage/icon/cuaca/cerah-pm.svg,2026-09-20T10:00:00Z
73,73.71,73.71.04,73.71.04.1002,73.71.04.1002,Sulawesi Selatan,Kota Makassar,Ujung Pandang,Mangkura,2026-09-19T12:00:00,2026-09-20 13:00:00,2026-09-20 21:00:00,24-25,28,69,0,0,4.3,S,193,N,,,0,Cerah,Sunny,https://api-apps.bmkg.go.id/storage/icon/cuaca/cerah-pm.svg,2026-09-20T13:00:00Z
73,73.71,73.71.04,73.71.04.1002,73.71.04.1002,Sulawesi Selatan,Kota Makassar,Ujung Pandang,Mangkura,2026-09-19T12:00:00,2026-09-20 16:00:00,2026-09-21 00:00:00,27-28,27,72,0,1,6,SW,232,NE,,,0,Cerah,Sunny,https://api-apps.bmkg.go.id/storage/icon/cuaca/cerah-pm.svg,2026-09-20T16:00:00Z
73,73.71,73.71.04,73.71.04.1002,73.71.04.1002,Sulawesi Selatan,Kota Makassar,Ujung Pandang,Mangkura,2026-09-19T12:00:00,2026-09-20 19:00:00,2026-09-21 03:00:00,30-31,27,72,0,8,3.4,NE,66,SW,,,0,Cerah,Sunny,https://api-apps.bmkg.go.id/storage/icon/cuaca/cerah-pm.svg,2026-09-20T19:00:00Z
73,73.71,73.71.04,73.71.04.1002,73.71.04.1002,Sulawesi Selatan,Kota Makassar,Ujung Pandang,Mangkura,2026-09-19T12:00:00,2026-09-20 22:00:00,2026-09-21 06:00:00,33-34,27,70,0,56,4.9,S,192,N,,,1,Cerah,Sunny,https://api-apps.bmkg.go.id/storage/icon/cuaca/cerah-am.svg,2026-09-20T22:00:00Z
73,73.71,73.71.04,73.71.04.1002,73.71.04.1002,Sulawesi Selatan,Kota Makassar,Ujung Pandang,Mangkura,2026-09-19T12:00:00,2026-09-21 01:00:00,2026-09-21 09:00:00,36-37,30,63,0,31,12.6,SW,236,NE,,,1,Cerah,Sunny,https://api-apps.bmkg.go.id/storage/icon/cuaca/cerah-am.svg,2026-09-21T01:00:00Z
73,73.71,73.71.04,73.71.04.1002,73.71.04.1002,Sulawesi Selatan,Kota Makassar,Ujung Pandang,Mangkura,2026-09-19T12:00:00,2026-09-21 04:00:00,2026-09-21 12:00:00,39-40,30,66,0,22,16.2,SW,245,NE,,,1,Cerah,Sunny,https://api-apps.bmkg.go.id/storage/icon/cuaca/cerah-am.svg,2026-09-21T04:00:00Z
73,73.71,73.71.04,73.71.04.1002,73.71.04.1002,Sulawesi Selatan,Kota Makassar,Ujung Pandang,Mangkura,2026-09-19T12:00:00,2026-09-21 07:00:00,2026-09-21 15:00:00,42-43,31,64,0,35,5,SW,252,NE,,,1,Cerah,Sunny,https://api-apps.bmkg.go.id/storage/icon/cuaca/cerah-am.svg,2026-09-21T07:00:00Z
73,73.71,73.71.04,73.71.04.1002,73.71.04.1002,Sulawesi Selatan,Kota Makassar,Ujung Pandang,Mangkura,2026-09-19T12:00:00,2026-09-21 10:00:00,2026-09-21 18:00:00,45-46,30,67,0,26,4.1,N,2,S,,,1,Cerah,Sunny,https://api-apps.bmkg.go.id/storage/icon/cuaca/cerah-pm.svg,2026-09-21T10:00:00Z
73,73.71,73.71.04,73.71.04.1002,73.71.04.1002,Sulawesi Selatan,Kota Makassar,Ujung Pandang,Mangkura,2026-09-19T12:00:00,2026-09-21 13:00:00,2026-09-21 21:00:00,48-49,29,60,0,37,9.6,S,217,N,,,1,Cerah,Sunny,https://api-apps.bmkg.go.id/storage/icon/cuaca/cerah-pm.svg,2026-09-21T13:00:00Z
73,73.71,73.71.04,73.71.04.1002,73.71.04.1002,Sulawesi Selatan,Kota Makassar,Ujung Pandang,Mangkura,2026-09-19T12:00:00,2026-09-21 16:00:00,2026-09-22 00:00:00,51-52,27,69,0,48,6.4,W,294,E,,,1,Cerah,Sunny,https://api-apps.bmkg.go.id/storage/icon/cuaca/cerah-pm.svg,2026-09-21T16:00:00Z
73,73.71,73.71.04,73.71.04.1002,73.71.04.1002,Sulawesi Selatan,Kota Makassar,Ujung Pandang,Mangkura,2026-09-19T12:00:00,2026-09-21 19:00:00,2026-09-22 03:00:00,54-55,27,69,0,36,7.7,SE,178,NW,,,1,Cerah,Sunny,https://api-apps.bmkg.go.id/storage/icon/cuaca/cerah-pm.svg,2026-09-21T19:00:00Z
73,73.71,73.71.04,73.71.04.1002,73.71.04.1002,Sulawesi Selatan,Kota Makassar,Ujung Pandang,Mangkura,2026-09-19T12:00:00,2026-09-21 22:00:00,2026-09-22 06:00:00,57-58,27,70,0,2,6,W,296,E,,,0,Cerah,Sunny,https://api-apps.bmkg.go.id/storage/icon/cuaca/cerah-am.svg,2026-09-21T22:00:00Z
73,73.71,73.71.04,73.71.04.1003,73.71.04.1003,Sulawesi Selatan,Kota Makassar,Ujung Pandang,Pisang Selatan,2026-09-19T12:00:00,2026-09-19 16:00:00,2026-09-20 00:00:00,3-4,27,67,0,2,6.7,NW,326,SE,,,0,Cerah,Sunny,https://api-apps.bmkg.go.id/storage/icon/cuaca/cerah-pm.svg,2026-09-19T16:00:00Z
73,73.71,73.71.04,73.71.04.1003,73.71.04.1003,Sulawesi Selatan,Kota Makassar,Ujung Pandang,Pisang Selatan,2026-09-19T12:00:00,2026-09-19 19:00:00,2026-09-20 03:00:00,6-7,27,68,0,35,4.1,NE,75,SW,,,1,Cerah,Sunny,https://api-apps.bmkg.go.id/storage/icon/cuaca/cerah-pm.svg,2026-09-19T19:00:00Z
73,73.71,73.71.04,73.71.04.1003,73.71.04.1003,Sulawesi Selatan,Kota Makassar,Ujung Pandang,Pisang Selatan,2026-09-19T12:00:00,2026-09-19 22:00:00,2026-09-20 06:00:00,9-10,27,66,0,5,2.3,SW,261,NE,,,0,Cerah,Sunny,https://api-apps.bmkg.go.id/storage/icon/cuaca/cerah-am.svg,2026-09-19T22:00:00Z
73,73.71,73.71.04,73.71.04.1003,73.71.04.1003,Sulawesi Selatan,Kota Makassar,Ujung Pandang,Pisang Selatan,2026-09-19T12:00:00,2026-09-20 01:00:00,2026-09-20 09:00:00,12-13,30,56,0,22,15.2,SW,249,NE,,,1,Cerah,Sunny,https://api-apps.bmkg.go.id/storage/icon/cuaca/cerah-am.svg,2026-09-20T01:00:00Z
73,73.71,73.71.04,73.71.04.1003,73.71.04.1003,Sulawesi Selatan,Kota Makassar,Ujung Pandang,Pisang Selatan,2026-09-19T12:00:00,2026-09-20 04:00:00,2026-09-20 12:00:00,15-16,30,62,0,22,15.7,SW,256,NE,,,1,Cerah,Sunny,https://api-apps.bmkg.go.id/storage/icon/cuaca/cerah-am.svg,2026-09-20T04:00:00Z
73,73.71,73.71.04,73.71.04.1003,73.71.04.1003,Sulawesi Selatan,Kota Makassar,Ujung Pandang,Pisang Selatan,2026-09-19T12:00:00,2026-09-20 07:00:00,2026-09-20 15:00:00,18-19,29,68,0,28,13.3,SW,269,NE,,,1,Cerah,Sunny,https://api-apps.bmkg.go.id/storage/icon/cuaca/cerah-am.svg,2026-09-20T07:00:00Z
73,73.71,73.71.04,73.71.04.1003,73.71.04.1003,Sulawesi Selatan,Kota Makassar,Ujung Pandang,Pisang Selatan,2026-09-19T12:00:00,2026-09-20 10:00:00,2026-09-20 18:00:00,21-22,28,77,0,10,6.3,NE,67,SW,,,0,Cerah,Sunny,https://api-apps.bmkg.go.id/storage/icon/cuaca/cerah-pm.svg,2026-09-20T10:00:00Z
73,73.71,73.71.04,73.71.04.1003,73.71.04.1003,Sulawesi Selatan,Kota Makassar,Ujung Pandang,Pisang Selatan,2026-09-19T12:00:00,2026-09-20 13:00:00,2026-09-20 21:00:00,24-25,28,69,0,0,4.3,S,193,N,,,0,Cerah,Sunny,https://api-apps.bmkg.go.id/storage/icon/cuaca/cerah-pm.svg,2026-09-20T13:00:00Z
73,73.71,73.71.04,73.71.04.1003,73.71.04.1003,Sulawesi Selatan,Kota Makassar,Ujung Pandang,Pisang Selatan,2026-09-19T12:00:00,2026-09-20 16:00:00,2026-09-21 00:00:00,27-28,27,72,0,1,6,SW,232,NE,,,0,Cerah,Sunny,https://api-apps.bmkg.go.id/storage/icon/cuaca/cerah-pm.svg,2026-09-20T16:00:00Z
73,73.71,73.71.04,73.71.04.1003,73.71.04.1003,Sulawesi Selatan,Kota Makassar,Ujung Pandang,Pisang Selatan,2026-09-19T12:00:00,2026-09-20 19:00:00,2026-09-21 03:00:00,30-31,27,72,0,8,3.4,NE,66,SW,,,0,Cerah,Sunny,https://api-apps.bmkg.go.id/storage/icon/cuaca/cerah-pm.svg,2026-09-20T19:00:00Z
73,73.71,73.71.04,73.71.04.1003,73.71.04.1003,Sulawesi Selatan,Kota Makassar,Ujung Pandang,Pisang Selatan,2026-09-19T12:00:00,2026-09-20 22:00:00,2026-09-21 06:00:00,33-34,27,70,0,56,4.9,S,192,N,,,1,Cerah,Sunny,https://api-apps.bmkg.go.id/storage/icon/cuaca/cerah-am.svg,2026-09-20T22:00:00Z
73,73.71,73.71.04,73.71.04.1003,73.71.04.1003,Sulawesi Selatan,Kota Makassar,Ujung Pandang,Pisang Selatan,2026-09-19T12:00:00,2026-09-21 01:00:00,2026-09-21 09:00:00,36-37,30,63,0,31,12.6,SW,236,NE,,,1,Cerah,Sunny,https://api-apps.bmkg.go.id/storage/icon/cuaca/cerah-am.svg,2026-09-21T01:00:00Z
73,73.71,73.71.04,73.71.04.1003,73.71.04.1003,Sulawesi Selatan,Kota Makassar,Ujung Pandang,Pisang Selatan,2026-09-19T12:00:00,2026-09-21 04:00:00,2026-09-21 12:00:00,39-40,30,66,0,22,16.2,SW,245,NE,,,1,Cerah,Sunny,https://api-apps.bmkg.go.id/storage/icon/cuaca/cerah-am.svg,2026-09-21T04:00:00Z
73,73.71,73.71.04,73.71.04.1003,73.71.04.1003,Sulawesi Selatan,Kota Makassar,Ujung Pandang,Pisang Selatan,2026-09-19T12:00:00,2026-09-21 07:00:00,2026-09-21 15:00:00,42-43,31,64,0,35,5,SW,252,NE,,,1,Cerah,Sunny,https://api-apps.bmkg.go.id/storage/icon/cuaca/cerah-am.svg,2026-09-21T07:00:00Z
73,73.71,73.71.04,73.71.04.1003,73.71.04.1003,Sulawesi Selatan,Kota Makassar,Ujung Pandang,Pisang Selatan,2026-09-19T12:00:00,2026-09-21 10:00:00,2026-09-21 18:00:00,45-46,30,67,0,26,4.1,N,2,S,,,1,Cerah,Sunny,https://api-apps.bmkg.go.id/storage/icon/cuaca/cerah-pm.svg,2026-09-21T10:00:00Z
73,73.71,73.71.04,73.71.04.1003,73.71.04.1003,Sulawesi Selatan,Kota Makassar,Ujung Pandang,Pisang Selatan,2026-09-19T12:00:00,2026-09-21 13:00:00,2026-09-21 21:00:00,48-49,29,60,0,37,9.6,S,217,N,,,1,Cerah,Sunny,https://api-apps.bmkg.go.id/storage/icon/cuaca/cerah-pm.svg,2026-09-21T13:00:00Z
73,73.71,73.71.04,73.71.04.1003,73.71.04.1003,Sulawesi Selatan,Kota Makassar,Ujung Pandang,Pisang Selatan,2026-09-19T12:00:00,2026-09-21 16:00:00,2026-09-22 00:00:00,51-52,27,69,0,48,6.4,W,294,E,,,1,Cerah,Sunny,https://api-apps.bmkg.go.id/storage/icon/cuaca/cerah-pm.svg,2026-09-21T16:00:00Z
73,73.71,73.71.04,73.71.04.1003,73.71.04.1003,Sulawesi Selatan,Kota Makassar,Ujung Pandang,Pisang Selatan,2026-09-19T12:00:00,2026-09-21 19:00:00,2026-09-22 03:00:00,54-55,27,69,0,36,7.7,SE,178,NW,,,1,Cerah,Sunny,https://api-apps.bmkg.go.id/storage/icon/cuaca/cerah-pm.svg,2026-09-21T19:00:00Z
73,73.71,73.71.04,73.71.04.1003,73.71.04.1003,Sulawesi Selatan,Kota Makassar,Ujung Pandang,Pisang Selatan,2026-09-19T12:00:00,2026-09-21 22:00:00,2026-09-22 06:00:00,57-58,27,70,0,2,6,W,296,E,,,0,Cerah,Sunny,https://api-apps.bmkg.go.id/storage/icon/cuaca/cerah-am.svg,2026-09-21T22:00:00Z
73,73.71,73.71.04,73.71.04.1004,73.71.04.1004,Sulawesi Selatan,Kota Makassar,Ujung Pandang,Pisang Utara,2026-09-19T12:00:00,2026-09-19 15:00:00,2026-09-19 23:00:00,2-3,27,67,0,48,4.3,S,184,N,,,1,Cerah,Sunny,https://api-apps.bmkg.go.id/storage/icon/cuaca/cerah-pm.svg,2026-09-19T15:00:00Z
73,73.71,73.71.04,73.71.04.1004,73.71.04.1004,Sulawesi Selatan,Kota Makassar,Ujung Pandang,Pisang Utara,2026-09-19T12:00:00,2026-09-19 18:00:00,2026-09-20 02:00:00,5-6,27,66,0,10,6.1,N,13,S,,,1,Cerah,Sunny,https://api-apps.bmkg.go.id/storage/icon/cuaca/cerah-pm.svg,2026-09-19T18:00:00Z
73,73.71,73.71.04,73.71.04.1004,73.71.04.1004,Sulawesi Selatan,Kota Makassar,Ujung Pandang,Pisang Utara,2026-09-19T12:00:00,2026-09-19 21:00:00,2026-09-20 05:00:00,8-9,26,69,0,6,14.6,NE,55,SW,,,0,Cerah,Sunny,https://api-apps.bmkg.go.id/storage/icon/cuaca/cerah-pm.svg,2026-09-19T21:00:00Z
73,73.71,73.71.04,73.71.04.1004,73.71.04.1004,Sulawesi Selatan,Kota Makassar,Ujung Pandang,Pisang Utara,2026-09-19T12:00:00,2026-09-20 00:00:00,2026-09-20 08:00:00,11-12,30,55,0,23,6.1,E,96,W,,,1,Cerah,Sunny,https://api-apps.bmkg.go.id/storage/icon/cuaca/cerah-am.svg,2026-09-20T00:00:00Z
73,73.71,73.71.04,73.71.04.1004,73.71.04.1004,Sulawesi Selatan,Kota Makassar,Ujung Pandang,Pisang Utara,2026-09-19T12:00:00,2026-09-20 03:00:00,2026-09-20 11:00:00,14-15,29,65,0,26,16.2,SW,264,NE,,,1,Cerah,Sunny,https://api-apps.bmkg.go.id/storage/icon/cuaca/cerah-am.svg,2026-09-20T03:00:00Z
73,73.71,73.71.04,73.71.04.1004,73.71.04.1004,Sulawesi Selatan,Kota Makassar,Ujung Pandang,Pisang Utara,2026-09-19T12:00:00,2026-09-20 06:00:00,2026-09-20 14:00:00,17-18,29,66,0,28,18.1,SW,256,NE,,,1,Cerah,Sunny,https://api-apps.bmkg.go.id/storage/icon/cuaca/cerah-am.svg,2026-09-20T06:00:00Z
73,73.71,73.71.04,73.71.04.1004,73.71.04.1004,Sulawesi Selatan,Kota Makassar,Ujung Pandang,Pisang Utara,2026-09-19T12:00:00,2026-09-20 09:00:00,2026-09-20 17:00:00,20-21,28,76,0,21,20,SW,260,NE,,,1,Cerah,Sunny,https://api-apps.bmkg.go.id/storage/icon/cuaca/cerah-am.svg,2026-09-20T09:00:00Z
73,73.71,73.71.04,73.71.04.1004,73.71.04.1004,Sulawesi Selatan,Kota Makassar,Ujung Pandang,Pisang Utara,2026-09-19T12:00:00,2026-09-20 12:00:00,2026-09-20 20:00:00,23-24,28,76,0,0,2.4,W,312,E,,,0,Cerah,Sunny,https://api-apps.bmkg.go.id/storage/icon/cuaca/cerah-pm.svg,2026-09-20T12:00:00Z
73,73.71,73.71.04,73.71.04.1004,73.71.04.1004,Sulawesi Selatan,Kota Makassar,Ujung Pandang,Pisang Utara,2026-09-19T12:00:00,2026-09-20 15:00:00,2026-09-20 23:00:00,26-27,27,67,0,0,10,N,41,S,,,0,Cerah,Sunny,https://api-apps.bmkg.go.id/storage/icon/cuaca/cerah-pm.svg,2026-09-20T15:00:00Z
73,73.71,73.71.04,73.71.04.1004,73.71.04.1004,Sulawesi Selatan,Kota Makassar,Ujung Pandang,Pisang Utara,2026-09-19T12:00:00,2026-09-20 18:00:00,2026-09-21 02:00:00,29-30,27,70,0,0,1,N,20,S,,,0,Cerah,Sunny,https://api-apps.bmkg.go.id/storage/icon/cuaca/cerah-pm.svg,2026-09-20T18:00:00Z
73,73.71,73.71.04,73.71.04.1004,73.71.04.1004,Sulawesi Selatan,Kota Makassar,Ujung Pandang,Pisang Utara,2026-09-19T12:00:00,2026-09-20 21:00:00,2026-09-21 05:00:00,32-33,26,73,0,63,9.1,NE,48,SW,,,2,Cerah Berawan,Partly Cloudy,https://api-apps.bmkg.go.id/storage/icon/cuaca/cerah berawan-pm.svg,2026-09-20T21:00:00Z
73,73.71,73.71.04,73.71.04.1004,73.71.04.1004,Sulawesi Selatan,Kota Makassar,Ujung Pandang,Pisang Utara,2026-09-19T12:00:00,2026-09-21 00:00:00,2026-09-21 08:00:00,35-36,29,62,0,37,5.5,E,121,W,,,1,Cerah,Sunny,https://api-apps.bmkg.go.id/storage/icon/cuaca/cerah-am.svg,2026-09-21T00:00:00Z
73,73.71,73.71.04,73.71.04.1004,73.71.04.1004,Sulawesi Selatan,Kota Makassar,Ujung Pandang,Pisang Utara,2026-09-19T12:00:00,2026-09-21 03:00:00,2026-09-21 11:00:00,38-39,30,69,0,16,18.3,SW,243,NE,,,1,Cerah,Sunny,https://api-apps.bmkg.go.id/storage/icon/cuaca/cerah-am.svg,2026-09-21T03:00:00Z
73,73.71,73.71.04,73.71.04.1004,73.71.04.1004,Sulawesi Selatan,Kota Makassar,Ujung Pandang,Pisang Utara,2026-09-19T12:00:00,2026-09-21 06:00:00,2026-09-21 14:00:00,41-42,30,69,0,31,20.3,SW,240,NE,,,1,Cerah,Sunny,https://api-apps.bmkg.go.id/storage/icon/cuaca/cerah-am.svg,2026-09-21T06:00:00Z
73,73.71,73.71.04,73.71.04.1004,73.71.04.1004,Sulawesi Selatan,Kota Makassar,Ujung Pandang,Pisang Utara,2026-09-19T12:00:00,2026-09-21 09:00:00,2026-09-21 17:00:00,44-45,30,74,0,22,6.3,W,277,E,,,1,Cerah,Sunny,https://api-apps.bmkg.go.id/storage/icon/cuaca/cerah-am.svg,2026-09-21T09:00:00Z
73,73.71,73.71.04,73.71.04.1004,73.71.04.1004,Sulawesi Selatan,Kota Makassar,Ujung Pandang,Pisang Utara,2026-09-19T12:00:00,2026-09-21 12:00:00,2026-09-21 20:00:00,47-48,29,57,0,3,13.6,N,26,S,,,0,Cerah,Sunny,https://api-apps.bmkg.go.id/storage/icon/cuaca/cerah-pm.svg,2026-09-21T12:00:00Z
73,73.71,73.71.04,73.71.04.1004,73.71.04.1004,Sulawesi Selatan,Kota Makassar,Ujung Pandang,Pisang Utara,2026-09-19T12:00:00,2026-09-21 15:00:00,2026-09-21 23:00:00,50-51,28,66,0,85,1.7,SE,170,NW,,,2,Cerah Berawan,Partly Cloudy,https://api-apps.bmkg.go.id/storage/icon/cuaca/cerah berawan-pm.svg,2026-09-21T15:00:00Z
73,73.71,73.71.04,73.71.04.1005,73.71.04.1005,Sulawesi Selatan,Kota Makassar,Ujung Pandang,Baru,2026-09-19T12:00:00,2026-09-19 16:00:00,2026-09-20 00:00:00,3-4,27,72,0,2,6.1,N,13,S,,,0,Cerah,Sunny,https://api-apps.bmkg.go.id/storage/icon/cuaca/cerah-pm.svg,2026-09-19T16:00:00Z
73,73.71,73.71.04,73.71.04.1005,73.71.04.1005,Sulawesi Selatan,Kota Makassar,Ujung Pandang,Baru,2026-09-19T12:00:00,2026-09-19 19:00:00,2026-09-20 03:00:00,6-7,27,70,0,36,14.6,NE,55,SW,,,1,Cerah,Sunny,https://api-apps.bmkg.go.id/storage/icon/cuaca/cerah-pm.svg,2026-09-19T19:00:00Z
73,73.71,73.71.04,73.71.04.1005,73.71.04.1005,Sulawesi Selatan,Kota Makassar,Ujung Pandang,Baru,2026-09-19T12:00:00,2026-09-19 22:00:00,2026-09-20 06:00:00,9-10,27,66,0,5,6.1,E,96,W,,,0,Cerah,Sunny,https://api-apps.bmkg.go.id/storage/icon/cuaca/cerah-am.svg,2026-09-19T22:00:00Z
73,73.71,73.71.04,73.71.04.1005,73.71.04.1005,Sulawesi Selatan,Kota Makassar,Ujung Pandang,Baru,2026-09-19T12:00:00,2026-09-20 01:00:00,2026-09-20 09:00:00,12-13,29,62,0,18,16.2,SW,264,NE,,,1,Cerah,Sunny,https://api-apps.bmkg.go.id/storage/icon/cuaca/cerah-am.svg,2026-09-20T01:00:00Z
73,73.71,73.71.04,73.71.04.1005,73.71.04.1005,Sulawesi Selatan,Kota Makassar,Ujung Pandang,Baru,2026-09-19T12:00:00,2026-09-20 04:00:00,2026-09-20 12:00:00,15-16,29,68,0,18,18.1,SW,256,NE,,,1,Cerah,Sunny,https://api-apps.bmkg.go.id/storage/icon/cuaca/cerah-am.svg,2026-09-20T04:00:00Z
73,73.71,73.71.04,73.71.04.1005,73.71.04.1005,Sulawesi Selatan,Kota Makassar,Ujung Pandang,Baru,2026-09-19T12:00:00,2026-09-20 07:00:00,2026-09-20 15:00:00,18-19,28,74,0,22,20,SW,260,NE,,,1,Cerah,Sunny,https://api-apps.bmkg.go.id/storage/icon/cuaca/cerah-am.svg,2026-09-20T07:00:00Z
73,73.71,73.71.04,73.71.04.1005,73.71.04.1005,Sulawesi Selatan,Kota Makassar,Ujung Pandang,Baru,2026-09-19T12:00:00,2026-09-20 10:00:00,2026-09-20 18:00:00,21-22,28,81,0,7,2.4,W,312,E,,,0,Cerah,Sunny,https://api-apps.bmkg.go.id/storage/icon/cuaca/cerah-pm.svg,2026-09-20T10:00:00Z
73,73.71,73.71.04,73.71.04.1005,73.71.04.1005,Sulawesi Selatan,Kota Makassar,Ujung Pandang,Baru,2026-09-19T12:00:00,2026-09-20 13:00:00,2026-09-20 21:00:00,24-25,28,69,0,0,10,N,41,S,,,0,Cerah,Sunny,https://api-apps.bmkg.go.id/storage/icon/cuaca/cerah-pm.svg,2026-09-20T13:00:00Z
73,73.71,73.71.04,73.71.04.1005,73.71.04.1005,Sulawesi Selatan,Kota Makassar,Ujung Pandang,Baru,2026-09-19T12:00:00,2026-09-20 16:00:00,2026-09-21 00:00:00,27-28,27,69,0,2,1,N,20,S,,,0,Cerah,Sunny,https://api-apps.bmkg.go.id/storage/icon/cuaca/cerah-pm.svg,2026-09-20T16:00:00Z
73,73.71,73.71.04,73.71.04.1005,73.71.04.1005,Sulawesi Selatan,Kota Makassar,Ujung Pandang,Baru,2026-09-19T12:00:00,2026-09-20 19:00:00,2026-09-21 03:00:00,30-31,27,71,0,8,9.1,NE,48,SW,,,0,Cerah,Sunny,https://api-apps.bmkg.go.id/storage/icon/cuaca/cerah-pm.svg,2026-09-20T19:00:00Z
73,73.71,73.71.04,73.71.04.1005,73.71.04.1005,Sulawesi Selatan,Kota Makassar,Ujung Pandang,Baru,2026-09-19T12:00:00,2026-09-20 22:00:00,2026-09-21 06:00:00,33-34,27,70,0,65,5.5,E,121,W,,,2,Cerah Berawan,Partly Cloudy,https://api-apps.bmkg.go.id/storage/icon/cuaca/cerah berawan-am.svg,2026-09-20T22:00:00Z
73,73.71,73.71.04,73.71.04.1005,73.71.04.1005,Sulawesi Selatan,Kota Makassar,Ujung Pandang,Baru,2026-09-19T12:00:00,2026-09-21 01:00:00,2026-09-21 09:00:00,36-37,28,69,0,42,18.3,SW,243,NE,,,1,Cerah,Sunny,https://api-apps.bmkg.go.id/storage/icon/cuaca/cerah-am.svg,2026-09-21T01:00:00Z
73,73.71,73.71.04,73.71.04.1005,73.71.04.1005,Sulawesi Selatan,Kota Makassar,Ujung Pandang,Baru,2026-09-19T12:00:00,2026-09-21 04:00:00,2026-09-21 12:00:00,39-40,28,73,0,16,20.3,SW,240,NE,,,1,Cerah,Sunny,https://api-apps.bmkg.go.id/storage/icon/cuaca/cerah-am.svg,2026-09-21T04:00:00Z
73,73.71,73.71.04,73.71.04.1005,73.71.04.1005,Sulawesi Selatan,Kota Makassar,Ujung Pandang,Baru,2026-09-19T12:00:00,2026-09-21 07:00:00,2026-09-21 15:00:00,42-43,30,75,0,27,6.3,W,277,E,,,1,Cerah,Sunny,https://api-apps.bmkg.go.id/storage/icon/cuaca/cerah-am.svg,2026-09-21T07:00:00Z
73,73.71,73.71.04,73.71.04.1005,73.71.04.1005,Sulawesi Selatan,Kota Makassar,Ujung Pandang,Baru,2026-09-19T12:00:00,2026-09-21 10:00:00,2026-09-21 18:00:00,45-46,30,73,0,23,13.6,N,26,S,,,1,Cerah,Sunny,https://api-apps.bmkg.go.id/storage/icon/cuaca/cerah-pm.svg,2026-09-21T10:00:00Z
73,73.71,73.71.04,73.71.04.1005,73.71.04.1005,Sulawesi Selatan,Kota Makassar,Ujung Pandang,Baru,2026-09-19T12:00:00,2026-09-21 13:00:00,2026-09-21 21:00:00,48-49,29,60,0,37,1.7,SE,170,NW,,,1,Cerah,Sunny,https://api-apps.bmkg.go.id/storage/icon/cuaca/cerah-pm.svg,2026-09-21T13:00:00Z
73,73.71,73.71.04,73.71.04.1005,73.71.04.1005,Sulawesi Selatan,Kota Makassar,Ujung Pandang,Baru,2026-09-19T12:00:00,2026-09-21 16:00:00,2026-09-22 00:00:00,51-52,28,71,0,50,6,NW,354,SE,,,1,Cerah,Sunny,https://api-apps.bmkg.go.id/storage/icon/cuaca/cerah-pm.svg,2026-09-21T16:00:00Z
73,73.71,73.71.04,73.71.04.1005,73.71.04.1005,Sulawesi Selatan,Kota Makassar,Ujung Pandang,Baru,2026-09-19T12:00:00,2026-09-21 19:00:00,2026-09-22 03:00:00,54-55,27,66,0,35,8.3,NE,87,SW,,,1,Cerah,Sunny,https://api-apps.bmkg.go.id/storage/icon/cuaca/cerah-pm.svg,2026-09-21T19:00:00Z
73,73.71,73.71.04,73.71.04.1005,73.71.04.1005,Sulawesi Selatan,Kota Makassar,Ujung Pandang,Baru,2026-09-19T12:00:00,2026-09-21 22:00:00,2026-09-22 06:00:00,57-58,27,70,0,3,2.9,N,12,S,,,0,Cerah,Sunny,https://api-apps.bmkg.go.id/storage/icon/cuaca/cerah-am.svg,2026-09-21T22:00:00Z
73,73.71,73.71.04,73.71.04.1006,73.71.04.1006,Sulawesi Selatan,Kota Makassar,Ujung Pandang,Bulogading,2026-09-19T12:00:00,2026-09-19 16:00:00,2026-09-20 00:00:00,3-4,27,72,0,2,6.1,N,13,S,,,0,Cerah,Sunny,https://api-apps.bmkg.go.id/storage/icon/cuaca/cerah-pm.svg,2026-09-19T16:00:00Z
73,73.71,73.71.04,73.71.04.1006,73.71.04.1006,Sulawesi Selatan,Kota Makassar,Ujung Pandang,Bulogading,2026-09-19T12:00:00,2026-09-19 19:00:00,2026-09-20 03:00:00,6-7,27,70,0,36,14.6,NE,55,SW,,,1,Cerah,Sunny,https://api-apps.bmkg.go.id/storage/icon/cuaca/cerah-pm.svg,2026-09-19T19:00:00Z
73,73.71,73.71.04,73.71.04.1006,73.71.04.1006,Sulawesi Selatan,Kota Makassar,Ujung Pandang,Bulogading,2026-09-19T12:00:00,2026-09-19 22:00:00,2026-09-20 06:00:00,9-10,27,66,0,5,6.1,E,96,W,,,0,Cerah,Sunny,https://api-apps.bmkg.go.id/storage/icon/cuaca/cerah-am.svg,2026-09-19T22:00:00Z
73,73.71,73.71.04,73.71.04.1006,73.71.04.1006,Sulawesi Selatan,Kota Makassar,Ujung Pandang,Bulogading,2026-09-19T12:00:00,2026-09-20 01:00:00,2026-09-20 09:00:00,12-13,29,62,0,18,16.2,SW,264,NE,,,1,Cerah,Sunny,https://api-apps.bmkg.go.id/storage/icon/cuaca/cerah-am.svg,2026-09-20T01:00:00Z
73,73.71,73.71.04,73.71.04.1006,73.71.04.1006,Sulawesi Selatan,Kota Makassar,Ujung Pandang,Bulogading,2026-09-19T12:00:00,2026-09-20 04:00:00,2026-09-20 12:00:00,15-16,29,68,0,18,18.1,SW,256,NE,,,1,Cerah,Sunny,https://api-apps.bmkg.go.id/storage/icon/cuaca/cerah-am.svg,2026-09-20T04:00:00Z
73,73.71,73.71.04,73.71.04.1006,73.71.04.1006,Sulawesi Selatan,Kota Makassar,Ujung Pandang,Bulogading,2026-09-19T12:00:00,2026-09-20 07:00:00,2026-09-20 15:00:00,18-19,28,74,0,22,20,SW,260,NE,,,1,Cerah,Sunny,https://api-apps.bmkg.go.id/storage/icon/cuaca/cerah-am.svg,2026-09-20T07:00:00Z
73,73.71,73.71.04,73.71.04.1006,73.71.04.1006,Sulawesi Selatan,Kota Makassar,Ujung Pandang,Bulogading,2026-09-19T12:00:00,2026-09-20 10:00:00,2026-09-20 18:00:00,21-22,28,81,0,7,2.4,W,312,E,,,0,Cerah,Sunny,https://api-apps.bmkg.go.id/storage/icon/cuaca/cerah-pm.svg,2026-09-20T10:00:00Z
73,73.71,73.71.04,73.71.04.1006,73.71.04.1006,Sulawesi Selatan,Kota Makassar,Ujung Pandang,Bulogading,2026-09-19T12:00:00,2026-09-20 13:00:00,2026-09-20 21:00:00,24-25,28,69,0,0,10,N,41,S,,,0,Cerah,Sunny,https://api-apps.bmkg.go.id/storage/icon/cuaca/cerah-pm.svg,2026-09-20T13:00:00Z
73,73.71,73.71.04,73.71.04.1006,73.71.04.1006,Sulawesi Selatan,Kota Makassar,Ujung Pandang,Bulogading,2026-09-19T12:00:00,2026-09-20 16:00:00,2026-09-21 00:00:00,27-28,27,69,0,2,1,N,20,S,,,0,Cerah,Sunny,https://api-apps.bmkg.go.id/storage/icon/cuaca/cerah-pm.svg,2026-09-20T16:00:00Z
73,73.71,73.71.04,73.71.04.1006,73.71.04.1006,Sulawesi Selatan,Kota Makassar,Ujung Pandang,Bulogading,2026-09-19T12:00:00,2026-09-20 19:00:00,2026-09-21 03:00:00,30-31,27,71,0,8,9.1,NE,48,SW,,,0,Cerah,Sunny,https://api-apps.bmkg.go.id/storage/icon/cuaca/cerah-pm.svg,2026-09-20T19:00:00Z
73,73.71,73.71.04,73.71.04.1006,73.71.04.1006,Sulawesi Selatan,Kota Makassar,Ujung Pandang,Bulogading,2026-09-19T12:00:00,2026-09-20 22:00:00,2026-09-21 06:00:00,33-34,27,70,0,65,5.5,E,121,W,,,2,Cerah Berawan,Partly Cloudy,https://api-apps.bmkg.go.id/storage/icon/cuaca/cerah berawan-am.svg,2026-09-20T22:00:00Z
73,73.71,73.71.04,73.71.04.1006,73.71.04.1006,Sulawesi Selatan,Kota Makassar,Ujung Pandang,Bulogading,2026-09-19T12:00:00,2026-09-21 01:00:00,2026-09-21 09:00:00,36-37,28,69,0,42,18.3,SW,243,NE,,,1,Cerah,Sunny,https://api-apps.bmkg.go.id/storage/icon/cuaca/cerah-am.svg,2026-09-21T01:00:00Z
73,73.71,73.71.04,73.71.04.1006,73.71.04.1006,Sulawesi Selatan,Kota Makassar,Ujung Pandang,Bulogading,2026-09-19T12:00:00,2026-09-21 04:00:00,2026-09-21 12:00:00,39-40,28,73,0,16,20.3,SW,240,NE,,,1,Cerah,Sunny,https://api-apps.bmkg.go.id/storage/icon/cuaca/cerah-am.svg,2026-09-21T04:00:00Z
73,73.71,73.71.04,73.71.04.1006,73.71.04.1006,Sulawesi Selatan,Kota Makassar,Ujung Pandang,Bulogading,2026-09-19T12:00:00,2026-09-21 07:00:00,2026-09-21 15:00:00,42-43,30,75,0,27,6.3,W,277,E,,,1,Cerah,Sunny,https://api-apps.bmkg.go.id/storage/icon/cuaca/cerah-am.svg,2026-09-21T07:00:00Z
73,73.71,73.71.04,73.71.04.1006,73.71.04.1006,Sulawesi Selatan,Kota Makassar,Ujung Pandang,Bulogading,2026-09-19T12:00:00,2026-09-21 10:00:00,2026-09-21 18:00:00,45-46,30,73,0,23,13.6,N,26,S,,,1,Cerah,Sunny,https://api-apps.bmkg.go.id/storage/icon/cuaca/cerah-pm.svg,2026-09-21T10:00:00Z
73,73.71,73.71.04,73.71.04.1006,73.71.04.1006,Sulawesi Selatan,Kota Makassar,Ujung Pandang,Bulogading,2026-09-19T12:00:00,2026-09-21 13:00:00,2026-09-21 21:00:00,48-49,29,60,0,37,1.7,SE,170,NW,,,1,Cerah,Sunny,https://api-apps.bmkg.go.id/storage/icon/cuaca/cerah-pm.svg,2026-09-21T13:00:00Z
73,73.71,73.71.04,73.71.04.1006,73.71.04.1006,Sulawesi Selatan,Kota Makassar,Ujung Pandang,Bulogading,2026-09-19T12:00:00,2026-09-21 16:00:00,2026-09-22 00:00:00,51-52,28,71,0,50,6,NW,354,SE,,,1,Cerah,Sunny,https://api-apps.bmkg.go.id/storage/icon/cuaca/cerah-pm.svg,2026-09-21T16:00:00Z
73,73.71,73.71.04,73.71.04.1006,73.71.04.1006,Sulawesi Selatan,Kota Makassar,Ujung Pandang,Bulogading,2026-09-19T12:00:00,2026-09-21 19:00:00,2026-09-22 03:00:00,54-55,27,66,0,35,8.3,NE,87,SW,,,1,Cerah,Sunny,https://api-apps.bmkg.go.id/storage/icon/cuaca/cerah-pm.svg,2026-09-21T19:00:00Z
73,73.71,73.71.04,73.71.04.1006,73.71.04.1006,Sulawesi Selatan,Kota Makassar,Ujung Pandang,Bulogading,2026-09-19T12:00:00,2026-09-21 22:00:00,2026-09-22 06:00:00,57-58,27,70,0,3,2.9,N,12,S,,,0,Cerah,Sunny,https://api-apps.bmkg.go.id/storage/icon/cuaca/cerah-am.svg,2026-09-21T22:00:00Z
73,73.71,73.71.04,73.71.04.1007,73.71.04.1007,Sulawesi Selatan,Kota Makassar,Ujung Pandang,Lae-Lae,2026-09-19T12:00:00,2026-09-19 16:00:00,2026-09-20 00:00:00,3-4,27,72,0,2,6.1,N,13,S,,,0,Cerah,Sunny,https://api-apps.bmkg.go.id/storage/icon/cuaca/cerah-pm.svg,2026-09-19T16:00:00Z
73,73.71,73.71.04,73.71.04.1007,73.71.04.1007,Sulawesi Selatan,Kota Makassar,Ujung Pandang,Lae-Lae,2026-09-19T12:00:00,2026-09-19 19:00:00,2026-09-20 03:00:00,6-7,27,70,0,36,14.6,NE,55,SW,,,1,Cerah,Sunny,https://api-apps.bmkg.go.id/storage/icon/cuaca/cerah-pm.svg,2026-09-19T19:00:00Z
73,73.71,73.71.04,73.71.04.1007,73.71.04.1007,Sulawesi Selatan,Kota Makassar,Ujung Pandang,Lae-Lae,2026-09-19T12:00:00,2026-09-19 22:00:00,2026-09-20 06:00:00,9-10,27,66,0,5,6.1,E,96,W,,,0,Cerah,Sunny,https://api-apps.bmkg.go.id/storage/icon/cuaca/cerah-am.svg,2026-09-19T22:00:00Z
73,73.71,73.71.04,73.71.04.1007,73.71.04.1007,Sulawesi Selatan,Kota Makassar,Ujung Pandang,Lae-Lae,2026-09-19T12:00:00,2026-09-20 01:00:00,2026-09-20 09:00:00,12-13,29,62,0,18,16.2,SW,264,NE,,,1,Cerah,Sunny,https://api-apps.bmkg.go.id/storage/icon/cuaca/cerah-am.svg,2026-09-20T01:00:00Z
73,73.71,73.71.04,73.71.04.1007,73.71.04.1007,Sulawesi Selatan,Kota Makassar,Ujung Pandang,Lae-Lae,2026-09-19T12:00:00,2026-09-20 04:00:00,2026-09-20 12:00:00,15-16,29,68,0,18,18.1,SW,256,NE,,,1,Cerah,Sunny,https://api-apps.bmkg.go.id/storage/icon/cuaca/cerah-am.svg,2026-09-20T04:00:00Z
73,73.71,73.71.04,73.71.04.1007,73.71.04.1007,Sulawesi Selatan,Kota Makassar,Ujung Pandang,Lae-Lae,2026-09-19T12:00:00,2026-09-20 07:00:00,2026-09-20 15:00:00,18-19,28,74,0,22,20,SW,260,NE,,,1,Cerah,Sunny,https://api-apps.bmkg.go.id/storage/icon/cuaca/cerah-am.svg,2026-09-20T07:00:00Z
73,73.71,73.71.04,73.71.04.1007,73.71.04.1007,Sulawesi Selatan,Kota Makassar,Ujung Pandang,Lae-Lae,2026-09-19T12:00:00,2026-09-20 10:00:00,2026-09-20 18:00:00,21-22,28,81,0,7,2.4,W,312,E,,,0,Cerah,Sunny,https://api-apps.bmkg.go.id/storage/icon/cuaca/cerah-pm.svg,2026-09-20T10:00:00Z
73,73.71,73.71.04,73.71.04.1007,73.71.04.1007,Sulawesi Selatan,Kota Makassar,Ujung Pandang,Lae-Lae,2026-09-19T12:00:00,2026-09-20 13:00:00,2026-09-20 21:00:00,24-25,28,69,0,0,10,N,41,S,,,0,Cerah,Sunny,https://api-apps.bmkg.go.id/storage/icon/cuaca/cerah-pm.svg,2026-09-20T13:00:00Z
73,73.71,73.71.04,73.71.04.1007,73.71.04.1007,Sulawesi Selatan,Kota Makassar,Ujung Pandang,Lae-Lae,2026-09-19T12:00:00,2026-09-20 16:00:00,2026-09-21 00:00:00,27-28,27,69,0,2,1,N,20,S,,,0,Cerah,Sunny,https://api-apps.bmkg.go.id/storage/icon/cuaca/cerah-pm.svg,2026-09-20T16:00:00Z
73,73.71,73.71.04,73.71.04.1007,73.71.04.1007,Sulawesi Selatan,Kota Makassar,Ujung Pandang,Lae-Lae,2026-09-19T12:00:00,2026-09-20 19:00:00,2026-09-21 03:00:00,30-31,27,71,0,8,9.1,NE,48,SW,,,0,Cerah,Sunny,https://api-apps.bmkg.go.id/storage/icon/cuaca/cerah-pm.svg,2026-09-20T19:00:00Z
73,73.71,73.71.04,73.71.04.1007,73.71.04.1007,Sulawesi Selatan,Kota Makassar,Ujung Pandang,Lae-Lae,2026-09-19T12:00:00,2026-09-20 22:00:00,2026-09-21 06:00:00,33-34,27,70,0,65,5.5,E,121,W,,,2,Cerah Berawan,Partly Cloudy,https://api-apps.bmkg.go.id/storage/icon/cuaca/cerah berawan-am.svg,2026-09-20T22:00:00Z
73,73.71,73.71.04,73.71.04.1007,73.71.04.1007,Sulawesi Selatan,Kota Makassar,Ujung Pandang,Lae-Lae,2026-09-19T12:00:00,2026-09-21 01:00:00,2026-09-21 09:00:00,36-37,28,69,0,42,18.3,SW,243,NE,,,1,Cerah,Sunny,https://api-apps.bmkg.go.id/storage/icon/cuaca/cerah-am.svg,2026-09-21T01:00:00Z
73,73.71,73.71.04,73.71.04.1007,73.71.04.1007,Sulawesi Selatan,Kota Makassar,Ujung Pandang,Lae-Lae,2026-09-19T12:00:00,2026-09-21 04:00:00,2026-09-21 12:00:00,39-40,28,73,0,16,20.3,SW,240,NE,,,1,Cerah,Sunny,https://api-apps.bmkg.go.id/storage/icon/cuaca/cerah-am.svg,2026-09-21T04:00:00Z
73,73.71,73.71.04,73.71.04.1007,73.71.04.1007,Sulawesi Selatan,Kota Makassar,Ujung Pandang,Lae-Lae,2026-09-19T12:00:00,2026-09-21 07:00:00,2026-09-21 15:00:00,42-43,30,75,0,27,6.3,W,277,E,,,1,Cerah,Sunny,https://api-apps.bmkg.go.id/storage/icon/cuaca/cerah-am.svg,2026-09-21T07:00:00Z
73,73.71,73.71.04,73.71.04.1007,73.71.04.1007,Sulawesi Selatan,Kota Makassar,Ujung Pandang,Lae-Lae,2026-09-19T12:00:00,2026-09-21 10:00:00,2026-09-21 18:00:00,45-46,30,73,0,23,13.6,N,26,S,,,1,Cerah,Sunny,https://api-apps.bmkg.go.id/storage/icon/cuaca/cerah-pm.svg,2026-09-21T10:00:00Z
73,73.71,73.71.04,73.71.04.1007,73.71.04.1007,Sulawesi Selatan,Kota Makassar,Ujung Pandang,Lae-Lae,2026-09-19T12:00:00,2026-09-21 13:00:00,2026-09-21 21:00:00,48-49,29,60,0,37,1.7,SE,170,NW,,,1,Cerah,Sunny,https://api-apps.bmkg.go.id/storage/icon/cuaca/cerah-pm.svg,2026-09-21T13:00:00Z
73,73.71,73.71.04,73.71.04.1007,73.71.04.1007,Sulawesi Selatan,Kota Makassar,Ujung Pandang,Lae-Lae,2026-09-19T12:00:00,2026-09-21 16:00:00,2026-09-22 00:00:00,51-52,28,71,0,50,6,NW,354,SE,,,1,Cerah,Sunny,https://api-apps.bmkg.go.id/storage/icon/cuaca/cerah-pm.svg,2026-09-21T16:00:00Z
73,73.71,73.71.04,73.71.04.1007,73.71.04.1007,Sulawesi Selatan,Kota Makassar,Ujung Pandang,Lae-Lae,2026-09-19T12:00:00,2026-09-21 19:00:00,2026-09-22 03:00:00,54-55,27,66,0,35,8.3,NE,87,SW,,,1,Cerah,Sunny,https://api-apps.bmkg.go.id/storage/icon/cuaca/cerah-pm.svg,2026-09-21T19:00:00Z
73,73.71,73.71.04,73.71.04.1007,73.71.04.1007,Sulawesi Selatan,Kota Makassar,Ujung Pandang,Lae-Lae,2026-09-19T12:00:00,2026-09-21 22:00:00,2026-09-22 06:00:00,57-58,27,70,0,3,2.9,N,12,S,,,0,Cerah,Sunny,https://api-apps.bmkg.go.id/storage/icon/cuaca/cerah-am.svg,2026-09-21T22:00:00Z
73,73.71,73.71.04,73.71.04.1008,73.71.04.1008,Sulawesi Selatan,Kota Makassar,Ujung Pandang,Losari,2026-09-19T12:00:00,2026-09-19 16:00:00,2026-09-20 00:00:00,3-4,27,72,0,2,6.7,NW,326,SE,,,0,Cerah,Sunny,https://api-apps.bmkg.go.id/storage/icon/cuaca/cerah-pm.svg,2026-09-19T16:00:00Z
73,73.71,73.71.04,73.71.04.1008,73.71.04.1008,Sulawesi Selatan,Kota Makassar,Ujung Pandang,Losari,2026-09-19T12:00:00,2026-09-19 19:00:00,2026-09-20 03:00:00,6-7,27,68,0,33,4.1,NE,75,SW,,,1,Cerah,Sunny,https://api-apps.bmkg.go.id/storage/icon/cuaca/cerah-pm.svg,2026-09-19T19:00:00Z
73,73.71,73.71.04,73.71.04.1008,73.71.04.1008,Sulawesi Selatan,Kota Makassar,Ujung Pandang,Losari,2026-09-19T12:00:00,2026-09-19 22:00:00,2026-09-20 06:00:00,9-10,27,67,0,5,2.3,SW,261,NE,,,0,Cerah,Sunny,https://api-apps.bmkg.go.id/storage/icon/cuaca/cerah-am.svg,2026-09-19T22:00:00Z
73,73.71,73.71.04,73.71.04.1008,73.71.04.1008,Sulawesi Selatan,Kota Makassar,Ujung Pandang,Losari,2026-09-19T12:00:00,2026-09-20 01:00:00,2026-09-20 09:00:00,12-13,29,61,0,20,15.2,SW,249,NE,,,1,Cerah,Sunny,https://api-apps.bmkg.go.id/storage/icon/cuaca/cerah-am.svg,2026-09-20T01:00:00Z
73,73.71,73.71.04,73.71.04.1008,73.71.04.1008,Sulawesi Selatan,Kota Makassar,Ujung Pandang,Losari,2026-09-19T12:00:00,2026-09-20 04:00:00,2026-09-20 12:00:00,15-16,29,67,0,18,15.7,SW,256,NE,,,1,Cerah,Sunny,https://api-apps.bmkg.go.id/storage/icon/cuaca/cerah-am.svg,2026-09-20T04:00:00Z
73,73.71,73.71.04,73.71.04.1008,73.71.04.1008,Sulawesi Selatan,Kota Makassar,Ujung Pandang,Losari,2026-09-19T12:00:00,2026-09-20 07:00:00,2026-09-20 15:00:00,18-19,28,72,0,23,13.3,SW,269,NE,,,1,Cerah,Sunny,https://api-apps.bmkg.go.id/storage/icon/cuaca/cerah-am.svg,2026-09-20T07:00:00Z
73,73.71,73.71.04,73.71.04.1008,73.71.04.1008,Sulawesi Selatan,Kota Makassar,Ujung Pandang,Losari,2026-09-19T12:00:00,2026-09-20 10:00:00,2026-09-20 18:00:00,21-22,28,79,0,8,6.3,NE,67,SW,,,0,Cerah,Sunny,https://api-apps.bmkg.go.id/storage/icon/cuaca/cerah-pm.svg,2026-09-20T10:00:00Z
73,73.71,73.71.04,73.71.04.1008,73.71.04.1008,Sulawesi Selatan,Kota Makassar,Ujung Pandang,Losari,2026-09-19T12:00:00,2026-09-20 13:00:00,2026-09-20 21:00:00,24-25,28,70,0,0,4.3,S,193,N,,,0,Cerah,Sunny,https://api-apps.bmkg.go.id/storage/icon/cuaca/cerah-pm.svg,2026-09-20T13:00:00Z
73,73.71,73.71.04,73.71.04.1008,73.71.04.1008,Sulawesi Selatan,Kota Makassar,Ujung Pandang,Losari,2026-09-19T12:00:00,2026-09-20 16:00:00,2026-09-21 00:00:00,27-28,27,73,0,1,6,SW,232,NE,,,0,Cerah,Sunny,https://api-apps.bmkg.go.id/storage/icon/cuaca/cerah-pm.svg,2026-09-20T16:00:00Z
73,73.71,73.71.04,73.71.04.1008,73.71.04.1008,Sulawesi Selatan,Kota Makassar,Ujung Pandang,Losari,2026-09-19T12:00:00,2026-09-20 19:00:00,2026-09-21 03:00:00,30-31,27,72,0,8,3.4,NE,66,SW,,,0,Cerah,Sunny,https://api-apps.bmkg.go.id/storage/icon/cuaca/cerah-pm.svg,2026-09-20T19:00:00Z
73,73.71,73.71.04,73.71.04.1008,73.71.04.1008,Sulawesi Selatan,Kota Makassar,Ujung Pandang,Losari,2026-09-19T12:00:00,2026-09-20 22:00:00,2026-09-21 06:00:00,33-34,27,70,0,62,4.9,S,192,N,,,2,Cerah Berawan,Partly Cloudy,https://api-apps.bmkg.go.id/storage/icon/cuaca/cerah berawan-am.svg,2026-09-20T22:00:00Z
73,73.71,73.71.04,73.71.04.1008,73.71.04.1008,Sulawesi Selatan,Kota Makassar,Ujung Pandang,Losari,2026-09-19T12:00:00,2026-09-21 01:00:00,2026-09-21 09:00:00,36-37,29,68,0,34,12.6,SW,236,NE,,,1,Cerah,Sunny,https://api-apps.bmkg.go.id/storage/icon/cuaca/cerah-am.svg,2026-09-21T01:00:00Z
73,73.71,73.71.04,73.71.04.1008,73.71.04.1008,Sulawesi Selatan,Kota Makassar,Ujung Pandang,Losari,2026-09-19T12:00:00,2026-09-21 04:00:00,2026-09-21 12:00:00,39-40,29,71,0,17,16.2,SW,245,NE,,,1,Cerah,Sunny,https://api-apps.bmkg.go.id/storage/icon/cuaca/cerah-am.svg,2026-09-21T04:00:00Z
73,73.71,73.71.04,73.71.04.1008,73.71.04.1008,Sulawesi Selatan,Kota Makassar,Ujung Pandang,Losari,2026-09-19T12:00:00,2026-09-21 07:00:00,2026-09-21 15:00:00,42-43,30,70,0,30,5,SW,252,NE,,,1,Cerah,Sunny,https://api-apps.bmkg.go.id/storage/icon/cuaca/cerah-am.svg,2026-09-21T07:00:00Z
73,73.71,73.71.04,73.71.04.1008,73.71.04.1008,Sulawesi Selatan,Kota Makassar,Ujung Pandang,Losari,2026-09-19T12:00:00,2026-09-21 10:00:00,2026-09-21 18:00:00,45-46,30,70,0,24,4.1,N,2,S,,,1,Cerah,Sunny,https://api-apps.bmkg.go.id/storage/icon/cuaca/cerah-pm.svg,2026-09-21T10:00:00Z
73,73.71,73.71.04,73.71.04.1008,73.71.04.1008,Sulawesi Selatan,Kota Makassar,Ujung Pandang,Losari,2026-09-19T12:00:00,2026-09-21 13:00:00,2026-09-21 21:00:00,48-49,29,62,0,33,9.6,S,217,N,,,1,Cerah,Sunny,https://api-apps.bmkg.go.id/storage/icon/cuaca/cerah-pm.svg,2026-09-21T13:00:00Z
73,73.71,73.71.04,73.71.04.1008,73.71.04.1008,Sulawesi Selatan,Kota Makassar,Ujung Pandang,Losari,2026-09-19T12:00:00,2026-09-21 16:00:00,2026-09-22 00:00:00,51-52,27,72,0,49,6.4,W,294,E,,,1,Cerah,Sunny,https://api-apps.bmkg.go.id/storage/icon/cuaca/cerah-pm.svg,2026-09-21T16:00:00Z
73,73.71,73.71.04,73.71.04.1008,73.71.04.1008,Sulawesi Selatan,Kota Makassar,Ujung Pandang,Losari,2026-09-19T12:00:00,2026-09-21 19:00:00,2026-09-22 03:00:00,54-55,27,68,0,34,7.7,SE,178,NW,,,1,Cerah,Sunny,https://api-apps.bmkg.go.id/storage/icon/cuaca/cerah-pm.svg,2026-09-21T19:00:00Z
73,73.71,73.71.04,73.71.04.1008,73.71.04.1008,Sulawesi Selatan,Kota Makassar,Ujung Pandang,Losari,2026-09-19T12:00:00,2026-09-21 22:00:00,2026-09-22 06:00:00,57-58,27,71,0,2,6,W,296,E,,,0,Cerah,Sunny,https://api-apps.bmkg.go.id/storage/icon/cuaca/cerah-am.svg,2026-09-21T22:00:00Z
73,73.71,73.71.04,73.71.04.1009,73.71.04.1009,Sulawesi Selatan,Kota Makassar,Ujung Pandang,Sawerigading,2026-09-19T12:00:00,2026-09-19 16:00:00,2026-09-20 00:00:00,3-4,27,67,0,2,6.7,NW,326,SE,,,0,Cerah,Sunny,https://api-apps.bmkg.go.id/storage/icon/cuaca/cerah-pm.svg,2026-09-19T16:00:00Z
73,73.71,73.71.04,73.71.04.1009,73.71.04.1009,Sulawesi Selatan,Kota Makassar,Ujung Pandang,Sawerigading,2026-09-19T12:00:00,2026-09-19 19:00:00,2026-09-20 03:00:00,6-7,27,68,0,35,4.1,NE,75,SW,,,1,Cerah,Sunny,https://api-apps.bmkg.go.id/storage/icon/cuaca/cerah-pm.svg,2026-09-19T19:00:00Z
73,73.71,73.71.04,73.71.04.1009,73.71.04.1009,Sulawesi Selatan,Kota Makassar,Ujung Pandang,Sawerigading,2026-09-19T12:00:00,2026-09-19 22:00:00,2026-09-20 06:00:00,9-10,27,66,0,5,2.3,SW,261,NE,,,0,Cerah,Sunny,https://api-apps.bmkg.go.id/storage/icon/cuaca/cerah-am.svg,2026-09-19T22:00:00Z
73,73.71,73.71.04,73.71.04.1009,73.71.04.1009,Sulawesi Selatan,Kota Makassar,Ujung Pandang,Sawerigading,2026-09-19T12:00:00,2026-09-20 01:00:00,2026-09-20 09:00:00,12-13,30,56,0,22,15.2,SW,249,NE,,,1,Cerah,Sunny,https://api-apps.bmkg.go.id/storage/icon/cuaca/cerah-am.svg,2026-09-20T01:00:00Z
73,73.71,73.71.04,73.71.04.1009,73.71.04.1009,Sulawesi Selatan,Kota Makassar,Ujung Pandang,Sawerigading,2026-09-19T12:00:00,2026-09-20 04:00:00,2026-09-20 12:00:00,15-16,30,62,0,22,15.7,SW,256,NE,,,1,Cerah,Sunny,https://api-apps.bmkg.go.id/storage/icon/cuaca/cerah-am.svg,2026-09-20T04:00:00Z
73,73.71,73.71.04,73.71.04.1009,73.71.04.1009,Sulawesi Selatan,Kota Makassar,Ujung Pandang,Sawerigading,2026-09-19T12:00:00,2026-09-20 07:00:00,2026-09-20 15:00:00,18-19,29,68,0,28,13.3,SW,269,NE,,,1,Cerah,Sunny,https://api-apps.bmkg.go.id/storage/icon/cuaca/cerah-am.svg,2026-09-20T07:00:00Z
73,73.71,73.71.04,73.71.04.1009,73.71.04.1009,Sulawesi Selatan,Kota Makassar,Ujung Pandang,Sawerigading,2026-09-19T12:00:00,2026-09-20 10:00:00,2026-09-20 18:00:00,21-22,28,77,0,10,6.3,NE,67,SW,,,0,Cerah,Sunny,https://api-apps.bmkg.go.id/storage/icon/cuaca/cerah-pm.svg,2026-09-20T10:00:00Z
73,73.71,73.71.04,73.71.04.1009,73.71.04.1009,Sulawesi Selatan,Kota Makassar,Ujung Pandang,Sawerigading,2026-09-19T12:00:00,2026-09-20 13:00:00,2026-09-20 21:00:00,24-25,28,69,0,0,4.3,S,193,N,,,0,Cerah,Sunny,https://api-apps.bmkg.go.id/storage/icon/cuaca/cerah-pm.svg,2026-09-20T13:00:00Z
73,73.71,73.71.04,73.71.04.1009,73.71.04.1009,Sulawesi Selatan,Kota Makassar,Ujung Pandang,Sawerigading,2026-09-19T12:00:00,2026-09-20 16:00:00,2026-09-21 00:00:00,27-28,27,72,0,1,6,SW,232,NE,,,0,Cerah,Sunny,https://api-apps.bmkg.go.id/storage/icon/cuaca/cerah-pm.svg,2026-09-20T16:00:00Z
73,73.71,73.71.04,73.71.04.1009,73.71.04.1009,Sulawesi Selatan,Kota Makassar,Ujung Pandang,Sawerigading,2026-09-19T12:00:00,2026-09-20 19:00:00,2026-09-21 03:00:00,30-31,27,72,0,8,3.4,NE,66,SW,,,0,Cerah,Sunny,https://api-apps.bmkg.go.id/storage/icon/cuaca/cerah-pm.svg,2026-09-20T19:00:00Z
73,73.71,73.71.04,73.71.04.1009,73.71.04.1009,Sulawesi Selatan,Kota Makassar,Ujung Pandang,Sawerigading,2026-09-19T12:00:00,2026-09-20 22:00:00,2026-09-21 06:00:00,33-34,27,70,0,56,4.9,S,192,N,,,1,Cerah,Sunny,https://api-apps.bmkg.go.id/storage/icon/cuaca/cerah-am.svg,2026-09-20T22:00:00Z
73,73.71,73.71.04,73.71.04.1009,73.71.04.1009,Sulawesi Selatan,Kota Makassar,Ujung Pandang,Sawerigading,2026-09-19T12:00:00,2026-09-21 01:00:00,2026-09-21 09:00:00,36-37,30,63,0,31,12.6,SW,236,NE,,,1,Cerah,Sunny,https://api-apps.bmkg.go.id/storage/icon/cuaca/cerah-am.svg,2026-09-21T01:00:00Z
73,73.71,73.71.04,73.71.04.1009,73.71.04.1009,Sulawesi Selatan,Kota Makassar,Ujung Pandang,Sawerigading,2026-09-19T12:00:00,2026-09-21 04:00:00,2026-09-21 12:00:00,39-40,30,66,0,22,16.2,SW,245,NE,,,1,Cerah,Sunny,https://api-apps.bmkg.go.id/storage/icon/cuaca/cerah-am.svg,2026-09-21T04:00:00Z
73,73.71,73.71.04,73.71.04.1009,73.71.04.1009,Sulawesi Selatan,Kota Makassar,Ujung Pandang,Sawerigading,2026-09-19T12:00:00,2026-09-21 07:00:00,2026-09-21 15:00:00,42-43,31,64,0,35,5,SW,252,NE,,,1,Cerah,Sunny,https://api-apps.bmkg.go.id/storage/icon/cuaca/cerah-am.svg,2026-09-21T07:00:00Z
73,73.71,73.71.04,73.71.04.1009,73.71.04.1009,Sulawesi Selatan,Kota Makassar,Ujung Pandang,Sawerigading,2026-09-19T12:00:00,2026-09-21 10:00:00,2026-09-21 18:00:00,45-46,30,67,0,26,4.1,N,2,S,,,1,Cerah,Sunny,https://api-apps.bmkg.go.id/storage/icon/cuaca/cerah-pm.svg,2026-09-21T10:00:00Z
73,73.71,73.71.04,73.71.04.1009,73.71.04.1009,Sulawesi Selatan,Kota Makassar,Ujung Pandang,Sawerigading,2026-09-19T12:00:00,2026-09-21 13:00:00,2026-09-21 21:00:00,48-49,29,60,0,37,9.6,S,217,N,,,1,Cerah,Sunny,https://api-apps.bmkg.go.id/storage/icon/cuaca/cerah-pm.svg,2026-09-21T13:00:00Z
73,73.71,73.71.04,73.71.04.1009,73.71.04.1009,Sulawesi Selatan,Kota Makassar,Ujung Pandang,Sawerigading,2026-09-19T12:00:00,2026-09-21 16:00:00,2026-09-22 00:00:00,51-52,27,69,0,48,6.4,W,294,E,,,1,Cerah,Sunny,https://api-apps.bmkg.go.id/storage/icon/cuaca/cerah-pm.svg,2026-09-21T16:00:00Z
73,73.71,73.71.04,73.71.04.1009,73.71.04.1009,Sulawesi Selatan,Kota Makassar,Ujung Pandang,Sawerigading,2026-09-19T12:00:00,2026-09-21 19:00:00,2026-09-22 03:00:00,54-55,27,69,0,36,7.7,SE,178,NW,,,1,Cerah,Sunny,https://api-apps.bmkg.go.id/storage/icon/cuaca/cerah-pm.svg,2026-09-21T19:00:00Z
73,73.71,73.71.04,73.71.04.1009,73.71.04.1009,Sulawesi Selatan,Kota Makassar,Ujung Pandang,Sawerigading,2026-09-19T12:00:00,2026-09-21 22:00:00,2026-09-22 06:00:00,57-58,27,70,0,2,6,W,296,E,,,0,Cerah,Sunny,https://api-apps.bmkg.go.id/storage/icon/cuaca/cerah-am.svg,2026-09-21T22:00:00Z
73,73.71,73.71.04,73.71.04.1010,73.71.04.1010,Sulawesi Selatan,Kota Makassar,Ujung Pandang,Lajangiru,2026-09-19T12:00:00,2026-09-19 16:00:00,2026-09-20 00:00:00,3-4,27,67,0,2,6.7,NW,326,SE,,,0,Cerah,Sunny,https://api-apps.bmkg.go.id/storage/icon/cuaca/cerah-pm.svg,2026-09-19T16:00:00Z
73,73.71,73.71.04,73.71.04.1010,73.71.04.1010,Sulawesi Selatan,Kota Makassar,Ujung Pandang,Lajangiru,2026-09-19T12:00:00,2026-09-19 19:00:00,2026-09-20 03:00:00,6-7,27,68,0,35,4.1,NE,75,SW,,,1,Cerah,Sunny,https://api-apps.bmkg.go.id/storage/icon/cuaca/cerah-pm.svg,2026-09-19T19:00:00Z
73,73.71,73.71.04,73.71.04.1010,73.71.04.1010,Sulawesi Selatan,Kota Makassar,Ujung Pandang,Lajangiru,2026-09-19T12:00:00,2026-09-19 22:00:00,2026-09-20 06:00:00,9-10,27,66,0,5,2.3,SW,261,NE,,,0,Cerah,Sunny,https://api-apps.bmkg.go.id/storage/icon/cuaca/cerah-am.svg,2026-09-19T22:00:00Z
73,73.71,73.71.04,73.71.04.1010,73.71.04.1010,Sulawesi Selatan,Kota Makassar,Ujung Pandang,Lajangiru,2026-09-19T12:00:00,2026-09-20 01:00:00,2026-09-20 09:00:00,12-13,30,56,0,22,15.2,SW,249,NE,,,1,Cerah,Sunny,https://api-apps.bmkg.go.id/storage/icon/cuaca/cerah-am.svg,2026-09-20T01:00:00Z
73,73.71,73.71.04,73.71.04.1010,73.71.04.1010,Sulawesi Selatan,Kota Makassar,Ujung Pandang,Lajangiru,2026-09-19T12:00:00,2026-09-20 04:00:00,2026-09-20 12:00:00,15-16,30,62,0,22,15.7,SW,256,NE,,,1,Cerah,Sunny,https://api-apps.bmkg.go.id/storage/icon/cuaca/cerah-am.svg,2026-09-20T04:00:00Z
73,73.71,73.71.04,73.71.04.1010,73.71.04.1010,Sulawesi Selatan,Kota Makassar,Ujung Pandang,Lajangiru,2026-09-19T12:00:00,2026-09-20 07:00:00,2026-09-20 15:00:00,18-19,29,68,0,28,13.3,SW,269,NE,,,1,Cerah,Sunny,https://api-apps.bmkg.go.id/storage/icon/cuaca/cerah-am.svg,2026-09-20T07:00:00Z
73,73.71,73.71.04,73.71.04.1010,73.71.04.1010,Sulawesi Selatan,Kota Makassar,Ujung Pandang,Lajangiru,2026-09-19T12:00:00,2026-09-20 10:00:00,2026-09-20 18:00:00,21-22,28,77,0,10,6.3,NE,67,SW,,,0,Cerah,Sunny,https://api-apps.bmkg.go.id/storage/icon/cuaca/cerah-pm.svg,2026-09-20T10:00:00Z
73,73.71,73.71.04,73.71.04.1010,73.71.04.1010,Sulawesi Selatan,Kota Makassar,Ujung Pandang,Lajangiru,2026-09-19T12:00:00,2026-09-20 13:00:00,2026-09-20 21:00:00,24-25,28,69,0,0,4.3,S,193,N,,,0,Cerah,Sunny,https://api-apps.bmkg.go.id/storage/icon/cuaca/cerah-pm.svg,2026-09-20T13:00:00Z
73,73.71,73.71.04,73.71.04.1010,73.71.04.1010,Sulawesi Selatan,Kota Makassar,Ujung Pandang,Lajangiru,2026-09-19T12:00:00,2026-09-20 16:00:00,2026-09-21 00:00:00,27-28,27,72,0,1,6,SW,232,NE,,,0,Cerah,Sunny,https://api-apps.bmkg.go.id/storage/icon/cuaca/cerah-pm.svg,2026-09-20T16:00:00Z
73,73.71,73.71.04,73.71.04.1010,73.71.04.1010,Sulawesi Selatan,Kota Makassar,Ujung Pandang,Lajangiru,2026-09-19T12:00:00,2026-09-20 19:00:00,2026-09-21 03:00:00,30-31,27,72,0,8,3.4,NE,66,SW,,,0,Cerah,Sunny,https://api-apps.bmkg.go.id/storage/icon/cuaca/cerah-pm.svg,2026-09-20T19:00:00Z
73,73.71,73.71.04,73.71.04.1010,73.71.04.1010,Sulawesi Selatan,Kota Makassar,Ujung Pandang,Lajangiru,2026-09-19T12:00:00,2026-09-20 22:00:00,2026-09-21 06:00:00,33-34,27,70,0,56,4.9,S,192,N,,,1,Cerah,Sunny,https://api-apps.bmkg.go.id/storage/icon/cuaca/cerah-am.svg,2026-09-20T22:00:00Z
73,73.71,73.71.04,73.71.04.1010,73.71.04.1010,Sulawesi Selatan,Kota Makassar,Ujung Pandang,Lajangiru,2026-09-19T12:00:00,2026-09-21 01:00:00,2026-09-21 09:00:00,36-37,30,63,0,31,12.6,SW,236,NE,,,1,Cerah,Sunny,https://api-apps.bmkg.go.id/storage/icon/cuaca/cerah-am.svg,2026-09-21T01:00:00Z
73,73.71,73.71.04,73.71.04.1010,73.71.04.1010,Sulawesi Selatan,Kota Makassar,Ujung Pandang,Lajangiru,2026-09-19T12:00:00,2026-09-21 04:00:00,2026-09-21 12:00:00,39-40,30,66,0,22,16.2,SW,245,NE,,,1,Cerah,Sunny,https://api-apps.bmkg.go.id/storage/icon/cuaca/cerah-am.svg,2026-09-21T04:00:00Z
73,73.71,73.71.04,73.71.04.1010,73.71.04.1010,Sulawesi Selatan,Kota Makassar,Ujung Pandang,Lajangiru,2026-09-19T12:00:00,2026-09-21 07:00:00,2026-09-21 15:00:00,42-43,31,64,0,35,5,SW,252,NE,,,1,Cerah,Sunny,https://api-apps.bmkg.go.id/storage/icon/cuaca/cerah-am.svg,2026-09-21T07:00:00Z
73,73.71,73.71.04,73.71.04.1010,73.71.04.1010,Sulawesi Selatan,Kota Makassar,Ujung Pandang,Lajangiru,2026-09-19T12:00:00,2026-09-21 10:00:00,2026-09-21 18:00:00,45-46,30,67,0,26,4.1,N,2,S,,,1,Cerah,Sunny,https://api-apps.bmkg.go.id/storage/icon/cuaca/cerah-pm.svg,2026-09-21T10:00:00Z
73,73.71,73.71.04,73.71.04.1010,73.71.04.1010,Sulawesi Selatan,Kota Makassar,Ujung Pandang,Lajangiru,2026-09-19T12:00:00,2026-09-21 13:00:00,2026-09-21 21:00:00,48-49,29,60,0,37,9.6,S,217,N,,,1,Cerah,Sunny,https://api-apps.bmkg.go.id/storage/icon/cuaca/cerah-pm.svg,2026-09-21T13:00:00Z
73,73.71,73.71.04,73.71.04.1010,73.71.04.1010,Sulawesi Selatan,Kota Makassar,Ujung Pandang,Lajangiru,2026-09-19T12:00:00,2026-09-21 16:00:00,2026-09-22 00:00:00,51-52,27,69,0,48,6.4,W,294,E,,,1,Cerah,Sunny,https://api-apps.bmkg.go.id/storage/icon/cuaca/cerah-pm.svg,2026-09-21T16:00:00Z
73,73.71,73.71.04,73.71.04.1010,73.71.04.1010,Sulawesi Selatan,Kota Makassar,Ujung Pandang,Lajangiru,2026-09-19T12:00:00,2026-09-21 19:00:00,2026-09-22 03:00:00,54-55,27,69,0,36,7.7,SE,178,NW,,,1,Cerah,Sunny,https://api-apps.bmkg.go.id/storage/icon/cuaca/cerah-pm.svg,2026-09-21T19:00:00Z
73,73.71,73.71.04,73.71.04.1010,73.71.04.1010,Sulawesi Selatan,Kota Makassar,Ujung Pandang,Lajangiru,2026-09-19T12:00:00,2026-09-21 22:00:00,2026-09-22 06:00:00,57-58,27,70,0,2,6,W,296,E,,,0,Cerah,Sunny,https://api-apps.bmkg.go.id/storage/icon/cuaca/cerah-am.svg,2026-09-21T22:00:00Z
73,73.71,73.71.05,73.71.05.1001,73.71.05.1001,Sulawesi Selatan,Kota Makassar,Wajo,Pattunuang,2026-09-19T12:00:00,2026-09-19 16:00:00,2026-09-20 00:00:00,3-4,27,72,0,2,6.1,N,13,S,,,0,Cerah,Sunny,https://api-apps.bmkg.go.id/storage/icon/cuaca/cerah-pm.svg,2026-09-19T16:00:00Z
73,73.71,73.71.05,73.71.05.1001,73.71.05.1001,Sulawesi Selatan,Kota Makassar,Wajo,Pattunuang,2026-09-19T12:00:00,2026-09-19 19:00:00,2026-09-20 03:00:00,6-7,27,70,0,36,14.6,NE,55,SW,,,1,Cerah,Sunny,https://api-apps.bmkg.go.id/storage/icon/cuaca/cerah-pm.svg,2026-09-19T19:00:00Z
73,73.71,73.71.05,73.71.05.1001,73.71.05.1001,Sulawesi Selatan,Kota Makassar,Wajo,Pattunuang,2026-09-19T12:00:00,2026-09-19 22:00:00,2026-09-20 06:00:00,9-10,27,66,0,5,6.1,E,96,W,,,0,Cerah,Sunny,https://api-apps.bmkg.go.id/storage/icon/cuaca/cerah-am.svg,2026-09-19T22:00:00Z
73,73.71,73.71.05,73.71.05.1001,73.71.05.1001,Sulawesi Selatan,Kota Makassar,Wajo,Pattunuang,2026-09-19T12:00:00,2026-09-20 01:00:00,2026-09-20 09:00:00,12-13,29,62,0,18,16.2,SW,264,NE,,,1,Cerah,Sunny,https://api-apps.bmkg.go.id/storage/icon/cuaca/cerah-am.svg,2026-09-20T01:00:00Z
73,73.71,73.71.05,73.71.05.1001,73.71.05.1001,Sulawesi Selatan,Kota Makassar,Wajo,Pattunuang,2026-09-19T12:00:00,2026-09-20 04:00:00,2026-09-20 12:00:00,15-16,29,68,0,18,18.1,SW,256,NE,,,1,Cerah,Sunny,https://api-apps.bmkg.go.id/storage/icon/cuaca/cerah-am.svg,2026-09-20T04:00:00Z
73,73.71,73.71.05,73.71.05.1001,73.71.05.1001,Sulawesi Selatan,Kota Makassar,Wajo,Pattunuang,2026-09-19T12:00:00,2026-09-20 07:00:00,2026-09-20 15:00:00,18-19,28,74,0,22,20,SW,260,NE,,,1,Cerah,Sunny,https://api-apps.bmkg.go.id/storage/icon/cuaca/cerah-am.svg,2026-09-20T07:00:00Z
73,73.71,73.71.05,73.71.05.1001,73.71.05.1001,Sulawesi Selatan,Kota Makassar,Wajo,Pattunuang,2026-09-19T12:00:00,2026-09-20 10:00:00,2026-09-20 18:00:00,21-22,28,81,0,7,2.4,W,312,E,,,0,Cerah,Sunny,https://api-apps.bmkg.go.id/storage/icon/cuaca/cerah-pm.svg,2026-09-20T10:00:00Z
73,73.71,73.71.05,73.71.05.1001,73.71.05.1001,Sulawesi Selatan,Kota Makassar,Wajo,Pattunuang,2026-09-19T12:00:00,2026-09-20 13:00:00,2026-09-20 21:00:00,24-25,28,69,0,0,10,N,41,S,,,0,Cerah,Sunny,https://api-apps.bmkg.go.id/storage/icon/cuaca/cerah-pm.svg,2026-09-20T13:00:00Z
73,73.71,73.71.05,73.71.05.1001,73.71.05.1001,Sulawesi Selatan,Kota Makassar,Wajo,Pattunuang,2026-09-19T12:00:00,2026-09-20 16:00:00,2026-09-21 00:00:00,27-28,27,69,0,2,1,N,20,S,,,0,Cerah,Sunny,https://api-apps.bmkg.go.id/storage/icon/cuaca/cerah-pm.svg,2026-09-20T16:00:00Z
73,73.71,73.71.05,73.71.05.1001,73.71.05.1001,Sulawesi Selatan,Kota Makassar,Wajo,Pattunuang,2026-09-19T12:00:00,2026-09-20 19:00:00,2026-09-21 03:00:00,30-31,27,71,0,8,9.1,NE,48,SW,,,0,Cerah,Sunny,https://api-apps.bmkg.go.id/storage/icon/cuaca/cerah-pm.svg,2026-09-20T19:00:00Z
73,73.71,73.71.05,73.71.05.1001,73.71.05.1001,Sulawesi Selatan,Kota Makassar,Wajo,Pattunuang,2026-09-19T12:00:00,2026-09-20 22:00:00,2026-09-21 06:00:00,33-34,27,70,0,65,5.5,E,121,W,,,2,Cerah Berawan,Partly Cloudy,https://api-apps.bmkg.go.id/storage/icon/cuaca/cerah berawan-am.svg,2026-09-20T22:00:00Z
73,73.71,73.71.05,73.71.05.1001,73.71.05.1001,Sulawesi Selatan,Kota Makassar,Wajo,Pattunuang,2026-09-19T12:00:00,2026-09-21 01:00:00,2026-09-21 09:00:00,36-37,28,69,0,42,18.3,SW,243,NE,,,1,Cerah,Sunny,https://api-apps.bmkg.go.id/storage/icon/cuaca/cerah-am.svg,2026-09-21T01:00:00Z
73,73.71,73.71.05,73.71.05.1001,73.71.05.1001,Sulawesi Selatan,Kota Makassar,Wajo,Pattunuang,2026-09-19T12:00:00,2026-09-21 04:00:00,2026-09-21 12:00:00,39-40,28,73,0,16,20.3,SW,240,NE,,,1,Cerah,Sunny,https://api-apps.bmkg.go.id/storage/icon/cuaca/cerah-am.svg,2026-09-21T04:00:00Z
73,73.71,73.71.05,73.71.05.1001,73.71.05.1001,Sulawesi Selatan,Kota Makassar,Wajo,Pattunuang,2026-09-19T12:00:00,2026-09-21 07:00:00,2026-09-21 15:00:00,42-43,30,75,0,27,6.3,W,277,E,,,1,Cerah,Sunny,https://api-apps.bmkg.go.id/storage/icon/cuaca/cerah-am.svg,2026-09-21T07:00:00Z
73,73.71,73.71.05,73.71.05.1001,73.71.05.1001,Sulawesi Selatan,Kota Makassar,Wajo,Pattunuang,2026-09-19T12:00:00,2026-09-21 10:00:00,2026-09-21 18:00:00,45-46,30,73,0,23,13.6,N,26,S,,,1,Cerah,Sunny,https://api-apps.bmkg.go.id/storage/icon/cuaca/cerah-pm.svg,2026-09-21T10:00:00Z
73,73.71,73.71.05,73.71.05.1001,73.71.05.1001,Sulawesi Selatan,Kota Makassar,Wajo,Pattunuang,2026-09-19T12:00:00,2026-09-21 13:00:00,2026-09-21 21:00:00,48-49,29,60,0,37,1.7,SE,170,NW,,,1,Cerah,Sunny,https://api-apps.bmkg.go.id/storage/icon/cuaca/cerah-pm.svg,2026-09-21T13:00:00Z
73,73.71,73.71.05,73.71.05.1001,73.71.05.1001,Sulawesi Selatan,Kota Makassar,Wajo,Pattunuang,2026-09-19T12:00:00,2026-09-21 16:00:00,2026-09-22 00:00:00,51-52,28,71,0,50,6,NW,354,SE,,,1,Cerah,Sunny,https://api-apps.bmkg.go.id/storage/icon/cuaca/cerah-pm.svg,2026-09-21T16:00:00Z
73,73.71,73.71.05,73.71.05.1001,73.71.05.1001,Sulawesi Selatan,Kota Makassar,Wajo,Pattunuang,2026-09-19T12:00:00,2026-09-21 19:00:00,2026-09-22 03:00:00,54-55,27,66,0,35,8.3,NE,87,SW,,,1,Cerah,Sunny,https://api-apps.bmkg.go.id/storage/icon/cuaca/cerah-pm.svg,2026-09-21T19:00:00Z
73,73.71,73.71.05,73.71.05.1001,73.71.05.1001,Sulawesi Selatan,Kota Makassar,Wajo,Pattunuang,2026-09-19T12:00:00,2026-09-21 22:00:00,2026-09-22 06:00:00,57-58,27,70,0,3,2.9,N,12,S,,,0,Cerah,Sunny,https://api-apps.bmkg.go.id/storage/icon/cuaca/cerah-am.svg,2026-09-21T22:00:00Z
73,73.71,73.71.05,73.71.05.1002,73.71.05.1002,Sulawesi Selatan,Kota Makassar,Wajo,Melayu,2026-09-19T12:00:00,2026-09-19 16:00:00,2026-09-20 00:00:00,3-4,27,67,0,2,6.1,N,13,S,,,0,Cerah,Sunny,https://api-apps.bmkg.go.id/storage/icon/cuaca/cerah-pm.svg,2026-09-19T16:00:00Z
73,73.71,73.71.05,73.71.05.1002,73.71.05.1002,Sulawesi Selatan,Kota Makassar,Wajo,Melayu,2026-09-19T12:00:00,2026-09-19 19:00:00,2026-09-20 03:00:00,6-7,27,69,0,38,14.6,NE,55,SW,,,1,Cerah,Sunny,https://api-apps.bmkg.go.id/storage/icon/cuaca/cerah-pm.svg,2026-09-19T19:00:00Z
73,73.71,73.71.05,73.71.05.1002,73.71.05.1002,Sulawesi Selatan,Kota Makassar,Wajo,Melayu,2026-09-19T12:00:00,2026-09-19 22:00:00,2026-09-20 06:00:00,9-10,27,66,0,5,6.1,E,96,W,,,0,Cerah,Sunny,https://api-apps.bmkg.go.id/storage/icon/cuaca/cerah-am.svg,2026-09-19T22:00:00Z
73,73.71,73.71.05,73.71.05.1002,73.71.05.1002,Sulawesi Selatan,Kota Makassar,Wajo,Melayu,2026-09-19T12:00:00,2026-09-20 01:00:00,2026-09-20 09:00:00,12-13,30,57,0,20,16.2,SW,264,NE,,,1,Cerah,Sunny,https://api-apps.bmkg.go.id/storage/icon/cuaca/cerah-am.svg,2026-09-20T01:00:00Z
73,73.71,73.71.05,73.71.05.1002,73.71.05.1002,Sulawesi Selatan,Kota Makassar,Wajo,Melayu,2026-09-19T12:00:00,2026-09-20 04:00:00,2026-09-20 12:00:00,15-16,30,63,0,21,18.1,SW,256,NE,,,1,Cerah,Sunny,https://api-apps.bmkg.go.id/storage/icon/cuaca/cerah-am.svg,2026-09-20T04:00:00Z
73,73.71,73.71.05,73.71.05.1002,73.71.05.1002,Sulawesi Selatan,Kota Makassar,Wajo,Melayu,2026-09-19T12:00:00,2026-09-20 07:00:00,2026-09-20 15:00:00,18-19,29,69,0,26,20,SW,260,NE,,,1,Cerah,Sunny,https://api-apps.bmkg.go.id/storage/icon/cuaca/cerah-am.svg,2026-09-20T07:00:00Z
73,73.71,73.71.05,73.71.05.1002,73.71.05.1002,Sulawesi Selatan,Kota Makassar,Wajo,Melayu,2026-09-19T12:00:00,2026-09-20 10:00:00,2026-09-20 18:00:00,21-22,28,78,0,9,2.4,W,312,E,,,0,Cerah,Sunny,https://api-apps.bmkg.go.id/storage/icon/cuaca/cerah-pm.svg,2026-09-20T10:00:00Z
73,73.71,73.71.05,73.71.05.1002,73.71.05.1002,Sulawesi Selatan,Kota Makassar,Wajo,Melayu,2026-09-19T12:00:00,2026-09-20 13:00:00,2026-09-20 21:00:00,24-25,28,68,0,0,10,N,41,S,,,0,Cerah,Sunny,https://api-apps.bmkg.go.id/storage/icon/cuaca/cerah-pm.svg,2026-09-20T13:00:00Z
73,73.71,73.71.05,73.71.05.1002,73.71.05.1002,Sulawesi Selatan,Kota Makassar,Wajo,Melayu,2026-09-19T12:00:00,2026-09-20 16:00:00,2026-09-21 00:00:00,27-28,27,69,0,1,1,N,20,S,,,0,Cerah,Sunny,https://api-apps.bmkg.go.id/storage/icon/cuaca/cerah-pm.svg,2026-09-20T16:00:00Z
73,73.71,73.71.05,73.71.05.1002,73.71.05.1002,Sulawesi Selatan,Kota Makassar,Wajo,Melayu,2026-09-19T12:00:00,2026-09-20 19:00:00,2026-09-21 03:00:00,30-31,27,70,0,8,9.1,NE,48,SW,,,0,Cerah,Sunny,https://api-apps.bmkg.go.id/storage/icon/cuaca/cerah-pm.svg,2026-09-20T19:00:00Z
73,73.71,73.71.05,73.71.05.1002,73.71.05.1002,Sulawesi Selatan,Kota Makassar,Wajo,Melayu,2026-09-19T12:00:00,2026-09-20 22:00:00,2026-09-21 06:00:00,33-34,27,69,0,59,5.5,E,121,W,,,1,Cerah,Sunny,https://api-apps.bmkg.go.id/storage/icon/cuaca/cerah-am.svg,2026-09-20T22:00:00Z
73,73.71,73.71.05,73.71.05.1002,73.71.05.1002,Sulawesi Selatan,Kota Makassar,Wajo,Melayu,2026-09-19T12:00:00,2026-09-21 01:00:00,2026-09-21 09:00:00,36-37,30,64,0,39,18.3,SW,243,NE,,,1,Cerah,Sunny,https://api-apps.bmkg.go.id/storage/icon/cuaca/cerah-am.svg,2026-09-21T01:00:00Z
73,73.71,73.71.05,73.71.05.1002,73.71.05.1002,Sulawesi Selatan,Kota Makassar,Wajo,Melayu,2026-09-19T12:00:00,2026-09-21 04:00:00,2026-09-21 12:00:00,39-40,30,68,0,21,20.3,SW,240,NE,,,1,Cerah,Sunny,https://api-apps.bmkg.go.id/storage/icon/cuaca/cerah-am.svg,2026-09-21T04:00:00Z
73,73.71,73.71.05,73.71.05.1002,73.71.05.1002,Sulawesi Selatan,Kota Makassar,Wajo,Melayu,2026-09-19T12:00:00,2026-09-21 07:00:00,2026-09-21 15:00:00,42-43,30,69,0,32,6.3,W,277,E,,,1,Cerah,Sunny,https://api-apps.bmkg.go.id/storage/icon/cuaca/cerah-am.svg,2026-09-21T07:00:00Z
73,73.71,73.71.05,73.71.05.1002,73.71.05.1002,Sulawesi Selatan,Kota Makassar,Wajo,Melayu,2026-09-19T12:00:00,2026-09-21 10:00:00,2026-09-21 18:00:00,45-46,30,70,0,25,13.6,N,26,S,,,1,Cerah,Sunny,https://api-apps.bmkg.go.id/storage/icon/cuaca/cerah-pm.svg,2026-09-21T10:00:00Z
73,73.71,73.71.05,73.71.05.1002,73.71.05.1002,Sulawesi Selatan,Kota Makassar,Wajo,Melayu,2026-09-19T12:00:00,2026-09-21 13:00:00,2026-09-21 21:00:00,48-49,29,58,0,41,1.7,SE,170,NW,,,1,Cerah,Sunny,https://api-apps.bmkg.go.id/storage/icon/cuaca/cerah-pm.svg,2026-09-21T13:00:00Z
73,73.71,73.71.05,73.71.05.1002,73.71.05.1002,Sulawesi Selatan,Kota Makassar,Wajo,Melayu,2026-09-19T12:00:00,2026-09-21 16:00:00,2026-09-22 00:00:00,51-52,27,68,0,49,6,NW,354,SE,,,1,Cerah,Sunny,https://api-apps.bmkg.go.id/storage/icon/cuaca/cerah-pm.svg,2026-09-21T16:00:00Z
73,73.71,73.71.05,73.71.05.1002,73.71.05.1002,Sulawesi Selatan,Kota Makassar,Wajo,Melayu,2026-09-19T12:00:00,2026-09-21 19:00:00,2026-09-22 03:00:00,54-55,27,66,0,37,8.3,NE,87,SW,,,1,Cerah,Sunny,https://api-apps.bmkg.go.id/storage/icon/cuaca/cerah-pm.svg,2026-09-21T19:00:00Z
73,73.71,73.71.05,73.71.05.1002,73.71.05.1002,Sulawesi Selatan,Kota Makassar,Wajo,Melayu,2026-09-19T12:00:00,2026-09-21 22:00:00,2026-09-22 06:00:00,57-58,27,69,0,3,2.9,N,12,S,,,0,Cerah,Sunny,https://api-apps.bmkg.go.id/storage/icon/cuaca/cerah-am.svg,2026-09-21T22:00:00Z
73,73.71,73.71.05,73.71.05.1003,73.71.05.1003,Sulawesi Selatan,Kota Makassar,Wajo,Butung,2026-09-19T12:00:00,2026-09-19 16:00:00,2026-09-20 00:00:00,3-4,27,72,0,2,6.1,N,13,S,,,0,Cerah,Sunny,https://api-apps.bmkg.go.id/storage/icon/cuaca/cerah-pm.svg,2026-09-19T16:00:00Z
73,73.71,73.71.05,73.71.05.1003,73.71.05.1003,Sulawesi Selatan,Kota Makassar,Wajo,Butung,2026-09-19T12:00:00,2026-09-19 19:00:00,2026-09-20 03:00:00,6-7,27,70,0,36,14.6,NE,55,SW,,,1,Cerah,Sunny,https://api-apps.bmkg.go.id/storage/icon/cuaca/cerah-pm.svg,2026-09-19T19:00:00Z
73,73.71,73.71.05,73.71.05.1003,73.71.05.1003,Sulawesi Selatan,Kota Makassar,Wajo,Butung,2026-09-19T12:00:00,2026-09-19 22:00:00,2026-09-20 06:00:00,9-10,27,66,0,5,6.1,E,96,W,,,0,Cerah,Sunny,https://api-apps.bmkg.go.id/storage/icon/cuaca/cerah-am.svg,2026-09-19T22:00:00Z
73,73.71,73.71.05,73.71.05.1003,73.71.05.1003,Sulawesi Selatan,Kota Makassar,Wajo,Butung,2026-09-19T12:00:00,2026-09-20 01:00:00,2026-09-20 09:00:00,12-13,29,62,0,18,16.2,SW,264,NE,,,1,Cerah,Sunny,https://api-apps.bmkg.go.id/storage/icon/cuaca/cerah-am.svg,2026-09-20T01:00:00Z
73,73.71,73.71.05,73.71.05.1003,73.71.05.1003,Sulawesi Selatan,Kota Makassar,Wajo,Butung,2026-09-19T12:00:00,2026-09-20 04:00:00,2026-09-20 12:00:00,15-16,29,68,0,18,18.1,SW,256,NE,,,1,Cerah,Sunny,https://api-apps.bmkg.go.id/storage/icon/cuaca/cerah-am.svg,2026-09-20T04:00:00Z
73,73.71,73.71.05,73.71.05.1003,73.71.05.1003,Sulawesi Selatan,Kota Makassar,Wajo,Butung,2026-09-19T12:00:00,2026-09-20 07:00:00,2026-09-20 15:00:00,18-19,28,74,0,22,20,SW,260,NE,,,1,Cerah,Sunny,https://api-apps.bmkg.go.id/storage/icon/cuaca/cerah-am.svg,2026-09-20T07:00:00Z
73,73.71,73.71.05,73.71.05.1003,73.71.05.1003,Sulawesi Selatan,Kota Makassar,Wajo,Butung,2026-09-19T12:00:00,2026-09-20 10:00:00,2026-09-20 18:00:00,21-22,28,81,0,7,2.4,W,312,E,,,0,Cerah,Sunny,https://api-apps.bmkg.go.id/storage/icon/cuaca/cerah-pm.svg,2026-09-20T10:00:00Z
73,73.71,73.71.05,73.71.05.1003,73.71.05.1003,Sulawesi Selatan,Kota Makassar,Wajo,Butung,2026-09-19T12:00:00,2026-09-20 13:00:00,2026-09-20 21:00:00,24-25,28,69,0,0,10,N,41,S,,,0,Cerah,Sunny,https://api-apps.bmkg.go.id/storage/icon/cuaca/cerah-pm.svg,2026-09-20T13:00:00Z
73,73.71,73.71.05,73.71.05.1003,73.71.05.1003,Sulawesi Selatan,Kota Makassar,Wajo,Butung,2026-09-19T12:00:00,2026-09-20 16:00:00,2026-09-21 00:00:00,27-28,27,69,0,2,1,N,20,S,,,0,Cerah,Sunny,https://api-apps.bmkg.go.id/storage/icon/cuaca/cerah-pm.svg,2026-09-20T16:00:00Z
73,73.71,73.71.05,73.71.05.1003,73.71.05.1003,Sulawesi Selatan,Kota Makassar,Wajo,Butung,2026-09-19T12:00:00,2026-09-20 19:00:00,2026-09-21 03:00:00,30-31,27,71,0,8,9.1,NE,48,SW,,,0,Cerah,Sunny,https://api-apps.bmkg.go.id/storage/icon/cuaca/cerah-pm.svg,2026-09-20T19:00:00Z
73,73.71,73.71.05,73.71.05.1003,73.71.05.1003,Sulawesi Selatan,Kota Makassar,Wajo,Butung,2026-09-19T12:00:00,2026-09-20 22:00:00,2026-09-21 06:00:00,33-34,27,70,0,65,5.5,E,121,W,,,2,Cerah Berawan,Partly Cloudy,https://api-apps.bmkg.go.id/storage/icon/cuaca/cerah berawan-am.svg,2026-09-20T22:00:00Z
73,73.71,73.71.05,73.71.05.1003,73.71.05.1003,Sulawesi Selatan,Kota Makassar,Wajo,Butung,2026-09-19T12:00:00,2026-09-21 01:00:00,2026-09-21 09:00:00,36-37,28,69,0,42,18.3,SW,243,NE,,,1,Cerah,Sunny,https://api-apps.bmkg.go.id/storage/icon/cuaca/cerah-am.svg,2026-09-21T01:00:00Z
73,73.71,73.71.05,73.71.05.1003,73.71.05.1003,Sulawesi Selatan,Kota Makassar,Wajo,Butung,2026-09-19T12:00:00,2026-09-21 04:00:00,2026-09-21 12:00:00,39-40,28,73,0,16,20.3,SW,240,NE,,,1,Cerah,Sunny,https://api-apps.bmkg.go.id/storage/icon/cuaca/cerah-am.svg,2026-09-21T04:00:00Z
73,73.71,73.71.05,73.71.05.1003,73.71.05.1003,Sulawesi Selatan,Kota Makassar,Wajo,Butung,2026-09-19T12:00:00,2026-09-21 07:00:00,2026-09-21 15:00:00,42-43,30,75,0,27,6.3,W,277,E,,,1,Cerah,Sunny,https://api-apps.bmkg.go.id/storage/icon/cuaca/cerah-am.svg,2026-09-21T07:00:00Z
73,73.71,73.71.05,73.71.05.1003,73.71.05.1003,Sulawesi Selatan,Kota Makassar,Wajo,Butung,2026-09-19T12:00:00,2026-09-21 10:00:00,2026-09-21 18:00:00,45-46,30,73,0,23,13.6,N,26,S,,,1,Cerah,Sunny,https://api-apps.bmkg.go.id/storage/icon/cuaca/cerah-pm.svg,2026-09-21T10:00:00Z
73,73.71,73.71.05,73.71.05.1003,73.71.05.1003,Sulawesi Selatan,Kota Makassar,Wajo,Butung,2026-09-19T12:00:00,2026-09-21 13:00:00,2026-09-21 21:00:00,48-49,29,60,0,37,1.7,SE,170,NW,,,1,Cerah,Sunny,https://api-apps.bmkg.go.id/storage/icon/cuaca/cerah-pm.svg,2026-09-21T13:00:00Z
73,73.71,73.71.05,73.71.05.1003,73.71.05.1003,Sulawesi Selatan,Kota Makassar,Wajo,Butung,2026-09-19T12:00:00,2026-09-21 16:00:00,2026-09-22 00:00:00,51-52,28,71,0,50,6,NW,354,SE,,,1,Cerah,Sunny,https://api-apps.bmkg.go.id/storage/icon/cuaca/cerah-pm.svg,2026-09-21T16:00:00Z
73,73.71,73.71.05,73.71.05.1003,73.71.05.1003,Sulawesi Selatan,Kota Makassar,Wajo,Butung,2026-09-19T12:00:00,2026-09-21 19:00:00,2026-09-22 03:00:00,54-55,27,66,0,35,8.3,NE,87,SW,,,1,Cerah,Sunny,https://api-apps.bmkg.go.id/storage/icon/cuaca/cerah-pm.svg,2026-09-21T19:00:00Z
73,73.71,73.71.05,73.71.05.1003,73.71.05.1003,Sulawesi Selatan,Kota Makassar,Wajo,Butung,2026-09-19T12:00:00,2026-09-21 22:00:00,2026-09-22 06:00:00,57-58,27,70,0,3,2.9,N,12,S,,,0,Cerah,Sunny,https://api-apps.bmkg.go.id/storage/icon/cuaca/cerah-am.svg,2026-09-21T22:00:00Z
73,73.71,73.71.05,73.71.05.1004,73.71.05.1004,Sulawesi Selatan,Kota Makassar,Wajo,Malimongan Tua,2026-09-19T12:00:00,2026-09-19 15:00:00,2026-09-19 23:00:00,2-3,27,67,0,48,4.3,S,184,N,,,1,Cerah,Sunny,https://api-apps.bmkg.go.id/storage/icon/cuaca/cerah-pm.svg,2026-09-19T15:00:00Z
73,73.71,73.71.05,73.71.05.1004,73.71.05.1004,Sulawesi Selatan,Kota Makassar,Wajo,Malimongan Tua,2026-09-19T12:00:00,2026-09-19 18:00:00,2026-09-20 02:00:00,5-6,27,66,0,10,6.1,N,13,S,,,1,Cerah,Sunny,https://api-apps.bmkg.go.id/storage/icon/cuaca/cerah-pm.svg,2026-09-19T18:00:00Z
73,73.71,73.71.05,73.71.05.1004,73.71.05.1004,Sulawesi Selatan,Kota Makassar,Wajo,Malimongan Tua,2026-09-19T12:00:00,2026-09-19 21:00:00,2026-09-20 05:00:00,8-9,26,69,0,6,14.6,NE,55,SW,,,0,Cerah,Sunny,https://api-apps.bmkg.go.id/storage/icon/cuaca/cerah-pm.svg,2026-09-19T21:00:00Z
73,73.71,73.71.05,73.71.05.1004,73.71.05.1004,Sulawesi Selatan,Kota Makassar,Wajo,Malimongan Tua,2026-09-19T12:00:00,2026-09-20 00:00:00,2026-09-20 08:00:00,11-12,30,55,0,23,6.1,E,96,W,,,1,Cerah,Sunny,https://api-apps.bmkg.go.id/storage/icon/cuaca/cerah-am.svg,2026-09-20T00:00:00Z
73,73.71,73.71.05,73.71.05.1004,73.71.05.1004,Sulawesi Selatan,Kota Makassar,Wajo,Malimongan Tua,2026-09-19T12:00:00,2026-09-20 03:00:00,2026-09-20 11:00:00,14-15,29,65,0,26,16.2,SW,264,NE,,,1,Cerah,Sunny,https://api-apps.bmkg.go.id/storage/icon/cuaca/cerah-am.svg,2026-09-20T03:00:00Z
73,73.71,73.71.05,73.71.05.1004,73.71.05.1004,Sulawesi Selatan,Kota Makassar,Wajo,Malimongan Tua,2026-09-19T12:00:00,2026-09-20 06:00:00,2026-09-20 14:00:00,17-18,29,66,0,28,18.1,SW,256,NE,,,1,Cerah,Sunny,https://api-apps.bmkg.go.id/storage/icon/cuaca/cerah-am.svg,2026-09-20T06:00:00Z
73,73.71,73.71.05,73.71.05.1004,73.71.05.1004,Sulawesi Selatan,Kota Makassar,Wajo,Malimongan Tua,2026-09-19T12:00:00,2026-09-20 09:00:00,2026-09-20 17:00:00,20-21,28,76,0,21,20,SW,260,NE,,,1,Cerah,Sunny,https://api-apps.bmkg.go.id/storage/icon/cuaca/cerah-am.svg,2026-09-20T09:00:00Z
73,73.71,73.71.05,73.71.05.1004,73.71.05.1004,Sulawesi Selatan,Kota Makassar,Wajo,Malimongan Tua,2026-09-19T12:00:00,2026-09-20 12:00:00,2026-09-20 20:00:00,23-24,28,76,0,0,2.4,W,312,E,,,0,Cerah,Sunny,https://api-apps.bmkg.go.id/storage/icon/cuaca/cerah-pm.svg,2026-09-20T12:00:00Z
73,73.71,73.71.05,73.71.05.1004,73.71.05.1004,Sulawesi Selatan,Kota Makassar,Wajo,Malimongan Tua,2026-09-19T12:00:00,2026-09-20 15:00:00,2026-09-20 23:00:00,26-27,27,67,0,0,10,N,41,S,,,0,Cerah,Sunny,https://api-apps.bmkg.go.id/storage/icon/cuaca/cerah-pm.svg,2026-09-20T15:00:00Z
73,73.71,73.71.05,73.71.05.1004,73.71.05.1004,Sulawesi Selatan,Kota Makassar,Wajo,Malimongan Tua,2026-09-19T12:00:00,2026-09-20 18:00:00,2026-09-21 02:00:00,29-30,27,70,0,0,1,N,20,S,,,0,Cerah,Sunny,https://api-apps.bmkg.go.id/storage/icon/cuaca/cerah-pm.svg,2026-09-20T18:00:00Z
73,73.71,73.71.05,73.71.05.1004,73.71.05.1004,Sulawesi Selatan,Kota Makassar,Wajo,Malimongan Tua,2026-09-19T12:00:00,2026-09-20 21:00:00,2026-09-21 05:00:00,32-33,26,73,0,63,9.1,NE,48,SW,,,2,Cerah Berawan,Partly Cloudy,https://api-apps.bmkg.go.id/storage/icon/cuaca/cerah berawan-pm.svg,2026-09-20T21:00:00Z
73,73.71,73.71.05,73.71.05.1004,73.71.05.1004,Sulawesi Selatan,Kota Makassar,Wajo,Malimongan Tua,2026-09-19T12:00:00,2026-09-21 00:00:00,2026-09-21 08:00:00,35-36,29,62,0,37,5.5,E,121,W,,,1,Cerah,Sunny,https://api-apps.bmkg.go.id/storage/icon/cuaca/cerah-am.svg,2026-09-21T00:00:00Z
73,73.71,73.71.05,73.71.05.1004,73.71.05.1004,Sulawesi Selatan,Kota Makassar,Wajo,Malimongan Tua,2026-09-19T12:00:00,2026-09-21 03:00:00,2026-09-21 11:00:00,38-39,30,69,0,16,18.3,SW,243,NE,,,1,Cerah,Sunny,https://api-apps.bmkg.go.id/storage/icon/cuaca/cerah-am.svg,2026-09-21T03:00:00Z
73,73.71,73.71.05,73.71.05.1004,73.71.05.1004,Sulawesi Selatan,Kota Makassar,Wajo,Malimongan Tua,2026-09-19T12:00:00,2026-09-21 06:00:00,2026-09-21 14:00:00,41-42,30,69,0,31,20.3,SW,240,NE,,,1,Cerah,Sunny,https://api-apps.bmkg.go.id/storage/icon/cuaca/cerah-am.svg,2026-09-21T06:00:00Z
73,73.71,73.71.05,73.71.05.1004,73.71.05.1004,Sulawesi Selatan,Kota Makassar,Wajo,Malimongan Tua,2026-09-19T12:00:00,2026-09-21 09:00:00,2026-09-21 17:00:00,44-45,30,74,0,22,6.3,W,277,E,,,1,Cerah,Sunny,https://api-apps.bmkg.go.id/storage/icon/cuaca/cerah-am.svg,2026-09-21T09:00:00Z
73,73.71,73.71.05,73.71.05.1004,73.71.05.1004,Sulawesi Selatan,Kota Makassar,Wajo,Malimongan Tua,2026-09-19T12:00:00,2026-09-21 12:00:00,2026-09-21 20:00:00,47-48,29,57,0,3,13.6,N,26,S,,,0,Cerah,Sunny,https://api-apps.bmkg.go.id/storage/icon/cuaca/cerah-pm.svg,2026-09-21T12:00:00Z
73,73.71,73.71.05,73.71.05.1004,73.71.05.1004,Sulawesi Selatan,Kota Makassar,Wajo,Malimongan Tua,2026-09-19T12:00:00,2026-09-21 15:00:00,2026-09-21 23:00:00,50-51,28,66,0,85,1.7,SE,170,NW,,,2,Cerah Berawan,Partly Cloudy,https://api-apps.bmkg.go.id/storage/icon/cuaca/cerah berawan-pm.svg,2026-09-21T15:00:00Z
73,73.71,73.71.05,73.71.05.1005,73.71.05.1005,Sulawesi Selatan,Kota Makassar,Wajo,Ende,2026-09-19T12:00:00,2026-09-19 16:00:00,2026-09-20 00:00:00,3-4,27,72,0,2,6.1,N,13,S,,,0,Cerah,Sunny,https://api-apps.bmkg.go.id/storage/icon/cuaca/cerah-pm.svg,2026-09-19T16:00:00Z
73,73.71,73.71.05,73.71.05.1005,73.71.05.1005,Sulawesi Selatan,Kota Makassar,Wajo,Ende,2026-09-19T12:00:00,2026-09-19 19:00:00,2026-09-20 03:00:00,6-7,27,70,0,36,14.6,NE,55,SW,,,1,Cerah,Sunny,https://api-apps.bmkg.go.id/storage/icon/cuaca/cerah-pm.svg,2026-09-19T19:00:00Z
73,73.71,73.71.05,73.71.05.1005,73.71.05.1005,Sulawesi Selatan,Kota Makassar,Wajo,Ende,2026-09-19T12:00:00,2026-09-19 22:00:00,2026-09-20 06:00:00,9-10,27,66,0,5,6.1,E,96,W,,,0,Cerah,Sunny,https://api-apps.bmkg.go.id/storage/icon/cuaca/cerah-am.svg,2026-09-19T22:00:00Z
73,73.71,73.71.05,73.71.05.1005,73.71.05.1005,Sulawesi Selatan,Kota Makassar,Wajo,Ende,2026-09-19T12:00:00,2026-09-20 01:00:00,2026-09-20 09:00:00,12-13,29,62,0,18,16.2,SW,264,NE,,,1,Cerah,Sunny,https://api-apps.bmkg.go.id/storage/icon/cuaca/cerah-am.svg,2026-09-20T01:00:00Z
73,73.71,73.71.05,73.71.05.1005,73.71.05.1005,Sulawesi Selatan,Kota Makassar,Wajo,Ende,2026-09-19T12:00:00,2026-09-20 04:00:00,2026-09-20 12:00:00,15-16,29,68,0,18,18.1,SW,256,NE,,,1,Cerah,Sunny,https://api-apps.bmkg.go.id/storage/icon/cuaca/cerah-am.svg,2026-09-20T04:00:00Z
73,73.71,73.71.05,73.71.05.1005,73.71.05.1005,Sulawesi Selatan,Kota Makassar,Wajo,Ende,2026-09-19T12:00:00,2026-09-20 07:00:00,2026-09-20 15:00:00,18-19,28,74,0,22,20,SW,260,NE,,,1,Cerah,Sunny,https://api-apps.bmkg.go.id/storage/icon/cuaca/cerah-am.svg,2026-09-20T07:00:00Z
73,73.71,73.71.05,73.71.05.1005,73.71.05.1005,Sulawesi Selatan,Kota Makassar,Wajo,Ende,2026-09-19T12:00:00,2026-09-20 10:00:00,2026-09-20 18:00:00,21-22,28,81,0,7,2.4,W,312,E,,,0,Cerah,Sunny,https://api-apps.bmkg.go.id/storage/icon/cuaca/cerah-pm.svg,2026-09-20T10:00:00Z
73,73.71,73.71.05,73.71.05.1005,73.71.05.1005,Sulawesi Selatan,Kota Makassar,Wajo,Ende,2026-09-19T12:00:00,2026-09-20 13:00:00,2026-09-20 21:00:00,24-25,28,69,0,0,10,N,41,S,,,0,Cerah,Sunny,https://api-apps.bmkg.go.id/storage/icon/cuaca/cerah-pm.svg,2026-09-20T13:00:00Z
73,73.71,73.71.05,73.71.05.1005,73.71.05.1005,Sulawesi Selatan,Kota Makassar,Wajo,Ende,2026-09-19T12:00:00,2026-09-20 16:00:00,2026-09-21 00:00:00,27-28,27,69,0,2,1,N,20,S,,,0,Cerah,Sunny,https://api-apps.bmkg.go.id/storage/icon/cuaca/cerah-pm.svg,2026-09-20T16:00:00Z
73,73.71,73.71.05,73.71.05.1005,73.71.05.1005,Sulawesi Selatan,Kota Makassar,Wajo,Ende,2026-09-19T12:00:00,2026-09-20 19:00:00,2026-09-21 03:00:00,30-31,27,71,0,8,9.1,NE,48,SW,,,0,Cerah,Sunny,https://api-apps.bmkg.go.id/storage/icon/cuaca/cerah-pm.svg,2026-09-20T19:00:00Z
73,73.71,73.71.05,73.71.05.1005,73.71.05.1005,Sulawesi Selatan,Kota Makassar,Wajo,Ende,2026-09-19T12:00:00,2026-09-20 22:00:00,2026-09-21 06:00:00,33-34,27,70,0,65,5.5,E,121,W,,,2,Cerah Berawan,Partly Cloudy,https://api-apps.bmkg.go.id/storage/icon/cuaca/cerah berawan-am.svg,2026-09-20T22:00:00Z
73,73.71,73.71.05,73.71.05.1005,73.71.05.1005,Sulawesi Selatan,Kota Makassar,Wajo,Ende,2026-09-19T12:00:00,2026-09-21 01:00:00,2026-09-21 09:00:00,36-37,28,69,0,42,18.3,SW,243,NE,,,1,Cerah,Sunny,https://api-apps.bmkg.go.id/storage/icon/cuaca/cerah-am.svg,2026-09-21T01:00:00Z
73,73.71,73.71.05,73.71.05.1005,73.71.05.1005,Sulawesi Selatan,Kota Makassar,Wajo,Ende,2026-09-19T12:00:00,2026-09-21 04:00:00,2026-09-21 12:00:00,39-40,28,73,0,16,20.3,SW,240,NE,,,1,Cerah,Sunny,https://api-apps.bmkg.go.id/storage/icon/cuaca/cerah-am.svg,2026-09-21T04:00:00Z
73,73.71,73.71.05,73.71.05.1005,73.71.05.1005,Sulawesi Selatan,Kota Makassar,Wajo,Ende,2026-09-19T12:00:00,2026-09-21 07:00:00,2026-09-21 15:00:00,42-43,30,75,0,27,6.3,W,277,E,,,1,Cerah,Sunny,https://api-apps.bmkg.go.id/storage/icon/cuaca/cerah-am.svg,2026-09-21T07:00:00Z
73,73.71,73.71.05,73.71.05.1005,73.71.05.1005,Sulawesi Selatan,Kota Makassar,Wajo,Ende,2026-09-19T12:00:00,2026-09-21 10:00:00,2026-09-21 18:00:00,45-46,30,73,0,23,13.6,N,26,S,,,1,Cerah,Sunny,https://api-apps.bmkg.go.id/storage/icon/cuaca/cerah-pm.svg,2026-09-21T10:00:00Z
73,73.71,73.71.05,73.71.05.1005,73.71.05.1005,Sulawesi Selatan,Kota Makassar,Wajo,Ende,2026-09-19T12:00:00,2026-09-21 13:00:00,2026-09-21 21:00:00,48-49,29,60,0,37,1.7,SE,170,NW,,,1,Cerah,Sunny,https://api-apps.bmkg.go.id/storage/icon/cuaca/cerah-pm.svg,2026-09-21T13:00:00Z
73,73.71,73.71.05,73.71.05.1005,73.71.05.1005,Sulawesi Selatan,Kota Makassar,Wajo,Ende,2026-09-19T12:00:00,2026-09-21 16:00:00,2026-09-22 00:00:00,51-52,28,71,0,50,6,NW,354,SE,,,1,Cerah,Sunny,https://api-apps.bmkg.go.id/storage/icon/cuaca/cerah-pm.svg,2026-09-21T16:00:00Z
73,73.71,73.71.05,73.71.05.1005,73.71.05.1005,Sulawesi Selatan,Kota Makassar,Wajo,Ende,2026-09-19T12:00:00,2026-09-21 19:00:00,2026-09-22 03:00:00,54-55,27,66,0,35,8.3,NE,87,SW,,,1,Cerah,Sunny,https://api-apps.bmkg.go.id/storage/icon/cuaca/cerah-pm.svg,2026-09-21T19:00:00Z
73,73.71,73.71.05,73.71.05.1005,73.71.05.1005,Sulawesi Selatan,Kota Makassar,Wajo,Ende,2026-09-19T12:00:00,2026-09-21 22:00:00,2026-09-22 06:00:00,57-58,27,70,0,3,2.9,N,12,S,,,0,Cerah,Sunny,https://api-apps.bmkg.go.id/storage/icon/cuaca/cerah-am.svg,2026-09-21T22:00:00Z
73,73.71,73.71.05,73.71.05.1006,73.71.05.1006,Sulawesi Selatan,Kota Makassar,Wajo,Mampu,2026-09-19T12:00:00,2026-09-19 16:00:00,2026-09-20 00:00:00,3-4,27,72,0,2,6.1,N,13,S,,,0,Cerah,Sunny,https://api-apps.bmkg.go.id/storage/icon/cuaca/cerah-pm.svg,2026-09-19T16:00:00Z
73,73.71,73.71.05,73.71.05.1006,73.71.05.1006,Sulawesi Selatan,Kota Makassar,Wajo,Mampu,2026-09-19T12:00:00,2026-09-19 19:00:00,2026-09-20 03:00:00,6-7,27,70,0,36,14.6,NE,55,SW,,,1,Cerah,Sunny,https://api-apps.bmkg.go.id/storage/icon/cuaca/cerah-pm.svg,2026-09-19T19:00:00Z
73,73.71,73.71.05,73.71.05.1006,73.71.05.1006,Sulawesi Selatan,Kota Makassar,Wajo,Mampu,2026-09-19T12:00:00,2026-09-19 22:00:00,2026-09-20 06:00:00,9-10,27,66,0,5,6.1,E,96,W,,,0,Cerah,Sunny,https://api-apps.bmkg.go.id/storage/icon/cuaca/cerah-am.svg,2026-09-19T22:00:00Z
73,73.71,73.71.05,73.71.05.1006,73.71.05.1006,Sulawesi Selatan,Kota Makassar,Wajo,Mampu,2026-09-19T12:00:00,2026-09-20 01:00:00,2026-09-20 09:00:00,12-13,29,62,0,18,16.2,SW,264,NE,,,1,Cerah,Sunny,https://api-apps.bmkg.go.id/storage/icon/cuaca/cerah-am.svg,2026-09-20T01:00:00Z
73,73.71,73.71.05,73.71.05.1006,73.71.05.1006,Sulawesi Selatan,Kota Makassar,Wajo,Mampu,2026-09-19T12:00:00,2026-09-20 04:00:00,2026-09-20 12:00:00,15-16,29,68,0,18,18.1,SW,256,NE,,,1,Cerah,Sunny,https://api-apps.bmkg.go.id/storage/icon/cuaca/cerah-am.svg,2026-09-20T04:00:00Z
73,73.71,73.71.05,73.71.05.1006,73.71.05.1006,Sulawesi Selatan,Kota Makassar,Wajo,Mampu,2026-09-19T12:00:00,2026-09-20 07:00:00,2026-09-20 15:00:00,18-19,28,74,0,22,20,SW,260,NE,,,1,Cerah,Sunny,https://api-apps.bmkg.go.id/storage/icon/cuaca/cerah-am.svg,2026-09-20T07:00:00Z
73,73.71,73.71.05,73.71.05.1006,73.71.05.1006,Sulawesi Selatan,Kota Makassar,Wajo,Mampu,2026-09-19T12:00:00,2026-09-20 10:00:00,2026-09-20 18:00:00,21-22,28,81,0,7,2.4,W,312,E,,,0,Cerah,Sunny,https://api-apps.bmkg.go.id/storage/icon/cuaca/cerah-pm.svg,2026-09-20T10:00:00Z
73,73.71,73.71.05,73.71.05.1006,73.71.05.1006,Sulawesi Selatan,Kota Makassar,Wajo,Mampu,2026-09-19T12:00:00,2026-09-20 13:00:00,2026-09-20 21:00:00,24-25,28,69,0,0,10,N,41,S,,,0,Cerah,Sunny,https://api-apps.bmkg.go.id/storage/icon/cuaca/cerah-pm.svg,2026-09-20T13:00:00Z
73,73.71,73.71.05,73.71.05.1006,73.71.05.1006,Sulawesi Selatan,Kota Makassar,Wajo,Mampu,2026-09-19T12:00:00,2026-09-20 16:00:00,2026-09-21 00:00:00,27-28,27,69,0,2,1,N,20,S,,,0,Cerah,Sunny,https://api-apps.bmkg.go.id/storage/icon/cuaca/cerah-pm.svg,2026-09-20T16:00:00Z
73,73.71,73.71.05,73.71.05.1006,73.71.05.1006,Sulawesi Selatan,Kota Makassar,Wajo,Mampu,2026-09-19T12:00:00,2026-09-20 19:00:00,2026-09-21 03:00:00,30-31,27,71,0,8,9.1,NE,48,SW,,,0,Cerah,Sunny,https://api-apps.bmkg.go.id/storage/icon/cuaca/cerah-pm.svg,2026-09-20T19:00:00Z
73,73.71,73.71.05,73.71.05.1006,73.71.05.1006,Sulawesi Selatan,Kota Makassar,Wajo,Mampu,2026-09-19T12:00:00,2026-09-20 22:00:00,2026-09-21 06:00:00,33-34,27,70,0,65,5.5,E,121,W,,,2,Cerah Berawan,Partly Cloudy,https://api-apps.bmkg.go.id/storage/icon/cuaca/cerah berawan-am.svg,2026-09-20T22:00:00Z
73,73.71,73.71.05,73.71.05.1006,73.71.05.1006,Sulawesi Selatan,Kota Makassar,Wajo,Mampu,2026-09-19T12:00:00,2026-09-21 01:00:00,2026-09-21 09:00:00,36-37,28,69,0,42,18.3,SW,243,NE,,,1,Cerah,Sunny,https://api-apps.bmkg.go.id/storage/icon/cuaca/cerah-am.svg,2026-09-21T01:00:00Z
73,73.71,73.71.05,73.71.05.1006,73.71.05.1006,Sulawesi Selatan,Kota Makassar,Wajo,Mampu,2026-09-19T12:00:00,2026-09-21 04:00:00,2026-09-21 12:00:00,39-40,28,73,0,16,20.3,SW,240,NE,,,1,Cerah,Sunny,https://api-apps.bmkg.go.id/storage/icon/cuaca/cerah-am.svg,2026-09-21T04:00:00Z
73,73.71,73.71.05,73.71.05.1006,73.71.05.1006,Sulawesi Selatan,Kota Makassar,Wajo,Mampu,2026-09-19T12:00:00,2026-09-21 07:00:00,2026-09-21 15:00:00,42-43,30,75,0,27,6.3,W,277,E,,,1,Cerah,Sunny,https://api-apps.bmkg.go.id/storage/icon/cuaca/cerah-am.svg,2026-09-21T07:00:00Z
73,73.71,73.71.05,73.71.05.1006,73.71.05.1006,Sulawesi Selatan,Kota Makassar,Wajo,Mampu,2026-09-19T12:00:00,2026-09-21 10:00:00,2026-09-21 18:00:00,45-46,30,73,0,23,13.6,N,26,S,,,1,Cerah,Sunny,https://api-apps.bmkg.go.id/storage/icon/cuaca/cerah-pm.svg,2026-09-21T10:00:00Z
73,73.71,73.71.05,73.71.05.1006,73.71.05.1006,Sulawesi Selatan,Kota Makassar,Wajo,Mampu,2026-09-19T12:00:00,2026-09-21 13:00:00,2026-09-21 21:00:00,48-49,29,60,0,37,1.7,SE,170,NW,,,1,Cerah,Sunny,https://api-apps.bmkg.go.id/storage/icon/cuaca/cerah-pm.svg,2026-09-21T13:00:00Z
73,73.71,73.71.05,73.71.05.1006,73.71.05.1006,Sulawesi Selatan,Kota Makassar,Wajo,Mampu,2026-09-19T12:00:00,2026-09-21 16:00:00,2026-09-22 00:00:00,51-52,28,71,0,50,6,NW,354,SE,,,1,Cerah,Sunny,https://api-apps.bmkg.go.id/storage/icon/cuaca/cerah-pm.svg,2026-09-21T16:00:00Z
73,73.71,73.71.05,73.71.05.1006,73.71.05.1006,Sulawesi Selatan,Kota Makassar,Wajo,Mampu,2026-09-19T12:00:00,2026-09-21 19:00:00,2026-09-22 03:00:00,54-55,27,66,0,35,8.3,NE,87,SW,,,1,Cerah,Sunny,https://api-apps.bmkg.go.id/storage/icon/cuaca/cerah-pm.svg,2026-09-21T19:00:00Z
73,73.71,73.71.05,73.71.05.1006,73.71.05.1006,Sulawesi Selatan,Kota Makassar,Wajo,Mampu,2026-09-19T12:00:00,2026-09-21 22:00:00,2026-09-22 06:00:00,57-58,27,70,0,3,2.9,N,12,S,,,0,Cerah,Sunny,https://api-apps.bmkg.go.id/storage/icon/cuaca/cerah-am.svg,2026-09-21T22:00:00Z
73,73.71,73.71.05,73.71.05.1007,73.71.05.1007,Sulawesi Selatan,Kota Makassar,Wajo,Malimongan,2026-09-19T12:00:00,2026-09-19 16:00:00,2026-09-20 00:00:00,3-4,27,67,0,2,6.1,N,13,S,,,0,Cerah,Sunny,https://api-apps.bmkg.go.id/storage/icon/cuaca/cerah-pm.svg,2026-09-19T16:00:00Z
73,73.71,73.71.05,73.71.05.1007,73.71.05.1007,Sulawesi Selatan,Kota Makassar,Wajo,Malimongan,2026-09-19T12:00:00,2026-09-19 19:00:00,2026-09-20 03:00:00,6-7,27,69,0,38,14.6,NE,55,SW,,,1,Cerah,Sunny,https://api-apps.bmkg.go.id/storage/icon/cuaca/cerah-pm.svg,2026-09-19T19:00:00Z
73,73.71,73.71.05,73.71.05.1007,73.71.05.1007,Sulawesi Selatan,Kota Makassar,Wajo,Malimongan,2026-09-19T12:00:00,2026-09-19 22:00:00,2026-09-20 06:00:00,9-10,27,66,0,5,6.1,E,96,W,,,0,Cerah,Sunny,https://api-apps.bmkg.go.id/storage/icon/cuaca/cerah-am.svg,2026-09-19T22:00:00Z
73,73.71,73.71.05,73.71.05.1007,73.71.05.1007,Sulawesi Selatan,Kota Makassar,Wajo,Malimongan,2026-09-19T12:00:00,2026-09-20 01:00:00,2026-09-20 09:00:00,12-13,30,57,0,20,16.2,SW,264,NE,,,1,Cerah,Sunny,https://api-apps.bmkg.go.id/storage/icon/cuaca/cerah-am.svg,2026-09-20T01:00:00Z
73,73.71,73.71.05,73.71.05.1007,73.71.05.1007,Sulawesi Selatan,Kota Makassar,Wajo,Malimongan,2026-09-19T12:00:00,2026-09-20 04:00:00,2026-09-20 12:00:00,15-16,30,63,0,21,18.1,SW,256,NE,,,1,Cerah,Sunny,https://api-apps.bmkg.go.id/storage/icon/cuaca/cerah-am.svg,2026-09-20T04:00:00Z
73,73.71,73.71.05,73.71.05.1007,73.71.05.1007,Sulawesi Selatan,Kota Makassar,Wajo,Malimongan,2026-09-19T12:00:00,2026-09-20 07:00:00,2026-09-20 15:00:00,18-19,29,69,0,26,20,SW,260,NE,,,1,Cerah,Sunny,https://api-apps.bmkg.go.id/storage/icon/cuaca/cerah-am.svg,2026-09-20T07:00:00Z
73,73.71,73.71.05,73.71.05.1007,73.71.05.1007,Sulawesi Selatan,Kota Makassar,Wajo,Malimongan,2026-09-19T12:00:00,2026-09-20 10:00:00,2026-09-20 18:00:00,21-22,28,78,0,9,2.4,W,312,E,,,0,Cerah,Sunny,https://api-apps.bmkg.go.id/storage/icon/cuaca/cerah-pm.svg,2026-09-20T10:00:00Z
73,73.71,73.71.05,73.71.05.1007,73.71.05.1007,Sulawesi Selatan,Kota Makassar,Wajo,Malimongan,2026-09-19T12:00:00,2026-09-20 13:00:00,2026-09-20 21:00:00,24-25,28,68,0,0,10,N,41,S,,,0,Cerah,Sunny,https://api-apps.bmkg.go.id/storage/icon/cuaca/cerah-pm.svg,2026-09-20T13:00:00Z
73,73.71,73.71.05,73.71.05.1007,73.71.05.1007,Sulawesi Selatan,Kota Makassar,Wajo,Malimongan,2026-09-19T12:00:00,2026-09-20 16:00:00,2026-09-21 00:00:00,27-28,27,69,0,1,1,N,20,S,,,0,Cerah,Sunny,https://api-apps.bmkg.go.id/storage/icon/cuaca/cerah-pm.svg,2026-09-20T16:00:00Z
73,73.71,73.71.05,73.71.05.1007,73.71.05.1007,Sulawesi Selatan,Kota Makassar,Wajo,Malimongan,2026-09-19T12:00:00,2026-09-20 19:00:00,2026-09-21 03:00:00,30-31,27,70,0,8,9.1,NE,48,SW,,,0,Cerah,Sunny,https://api-apps.bmkg.go.id/storage/icon/cuaca/cerah-pm.svg,2026-09-20T19:00:00Z
73,73.71,73.71.05,73.71.05.1007,73.71.05.1007,Sulawesi Selatan,Kota Makassar,Wajo,Malimongan,2026-09-19T12:00:00,2026-09-20 22:00:00,2026-09-21 06:00:00,33-34,27,69,0,59,5.5,E,121,W,,,1,Cerah,Sunny,https://api-apps.bmkg.go.id/storage/icon/cuaca/cerah-am.svg,2026-09-20T22:00:00Z
73,73.71,73.71.05,73.71.05.1007,73.71.05.1007,Sulawesi Selatan,Kota Makassar,Wajo,Malimongan,2026-09-19T12:00:00,2026-09-21 01:00:00,2026-09-21 09:00:00,36-37,30,64,0,39,18.3,SW,243,NE,,,1,Cerah,Sunny,https://api-apps.bmkg.go.id/storage/icon/cuaca/cerah-am.svg,2026-09-21T01:00:00Z
73,73.71,73.71.05,73.71.05.1007,73.71.05.1007,Sulawesi Selatan,Kota Makassar,Wajo,Malimongan,2026-09-19T12:00:00,2026-09-21 04:00:00,2026-09-21 12:00:00,39-40,30,68,0,21,20.3,SW,240,NE,,,1,Cerah,Sunny,https://api-apps.bmkg.go.id/storage/icon/cuaca/cerah-am.svg,2026-09-21T04:00:00Z
73,73.71,73.71.05,73.71.05.1007,73.71.05.1007,Sulawesi Selatan,Kota Makassar,Wajo,Malimongan,2026-09-19T12:00:00,2026-09-21 07:00:00,2026-09-21 15:00:00,42-43,30,69,0,32,6.3,W,277,E,,,1,Cerah,Sunny,https://api-apps.bmkg.go.id/storage/icon/cuaca/cerah-am.svg,2026-09-21T07:00:00Z
73,73.71,73.71.05,73.71.05.1007,73.71.05.1007,Sulawesi Selatan,Kota Makassar,Wajo,Malimongan,2026-09-19T12:00:00,2026-09-21 10:00:00,2026-09-21 18:00:00,45-46,30,70,0,25,13.6,N,26,S,,,1,Cerah,Sunny,https://api-apps.bmkg.go.id/storage/icon/cuaca/cerah-pm.svg,2026-09-21T10:00:00Z
73,73.71,73.71.05,73.71.05.1007,73.71.05.1007,Sulawesi Selatan,Kota Makassar,Wajo,Malimongan,2026-09-19T12:00:00,2026-09-21 13:00:00,2026-09-21 21:00:00,48-49,29,58,0,41,1.7,SE,170,NW,,,1,Cerah,Sunny,https://api-apps.bmkg.go.id/storage/icon/cuaca/cerah-pm.svg,2026-09-21T13:00:00Z
73,73.71,73.71.05,73.71.05.1007,73.71.05.1007,Sulawesi Selatan,Kota Makassar,Wajo,Malimongan,2026-09-19T12:00:00,2026-09-21 16:00:00,2026-09-22 00:00:00,51-52,27,68,0,49,6,NW,354,SE,,,1,Cerah,Sunny,https://api-apps.bmkg.go.id/storage/icon/cuaca/cerah-pm.svg,2026-09-21T16:00:00Z
73,73.71,73.71.05,73.71.05.1007,73.71.05.1007,Sulawesi Selatan,Kota Makassar,Wajo,Malimongan,2026-09-19T12:00:00,2026-09-21 19:00:00,2026-09-22 03:00:00,54-55,27,66,0,37,8.3,NE,87,SW,,,1,Cerah,Sunny,https://api-apps.bmkg.go.id/storage/icon/cuaca/cerah-pm.svg,2026-09-21T19:00:00Z
73,73.71,73.71.05,73.71.05.1007,73.71.05.1007,Sulawesi Selatan,Kota Makassar,Wajo,Malimongan,2026-09-19T12:00:00,2026-09-21 22:00:00,2026-09-22 06:00:00,57-58,27,69,0,3,2.9,N,12,S,,,0,Cerah,Sunny,https://api-apps.bmkg.go.id/storage/icon/cuaca/cerah-am.svg,2026-09-21T22:00:00Z
73,73.71,73.71.05,73.71.05.1008,73.71.05.1008,Sulawesi Selatan,Kota Makassar,Wajo,Melayu Baru,2026-09-19T12:00:00,2026-09-19 16:00:00,2026-09-20 00:00:00,3-4,27,72,0,2,6.1,N,13,S,,,0,Cerah,Sunny,https://api-apps.bmkg.go.id/storage/icon/cuaca/cerah-pm.svg,2026-09-19T16:00:00Z
73,73.71,73.71.05,73.71.05.1008,73.71.05.1008,Sulawesi Selatan,Kota Makassar,Wajo,Melayu Baru,2026-09-19T12:00:00,2026-09-19 19:00:00,2026-09-20 03:00:00,6-7,27,70,0,36,14.6,NE,55,SW,,,1,Cerah,Sunny,https://api-apps.bmkg.go.id/storage/icon/cuaca/cerah-pm.svg,2026-09-19T19:00:00Z
73,73.71,73.71.05,73.71.05.1008,73.71.05.1008,Sulawesi Selatan,Kota Makassar,Wajo,Melayu Baru,2026-09-19T12:00:00,2026-09-19 22:00:00,2026-09-20 06:00:00,9-10,27,66,0,5,6.1,E,96,W,,,0,Cerah,Sunny,https://api-apps.bmkg.go.id/storage/icon/cuaca/cerah-am.svg,2026-09-19T22:00:00Z
73,73.71,73.71.05,73.71.05.1008,73.71.05.1008,Sulawesi Selatan,Kota Makassar,Wajo,Melayu Baru,2026-09-19T12:00:00,2026-09-20 01:00:00,2026-09-20 09:00:00,12-13,29,62,0,18,16.2,SW,264,NE,,,1,Cerah,Sunny,https://api-apps.bmkg.go.id/storage/icon/cuaca/cerah-am.svg,2026-09-20T01:00:00Z
73,73.71,73.71.05,73.71.05.1008,73.71.05.1008,Sulawesi Selatan,Kota Makassar,Wajo,Melayu Baru,2026-09-19T12:00:00,2026-09-20 04:00:00,2026-09-20 12:00:00,15-16,29,68,0,18,18.1,SW,256,NE,,,1,Cerah,Sunny,https://api-apps.bmkg.go.id/storage/icon/cuaca/cerah-am.svg,2026-09-20T04:00:00Z
73,73.71,73.71.05,73.71.05.1008,73.71.05.1008,Sulawesi Selatan,Kota Makassar,Wajo,Melayu Baru,2026-09-19T12:00:00,2026-09-20 07:00:00,2026-09-20 15:00:00,18-19,28,74,0,22,20,SW,260,NE,,,1,Cerah,Sunny,https://api-apps.bmkg.go.id/storage/icon/cuaca/cerah-am.svg,2026-09-20T07:00:00Z
73,73.71,73.71.05,73.71.05.1008,73.71.05.1008,Sulawesi Selatan,Kota Makassar,Wajo,Melayu Baru,2026-09-19T12:00:00,2026-09-20 10:00:00,2026-09-20 18:00:00,21-22,28,81,0,7,2.4,W,312,E,,,0,Cerah,Sunny,https://api-apps.bmkg.go.id/storage/icon/cuaca/cerah-pm.svg,2026-09-20T10:00:00Z
73,73.71,73.71.05,73.71.05.1008,73.71.05.1008,Sulawesi Selatan,Kota Makassar,Wajo,Melayu Baru,2026-09-19T12:00:00,2026-09-20 13:00:00,2026-09-20 21:00:00,24-25,28,69,0,0,10,N,41,S,,,0,Cerah,Sunny,https://api-apps.bmkg.go.id/storage/icon/cuaca/cerah-pm.svg,2026-09-20T13:00:00Z
73,73.71,73.71.05,73.71.05.1008,73.71.05.1008,Sulawesi Selatan,Kota Makassar,Wajo,Melayu Baru,2026-09-19T12:00:00,2026-09-20 16:00:00,2026-09-21 00:00:00,27-28,27,69,0,2,1,N,20,S,,,0,Cerah,Sunny,https://api-apps.bmkg.go.id/storage/icon/cuaca/cerah-pm.svg,2026-09-20T16:00:00Z
73,73.71,73.71.05,73.71.05.1008,73.71.05.1008,Sulawesi Selatan,Kota Makassar,Wajo,Melayu Baru,2026-09-19T12:00:00,2026-09-20 19:00:00,2026-09-21 03:00:00,30-31,27,71,0,8,9.1,NE,48,SW,,,0,Cerah,Sunny,https://api-apps.bmkg.go.id/storage/icon/cuaca/cerah-pm.svg,2026-09-20T19:00:00Z
73,73.71,73.71.05,73.71.05.1008,73.71.05.1008,Sulawesi Selatan,Kota Makassar,Wajo,Melayu Baru,2026-09-19T12:00:00,2026-09-20 22:00:00,2026-09-21 06:00:00,33-34,27,70,0,65,5.5,E,121,W,,,2,Cerah Berawan,Partly Cloudy,https://api-apps.bmkg.go.id/storage/icon/cuaca/cerah berawan-am.svg,2026-09-20T22:00:00Z
73,73.71,73.71.05,73.71.05.1008,73.71.05.1008,Sulawesi Selatan,Kota Makassar,Wajo,Melayu Baru,2026-09-19T12:00:00,2026-09-21 01:00:00,2026-09-21 09:00:00,36-37,28,69,0,42,18.3,SW,243,NE,,,1,Cerah,Sunny,https://api-apps.bmkg.go.id/storage/icon/cuaca/cerah-am.svg,2026-09-21T01:00:00Z
73,73.71,73.71.05,73.71.05.1008,73.71.05.1008,Sulawesi Selatan,Kota Makassar,Wajo,Melayu Baru,2026-09-19T12:00:00,2026-09-21 04:00:00,2026-09-21 12:00:00,39-40,28,73,0,16,20.3,SW,240,NE,,,1,Cerah,Sunny,https://api-apps.bmkg.go.id/storage/icon/cuaca/cerah-am.svg,2026-09-21T04:00:00Z
73,73.71,73.71.05,73.71.05.1008,73.71.05.1008,Sulawesi Selatan,Kota Makassar,Wajo,Melayu Baru,2026-09-19T12:00:00,2026-09-21 07:00:00,2026-09-21 15:00:00,42-43,30,75,0,27,6.3,W,277,E,,,1,Cerah,Sunny,https://api-apps.bmkg.go.id/storage/icon/cuaca/cerah-am.svg,2026-09-21T07:00:00Z
73,73.71,73.71.05,73.71.05.1008,73.71.05.1008,Sulawesi Selatan,Kota Makassar,Wajo,Melayu Baru,2026-09-19T12:00:00,2026-09-21 10:00:00,2026-09-21 18:00:00,45-46,30,73,0,23,13.6,N,26,S,,,1,Cerah,Sunny,https://api-apps.bmkg.go.id/storage/icon/cuaca/cerah-pm.svg,2026-09-21T10:00:00Z
73,73.71,73.71.05,73.71.05.1008,73.71.05.1008,Sulawesi Selatan,Kota Makassar,Wajo,Melayu Baru,2026-09-19T12:00:00,2026-09-21 13:00:00,2026-09-21 21:00:00,48-49,29,60,0,37,1.7,SE,170,NW,,,1,Cerah,Sunny,https://api-apps.bmkg.go.id/storage/icon/cuaca/cerah-pm.svg,2026-09-21T13:00:00Z
73,73.71,73.71.05,73.71.05.1008,73.71.05.1008,Sulawesi Selatan,Kota Makassar,Wajo,Melayu Baru,2026-09-19T12:00:00,2026-09-21 16:00:00,2026-09-22 00:00:00,51-52,28,71,0,50,6,NW,354,SE,,,1,Cerah,Sunny,https://api-apps.bmkg.go.id/storage/icon/cuaca/cerah-pm.svg,2026-09-21T16:00:00Z
73,73.71,73.71.05,73.71.05.1008,73.71.05.1008,Sulawesi Selatan,Kota Makassar,Wajo,Melayu Baru,2026-09-19T12:00:00,2026-09-21 19:00:00,2026-09-22 03:00:00,54-55,27,66,0,35,8.3,NE,87,SW,,,1,Cerah,Sunny,https://api-apps.bmkg.go.id/storage/icon/cuaca/cerah-pm.svg,2026-09-21T19:00:00Z
73,73.71,73.71.05,73.71.05.1008,73.71.05.1008,Sulawesi Selatan,Kota Makassar,Wajo,Melayu Baru,2026-09-19T12:00:00,2026-09-21 22:00:00,2026-09-22 06:00:00,57-58,27,70,0,3,2.9,N,12,S,,,0,Cerah,Sunny,https://api-apps.bmkg.go.id/storage/icon/cuaca/cerah-am.svg,2026-09-21T22:00:00Z
73,73.71,73.71.06,73.71.06.1001,73.71.06.1001,Sulawesi Selatan,Kota Makassar,Bontoala,Malimongan Baru,2026-09-19T12:00:00,2026-09-19 16:00:00,2026-09-20 00:00:00,3-4,27,67,0,2,6.1,N,13,S,,,0,Cerah,Sunny,https://api-apps.bmkg.go.id/storage/icon/cuaca/cerah-pm.svg,2026-09-19T16:00:00Z
73,73.71,73.71.06,73.71.06.1001,73.71.06.1001,Sulawesi Selatan,Kota Makassar,Bontoala,Malimongan Baru,2026-09-19T12:00:00,2026-09-19 19:00:00,2026-09-20 03:00:00,6-7,27,69,0,38,14.6,NE,55,SW,,,1,Cerah,Sunny,https://api-apps.bmkg.go.id/storage/icon/cuaca/cerah-pm.svg,2026-09-19T19:00:00Z
73,73.71,73.71.06,73.71.06.1001,73.71.06.1001,Sulawesi Selatan,Kota Makassar,Bontoala,Malimongan Baru,2026-09-19T12:00:00,2026-09-19 22:00:00,2026-09-20 06:00:00,9-10,27,66,0,5,6.1,E,96,W,,,0,Cerah,Sunny,https://api-apps.bmkg.go.id/storage/icon/cuaca/cerah-am.svg,2026-09-19T22:00:00Z
73,73.71,73.71.06,73.71.06.1001,73.71.06.1001,Sulawesi Selatan,Kota Makassar,Bontoala,Malimongan Baru,2026-09-19T12:00:00,2026-09-20 01:00:00,2026-09-20 09:00:00,12-13,30,57,0,20,16.2,SW,264,NE,,,1,Cerah,Sunny,https://api-apps.bmkg.go.id/storage/icon/cuaca/cerah-am.svg,2026-09-20T01:00:00Z
73,73.71,73.71.06,73.71.06.1001,73.71.06.1001,Sulawesi Selatan,Kota Makassar,Bontoala,Malimongan Baru,2026-09-19T12:00:00,2026-09-20 04:00:00,2026-09-20 12:00:00,15-16,30,63,0,21,18.1,SW,256,NE,,,1,Cerah,Sunny,https://api-apps.bmkg.go.id/storage/icon/cuaca/cerah-am.svg,2026-09-20T04:00:00Z
73,73.71,73.71.06,73.71.06.1001,73.71.06.1001,Sulawesi Selatan,Kota Makassar,Bontoala,Malimongan Baru,2026-09-19T12:00:00,2026-09-20 07:00:00,2026-09-20 15:00:00,18-19,29,69,0,26,20,SW,260,NE,,,1,Cerah,Sunny,https://api-apps.bmkg.go.id/storage/icon/cuaca/cerah-am.svg,2026-09-20T07:00:00Z
73,73.71,73.71.06,73.71.06.1001,73.71.06.1001,Sulawesi Selatan,Kota Makassar,Bontoala,Malimongan Baru,2026-09-19T12:00:00,2026-09-20 10:00:00,2026-09-20 18:00:00,21-22,28,78,0,9,2.4,W,312,E,,,0,Cerah,Sunny,https://api-apps.bmkg.go.id/storage/icon/cuaca/cerah-pm.svg,2026-09-20T10:00:00Z
73,73.71,73.71.06,73.71.06.1001,73.71.06.1001,Sulawesi Selatan,Kota Makassar,Bontoala,Malimongan Baru,2026-09-19T12:00:00,2026-09-20 13:00:00,2026-09-20 21:00:00,24-25,28,68,0,0,10,N,41,S,,,0,Cerah,Sunny,https://api-apps.bmkg.go.id/storage/icon/cuaca/cerah-pm.svg,2026-09-20T13:00:00Z
73,73.71,73.71.06,73.71.06.1001,73.71.06.1001,Sulawesi Selatan,Kota Makassar,Bontoala,Malimongan Baru,2026-09-19T12:00:00,2026-09-20 16:00:00,2026-09-21 00:00:00,27-28,27,69,0,1,1,N,20,S,,,0,Cerah,Sunny,https://api-apps.bmkg.go.id/storage/icon/cuaca/cerah-pm.svg,2026-09-20T16:00:00Z
73,73.71,73.71.06,73.71.06.1001,73.71.06.1001,Sulawesi Selatan,Kota Makassar,Bontoala,Malimongan Baru,2026-09-19T12:00:00,2026-09-20 19:00:00,2026-09-21 03:00:00,30-31,27,70,0,8,9.1,NE,48,SW,,,0,Cerah,Sunny,https://api-apps.bmkg.go.id/storage/icon/cuaca/cerah-pm.svg,2026-09-20T19:00:00Z
73,73.71,73.71.06,73.71.06.1001,73.71.06.1001,Sulawesi Selatan,Kota Makassar,Bontoala,Malimongan Baru,2026-09-19T12:00:00,2026-09-20 22:00:00,2026-09-21 06:00:00,33-34,27,69,0,59,5.5,E,121,W,,,1,Cerah,Sunny,https://api-apps.bmkg.go.id/storage/icon/cuaca/cerah-am.svg,2026-09-20T22:00:00Z
73,73.71,73.71.06,73.71.06.1001,73.71.06.1001,Sulawesi Selatan,Kota Makassar,Bontoala,Malimongan Baru,2026-09-19T12:00:00,2026-09-21 01:00:00,2026-09-21 09:00:00,36-37,30,64,0,39,18.3,SW,243,NE,,,1,Cerah,Sunny,https://api-apps.bmkg.go.id/storage/icon/cuaca/cerah-am.svg,2026-09-21T01:00:00Z
73,73.71,73.71.06,73.71.06.1001,73.71.06.1001,Sulawesi Selatan,Kota Makassar,Bontoala,Malimongan Baru,2026-09-19T12:00:00,2026-09-21 04:00:00,2026-09-21 12:00:00,39-40,30,68,0,21,20.3,SW,240,NE,,,1,Cerah,Sunny,https://api-apps.bmkg.go.id/storage/icon/cuaca/cerah-am.svg,2026-09-21T04:00:00Z
73,73.71,73.71.06,73.71.06.1001,73.71.06.1001,Sulawesi Selatan,Kota Makassar,Bontoala,Malimongan Baru,2026-09-19T12:00:00,2026-09-21 07:00:00,2026-09-21 15:00:00,42-43,30,69,0,32,6.3,W,277,E,,,1,Cerah,Sunny,https://api-apps.bmkg.go.id/storage/icon/cuaca/cerah-am.svg,2026-09-21T07:00:00Z
73,73.71,73.71.06,73.71.06.1001,73.71.06.1001,Sulawesi Selatan,Kota Makassar,Bontoala,Malimongan Baru,2026-09-19T12:00:00,2026-09-21 10:00:00,2026-09-21 18:00:00,45-46,30,70,0,25,13.6,N,26,S,,,1,Cerah,Sunny,https://api-apps.bmkg.go.id/storage/icon/cuaca/cerah-pm.svg,2026-09-21T10:00:00Z
73,73.71,73.71.06,73.71.06.1001,73.71.06.1001,Sulawesi Selatan,Kota Makassar,Bontoala,Malimongan Baru,2026-09-19T12:00:00,2026-09-21 13:00:00,2026-09-21 21:00:00,48-49,29,58,0,41,1.7,SE,170,NW,,,1,Cerah,Sunny,https://api-apps.bmkg.go.id/storage/icon/cuaca/cerah-pm.svg,2026-09-21T13:00:00Z
73,73.71,73.71.06,73.71.06.1001,73.71.06.1001,Sulawesi Selatan,Kota Makassar,Bontoala,Malimongan Baru,2026-09-19T12:00:00,2026-09-21 16:00:00,2026-09-22 00:00:00,51-52,27,68,0,49,6,NW,354,SE,,,1,Cerah,Sunny,https://api-apps.bmkg.go.id/storage/icon/cuaca/cerah-pm.svg,2026-09-21T16:00:00Z
73,73.71,73.71.06,73.71.06.1001,73.71.06.1001,Sulawesi Selatan,Kota Makassar,Bontoala,Malimongan Baru,2026-09-19T12:00:00,2026-09-21 19:00:00,2026-09-22 03:00:00,54-55,27,66,0,37,8.3,NE,87,SW,,,1,Cerah,Sunny,https://api-apps.bmkg.go.id/storage/icon/cuaca/cerah-pm.svg,2026-09-21T19:00:00Z
73,73.71,73.71.06,73.71.06.1001,73.71.06.1001,Sulawesi Selatan,Kota Makassar,Bontoala,Malimongan Baru,2026-09-19T12:00:00,2026-09-21 22:00:00,2026-09-22 06:00:00,57-58,27,69,0,3,2.9,N,12,S,,,0,Cerah,Sunny,https://api-apps.bmkg.go.id/storage/icon/cuaca/cerah-am.svg,2026-09-21T22:00:00Z
73,73.71,73.71.06,73.71.06.1002,73.71.06.1002,Sulawesi Selatan,Kota Makassar,Bontoala,Wajo Baru,2026-09-19T12:00:00,2026-09-19 16:00:00,2026-09-20 00:00:00,3-4,27,67,0,2,6.1,N,13,S,,,0,Cerah,Sunny,https://api-apps.bmkg.go.id/storage/icon/cuaca/cerah-pm.svg,2026-09-19T16:00:00Z
73,73.71,73.71.06,73.71.06.1002,73.71.06.1002,Sulawesi Selatan,Kota Makassar,Bontoala,Wajo Baru,2026-09-19T12:00:00,2026-09-19 19:00:00,2026-09-20 03:00:00,6-7,27,69,0,38,14.6,NE,55,SW,,,1,Cerah,Sunny,https://api-apps.bmkg.go.id/storage/icon/cuaca/cerah-pm.svg,2026-09-19T19:00:00Z
73,73.71,73.71.06,73.71.06.1002,73.71.06.1002,Sulawesi Selatan,Kota Makassar,Bontoala,Wajo Baru,2026-09-19T12:00:00,2026-09-19 22:00:00,2026-09-20 06:00:00,9-10,27,66,0,5,6.1,E,96,W,,,0,Cerah,Sunny,https://api-apps.bmkg.go.id/storage/icon/cuaca/cerah-am.svg,2026-09-19T22:00:00Z
73,73.71,73.71.06,73.71.06.1002,73.71.06.1002,Sulawesi Selatan,Kota Makassar,Bontoala,Wajo Baru,2026-09-19T12:00:00,2026-09-20 01:00:00,2026-09-20 09:00:00,12-13,30,57,0,20,16.2,SW,264,NE,,,1,Cerah,Sunny,https://api-apps.bmkg.go.id/storage/icon/cuaca/cerah-am.svg,2026-09-20T01:00:00Z
73,73.71,73.71.06,73.71.06.1002,73.71.06.1002,Sulawesi Selatan,Kota Makassar,Bontoala,Wajo Baru,2026-09-19T12:00:00,2026-09-20 04:00:00,2026-09-20 12:00:00,15-16,30,63,0,21,18.1,SW,256,NE,,,1,Cerah,Sunny,https://api-apps.bmkg.go.id/storage/icon/cuaca/cerah-am.svg,2026-09-20T04:00:00Z
73,73.71,73.71.06,73.71.06.1002,73.71.06.1002,Sulawesi Selatan,Kota Makassar,Bontoala,Wajo Baru,2026-09-19T12:00:00,2026-09-20 07:00:00,2026-09-20 15:00:00,18-19,29,69,0,26,20,SW,260,NE,,,1,Cerah,Sunny,https://api-apps.bmkg.go.id/storage/icon/cuaca/cerah-am.svg,2026-09-20T07:00:00Z
73,73.71,73.71.06,73.71.06.1002,73.71.06.1002,Sulawesi Selatan,Kota Makassar,Bontoala,Wajo Baru,2026-09-19T12:00:00,2026-09-20 10:00:00,2026-09-20 18:00:00,21-22,28,78,0,9,2.4,W,312,E,,,0,Cerah,Sunny,https://api-apps.bmkg.go.id/storage/icon/cuaca/cerah-pm.svg,2026-09-20T10:00:00Z
73,73.71,73.71.06,73.71.06.1002,73.71.06.1002,Sulawesi Selatan,Kota Makassar,Bontoala,Wajo Baru,2026-09-19T12:00:00,2026-09-20 13:00:00,2026-09-20 21:00:00,24-25,28,68,0,0,10,N,41,S,,,0,Cerah,Sunny,https://api-apps.bmkg.go.id/storage/icon/cuaca/cerah-pm.svg,2026-09-20T13:00:00Z
73,73.71,73.71.06,73.71.06.1002,73.71.06.1002,Sulawesi Selatan,Kota Makassar,Bontoala,Wajo Baru,2026-09-19T12:00:00,2026-09-20 16:00:00,2026-09-21 00:00:00,27-28,27,69,0,1,1,N,20,S,,,0,Cerah,Sunny,https://api-apps.bmkg.go.id/storage/icon/cuaca/cerah-pm.svg,2026-09-20T16:00:00Z
73,73.71,73.71.06,73.71.06.1002,73.71.06.1002,Sulawesi Selatan,Kota Makassar,Bontoala,Wajo Baru,2026-09-19T12:00:00,2026-09-20 19:00:00,2026-09-21 03:00:00,30-31,27,70,0,8,9.1,NE,48,SW,,,0,Cerah,Sunny,https://api-apps.bmkg.go.id/storage/icon/cuaca/cerah-pm.svg,2026-09-20T19:00:00Z
73,73.71,73.71.06,73.71.06.1002,73.71.06.1002,Sulawesi Selatan,Kota Makassar,Bontoala,Wajo Baru,2026-09-19T12:00:00,2026-09-20 22:00:00,2026-09-21 06:00:00,33-34,27,69,0,59,5.5,E,121,W,,,1,Cerah,Sunny,https://api-apps.bmkg.go.id/storage/icon/cuaca/cerah-am.svg,2026-09-20T22:00:00Z
73,73.71,73.71.06,73.71.06.1002,73.71.06.1002,Sulawesi Selatan,Kota Makassar,Bontoala,Wajo Baru,2026-09-19T12:00:00,2026-09-21 01:00:00,2026-09-21 09:00:00,36-37,30,64,0,39,18.3,SW,243,NE,,,1,Cerah,Sunny,https://api-apps.bmkg.go.id/storage/icon/cuaca/cerah-am.svg,2026-09-21T01:00:00Z
73,73.71,73.71.06,73.71.06.1002,73.71.06.1002,Sulawesi Selatan,Kota Makassar,Bontoala,Wajo Baru,2026-09-19T12:00:00,2026-09-21 04:00:00,2026-09-21 12:00:00,39-40,30,68,0,21,20.3,SW,240,NE,,,1,Cerah,Sunny,https://api-apps.bmkg.go.id/storage/icon/cuaca/cerah-am.svg,2026-09-21T04:00:00Z
73,73.71,73.71.06,73.71.06.1002,73.71.06.1002,Sulawesi Selatan,Kota Makassar,Bontoala,Wajo Baru,2026-09-19T12:00:00,2026-09-21 07:00:00,2026-09-21 15:00:00,42-43,30,69,0,32,6.3,W,277,E,,,1,Cerah,Sunny,https://api-apps.bmkg.go.id/storage/icon/cuaca/cerah-am.svg,2026-09-21T07:00:00Z
73,73.71,73.71.06,73.71.06.1002,73.71.06.1002,Sulawesi Selatan,Kota Makassar,Bontoala,Wajo Baru,2026-09-19T12:00:00,2026-09-21 10:00:00,2026-09-21 18:00:00,45-46,30,70,0,25,13.6,N,26,S,,,1,Cerah,Sunny,https://api-apps.bmkg.go.id/storage/icon/cuaca/cerah-pm.svg,2026-09-21T10:00:00Z
73,73.71,73.71.06,73.71.06.1002,73.71.06.1002,Sulawesi Selatan,Kota Makassar,Bontoala,Wajo Baru,2026-09-19T12:00:00,2026-09-21 13:00:00,2026-09-21 21:00:00,48-49,29,58,0,41,1.7,SE,170,NW,,,1,Cerah,Sunny,https://api-apps.bmkg.go.id/storage/icon/cuaca/cerah-pm.svg,2026-09-21T13:00:00Z
73,73.71,73.71.06,73.71.06.1002,73.71.06.1002,Sulawesi Selatan,Kota Makassar,Bontoala,Wajo Baru,2026-09-19T12:00:00,2026-09-21 16:00:00,2026-09-22 00:00:00,51-52,27,68,0,49,6,NW,354,SE,,,1,Cerah,Sunny,https://api-apps.bmkg.go.id/storage/icon/cuaca/cerah-pm.svg,2026-09-21T16:00:00Z
73,73.71,73.71.06,73.71.06.1002,73.71.06.1002,Sulawesi Selatan,Kota Makassar,Bontoala,Wajo Baru,2026-09-19T12:00:00,2026-09-21 19:00:00,2026-09-22 03:00:00,54-55,27,66,0,37,8.3,NE,87,SW,,,1,Cerah,Sunny,https://api-apps.bmkg.go.id/storage/icon/cuaca/cerah-pm.svg,2026-09-21T19:00:00Z
73,73.71,73.71.06,73.71.06.1002,73.71.06.1002,Sulawesi Selatan,Kota Makassar,Bontoala,Wajo Baru,2026-09-19T12:00:00,2026-09-21 22:00:00,2026-09-22 06:00:00,57-58,27,69,0,3,2.9,N,12,S,,,0,Cerah,Sunny,https://api-apps.bmkg.go.id/storage/icon/cuaca/cerah-am.svg,2026-09-21T22:00:00Z
73,73.71,73.71.06,73.71.06.1003,73.71.06.1003,Sulawesi Selatan,Kota Makassar,Bontoala,Gaddong,2026-09-19T12:00:00,2026-09-19 16:00:00,2026-09-20 00:00:00,3-4,27,67,0,2,6.1,N,13,S,,,0,Cerah,Sunny,https://api-apps.bmkg.go.id/storage/icon/cuaca/cerah-pm.svg,2026-09-19T16:00:00Z
73,73.71,73.71.06,73.71.06.1003,73.71.06.1003,Sulawesi Selatan,Kota Makassar,Bontoala,Gaddong,2026-09-19T12:00:00,2026-09-19 19:00:00,2026-09-20 03:00:00,6-7,27,69,0,38,14.6,NE,55,SW,,,1,Cerah,Sunny,https://api-apps.bmkg.go.id/storage/icon/cuaca/cerah-pm.svg,2026-09-19T19:00:00Z
73,73.71,73.71.06,73.71.06.1003,73.71.06.1003,Sulawesi Selatan,Kota Makassar,Bontoala,Gaddong,2026-09-19T12:00:00,2026-09-19 22:00:00,2026-09-20 06:00:00,9-10,27,66,0,5,6.1,E,96,W,,,0,Cerah,Sunny,https://api-apps.bmkg.go.id/storage/icon/cuaca/cerah-am.svg,2026-09-19T22:00:00Z
73,73.71,73.71.06,73.71.06.1003,73.71.06.1003,Sulawesi Selatan,Kota Makassar,Bontoala,Gaddong,2026-09-19T12:00:00,2026-09-20 01:00:00,2026-09-20 09:00:00,12-13,30,57,0,20,16.2,SW,264,NE,,,1,Cerah,Sunny,https://api-apps.bmkg.go.id/storage/icon/cuaca/cerah-am.svg,2026-09-20T01:00:00Z
73,73.71,73.71.06,73.71.06.1003,73.71.06.1003,Sulawesi Selatan,Kota Makassar,Bontoala,Gaddong,2026-09-19T12:00:00,2026-09-20 04:00:00,2026-09-20 12:00:00,15-16,30,63,0,21,18.1,SW,256,NE,,,1,Cerah,Sunny,https://api-apps.bmkg.go.id/storage/icon/cuaca/cerah-am.svg,2026-09-20T04:00:00Z
73,73.71,73.71.06,73.71.06.1003,73.71.06.1003,Sulawesi Selatan,Kota Makassar,Bontoala,Gaddong,2026-09-19T12:00:00,2026-09-20 07:00:00,2026-09-20 15:00:00,18-19,29,69,0,26,20,SW,260,NE,,,1,Cerah,Sunny,https://api-apps.bmkg.go.id/storage/icon/cuaca/cerah-am.svg,2026-09-20T07:00:00Z
73,73.71,73.71.06,73.71.06.1003,73.71.06.1003,Sulawesi Selatan,Kota Makassar,Bontoala,Gaddong,2026-09-19T12:00:00,2026-09-20 10:00:00,2026-09-20 18:00:00,21-22,28,78,0,9,2.4,W,312,E,,,0,Cerah,Sunny,https://api-apps.bmkg.go.id/storage/icon/cuaca/cerah-pm.svg,2026-09-20T10:00:00Z
73,73.71,73.71.06,73.71.06.1003,73.71.06.1003,Sulawesi Selatan,Kota Makassar,Bontoala,Gaddong,2026-09-19T12:00:00,2026-09-20 13:00:00,2026-09-20 21:00:00,24-25,28,68,0,0,10,N,41,S,,,0,Cerah,Sunny,https://api-apps.bmkg.go.id/storage/icon/cuaca/cerah-pm.svg,2026-09-20T13:00:00Z
73,73.71,73.71.06,73.71.06.1003,73.71.06.1003,Sulawesi Selatan,Kota Makassar,Bontoala,Gaddong,2026-09-19T12:00:00,2026-09-20 16:00:00,2026-09-21 00:00:00,27-28,27,69,0,1,1,N,20,S,,,0,Cerah,Sunny,https://api-apps.bmkg.go.id/storage/icon/cuaca/cerah-pm.svg,2026-09-20T16:00:00Z
73,73.71,73.71.06,73.71.06.1003,73.71.06.1003,Sulawesi Selatan,Kota Makassar,Bontoala,Gaddong,2026-09-19T12:00:00,2026-09-20 19:00:00,2026-09-21 03:00:00,30-31,27,70,0,8,9.1,NE,48,SW,,,0,Cerah,Sunny,https://api-apps.bmkg.go.id/storage/icon/cuaca/cerah-pm.svg,2026-09-20T19:00:00Z
73,73.71,73.71.06,73.71.06.1003,73.71.06.1003,Sulawesi Selatan,Kota Makassar,Bontoala,Gaddong,2026-09-19T12:00:00,2026-09-20 22:00:00,2026-09-21 06:00:00,33-34,27,69,0,59,5.5,E,121,W,,,1,Cerah,Sunny,https://api-apps.bmkg.go.id/storage/icon/cuaca/cerah-am.svg,2026-09-20T22:00:00Z
73,73.71,73.71.06,73.71.06.1003,73.71.06.1003,Sulawesi Selatan,Kota Makassar,Bontoala,Gaddong,2026-09-19T12:00:00,2026-09-21 01:00:00,2026-09-21 09:00:00,36-37,30,64,0,39,18.3,SW,243,NE,,,1,Cerah,Sunny,https://api-apps.bmkg.go.id/storage/icon/cuaca/cerah-am.svg,2026-09-21T01:00:00Z
73,73.71,73.71.06,73.71.06.1003,73.71.06.1003,Sulawesi Selatan,Kota Makassar,Bontoala,Gaddong,2026-09-19T12:00:00,2026-09-21 04:00:00,2026-09-21 12:00:00,39-40,30,68,0,21,20.3,SW,240,NE,,,1,Cerah,Sunny,https://api-apps.bmkg.go.id/storage/icon/cuaca/cerah-am.svg,2026-09-21T04:00:00Z
73,73.71,73.71.06,73.71.06.1003,73.71.06.1003,Sulawesi Selatan,Kota Makassar,Bontoala,Gaddong,2026-09-19T12:00:00,2026-09-21 07:00:00,2026-09-21 15:00:00,42-43,30,69,0,32,6.3,W,277,E,,,1,Cerah,Sunny,https://api-apps.bmkg.go.id/storage/icon/cuaca/cerah-am.svg,2026-09-21T07:00:00Z
73,73.71,73.71.06,73.71.06.1003,73.71.06.1003,Sulawesi Selatan,Kota Makassar,Bontoala,Gaddong,2026-09-19T12:00:00,2026-09-21 10:00:00,2026-09-21 18:00:00,45-46,30,70,0,25,13.6,N,26,S,,,1,Cerah,Sunny,https://api-apps.bmkg.go.id/storage/icon/cuaca/cerah-pm.svg,2026-09-21T10:00:00Z
73,73.71,73.71.06,73.71.06.1003,73.71.06.1003,Sulawesi Selatan,Kota Makassar,Bontoala,Gaddong,2026-09-19T12:00:00,2026-09-21 13:00:00,2026-09-21 21:00:00,48-49,29,58,0,41,1.7,SE,170,NW,,,1,Cerah,Sunny,https://api-apps.bmkg.go.id/storage/icon/cuaca/cerah-pm.svg,2026-09-21T13:00:00Z
73,73.71,73.71.06,73.71.06.1003,73.71.06.1003,Sulawesi Selatan,Kota Makassar,Bontoala,Gaddong,2026-09-19T12:00:00,2026-09-21 16:00:00,2026-09-22 00:00:00,51-52,27,68,0,49,6,NW,354,SE,,,1,Cerah,Sunny,https://api-apps.bmkg.go.id/storage/icon/cuaca/cerah-pm.svg,2026-09-21T16:00:00Z
73,73.71,73.71.06,73.71.06.1003,73.71.06.1003,Sulawesi Selatan,Kota Makassar,Bontoala,Gaddong,2026-09-19T12:00:00,2026-09-21 19:00:00,2026-09-22 03:00:00,54-55,27,66,0,37,8.3,NE,87,SW,,,1,Cerah,Sunny,https://api-apps.bmkg.go.id/storage/icon/cuaca/cerah-pm.svg,2026-09-21T19:00:00Z
73,73.71,73.71.06,73.71.06.1003,73.71.06.1003,Sulawesi Selatan,Kota Makassar,Bontoala,Gaddong,2026-09-19T12:00:00,2026-09-21 22:00:00,2026-09-22 06:00:00,57-58,27,69,0,3,2.9,N,12,S,,,0,Cerah,Sunny,https://api-apps.bmkg.go.id/storage/icon/cuaca/cerah-am.svg,2026-09-21T22:00:00Z
73,73.71,73.71.06,73.71.06.1004,73.71.06.1004,Sulawesi Selatan,Kota Makassar,Bontoala,Bontoala,2026-09-19T12:00:00,2026-09-19 16:00:00,2026-09-20 00:00:00,3-4,27,67,0,2,6.1,N,13,S,,,0,Cerah,Sunny,https://api-apps.bmkg.go.id/storage/icon/cuaca/cerah-pm.svg,2026-09-19T16:00:00Z
73,73.71,73.71.06,73.71.06.1004,73.71.06.1004,Sulawesi Selatan,Kota Makassar,Bontoala,Bontoala,2026-09-19T12:00:00,2026-09-19 19:00:00,2026-09-20 03:00:00,6-7,27,69,0,38,14.6,NE,55,SW,,,1,Cerah,Sunny,https://api-apps.bmkg.go.id/storage/icon/cuaca/cerah-pm.svg,2026-09-19T19:00:00Z
73,73.71,73.71.06,73.71.06.1004,73.71.06.1004,Sulawesi Selatan,Kota Makassar,Bontoala,Bontoala,2026-09-19T12:00:00,2026-09-19 22:00:00,2026-09-20 06:00:00,9-10,27,66,0,5,6.1,E,96,W,,,0,Cerah,Sunny,https://api-apps.bmkg.go.id/storage/icon/cuaca/cerah-am.svg,2026-09-19T22:00:00Z
73,73.71,73.71.06,73.71.06.1004,73.71.06.1004,Sulawesi Selatan,Kota Makassar,Bontoala,Bontoala,2026-09-19T12:00:00,2026-09-20 01:00:00,2026-09-20 09:00:00,12-13,30,57,0,20,16.2,SW,264,NE,,,1,Cerah,Sunny,https://api-apps.bmkg.go.id/storage/icon/cuaca/cerah-am.svg,2026-09-20T01:00:00Z
73,73.71,73.71.06,73.71.06.1004,73.71.06.1004,Sulawesi Selatan,Kota Makassar,Bontoala,Bontoala,2026-09-19T12:00:00,2026-09-20 04:00:00,2026-09-20 12:00:00,15-16,30,63,0,21,18.1,SW,256,NE,,,1,Cerah,Sunny,https://api-apps.bmkg.go.id/storage/icon/cuaca/cerah-am.svg,2026-09-20T04:00:00Z
73,73.71,73.71.06,73.71.06.1004,73.71.06.1004,Sulawesi Selatan,Kota Makassar,Bontoala,Bontoala,2026-09-19T12:00:00,2026-09-20 07:00:00,2026-09-20 15:00:00,18-19,29,69,0,26,20,SW,260,NE,,,1,Cerah,Sunny,https://api-apps.bmkg.go.id/storage/icon/cuaca/cerah-am.svg,2026-09-20T07:00:00Z
73,73.71,73.71.06,73.71.06.1004,73.71.06.1004,Sulawesi Selatan,Kota Makassar,Bontoala,Bontoala,2026-09-19T12:00:00,2026-09-20 10:00:00,2026-09-20 18:00:00,21-22,28,78,0,9,2.4,W,312,E,,,0,Cerah,Sunny,https://api-apps.bmkg.go.id/storage/icon/cuaca/cerah-pm.svg,2026-09-20T10:00:00Z
73,73.71,73.71.06,73.71.06.1004,73.71.06.1004,Sulawesi Selatan,Kota Makassar,Bontoala,Bontoala,2026-09-19T12:00:00,2026-09-20 13:00:00,2026-09-20 21:00:00,24-25,28,68,0,0,10,N,41,S,,,0,Cerah,Sunny,https://api-apps.bmkg.go.id/storage/icon/cuaca/cerah-pm.svg,2026-09-20T13:00:00Z
73,73.71,73.71.06,73.71.06.1004,73.71.06.1004,Sulawesi Selatan,Kota Makassar,Bontoala,Bontoala,2026-09-19T12:00:00,2026-09-20 16:00:00,2026-09-21 00:00:00,27-28,27,69,0,1,1,N,20,S,,,0,Cerah,Sunny,https://api-apps.bmkg.go.id/storage/icon/cuaca/cerah-pm.svg,2026-09-20T16:00:00Z
73,73.71,73.71.06,73.71.06.1004,73.71.06.1004,Sulawesi Selatan,Kota Makassar,Bontoala,Bontoala,2026-09-19T12:00:00,2026-09-20 19:00:00,2026-09-21 03:00:00,30-31,27,70,0,8,9.1,NE,48,SW,,,0,Cerah,Sunny,https://api-apps.bmkg.go.id/storage/icon/cuaca/cerah-pm.svg,2026-09-20T19:00:00Z
73,73.71,73.71.06,73.71.06.1004,73.71.06.1004,Sulawesi Selatan,Kota Makassar,Bontoala,Bontoala,2026-09-19T12:00:00,2026-09-20 22:00:00,2026-09-21 06:00:00,33-34,27,69,0,59,5.5,E,121,W,,,1,Cerah,Sunny,https://api-apps.bmkg.go.id/storage/icon/cuaca/cerah-am.svg,2026-09-20T22:00:00Z
73,73.71,73.71.06,73.71.06.1004,73.71.06.1004,Sulawesi Selatan,Kota Makassar,Bontoala,Bontoala,2026-09-19T12:00:00,2026-09-21 01:00:00,2026-09-21 09:00:00,36-37,30,64,0,39,18.3,SW,243,NE,,,1,Cerah,Sunny,https://api-apps.bmkg.go.id/storage/icon/cuaca/cerah-am.svg,2026-09-21T01:00:00Z
73,73.71,73.71.06,73.71.06.1004,73.71.06.1004,Sulawesi Selatan,Kota Makassar,Bontoala,Bontoala,2026-09-19T12:00:00,2026-09-21 04:00:00,2026-09-21 12:00:00,39-40,30,68,0,21,20.3,SW,240,NE,,,1,Cerah,Sunny,https://api-apps.bmkg.go.id/storage/icon/cuaca/cerah-am.svg,2026-09-21T04:00:00Z
73,73.71,73.71.06,73.71.06.1004,73.71.06.1004,Sulawesi Selatan,Kota Makassar,Bontoala,Bontoala,2026-09-19T12:00:00,2026-09-21 07:00:00,2026-09-21 15:00:00,42-43,30,69,0,32,6.3,W,277,E,,,1,Cerah,Sunny,https://api-apps.bmkg.go.id/storage/icon/cuaca/cerah-am.svg,2026-09-21T07:00:00Z
73,73.71,73.71.06,73.71.06.1004,73.71.06.1004,Sulawesi Selatan,Kota Makassar,Bontoala,Bontoala,2026-09-19T12:00:00,2026-09-21 10:00:00,2026-09-21 18:00:00,45-46,30,70,0,25,13.6,N,26,S,,,1,Cerah,Sunny,https://api-apps.bmkg.go.id/storage/icon/cuaca/cerah-pm.svg,2026-09-21T10:00:00Z
73,73.71,73.71.06,73.71.06.1004,73.71.06.1004,Sulawesi Selatan,Kota Makassar,Bontoala,Bontoala,2026-09-19T12:00:00,2026-09-21 13:00:00,2026-09-21 21:00:00,48-49,29,58,0,41,1.7,SE,170,NW,,,1,Cerah,Sunny,https://api-apps.bmkg.go.id/storage/icon/cuaca/cerah-pm.svg,2026-09-21T13:00:00Z
73,73.71,73.71.06,73.71.06.1004,73.71.06.1004,Sulawesi Selatan,Kota Makassar,Bontoala,Bontoala,2026-09-19T12:00:00,2026-09-21 16:00:00,2026-09-22 00:00:00,51-52,27,68,0,49,6,NW,354,SE,,,1,Cerah,Sunny,https://api-apps.bmkg.go.id/storage/icon/cuaca/cerah-pm.svg,2026-09-21T16:00:00Z
73,73.71,73.71.06,73.71.06.1004,73.71.06.1004,Sulawesi Selatan,Kota Makassar,Bontoala,Bontoala,2026-09-19T12:00:00,2026-09-21 19:00:00,2026-09-22 03:00:00,54-55,27,66,0,37,8.3,NE,87,SW,,,1,Cerah,Sunny,https://api-apps.bmkg.go.id/storage/icon/cuaca/cerah-pm.svg,2026-09-21T19:00:00Z
73,73.71,73.71.06,73.71.06.1004,73.71.06.1004,Sulawesi Selatan,Kota Makassar,Bontoala,Bontoala,2026-09-19T12:00:00,2026-09-21 22:00:00,2026-09-22 06:00:00,57-58,27,69,0,3,2.9,N,12,S,,,0,Cerah,Sunny,https://api-apps.bmkg.go.id/storage/icon/cuaca/cerah-am.svg,2026-09-21T22:00:00Z
73,73.71,73.71.06,73.71.06.1005,73.71.06.1005,Sulawesi Selatan,Kota Makassar,Bontoala,Baraya,2026-09-19T12:00:00,2026-09-19 16:00:00,2026-09-20 00:00:00,3-4,27,67,0,2,6.1,N,13,S,,,0,Cerah,Sunny,https://api-apps.bmkg.go.id/storage/icon/cuaca/cerah-pm.svg,2026-09-19T16:00:00Z
73,73.71,73.71.06,73.71.06.1005,73.71.06.1005,Sulawesi Selatan,Kota Makassar,Bontoala,Baraya,2026-09-19T12:00:00,2026-09-19 19:00:00,2026-09-20 03:00:00,6-7,27,69,0,38,14.6,NE,55,SW,,,1,Cerah,Sunny,https://api-apps.bmkg.go.id/storage/icon/cuaca/cerah-pm.svg,2026-09-19T19:00:00Z
73,73.71,73.71.06,73.71.06.1005,73.71.06.1005,Sulawesi Selatan,Kota Makassar,Bontoala,Baraya,2026-09-19T12:00:00,2026-09-19 22:00:00,2026-09-20 06:00:00,9-10,27,66,0,5,6.1,E,96,W,,,0,Cerah,Sunny,https://api-apps.bmkg.go.id/storage/icon/cuaca/cerah-am.svg,2026-09-19T22:00:00Z
73,73.71,73.71.06,73.71.06.1005,73.71.06.1005,Sulawesi Selatan,Kota Makassar,Bontoala,Baraya,2026-09-19T12:00:00,2026-09-20 01:00:00,2026-09-20 09:00:00,12-13,30,57,0,20,16.2,SW,264,NE,,,1,Cerah,Sunny,https://api-apps.bmkg.go.id/storage/icon/cuaca/cerah-am.svg,2026-09-20T01:00:00Z
73,73.71,73.71.06,73.71.06.1005,73.71.06.1005,Sulawesi Selatan,Kota Makassar,Bontoala,Baraya,2026-09-19T12:00:00,2026-09-20 04:00:00,2026-09-20 12:00:00,15-16,30,63,0,21,18.1,SW,256,NE,,,1,Cerah,Sunny,https://api-apps.bmkg.go.id/storage/icon/cuaca/cerah-am.svg,2026-09-20T04:00:00Z
73,73.71,73.71.06,73.71.06.1005,73.71.06.1005,Sulawesi Selatan,Kota Makassar,Bontoala,Baraya,2026-09-19T12:00:00,2026-09-20 07:00:00,2026-09-20 15:00:00,18-19,29,69,0,26,20,SW,260,NE,,,1,Cerah,Sunny,https://api-apps.bmkg.go.id/storage/icon/cuaca/cerah-am.svg,2026-09-20T07:00:00Z
73,73.71,73.71.06,73.71.06.1005,73.71.06.1005,Sulawesi Selatan,Kota Makassar,Bontoala,Baraya,2026-09-19T12:00:00,2026-09-20 10:00:00,2026-09-20 18:00:00,21-22,28,78,0,9,2.4,W,312,E,,,0,Cerah,Sunny,https://api-apps.bmkg.go.id/storage/icon/cuaca/cerah-pm.svg,2026-09-20T10:00:00Z
73,73.71,73.71.06,73.71.06.1005,73.71.06.1005,Sulawesi Selatan,Kota Makassar,Bontoala,Baraya,2026-09-19T12:00:00,2026-09-20 13:00:00,2026-09-20 21:00:00,24-25,28,68,0,0,10,N,41,S,,,0,Cerah,Sunny,https://api-apps.bmkg.go.id/storage/icon/cuaca/cerah-pm.svg,2026-09-20T13:00:00Z
73,73.71,73.71.06,73.71.06.1005,73.71.06.1005,Sulawesi Selatan,Kota Makassar,Bontoala,Baraya,2026-09-19T12:00:00,2026-09-20 16:00:00,2026-09-21 00:00:00,27-28,27,69,0,1,1,N,20,S,,,0,Cerah,Sunny,https://api-apps.bmkg.go.id/storage/icon/cuaca/cerah-pm.svg,2026-09-20T16:00:00Z
73,73.71,73.71.06,73.71.06.1005,73.71.06.1005,Sulawesi Selatan,Kota Makassar,Bontoala,Baraya,2026-09-19T12:00:00,2026-09-20 19:00:00,2026-09-21 03:00:00,30-31,27,70,0,8,9.1,NE,48,SW,,,0,Cerah,Sunny,https://api-apps.bmkg.go.id/storage/icon/cuaca/cerah-pm.svg,2026-09-20T19:00:00Z
73,73.71,73.71.06,73.71.06.1005,73.71.06.1005,Sulawesi Selatan,Kota Makassar,Bontoala,Baraya,2026-09-19T12:00:00,2026-09-20 22:00:00,2026-09-21 06:00:00,33-34,27,69,0,59,5.5,E,121,W,,,1,Cerah,Sunny,https://api-apps.bmkg.go.id/storage/icon/cuaca/cerah-am.svg,2026-09-20T22:00:00Z
73,73.71,73.71.06,73.71.06.1005,73.71.06.1005,Sulawesi Selatan,Kota Makassar,Bontoala,Baraya,2026-09-19T12:00:00,2026-09-21 01:00:00,2026-09-21 09:00:00,36-37,30,64,0,39,18.3,SW,243,NE,,,1,Cerah,Sunny,https://api-apps.bmkg.go.id/storage/icon/cuaca/cerah-am.svg,2026-09-21T01:00:00Z
73,73.71,73.71.06,73.71.06.1005,73.71.06.1005,Sulawesi Selatan,Kota Makassar,Bontoala,Baraya,2026-09-19T12:00:00,2026-09-21 04:00:00,2026-09-21 12:00:00,39-40,30,68,0,21,20.3,SW,240,NE,,,1,Cerah,Sunny,https://api-apps.bmkg.go.id/storage/icon/cuaca/cerah-am.svg,2026-09-21T04:00:00Z
73,73.71,73.71.06,73.71.06.1005,73.71.06.1005,Sulawesi Selatan,Kota Makassar,Bontoala,Baraya,2026-09-19T12:00:00,2026-09-21 07:00:00,2026-09-21 15:00:00,42-43,30,69,0,32,6.3,W,277,E,,,1,Cerah,Sunny,https://api-apps.bmkg.go.id/storage/icon/cuaca/cerah-am.svg,2026-09-21T07:00:00Z
73,73.71,73.71.06,73.71.06.1005,73.71.06.1005,Sulawesi Selatan,Kota Makassar,Bontoala,Baraya,2026-09-19T12:00:00,2026-09-21 10:00:00,2026-09-21 18:00:00,45-46,30,70,0,25,13.6,N,26,S,,,1,Cerah,Sunny,https://api-apps.bmkg.go.id/storage/icon/cuaca/cerah-pm.svg,2026-09-21T10:00:00Z
73,73.71,73.71.06,73.71.06.1005,73.71.06.1005,Sulawesi Selatan,Kota Makassar,Bontoala,Baraya,2026-09-19T12:00:00,2026-09-21 13:00:00,2026-09-21 21:00:00,48-49,29,58,0,41,1.7,SE,170,NW,,,1,Cerah,Sunny,https://api-apps.bmkg.go.id/storage/icon/cuaca/cerah-pm.svg,2026-09-21T13:00:00Z
73,73.71,73.71.06,73.71.06.1005,73.71.06.1005,Sulawesi Selatan,Kota Makassar,Bontoala,Baraya,2026-09-19T12:00:00,2026-09-21 16:00:00,2026-09-22 00:00:00,51-52,27,68,0,49,6,NW,354,SE,,,1,Cerah,Sunny,https://api-apps.bmkg.go.id/storage/icon/cuaca/cerah-pm.svg,2026-09-21T16:00:00Z
73,73.71,73.71.06,73.71.06.1005,73.71.06.1005,Sulawesi Selatan,Kota Makassar,Bontoala,Baraya,2026-09-19T12:00:00,2026-09-21 19:00:00,2026-09-22 03:00:00,54-55,27,66,0,37,8.3,NE,87,SW,,,1,Cerah,Sunny,https://api-apps.bmkg.go.id/storage/icon/cuaca/cerah-pm.svg,2026-09-21T19:00:00Z
73,73.71,73.71.06,73.71.06.1005,73.71.06.1005,Sulawesi Selatan,Kota Makassar,Bontoala,Baraya,2026-09-19T12:00:00,2026-09-21 22:00:00,2026-09-22 06:00:00,57-58,27,69,0,3,2.9,N,12,S,,,0,Cerah,Sunny,https://api-apps.bmkg.go.id/storage/icon/cuaca/cerah-am.svg,2026-09-21T22:00:00Z
73,73.71,73.71.06,73.71.06.1006,73.71.06.1006,Sulawesi Selatan,Kota Makassar,Bontoala,Layang,2026-09-19T12:00:00,2026-09-19 16:00:00,2026-09-20 00:00:00,3-4,27,67,0,2,6.1,N,13,S,,,0,Cerah,Sunny,https://api-apps.bmkg.go.id/storage/icon/cuaca/cerah-pm.svg,2026-09-19T16:00:00Z
73,73.71,73.71.06,73.71.06.1006,73.71.06.1006,Sulawesi Selatan,Kota Makassar,Bontoala,Layang,2026-09-19T12:00:00,2026-09-19 19:00:00,2026-09-20 03:00:00,6-7,27,69,0,38,14.6,NE,55,SW,,,1,Cerah,Sunny,https://api-apps.bmkg.go.id/storage/icon/cuaca/cerah-pm.svg,2026-09-19T19:00:00Z
73,73.71,73.71.06,73.71.06.1006,73.71.06.1006,Sulawesi Selatan,Kota Makassar,Bontoala,Layang,2026-09-19T12:00:00,2026-09-19 22:00:00,2026-09-20 06:00:00,9-10,27,66,0,5,6.1,E,96,W,,,0,Cerah,Sunny,https://api-apps.bmkg.go.id/storage/icon/cuaca/cerah-am.svg,2026-09-19T22:00:00Z
73,73.71,73.71.06,73.71.06.1006,73.71.06.1006,Sulawesi Selatan,Kota Makassar,Bontoala,Layang,2026-09-19T12:00:00,2026-09-20 01:00:00,2026-09-20 09:00:00,12-13,30,57,0,20,16.2,SW,264,NE,,,1,Cerah,Sunny,https://api-apps.bmkg.go.id/storage/icon/cuaca/cerah-am.svg,2026-09-20T01:00:00Z
73,73.71,73.71.06,73.71.06.1006,73.71.06.1006,Sulawesi Selatan,Kota Makassar,Bontoala,Layang,2026-09-19T12:00:00,2026-09-20 04:00:00,2026-09-20 12:00:00,15-16,30,63,0,21,18.1,SW,256,NE,,,1,Cerah,Sunny,https://api-apps.bmkg.go.id/storage/icon/cuaca/cerah-am.svg,2026-09-20T04:00:00Z
73,73.71,73.71.06,73.71.06.1006,73.71.06.1006,Sulawesi Selatan,Kota Makassar,Bontoala,Layang,2026-09-19T12:00:00,2026-09-20 07:00:00,2026-09-20 15:00:00,18-19,29,69,0,26,20,SW,260,NE,,,1,Cerah,Sunny,https://api-apps.bmkg.go.id/storage/icon/cuaca/cerah-am.svg,2026-09-20T07:00:00Z
73,73.71,73.71.06,73.71.06.1006,73.71.06.1006,Sulawesi Selatan,Kota Makassar,Bontoala,Layang,2026-09-19T12:00:00,2026-09-20 10:00:00,2026-09-20 18:00:00,21-22,28,78,0,9,2.4,W,312,E,,,0,Cerah,Sunny,https://api-apps.bmkg.go.id/storage/icon/cuaca/cerah-pm.svg,2026-09-20T10:00:00Z
73,73.71,73.71.06,73.71.06.1006,73.71.06.1006,Sulawesi Selatan,Kota Makassar,Bontoala,Layang,2026-09-19T12:00:00,2026-09-20 13:00:00,2026-09-20 21:00:00,24-25,28,68,0,0,10,N,41,S,,,0,Cerah,Sunny,https://api-apps.bmkg.go.id/storage/icon/cuaca/cerah-pm.svg,2026-09-20T13:00:00Z
73,73.71,73.71.06,73.71.06.1006,73.71.06.1006,Sulawesi Selatan,Kota Makassar,Bontoala,Layang,2026-09-19T12:00:00,2026-09-20 16:00:00,2026-09-21 00:00:00,27-28,27,69,0,1,1,N,20,S,,,0,Cerah,Sunny,https://api-apps.bmkg.go.id/storage/icon/cuaca/cerah-pm.svg,2026-09-20T16:00:00Z
73,73.71,73.71.06,73.71.06.1006,73.71.06.1006,Sulawesi Selatan,Kota Makassar,Bontoala,Layang,2026-09-19T12:00:00,2026-09-20 19:00:00,2026-09-21 03:00:00,30-31,27,70,0,8,9.1,NE,48,SW,,,0,Cerah,Sunny,https://api-apps.bmkg.go.id/storage/icon/cuaca/cerah-pm.svg,2026-09-20T19:00:00Z
73,73.71,73.71.06,73.71.06.1006,73.71.06.1006,Sulawesi Selatan,Kota Makassar,Bontoala,Layang,2026-09-19T12:00:00,2026-09-20 22:00:00,2026-09-21 06:00:00,33-34,27,69,0,59,5.5,E,121,W,,,1,Cerah,Sunny,https://api-apps.bmkg.go.id/storage/icon/cuaca/cerah-am.svg,2026-09-20T22:00:00Z
73,73.71,73.71.06,73.71.06.1006,73.71.06.1006,Sulawesi Selatan,Kota Makassar,Bontoala,Layang,2026-09-19T12:00:00,2026-09-21 01:00:00,2026-09-21 09:00:00,36-37,30,64,0,39,18.3,SW,243,NE,,,1,Cerah,Sunny,https://api-apps.bmkg.go.id/storage/icon/cuaca/cerah-am.svg,2026-09-21T01:00:00Z
73,73.71,73.71.06,73.71.06.1006,73.71.06.1006,Sulawesi Selatan,Kota Makassar,Bontoala,Layang,2026-09-19T12:00:00,2026-09-21 04:00:00,2026-09-21 12:00:00,39-40,30,68,0,21,20.3,SW,240,NE,,,1,Cerah,Sunny,https://api-apps.bmkg.go.id/storage/icon/cuaca/cerah-am.svg,2026-09-21T04:00:00Z
73,73.71,73.71.06,73.71.06.1006,73.71.06.1006,Sulawesi Selatan,Kota Makassar,Bontoala,Layang,2026-09-19T12:00:00,2026-09-21 07:00:00,2026-09-21 15:00:00,42-43,30,69,0,32,6.3,W,277,E,,,1,Cerah,Sunny,https://api-apps.bmkg.go.id/storage/icon/cuaca/cerah-am.svg,2026-09-21T07:00:00Z
73,73.71,73.71.06,73.71.06.1006,73.71.06.1006,Sulawesi Selatan,Kota Makassar,Bontoala,Layang,2026-09-19T12:00:00,2026-09-21 10:00:00,2026-09-21 18:00:00,45-46,30,70,0,25,13.6,N,26,S,,,1,Cerah,Sunny,https://api-apps.bmkg.go.id/storage/icon/cuaca/cerah-pm.svg,2026-09-21T10:00:00Z
73,73.71,73.71.06,73.71.06.1006,73.71.06.1006,Sulawesi Selatan,Kota Makassar,Bontoala,Layang,2026-09-19T12:00:00,2026-09-21 13:00:00,2026-09-21 21:00:00,48-49,29,58,0,41,1.7,SE,170,NW,,,1,Cerah,Sunny,https://api-apps.bmkg.go.id/storage/icon/cuaca/cerah-pm.svg,2026-09-21T13:00:00Z
73,73.71,73.71.06,73.71.06.1006,73.71.06.1006,Sulawesi Selatan,Kota Makassar,Bontoala,Layang,2026-09-19T12:00:00,2026-09-21 16:00:00,2026-09-22 00:00:00,51-52,27,68,0,49,6,NW,354,SE,,,1,Cerah,Sunny,https://api-apps.bmkg.go.id/storage/icon/cuaca/cerah-pm.svg,2026-09-21T16:00:00Z
73,73.71,73.71.06,73.71.06.1006,73.71.06.1006,Sulawesi Selatan,Kota Makassar,Bontoala,Layang,2026-09-19T12:00:00,2026-09-21 19:00:00,2026-09-22 03:00:00,54-55,27,66,0,37,8.3,NE,87,SW,,,1,Cerah,Sunny,https://api-apps.bmkg.go.id/storage/icon/cuaca/cerah-pm.svg,2026-09-21T19:00:00Z
73,73.71,73.71.06,73.71.06.1006,73.71.06.1006,Sulawesi Selatan,Kota Makassar,Bontoala,Layang,2026-09-19T12:00:00,2026-09-21 22:00:00,2026-09-22 06:00:00,57-58,27,69,0,3,2.9,N,12,S,,,0,Cerah,Sunny,https://api-apps.bmkg.go.id/storage/icon/cuaca/cerah-am.svg,2026-09-21T22:00:00Z
73,73.71,73.71.06,73.71.06.1007,73.71.06.1007,Sulawesi Selatan,Kota Makassar,Bontoala,Parang Layang,2026-09-19T12:00:00,2026-09-19 16:00:00,2026-09-20 00:00:00,3-4,27,67,0,2,6.1,N,13,S,,,0,Cerah,Sunny,https://api-apps.bmkg.go.id/storage/icon/cuaca/cerah-pm.svg,2026-09-19T16:00:00Z
73,73.71,73.71.06,73.71.06.1007,73.71.06.1007,Sulawesi Selatan,Kota Makassar,Bontoala,Parang Layang,2026-09-19T12:00:00,2026-09-19 19:00:00,2026-09-20 03:00:00,6-7,27,69,0,38,14.6,NE,55,SW,,,1,Cerah,Sunny,https://api-apps.bmkg.go.id/storage/icon/cuaca/cerah-pm.svg,2026-09-19T19:00:00Z
73,73.71,73.71.06,73.71.06.1007,73.71.06.1007,Sulawesi Selatan,Kota Makassar,Bontoala,Parang Layang,2026-09-19T12:00:00,2026-09-19 22:00:00,2026-09-20 06:00:00,9-10,27,66,0,5,6.1,E,96,W,,,0,Cerah,Sunny,https://api-apps.bmkg.go.id/storage/icon/cuaca/cerah-am.svg,2026-09-19T22:00:00Z
73,73.71,73.71.06,73.71.06.1007,73.71.06.1007,Sulawesi Selatan,Kota Makassar,Bontoala,Parang Layang,2026-09-19T12:00:00,2026-09-20 01:00:00,2026-09-20 09:00:00,12-13,30,57,0,20,16.2,SW,264,NE,,,1,Cerah,Sunny,https://api-apps.bmkg.go.id/storage/icon/cuaca/cerah-am.svg,2026-09-20T01:00:00Z
73,73.71,73.71.06,73.71.06.1007,73.71.06.1007,Sulawesi Selatan,Kota Makassar,Bontoala,Parang Layang,2026-09-19T12:00:00,2026-09-20 04:00:00,2026-09-20 12:00:00,15-16,30,63,0,21,18.1,SW,256,NE,,,1,Cerah,Sunny,https://api-apps.bmkg.go.id/storage/icon/cuaca/cerah-am.svg,2026-09-20T04:00:00Z
73,73.71,73.71.06,73.71.06.1007,73.71.06.1007,Sulawesi Selatan,Kota Makassar,Bontoala,Parang Layang,2026-09-19T12:00:00,2026-09-20 07:00:00,2026-09-20 15:00:00,18-19,29,69,0,26,20,SW,260,NE,,,1,Cerah,Sunny,https://api-apps.bmkg.go.id/storage/icon/cuaca/cerah-am.svg,2026-09-20T07:00:00Z
73,73.71,73.71.06,73.71.06.1007,73.71.06.1007,Sulawesi Selatan,Kota Makassar,Bontoala,Parang Layang,2026-09-19T12:00:00,2026-09-20 10:00:00,2026-09-20 18:00:00,21-22,28,78,0,9,2.4,W,312,E,,,0,Cerah,Sunny,https://api-apps.bmkg.go.id/storage/icon/cuaca/cerah-pm.svg,2026-09-20T10:00:00Z
73,73.71,73.71.06,73.71.06.1007,73.71.06.1007,Sulawesi Selatan,Kota Makassar,Bontoala,Parang Layang,2026-09-19T12:00:00,2026-09-20 13:00:00,2026-09-20 21:00:00,24-25,28,68,0,0,10,N,41,S,,,0,Cerah,Sunny,https://api-apps.bmkg.go.id/storage/icon/cuaca/cerah-pm.svg,2026-09-20T13:00:00Z
73,73.71,73.71.06,73.71.06.1007,73.71.06.1007,Sulawesi Selatan,Kota Makassar,Bontoala,Parang Layang,2026-09-19T12:00:00,2026-09-20 16:00:00,2026-09-21 00:00:00,27-28,27,69,0,1,1,N,20,S,,,0,Cerah,Sunny,https://api-apps.bmkg.go.id/storage/icon/cuaca/cerah-pm.svg,2026-09-20T16:00:00Z
73,73.71,73.71.06,73.71.06.1007,73.71.06.1007,Sulawesi Selatan,Kota Makassar,Bontoala,Parang Layang,2026-09-19T12:00:00,2026-09-20 19:00:00,2026-09-21 03:00:00,30-31,27,70,0,8,9.1,NE,48,SW,,,0,Cerah,Sunny,https://api-apps.bmkg.go.id/storage/icon/cuaca/cerah-pm.svg,2026-09-20T19:00:00Z
73,73.71,73.71.06,73.71.06.1007,73.71.06.1007,Sulawesi Selatan,Kota Makassar,Bontoala,Parang Layang,2026-09-19T12:00:00,2026-09-20 22:00:00,2026-09-21 06:00:00,33-34,27,69,0,59,5.5,E,121,W,,,1,Cerah,Sunny,https://api-apps.bmkg.go.id/storage/icon/cuaca/cerah-am.svg,2026-09-20T22:00:00Z
73,73.71,73.71.06,73.71.06.1007,73.71.06.1007,Sulawesi Selatan,Kota Makassar,Bontoala,Parang Layang,2026-09-19T12:00:00,2026-09-21 01:00:00,2026-09-21 09:00:00,36-37,30,64,0,39,18.3,SW,243,NE,,,1,Cerah,Sunny,https://api-apps.bmkg.go.id/storage/icon/cuaca/cerah-am.svg,2026-09-21T01:00:00Z
73,73.71,73.71.06,73.71.06.1007,73.71.06.1007,Sulawesi Selatan,Kota Makassar,Bontoala,Parang Layang,2026-09-19T12:00:00,2026-09-21 04:00:00,2026-09-21 12:00:00,39-40,30,68,0,21,20.3,SW,240,NE,,,1,Cerah,Sunny,https://api-apps.bmkg.go.id/storage/icon/cuaca/cerah-am.svg,2026-09-21T04:00:00Z
73,73.71,73.71.06,73.71.06.1007,73.71.06.1007,Sulawesi Selatan,Kota Makassar,Bontoala,Parang Layang,2026-09-19T12:00:00,2026-09-21 07:00:00,2026-09-21 15:00:00,42-43,30,69,0,32,6.3,W,277,E,,,1,Cerah,Sunny,https://api-apps.bmkg.go.id/storage/icon/cuaca/cerah-am.svg,2026-09-21T07:00:00Z
73,73.71,73.71.06,73.71.06.1007,73.71.06.1007,Sulawesi Selatan,Kota Makassar,Bontoala,Parang Layang,2026-09-19T12:00:00,2026-09-21 10:00:00,2026-09-21 18:00:00,45-46,30,70,0,25,13.6,N,26,S,,,1,Cerah,Sunny,https://api-apps.bmkg.go.id/storage/icon/cuaca/cerah-pm.svg,2026-09-21T10:00:00Z
73,73.71,73.71.06,73.71.06.1007,73.71.06.1007,Sulawesi Selatan,Kota Makassar,Bontoala,Parang Layang,2026-09-19T12:00:00,2026-09-21 13:00:00,2026-09-21 21:00:00,48-49,29,58,0,41,1.7,SE,170,NW,,,1,Cerah,Sunny,https://api-apps.bmkg.go.id/storage/icon/cuaca/cerah-pm.svg,2026-09-21T13:00:00Z
73,73.71,73.71.06,73.71.06.1007,73.71.06.1007,Sulawesi Selatan,Kota Makassar,Bontoala,Parang Layang,2026-09-19T12:00:00,2026-09-21 16:00:00,2026-09-22 00:00:00,51-52,27,68,0,49,6,NW,354,SE,,,1,Cerah,Sunny,https://api-apps.bmkg.go.id/storage/icon/cuaca/cerah-pm.svg,2026-09-21T16:00:00Z
73,73.71,73.71.06,73.71.06.1007,73.71.06.1007,Sulawesi Selatan,Kota Makassar,Bontoala,Parang Layang,2026-09-19T12:00:00,2026-09-21 19:00:00,2026-09-22 03:00:00,54-55,27,66,0,37,8.3,NE,87,SW,,,1,Cerah,Sunny,https://api-apps.bmkg.go.id/storage/icon/cuaca/cerah-pm.svg,2026-09-21T19:00:00Z
73,73.71,73.71.06,73.71.06.1007,73.71.06.1007,Sulawesi Selatan,Kota Makassar,Bontoala,Parang Layang,2026-09-19T12:00:00,2026-09-21 22:00:00,2026-09-22 06:00:00,57-58,27,69,0,3,2.9,N,12,S,,,0,Cerah,Sunny,https://api-apps.bmkg.go.id/storage/icon/cuaca/cerah-am.svg,2026-09-21T22:00:00Z
73,73.71,73.71.06,73.71.06.1008,73.71.06.1008,Sulawesi Selatan,Kota Makassar,Bontoala,Bontoala Tua,2026-09-19T12:00:00,2026-09-19 16:00:00,2026-09-20 00:00:00,3-4,27,67,0,2,6.1,N,13,S,,,0,Cerah,Sunny,https://api-apps.bmkg.go.id/storage/icon/cuaca/cerah-pm.svg,2026-09-19T16:00:00Z
73,73.71,73.71.06,73.71.06.1008,73.71.06.1008,Sulawesi Selatan,Kota Makassar,Bontoala,Bontoala Tua,2026-09-19T12:00:00,2026-09-19 19:00:00,2026-09-20 03:00:00,6-7,27,69,0,38,14.6,NE,55,SW,,,1,Cerah,Sunny,https://api-apps.bmkg.go.id/storage/icon/cuaca/cerah-pm.svg,2026-09-19T19:00:00Z
73,73.71,73.71.06,73.71.06.1008,73.71.06.1008,Sulawesi Selatan,Kota Makassar,Bontoala,Bontoala Tua,2026-09-19T12:00:00,2026-09-19 22:00:00,2026-09-20 06:00:00,9-10,27,66,0,5,6.1,E,96,W,,,0,Cerah,Sunny,https://api-apps.bmkg.go.id/storage/icon/cuaca/cerah-am.svg,2026-09-19T22:00:00Z
73,73.71,73.71.06,73.71.06.1008,73.71.06.1008,Sulawesi Selatan,Kota Makassar,Bontoala,Bontoala Tua,2026-09-19T12:00:00,2026-09-20 01:00:00,2026-09-20 09:00:00,12-13,30,57,0,20,16.2,SW,264,NE,,,1,Cerah,Sunny,https://api-apps.bmkg.go.id/storage/icon/cuaca/cerah-am.svg,2026-09-20T01:00:00Z
73,73.71,73.71.06,73.71.06.1008,73.71.06.1008,Sulawesi Selatan,Kota Makassar,Bontoala,Bontoala Tua,2026-09-19T12:00:00,2026-09-20 04:00:00,2026-09-20 12:00:00,15-16,30,63,0,21,18.1,SW,256,NE,,,1,Cerah,Sunny,https://api-apps.bmkg.go.id/storage/icon/cuaca/cerah-am.svg,2026-09-20T04:00:00Z
73,73.71,73.71.06,73.71.06.1008,73.71.06.1008,Sulawesi Selatan,Kota Makassar,Bontoala,Bontoala Tua,2026-09-19T12:00:00,2026-09-20 07:00:00,2026-09-20 15:00:00,18-19,29,69,0,26,20,SW,260,NE,,,1,Cerah,Sunny,https://api-apps.bmkg.go.id/storage/icon/cuaca/cerah-am.svg,2026-09-20T07:00:00Z
73,73.71,73.71.06,73.71.06.1008,73.71.06.1008,Sulawesi Selatan,Kota Makassar,Bontoala,Bontoala Tua,2026-09-19T12:00:00,2026-09-20 10:00:00,2026-09-20 18:00:00,21-22,28,78,0,9,2.4,W,312,E,,,0,Cerah,Sunny,https://api-apps.bmkg.go.id/storage/icon/cuaca/cerah-pm.svg,2026-09-20T10:00:00Z
73,73.71,73.71.06,73.71.06.1008,73.71.06.1008,Sulawesi Selatan,Kota Makassar,Bontoala,Bontoala Tua,2026-09-19T12:00:00,2026-09-20 13:00:00,2026-09-20 21:00:00,24-25,28,68,0,0,10,N,41,S,,,0,Cerah,Sunny,https://api-apps.bmkg.go.id/storage/icon/cuaca/cerah-pm.svg,2026-09-20T13:00:00Z
73,73.71,73.71.06,73.71.06.1008,73.71.06.1008,Sulawesi Selatan,Kota Makassar,Bontoala,Bontoala Tua,2026-09-19T12:00:00,2026-09-20 16:00:00,2026-09-21 00:00:00,27-28,27,69,0,1,1,N,20,S,,,0,Cerah,Sunny,https://api-apps.bmkg.go.id/storage/icon/cuaca/cerah-pm.svg,2026-09-20T16:00:00Z
73,73.71,73.71.06,73.71.06.1008,73.71.06.1008,Sulawesi Selatan,Kota Makassar,Bontoala,Bontoala Tua,2026-09-19T12:00:00,2026-09-20 19:00:00,2026-09-21 03:00:00,30-31,27,70,0,8,9.1,NE,48,SW,,,0,Cerah,Sunny,https://api-apps.bmkg.go.id/storage/icon/cuaca/cerah-pm.svg,2026-09-20T19:00:00Z
73,73.71,73.71.06,73.71.06.1008,73.71.06.1008,Sulawesi Selatan,Kota Makassar,Bontoala,Bontoala Tua,2026-09-19T12:00:00,2026-09-20 22:00:00,2026-09-21 06:00:00,33-34,27,69,0,59,5.5,E,121,W,,,1,Cerah,Sunny,https://api-apps.bmkg.go.id/storage/icon/cuaca/cerah-am.svg,2026-09-20T22:00:00Z
73,73.71,73.71.06,73.71.06.1008,73.71.06.1008,Sulawesi Selatan,Kota Makassar,Bontoala,Bontoala Tua,2026-09-19T12:00:00,2026-09-21 01:00:00,2026-09-21 09:00:00,36-37,30,64,0,39,18.3,SW,243,NE,,,1,Cerah,Sunny,https://api-apps.bmkg.go.id/storage/icon/cuaca/cerah-am.svg,2026-09-21T01:00:00Z
73,73.71,73.71.06,73.71.06.1008,73.71.06.1008,Sulawesi Selatan,Kota Makassar,Bontoala,Bontoala Tua,2026-09-19T12:00:00,2026-09-21 04:00:00,2026-09-21 12:00:00,39-40,30,68,0,21,20.3,SW,240,NE,,,1,Cerah,Sunny,https://api-apps.bmkg.go.id/storage/icon/cuaca/cerah-am.svg,2026-09-21T04:00:00Z
73,73.71,73.71.06,73.71.06.1008,73.71.06.1008,Sulawesi Selatan,Kota Makassar,Bontoala,Bontoala Tua,2026-09-19T12:00:00,2026-09-21 07:00:00,2026-09-21 15:00:00,42-43,30,69,0,32,6.3,W,277,E,,,1,Cerah,Sunny,https://api-apps.bmkg.go.id/storage/icon/cuaca/cerah-am.svg,2026-09-21T07:00:00Z
73,73.71,73.71.06,73.71.06.1008,73.71.06.1008,Sulawesi Selatan,Kota Makassar,Bontoala,Bontoala Tua,2026-09-19T12:00:00,2026-09-21 10:00:00,2026-09-21 18:00:00,45-46,30,70,0,25,13.6,N,26,S,,,1,Cerah,Sunny,https://api-apps.bmkg.go.id/storage/icon/cuaca/cerah-pm.svg,2026-09-21T10:00:00Z
73,73.71,73.71.06,73.71.06.1008,73.71.06.1008,Sulawesi Selatan,Kota Makassar,Bontoala,Bontoala Tua,2026-09-19T12:00:00,2026-09-21 13:00:00,2026-09-21 21:00:00,48-49,29,58,0,41,1.7,SE,170,NW,,,1,Cerah,Sunny,https://api-apps.bmkg.go.id/storage/icon/cuaca/cerah-pm.svg,2026-09-21T13:00:00Z
73,73.71,73.71.06,73.71.06.1008,73.71.06.1008,Sulawesi Selatan,Kota Makassar,Bontoala,Bontoala Tua,2026-09-19T12:00:00,2026-09-21 16:00:00,2026-09-22 00:00:00,51-52,27,68,0,49,6,NW,354,SE,,,1,Cerah,Sunny,https://api-apps.bmkg.go.id/storage/icon/cuaca/cerah-pm.svg,2026-09-21T16:00:00Z
73,73.71,73.71.06,73.71.06.1008,73.71.06.1008,Sulawesi Selatan,Kota Makassar,Bontoala,Bontoala Tua,2026-09-19T12:00:00,2026-09-21 19:00:00,2026-09-22 03:00:00,54-55,27,66,0,37,8.3,NE,87,SW,,,1,Cerah,Sunny,https://api-apps.bmkg.go.id/storage/icon/cuaca/cerah-pm.svg,2026-09-21T19:00:00Z
73,73.71,73.71.06,73.71.06.1008,73.71.06.1008,Sulawesi Selatan,Kota Makassar,Bontoala,Bontoala Tua,2026-09-19T12:00:00,2026-09-21 22:00:00,2026-09-22 06:00:00,57-58,27,69,0,3,2.9,N,12,S,,,0,Cerah,Sunny,https://api-apps.bmkg.go.id/storage/icon/cuaca/cerah-am.svg,2026-09-21T22:00:00Z
73,73.71,73.71.06,73.71.06.1009,73.71.06.1009,Sulawesi Selatan,Kota Makassar,Bontoala,Bontoala Parang,2026-09-19T12:00:00,2026-09-19 16:00:00,2026-09-20 00:00:00,3-4,27,67,0,2,6.1,N,13,S,,,0,Cerah,Sunny,https://api-apps.bmkg.go.id/storage/icon/cuaca/cerah-pm.svg,2026-09-19T16:00:00Z
73,73.71,73.71.06,73.71.06.1009,73.71.06.1009,Sulawesi Selatan,Kota Makassar,Bontoala,Bontoala Parang,2026-09-19T12:00:00,2026-09-19 19:00:00,2026-09-20 03:00:00,6-7,27,69,0,38,14.6,NE,55,SW,,,1,Cerah,Sunny,https://api-apps.bmkg.go.id/storage/icon/cuaca/cerah-pm.svg,2026-09-19T19:00:00Z
73,73.71,73.71.06,73.71.06.1009,73.71.06.1009,Sulawesi Selatan,Kota Makassar,Bontoala,Bontoala Parang,2026-09-19T12:00:00,2026-09-19 22:00:00,2026-09-20 06:00:00,9-10,27,66,0,5,6.1,E,96,W,,,0,Cerah,Sunny,https://api-apps.bmkg.go.id/storage/icon/cuaca/cerah-am.svg,2026-09-19T22:00:00Z
73,73.71,73.71.06,73.71.06.1009,73.71.06.1009,Sulawesi Selatan,Kota Makassar,Bontoala,Bontoala Parang,2026-09-19T12:00:00,2026-09-20 01:00:00,2026-09-20 09:00:00,12-13,30,57,0,20,16.2,SW,264,NE,,,1,Cerah,Sunny,https://api-apps.bmkg.go.id/storage/icon/cuaca/cerah-am.svg,2026-09-20T01:00:00Z
73,73.71,73.71.06,73.71.06.1009,73.71.06.1009,Sulawesi Selatan,Kota Makassar,Bontoala,Bontoala Parang,2026-09-19T12:00:00,2026-09-20 04:00:00,2026-09-20 12:00:00,15-16,30,63,0,21,18.1,SW,256,NE,,,1,Cerah,Sunny,https://api-apps.bmkg.go.id/storage/icon/cuaca/cerah-am.svg,2026-09-20T04:00:00Z
73,73.71,73.71.06,73.71.06.1009,73.71.06.1009,Sulawesi Selatan,Kota Makassar,Bontoala,Bontoala Parang,2026-09-19T12:00:00,2026-09-20 07:00:00,2026-09-20 15:00:00,18-19,29,69,0,26,20,SW,260,NE,,,1,Cerah,Sunny,https://api-apps.bmkg.go.id/storage/icon/cuaca/cerah-am.svg,2026-09-20T07:00:00Z
73,73.71,73.71.06,73.71.06.1009,73.71.06.1009,Sulawesi Selatan,Kota Makassar,Bontoala,Bontoala Parang,2026-09-19T12:00:00,2026-09-20 10:00:00,2026-09-20 18:00:00,21-22,28,78,0,9,2.4,W,312,E,,,0,Cerah,Sunny,https://api-apps.bmkg.go.id/storage/icon/cuaca/cerah-pm.svg,2026-09-20T10:00:00Z
73,73.71,73.71.06,73.71.06.1009,73.71.06.1009,Sulawesi Selatan,Kota Makassar,Bontoala,Bontoala Parang,2026-09-19T12:00:00,2026-09-20 13:00:00,2026-09-20 21:00:00,24-25,28,68,0,0,10,N,41,S,,,0,Cerah,Sunny,https://api-apps.bmkg.go.id/storage/icon/cuaca/cerah-pm.svg,2026-09-20T13:00:00Z
73,73.71,73.71.06,73.71.06.1009,73.71.06.1009,Sulawesi Selatan,Kota Makassar,Bontoala,Bontoala Parang,2026-09-19T12:00:00,2026-09-20 16:00:00,2026-09-21 00:00:00,27-28,27,69,0,1,1,N,20,S,,,0,Cerah,Sunny,https://api-apps.bmkg.go.id/storage/icon/cuaca/cerah-pm.svg,2026-09-20T16:00:00Z
73,73.71,73.71.06,73.71.06.1009,73.71.06.1009,Sulawesi Selatan,Kota Makassar,Bontoala,Bontoala Parang,2026-09-19T12:00:00,2026-09-20 19:00:00,2026-09-21 03:00:00,30-31,27,70,0,8,9.1,NE,48,SW,,,0,Cerah,Sunny,https://api-apps.bmkg.go.id/storage/icon/cuaca/cerah-pm.svg,2026-09-20T19:00:00Z
73,73.71,73.71.06,73.71.06.1009,73.71.06.1009,Sulawesi Selatan,Kota Makassar,Bontoala,Bontoala Parang,2026-09-19T12:00:00,2026-09-20 22:00:00,2026-09-21 06:00:00,33-34,27,69,0,59,5.5,E,121,W,,,1,Cerah,Sunny,https://api-apps.bmkg.go.id/storage/icon/cuaca/cerah-am.svg,2026-09-20T22:00:00Z
73,73.71,73.71.06,73.71.06.1009,73.71.06.1009,Sulawesi Selatan,Kota Makassar,Bontoala,Bontoala Parang,2026-09-19T12:00:00,2026-09-21 01:00:00,2026-09-21 09:00:00,36-37,30,64,0,39,18.3,SW,243,NE,,,1,Cerah,Sunny,https://api-apps.bmkg.go.id/storage/icon/cuaca/cerah-am.svg,2026-09-21T01:00:00Z
73,73.71,73.71.06,73.71.06.1009,73.71.06.1009,Sulawesi Selatan,Kota Makassar,Bontoala,Bontoala Parang,2026-09-19T12:00:00,2026-09-21 04:00:00,2026-09-21 12:00:00,39-40,30,68,0,21,20.3,SW,240,NE,,,1,Cerah,Sunny,https://api-apps.bmkg.go.id/storage/icon/cuaca/cerah-am.svg,2026-09-21T04:00:00Z
73,73.71,73.71.06,73.71.06.1009,73.71.06.1009,Sulawesi Selatan,Kota Makassar,Bontoala,Bontoala Parang,2026-09-19T12:00:00,2026-09-21 07:00:00,2026-09-21 15:00:00,42-43,30,69,0,32,6.3,W,277,E,,,1,Cerah,Sunny,https://api-apps.bmkg.go.id/storage/icon/cuaca/cerah-am.svg,2026-09-21T07:00:00Z
73,73.71,73.71.06,73.71.06.1009,73.71.06.1009,Sulawesi Selatan,Kota Makassar,Bontoala,Bontoala Parang,2026-09-19T12:00:00,2026-09-21 10:00:00,2026-09-21 18:00:00,45-46,30,70,0,25,13.6,N,26,S,,,1,Cerah,Sunny,https://api-apps.bmkg.go.id/storage/icon/cuaca/cerah-pm.svg,2026-09-21T10:00:00Z
73,73.71,73.71.06,73.71.06.1009,73.71.06.1009,Sulawesi Selatan,Kota Makassar,Bontoala,Bontoala Parang,2026-09-19T12:00:00,2026-09-21 13:00:00,2026-09-21 21:00:00,48-49,29,58,0,41,1.7,SE,170,NW,,,1,Cerah,Sunny,https://api-apps.bmkg.go.id/storage/icon/cuaca/cerah-pm.svg,2026-09-21T13:00:00Z
73,73.71,73.71.06,73.71.06.1009,73.71.06.1009,Sulawesi Selatan,Kota Makassar,Bontoala,Bontoala Parang,2026-09-19T12:00:00,2026-09-21 16:00:00,2026-09-22 00:00:00,51-52,27,68,0,49,6,NW,354,SE,,,1,Cerah,Sunny,https://api-apps.bmkg.go.id/storage/icon/cuaca/cerah-pm.svg,2026-09-21T16:00:00Z
73,73.71,73.71.06,73.71.06.1009,73.71.06.1009,Sulawesi Selatan,Kota Makassar,Bontoala,Bontoala Parang,2026-09-19T12:00:00,2026-09-21 19:00:00,2026-09-22 03:00:00,54-55,27,66,0,37,8.3,NE,87,SW,,,1,Cerah,Sunny,https://api-apps.bmkg.go.id/storage/icon/cuaca/cerah-pm.svg,2026-09-21T19:00:00Z
73,73.71,73.71.06,73.71.06.1009,73.71.06.1009,Sulawesi Selatan,Kota Makassar,Bontoala,Bontoala Parang,2026-09-19T12:00:00,2026-09-21 22:00:00,2026-09-22 06:00:00,57-58,27,69,0,3,2.9,N,12,S,,,0,Cerah,Sunny,https://api-apps.bmkg.go.id/storage/icon/cuaca/cerah-am.svg,2026-09-21T22:00:00Z
73,73.71,73.71.06,73.71.06.1010,73.71.06.1010,Sulawesi Selatan,Kota Makassar,Bontoala,Tompo Balang,2026-09-19T12:00:00,2026-09-19 16:00:00,2026-09-20 00:00:00,3-4,27,67,0,2,6.1,N,13,S,,,0,Cerah,Sunny,https://api-apps.bmkg.go.id/storage/icon/cuaca/cerah-pm.svg,2026-09-19T16:00:00Z
73,73.71,73.71.06,73.71.06.1010,73.71.06.1010,Sulawesi Selatan,Kota Makassar,Bontoala,Tompo Balang,2026-09-19T12:00:00,2026-09-19 19:00:00,2026-09-20 03:00:00,6-7,27,69,0,38,14.6,NE,55,SW,,,1,Cerah,Sunny,https://api-apps.bmkg.go.id/storage/icon/cuaca/cerah-pm.svg,2026-09-19T19:00:00Z
73,73.71,73.71.06,73.71.06.1010,73.71.06.1010,Sulawesi Selatan,Kota Makassar,Bontoala,Tompo Balang,2026-09-19T12:00:00,2026-09-19 22:00:00,2026-09-20 06:00:00,9-10,27,66,0,5,6.1,E,96,W,,,0,Cerah,Sunny,https://api-apps.bmkg.go.id/storage/icon/cuaca/cerah-am.svg,2026-09-19T22:00:00Z
73,73.71,73.71.06,73.71.06.1010,73.71.06.1010,Sulawesi Selatan,Kota Makassar,Bontoala,Tompo Balang,2026-09-19T12:00:00,2026-09-20 01:00:00,2026-09-20 09:00:00,12-13,30,57,0,20,16.2,SW,264,NE,,,1,Cerah,Sunny,https://api-apps.bmkg.go.id/storage/icon/cuaca/cerah-am.svg,2026-09-20T01:00:00Z
73,73.71,73.71.06,73.71.06.1010,73.71.06.1010,Sulawesi Selatan,Kota Makassar,Bontoala,Tompo Balang,2026-09-19T12:00:00,2026-09-20 04:00:00,2026-09-20 12:00:00,15-16,30,63,0,21,18.1,SW,256,NE,,,1,Cerah,Sunny,https://api-apps.bmkg.go.id/storage/icon/cuaca/cerah-am.svg,2026-09-20T04:00:00Z
73,73.71,73.71.06,73.71.06.1010,73.71.06.1010,Sulawesi Selatan,Kota Makassar,Bontoala,Tompo Balang,2026-09-19T12:00:00,2026-09-20 07:00:00,2026-09-20 15:00:00,18-19,29,69,0,26,20,SW,260,NE,,,1,Cerah,Sunny,https://api-apps.bmkg.go.id/storage/icon/cuaca/cerah-am.svg,2026-09-20T07:00:00Z
73,73.71,73.71.06,73.71.06.1010,73.71.06.1010,Sulawesi Selatan,Kota Makassar,Bontoala,Tompo Balang,2026-09-19T12:00:00,2026-09-20 10:00:00,2026-09-20 18:00:00,21-22,28,78,0,9,2.4,W,312,E,,,0,Cerah,Sunny,https://api-apps.bmkg.go.id/storage/icon/cuaca/cerah-pm.svg,2026-09-20T10:00:00Z
73,73.71,73.71.06,73.71.06.1010,73.71.06.1010,Sulawesi Selatan,Kota Makassar,Bontoala,Tompo Balang,2026-09-19T12:00:00,2026-09-20 13:00:00,2026-09-20 21:00:00,24-25,28,68,0,0,10,N,41,S,,,0,Cerah,Sunny,https://api-apps.bmkg.go.id/storage/icon/cuaca/cerah-pm.svg,2026-09-20T13:00:00Z
73,73.71,73.71.06,73.71.06.1010,73.71.06.1010,Sulawesi Selatan,Kota Makassar,Bontoala,Tompo Balang,2026-09-19T12:00:00,2026-09-20 16:00:00,2026-09-21 00:00:00,27-28,27,69,0,1,1,N,20,S,,,0,Cerah,Sunny,https://api-apps.bmkg.go.id/storage/icon/cuaca/cerah-pm.svg,2026-09-20T16:00:00Z
73,73.71,73.71.06,73.71.06.1010,73.71.06.1010,Sulawesi Selatan,Kota Makassar,Bontoala,Tompo Balang,2026-09-19T12:00:00,2026-09-20 19:00:00,2026-09-21 03:00:00,30-31,27,70,0,8,9.1,NE,48,SW,,,0,Cerah,Sunny,https://api-apps.bmkg.go.id/storage/icon/cuaca/cerah-pm.svg,2026-09-20T19:00:00Z
73,73.71,73.71.06,73.71.06.1010,73.71.06.1010,Sulawesi Selatan,Kota Makassar,Bontoala,Tompo Balang,2026-09-19T12:00:00,2026-09-20 22:00:00,2026-09-21 06:00:00,33-34,27,69,0,59,5.5,E,121,W,,,1,Cerah,Sunny,https://api-apps.bmkg.go.id/storage/icon/cuaca/cerah-am.svg,2026-09-20T22:00:00Z
73,73.71,73.71.06,73.71.06.1010,73.71.06.1010,Sulawesi Selatan,Kota Makassar,Bontoala,Tompo Balang,2026-09-19T12:00:00,2026-09-21 01:00:00,2026-09-21 09:00:00,36-37,30,64,0,39,18.3,SW,243,NE,,,1,Cerah,Sunny,https://api-apps.bmkg.go.id/storage/icon/cuaca/cerah-am.svg,2026-09-21T01:00:00Z
73,73.71,73.71.06,73.71.06.1010,73.71.06.1010,Sulawesi Selatan,Kota Makassar,Bontoala,Tompo Balang,2026-09-19T12:00:00,2026-09-21 04:00:00,2026-09-21 12:00:00,39-40,30,68,0,21,20.3,SW,240,NE,,,1,Cerah,Sunny,https://api-apps.bmkg.go.id/storage/icon/cuaca/cerah-am.svg,2026-09-21T04:00:00Z
73,73.71,73.71.06,73.71.06.1010,73.71.06.1010,Sulawesi Selatan,Kota Makassar,Bontoala,Tompo Balang,2026-09-19T12:00:00,2026-09-21 07:00:00,2026-09-21 15:00:00,42-43,30,69,0,32,6.3,W,277,E,,,1,Cerah,Sunny,https://api-apps.bmkg.go.id/storage/icon/cuaca/cerah-am.svg,2026-09-21T07:00:00Z
73,73.71,73.71.06,73.71.06.1010,73.71.06.1010,Sulawesi Selatan,Kota Makassar,Bontoala,Tompo Balang,2026-09-19T12:00:00,2026-09-21 10:00:00,2026-09-21 18:00:00,45-46,30,70,0,25,13.6,N,26,S,,,1,Cerah,Sunny,https://api-apps.bmkg.go.id/storage/icon/cuaca/cerah-pm.svg,2026-09-21T10:00:00Z
73,73.71,73.71.06,73.71.06.1010,73.71.06.1010,Sulawesi Selatan,Kota Makassar,Bontoala,Tompo Balang,2026-09-19T12:00:00,2026-09-21 13:00:00,2026-09-21 21:00:00,48-49,29,58,0,41,1.7,SE,170,NW,,,1,Cerah,Sunny,https://api-apps.bmkg.go.id/storage/icon/cuaca/cerah-pm.svg,2026-09-21T13:00:00Z
73,73.71,73.71.06,73.71.06.1010,73.71.06.1010,Sulawesi Selatan,Kota Makassar,Bontoala,Tompo Balang,2026-09-19T12:00:00,2026-09-21 16:00:00,2026-09-22 00:00:00,51-52,27,68,0,49,6,NW,354,SE,,,1,Cerah,Sunny,https://api-apps.bmkg.go.id/storage/icon/cuaca/cerah-pm.svg,2026-09-21T16:00:00Z
73,73.71,73.71.06,73.71.06.1010,73.71.06.1010,Sulawesi Selatan,Kota Makassar,Bontoala,Tompo Balang,2026-09-19T12:00:00,2026-09-21 19:00:00,2026-09-22 03:00:00,54-55,27,66,0,37,8.3,NE,87,SW,,,1,Cerah,Sunny,https://api-apps.bmkg.go.id/storage/icon/cuaca/cerah-pm.svg,2026-09-21T19:00:00Z
73,73.71,73.71.06,73.71.06.1010,73.71.06.1010,Sulawesi Selatan,Kota Makassar,Bontoala,Tompo Balang,2026-09-19T12:00:00,2026-09-21 22:00:00,2026-09-22 06:00:00,57-58,27,69,0,3,2.9,N,12,S,,,0,Cerah,Sunny,https://api-apps.bmkg.go.id/storage/icon/cuaca/cerah-am.svg,2026-09-21T22:00:00Z
73,73.71,73.71.06,73.71.06.1011,73.71.06.1011,Sulawesi Selatan,Kota Makassar,Bontoala,Bunga Ejaya,2026-09-19T12:00:00,2026-09-19 15:00:00,2026-09-19 23:00:00,2-3,27,67,0,48,4.3,S,184,N,,,1,Cerah,Sunny,https://api-apps.bmkg.go.id/storage/icon/cuaca/cerah-pm.svg,2026-09-19T15:00:00Z
73,73.71,73.71.06,73.71.06.1011,73.71.06.1011,Sulawesi Selatan,Kota Makassar,Bontoala,Bunga Ejaya,2026-09-19T12:00:00,2026-09-19 18:00:00,2026-09-20 02:00:00,5-6,27,66,0,10,6.1,N,13,S,,,1,Cerah,Sunny,https://api-apps.bmkg.go.id/storage/icon/cuaca/cerah-pm.svg,2026-09-19T18:00:00Z
73,73.71,73.71.06,73.71.06.1011,73.71.06.1011,Sulawesi Selatan,Kota Makassar,Bontoala,Bunga Ejaya,2026-09-19T12:00:00,2026-09-19 21:00:00,2026-09-20 05:00:00,8-9,26,69,0,6,14.6,NE,55,SW,,,0,Cerah,Sunny,https://api-apps.bmkg.go.id/storage/icon/cuaca/cerah-pm.svg,2026-09-19T21:00:00Z
73,73.71,73.71.06,73.71.06.1011,73.71.06.1011,Sulawesi Selatan,Kota Makassar,Bontoala,Bunga Ejaya,2026-09-19T12:00:00,2026-09-20 00:00:00,2026-09-20 08:00:00,11-12,30,55,0,23,6.1,E,96,W,,,1,Cerah,Sunny,https://api-apps.bmkg.go.id/storage/icon/cuaca/cerah-am.svg,2026-09-20T00:00:00Z
73,73.71,73.71.06,73.71.06.1011,73.71.06.1011,Sulawesi Selatan,Kota Makassar,Bontoala,Bunga Ejaya,2026-09-19T12:00:00,2026-09-20 03:00:00,2026-09-20 11:00:00,14-15,29,65,0,26,16.2,SW,264,NE,,,1,Cerah,Sunny,https://api-apps.bmkg.go.id/storage/icon/cuaca/cerah-am.svg,2026-09-20T03:00:00Z
73,73.71,73.71.06,73.71.06.1011,73.71.06.1011,Sulawesi Selatan,Kota Makassar,Bontoala,Bunga Ejaya,2026-09-19T12:00:00,2026-09-20 06:00:00,2026-09-20 14:00:00,17-18,29,66,0,28,18.1,SW,256,NE,,,1,Cerah,Sunny,https://api-apps.bmkg.go.id/storage/icon/cuaca/cerah-am.svg,2026-09-20T06:00:00Z
73,73.71,73.71.06,73.71.06.1011,73.71.06.1011,Sulawesi Selatan,Kota Makassar,Bontoala,Bunga Ejaya,2026-09-19T12:00:00,2026-09-20 09:00:00,2026-09-20 17:00:00,20-21,28,76,0,21,20,SW,260,NE,,,1,Cerah,Sunny,https://api-apps.bmkg.go.id/storage/icon/cuaca/cerah-am.svg,2026-09-20T09:00:00Z
73,73.71,73.71.06,73.71.06.1011,73.71.06.1011,Sulawesi Selatan,Kota Makassar,Bontoala,Bunga Ejaya,2026-09-19T12:00:00,2026-09-20 12:00:00,2026-09-20 20:00:00,23-24,28,76,0,0,2.4,W,312,E,,,0,Cerah,Sunny,https://api-apps.bmkg.go.id/storage/icon/cuaca/cerah-pm.svg,2026-09-20T12:00:00Z
73,73.71,73.71.06,73.71.06.1011,73.71.06.1011,Sulawesi Selatan,Kota Makassar,Bontoala,Bunga Ejaya,2026-09-19T12:00:00,2026-09-20 15:00:00,2026-09-20 23:00:00,26-27,27,67,0,0,10,N,41,S,,,0,Cerah,Sunny,https://api-apps.bmkg.go.id/storage/icon/cuaca/cerah-pm.svg,2026-09-20T15:00:00Z
73,73.71,73.71.06,73.71.06.1011,73.71.06.1011,Sulawesi Selatan,Kota Makassar,Bontoala,Bunga Ejaya,2026-09-19T12:00:00,2026-09-20 18:00:00,2026-09-21 02:00:00,29-30,27,70,0,0,1,N,20,S,,,0,Cerah,Sunny,https://api-apps.bmkg.go.id/storage/icon/cuaca/cerah-pm.svg,2026-09-20T18:00:00Z
73,73.71,73.71.06,73.71.06.1011,73.71.06.1011,Sulawesi Selatan,Kota Makassar,Bontoala,Bunga Ejaya,2026-09-19T12:00:00,2026-09-20 21:00:00,2026-09-21 05:00:00,32-33,26,73,0,63,9.1,NE,48,SW,,,2,Cerah Berawan,Partly Cloudy,https://api-apps.bmkg.go.id/storage/icon/cuaca/cerah berawan-pm.svg,2026-09-20T21:00:00Z
73,73.71,73.71.06,73.71.06.1011,73.71.06.1011,Sulawesi Selatan,Kota Makassar,Bontoala,Bunga Ejaya,2026-09-19T12:00:00,2026-09-21 00:00:00,2026-09-21 08:00:00,35-36,29,62,0,37,5.5,E,121,W,,,1,Cerah,Sunny,https://api-apps.bmkg.go.id/storage/icon/cuaca/cerah-am.svg,2026-09-21T00:00:00Z
73,73.71,73.71.06,73.71.06.1011,73.71.06.1011,Sulawesi Selatan,Kota Makassar,Bontoala,Bunga Ejaya,2026-09-19T12:00:00,2026-09-21 03:00:00,2026-09-21 11:00:00,38-39,30,69,0,16,18.3,SW,243,NE,,,1,Cerah,Sunny,https://api-apps.bmkg.go.id/storage/icon/cuaca/cerah-am.svg,2026-09-21T03:00:00Z
73,73.71,73.71.06,73.71.06.1011,73.71.06.1011,Sulawesi Selatan,Kota Makassar,Bontoala,Bunga Ejaya,2026-09-19T12:00:00,2026-09-21 06:00:00,2026-09-21 14:00:00,41-42,30,69,0,31,20.3,SW,240,NE,,,1,Cerah,Sunny,https://api-apps.bmkg.go.id/storage/icon/cuaca/cerah-am.svg,2026-09-21T06:00:00Z
73,73.71,73.71.06,73.71.06.1011,73.71.06.1011,Sulawesi Selatan,Kota Makassar,Bontoala,Bunga Ejaya,2026-09-19T12:00:00,2026-09-21 09:00:00,2026-09-21 17:00:00,44-45,30,74,0,22,6.3,W,277,E,,,1,Cerah,Sunny,https://api-apps.bmkg.go.id/storage/icon/cuaca/cerah-am.svg,2026-09-21T09:00:00Z
73,73.71,73.71.06,73.71.06.1011,73.71.06.1011,Sulawesi Selatan,Kota Makassar,Bontoala,Bunga Ejaya,2026-09-19T12:00:00,2026-09-21 12:00:00,2026-09-21 20:00:00,47-48,29,57,0,3,13.6,N,26,S,,,0,Cerah,Sunny,https://api-apps.bmkg.go.id/storage/icon/cuaca/cerah-pm.svg,2026-09-21T12:00:00Z
73,73.71,73.71.06,73.71.06.1011,73.71.06.1011,Sulawesi Selatan,Kota Makassar,Bontoala,Bunga Ejaya,2026-09-19T12:00:00,2026-09-21 15:00:00,2026-09-21 23:00:00,50-51,28,66,0,85,1.7,SE,170,NW,,,2,Cerah Berawan,Partly Cloudy,https://api-apps.bmkg.go.id/storage/icon/cuaca/cerah berawan-pm.svg,2026-09-21T15:00:00Z
73,73.71,73.71.06,73.71.06.1012,73.71.06.1012,Sulawesi Selatan,Kota Makassar,Bontoala,Timungan Lompoa,2026-09-19T12:00:00,2026-09-19 16:00:00,2026-09-20 00:00:00,3-4,27,67,0,2,6.1,N,13,S,,,0,Cerah,Sunny,https://api-apps.bmkg.go.id/storage/icon/cuaca/cerah-pm.svg,2026-09-19T16:00:00Z
73,73.71,73.71.06,73.71.06.1012,73.71.06.1012,Sulawesi Selatan,Kota Makassar,Bontoala,Timungan Lompoa,2026-09-19T12:00:00,2026-09-19 19:00:00,2026-09-20 03:00:00,6-7,27,69,0,38,14.6,NE,55,SW,,,1,Cerah,Sunny,https://api-apps.bmkg.go.id/storage/icon/cuaca/cerah-pm.svg,2026-09-19T19:00:00Z
73,73.71,73.71.06,73.71.06.1012,73.71.06.1012,Sulawesi Selatan,Kota Makassar,Bontoala,Timungan Lompoa,2026-09-19T12:00:00,2026-09-19 22:00:00,2026-09-20 06:00:00,9-10,27,66,0,5,6.1,E,96,W,,,0,Cerah,Sunny,https://api-apps.bmkg.go.id/storage/icon/cuaca/cerah-am.svg,2026-09-19T22:00:00Z
73,73.71,73.71.06,73.71.06.1012,73.71.06.1012,Sulawesi Selatan,Kota Makassar,Bontoala,Timungan Lompoa,2026-09-19T12:00:00,2026-09-20 01:00:00,2026-09-20 09:00:00,12-13,30,57,0,20,16.2,SW,264,NE,,,1,Cerah,Sunny,https://api-apps.bmkg.go.id/storage/icon/cuaca/cerah-am.svg,2026-09-20T01:00:00Z
73,73.71,73.71.06,73.71.06.1012,73.71.06.1012,Sulawesi Selatan,Kota Makassar,Bontoala,Timungan Lompoa,2026-09-19T12:00:00,2026-09-20 04:00:00,2026-09-20 12:00:00,15-16,30,63,0,21,18.1,SW,256,NE,,,1,Cerah,Sunny,https://api-apps.bmkg.go.id/storage/icon/cuaca/cerah-am.svg,2026-09-20T04:00:00Z
73,73.71,73.71.06,73.71.06.1012,73.71.06.1012,Sulawesi Selatan,Kota Makassar,Bontoala,Timungan Lompoa,2026-09-19T12:00:00,2026-09-20 07:00:00,2026-09-20 15:00:00,18-19,29,69,0,26,20,SW,260,NE,,,1,Cerah,Sunny,https://api-apps.bmkg.go.id/storage/icon/cuaca/cerah-am.svg,2026-09-20T07:00:00Z
73,73.71,73.71.06,73.71.06.1012,73.71.06.1012,Sulawesi Selatan,Kota Makassar,Bontoala,Timungan Lompoa,2026-09-19T12:00:00,2026-09-20 10:00:00,2026-09-20 18:00:00,21-22,28,78,0,9,2.4,W,312,E,,,0,Cerah,Sunny,https://api-apps.bmkg.go.id/storage/icon/cuaca/cerah-pm.svg,2026-09-20T10:00:00Z
73,73.71,73.71.06,73.71.06.1012,73.71.06.1012,Sulawesi Selatan,Kota Makassar,Bontoala,Timungan Lompoa,2026-09-19T12:00:00,2026-09-20 13:00:00,2026-09-20 21:00:00,24-25,28,68,0,0,10,N,41,S,,,0,Cerah,Sunny,https://api-apps.bmkg.go.id/storage/icon/cuaca/cerah-pm.svg,2026-09-20T13:00:00Z
73,73.71,73.71.06,73.71.06.1012,73.71.06.1012,Sulawesi Selatan,Kota Makassar,Bontoala,Timungan Lompoa,2026-09-19T12:00:00,2026-09-20 16:00:00,2026-09-21 00:00:00,27-28,27,69,0,1,1,N,20,S,,,0,Cerah,Sunny,https://api-apps.bmkg.go.id/storage/icon/cuaca/cerah-pm.svg,2026-09-20T16:00:00Z
73,73.71,73.71.06,73.71.06.1012,73.71.06.1012,Sulawesi Selatan,Kota Makassar,Bontoala,Timungan Lompoa,2026-09-19T12:00:00,2026-09-20 19:00:00,2026-09-21 03:00:00,30-31,27,70,0,8,9.1,NE,48,SW,,,0,Cerah,Sunny,https://api-apps.bmkg.go.id/storage/icon/cuaca/cerah-pm.svg,2026-09-20T19:00:00Z
73,73.71,73.71.06,73.71.06.1012,73.71.06.1012,Sulawesi Selatan,Kota Makassar,Bontoala,Timungan Lompoa,2026-09-19T12:00:00,2026-09-20 22:00:00,2026-09-21 06:00:00,33-34,27,69,0,59,5.5,E,121,W,,,1,Cerah,Sunny,https://api-apps.bmkg.go.id/storage/icon/cuaca/cerah-am.svg,2026-09-20T22:00:00Z
73,73.71,73.71.06,73.71.06.1012,73.71.06.1012,Sulawesi Selatan,Kota Makassar,Bontoala,Timungan Lompoa,2026-09-19T12:00:00,2026-09-21 01:00:00,2026-09-21 09:00:00,36-37,30,64,0,39,18.3,SW,243,NE,,,1,Cerah,Sunny,https://api-apps.bmkg.go.id/storage/icon/cuaca/cerah-am.svg,2026-09-21T01:00:00Z
73,73.71,73.71.06,73.71.06.1012,73.71.06.1012,Sulawesi Selatan,Kota Makassar,Bontoala,Timungan Lompoa,2026-09-19T12:00:00,2026-09-21 04:00:00,2026-09-21 12:00:00,39-40,30,68,0,21,20.3,SW,240,NE,,,1,Cerah,Sunny,https://api-apps.bmkg.go.id/storage/icon/cuaca/cerah-am.svg,2026-09-21T04:00:00Z
73,73.71,73.71.06,73.71.06.1012,73.71.06.1012,Sulawesi Selatan,Kota Makassar,Bontoala,Timungan Lompoa,2026-09-19T12:00:00,2026-09-21 07:00:00,2026-09-21 15:00:00,42-43,30,69,0,32,6.3,W,277,E,,,1,Cerah,Sunny,https://api-apps.bmkg.go.id/storage/icon/cuaca/cerah-am.svg,2026-09-21T07:00:00Z
73,73.71,73.71.06,73.71.06.1012,73.71.06.1012,Sulawesi Selatan,Kota Makassar,Bontoala,Timungan Lompoa,2026-09-19T12:00:00,2026-09-21 10:00:00,2026-09-21 18:00:00,45-46,30,70,0,25,13.6,N,26,S,,,1,Cerah,Sunny,https://api-apps.bmkg.go.id/storage/icon/cuaca/cerah-pm.svg,2026-09-21T10:00:00Z
73,73.71,73.71.06,73.71.06.1012,73.71.06.1012,Sulawesi Selatan,Kota Makassar,Bontoala,Timungan Lompoa,2026-09-19T12:00:00,2026-09-21 13:00:00,2026-09-21 21:00:00,48-49,29,58,0,41,1.7,SE,170,NW,,,1,Cerah,Sunny,https://api-apps.bmkg.go.id/storage/icon/cuaca/cerah-pm.svg,2026-09-21T13:00:00Z
73,73.71,73.71.06,73.71.06.1012,73.71.06.1012,Sulawesi Selatan,Kota Makassar,Bontoala,Timungan Lompoa,2026-09-19T12:00:00,2026-09-21 16:00:00,2026-09-22 00:00:00,51-52,27,68,0,49,6,NW,354,SE,,,1,Cerah,Sunny,https://api-apps.bmkg.go.id/storage/icon/cuaca/cerah-pm.svg,2026-09-21T16:00:00Z
73,73.71,73.71.06,73.71.06.1012,73.71.06.1012,Sulawesi Selatan,Kota Makassar,Bontoala,Timungan Lompoa,2026-09-19T12:00:00,2026-09-21 19:00:00,2026-09-22 03:00:00,54-55,27,66,0,37,8.3,NE,87,SW,,,1,Cerah,Sunny,https://api-apps.bmkg.go.id/storage/icon/cuaca/cerah-pm.svg,2026-09-21T19:00:00Z
73,73.71,73.71.06,73.71.06.1012,73.71.06.1012,Sulawesi Selatan,Kota Makassar,Bontoala,Timungan Lompoa,2026-09-19T12:00:00,2026-09-21 22:00:00,2026-09-22 06:00:00,57-58,27,69,0,3,2.9,N,12,S,,,0,Cerah,Sunny,https://api-apps.bmkg.go.id/storage/icon/cuaca/cerah-am.svg,2026-09-21T22:00:00Z
73,73.71,73.71.07,73.71.07.1001,73.71.07.1001,Sulawesi Selatan,Kota Makassar,Tallo,Pannampu,2026-09-19T12:00:00,2026-09-19 16:00:00,2026-09-20 00:00:00,3-4,27,67,0,2,6.1,N,13,S,,,0,Cerah,Sunny,https://api-apps.bmkg.go.id/storage/icon/cuaca/cerah-pm.svg,2026-09-19T16:00:00Z
73,73.71,73.71.07,73.71.07.1001,73.71.07.1001,Sulawesi Selatan,Kota Makassar,Tallo,Pannampu,2026-09-19T12:00:00,2026-09-19 19:00:00,2026-09-20 03:00:00,6-7,27,69,0,38,14.6,NE,55,SW,,,1,Cerah,Sunny,https://api-apps.bmkg.go.id/storage/icon/cuaca/cerah-pm.svg,2026-09-19T19:00:00Z
73,73.71,73.71.07,73.71.07.1001,73.71.07.1001,Sulawesi Selatan,Kota Makassar,Tallo,Pannampu,2026-09-19T12:00:00,2026-09-19 22:00:00,2026-09-20 06:00:00,9-10,27,66,0,5,6.1,E,96,W,,,0,Cerah,Sunny,https://api-apps.bmkg.go.id/storage/icon/cuaca/cerah-am.svg,2026-09-19T22:00:00Z
73,73.71,73.71.07,73.71.07.1001,73.71.07.1001,Sulawesi Selatan,Kota Makassar,Tallo,Pannampu,2026-09-19T12:00:00,2026-09-20 01:00:00,2026-09-20 09:00:00,12-13,30,57,0,20,16.2,SW,264,NE,,,1,Cerah,Sunny,https://api-apps.bmkg.go.id/storage/icon/cuaca/cerah-am.svg,2026-09-20T01:00:00Z
73,73.71,73.71.07,73.71.07.1001,73.71.07.1001,Sulawesi Selatan,Kota Makassar,Tallo,Pannampu,2026-09-19T12:00:00,2026-09-20 04:00:00,2026-09-20 12:00:00,15-16,30,63,0,21,18.1,SW,256,NE,,,1,Cerah,Sunny,https://api-apps.bmkg.go.id/storage/icon/cuaca/cerah-am.svg,2026-09-20T04:00:00Z
73,73.71,73.71.07,73.71.07.1001,73.71.07.1001,Sulawesi Selatan,Kota Makassar,Tallo,Pannampu,2026-09-19T12:00:00,2026-09-20 07:00:00,2026-09-20 15:00:00,18-19,29,69,0,26,20,SW,260,NE,,,1,Cerah,Sunny,https://api-apps.bmkg.go.id/storage/icon/cuaca/cerah-am.svg,2026-09-20T07:00:00Z
73,73.71,73.71.07,73.71.07.1001,73.71.07.1001,Sulawesi Selatan,Kota Makassar,Tallo,Pannampu,2026-09-19T12:00:00,2026-09-20 10:00:00,2026-09-20 18:00:00,21-22,28,78,0,9,2.4,W,312,E,,,0,Cerah,Sunny,https://api-apps.bmkg.go.id/storage/icon/cuaca/cerah-pm.svg,2026-09-20T10:00:00Z
73,73.71,73.71.07,73.71.07.1001,73.71.07.1001,Sulawesi Selatan,Kota Makassar,Tallo,Pannampu,2026-09-19T12:00:00,2026-09-20 13:00:00,2026-09-20 21:00:00,24-25,28,68,0,0,10,N,41,S,,,0,Cerah,Sunny,https://api-apps.bmkg.go.id/storage/icon/cuaca/cerah-pm.svg,2026-09-20T13:00:00Z
73,73.71,73.71.07,73.71.07.1001,73.71.07.1001,Sulawesi Selatan,Kota Makassar,Tallo,Pannampu,2026-09-19T12:00:00,2026-09-20 16:00:00,2026-09-21 00:00:00,27-28,27,69,0,1,1,N,20,S,,,0,Cerah,Sunny,https://api-apps.bmkg.go.id/storage/icon/cuaca/cerah-pm.svg,2026-09-20T16:00:00Z
73,73.71,73.71.07,73.71.07.1001,73.71.07.1001,Sulawesi Selatan,Kota Makassar,Tallo,Pannampu,2026-09-19T12:00:00,2026-09-20 19:00:00,2026-09-21 03:00:00,30-31,27,70,0,8,9.1,NE,48,SW,,,0,Cerah,Sunny,https://api-apps.bmkg.go.id/storage/icon/cuaca/cerah-pm.svg,2026-09-20T19:00:00Z
73,73.71,73.71.07,73.71.07.1001,73.71.07.1001,Sulawesi Selatan,Kota Makassar,Tallo,Pannampu,2026-09-19T12:00:00,2026-09-20 22:00:00,2026-09-21 06:00:00,33-34,27,69,0,59,5.5,E,121,W,,,1,Cerah,Sunny,https://api-apps.bmkg.go.id/storage/icon/cuaca/cerah-am.svg,2026-09-20T22:00:00Z
73,73.71,73.71.07,73.71.07.1001,73.71.07.1001,Sulawesi Selatan,Kota Makassar,Tallo,Pannampu,2026-09-19T12:00:00,2026-09-21 01:00:00,2026-09-21 09:00:00,36-37,30,64,0,39,18.3,SW,243,NE,,,1,Cerah,Sunny,https://api-apps.bmkg.go.id/storage/icon/cuaca/cerah-am.svg,2026-09-21T01:00:00Z
73,73.71,73.71.07,73.71.07.1001,73.71.07.1001,Sulawesi Selatan,Kota Makassar,Tallo,Pannampu,2026-09-19T12:00:00,2026-09-21 04:00:00,2026-09-21 12:00:00,39-40,30,68,0,21,20.3,SW,240,NE,,,1,Cerah,Sunny,https://api-apps.bmkg.go.id/storage/icon/cuaca/cerah-am.svg,2026-09-21T04:00:00Z
73,73.71,73.71.07,73.71.07.1001,73.71.07.1001,Sulawesi Selatan,Kota Makassar,Tallo,Pannampu,2026-09-19T12:00:00,2026-09-21 07:00:00,2026-09-21 15:00:00,42-43,30,69,0,32,6.3,W,277,E,,,1,Cerah,Sunny,https://api-apps.bmkg.go.id/storage/icon/cuaca/cerah-am.svg,2026-09-21T07:00:00Z
73,73.71,73.71.07,73.71.07.1001,73.71.07.1001,Sulawesi Selatan,Kota Makassar,Tallo,Pannampu,2026-09-19T12:00:00,2026-09-21 10:00:00,2026-09-21 18:00:00,45-46,30,70,0,25,13.6,N,26,S,,,1,Cerah,Sunny,https://api-apps.bmkg.go.id/storage/icon/cuaca/cerah-pm.svg,2026-09-21T10:00:00Z
73,73.71,73.71.07,73.71.07.1001,73.71.07.1001,Sulawesi Selatan,Kota Makassar,Tallo,Pannampu,2026-09-19T12:00:00,2026-09-21 13:00:00,2026-09-21 21:00:00,48-49,29,58,0,41,1.7,SE,170,NW,,,1,Cerah,Sunny,https://api-apps.bmkg.go.id/storage/icon/cuaca/cerah-pm.svg,2026-09-21T13:00:00Z
73,73.71,73.71.07,73.71.07.1001,73.71.07.1001,Sulawesi Selatan,Kota Makassar,Tallo,Pannampu,2026-09-19T12:00:00,2026-09-21 16:00:00,2026-09-22 00:00:00,51-52,27,68,0,49,6,NW,354,SE,,,1,Cerah,Sunny,https://api-apps.bmkg.go.id/storage/icon/cuaca/cerah-pm.svg,2026-09-21T16:00:00Z
73,73.71,73.71.07,73.71.07.1001,73.71.07.1001,Sulawesi Selatan,Kota Makassar,Tallo,Pannampu,2026-09-19T12:00:00,2026-09-21 19:00:00,2026-09-22 03:00:00,54-55,27,66,0,37,8.3,NE,87,SW,,,1,Cerah,Sunny,https://api-apps.bmkg.go.id/storage/icon/cuaca/cerah-pm.svg,2026-09-21T19:00:00Z
73,73.71,73.71.07,73.71.07.1001,73.71.07.1001,Sulawesi Selatan,Kota Makassar,Tallo,Pannampu,2026-09-19T12:00:00,2026-09-21 22:00:00,2026-09-22 06:00:00,57-58,27,69,0,3,2.9,N,12,S,,,0,Cerah,Sunny,https://api-apps.bmkg.go.id/storage/icon/cuaca/cerah-am.svg,2026-09-21T22:00:00Z
73,73.71,73.71.07,73.71.07.1002,73.71.07.1002,Sulawesi Selatan,Kota Makassar,Tallo,Kalukuang,2026-09-19T12:00:00,2026-09-19 16:00:00,2026-09-20 00:00:00,3-4,27,67,0,2,6.1,N,13,S,,,0,Cerah,Sunny,https://api-apps.bmkg.go.id/storage/icon/cuaca/cerah-pm.svg,2026-09-19T16:00:00Z
73,73.71,73.71.07,73.71.07.1002,73.71.07.1002,Sulawesi Selatan,Kota Makassar,Tallo,Kalukuang,2026-09-19T12:00:00,2026-09-19 19:00:00,2026-09-20 03:00:00,6-7,27,69,0,38,14.6,NE,55,SW,,,1,Cerah,Sunny,https://api-apps.bmkg.go.id/storage/icon/cuaca/cerah-pm.svg,2026-09-19T19:00:00Z
73,73.71,73.71.07,73.71.07.1002,73.71.07.1002,Sulawesi Selatan,Kota Makassar,Tallo,Kalukuang,2026-09-19T12:00:00,2026-09-19 22:00:00,2026-09-20 06:00:00,9-10,27,66,0,5,6.1,E,96,W,,,0,Cerah,Sunny,https://api-apps.bmkg.go.id/storage/icon/cuaca/cerah-am.svg,2026-09-19T22:00:00Z
73,73.71,73.71.07,73.71.07.1002,73.71.07.1002,Sulawesi Selatan,Kota Makassar,Tallo,Kalukuang,2026-09-19T12:00:00,2026-09-20 01:00:00,2026-09-20 09:00:00,12-13,30,57,0,20,16.2,SW,264,NE,,,1,Cerah,Sunny,https://api-apps.bmkg.go.id/storage/icon/cuaca/cerah-am.svg,2026-09-20T01:00:00Z
73,73.71,73.71.07,73.71.07.1002,73.71.07.1002,Sulawesi Selatan,Kota Makassar,Tallo,Kalukuang,2026-09-19T12:00:00,2026-09-20 04:00:00,2026-09-20 12:00:00,15-16,30,63,0,21,18.1,SW,256,NE,,,1,Cerah,Sunny,https://api-apps.bmkg.go.id/storage/icon/cuaca/cerah-am.svg,2026-09-20T04:00:00Z
73,73.71,73.71.07,73.71.07.1002,73.71.07.1002,Sulawesi Selatan,Kota Makassar,Tallo,Kalukuang,2026-09-19T12:00:00,2026-09-20 07:00:00,2026-09-20 15:00:00,18-19,29,69,0,26,20,SW,260,NE,,,1,Cerah,Sunny,https://api-apps.bmkg.go.id/storage/icon/cuaca/cerah-am.svg,2026-09-20T07:00:00Z
73,73.71,73.71.07,73.71.07.1002,73.71.07.1002,Sulawesi Selatan,Kota Makassar,Tallo,Kalukuang,2026-09-19T12:00:00,2026-09-20 10:00:00,2026-09-20 18:00:00,21-22,28,78,0,9,2.4,W,312,E,,,0,Cerah,Sunny,https://api-apps.bmkg.go.id/storage/icon/cuaca/cerah-pm.svg,2026-09-20T10:00:00Z
73,73.71,73.71.07,73.71.07.1002,73.71.07.1002,Sulawesi Selatan,Kota Makassar,Tallo,Kalukuang,2026-09-19T12:00:00,2026-09-20 13:00:00,2026-09-20 21:00:00,24-25,28,68,0,0,10,N,41,S,,,0,Cerah,Sunny,https://api-apps.bmkg.go.id/storage/icon/cuaca/cerah-pm.svg,2026-09-20T13:00:00Z
73,73.71,73.71.07,73.71.07.1002,73.71.07.1002,Sulawesi Selatan,Kota Makassar,Tallo,Kalukuang,2026-09-19T12:00:00,2026-09-20 16:00:00,2026-09-21 00:00:00,27-28,27,69,0,1,1,N,20,S,,,0,Cerah,Sunny,https://api-apps.bmkg.go.id/storage/icon/cuaca/cerah-pm.svg,2026-09-20T16:00:00Z
73,73.71,73.71.07,73.71.07.1002,73.71.07.1002,Sulawesi Selatan,Kota Makassar,Tallo,Kalukuang,2026-09-19T12:00:00,2026-09-20 19:00:00,2026-09-21 03:00:00,30-31,27,70,0,8,9.1,NE,48,SW,,,0,Cerah,Sunny,https://api-apps.bmkg.go.id/storage/icon/cuaca/cerah-pm.svg,2026-09-20T19:00:00Z
73,73.71,73.71.07,73.71.07.1002,73.71.07.1002,Sulawesi Selatan,Kota Makassar,Tallo,Kalukuang,2026-09-19T12:00:00,2026-09-20 22:00:00,2026-09-21 06:00:00,33-34,27,69,0,59,5.5,E,121,W,,,1,Cerah,Sunny,https://api-apps.bmkg.go.id/storage/icon/cuaca/cerah-am.svg,2026-09-20T22:00:00Z
73,73.71,73.71.07,73.71.07.1002,73.71.07.1002,Sulawesi Selatan,Kota Makassar,Tallo,Kalukuang,2026-09-19T12:00:00,2026-09-21 01:00:00,2026-09-21 09:00:00,36-37,30,64,0,39,18.3,SW,243,NE,,,1,Cerah,Sunny,https://api-apps.bmkg.go.id/storage/icon/cuaca/cerah-am.svg,2026-09-21T01:00:00Z
73,73.71,73.71.07,73.71.07.1002,73.71.07.1002,Sulawesi Selatan,Kota Makassar,Tallo,Kalukuang,2026-09-19T12:00:00,2026-09-21 04:00:00,2026-09-21 12:00:00,39-40,30,68,0,21,20.3,SW,240,NE,,,1,Cerah,Sunny,https://api-apps.bmkg.go.id/storage/icon/cuaca/cerah-am.svg,2026-09-21T04:00:00Z
73,73.71,73.71.07,73.71.07.1002,73.71.07.1002,Sulawesi Selatan,Kota Makassar,Tallo,Kalukuang,2026-09-19T12:00:00,2026-09-21 07:00:00,2026-09-21 15:00:00,42-43,30,69,0,32,6.3,W,277,E,,,1,Cerah,Sunny,https://api-apps.bmkg.go.id/storage/icon/cuaca/cerah-am.svg,2026-09-21T07:00:00Z
73,73.71,73.71.07,73.71.07.1002,73.71.07.1002,Sulawesi Selatan,Kota Makassar,Tallo,Kalukuang,2026-09-19T12:00:00,2026-09-21 10:00:00,2026-09-21 18:00:00,45-46,30,70,0,25,13.6,N,26,S,,,1,Cerah,Sunny,https://api-apps.bmkg.go.id/storage/icon/cuaca/cerah-pm.svg,2026-09-21T10:00:00Z
73,73.71,73.71.07,73.71.07.1002,73.71.07.1002,Sulawesi Selatan,Kota Makassar,Tallo,Kalukuang,2026-09-19T12:00:00,2026-09-21 13:00:00,2026-09-21 21:00:00,48-49,29,58,0,41,1.7,SE,170,NW,,,1,Cerah,Sunny,https://api-apps.bmkg.go.id/storage/icon/cuaca/cerah-pm.svg,2026-09-21T13:00:00Z
73,73.71,73.71.07,73.71.07.1002,73.71.07.1002,Sulawesi Selatan,Kota Makassar,Tallo,Kalukuang,2026-09-19T12:00:00,2026-09-21 16:00:00,2026-09-22 00:00:00,51-52,27,68,0,49,6,NW,354,SE,,,1,Cerah,Sunny,https://api-apps.bmkg.go.id/storage/icon/cuaca/cerah-pm.svg,2026-09-21T16:00:00Z
73,73.71,73.71.07,73.71.07.1002,73.71.07.1002,Sulawesi Selatan,Kota Makassar,Tallo,Kalukuang,2026-09-19T12:00:00,2026-09-21 19:00:00,2026-09-22 03:00:00,54-55,27,66,0,37,8.3,NE,87,SW,,,1,Cerah,Sunny,https://api-apps.bmkg.go.id/storage/icon/cuaca/cerah-pm.svg,2026-09-21T19:00:00Z
73,73.71,73.71.07,73.71.07.1002,73.71.07.1002,Sulawesi Selatan,Kota Makassar,Tallo,Kalukuang,2026-09-19T12:00:00,2026-09-21 22:00:00,2026-09-22 06:00:00,57-58,27,69,0,3,2.9,N,12,S,,,0,Cerah,Sunny,https://api-apps.bmkg.go.id/storage/icon/cuaca/cerah-am.svg,2026-09-21T22:00:00Z
73,73.71,73.71.07,73.71.07.1003,73.71.07.1003,Sulawesi Selatan,Kota Makassar,Tallo,Kaluku Bodoa,2026-09-19T12:00:00,2026-09-19 16:00:00,2026-09-20 00:00:00,3-4,27,67,0,2,6.1,N,13,S,,,0,Cerah,Sunny,https://api-apps.bmkg.go.id/storage/icon/cuaca/cerah-pm.svg,2026-09-19T16:00:00Z
73,73.71,73.71.07,73.71.07.1003,73.71.07.1003,Sulawesi Selatan,Kota Makassar,Tallo,Kaluku Bodoa,2026-09-19T12:00:00,2026-09-19 19:00:00,2026-09-20 03:00:00,6-7,27,69,0,38,14.6,NE,55,SW,,,1,Cerah,Sunny,https://api-apps.bmkg.go.id/storage/icon/cuaca/cerah-pm.svg,2026-09-19T19:00:00Z
73,73.71,73.71.07,73.71.07.1003,73.71.07.1003,Sulawesi Selatan,Kota Makassar,Tallo,Kaluku Bodoa,2026-09-19T12:00:00,2026-09-19 22:00:00,2026-09-20 06:00:00,9-10,27,66,0,5,6.1,E,96,W,,,0,Cerah,Sunny,https://api-apps.bmkg.go.id/storage/icon/cuaca/cerah-am.svg,2026-09-19T22:00:00Z
73,73.71,73.71.07,73.71.07.1003,73.71.07.1003,Sulawesi Selatan,Kota Makassar,Tallo,Kaluku Bodoa,2026-09-19T12:00:00,2026-09-20 01:00:00,2026-09-20 09:00:00,12-13,30,57,0,20,16.2,SW,264,NE,,,1,Cerah,Sunny,https://api-apps.bmkg.go.id/storage/icon/cuaca/cerah-am.svg,2026-09-20T01:00:00Z
73,73.71,73.71.07,73.71.07.1003,73.71.07.1003,Sulawesi Selatan,Kota Makassar,Tallo,Kaluku Bodoa,2026-09-19T12:00:00,2026-09-20 04:00:00,2026-09-20 12:00:00,15-16,30,63,0,21,18.1,SW,256,NE,,,1,Cerah,Sunny,https://api-apps.bmkg.go.id/storage/icon/cuaca/cerah-am.svg,2026-09-20T04:00:00Z
73,73.71,73.71.07,73.71.07.1003,73.71.07.1003,Sulawesi Selatan,Kota Makassar,Tallo,Kaluku Bodoa,2026-09-19T12:00:00,2026-09-20 07:00:00,2026-09-20 15:00:00,18-19,29,69,0,26,20,SW,260,NE,,,1,Cerah,Sunny,https://api-apps.bmkg.go.id/storage/icon/cuaca/cerah-am.svg,2026-09-20T07:00:00Z
73,73.71,73.71.07,73.71.07.1003,73.71.07.1003,Sulawesi Selatan,Kota Makassar,Tallo,Kaluku Bodoa,2026-09-19T12:00:00,2026-09-20 10:00:00,2026-09-20 18:00:00,21-22,28,78,0,9,2.4,W,312,E,,,0,Cerah,Sunny,https://api-apps.bmkg.go.id/storage/icon/cuaca/cerah-pm.svg,2026-09-20T10:00:00Z
73,73.71,73.71.07,73.71.07.1003,73.71.07.1003,Sulawesi Selatan,Kota Makassar,Tallo,Kaluku Bodoa,2026-09-19T12:00:00,2026-09-20 13:00:00,2026-09-20 21:00:00,24-25,28,68,0,0,10,N,41,S,,,0,Cerah,Sunny,https://api-apps.bmkg.go.id/storage/icon/cuaca/cerah-pm.svg,2026-09-20T13:00:00Z
73,73.71,73.71.07,73.71.07.1003,73.71.07.1003,Sulawesi Selatan,Kota Makassar,Tallo,Kaluku Bodoa,2026-09-19T12:00:00,2026-09-20 16:00:00,2026-09-21 00:00:00,27-28,27,69,0,1,1,N,20,S,,,0,Cerah,Sunny,https://api-apps.bmkg.go.id/storage/icon/cuaca/cerah-pm.svg,2026-09-20T16:00:00Z
73,73.71,73.71.07,73.71.07.1003,73.71.07.1003,Sulawesi Selatan,Kota Makassar,Tallo,Kaluku Bodoa,2026-09-19T12:00:00,2026-09-20 19:00:00,2026-09-21 03:00:00,30-31,27,70,0,8,9.1,NE,48,SW,,,0,Cerah,Sunny,https://api-apps.bmkg.go.id/storage/icon/cuaca/cerah-pm.svg,2026-09-20T19:00:00Z
73,73.71,73.71.07,73.71.07.1003,73.71.07.1003,Sulawesi Selatan,Kota Makassar,Tallo,Kaluku Bodoa,2026-09-19T12:00:00,2026-09-20 22:00:00,2026-09-21 06:00:00,33-34,27,69,0,59,5.5,E,121,W,,,1,Cerah,Sunny,https://api-apps.bmkg.go.id/storage/icon/cuaca/cerah-am.svg,2026-09-20T22:00:00Z
73,73.71,73.71.07,73.71.07.1003,73.71.07.1003,Sulawesi Selatan,Kota Makassar,Tallo,Kaluku Bodoa,2026-09-19T12:00:00,2026-09-21 01:00:00,2026-09-21 09:00:00,36-37,30,64,0,39,18.3,SW,243,NE,,,1,Cerah,Sunny,https://api-apps.bmkg.go.id/storage/icon/cuaca/cerah-am.svg,2026-09-21T01:00:00Z
73,73.71,73.71.07,73.71.07.1003,73.71.07.1003,Sulawesi Selatan,Kota Makassar,Tallo,Kaluku Bodoa,2026-09-19T12:00:00,2026-09-21 04:00:00,2026-09-21 12:00:00,39-40,30,68,0,21,20.3,SW,240,NE,,,1,Cerah,Sunny,https://api-apps.bmkg.go.id/storage/icon/cuaca/cerah-am.svg,2026-09-21T04:00:00Z
73,73.71,73.71.07,73.71.07.1003,73.71.07.1003,Sulawesi Selatan,Kota Makassar,Tallo,Kaluku Bodoa,2026-09-19T12:00:00,2026-09-21 07:00:00,2026-09-21 15:00:00,42-43,30,69,0,32,6.3,W,277,E,,,1,Cerah,Sunny,https://api-apps.bmkg.go.id/storage/icon/cuaca/cerah-am.svg,2026-09-21T07:00:00Z
73,73.71,73.71.07,73.71.07.1003,73.71.07.1003,Sulawesi Selatan,Kota Makassar,Tallo,Kaluku Bodoa,2026-09-19T12:00:00,2026-09-21 10:00:00,2026-09-21 18:00:00,45-46,30,70,0,25,13.6,N,26,S,,,1,Cerah,Sunny,https://api-apps.bmkg.go.id/storage/icon/cuaca/cerah-pm.svg,2026-09-21T10:00:00Z
73,73.71,73.71.07,73.71.07.1003,73.71.07.1003,Sulawesi Selatan,Kota Makassar,Tallo,Kaluku Bodoa,2026-09-19T12:00:00,2026-09-21 13:00:00,2026-09-21 21:00:00,48-49,29,58,0,41,1.7,SE,170,NW,,,1,Cerah,Sunny,https://api-apps.bmkg.go.id/storage/icon/cuaca/cerah-pm.svg,2026-09-21T13:00:00Z
73,73.71,73.71.07,73.71.07.1003,73.71.07.1003,Sulawesi Selatan,Kota Makassar,Tallo,Kaluku Bodoa,2026-09-19T12:00:00,2026-09-21 16:00:00,2026-09-22 00:00:00,51-52,27,68,0,49,6,NW,354,SE,,,1,Cerah,Sunny,https://api-apps.bmkg.go.id/storage/icon/cuaca/cerah-pm.svg,2026-09-21T16:00:00Z
73,73.71,73.71.07,73.71.07.1003,73.71.07.1003,Sulawesi Selatan,Kota Makassar,Tallo,Kaluku Bodoa,2026-09-19T12:00:00,2026-09-21 19:00:00,2026-09-22 03:00:00,54-55,27,66,0,37,8.3,NE,87,SW,,,1,Cerah,Sunny,https://api-apps.bmkg.go.id/storage/icon/cuaca/cerah-pm.svg,2026-09-21T19:00:00Z
73,73.71,73.71.07,73.71.07.1003,73.71.07.1003,Sulawesi Selatan,Kota Makassar,Tallo,Kaluku Bodoa,2026-09-19T12:00:00,2026-09-21 22:00:00,2026-09-22 06:00:00,57-58,27,69,0,3,2.9,N,12,S,,,0,Cerah,Sunny,https://api-apps.bmkg.go.id/storage/icon/cuaca/cerah-am.svg,2026-09-21T22:00:00Z
73,73.71,73.71.07,73.71.07.1004,73.71.07.1004,Sulawesi Selatan,Kota Makassar,Tallo,Rappojawa,2026-09-19T12:00:00,2026-09-19 16:00:00,2026-09-20 00:00:00,3-4,27,67,0,2,6.1,N,13,S,,,0,Cerah,Sunny,https://api-apps.bmkg.go.id/storage/icon/cuaca/cerah-pm.svg,2026-09-19T16:00:00Z
73,73.71,73.71.07,73.71.07.1004,73.71.07.1004,Sulawesi Selatan,Kota Makassar,Tallo,Rappojawa,2026-09-19T12:00:00,2026-09-19 19:00:00,2026-09-20 03:00:00,6-7,27,69,0,38,14.6,NE,55,SW,,,1,Cerah,Sunny,https://api-apps.bmkg.go.id/storage/icon/cuaca/cerah-pm.svg,2026-09-19T19:00:00Z
73,73.71,73.71.07,73.71.07.1004,73.71.07.1004,Sulawesi Selatan,Kota Makassar,Tallo,Rappojawa,2026-09-19T12:00:00,2026-09-19 22:00:00,2026-09-20 06:00:00,9-10,27,66,0,5,6.1,E,96,W,,,0,Cerah,Sunny,https://api-apps.bmkg.go.id/storage/icon/cuaca/cerah-am.svg,2026-09-19T22:00:00Z
73,73.71,73.71.07,73.71.07.1004,73.71.07.1004,Sulawesi Selatan,Kota Makassar,Tallo,Rappojawa,2026-09-19T12:00:00,2026-09-20 01:00:00,2026-09-20 09:00:00,12-13,30,57,0,20,16.2,SW,264,NE,,,1,Cerah,Sunny,https://api-apps.bmkg.go.id/storage/icon/cuaca/cerah-am.svg,2026-09-20T01:00:00Z
73,73.71,73.71.07,73.71.07.1004,73.71.07.1004,Sulawesi Selatan,Kota Makassar,Tallo,Rappojawa,2026-09-19T12:00:00,2026-09-20 04:00:00,2026-09-20 12:00:00,15-16,30,63,0,21,18.1,SW,256,NE,,,1,Cerah,Sunny,https://api-apps.bmkg.go.id/storage/icon/cuaca/cerah-am.svg,2026-09-20T04:00:00Z
73,73.71,73.71.07,73.71.07.1004,73.71.07.1004,Sulawesi Selatan,Kota Makassar,Tallo,Rappojawa,2026-09-19T12:00:00,2026-09-20 07:00:00,2026-09-20 15:00:00,18-19,29,69,0,26,20,SW,260,NE,,,1,Cerah,Sunny,https://api-apps.bmkg.go.id/storage/icon/cuaca/cerah-am.svg,2026-09-20T07:00:00Z
73,73.71,73.71.07,73.71.07.1004,73.71.07.1004,Sulawesi Selatan,Kota Makassar,Tallo,Rappojawa,2026-09-19T12:00:00,2026-09-20 10:00:00,2026-09-20 18:00:00,21-22,28,78,0,9,2.4,W,312,E,,,0,Cerah,Sunny,https://api-apps.bmkg.go.id/storage/icon/cuaca/cerah-pm.svg,2026-09-20T10:00:00Z
73,73.71,73.71.07,73.71.07.1004,73.71.07.1004,Sulawesi Selatan,Kota Makassar,Tallo,Rappojawa,2026-09-19T12:00:00,2026-09-20 13:00:00,2026-09-20 21:00:00,24-25,28,68,0,0,10,N,41,S,,,0,Cerah,Sunny,https://api-apps.bmkg.go.id/storage/icon/cuaca/cerah-pm.svg,2026-09-20T13:00:00Z
73,73.71,73.71.07,73.71.07.1004,73.71.07.1004,Sulawesi Selatan,Kota Makassar,Tallo,Rappojawa,2026-09-19T12:00:00,2026-09-20 16:00:00,2026-09-21 00:00:00,27-28,27,69,0,1,1,N,20,S,,,0,Cerah,Sunny,https://api-apps.bmkg.go.id/storage/icon/cuaca/cerah-pm.svg,2026-09-20T16:00:00Z
73,73.71,73.71.07,73.71.07.1004,73.71.07.1004,Sulawesi Selatan,Kota Makassar,Tallo,Rappojawa,2026-09-19T12:00:00,2026-09-20 19:00:00,2026-09-21 03:00:00,30-31,27,70,0,8,9.1,NE,48,SW,,,0,Cerah,Sunny,https://api-apps.bmkg.go.id/storage/icon/cuaca/cerah-pm.svg,2026-09-20T19:00:00Z
73,73.71,73.71.07,73.71.07.1004,73.71.07.1004,Sulawesi Selatan,Kota Makassar,Tallo,Rappojawa,2026-09-19T12:00:00,2026-09-20 22:00:00,2026-09-21 06:00:00,33-34,27,69,0,59,5.5,E,121,W,,,1,Cerah,Sunny,https://api-apps.bmkg.go.id/storage/icon/cuaca/cerah-am.svg,2026-09-20T22:00:00Z
73,73.71,73.71.07,73.71.07.1004,73.71.07.1004,Sulawesi Selatan,Kota Makassar,Tallo,Rappojawa,2026-09-19T12:00:00,2026-09-21 01:00:00,2026-09-21 09:00:00,36-37,30,64,0,39,18.3,SW,243,NE,,,1,Cerah,Sunny,https://api-apps.bmkg.go.id/storage/icon/cuaca/cerah-am.svg,2026-09-21T01:00:00Z
73,73.71,73.71.07,73.71.07.1004,73.71.07.1004,Sulawesi Selatan,Kota Makassar,Tallo,Rappojawa,2026-09-19T12:00:00,2026-09-21 04:00:00,2026-09-21 12:00:00,39-40,30,68,0,21,20.3,SW,240,NE,,,1,Cerah,Sunny,https://api-apps.bmkg.go.id/storage/icon/cuaca/cerah-am.svg,2026-09-21T04:00:00Z
73,73.71,73.71.07,73.71.07.1004,73.71.07.1004,Sulawesi Selatan,Kota Makassar,Tallo,Rappojawa,2026-09-19T12:00:00,2026-09-21 07:00:00,2026-09-21 15:00:00,42-43,30,69,0,32,6.3,W,277,E,,,1,Cerah,Sunny,https://api-apps.bmkg.go.id/storage/icon/cuaca/cerah-am.svg,2026-09-21T07:00:00Z
73,73.71,73.71.07,73.71.07.1004,73.71.07.1004,Sulawesi Selatan,Kota Makassar,Tallo,Rappojawa,2026-09-19T12:00:00,2026-09-21 10:00:00,2026-09-21 18:00:00,45-46,30,70,0,25,13.6,N,26,S,,,1,Cerah,Sunny,https://api-apps.bmkg.go.id/storage/icon/cuaca/cerah-pm.svg,2026-09-21T10:00:00Z
73,73.71,73.71.07,73.71.07.1004,73.71.07.1004,Sulawesi Selatan,Kota Makassar,Tallo,Rappojawa,2026-09-19T12:00:00,2026-09-21 13:00:00,2026-09-21 21:00:00,48-49,29,58,0,41,1.7,SE,170,NW,,,1,Cerah,Sunny,https://api-apps.bmkg.go.id/storage/icon/cuaca/cerah-pm.svg,2026-09-21T13:00:00Z
73,73.71,73.71.07,73.71.07.1004,73.71.07.1004,Sulawesi Selatan,Kota Makassar,Tallo,Rappojawa,2026-09-19T12:00:00,2026-09-21 16:00:00,2026-09-22 00:00:00,51-52,27,68,0,49,6,NW,354,SE,,,1,Cerah,Sunny,https://api-apps.bmkg.go.id/storage/icon/cuaca/cerah-pm.svg,2026-09-21T16:00:00Z
73,73.71,73.71.07,73.71.07.1004,73.71.07.1004,Sulawesi Selatan,Kota Makassar,Tallo,Rappojawa,2026-09-19T12:00:00,2026-09-21 19:00:00,2026-09-22 03:00:00,54-55,27,66,0,37,8.3,NE,87,SW,,,1,Cerah,Sunny,https://api-apps.bmkg.go.id/storage/icon/cuaca/cerah-pm.svg,2026-09-21T19:00:00Z
73,73.71,73.71.07,73.71.07.1004,73.71.07.1004,Sulawesi Selatan,Kota Makassar,Tallo,Rappojawa,2026-09-19T12:00:00,2026-09-21 22:00:00,2026-09-22 06:00:00,57-58,27,69,0,3,2.9,N,12,S,,,0,Cerah,Sunny,https://api-apps.bmkg.go.id/storage/icon/cuaca/cerah-am.svg,2026-09-21T22:00:00Z
73,73.71,73.71.07,73.71.07.1005,73.71.07.1005,Sulawesi Selatan,Kota Makassar,Tallo,Rappokalling,2026-09-19T12:00:00,2026-09-19 16:00:00,2026-09-20 00:00:00,3-4,27,63,0,3,7.1,N,29,S,,,0,Cerah,Sunny,https://api-apps.bmkg.go.id/storage/icon/cuaca/cerah-pm.svg,2026-09-19T16:00:00Z
73,73.71,73.71.07,73.71.07.1005,73.71.07.1005,Sulawesi Selatan,Kota Makassar,Tallo,Rappokalling,2026-09-19T12:00:00,2026-09-19 19:00:00,2026-09-20 03:00:00,6-7,26,69,0,40,8.8,NE,84,SW,,,1,Cerah,Sunny,https://api-apps.bmkg.go.id/storage/icon/cuaca/cerah-pm.svg,2026-09-19T19:00:00Z
73,73.71,73.71.07,73.71.07.1005,73.71.07.1005,Sulawesi Selatan,Kota Makassar,Tallo,Rappokalling,2026-09-19T12:00:00,2026-09-19 22:00:00,2026-09-20 06:00:00,9-10,27,65,0,5,5.5,E,119,W,,,0,Cerah,Sunny,https://api-apps.bmkg.go.id/storage/icon/cuaca/cerah-am.svg,2026-09-19T22:00:00Z
73,73.71,73.71.07,73.71.07.1005,73.71.07.1005,Sulawesi Selatan,Kota Makassar,Tallo,Rappokalling,2026-09-19T12:00:00,2026-09-20 01:00:00,2026-09-20 09:00:00,12-13,31,52,0,22,9,W,284,E,,,1,Cerah,Sunny,https://api-apps.bmkg.go.id/storage/icon/cuaca/cerah-am.svg,2026-09-20T01:00:00Z
73,73.71,73.71.07,73.71.07.1005,73.71.07.1005,Sulawesi Selatan,Kota Makassar,Tallo,Rappokalling,2026-09-19T12:00:00,2026-09-20 04:00:00,2026-09-20 12:00:00,15-16,30,58,0,25,14.3,W,271,E,,,1,Cerah,Sunny,https://api-apps.bmkg.go.id/storage/icon/cuaca/cerah-am.svg,2026-09-20T04:00:00Z
73,73.71,73.71.07,73.71.07.1005,73.71.07.1005,Sulawesi Selatan,Kota Makassar,Tallo,Rappokalling,2026-09-19T12:00:00,2026-09-20 07:00:00,2026-09-20 15:00:00,18-19,30,64,0,31,13.1,SW,268,NE,,,1,Cerah,Sunny,https://api-apps.bmkg.go.id/storage/icon/cuaca/cerah-am.svg,2026-09-20T07:00:00Z
73,73.71,73.71.07,73.71.07.1005,73.71.07.1005,Sulawesi Selatan,Kota Makassar,Tallo,Rappokalling,2026-09-19T12:00:00,2026-09-20 10:00:00,2026-09-20 18:00:00,21-22,28,76,0,11,2.1,NW,344,SE,,,1,Cerah,Sunny,https://api-apps.bmkg.go.id/storage/icon/cuaca/cerah-pm.svg,2026-09-20T10:00:00Z
73,73.71,73.71.07,73.71.07.1005,73.71.07.1005,Sulawesi Selatan,Kota Makassar,Tallo,Rappokalling,2026-09-19T12:00:00,2026-09-20 13:00:00,2026-09-20 21:00:00,24-25,28,68,0,0,6.1,N,43,S,,,0,Cerah,Sunny,https://api-apps.bmkg.go.id/storage/icon/cuaca/cerah-pm.svg,2026-09-20T13:00:00Z
73,73.71,73.71.07,73.71.07.1005,73.71.07.1005,Sulawesi Selatan,Kota Makassar,Tallo,Rappokalling,2026-09-19T12:00:00,2026-09-20 16:00:00,2026-09-21 00:00:00,27-28,27,69,0,1,4.3,N,38,S,,,0,Cerah,Sunny,https://api-apps.bmkg.go.id/storage/icon/cuaca/cerah-pm.svg,2026-09-20T16:00:00Z
73,73.71,73.71.07,73.71.07.1005,73.71.07.1005,Sulawesi Selatan,Kota Makassar,Tallo,Rappokalling,2026-09-19T12:00:00,2026-09-20 19:00:00,2026-09-21 03:00:00,30-31,26,70,0,9,4.3,NE,76,SW,,,0,Cerah,Sunny,https://api-apps.bmkg.go.id/storage/icon/cuaca/cerah-pm.svg,2026-09-20T19:00:00Z
73,73.71,73.71.07,73.71.07.1005,73.71.07.1005,Sulawesi Selatan,Kota Makassar,Tallo,Rappokalling,2026-09-19T12:00:00,2026-09-20 22:00:00,2026-09-21 06:00:00,33-34,27,68,0,53,4.6,SE,144,NW,,,1,Cerah,Sunny,https://api-apps.bmkg.go.id/storage/icon/cuaca/cerah-am.svg,2026-09-20T22:00:00Z
73,73.71,73.71.07,73.71.07.1005,73.71.07.1005,Sulawesi Selatan,Kota Makassar,Tallo,Rappokalling,2026-09-19T12:00:00,2026-09-21 01:00:00,2026-09-21 09:00:00,36-37,31,58,0,36,11.5,SW,254,NE,,,1,Cerah,Sunny,https://api-apps.bmkg.go.id/storage/icon/cuaca/cerah-am.svg,2026-09-21T01:00:00Z
73,73.71,73.71.07,73.71.07.1005,73.71.07.1005,Sulawesi Selatan,Kota Makassar,Tallo,Rappokalling,2026-09-19T12:00:00,2026-09-21 04:00:00,2026-09-21 12:00:00,39-40,31,62,0.1,26,17.9,SW,253,NE,,,1,Cerah,Sunny,https://api-apps.bmkg.go.id/storage/icon/cuaca/cerah-am.svg,2026-09-21T04:00:00Z
73,73.71,73.71.07,73.71.07.1005,73.71.07.1005,Sulawesi Selatan,Kota Makassar,Tallo,Rappokalling,2026-09-19T12:00:00,2026-09-21 07:00:00,2026-09-21 15:00:00,42-43,31,63,0,37,9,W,306,E,,,1,Cerah,Sunny,https://api-apps.bmkg.go.id/storage/icon/cuaca/cerah-am.svg,2026-09-21T07:00:00Z
73,73.71,73.71.07,73.71.07.1005,73.71.07.1005,Sulawesi Selatan,Kota Makassar,Tallo,Rappokalling,2026-09-19T12:00:00,2026-09-21 10:00:00,2026-09-21 18:00:00,45-46,30,67,0,27,9.3,N,33,S,,,1,Cerah,Sunny,https://api-apps.bmkg.go.id/storage/icon/cuaca/cerah-pm.svg,2026-09-21T10:00:00Z
73,73.71,73.71.07,73.71.07.1005,73.71.07.1005,Sulawesi Selatan,Kota Makassar,Tallo,Rappokalling,2026-09-19T12:00:00,2026-09-21 13:00:00,2026-09-21 21:00:00,48-49,29,57,0,44,3.6,N,28,S,,,1,Cerah,Sunny,https://api-apps.bmkg.go.id/storage/icon/cuaca/cerah-pm.svg,2026-09-21T13:00:00Z
73,73.71,73.71.07,73.71.07.1005,73.71.07.1005,Sulawesi Selatan,Kota Makassar,Tallo,Rappokalling,2026-09-19T12:00:00,2026-09-21 16:00:00,2026-09-22 00:00:00,51-52,27,65,0,48,6.2,N,18,S,,,1,Cerah,Sunny,https://api-apps.bmkg.go.id/storage/icon/cuaca/cerah-pm.svg,2026-09-21T16:00:00Z
73,73.71,73.71.07,73.71.07.1005,73.71.07.1005,Sulawesi Selatan,Kota Makassar,Tallo,Rappokalling,2026-09-19T12:00:00,2026-09-21 19:00:00,2026-09-22 03:00:00,54-55,26,67,0,38,5.8,E,102,W,,,1,Cerah,Sunny,https://api-apps.bmkg.go.id/storage/icon/cuaca/cerah-pm.svg,2026-09-21T19:00:00Z
73,73.71,73.71.07,73.71.07.1005,73.71.07.1005,Sulawesi Selatan,Kota Makassar,Tallo,Rappokalling,2026-09-19T12:00:00,2026-09-21 22:00:00,2026-09-22 06:00:00,57-58,27,69,0,2,0.8,E,102,W,,,0,Cerah,Sunny,https://api-apps.bmkg.go.id/storage/icon/cuaca/cerah-am.svg,2026-09-21T22:00:00Z
73,73.71,73.71.07,73.71.07.1006,73.71.07.1006,Sulawesi Selatan,Kota Makassar,Tallo,Lakkang,2026-09-19T12:00:00,2026-09-19 16:00:00,2026-09-20 00:00:00,3-4,27,63,0,3,7.1,N,29,S,,,0,Cerah,Sunny,https://api-apps.bmkg.go.id/storage/icon/cuaca/cerah-pm.svg,2026-09-19T16:00:00Z
73,73.71,73.71.07,73.71.07.1006,73.71.07.1006,Sulawesi Selatan,Kota Makassar,Tallo,Lakkang,2026-09-19T12:00:00,2026-09-19 19:00:00,2026-09-20 03:00:00,6-7,26,69,0,40,8.8,NE,84,SW,,,1,Cerah,Sunny,https://api-apps.bmkg.go.id/storage/icon/cuaca/cerah-pm.svg,2026-09-19T19:00:00Z
73,73.71,73.71.07,73.71.07.1006,73.71.07.1006,Sulawesi Selatan,Kota Makassar,Tallo,Lakkang,2026-09-19T12:00:00,2026-09-19 22:00:00,2026-09-20 06:00:00,9-10,27,65,0,5,5.5,E,119,W,,,0,Cerah,Sunny,https://api-apps.bmkg.go.id/storage/icon/cuaca/cerah-am.svg,2026-09-19T22:00:00Z
73,73.71,73.71.07,73.71.07.1006,73.71.07.1006,Sulawesi Selatan,Kota Makassar,Tallo,Lakkang,2026-09-19T12:00:00,2026-09-20 01:00:00,2026-09-20 09:00:00,12-13,31,52,0,22,9,W,284,E,,,1,Cerah,Sunny,https://api-apps.bmkg.go.id/storage/icon/cuaca/cerah-am.svg,2026-09-20T01:00:00Z
73,73.71,73.71.07,73.71.07.1006,73.71.07.1006,Sulawesi Selatan,Kota Makassar,Tallo,Lakkang,2026-09-19T12:00:00,2026-09-20 04:00:00,2026-09-20 12:00:00,15-16,30,58,0,25,14.3,W,271,E,,,1,Cerah,Sunny,https://api-apps.bmkg.go.id/storage/icon/cuaca/cerah-am.svg,2026-09-20T04:00:00Z
73,73.71,73.71.07,73.71.07.1006,73.71.07.1006,Sulawesi Selatan,Kota Makassar,Tallo,Lakkang,2026-09-19T12:00:00,2026-09-20 07:00:00,2026-09-20 15:00:00,18-19,30,64,0,31,13.1,SW,268,NE,,,1,Cerah,Sunny,https://api-apps.bmkg.go.id/storage/icon/cuaca/cerah-am.svg,2026-09-20T07:00:00Z
73,73.71,73.71.07,73.71.07.1006,73.71.07.1006,Sulawesi Selatan,Kota Makassar,Tallo,Lakkang,2026-09-19T12:00:00,2026-09-20 10:00:00,2026-09-20 18:00:00,21-22,28,76,0,11,2.1,NW,344,SE,,,1,Cerah,Sunny,https://api-apps.bmkg.go.id/storage/icon/cuaca/cerah-pm.svg,2026-09-20T10:00:00Z
73,73.71,73.71.07,73.71.07.1006,73.71.07.1006,Sulawesi Selatan,Kota Makassar,Tallo,Lakkang,2026-09-19T12:00:00,2026-09-20 13:00:00,2026-09-20 21:00:00,24-25,28,68,0,0,6.1,N,43,S,,,0,Cerah,Sunny,https://api-apps.bmkg.go.id/storage/icon/cuaca/cerah-pm.svg,2026-09-20T13:00:00Z
73,73.71,73.71.07,73.71.07.1006,73.71.07.1006,Sulawesi Selatan,Kota Makassar,Tallo,Lakkang,2026-09-19T12:00:00,2026-09-20 16:00:00,2026-09-21 00:00:00,27-28,27,69,0,1,4.3,N,38,S,,,0,Cerah,Sunny,https://api-apps.bmkg.go.id/storage/icon/cuaca/cerah-pm.svg,2026-09-20T16:00:00Z
73,73.71,73.71.07,73.71.07.1006,73.71.07.1006,Sulawesi Selatan,Kota Makassar,Tallo,Lakkang,2026-09-19T12:00:00,2026-09-20 19:00:00,2026-09-21 03:00:00,30-31,26,70,0,9,4.3,NE,76,SW,,,0,Cerah,Sunny,https://api-apps.bmkg.go.id/storage/icon/cuaca/cerah-pm.svg,2026-09-20T19:00:00Z
73,73.71,73.71.07,73.71.07.1006,73.71.07.1006,Sulawesi Selatan,Kota Makassar,Tallo,Lakkang,2026-09-19T12:00:00,2026-09-20 22:00:00,2026-09-21 06:00:00,33-34,27,68,0,53,4.6,SE,144,NW,,,1,Cerah,Sunny,https://api-apps.bmkg.go.id/storage/icon/cuaca/cerah-am.svg,2026-09-20T22:00:00Z
73,73.71,73.71.07,73.71.07.1006,73.71.07.1006,Sulawesi Selatan,Kota Makassar,Tallo,Lakkang,2026-09-19T12:00:00,2026-09-21 01:00:00,2026-09-21 09:00:00,36-37,31,58,0,36,11.5,SW,254,NE,,,1,Cerah,Sunny,https://api-apps.bmkg.go.id/storage/icon/cuaca/cerah-am.svg,2026-09-21T01:00:00Z
73,73.71,73.71.07,73.71.07.1006,73.71.07.1006,Sulawesi Selatan,Kota Makassar,Tallo,Lakkang,2026-09-19T12:00:00,2026-09-21 04:00:00,2026-09-21 12:00:00,39-40,31,62,0.1,26,17.9,SW,253,NE,,,1,Cerah,Sunny,https://api-apps.bmkg.go.id/storage/icon/cuaca/cerah-am.svg,2026-09-21T04:00:00Z
73,73.71,73.71.07,73.71.07.1006,73.71.07.1006,Sulawesi Selatan,Kota Makassar,Tallo,Lakkang,2026-09-19T12:00:00,2026-09-21 07:00:00,2026-09-21 15:00:00,42-43,31,63,0,37,9,W,306,E,,,1,Cerah,Sunny,https://api-apps.bmkg.go.id/storage/icon/cuaca/cerah-am.svg,2026-09-21T07:00:00Z
73,73.71,73.71.07,73.71.07.1006,73.71.07.1006,Sulawesi Selatan,Kota Makassar,Tallo,Lakkang,2026-09-19T12:00:00,2026-09-21 10:00:00,2026-09-21 18:00:00,45-46,30,67,0,27,9.3,N,33,S,,,1,Cerah,Sunny,https://api-apps.bmkg.go.id/storage/icon/cuaca/cerah-pm.svg,2026-09-21T10:00:00Z
73,73.71,73.71.07,73.71.07.1006,73.71.07.1006,Sulawesi Selatan,Kota Makassar,Tallo,Lakkang,2026-09-19T12:00:00,2026-09-21 13:00:00,2026-09-21 21:00:00,48-49,29,57,0,44,3.6,N,28,S,,,1,Cerah,Sunny,https://api-apps.bmkg.go.id/storage/icon/cuaca/cerah-pm.svg,2026-09-21T13:00:00Z
73,73.71,73.71.07,73.71.07.1006,73.71.07.1006,Sulawesi Selatan,Kota Makassar,Tallo,Lakkang,2026-09-19T12:00:00,2026-09-21 16:00:00,2026-09-22 00:00:00,51-52,27,65,0,48,6.2,N,18,S,,,1,Cerah,Sunny,https://api-apps.bmkg.go.id/storage/icon/cuaca/cerah-pm.svg,2026-09-21T16:00:00Z
73,73.71,73.71.07,73.71.07.1006,73.71.07.1006,Sulawesi Selatan,Kota Makassar,Tallo,Lakkang,2026-09-19T12:00:00,2026-09-21 19:00:00,2026-09-22 03:00:00,54-55,26,67,0,38,5.8,E,102,W,,,1,Cerah,Sunny,https://api-apps.bmkg.go.id/storage/icon/cuaca/cerah-pm.svg,2026-09-21T19:00:00Z
73,73.71,73.71.07,73.71.07.1006,73.71.07.1006,Sulawesi Selatan,Kota Makassar,Tallo,Lakkang,2026-09-19T12:00:00,2026-09-21 22:00:00,2026-09-22 06:00:00,57-58,27,69,0,2,0.8,E,102,W,,,0,Cerah,Sunny,https://api-apps.bmkg.go.id/storage/icon/cuaca/cerah-am.svg,2026-09-21T22:00:00Z
73,73.71,73.71.07,73.71.07.1007,73.71.07.1007,Sulawesi Selatan,Kota Makassar,Tallo,Tallo,2026-09-19T12:00:00,2026-09-19 16:00:00,2026-09-20 00:00:00,3-4,27,62,0,3,7.1,N,29,S,,,0,Cerah,Sunny,https://api-apps.bmkg.go.id/storage/icon/cuaca/cerah-pm.svg,2026-09-19T16:00:00Z
73,73.71,73.71.07,73.71.07.1007,73.71.07.1007,Sulawesi Selatan,Kota Makassar,Tallo,Tallo,2026-09-19T12:00:00,2026-09-19 19:00:00,2026-09-20 03:00:00,6-7,26,69,0,43,8.8,NE,84,SW,,,1,Cerah,Sunny,https://api-apps.bmkg.go.id/storage/icon/cuaca/cerah-pm.svg,2026-09-19T19:00:00Z
73,73.71,73.71.07,73.71.07.1007,73.71.07.1007,Sulawesi Selatan,Kota Makassar,Tallo,Tallo,2026-09-19T12:00:00,2026-09-19 22:00:00,2026-09-20 06:00:00,9-10,27,65,0,5,5.5,E,119,W,,,0,Cerah,Sunny,https://api-apps.bmkg.go.id/storage/icon/cuaca/cerah-am.svg,2026-09-19T22:00:00Z
73,73.71,73.71.07,73.71.07.1007,73.71.07.1007,Sulawesi Selatan,Kota Makassar,Tallo,Tallo,2026-09-19T12:00:00,2026-09-20 01:00:00,2026-09-20 09:00:00,12-13,31,52,0,21,9,W,284,E,,,1,Cerah,Sunny,https://api-apps.bmkg.go.id/storage/icon/cuaca/cerah-am.svg,2026-09-20T01:00:00Z
73,73.71,73.71.07,73.71.07.1007,73.71.07.1007,Sulawesi Selatan,Kota Makassar,Tallo,Tallo,2026-09-19T12:00:00,2026-09-20 04:00:00,2026-09-20 12:00:00,15-16,30,59,0,23,14.3,W,271,E,,,1,Cerah,Sunny,https://api-apps.bmkg.go.id/storage/icon/cuaca/cerah-am.svg,2026-09-20T04:00:00Z
73,73.71,73.71.07,73.71.07.1007,73.71.07.1007,Sulawesi Selatan,Kota Makassar,Tallo,Tallo,2026-09-19T12:00:00,2026-09-20 07:00:00,2026-09-20 15:00:00,18-19,30,65,0,29,13.1,SW,268,NE,,,1,Cerah,Sunny,https://api-apps.bmkg.go.id/storage/icon/cuaca/cerah-am.svg,2026-09-20T07:00:00Z
73,73.71,73.71.07,73.71.07.1007,73.71.07.1007,Sulawesi Selatan,Kota Makassar,Tallo,Tallo,2026-09-19T12:00:00,2026-09-20 10:00:00,2026-09-20 18:00:00,21-22,28,78,0,10,2.1,NW,344,SE,,,0,Cerah,Sunny,https://api-apps.bmkg.go.id/storage/icon/cuaca/cerah-pm.svg,2026-09-20T10:00:00Z
73,73.71,73.71.07,73.71.07.1007,73.71.07.1007,Sulawesi Selatan,Kota Makassar,Tallo,Tallo,2026-09-19T12:00:00,2026-09-20 13:00:00,2026-09-20 21:00:00,24-25,28,67,0,0,6.1,N,43,S,,,0,Cerah,Sunny,https://api-apps.bmkg.go.id/storage/icon/cuaca/cerah-pm.svg,2026-09-20T13:00:00Z
73,73.71,73.71.07,73.71.07.1007,73.71.07.1007,Sulawesi Selatan,Kota Makassar,Tallo,Tallo,2026-09-19T12:00:00,2026-09-20 16:00:00,2026-09-21 00:00:00,27-28,27,66,0,1,4.3,N,38,S,,,0,Cerah,Sunny,https://api-apps.bmkg.go.id/storage/icon/cuaca/cerah-pm.svg,2026-09-20T16:00:00Z
73,73.71,73.71.07,73.71.07.1007,73.71.07.1007,Sulawesi Selatan,Kota Makassar,Tallo,Tallo,2026-09-19T12:00:00,2026-09-20 19:00:00,2026-09-21 03:00:00,30-31,26,69,0,9,4.3,NE,76,SW,,,0,Cerah,Sunny,https://api-apps.bmkg.go.id/storage/icon/cuaca/cerah-pm.svg,2026-09-20T19:00:00Z
73,73.71,73.71.07,73.71.07.1007,73.71.07.1007,Sulawesi Selatan,Kota Makassar,Tallo,Tallo,2026-09-19T12:00:00,2026-09-20 22:00:00,2026-09-21 06:00:00,33-34,27,67,0,57,4.6,SE,144,NW,,,1,Cerah,Sunny,https://api-apps.bmkg.go.id/storage/icon/cuaca/cerah-am.svg,2026-09-20T22:00:00Z
73,73.71,73.71.07,73.71.07.1007,73.71.07.1007,Sulawesi Selatan,Kota Makassar,Tallo,Tallo,2026-09-19T12:00:00,2026-09-21 01:00:00,2026-09-21 09:00:00,36-37,30,58,0,44,11.5,SW,254,NE,,,1,Cerah,Sunny,https://api-apps.bmkg.go.id/storage/icon/cuaca/cerah-am.svg,2026-09-21T01:00:00Z
73,73.71,73.71.07,73.71.07.1007,73.71.07.1007,Sulawesi Selatan,Kota Makassar,Tallo,Tallo,2026-09-19T12:00:00,2026-09-21 04:00:00,2026-09-21 12:00:00,39-40,30,64,0.1,26,17.9,SW,253,NE,,,1,Cerah,Sunny,https://api-apps.bmkg.go.id/storage/icon/cuaca/cerah-am.svg,2026-09-21T04:00:00Z
73,73.71,73.71.07,73.71.07.1007,73.71.07.1007,Sulawesi Selatan,Kota Makassar,Tallo,Tallo,2026-09-19T12:00:00,2026-09-21 07:00:00,2026-09-21 15:00:00,42-43,31,67,0,34,9,W,306,E,,,1,Cerah,Sunny,https://api-apps.bmkg.go.id/storage/icon/cuaca/cerah-am.svg,2026-09-21T07:00:00Z
73,73.71,73.71.07,73.71.07.1007,73.71.07.1007,Sulawesi Selatan,Kota Makassar,Tallo,Tallo,2026-09-19T12:00:00,2026-09-21 10:00:00,2026-09-21 18:00:00,45-46,30,70,0,26,9.3,N,33,S,,,1,Cerah,Sunny,https://api-apps.bmkg.go.id/storage/icon/cuaca/cerah-pm.svg,2026-09-21T10:00:00Z
73,73.71,73.71.07,73.71.07.1007,73.71.07.1007,Sulawesi Selatan,Kota Makassar,Tallo,Tallo,2026-09-19T12:00:00,2026-09-21 13:00:00,2026-09-21 21:00:00,48-49,29,56,0,48,3.6,N,28,S,,,1,Cerah,Sunny,https://api-apps.bmkg.go.id/storage/icon/cuaca/cerah-pm.svg,2026-09-21T13:00:00Z
73,73.71,73.71.07,73.71.07.1007,73.71.07.1007,Sulawesi Selatan,Kota Makassar,Tallo,Tallo,2026-09-19T12:00:00,2026-09-21 16:00:00,2026-09-22 00:00:00,51-52,27,64,0,49,6.2,N,18,S,,,1,Cerah,Sunny,https://api-apps.bmkg.go.id/storage/icon/cuaca/cerah-pm.svg,2026-09-21T16:00:00Z
73,73.71,73.71.07,73.71.07.1007,73.71.07.1007,Sulawesi Selatan,Kota Makassar,Tallo,Tallo,2026-09-19T12:00:00,2026-09-21 19:00:00,2026-09-22 03:00:00,54-55,26,64,0,38,5.8,E,102,W,,,1,Cerah,Sunny,https://api-apps.bmkg.go.id/storage/icon/cuaca/cerah-pm.svg,2026-09-21T19:00:00Z
73,73.71,73.71.07,73.71.07.1007,73.71.07.1007,Sulawesi Selatan,Kota Makassar,Tallo,Tallo,2026-09-19T12:00:00,2026-09-21 22:00:00,2026-09-22 06:00:00,57-58,27,68,0,3,0.8,E,102,W,,,0,Cerah,Sunny,https://api-apps.bmkg.go.id/storage/icon/cuaca/cerah-am.svg,2026-09-21T22:00:00Z
73,73.71,73.71.07,73.71.07.1008,73.71.07.1008,Sulawesi Selatan,Kota Makassar,Tallo,La'Latang,2026-09-19T12:00:00,2026-09-19 16:00:00,2026-09-20 00:00:00,3-4,27,67,0,2,6.1,N,13,S,,,0,Cerah,Sunny,https://api-apps.bmkg.go.id/storage/icon/cuaca/cerah-pm.svg,2026-09-19T16:00:00Z
73,73.71,73.71.07,73.71.07.1008,73.71.07.1008,Sulawesi Selatan,Kota Makassar,Tallo,La'Latang,2026-09-19T12:00:00,2026-09-19 19:00:00,2026-09-20 03:00:00,6-7,27,69,0,38,14.6,NE,55,SW,,,1,Cerah,Sunny,https://api-apps.bmkg.go.id/storage/icon/cuaca/cerah-pm.svg,2026-09-19T19:00:00Z
73,73.71,73.71.07,73.71.07.1008,73.71.07.1008,Sulawesi Selatan,Kota Makassar,Tallo,La'Latang,2026-09-19T12:00:00,2026-09-19 22:00:00,2026-09-20 06:00:00,9-10,27,66,0,5,6.1,E,96,W,,,0,Cerah,Sunny,https://api-apps.bmkg.go.id/storage/icon/cuaca/cerah-am.svg,2026-09-19T22:00:00Z
73,73.71,73.71.07,73.71.07.1008,73.71.07.1008,Sulawesi Selatan,Kota Makassar,Tallo,La'Latang,2026-09-19T12:00:00,2026-09-20 01:00:00,2026-09-20 09:00:00,12-13,30,57,0,20,16.2,SW,264,NE,,,1,Cerah,Sunny,https://api-apps.bmkg.go.id/storage/icon/cuaca/cerah-am.svg,2026-09-20T01:00:00Z
73,73.71,73.71.07,73.71.07.1008,73.71.07.1008,Sulawesi Selatan,Kota Makassar,Tallo,La'Latang,2026-09-19T12:00:00,2026-09-20 04:00:00,2026-09-20 12:00:00,15-16,30,63,0,21,18.1,SW,256,NE,,,1,Cerah,Sunny,https://api-apps.bmkg.go.id/storage/icon/cuaca/cerah-am.svg,2026-09-20T04:00:00Z
73,73.71,73.71.07,73.71.07.1008,73.71.07.1008,Sulawesi Selatan,Kota Makassar,Tallo,La'Latang,2026-09-19T12:00:00,2026-09-20 07:00:00,2026-09-20 15:00:00,18-19,29,69,0,26,20,SW,260,NE,,,1,Cerah,Sunny,https://api-apps.bmkg.go.id/storage/icon/cuaca/cerah-am.svg,2026-09-20T07:00:00Z
73,73.71,73.71.07,73.71.07.1008,73.71.07.1008,Sulawesi Selatan,Kota Makassar,Tallo,La'Latang,2026-09-19T12:00:00,2026-09-20 10:00:00,2026-09-20 18:00:00,21-22,28,78,0,9,2.4,W,312,E,,,0,Cerah,Sunny,https://api-apps.bmkg.go.id/storage/icon/cuaca/cerah-pm.svg,2026-09-20T10:00:00Z
73,73.71,73.71.07,73.71.07.1008,73.71.07.1008,Sulawesi Selatan,Kota Makassar,Tallo,La'Latang,2026-09-19T12:00:00,2026-09-20 13:00:00,2026-09-20 21:00:00,24-25,28,68,0,0,10,N,41,S,,,0,Cerah,Sunny,https://api-apps.bmkg.go.id/storage/icon/cuaca/cerah-pm.svg,2026-09-20T13:00:00Z
73,73.71,73.71.07,73.71.07.1008,73.71.07.1008,Sulawesi Selatan,Kota Makassar,Tallo,La'Latang,2026-09-19T12:00:00,2026-09-20 16:00:00,2026-09-21 00:00:00,27-28,27,69,0,1,1,N,20,S,,,0,Cerah,Sunny,https://api-apps.bmkg.go.id/storage/icon/cuaca/cerah-pm.svg,2026-09-20T16:00:00Z
73,73.71,73.71.07,73.71.07.1008,73.71.07.1008,Sulawesi Selatan,Kota Makassar,Tallo,La'Latang,2026-09-19T12:00:00,2026-09-20 19:00:00,2026-09-21 03:00:00,30-31,27,70,0,8,9.1,NE,48,SW,,,0,Cerah,Sunny,https://api-apps.bmkg.go.id/storage/icon/cuaca/cerah-pm.svg,2026-09-20T19:00:00Z
73,73.71,73.71.07,73.71.07.1008,73.71.07.1008,Sulawesi Selatan,Kota Makassar,Tallo,La'Latang,2026-09-19T12:00:00,2026-09-20 22:00:00,2026-09-21 06:00:00,33-34,27,69,0,59,5.5,E,121,W,,,1,Cerah,Sunny,https://api-apps.bmkg.go.id/storage/icon/cuaca/cerah-am.svg,2026-09-20T22:00:00Z
73,73.71,73.71.07,73.71.07.1008,73.71.07.1008,Sulawesi Selatan,Kota Makassar,Tallo,La'Latang,2026-09-19T12:00:00,2026-09-21 01:00:00,2026-09-21 09:00:00,36-37,30,64,0,39,18.3,SW,243,NE,,,1,Cerah,Sunny,https://api-apps.bmkg.go.id/storage/icon/cuaca/cerah-am.svg,2026-09-21T01:00:00Z
73,73.71,73.71.07,73.71.07.1008,73.71.07.1008,Sulawesi Selatan,Kota Makassar,Tallo,La'Latang,2026-09-19T12:00:00,2026-09-21 04:00:00,2026-09-21 12:00:00,39-40,30,68,0,21,20.3,SW,240,NE,,,1,Cerah,Sunny,https://api-apps.bmkg.go.id/storage/icon/cuaca/cerah-am.svg,2026-09-21T04:00:00Z
73,73.71,73.71.07,73.71.07.1008,73.71.07.1008,Sulawesi Selatan,Kota Makassar,Tallo,La'Latang,2026-09-19T12:00:00,2026-09-21 07:00:00,2026-09-21 15:00:00,42-43,30,69,0,32,6.3,W,277,E,,,1,Cerah,Sunny,https://api-apps.bmkg.go.id/storage/icon/cuaca/cerah-am.svg,2026-09-21T07:00:00Z
73,73.71,73.71.07,73.71.07.1008,73.71.07.1008,Sulawesi Selatan,Kota Makassar,Tallo,La'Latang,2026-09-19T12:00:00,2026-09-21 10:00:00,2026-09-21 18:00:00,45-46,30,70,0,25,13.6,N,26,S,,,1,Cerah,Sunny,https://api-apps.bmkg.go.id/storage/icon/cuaca/cerah-pm.svg,2026-09-21T10:00:00Z
73,73.71,73.71.07,73.71.07.1008,73.71.07.1008,Sulawesi Selatan,Kota Makassar,Tallo,La'Latang,2026-09-19T12:00:00,2026-09-21 13:00:00,2026-09-21 21:00:00,48-49,29,58,0,41,1.7,SE,170,NW,,,1,Cerah,Sunny,https://api-apps.bmkg.go.id/storage/icon/cuaca/cerah-pm.svg,2026-09-21T13:00:00Z
73,73.71,73.71.07,73.71.07.1008,73.71.07.1008,Sulawesi Selatan,Kota Makassar,Tallo,La'Latang,2026-09-19T12:00:00,2026-09-21 16:00:00,2026-09-22 00:00:00,51-52,27,68,0,49,6,NW,354,SE,,,1,Cerah,Sunny,https://api-apps.bmkg.go.id/storage/icon/cuaca/cerah-pm.svg,2026-09-21T16:00:00Z
73,73.71,73.71.07,73.71.07.1008,73.71.07.1008,Sulawesi Selatan,Kota Makassar,Tallo,La'Latang,2026-09-19T12:00:00,2026-09-21 19:00:00,2026-09-22 03:00:00,54-55,27,66,0,37,8.3,NE,87,SW,,,1,Cerah,Sunny,https://api-apps.bmkg.go.id/storage/icon/cuaca/cerah-pm.svg,2026-09-21T19:00:00Z
73,73.71,73.71.07,73.71.07.1008,73.71.07.1008,Sulawesi Selatan,Kota Makassar,Tallo,La'Latang,2026-09-19T12:00:00,2026-09-21 22:00:00,2026-09-22 06:00:00,57-58,27,69,0,3,2.9,N,12,S,,,0,Cerah,Sunny,https://api-apps.bmkg.go.id/storage/icon/cuaca/cerah-am.svg,2026-09-21T22:00:00Z
73,73.71,73.71.07,73.71.07.1009,73.71.07.1009,Sulawesi Selatan,Kota Makassar,Tallo,Wala-Walaya,2026-09-19T12:00:00,2026-09-19 16:00:00,2026-09-20 00:00:00,3-4,27,63,0,3,7.1,N,29,S,,,0,Cerah,Sunny,https://api-apps.bmkg.go.id/storage/icon/cuaca/cerah-pm.svg,2026-09-19T16:00:00Z
73,73.71,73.71.07,73.71.07.1009,73.71.07.1009,Sulawesi Selatan,Kota Makassar,Tallo,Wala-Walaya,2026-09-19T12:00:00,2026-09-19 19:00:00,2026-09-20 03:00:00,6-7,26,69,0,40,8.8,NE,84,SW,,,1,Cerah,Sunny,https://api-apps.bmkg.go.id/storage/icon/cuaca/cerah-pm.svg,2026-09-19T19:00:00Z
73,73.71,73.71.07,73.71.07.1009,73.71.07.1009,Sulawesi Selatan,Kota Makassar,Tallo,Wala-Walaya,2026-09-19T12:00:00,2026-09-19 22:00:00,2026-09-20 06:00:00,9-10,27,65,0,5,5.5,E,119,W,,,0,Cerah,Sunny,https://api-apps.bmkg.go.id/storage/icon/cuaca/cerah-am.svg,2026-09-19T22:00:00Z
73,73.71,73.71.07,73.71.07.1009,73.71.07.1009,Sulawesi Selatan,Kota Makassar,Tallo,Wala-Walaya,2026-09-19T12:00:00,2026-09-20 01:00:00,2026-09-20 09:00:00,12-13,31,52,0,22,9,W,284,E,,,1,Cerah,Sunny,https://api-apps.bmkg.go.id/storage/icon/cuaca/cerah-am.svg,2026-09-20T01:00:00Z
73,73.71,73.71.07,73.71.07.1009,73.71.07.1009,Sulawesi Selatan,Kota Makassar,Tallo,Wala-Walaya,2026-09-19T12:00:00,2026-09-20 04:00:00,2026-09-20 12:00:00,15-16,30,58,0,25,14.3,W,271,E,,,1,Cerah,Sunny,https://api-apps.bmkg.go.id/storage/icon/cuaca/cerah-am.svg,2026-09-20T04:00:00Z
73,73.71,73.71.07,73.71.07.1009,73.71.07.1009,Sulawesi Selatan,Kota Makassar,Tallo,Wala-Walaya,2026-09-19T12:00:00,2026-09-20 07:00:00,2026-09-20 15:00:00,18-19,30,64,0,31,13.1,SW,268,NE,,,1,Cerah,Sunny,https://api-apps.bmkg.go.id/storage/icon/cuaca/cerah-am.svg,2026-09-20T07:00:00Z
73,73.71,73.71.07,73.71.07.1009,73.71.07.1009,Sulawesi Selatan,Kota Makassar,Tallo,Wala-Walaya,2026-09-19T12:00:00,2026-09-20 10:00:00,2026-09-20 18:00:00,21-22,28,76,0,11,2.1,NW,344,SE,,,1,Cerah,Sunny,https://api-apps.bmkg.go.id/storage/icon/cuaca/cerah-pm.svg,2026-09-20T10:00:00Z
73,73.71,73.71.07,73.71.07.1009,73.71.07.1009,Sulawesi Selatan,Kota Makassar,Tallo,Wala-Walaya,2026-09-19T12:00:00,2026-09-20 13:00:00,2026-09-20 21:00:00,24-25,28,68,0,0,6.1,N,43,S,,,0,Cerah,Sunny,https://api-apps.bmkg.go.id/storage/icon/cuaca/cerah-pm.svg,2026-09-20T13:00:00Z
73,73.71,73.71.07,73.71.07.1009,73.71.07.1009,Sulawesi Selatan,Kota Makassar,Tallo,Wala-Walaya,2026-09-19T12:00:00,2026-09-20 16:00:00,2026-09-21 00:00:00,27-28,27,69,0,1,4.3,N,38,S,,,0,Cerah,Sunny,https://api-apps.bmkg.go.id/storage/icon/cuaca/cerah-pm.svg,2026-09-20T16:00:00Z
73,73.71,73.71.07,73.71.07.1009,73.71.07.1009,Sulawesi Selatan,Kota Makassar,Tallo,Wala-Walaya,2026-09-19T12:00:00,2026-09-20 19:00:00,2026-09-21 03:00:00,30-31,26,70,0,9,4.3,NE,76,SW,,,0,Cerah,Sunny,https://api-apps.bmkg.go.id/storage/icon/cuaca/cerah-pm.svg,2026-09-20T19:00:00Z
73,73.71,73.71.07,73.71.07.1009,73.71.07.1009,Sulawesi Selatan,Kota Makassar,Tallo,Wala-Walaya,2026-09-19T12:00:00,2026-09-20 22:00:00,2026-09-21 06:00:00,33-34,27,68,0,53,4.6,SE,144,NW,,,1,Cerah,Sunny,https://api-apps.bmkg.go.id/storage/icon/cuaca/cerah-am.svg,2026-09-20T22:00:00Z
73,73.71,73.71.07,73.71.07.1009,73.71.07.1009,Sulawesi Selatan,Kota Makassar,Tallo,Wala-Walaya,2026-09-19T12:00:00,2026-09-21 01:00:00,2026-09-21 09:00:00,36-37,31,58,0,36,11.5,SW,254,NE,,,1,Cerah,Sunny,https://api-apps.bmkg.go.id/storage/icon/cuaca/cerah-am.svg,2026-09-21T01:00:00Z
73,73.71,73.71.07,73.71.07.1009,73.71.07.1009,Sulawesi Selatan,Kota Makassar,Tallo,Wala-Walaya,2026-09-19T12:00:00,2026-09-21 04:00:00,2026-09-21 12:00:00,39-40,31,62,0.1,26,17.9,SW,253,NE,,,1,Cerah,Sunny,https://api-apps.bmkg.go.id/storage/icon/cuaca/cerah-am.svg,2026-09-21T04:00:00Z
73,73.71,73.71.07,73.71.07.1009,73.71.07.1009,Sulawesi Selatan,Kota Makassar,Tallo,Wala-Walaya,2026-09-19T12:00:00,2026-09-21 07:00:00,2026-09-21 15:00:00,42-43,31,63,0,37,9,W,306,E,,,1,Cerah,Sunny,https://api-apps.bmkg.go.id/storage/icon/cuaca/cerah-am.svg,2026-09-21T07:00:00Z
73,73.71,73.71.07,73.71.07.1009,73.71.07.1009,Sulawesi Selatan,Kota Makassar,Tallo,Wala-Walaya,2026-09-19T12:00:00,2026-09-21 10:00:00,2026-09-21 18:00:00,45-46,30,67,0,27,9.3,N,33,S,,,1,Cerah,Sunny,https://api-apps.bmkg.go.id/storage/icon/cuaca/cerah-pm.svg,2026-09-21T10:00:00Z
73,73.71,73.71.07,73.71.07.1009,73.71.07.1009,Sulawesi Selatan,Kota Makassar,Tallo,Wala-Walaya,2026-09-19T12:00:00,2026-09-21 13:00:00,2026-09-21 21:00:00,48-49,29,57,0,44,3.6,N,28,S,,,1,Cerah,Sunny,https://api-apps.bmkg.go.id/storage/icon/cuaca/cerah-pm.svg,2026-09-21T13:00:00Z
73,73.71,73.71.07,73.71.07.1009,73.71.07.1009,Sulawesi Selatan,Kota Makassar,Tallo,Wala-Walaya,2026-09-19T12:00:00,2026-09-21 16:00:00,2026-09-22 00:00:00,51-52,27,65,0,48,6.2,N,18,S,,,1,Cerah,Sunny,https://api-apps.bmkg.go.id/storage/icon/cuaca/cerah-pm.svg,2026-09-21T16:00:00Z
73,73.71,73.71.07,73.71.07.1009,73.71.07.1009,Sulawesi Selatan,Kota Makassar,Tallo,Wala-Walaya,2026-09-19T12:00:00,2026-09-21 19:00:00,2026-09-22 03:00:00,54-55,26,67,0,38,5.8,E,102,W,,,1,Cerah,Sunny,https://api-apps.bmkg.go.id/storage/icon/cuaca/cerah-pm.svg,2026-09-21T19:00:00Z
73,73.71,73.71.07,73.71.07.1009,73.71.07.1009,Sulawesi Selatan,Kota Makassar,Tallo,Wala-Walaya,2026-09-19T12:00:00,2026-09-21 22:00:00,2026-09-22 06:00:00,57-58,27,69,0,2,0.8,E,102,W,,,0,Cerah,Sunny,https://api-apps.bmkg.go.id/storage/icon/cuaca/cerah-am.svg,2026-09-21T22:00:00Z
73,73.71,73.71.07,73.71.07.1010,73.71.07.1010,Sulawesi Selatan,Kota Makassar,Tallo,Tammua,2026-09-19T12:00:00,2026-09-19 16:00:00,2026-09-20 00:00:00,3-4,27,63,0,3,7.1,N,29,S,,,0,Cerah,Sunny,https://api-apps.bmkg.go.id/storage/icon/cuaca/cerah-pm.svg,2026-09-19T16:00:00Z
73,73.71,73.71.07,73.71.07.1010,73.71.07.1010,Sulawesi Selatan,Kota Makassar,Tallo,Tammua,2026-09-19T12:00:00,2026-09-19 19:00:00,2026-09-20 03:00:00,6-7,26,69,0,40,8.8,NE,84,SW,,,1,Cerah,Sunny,https://api-apps.bmkg.go.id/storage/icon/cuaca/cerah-pm.svg,2026-09-19T19:00:00Z
73,73.71,73.71.07,73.71.07.1010,73.71.07.1010,Sulawesi Selatan,Kota Makassar,Tallo,Tammua,2026-09-19T12:00:00,2026-09-19 22:00:00,2026-09-20 06:00:00,9-10,27,65,0,5,5.5,E,119,W,,,0,Cerah,Sunny,https://api-apps.bmkg.go.id/storage/icon/cuaca/cerah-am.svg,2026-09-19T22:00:00Z
73,73.71,73.71.07,73.71.07.1010,73.71.07.1010,Sulawesi Selatan,Kota Makassar,Tallo,Tammua,2026-09-19T12:00:00,2026-09-20 01:00:00,2026-09-20 09:00:00,12-13,31,52,0,22,9,W,284,E,,,1,Cerah,Sunny,https://api-apps.bmkg.go.id/storage/icon/cuaca/cerah-am.svg,2026-09-20T01:00:00Z
73,73.71,73.71.07,73.71.07.1010,73.71.07.1010,Sulawesi Selatan,Kota Makassar,Tallo,Tammua,2026-09-19T12:00:00,2026-09-20 04:00:00,2026-09-20 12:00:00,15-16,30,58,0,25,14.3,W,271,E,,,1,Cerah,Sunny,https://api-apps.bmkg.go.id/storage/icon/cuaca/cerah-am.svg,2026-09-20T04:00:00Z
73,73.71,73.71.07,73.71.07.1010,73.71.07.1010,Sulawesi Selatan,Kota Makassar,Tallo,Tammua,2026-09-19T12:00:00,2026-09-20 07:00:00,2026-09-20 15:00:00,18-19,30,64,0,31,13.1,SW,268,NE,,,1,Cerah,Sunny,https://api-apps.bmkg.go.id/storage/icon/cuaca/cerah-am.svg,2026-09-20T07:00:00Z
73,73.71,73.71.07,73.71.07.1010,73.71.07.1010,Sulawesi Selatan,Kota Makassar,Tallo,Tammua,2026-09-19T12:00:00,2026-09-20 10:00:00,2026-09-20 18:00:00,21-22,28,76,0,11,2.1,NW,344,SE,,,1,Cerah,Sunny,https://api-apps.bmkg.go.id/storage/icon/cuaca/cerah-pm.svg,2026-09-20T10:00:00Z
73,73.71,73.71.07,73.71.07.1010,73.71.07.1010,Sulawesi Selatan,Kota Makassar,Tallo,Tammua,2026-09-19T12:00:00,2026-09-20 13:00:00,2026-09-20 21:00:00,24-25,28,68,0,0,6.1,N,43,S,,,0,Cerah,Sunny,https://api-apps.bmkg.go.id/storage/icon/cuaca/cerah-pm.svg,2026-09-20T13:00:00Z
73,73.71,73.71.07,73.71.07.1010,73.71.07.1010,Sulawesi Selatan,Kota Makassar,Tallo,Tammua,2026-09-19T12:00:00,2026-09-20 16:00:00,2026-09-21 00:00:00,27-28,27,69,0,1,4.3,N,38,S,,,0,Cerah,Sunny,https://api-apps.bmkg.go.id/storage/icon/cuaca/cerah-pm.svg,2026-09-20T16:00:00Z
73,73.71,73.71.07,73.71.07.1010,73.71.07.1010,Sulawesi Selatan,Kota Makassar,Tallo,Tammua,2026-09-19T12:00:00,2026-09-20 19:00:00,2026-09-21 03:00:00,30-31,26,70,0,9,4.3,NE,76,SW,,,0,Cerah,Sunny,https://api-apps.bmkg.go.id/storage/icon/cuaca/cerah-pm.svg,2026-09-20T19:00:00Z
73,73.71,73.71.07,73.71.07.1010,73.71.07.1010,Sulawesi Selatan,Kota Makassar,Tallo,Tammua,2026-09-19T12:00:00,2026-09-20 22:00:00,2026-09-21 06:00:00,33-34,27,68,0,53,4.6,SE,144,NW,,,1,Cerah,Sunny,https://api-apps.bmkg.go.id/storage/icon/cuaca/cerah-am.svg,2026-09-20T22:00:00Z
73,73.71,73.71.07,73.71.07.1010,73.71.07.1010,Sulawesi Selatan,Kota Makassar,Tallo,Tammua,2026-09-19T12:00:00,2026-09-21 01:00:00,2026-09-21 09:00:00,36-37,31,58,0,36,11.5,SW,254,NE,,,1,Cerah,Sunny,https://api-apps.bmkg.go.id/storage/icon/cuaca/cerah-am.svg,2026-09-21T01:00:00Z
73,73.71,73.71.07,73.71.07.1010,73.71.07.1010,Sulawesi Selatan,Kota Makassar,Tallo,Tammua,2026-09-19T12:00:00,2026-09-21 04:00:00,2026-09-21 12:00:00,39-40,31,62,0.1,26,17.9,SW,253,NE,,,1,Cerah,Sunny,https://api-apps.bmkg.go.id/storage/icon/cuaca/cerah-am.svg,2026-09-21T04:00:00Z
73,73.71,73.71.07,73.71.07.1010,73.71.07.1010,Sulawesi Selatan,Kota Makassar,Tallo,Tammua,2026-09-19T12:00:00,2026-09-21 07:00:00,2026-09-21 15:00:00,42-43,31,63,0,37,9,W,306,E,,,1,Cerah,Sunny,https://api-apps.bmkg.go.id/storage/icon/cuaca/cerah-am.svg,2026-09-21T07:00:00Z
73,73.71,73.71.07,73.71.07.1010,73.71.07.1010,Sulawesi Selatan,Kota Makassar,Tallo,Tammua,2026-09-19T12:00:00,2026-09-21 10:00:00,2026-09-21 18:00:00,45-46,30,67,0,27,9.3,N,33,S,,,1,Cerah,Sunny,https://api-apps.bmkg.go.id/storage/icon/cuaca/cerah-pm.svg,2026-09-21T10:00:00Z
73,73.71,73.71.07,73.71.07.1010,73.71.07.1010,Sulawesi Selatan,Kota Makassar,Tallo,Tammua,2026-09-19T12:00:00,2026-09-21 13:00:00,2026-09-21 21:00:00,48-49,29,57,0,44,3.6,N,28,S,,,1,Cerah,Sunny,https://api-apps.bmkg.go.id/storage/icon/cuaca/cerah-pm.svg,2026-09-21T13:00:00Z
73,73.71,73.71.07,73.71.07.1010,73.71.07.1010,Sulawesi Selatan,Kota Makassar,Tallo,Tammua,2026-09-19T12:00:00,2026-09-21 16:00:00,2026-09-22 00:00:00,51-52,27,65,0,48,6.2,N,18,S,,,1,Cerah,Sunny,https://api-apps.bmkg.go.id/storage/icon/cuaca/cerah-pm.svg,2026-09-21T16:00:00Z
73,73.71,73.71.07,73.71.07.1010,73.71.07.1010,Sulawesi Selatan,Kota Makassar,Tallo,Tammua,2026-09-19T12:00:00,2026-09-21 19:00:00,2026-09-22 03:00:00,54-55,26,67,0,38,5.8,E,102,W,,,1,Cerah,Sunny,https://api-apps.bmkg.go.id/storage/icon/cuaca/cerah-pm.svg,2026-09-21T19:00:00Z
73,73.71,73.71.07,73.71.07.1010,73.71.07.1010,Sulawesi Selatan,Kota Makassar,Tallo,Tammua,2026-09-19T12:00:00,2026-09-21 22:00:00,2026-09-22 06:00:00,57-58,27,69,0,2,0.8,E,102,W,,,0,Cerah,Sunny,https://api-apps.bmkg.go.id/storage/icon/cuaca/cerah-am.svg,2026-09-21T22:00:00Z
73,73.71,73.71.07,73.71.07.1011,73.71.07.1011,Sulawesi Selatan,Kota Makassar,Tallo,Buloa,2026-09-19T12:00:00,2026-09-19 16:00:00,2026-09-20 00:00:00,3-4,27,67,0,2,6.1,N,13,S,,,0,Cerah,Sunny,https://api-apps.bmkg.go.id/storage/icon/cuaca/cerah-pm.svg,2026-09-19T16:00:00Z
73,73.71,73.71.07,73.71.07.1011,73.71.07.1011,Sulawesi Selatan,Kota Makassar,Tallo,Buloa,2026-09-19T12:00:00,2026-09-19 19:00:00,2026-09-20 03:00:00,6-7,27,70,0,41,14.6,NE,55,SW,,,1,Cerah,Sunny,https://api-apps.bmkg.go.id/storage/icon/cuaca/cerah-pm.svg,2026-09-19T19:00:00Z
73,73.71,73.71.07,73.71.07.1011,73.71.07.1011,Sulawesi Selatan,Kota Makassar,Tallo,Buloa,2026-09-19T12:00:00,2026-09-19 22:00:00,2026-09-20 06:00:00,9-10,27,65,0,5,6.1,E,96,W,,,0,Cerah,Sunny,https://api-apps.bmkg.go.id/storage/icon/cuaca/cerah-am.svg,2026-09-19T22:00:00Z
73,73.71,73.71.07,73.71.07.1011,73.71.07.1011,Sulawesi Selatan,Kota Makassar,Tallo,Buloa,2026-09-19T12:00:00,2026-09-20 01:00:00,2026-09-20 09:00:00,12-13,30,58,0,18,16.2,SW,264,NE,,,1,Cerah,Sunny,https://api-apps.bmkg.go.id/storage/icon/cuaca/cerah-am.svg,2026-09-20T01:00:00Z
73,73.71,73.71.07,73.71.07.1011,73.71.07.1011,Sulawesi Selatan,Kota Makassar,Tallo,Buloa,2026-09-19T12:00:00,2026-09-20 04:00:00,2026-09-20 12:00:00,15-16,29,64,0,20,18.1,SW,256,NE,,,1,Cerah,Sunny,https://api-apps.bmkg.go.id/storage/icon/cuaca/cerah-am.svg,2026-09-20T04:00:00Z
73,73.71,73.71.07,73.71.07.1011,73.71.07.1011,Sulawesi Selatan,Kota Makassar,Tallo,Buloa,2026-09-19T12:00:00,2026-09-20 07:00:00,2026-09-20 15:00:00,18-19,29,70,0,25,20,SW,260,NE,,,1,Cerah,Sunny,https://api-apps.bmkg.go.id/storage/icon/cuaca/cerah-am.svg,2026-09-20T07:00:00Z
73,73.71,73.71.07,73.71.07.1011,73.71.07.1011,Sulawesi Selatan,Kota Makassar,Tallo,Buloa,2026-09-19T12:00:00,2026-09-20 10:00:00,2026-09-20 18:00:00,21-22,28,80,0,8,2.4,W,312,E,,,0,Cerah,Sunny,https://api-apps.bmkg.go.id/storage/icon/cuaca/cerah-pm.svg,2026-09-20T10:00:00Z
73,73.71,73.71.07,73.71.07.1011,73.71.07.1011,Sulawesi Selatan,Kota Makassar,Tallo,Buloa,2026-09-19T12:00:00,2026-09-20 13:00:00,2026-09-20 21:00:00,24-25,28,68,0,0,10,N,41,S,,,0,Cerah,Sunny,https://api-apps.bmkg.go.id/storage/icon/cuaca/cerah-pm.svg,2026-09-20T13:00:00Z
73,73.71,73.71.07,73.71.07.1011,73.71.07.1011,Sulawesi Selatan,Kota Makassar,Tallo,Buloa,2026-09-19T12:00:00,2026-09-20 16:00:00,2026-09-21 00:00:00,27-28,27,66,0,2,1,N,20,S,,,0,Cerah,Sunny,https://api-apps.bmkg.go.id/storage/icon/cuaca/cerah-pm.svg,2026-09-20T16:00:00Z
73,73.71,73.71.07,73.71.07.1011,73.71.07.1011,Sulawesi Selatan,Kota Makassar,Tallo,Buloa,2026-09-19T12:00:00,2026-09-20 19:00:00,2026-09-21 03:00:00,30-31,27,69,0,9,9.1,NE,48,SW,,,0,Cerah,Sunny,https://api-apps.bmkg.go.id/storage/icon/cuaca/cerah-pm.svg,2026-09-20T19:00:00Z
73,73.71,73.71.07,73.71.07.1011,73.71.07.1011,Sulawesi Selatan,Kota Makassar,Tallo,Buloa,2026-09-19T12:00:00,2026-09-20 22:00:00,2026-09-21 06:00:00,33-34,27,68,0,63,5.5,E,121,W,,,2,Cerah Berawan,Partly Cloudy,https://api-apps.bmkg.go.id/storage/icon/cuaca/cerah berawan-am.svg,2026-09-20T22:00:00Z
73,73.71,73.71.07,73.71.07.1011,73.71.07.1011,Sulawesi Selatan,Kota Makassar,Tallo,Buloa,2026-09-19T12:00:00,2026-09-21 01:00:00,2026-09-21 09:00:00,36-37,29,64,0,47,18.3,SW,243,NE,,,1,Cerah,Sunny,https://api-apps.bmkg.go.id/storage/icon/cuaca/cerah-am.svg,2026-09-21T01:00:00Z
73,73.71,73.71.07,73.71.07.1011,73.71.07.1011,Sulawesi Selatan,Kota Makassar,Tallo,Buloa,2026-09-19T12:00:00,2026-09-21 04:00:00,2026-09-21 12:00:00,39-40,29,70,0,20,20.3,SW,240,NE,,,1,Cerah,Sunny,https://api-apps.bmkg.go.id/storage/icon/cuaca/cerah-am.svg,2026-09-21T04:00:00Z
73,73.71,73.71.07,73.71.07.1011,73.71.07.1011,Sulawesi Selatan,Kota Makassar,Tallo,Buloa,2026-09-19T12:00:00,2026-09-21 07:00:00,2026-09-21 15:00:00,42-43,30,74,0,30,6.3,W,277,E,,,1,Cerah,Sunny,https://api-apps.bmkg.go.id/storage/icon/cuaca/cerah-am.svg,2026-09-21T07:00:00Z
73,73.71,73.71.07,73.71.07.1011,73.71.07.1011,Sulawesi Selatan,Kota Makassar,Tallo,Buloa,2026-09-19T12:00:00,2026-09-21 10:00:00,2026-09-21 18:00:00,45-46,29,73,0,24,13.6,N,26,S,,,1,Cerah,Sunny,https://api-apps.bmkg.go.id/storage/icon/cuaca/cerah-pm.svg,2026-09-21T10:00:00Z
73,73.71,73.71.07,73.71.07.1011,73.71.07.1011,Sulawesi Selatan,Kota Makassar,Tallo,Buloa,2026-09-19T12:00:00,2026-09-21 13:00:00,2026-09-21 21:00:00,48-49,29,57,0,45,1.7,SE,170,NW,,,1,Cerah,Sunny,https://api-apps.bmkg.go.id/storage/icon/cuaca/cerah-pm.svg,2026-09-21T13:00:00Z
73,73.71,73.71.07,73.71.07.1011,73.71.07.1011,Sulawesi Selatan,Kota Makassar,Tallo,Buloa,2026-09-19T12:00:00,2026-09-21 16:00:00,2026-09-22 00:00:00,51-52,28,67,0,50,6,NW,354,SE,,,1,Cerah,Sunny,https://api-apps.bmkg.go.id/storage/icon/cuaca/cerah-pm.svg,2026-09-21T16:00:00Z
73,73.71,73.71.07,73.71.07.1011,73.71.07.1011,Sulawesi Selatan,Kota Makassar,Tallo,Buloa,2026-09-19T12:00:00,2026-09-21 19:00:00,2026-09-22 03:00:00,54-55,27,64,0,37,8.3,NE,87,SW,,,1,Cerah,Sunny,https://api-apps.bmkg.go.id/storage/icon/cuaca/cerah-pm.svg,2026-09-21T19:00:00Z
73,73.71,73.71.07,73.71.07.1011,73.71.07.1011,Sulawesi Selatan,Kota Makassar,Tallo,Buloa,2026-09-19T12:00:00,2026-09-21 22:00:00,2026-09-22 06:00:00,57-58,27,68,0,3,2.9,N,12,S,,,0,Cerah,Sunny,https://api-apps.bmkg.go.id/storage/icon/cuaca/cerah-am.svg,2026-09-21T22:00:00Z
73,73.71,73.71.07,73.71.07.1012,73.71.07.1012,Sulawesi Selatan,Kota Makassar,Tallo,Suangga,2026-09-19T12:00:00,2026-09-19 16:00:00,2026-09-20 00:00:00,3-4,27,67,0,2,6.1,N,13,S,,,0,Cerah,Sunny,https://api-apps.bmkg.go.id/storage/icon/cuaca/cerah-pm.svg,2026-09-19T16:00:00Z
73,73.71,73.71.07,73.71.07.1012,73.71.07.1012,Sulawesi Selatan,Kota Makassar,Tallo,Suangga,2026-09-19T12:00:00,2026-09-19 19:00:00,2026-09-20 03:00:00,6-7,27,69,0,38,14.6,NE,55,SW,,,1,Cerah,Sunny,https://api-apps.bmkg.go.id/storage/icon/cuaca/cerah-pm.svg,2026-09-19T19:00:00Z
73,73.71,73.71.07,73.71.07.1012,73.71.07.1012,Sulawesi Selatan,Kota Makassar,Tallo,Suangga,2026-09-19T12:00:00,2026-09-19 22:00:00,2026-09-20 06:00:00,9-10,27,66,0,5,6.1,E,96,W,,,0,Cerah,Sunny,https://api-apps.bmkg.go.id/storage/icon/cuaca/cerah-am.svg,2026-09-19T22:00:00Z
73,73.71,73.71.07,73.71.07.1012,73.71.07.1012,Sulawesi Selatan,Kota Makassar,Tallo,Suangga,2026-09-19T12:00:00,2026-09-20 01:00:00,2026-09-20 09:00:00,12-13,30,57,0,20,16.2,SW,264,NE,,,1,Cerah,Sunny,https://api-apps.bmkg.go.id/storage/icon/cuaca/cerah-am.svg,2026-09-20T01:00:00Z
73,73.71,73.71.07,73.71.07.1012,73.71.07.1012,Sulawesi Selatan,Kota Makassar,Tallo,Suangga,2026-09-19T12:00:00,2026-09-20 04:00:00,2026-09-20 12:00:00,15-16,30,63,0,21,18.1,SW,256,NE,,,1,Cerah,Sunny,https://api-apps.bmkg.go.id/storage/icon/cuaca/cerah-am.svg,2026-09-20T04:00:00Z
73,73.71,73.71.07,73.71.07.1012,73.71.07.1012,Sulawesi Selatan,Kota Makassar,Tallo,Suangga,2026-09-19T12:00:00,2026-09-20 07:00:00,2026-09-20 15:00:00,18-19,29,69,0,26,20,SW,260,NE,,,1,Cerah,Sunny,https://api-apps.bmkg.go.id/storage/icon/cuaca/cerah-am.svg,2026-09-20T07:00:00Z
73,73.71,73.71.07,73.71.07.1012,73.71.07.1012,Sulawesi Selatan,Kota Makassar,Tallo,Suangga,2026-09-19T12:00:00,2026-09-20 10:00:00,2026-09-20 18:00:00,21-22,28,78,0,9,2.4,W,312,E,,,0,Cerah,Sunny,https://api-apps.bmkg.go.id/storage/icon/cuaca/cerah-pm.svg,2026-09-20T10:00:00Z
73,73.71,73.71.07,73.71.07.1012,73.71.07.1012,Sulawesi Selatan,Kota Makassar,Tallo,Suangga,2026-09-19T12:00:00,2026-09-20 13:00:00,2026-09-20 21:00:00,24-25,28,68,0,0,10,N,41,S,,,0,Cerah,Sunny,https://api-apps.bmkg.go.id/storage/icon/cuaca/cerah-pm.svg,2026-09-20T13:00:00Z
73,73.71,73.71.07,73.71.07.1012,73.71.07.1012,Sulawesi Selatan,Kota Makassar,Tallo,Suangga,2026-09-19T12:00:00,2026-09-20 16:00:00,2026-09-21 00:00:00,27-28,27,69,0,1,1,N,20,S,,,0,Cerah,Sunny,https://api-apps.bmkg.go.id/storage/icon/cuaca/cerah-pm.svg,2026-09-20T16:00:00Z
73,73.71,73.71.07,73.71.07.1012,73.71.07.1012,Sulawesi Selatan,Kota Makassar,Tallo,Suangga,2026-09-19T12:00:00,2026-09-20 19:00:00,2026-09-21 03:00:00,30-31,27,70,0,8,9.1,NE,48,SW,,,0,Cerah,Sunny,https://api-apps.bmkg.go.id/storage/icon/cuaca/cerah-pm.svg,2026-09-20T19:00:00Z
73,73.71,73.71.07,73.71.07.1012,73.71.07.1012,Sulawesi Selatan,Kota Makassar,Tallo,Suangga,2026-09-19T12:00:00,2026-09-20 22:00:00,2026-09-21 06:00:00,33-34,27,69,0,59,5.5,E,121,W,,,1,Cerah,Sunny,https://api-apps.bmkg.go.id/storage/icon/cuaca/cerah-am.svg,2026-09-20T22:00:00Z
73,73.71,73.71.07,73.71.07.1012,73.71.07.1012,Sulawesi Selatan,Kota Makassar,Tallo,Suangga,2026-09-19T12:00:00,2026-09-21 01:00:00,2026-09-21 09:00:00,36-37,30,64,0,39,18.3,SW,243,NE,,,1,Cerah,Sunny,https://api-apps.bmkg.go.id/storage/icon/cuaca/cerah-am.svg,2026-09-21T01:00:00Z
73,73.71,73.71.07,73.71.07.1012,73.71.07.1012,Sulawesi Selatan,Kota Makassar,Tallo,Suangga,2026-09-19T12:00:00,2026-09-21 04:00:00,2026-09-21 12:00:00,39-40,30,68,0,21,20.3,SW,240,NE,,,1,Cerah,Sunny,https://api-apps.bmkg.go.id/storage/icon/cuaca/cerah-am.svg,2026-09-21T04:00:00Z
73,73.71,73.71.07,73.71.07.1012,73.71.07.1012,Sulawesi Selatan,Kota Makassar,Tallo,Suangga,2026-09-19T12:00:00,2026-09-21 07:00:00,2026-09-21 15:00:00,42-43,30,69,0,32,6.3,W,277,E,,,1,Cerah,Sunny,https://api-apps.bmkg.go.id/storage/icon/cuaca/cerah-am.svg,2026-09-21T07:00:00Z
73,73.71,73.71.07,73.71.07.1012,73.71.07.1012,Sulawesi Selatan,Kota Makassar,Tallo,Suangga,2026-09-19T12:00:00,2026-09-21 10:00:00,2026-09-21 18:00:00,45-46,30,70,0,25,13.6,N,26,S,,,1,Cerah,Sunny,https://api-apps.bmkg.go.id/storage/icon/cuaca/cerah-pm.svg,2026-09-21T10:00:00Z
73,73.71,73.71.07,73.71.07.1012,73.71.07.1012,Sulawesi Selatan,Kota Makassar,Tallo,Suangga,2026-09-19T12:00:00,2026-09-21 13:00:00,2026-09-21 21:00:00,48-49,29,58,0,41,1.7,SE,170,NW,,,1,Cerah,Sunny,https://api-apps.bmkg.go.id/storage/icon/cuaca/cerah-pm.svg,2026-09-21T13:00:00Z
73,73.71,73.71.07,73.71.07.1012,73.71.07.1012,Sulawesi Selatan,Kota Makassar,Tallo,Suangga,2026-09-19T12:00:00,2026-09-21 16:00:00,2026-09-22 00:00:00,51-52,27,68,0,49,6,NW,354,SE,,,1,Cerah,Sunny,https://api-apps.bmkg.go.id/storage/icon/cuaca/cerah-pm.svg,2026-09-21T16:00:00Z
73,73.71,73.71.07,73.71.07.1012,73.71.07.1012,Sulawesi Selatan,Kota Makassar,Tallo,Suangga,2026-09-19T12:00:00,2026-09-21 19:00:00,2026-09-22 03:00:00,54-55,27,66,0,37,8.3,NE,87,SW,,,1,Cerah,Sunny,https://api-apps.bmkg.go.id/storage/icon/cuaca/cerah-pm.svg,2026-09-21T19:00:00Z
73,73.71,73.71.07,73.71.07.1012,73.71.07.1012,Sulawesi Selatan,Kota Makassar,Tallo,Suangga,2026-09-19T12:00:00,2026-09-21 22:00:00,2026-09-22 06:00:00,57-58,27,69,0,3,2.9,N,12,S,,,0,Cerah,Sunny,https://api-apps.bmkg.go.id/storage/icon/cuaca/cerah-am.svg,2026-09-21T22:00:00Z
73,73.71,73.71.07,73.71.07.1013,73.71.07.1013,Sulawesi Selatan,Kota Makassar,Tallo,Ujung Pandang Baru,2026-09-19T12:00:00,2026-09-19 16:00:00,2026-09-20 00:00:00,3-4,27,67,0,2,6.1,N,13,S,,,0,Cerah,Sunny,https://api-apps.bmkg.go.id/storage/icon/cuaca/cerah-pm.svg,2026-09-19T16:00:00Z
73,73.71,73.71.07,73.71.07.1013,73.71.07.1013,Sulawesi Selatan,Kota Makassar,Tallo,Ujung Pandang Baru,2026-09-19T12:00:00,2026-09-19 19:00:00,2026-09-20 03:00:00,6-7,27,69,0,38,14.6,NE,55,SW,,,1,Cerah,Sunny,https://api-apps.bmkg.go.id/storage/icon/cuaca/cerah-pm.svg,2026-09-19T19:00:00Z
73,73.71,73.71.07,73.71.07.1013,73.71.07.1013,Sulawesi Selatan,Kota Makassar,Tallo,Ujung Pandang Baru,2026-09-19T12:00:00,2026-09-19 22:00:00,2026-09-20 06:00:00,9-10,27,66,0,5,6.1,E,96,W,,,0,Cerah,Sunny,https://api-apps.bmkg.go.id/storage/icon/cuaca/cerah-am.svg,2026-09-19T22:00:00Z
73,73.71,73.71.07,73.71.07.1013,73.71.07.1013,Sulawesi Selatan,Kota Makassar,Tallo,Ujung Pandang Baru,2026-09-19T12:00:00,2026-09-20 01:00:00,2026-09-20 09:00:00,12-13,30,57,0,20,16.2,SW,264,NE,,,1,Cerah,Sunny,https://api-apps.bmkg.go.id/storage/icon/cuaca/cerah-am.svg,2026-09-20T01:00:00Z
73,73.71,73.71.07,73.71.07.1013,73.71.07.1013,Sulawesi Selatan,Kota Makassar,Tallo,Ujung Pandang Baru,2026-09-19T12:00:00,2026-09-20 04:00:00,2026-09-20 12:00:00,15-16,30,63,0,21,18.1,SW,256,NE,,,1,Cerah,Sunny,https://api-apps.bmkg.go.id/storage/icon/cuaca/cerah-am.svg,2026-09-20T04:00:00Z
73,73.71,73.71.07,73.71.07.1013,73.71.07.1013,Sulawesi Selatan,Kota Makassar,Tallo,Ujung Pandang Baru,2026-09-19T12:00:00,2026-09-20 07:00:00,2026-09-20 15:00:00,18-19,29,69,0,26,20,SW,260,NE,,,1,Cerah,Sunny,https://api-apps.bmkg.go.id/storage/icon/cuaca/cerah-am.svg,2026-09-20T07:00:00Z
73,73.71,73.71.07,73.71.07.1013,73.71.07.1013,Sulawesi Selatan,Kota Makassar,Tallo,Ujung Pandang Baru,2026-09-19T12:00:00,2026-09-20 10:00:00,2026-09-20 18:00:00,21-22,28,78,0,9,2.4,W,312,E,,,0,Cerah,Sunny,https://api-apps.bmkg.go.id/storage/icon/cuaca/cerah-pm.svg,2026-09-20T10:00:00Z
73,73.71,73.71.07,73.71.07.1013,73.71.07.1013,Sulawesi Selatan,Kota Makassar,Tallo,Ujung Pandang Baru,2026-09-19T12:00:00,2026-09-20 13:00:00,2026-09-20 21:00:00,24-25,28,68,0,0,10,N,41,S,,,0,Cerah,Sunny,https://api-apps.bmkg.go.id/storage/icon/cuaca/cerah-pm.svg,2026-09-20T13:00:00Z
73,73.71,73.71.07,73.71.07.1013,73.71.07.1013,Sulawesi Selatan,Kota Makassar,Tallo,Ujung Pandang Baru,2026-09-19T12:00:00,2026-09-20 16:00:00,2026-09-21 00:00:00,27-28,27,69,0,1,1,N,20,S,,,0,Cerah,Sunny,https://api-apps.bmkg.go.id/storage/icon/cuaca/cerah-pm.svg,2026-09-20T16:00:00Z
73,73.71,73.71.07,73.71.07.1013,73.71.07.1013,Sulawesi Selatan,Kota Makassar,Tallo,Ujung Pandang Baru,2026-09-19T12:00:00,2026-09-20 19:00:00,2026-09-21 03:00:00,30-31,27,70,0,8,9.1,NE,48,SW,,,0,Cerah,Sunny,https://api-apps.bmkg.go.id/storage/icon/cuaca/cerah-pm.svg,2026-09-20T19:00:00Z
73,73.71,73.71.07,73.71.07.1013,73.71.07.1013,Sulawesi Selatan,Kota Makassar,Tallo,Ujung Pandang Baru,2026-09-19T12:00:00,2026-09-20 22:00:00,2026-09-21 06:00:00,33-34,27,69,0,59,5.5,E,121,W,,,1,Cerah,Sunny,https://api-apps.bmkg.go.id/storage/icon/cuaca/cerah-am.svg,2026-09-20T22:00:00Z
73,73.71,73.71.07,73.71.07.1013,73.71.07.1013,Sulawesi Selatan,Kota Makassar,Tallo,Ujung Pandang Baru,2026-09-19T12:00:00,2026-09-21 01:00:00,2026-09-21 09:00:00,36-37,30,64,0,39,18.3,SW,243,NE,,,1,Cerah,Sunny,https://api-apps.bmkg.go.id/storage/icon/cuaca/cerah-am.svg,2026-09-21T01:00:00Z
73,73.71,73.71.07,73.71.07.1013,73.71.07.1013,Sulawesi Selatan,Kota Makassar,Tallo,Ujung Pandang Baru,2026-09-19T12:00:00,2026-09-21 04:00:00,2026-09-21 12:00:00,39-40,30,68,0,21,20.3,SW,240,NE,,,1,Cerah,Sunny,https://api-apps.bmkg.go.id/storage/icon/cuaca/cerah-am.svg,2026-09-21T04:00:00Z
73,73.71,73.71.07,73.71.07.1013,73.71.07.1013,Sulawesi Selatan,Kota Makassar,Tallo,Ujung Pandang Baru,2026-09-19T12:00:00,2026-09-21 07:00:00,2026-09-21 15:00:00,42-43,30,69,0,32,6.3,W,277,E,,,1,Cerah,Sunny,https://api-apps.bmkg.go.id/storage/icon/cuaca/cerah-am.svg,2026-09-21T07:00:00Z
73,73.71,73.71.07,73.71.07.1013,73.71.07.1013,Sulawesi Selatan,Kota Makassar,Tallo,Ujung Pandang Baru,2026-09-19T12:00:00,2026-09-21 10:00:00,2026-09-21 18:00:00,45-46,30,70,0,25,13.6,N,26,S,,,1,Cerah,Sunny,https://api-apps.bmkg.go.id/storage/icon/cuaca/cerah-pm.svg,2026-09-21T10:00:00Z
73,73.71,73.71.07,73.71.07.1013,73.71.07.1013,Sulawesi Selatan,Kota Makassar,Tallo,Ujung Pandang Baru,2026-09-19T12:00:00,2026-09-21 13:00:00,2026-09-21 21:00:00,48-49,29,58,0,41,1.7,SE,170,NW,,,1,Cerah,Sunny,https://api-apps.bmkg.go.id/storage/icon/cuaca/cerah-pm.svg,2026-09-21T13:00:00Z
73,73.71,73.71.07,73.71.07.1013,73.71.07.1013,Sulawesi Selatan,Kota Makassar,Tallo,Ujung Pandang Baru,2026-09-19T12:00:00,2026-09-21 16:00:00,2026-09-22 00:00:00,51-52,27,68,0,49,6,NW,354,SE,,,1,Cerah,Sunny,https://api-apps.bmkg.go.id/storage/icon/cuaca/cerah-pm.svg,2026-09-21T16:00:00Z
73,73.71,73.71.07,73.71.07.1013,73.71.07.1013,Sulawesi Selatan,Kota Makassar,Tallo,Ujung Pandang Baru,2026-09-19T12:00:00,2026-09-21 19:00:00,2026-09-22 03:00:00,54-55,27,66,0,37,8.3,NE,87,SW,,,1,Cerah,Sunny,https://api-apps.bmkg.go.id/storage/icon/cuaca/cerah-pm.svg,2026-09-21T19:00:00Z
73,73.71,73.71.07,73.71.07.1013,73.71.07.1013,Sulawesi Selatan,Kota Makassar,Tallo,Ujung Pandang Baru,2026-09-19T12:00:00,2026-09-21 22:00:00,2026-09-22 06:00:00,57-58,27,69,0,3,2.9,N,12,S,,,0,Cerah,Sunny,https://api-apps.bmkg.go.id/storage/icon/cuaca/cerah-am.svg,2026-09-21T22:00:00Z
73,73.71,73.71.07,73.71.07.1014,73.71.07.1014,Sulawesi Selatan,Kota Makassar,Tallo,Lembo,2026-09-19T12:00:00,2026-09-19 16:00:00,2026-09-20 00:00:00,3-4,27,67,0,2,6.1,N,13,S,,,0,Cerah,Sunny,https://api-apps.bmkg.go.id/storage/icon/cuaca/cerah-pm.svg,2026-09-19T16:00:00Z
73,73.71,73.71.07,73.71.07.1014,73.71.07.1014,Sulawesi Selatan,Kota Makassar,Tallo,Lembo,2026-09-19T12:00:00,2026-09-19 19:00:00,2026-09-20 03:00:00,6-7,27,69,0,38,14.6,NE,55,SW,,,1,Cerah,Sunny,https://api-apps.bmkg.go.id/storage/icon/cuaca/cerah-pm.svg,2026-09-19T19:00:00Z
73,73.71,73.71.07,73.71.07.1014,73.71.07.1014,Sulawesi Selatan,Kota Makassar,Tallo,Lembo,2026-09-19T12:00:00,2026-09-19 22:00:00,2026-09-20 06:00:00,9-10,27,66,0,5,6.1,E,96,W,,,0,Cerah,Sunny,https://api-apps.bmkg.go.id/storage/icon/cuaca/cerah-am.svg,2026-09-19T22:00:00Z
73,73.71,73.71.07,73.71.07.1014,73.71.07.1014,Sulawesi Selatan,Kota Makassar,Tallo,Lembo,2026-09-19T12:00:00,2026-09-20 01:00:00,2026-09-20 09:00:00,12-13,30,57,0,20,16.2,SW,264,NE,,,1,Cerah,Sunny,https://api-apps.bmkg.go.id/storage/icon/cuaca/cerah-am.svg,2026-09-20T01:00:00Z
73,73.71,73.71.07,73.71.07.1014,73.71.07.1014,Sulawesi Selatan,Kota Makassar,Tallo,Lembo,2026-09-19T12:00:00,2026-09-20 04:00:00,2026-09-20 12:00:00,15-16,30,63,0,21,18.1,SW,256,NE,,,1,Cerah,Sunny,https://api-apps.bmkg.go.id/storage/icon/cuaca/cerah-am.svg,2026-09-20T04:00:00Z
73,73.71,73.71.07,73.71.07.1014,73.71.07.1014,Sulawesi Selatan,Kota Makassar,Tallo,Lembo,2026-09-19T12:00:00,2026-09-20 07:00:00,2026-09-20 15:00:00,18-19,29,69,0,26,20,SW,260,NE,,,1,Cerah,Sunny,https://api-apps.bmkg.go.id/storage/icon/cuaca/cerah-am.svg,2026-09-20T07:00:00Z
73,73.71,73.71.07,73.71.07.1014,73.71.07.1014,Sulawesi Selatan,Kota Makassar,Tallo,Lembo,2026-09-19T12:00:00,2026-09-20 10:00:00,2026-09-20 18:00:00,21-22,28,78,0,9,2.4,W,312,E,,,0,Cerah,Sunny,https://api-apps.bmkg.go.id/storage/icon/cuaca/cerah-pm.svg,2026-09-20T10:00:00Z
73,73.71,73.71.07,73.71.07.1014,73.71.07.1014,Sulawesi Selatan,Kota Makassar,Tallo,Lembo,2026-09-19T12:00:00,2026-09-20 13:00:00,2026-09-20 21:00:00,24-25,28,68,0,0,10,N,41,S,,,0,Cerah,Sunny,https://api-apps.bmkg.go.id/storage/icon/cuaca/cerah-pm.svg,2026-09-20T13:00:00Z
73,73.71,73.71.07,73.71.07.1014,73.71.07.1014,Sulawesi Selatan,Kota Makassar,Tallo,Lembo,2026-09-19T12:00:00,2026-09-20 16:00:00,2026-09-21 00:00:00,27-28,27,69,0,1,1,N,20,S,,,0,Cerah,Sunny,https://api-apps.bmkg.go.id/storage/icon/cuaca/cerah-pm.svg,2026-09-20T16:00:00Z
73,73.71,73.71.07,73.71.07.1014,73.71.07.1014,Sulawesi Selatan,Kota Makassar,Tallo,Lembo,2026-09-19T12:00:00,2026-09-20 19:00:00,2026-09-21 03:00:00,30-31,27,70,0,8,9.1,NE,48,SW,,,0,Cerah,Sunny,https://api-apps.bmkg.go.id/storage/icon/cuaca/cerah-pm.svg,2026-09-20T19:00:00Z
73,73.71,73.71.07,73.71.07.1014,73.71.07.1014,Sulawesi Selatan,Kota Makassar,Tallo,Lembo,2026-09-19T12:00:00,2026-09-20 22:00:00,2026-09-21 06:00:00,33-34,27,69,0,59,5.5,E,121,W,,,1,Cerah,Sunny,https://api-apps.bmkg.go.id/storage/icon/cuaca/cerah-am.svg,2026-09-20T22:00:00Z
73,73.71,73.71.07,73.71.07.1014,73.71.07.1014,Sulawesi Selatan,Kota Makassar,Tallo,Lembo,2026-09-19T12:00:00,2026-09-21 01:00:00,2026-09-21 09:00:00,36-37,30,64,0,39,18.3,SW,243,NE,,,1,Cerah,Sunny,https://api-apps.bmkg.go.id/storage/icon/cuaca/cerah-am.svg,2026-09-21T01:00:00Z
73,73.71,73.71.07,73.71.07.1014,73.71.07.1014,Sulawesi Selatan,Kota Makassar,Tallo,Lembo,2026-09-19T12:00:00,2026-09-21 04:00:00,2026-09-21 12:00:00,39-40,30,68,0,21,20.3,SW,240,NE,,,1,Cerah,Sunny,https://api-apps.bmkg.go.id/storage/icon/cuaca/cerah-am.svg,2026-09-21T04:00:00Z
73,73.71,73.71.07,73.71.07.1014,73.71.07.1014,Sulawesi Selatan,Kota Makassar,Tallo,Lembo,2026-09-19T12:00:00,2026-09-21 07:00:00,2026-09-21 15:00:00,42-43,30,69,0,32,6.3,W,277,E,,,1,Cerah,Sunny,https://api-apps.bmkg.go.id/storage/icon/cuaca/cerah-am.svg,2026-09-21T07:00:00Z
73,73.71,73.71.07,73.71.07.1014,73.71.07.1014,Sulawesi Selatan,Kota Makassar,Tallo,Lembo,2026-09-19T12:00:00,2026-09-21 10:00:00,2026-09-21 18:00:00,45-46,30,70,0,25,13.6,N,26,S,,,1,Cerah,Sunny,https://api-apps.bmkg.go.id/storage/icon/cuaca/cerah-pm.svg,2026-09-21T10:00:00Z
73,73.71,73.71.07,73.71.07.1014,73.71.07.1014,Sulawesi Selatan,Kota Makassar,Tallo,Lembo,2026-09-19T12:00:00,2026-09-21 13:00:00,2026-09-21 21:00:00,48-49,29,58,0,41,1.7,SE,170,NW,,,1,Cerah,Sunny,https://api-apps.bmkg.go.id/storage/icon/cuaca/cerah-pm.svg,2026-09-21T13:00:00Z
73,73.71,73.71.07,73.71.07.1014,73.71.07.1014,Sulawesi Selatan,Kota Makassar,Tallo,Lembo,2026-09-19T12:00:00,2026-09-21 16:00:00,2026-09-22 00:00:00,51-52,27,68,0,49,6,NW,354,SE,,,1,Cerah,Sunny,https://api-apps.bmkg.go.id/storage/icon/cuaca/cerah-pm.svg,2026-09-21T16:00:00Z
73,73.71,73.71.07,73.71.07.1014,73.71.07.1014,Sulawesi Selatan,Kota Makassar,Tallo,Lembo,2026-09-19T12:00:00,2026-09-21 19:00:00,2026-09-22 03:00:00,54-55,27,66,0,37,8.3,NE,87,SW,,,1,Cerah,Sunny,https://api-apps.bmkg.go.id/storage/icon/cuaca/cerah-pm.svg,2026-09-21T19:00:00Z
73,73.71,73.71.07,73.71.07.1014,73.71.07.1014,Sulawesi Selatan,Kota Makassar,Tallo,Lembo,2026-09-19T12:00:00,2026-09-21 22:00:00,2026-09-22 06:00:00,57-58,27,69,0,3,2.9,N,12,S,,,0,Cerah,Sunny,https://api-apps.bmkg.go.id/storage/icon/cuaca/cerah-am.svg,2026-09-21T22:00:00Z
73,73.71,73.71.07,73.71.07.1015,73.71.07.1015,Sulawesi Selatan,Kota Makassar,Tallo,Bunga Eja Beru,2026-09-19T12:00:00,2026-09-19 16:00:00,2026-09-20 00:00:00,3-4,27,67,0,2,6.1,N,13,S,,,0,Cerah,Sunny,https://api-apps.bmkg.go.id/storage/icon/cuaca/cerah-pm.svg,2026-09-19T16:00:00Z
73,73.71,73.71.07,73.71.07.1015,73.71.07.1015,Sulawesi Selatan,Kota Makassar,Tallo,Bunga Eja Beru,2026-09-19T12:00:00,2026-09-19 19:00:00,2026-09-20 03:00:00,6-7,27,69,0,38,14.6,NE,55,SW,,,1,Cerah,Sunny,https://api-apps.bmkg.go.id/storage/icon/cuaca/cerah-pm.svg,2026-09-19T19:00:00Z
73,73.71,73.71.07,73.71.07.1015,73.71.07.1015,Sulawesi Selatan,Kota Makassar,Tallo,Bunga Eja Beru,2026-09-19T12:00:00,2026-09-19 22:00:00,2026-09-20 06:00:00,9-10,27,66,0,5,6.1,E,96,W,,,0,Cerah,Sunny,https://api-apps.bmkg.go.id/storage/icon/cuaca/cerah-am.svg,2026-09-19T22:00:00Z
73,73.71,73.71.07,73.71.07.1015,73.71.07.1015,Sulawesi Selatan,Kota Makassar,Tallo,Bunga Eja Beru,2026-09-19T12:00:00,2026-09-20 01:00:00,2026-09-20 09:00:00,12-13,30,57,0,20,16.2,SW,264,NE,,,1,Cerah,Sunny,https://api-apps.bmkg.go.id/storage/icon/cuaca/cerah-am.svg,2026-09-20T01:00:00Z
73,73.71,73.71.07,73.71.07.1015,73.71.07.1015,Sulawesi Selatan,Kota Makassar,Tallo,Bunga Eja Beru,2026-09-19T12:00:00,2026-09-20 04:00:00,2026-09-20 12:00:00,15-16,30,63,0,21,18.1,SW,256,NE,,,1,Cerah,Sunny,https://api-apps.bmkg.go.id/storage/icon/cuaca/cerah-am.svg,2026-09-20T04:00:00Z
73,73.71,73.71.07,73.71.07.1015,73.71.07.1015,Sulawesi Selatan,Kota Makassar,Tallo,Bunga Eja Beru,2026-09-19T12:00:00,2026-09-20 07:00:00,2026-09-20 15:00:00,18-19,29,69,0,26,20,SW,260,NE,,,1,Cerah,Sunny,https://api-apps.bmkg.go.id/storage/icon/cuaca/cerah-am.svg,2026-09-20T07:00:00Z
73,73.71,73.71.07,73.71.07.1015,73.71.07.1015,Sulawesi Selatan,Kota Makassar,Tallo,Bunga Eja Beru,2026-09-19T12:00:00,2026-09-20 10:00:00,2026-09-20 18:00:00,21-22,28,78,0,9,2.4,W,312,E,,,0,Cerah,Sunny,https://api-apps.bmkg.go.id/storage/icon/cuaca/cerah-pm.svg,2026-09-20T10:00:00Z
73,73.71,73.71.07,73.71.07.1015,73.71.07.1015,Sulawesi Selatan,Kota Makassar,Tallo,Bunga Eja Beru,2026-09-19T12:00:00,2026-09-20 13:00:00,2026-09-20 21:00:00,24-25,28,68,0,0,10,N,41,S,,,0,Cerah,Sunny,https://api-apps.bmkg.go.id/storage/icon/cuaca/cerah-pm.svg,2026-09-20T13:00:00Z
73,73.71,73.71.07,73.71.07.1015,73.71.07.1015,Sulawesi Selatan,Kota Makassar,Tallo,Bunga Eja Beru,2026-09-19T12:00:00,2026-09-20 16:00:00,2026-09-21 00:00:00,27-28,27,69,0,1,1,N,20,S,,,0,Cerah,Sunny,https://api-apps.bmkg.go.id/storage/icon/cuaca/cerah-pm.svg,2026-09-20T16:00:00Z
73,73.71,73.71.07,73.71.07.1015,73.71.07.1015,Sulawesi Selatan,Kota Makassar,Tallo,Bunga Eja Beru,2026-09-19T12:00:00,2026-09-20 19:00:00,2026-09-21 03:00:00,30-31,27,70,0,8,9.1,NE,48,SW,,,0,Cerah,Sunny,https://api-apps.bmkg.go.id/storage/icon/cuaca/cerah-pm.svg,2026-09-20T19:00:00Z
73,73.71,73.71.07,73.71.07.1015,73.71.07.1015,Sulawesi Selatan,Kota Makassar,Tallo,Bunga Eja Beru,2026-09-19T12:00:00,2026-09-20 22:00:00,2026-09-21 06:00:00,33-34,27,69,0,59,5.5,E,121,W,,,1,Cerah,Sunny,https://api-apps.bmkg.go.id/storage/icon/cuaca/cerah-am.svg,2026-09-20T22:00:00Z
73,73.71,73.71.07,73.71.07.1015,73.71.07.1015,Sulawesi Selatan,Kota Makassar,Tallo,Bunga Eja Beru,2026-09-19T12:00:00,2026-09-21 01:00:00,2026-09-21 09:00:00,36-37,30,64,0,39,18.3,SW,243,NE,,,1,Cerah,Sunny,https://api-apps.bmkg.go.id/storage/icon/cuaca/cerah-am.svg,2026-09-21T01:00:00Z
73,73.71,73.71.07,73.71.07.1015,73.71.07.1015,Sulawesi Selatan,Kota Makassar,Tallo,Bunga Eja Beru,2026-09-19T12:00:00,2026-09-21 04:00:00,2026-09-21 12:00:00,39-40,30,68,0,21,20.3,SW,240,NE,,,1,Cerah,Sunny,https://api-apps.bmkg.go.id/storage/icon/cuaca/cerah-am.svg,2026-09-21T04:00:00Z
73,73.71,73.71.07,73.71.07.1015,73.71.07.1015,Sulawesi Selatan,Kota Makassar,Tallo,Bunga Eja Beru,2026-09-19T12:00:00,2026-09-21 07:00:00,2026-09-21 15:00:00,42-43,30,69,0,32,6.3,W,277,E,,,1,Cerah,Sunny,https://api-apps.bmkg.go.id/storage/icon/cuaca/cerah-am.svg,2026-09-21T07:00:00Z
73,73.71,73.71.07,73.71.07.1015,73.71.07.1015,Sulawesi Selatan,Kota Makassar,Tallo,Bunga Eja Beru,2026-09-19T12:00:00,2026-09-21 10:00:00,2026-09-21 18:00:00,45-46,30,70,0,25,13.6,N,26,S,,,1,Cerah,Sunny,https://api-apps.bmkg.go.id/storage/icon/cuaca/cerah-pm.svg,2026-09-21T10:00:00Z
73,73.71,73.71.07,73.71.07.1015,73.71.07.1015,Sulawesi Selatan,Kota Makassar,Tallo,Bunga Eja Beru,2026-09-19T12:00:00,2026-09-21 13:00:00,2026-09-21 21:00:00,48-49,29,58,0,41,1.7,SE,170,NW,,,1,Cerah,Sunny,https://api-apps.bmkg.go.id/storage/icon/cuaca/cerah-pm.svg,2026-09-21T13:00:00Z
73,73.71,73.71.07,73.71.07.1015,73.71.07.1015,Sulawesi Selatan,Kota Makassar,Tallo,Bunga Eja Beru,2026-09-19T12:00:00,2026-09-21 16:00:00,2026-09-22 00:00:00,51-52,27,68,0,49,6,NW,354,SE,,,1,Cerah,Sunny,https://api-apps.bmkg.go.id/storage/icon/cuaca/cerah-pm.svg,2026-09-21T16:00:00Z
73,73.71,73.71.07,73.71.07.1015,73.71.07.1015,Sulawesi Selatan,Kota Makassar,Tallo,Bunga Eja Beru,2026-09-19T12:00:00,2026-09-21 19:00:00,2026-09-22 03:00:00,54-55,27,66,0,37,8.3,NE,87,SW,,,1,Cerah,Sunny,https://api-apps.bmkg.go.id/storage/icon/cuaca/cerah-pm.svg,2026-09-21T19:00:00Z
73,73.71,73.71.07,73.71.07.1015,73.71.07.1015,Sulawesi Selatan,Kota Makassar,Tallo,Bunga Eja Beru,2026-09-19T12:00:00,2026-09-21 22:00:00,2026-09-22 06:00:00,57-58,27,69,0,3,2.9,N,12,S,,,0,Cerah,Sunny,https://api-apps.bmkg.go.id/storage/icon/cuaca/cerah-am.svg,2026-09-21T22:00:00Z
73,73.71,73.71.08,73.71.08.1002,73.71.08.1002,Sulawesi Selatan,Kota Makassar,Ujung Tanah,Tabaringan,2026-09-19T12:00:00,2026-09-19 16:00:00,2026-09-20 00:00:00,3-4,27,67,0,2,6.1,N,13,S,,,0,Cerah,Sunny,https://api-apps.bmkg.go.id/storage/icon/cuaca/cerah-pm.svg,2026-09-19T16:00:00Z
73,73.71,73.71.08,73.71.08.1002,73.71.08.1002,Sulawesi Selatan,Kota Makassar,Ujung Tanah,Tabaringan,2026-09-19T12:00:00,2026-09-19 19:00:00,2026-09-20 03:00:00,6-7,27,69,0,38,14.6,NE,55,SW,,,1,Cerah,Sunny,https://api-apps.bmkg.go.id/storage/icon/cuaca/cerah-pm.svg,2026-09-19T19:00:00Z
73,73.71,73.71.08,73.71.08.1002,73.71.08.1002,Sulawesi Selatan,Kota Makassar,Ujung Tanah,Tabaringan,2026-09-19T12:00:00,2026-09-19 22:00:00,2026-09-20 06:00:00,9-10,27,66,0,5,6.1,E,96,W,,,0,Cerah,Sunny,https://api-apps.bmkg.go.id/storage/icon/cuaca/cerah-am.svg,2026-09-19T22:00:00Z
73,73.71,73.71.08,73.71.08.1002,73.71.08.1002,Sulawesi Selatan,Kota Makassar,Ujung Tanah,Tabaringan,2026-09-19T12:00:00,2026-09-20 01:00:00,2026-09-20 09:00:00,12-13,30,57,0,20,16.2,SW,264,NE,,,1,Cerah,Sunny,https://api-apps.bmkg.go.id/storage/icon/cuaca/cerah-am.svg,2026-09-20T01:00:00Z
73,73.71,73.71.08,73.71.08.1002,73.71.08.1002,Sulawesi Selatan,Kota Makassar,Ujung Tanah,Tabaringan,2026-09-19T12:00:00,2026-09-20 04:00:00,2026-09-20 12:00:00,15-16,30,63,0,21,18.1,SW,256,NE,,,1,Cerah,Sunny,https://api-apps.bmkg.go.id/storage/icon/cuaca/cerah-am.svg,2026-09-20T04:00:00Z
73,73.71,73.71.08,73.71.08.1002,73.71.08.1002,Sulawesi Selatan,Kota Makassar,Ujung Tanah,Tabaringan,2026-09-19T12:00:00,2026-09-20 07:00:00,2026-09-20 15:00:00,18-19,29,69,0,26,20,SW,260,NE,,,1,Cerah,Sunny,https://api-apps.bmkg.go.id/storage/icon/cuaca/cerah-am.svg,2026-09-20T07:00:00Z
73,73.71,73.71.08,73.71.08.1002,73.71.08.1002,Sulawesi Selatan,Kota Makassar,Ujung Tanah,Tabaringan,2026-09-19T12:00:00,2026-09-20 10:00:00,2026-09-20 18:00:00,21-22,28,78,0,9,2.4,W,312,E,,,0,Cerah,Sunny,https://api-apps.bmkg.go.id/storage/icon/cuaca/cerah-pm.svg,2026-09-20T10:00:00Z
73,73.71,73.71.08,73.71.08.1002,73.71.08.1002,Sulawesi Selatan,Kota Makassar,Ujung Tanah,Tabaringan,2026-09-19T12:00:00,2026-09-20 13:00:00,2026-09-20 21:00:00,24-25,28,68,0,0,10,N,41,S,,,0,Cerah,Sunny,https://api-apps.bmkg.go.id/storage/icon/cuaca/cerah-pm.svg,2026-09-20T13:00:00Z
73,73.71,73.71.08,73.71.08.1002,73.71.08.1002,Sulawesi Selatan,Kota Makassar,Ujung Tanah,Tabaringan,2026-09-19T12:00:00,2026-09-20 16:00:00,2026-09-21 00:00:00,27-28,27,69,0,1,1,N,20,S,,,0,Cerah,Sunny,https://api-apps.bmkg.go.id/storage/icon/cuaca/cerah-pm.svg,2026-09-20T16:00:00Z
73,73.71,73.71.08,73.71.08.1002,73.71.08.1002,Sulawesi Selatan,Kota Makassar,Ujung Tanah,Tabaringan,2026-09-19T12:00:00,2026-09-20 19:00:00,2026-09-21 03:00:00,30-31,27,70,0,8,9.1,NE,48,SW,,,0,Cerah,Sunny,https://api-apps.bmkg.go.id/storage/icon/cuaca/cerah-pm.svg,2026-09-20T19:00:00Z
73,73.71,73.71.08,73.71.08.1002,73.71.08.1002,Sulawesi Selatan,Kota Makassar,Ujung Tanah,Tabaringan,2026-09-19T12:00:00,2026-09-20 22:00:00,2026-09-21 06:00:00,33-34,27,69,0,59,5.5,E,121,W,,,1,Cerah,Sunny,https://api-apps.bmkg.go.id/storage/icon/cuaca/cerah-am.svg,2026-09-20T22:00:00Z
73,73.71,73.71.08,73.71.08.1002,73.71.08.1002,Sulawesi Selatan,Kota Makassar,Ujung Tanah,Tabaringan,2026-09-19T12:00:00,2026-09-21 01:00:00,2026-09-21 09:00:00,36-37,30,64,0,39,18.3,SW,243,NE,,,1,Cerah,Sunny,https://api-apps.bmkg.go.id/storage/icon/cuaca/cerah-am.svg,2026-09-21T01:00:00Z
73,73.71,73.71.08,73.71.08.1002,73.71.08.1002,Sulawesi Selatan,Kota Makassar,Ujung Tanah,Tabaringan,2026-09-19T12:00:00,2026-09-21 04:00:00,2026-09-21 12:00:00,39-40,30,68,0,21,20.3,SW,240,NE,,,1,Cerah,Sunny,https://api-apps.bmkg.go.id/storage/icon/cuaca/cerah-am.svg,2026-09-21T04:00:00Z
73,73.71,73.71.08,73.71.08.1002,73.71.08.1002,Sulawesi Selatan,Kota Makassar,Ujung Tanah,Tabaringan,2026-09-19T12:00:00,2026-09-21 07:00:00,2026-09-21 15:00:00,42-43,30,69,0,32,6.3,W,277,E,,,1,Cerah,Sunny,https://api-apps.bmkg.go.id/storage/icon/cuaca/cerah-am.svg,2026-09-21T07:00:00Z
73,73.71,73.71.08,73.71.08.1002,73.71.08.1002,Sulawesi Selatan,Kota Makassar,Ujung Tanah,Tabaringan,2026-09-19T12:00:00,2026-09-21 10:00:00,2026-09-21 18:00:00,45-46,30,70,0,25,13.6,N,26,S,,,1,Cerah,Sunny,https://api-apps.bmkg.go.id/storage/icon/cuaca/cerah-pm.svg,2026-09-21T10:00:00Z
73,73.71,73.71.08,73.71.08.1002,73.71.08.1002,Sulawesi Selatan,Kota Makassar,Ujung Tanah,Tabaringan,2026-09-19T12:00:00,2026-09-21 13:00:00,2026-09-21 21:00:00,48-49,29,58,0,41,1.7,SE,170,NW,,,1,Cerah,Sunny,https://api-apps.bmkg.go.id/storage/icon/cuaca/cerah-pm.svg,2026-09-21T13:00:00Z
73,73.71,73.71.08,73.71.08.1002,73.71.08.1002,Sulawesi Selatan,Kota Makassar,Ujung Tanah,Tabaringan,2026-09-19T12:00:00,2026-09-21 16:00:00,2026-09-22 00:00:00,51-52,27,68,0,49,6,NW,354,SE,,,1,Cerah,Sunny,https://api-apps.bmkg.go.id/storage/icon/cuaca/cerah-pm.svg,2026-09-21T16:00:00Z
73,73.71,73.71.08,73.71.08.1002,73.71.08.1002,Sulawesi Selatan,Kota Makassar,Ujung Tanah,Tabaringan,2026-09-19T12:00:00,2026-09-21 19:00:00,2026-09-22 03:00:00,54-55,27,66,0,37,8.3,NE,87,SW,,,1,Cerah,Sunny,https://api-apps.bmkg.go.id/storage/icon/cuaca/cerah-pm.svg,2026-09-21T19:00:00Z
73,73.71,73.71.08,73.71.08.1002,73.71.08.1002,Sulawesi Selatan,Kota Makassar,Ujung Tanah,Tabaringan,2026-09-19T12:00:00,2026-09-21 22:00:00,2026-09-22 06:00:00,57-58,27,69,0,3,2.9,N,12,S,,,0,Cerah,Sunny,https://api-apps.bmkg.go.id/storage/icon/cuaca/cerah-am.svg,2026-09-21T22:00:00Z
73,73.71,73.71.08,73.71.08.1003,73.71.08.1003,Sulawesi Selatan,Kota Makassar,Ujung Tanah,Patingalloang,2026-09-19T12:00:00,2026-09-19 16:00:00,2026-09-20 00:00:00,3-4,27,67,0,2,6.1,N,13,S,,,0,Cerah,Sunny,https://api-apps.bmkg.go.id/storage/icon/cuaca/cerah-pm.svg,2026-09-19T16:00:00Z
73,73.71,73.71.08,73.71.08.1003,73.71.08.1003,Sulawesi Selatan,Kota Makassar,Ujung Tanah,Patingalloang,2026-09-19T12:00:00,2026-09-19 19:00:00,2026-09-20 03:00:00,6-7,27,69,0,38,14.6,NE,55,SW,,,1,Cerah,Sunny,https://api-apps.bmkg.go.id/storage/icon/cuaca/cerah-pm.svg,2026-09-19T19:00:00Z
73,73.71,73.71.08,73.71.08.1003,73.71.08.1003,Sulawesi Selatan,Kota Makassar,Ujung Tanah,Patingalloang,2026-09-19T12:00:00,2026-09-19 22:00:00,2026-09-20 06:00:00,9-10,27,66,0,5,6.1,E,96,W,,,0,Cerah,Sunny,https://api-apps.bmkg.go.id/storage/icon/cuaca/cerah-am.svg,2026-09-19T22:00:00Z
73,73.71,73.71.08,73.71.08.1003,73.71.08.1003,Sulawesi Selatan,Kota Makassar,Ujung Tanah,Patingalloang,2026-09-19T12:00:00,2026-09-20 01:00:00,2026-09-20 09:00:00,12-13,30,57,0,20,16.2,SW,264,NE,,,1,Cerah,Sunny,https://api-apps.bmkg.go.id/storage/icon/cuaca/cerah-am.svg,2026-09-20T01:00:00Z
73,73.71,73.71.08,73.71.08.1003,73.71.08.1003,Sulawesi Selatan,Kota Makassar,Ujung Tanah,Patingalloang,2026-09-19T12:00:00,2026-09-20 04:00:00,2026-09-20 12:00:00,15-16,30,63,0,21,18.1,SW,256,NE,,,1,Cerah,Sunny,https://api-apps.bmkg.go.id/storage/icon/cuaca/cerah-am.svg,2026-09-20T04:00:00Z
73,73.71,73.71.08,73.71.08.1003,73.71.08.1003,Sulawesi Selatan,Kota Makassar,Ujung Tanah,Patingalloang,2026-09-19T12:00:00,2026-09-20 07:00:00,2026-09-20 15:00:00,18-19,29,69,0,26,20,SW,260,NE,,,1,Cerah,Sunny,https://api-apps.bmkg.go.id/storage/icon/cuaca/cerah-am.svg,2026-09-20T07:00:00Z
73,73.71,73.71.08,73.71.08.1003,73.71.08.1003,Sulawesi Selatan,Kota Makassar,Ujung Tanah,Patingalloang,2026-09-19T12:00:00,2026-09-20 10:00:00,2026-09-20 18:00:00,21-22,28,78,0,9,2.4,W,312,E,,,0,Cerah,Sunny,https://api-apps.bmkg.go.id/storage/icon/cuaca/cerah-pm.svg,2026-09-20T10:00:00Z
73,73.71,73.71.08,73.71.08.1003,73.71.08.1003,Sulawesi Selatan,Kota Makassar,Ujung Tanah,Patingalloang,2026-09-19T12:00:00,2026-09-20 13:00:00,2026-09-20 21:00:00,24-25,28,68,0,0,10,N,41,S,,,0,Cerah,Sunny,https://api-apps.bmkg.go.id/storage/icon/cuaca/cerah-pm.svg,2026-09-20T13:00:00Z
73,73.71,73.71.08,73.71.08.1003,73.71.08.1003,Sulawesi Selatan,Kota Makassar,Ujung Tanah,Patingalloang,2026-09-19T12:00:00,2026-09-20 16:00:00,2026-09-21 00:00:00,27-28,27,69,0,1,1,N,20,S,,,0,Cerah,Sunny,https://api-apps.bmkg.go.id/storage/icon/cuaca/cerah-pm.svg,2026-09-20T16:00:00Z
73,73.71,73.71.08,73.71.08.1003,73.71.08.1003,Sulawesi Selatan,Kota Makassar,Ujung Tanah,Patingalloang,2026-09-19T12:00:00,2026-09-20 19:00:00,2026-09-21 03:00:00,30-31,27,70,0,8,9.1,NE,48,SW,,,0,Cerah,Sunny,https://api-apps.bmkg.go.id/storage/icon/cuaca/cerah-pm.svg,2026-09-20T19:00:00Z
73,73.71,73.71.08,73.71.08.1003,73.71.08.1003,Sulawesi Selatan,Kota Makassar,Ujung Tanah,Patingalloang,2026-09-19T12:00:00,2026-09-20 22:00:00,2026-09-21 06:00:00,33-34,27,69,0,59,5.5,E,121,W,,,1,Cerah,Sunny,https://api-apps.bmkg.go.id/storage/icon/cuaca/cerah-am.svg,2026-09-20T22:00:00Z
73,73.71,73.71.08,73.71.08.1003,73.71.08.1003,Sulawesi Selatan,Kota Makassar,Ujung Tanah,Patingalloang,2026-09-19T12:00:00,2026-09-21 01:00:00,2026-09-21 09:00:00,36-37,30,64,0,39,18.3,SW,243,NE,,,1,Cerah,Sunny,https://api-apps.bmkg.go.id/storage/icon/cuaca/cerah-am.svg,2026-09-21T01:00:00Z
73,73.71,73.71.08,73.71.08.1003,73.71.08.1003,Sulawesi Selatan,Kota Makassar,Ujung Tanah,Patingalloang,2026-09-19T12:00:00,2026-09-21 04:00:00,2026-09-21 12:00:00,39-40,30,68,0,21,20.3,SW,240,NE,,,1,Cerah,Sunny,https://api-apps.bmkg.go.id/storage/icon/cuaca/cerah-am.svg,2026-09-21T04:00:00Z
73,73.71,73.71.08,73.71.08.1003,73.71.08.1003,Sulawesi Selatan,Kota Makassar,Ujung Tanah,Patingalloang,2026-09-19T12:00:00,2026-09-21 07:00:00,2026-09-21 15:00:00,42-43,30,69,0,32,6.3,W,277,E,,,1,Cerah,Sunny,https://api-apps.bmkg.go.id/storage/icon/cuaca/cerah-am.svg,2026-09-21T07:00:00Z
73,73.71,73.71.08,73.71.08.1003,73.71.08.1003,Sulawesi Selatan,Kota Makassar,Ujung Tanah,Patingalloang,2026-09-19T12:00:00,2026-09-21 10:00:00,2026-09-21 18:00:00,45-46,30,70,0,25,13.6,N,26,S,,,1,Cerah,Sunny,https://api-apps.bmkg.go.id/storage/icon/cuaca/cerah-pm.svg,2026-09-21T10:00:00Z
73,73.71,73.71.08,73.71.08.1003,73.71.08.1003,Sulawesi Selatan,Kota Makassar,Ujung Tanah,Patingalloang,2026-09-19T12:00:00,2026-09-21 13:00:00,2026-09-21 21:00:00,48-49,29,58,0,41,1.7,SE,170,NW,,,1,Cerah,Sunny,https://api-apps.bmkg.go.id/storage/icon/cuaca/cerah-pm.svg,2026-09-21T13:00:00Z
73,73.71,73.71.08,73.71.08.1003,73.71.08.1003,Sulawesi Selatan,Kota Makassar,Ujung Tanah,Patingalloang,2026-09-19T12:00:00,2026-09-21 16:00:00,2026-09-22 00:00:00,51-52,27,68,0,49,6,NW,354,SE,,,1,Cerah,Sunny,https://api-apps.bmkg.go.id/storage/icon/cuaca/cerah-pm.svg,2026-09-21T16:00:00Z
73,73.71,73.71.08,73.71.08.1003,73.71.08.1003,Sulawesi Selatan,Kota Makassar,Ujung Tanah,Patingalloang,2026-09-19T12:00:00,2026-09-21 19:00:00,2026-09-22 03:00:00,54-55,27,66,0,37,8.3,NE,87,SW,,,1,Cerah,Sunny,https://api-apps.bmkg.go.id/storage/icon/cuaca/cerah-pm.svg,2026-09-21T19:00:00Z
73,73.71,73.71.08,73.71.08.1003,73.71.08.1003,Sulawesi Selatan,Kota Makassar,Ujung Tanah,Patingalloang,2026-09-19T12:00:00,2026-09-21 22:00:00,2026-09-22 06:00:00,57-58,27,69,0,3,2.9,N,12,S,,,0,Cerah,Sunny,https://api-apps.bmkg.go.id/storage/icon/cuaca/cerah-am.svg,2026-09-21T22:00:00Z
73,73.71,73.71.08,73.71.08.1004,73.71.08.1004,Sulawesi Selatan,Kota Makassar,Ujung Tanah,Gusung,2026-09-19T12:00:00,2026-09-19 15:00:00,2026-09-19 23:00:00,2-3,28,67,0,45,4.3,S,184,N,,,1,Cerah,Sunny,https://api-apps.bmkg.go.id/storage/icon/cuaca/cerah-pm.svg,2026-09-19T15:00:00Z
73,73.71,73.71.08,73.71.08.1004,73.71.08.1004,Sulawesi Selatan,Kota Makassar,Ujung Tanah,Gusung,2026-09-19T12:00:00,2026-09-19 18:00:00,2026-09-20 02:00:00,5-6,27,66,0,13,6.1,N,13,S,,,1,Cerah,Sunny,https://api-apps.bmkg.go.id/storage/icon/cuaca/cerah-pm.svg,2026-09-19T18:00:00Z
73,73.71,73.71.08,73.71.08.1004,73.71.08.1004,Sulawesi Selatan,Kota Makassar,Ujung Tanah,Gusung,2026-09-19T12:00:00,2026-09-19 21:00:00,2026-09-20 05:00:00,8-9,26,68,0,7,14.6,NE,55,SW,,,0,Cerah,Sunny,https://api-apps.bmkg.go.id/storage/icon/cuaca/cerah-pm.svg,2026-09-19T21:00:00Z
73,73.71,73.71.08,73.71.08.1004,73.71.08.1004,Sulawesi Selatan,Kota Makassar,Ujung Tanah,Gusung,2026-09-19T12:00:00,2026-09-20 00:00:00,2026-09-20 08:00:00,11-12,29,55,0,23,6.1,E,96,W,,,1,Cerah,Sunny,https://api-apps.bmkg.go.id/storage/icon/cuaca/cerah-am.svg,2026-09-20T00:00:00Z
73,73.71,73.71.08,73.71.08.1004,73.71.08.1004,Sulawesi Selatan,Kota Makassar,Ujung Tanah,Gusung,2026-09-19T12:00:00,2026-09-20 03:00:00,2026-09-20 11:00:00,14-15,29,66,0,26,16.2,SW,264,NE,,,1,Cerah,Sunny,https://api-apps.bmkg.go.id/storage/icon/cuaca/cerah-am.svg,2026-09-20T03:00:00Z
73,73.71,73.71.08,73.71.08.1004,73.71.08.1004,Sulawesi Selatan,Kota Makassar,Ujung Tanah,Gusung,2026-09-19T12:00:00,2026-09-20 06:00:00,2026-09-20 14:00:00,17-18,29,68,0,26,18.1,SW,256,NE,,,1,Cerah,Sunny,https://api-apps.bmkg.go.id/storage/icon/cuaca/cerah-am.svg,2026-09-20T06:00:00Z
73,73.71,73.71.08,73.71.08.1004,73.71.08.1004,Sulawesi Selatan,Kota Makassar,Ujung Tanah,Gusung,2026-09-19T12:00:00,2026-09-20 09:00:00,2026-09-20 17:00:00,20-21,28,77,0,19,20,SW,260,NE,,,1,Cerah,Sunny,https://api-apps.bmkg.go.id/storage/icon/cuaca/cerah-am.svg,2026-09-20T09:00:00Z
73,73.71,73.71.08,73.71.08.1004,73.71.08.1004,Sulawesi Selatan,Kota Makassar,Ujung Tanah,Gusung,2026-09-19T12:00:00,2026-09-20 12:00:00,2026-09-20 20:00:00,23-24,28,77,0,0,2.4,W,312,E,,,0,Cerah,Sunny,https://api-apps.bmkg.go.id/storage/icon/cuaca/cerah-pm.svg,2026-09-20T12:00:00Z
73,73.71,73.71.08,73.71.08.1004,73.71.08.1004,Sulawesi Selatan,Kota Makassar,Ujung Tanah,Gusung,2026-09-19T12:00:00,2026-09-20 15:00:00,2026-09-20 23:00:00,26-27,28,64,0,0,10,N,41,S,,,0,Cerah,Sunny,https://api-apps.bmkg.go.id/storage/icon/cuaca/cerah-pm.svg,2026-09-20T15:00:00Z
73,73.71,73.71.08,73.71.08.1004,73.71.08.1004,Sulawesi Selatan,Kota Makassar,Ujung Tanah,Gusung,2026-09-19T12:00:00,2026-09-20 18:00:00,2026-09-21 02:00:00,29-30,27,67,0,0,1,N,20,S,,,0,Cerah,Sunny,https://api-apps.bmkg.go.id/storage/icon/cuaca/cerah-pm.svg,2026-09-20T18:00:00Z
73,73.71,73.71.08,73.71.08.1004,73.71.08.1004,Sulawesi Selatan,Kota Makassar,Ujung Tanah,Gusung,2026-09-19T12:00:00,2026-09-20 21:00:00,2026-09-21 05:00:00,32-33,26,72,0,67,9.1,NE,48,SW,,,2,Cerah Berawan,Partly Cloudy,https://api-apps.bmkg.go.id/storage/icon/cuaca/cerah berawan-pm.svg,2026-09-20T21:00:00Z
73,73.71,73.71.08,73.71.08.1004,73.71.08.1004,Sulawesi Selatan,Kota Makassar,Ujung Tanah,Gusung,2026-09-19T12:00:00,2026-09-21 00:00:00,2026-09-21 08:00:00,35-36,29,62,0,44,5.5,E,121,W,,,1,Cerah,Sunny,https://api-apps.bmkg.go.id/storage/icon/cuaca/cerah-am.svg,2026-09-21T00:00:00Z
73,73.71,73.71.08,73.71.08.1004,73.71.08.1004,Sulawesi Selatan,Kota Makassar,Ujung Tanah,Gusung,2026-09-19T12:00:00,2026-09-21 03:00:00,2026-09-21 11:00:00,38-39,29,71,0,15,18.3,SW,243,NE,,,1,Cerah,Sunny,https://api-apps.bmkg.go.id/storage/icon/cuaca/cerah-am.svg,2026-09-21T03:00:00Z
73,73.71,73.71.08,73.71.08.1004,73.71.08.1004,Sulawesi Selatan,Kota Makassar,Ujung Tanah,Gusung,2026-09-19T12:00:00,2026-09-21 06:00:00,2026-09-21 14:00:00,41-42,30,72,0,27,20.3,SW,240,NE,,,1,Cerah,Sunny,https://api-apps.bmkg.go.id/storage/icon/cuaca/cerah-am.svg,2026-09-21T06:00:00Z
73,73.71,73.71.08,73.71.08.1004,73.71.08.1004,Sulawesi Selatan,Kota Makassar,Ujung Tanah,Gusung,2026-09-19T12:00:00,2026-09-21 09:00:00,2026-09-21 17:00:00,44-45,29,79,0,21,6.3,W,277,E,,,1,Cerah,Sunny,https://api-apps.bmkg.go.id/storage/icon/cuaca/cerah-am.svg,2026-09-21T09:00:00Z
73,73.71,73.71.08,73.71.08.1004,73.71.08.1004,Sulawesi Selatan,Kota Makassar,Ujung Tanah,Gusung,2026-09-19T12:00:00,2026-09-21 12:00:00,2026-09-21 20:00:00,47-48,29,56,0,4,13.6,N,26,S,,,0,Cerah,Sunny,https://api-apps.bmkg.go.id/storage/icon/cuaca/cerah-pm.svg,2026-09-21T12:00:00Z
73,73.71,73.71.08,73.71.08.1004,73.71.08.1004,Sulawesi Selatan,Kota Makassar,Ujung Tanah,Gusung,2026-09-19T12:00:00,2026-09-21 15:00:00,2026-09-21 23:00:00,50-51,28,64,0,86,1.7,SE,170,NW,,,2,Cerah Berawan,Partly Cloudy,https://api-apps.bmkg.go.id/storage/icon/cuaca/cerah berawan-pm.svg,2026-09-21T15:00:00Z
73,73.71,73.71.08,73.71.08.1005,73.71.08.1005,Sulawesi Selatan,Kota Makassar,Ujung Tanah,Cambaya,2026-09-19T12:00:00,2026-09-19 16:00:00,2026-09-20 00:00:00,3-4,27,67,0,2,6.1,N,13,S,,,0,Cerah,Sunny,https://api-apps.bmkg.go.id/storage/icon/cuaca/cerah-pm.svg,2026-09-19T16:00:00Z
73,73.71,73.71.08,73.71.08.1005,73.71.08.1005,Sulawesi Selatan,Kota Makassar,Ujung Tanah,Cambaya,2026-09-19T12:00:00,2026-09-19 19:00:00,2026-09-20 03:00:00,6-7,27,70,0,41,14.6,NE,55,SW,,,1,Cerah,Sunny,https://api-apps.bmkg.go.id/storage/icon/cuaca/cerah-pm.svg,2026-09-19T19:00:00Z
73,73.71,73.71.08,73.71.08.1005,73.71.08.1005,Sulawesi Selatan,Kota Makassar,Ujung Tanah,Cambaya,2026-09-19T12:00:00,2026-09-19 22:00:00,2026-09-20 06:00:00,9-10,27,65,0,5,6.1,E,96,W,,,0,Cerah,Sunny,https://api-apps.bmkg.go.id/storage/icon/cuaca/cerah-am.svg,2026-09-19T22:00:00Z
73,73.71,73.71.08,73.71.08.1005,73.71.08.1005,Sulawesi Selatan,Kota Makassar,Ujung Tanah,Cambaya,2026-09-19T12:00:00,2026-09-20 01:00:00,2026-09-20 09:00:00,12-13,30,58,0,18,16.2,SW,264,NE,,,1,Cerah,Sunny,https://api-apps.bmkg.go.id/storage/icon/cuaca/cerah-am.svg,2026-09-20T01:00:00Z
73,73.71,73.71.08,73.71.08.1005,73.71.08.1005,Sulawesi Selatan,Kota Makassar,Ujung Tanah,Cambaya,2026-09-19T12:00:00,2026-09-20 04:00:00,2026-09-20 12:00:00,15-16,29,64,0,20,18.1,SW,256,NE,,,1,Cerah,Sunny,https://api-apps.bmkg.go.id/storage/icon/cuaca/cerah-am.svg,2026-09-20T04:00:00Z
73,73.71,73.71.08,73.71.08.1005,73.71.08.1005,Sulawesi Selatan,Kota Makassar,Ujung Tanah,Cambaya,2026-09-19T12:00:00,2026-09-20 07:00:00,2026-09-20 15:00:00,18-19,29,70,0,25,20,SW,260,NE,,,1,Cerah,Sunny,https://api-apps.bmkg.go.id/storage/icon/cuaca/cerah-am.svg,2026-09-20T07:00:00Z
73,73.71,73.71.08,73.71.08.1005,73.71.08.1005,Sulawesi Selatan,Kota Makassar,Ujung Tanah,Cambaya,2026-09-19T12:00:00,2026-09-20 10:00:00,2026-09-20 18:00:00,21-22,28,80,0,8,2.4,W,312,E,,,0,Cerah,Sunny,https://api-apps.bmkg.go.id/storage/icon/cuaca/cerah-pm.svg,2026-09-20T10:00:00Z
73,73.71,73.71.08,73.71.08.1005,73.71.08.1005,Sulawesi Selatan,Kota Makassar,Ujung Tanah,Cambaya,2026-09-19T12:00:00,2026-09-20 13:00:00,2026-09-20 21:00:00,24-25,28,68,0,0,10,N,41,S,,,0,Cerah,Sunny,https://api-apps.bmkg.go.id/storage/icon/cuaca/cerah-pm.svg,2026-09-20T13:00:00Z
73,73.71,73.71.08,73.71.08.1005,73.71.08.1005,Sulawesi Selatan,Kota Makassar,Ujung Tanah,Cambaya,2026-09-19T12:00:00,2026-09-20 16:00:00,2026-09-21 00:00:00,27-28,27,66,0,2,1,N,20,S,,,0,Cerah,Sunny,https://api-apps.bmkg.go.id/storage/icon/cuaca/cerah-pm.svg,2026-09-20T16:00:00Z
73,73.71,73.71.08,73.71.08.1005,73.71.08.1005,Sulawesi Selatan,Kota Makassar,Ujung Tanah,Cambaya,2026-09-19T12:00:00,2026-09-20 19:00:00,2026-09-21 03:00:00,30-31,27,69,0,9,9.1,NE,48,SW,,,0,Cerah,Sunny,https://api-apps.bmkg.go.id/storage/icon/cuaca/cerah-pm.svg,2026-09-20T19:00:00Z
73,73.71,73.71.08,73.71.08.1005,73.71.08.1005,Sulawesi Selatan,Kota Makassar,Ujung Tanah,Cambaya,2026-09-19T12:00:00,2026-09-20 22:00:00,2026-09-21 06:00:00,33-34,27,68,0,63,5.5,E,121,W,,,2,Cerah Berawan,Partly Cloudy,https://api-apps.bmkg.go.id/storage/icon/cuaca/cerah berawan-am.svg,2026-09-20T22:00:00Z
73,73.71,73.71.08,73.71.08.1005,73.71.08.1005,Sulawesi Selatan,Kota Makassar,Ujung Tanah,Cambaya,2026-09-19T12:00:00,2026-09-21 01:00:00,2026-09-21 09:00:00,36-37,29,64,0,47,18.3,SW,243,NE,,,1,Cerah,Sunny,https://api-apps.bmkg.go.id/storage/icon/cuaca/cerah-am.svg,2026-09-21T01:00:00Z
73,73.71,73.71.08,73.71.08.1005,73.71.08.1005,Sulawesi Selatan,Kota Makassar,Ujung Tanah,Cambaya,2026-09-19T12:00:00,2026-09-21 04:00:00,2026-09-21 12:00:00,39-40,29,70,0,20,20.3,SW,240,NE,,,1,Cerah,Sunny,https://api-apps.bmkg.go.id/storage/icon/cuaca/cerah-am.svg,2026-09-21T04:00:00Z
73,73.71,73.71.08,73.71.08.1005,73.71.08.1005,Sulawesi Selatan,Kota Makassar,Ujung Tanah,Cambaya,2026-09-19T12:00:00,2026-09-21 07:00:00,2026-09-21 15:00:00,42-43,30,74,0,30,6.3,W,277,E,,,1,Cerah,Sunny,https://api-apps.bmkg.go.id/storage/icon/cuaca/cerah-am.svg,2026-09-21T07:00:00Z
73,73.71,73.71.08,73.71.08.1005,73.71.08.1005,Sulawesi Selatan,Kota Makassar,Ujung Tanah,Cambaya,2026-09-19T12:00:00,2026-09-21 10:00:00,2026-09-21 18:00:00,45-46,29,73,0,24,13.6,N,26,S,,,1,Cerah,Sunny,https://api-apps.bmkg.go.id/storage/icon/cuaca/cerah-pm.svg,2026-09-21T10:00:00Z
73,73.71,73.71.08,73.71.08.1005,73.71.08.1005,Sulawesi Selatan,Kota Makassar,Ujung Tanah,Cambaya,2026-09-19T12:00:00,2026-09-21 13:00:00,2026-09-21 21:00:00,48-49,29,57,0,45,1.7,SE,170,NW,,,1,Cerah,Sunny,https://api-apps.bmkg.go.id/storage/icon/cuaca/cerah-pm.svg,2026-09-21T13:00:00Z
73,73.71,73.71.08,73.71.08.1005,73.71.08.1005,Sulawesi Selatan,Kota Makassar,Ujung Tanah,Cambaya,2026-09-19T12:00:00,2026-09-21 16:00:00,2026-09-22 00:00:00,51-52,28,67,0,50,6,NW,354,SE,,,1,Cerah,Sunny,https://api-apps.bmkg.go.id/storage/icon/cuaca/cerah-pm.svg,2026-09-21T16:00:00Z
73,73.71,73.71.08,73.71.08.1005,73.71.08.1005,Sulawesi Selatan,Kota Makassar,Ujung Tanah,Cambaya,2026-09-19T12:00:00,2026-09-21 19:00:00,2026-09-22 03:00:00,54-55,27,64,0,37,8.3,NE,87,SW,,,1,Cerah,Sunny,https://api-apps.bmkg.go.id/storage/icon/cuaca/cerah-pm.svg,2026-09-21T19:00:00Z
73,73.71,73.71.08,73.71.08.1005,73.71.08.1005,Sulawesi Selatan,Kota Makassar,Ujung Tanah,Cambaya,2026-09-19T12:00:00,2026-09-21 22:00:00,2026-09-22 06:00:00,57-58,27,68,0,3,2.9,N,12,S,,,0,Cerah,Sunny,https://api-apps.bmkg.go.id/storage/icon/cuaca/cerah-am.svg,2026-09-21T22:00:00Z
73,73.71,73.71.08,73.71.08.1006,73.71.08.1006,Sulawesi Selatan,Kota Makassar,Ujung Tanah,Ujung Tanah,2026-09-19T12:00:00,2026-09-19 16:00:00,2026-09-20 00:00:00,3-4,27,72,0,2,6.1,N,13,S,,,0,Cerah,Sunny,https://api-apps.bmkg.go.id/storage/icon/cuaca/cerah-pm.svg,2026-09-19T16:00:00Z
73,73.71,73.71.08,73.71.08.1006,73.71.08.1006,Sulawesi Selatan,Kota Makassar,Ujung Tanah,Ujung Tanah,2026-09-19T12:00:00,2026-09-19 19:00:00,2026-09-20 03:00:00,6-7,27,70,0,36,14.6,NE,55,SW,,,1,Cerah,Sunny,https://api-apps.bmkg.go.id/storage/icon/cuaca/cerah-pm.svg,2026-09-19T19:00:00Z
73,73.71,73.71.08,73.71.08.1006,73.71.08.1006,Sulawesi Selatan,Kota Makassar,Ujung Tanah,Ujung Tanah,2026-09-19T12:00:00,2026-09-19 22:00:00,2026-09-20 06:00:00,9-10,27,66,0,5,6.1,E,96,W,,,0,Cerah,Sunny,https://api-apps.bmkg.go.id/storage/icon/cuaca/cerah-am.svg,2026-09-19T22:00:00Z
73,73.71,73.71.08,73.71.08.1006,73.71.08.1006,Sulawesi Selatan,Kota Makassar,Ujung Tanah,Ujung Tanah,2026-09-19T12:00:00,2026-09-20 01:00:00,2026-09-20 09:00:00,12-13,29,62,0,18,16.2,SW,264,NE,,,1,Cerah,Sunny,https://api-apps.bmkg.go.id/storage/icon/cuaca/cerah-am.svg,2026-09-20T01:00:00Z
73,73.71,73.71.08,73.71.08.1006,73.71.08.1006,Sulawesi Selatan,Kota Makassar,Ujung Tanah,Ujung Tanah,2026-09-19T12:00:00,2026-09-20 04:00:00,2026-09-20 12:00:00,15-16,29,68,0,18,18.1,SW,256,NE,,,1,Cerah,Sunny,https://api-apps.bmkg.go.id/storage/icon/cuaca/cerah-am.svg,2026-09-20T04:00:00Z
73,73.71,73.71.08,73.71.08.1006,73.71.08.1006,Sulawesi Selatan,Kota Makassar,Ujung Tanah,Ujung Tanah,2026-09-19T12:00:00,2026-09-20 07:00:00,2026-09-20 15:00:00,18-19,28,74,0,22,20,SW,260,NE,,,1,Cerah,Sunny,https://api-apps.bmkg.go.id/storage/icon/cuaca/cerah-am.svg,2026-09-20T07:00:00Z
73,73.71,73.71.08,73.71.08.1006,73.71.08.1006,Sulawesi Selatan,Kota Makassar,Ujung Tanah,Ujung Tanah,2026-09-19T12:00:00,2026-09-20 10:00:00,2026-09-20 18:00:00,21-22,28,81,0,7,2.4,W,312,E,,,0,Cerah,Sunny,https://api-apps.bmkg.go.id/storage/icon/cuaca/cerah-pm.svg,2026-09-20T10:00:00Z
73,73.71,73.71.08,73.71.08.1006,73.71.08.1006,Sulawesi Selatan,Kota Makassar,Ujung Tanah,Ujung Tanah,2026-09-19T12:00:00,2026-09-20 13:00:00,2026-09-20 21:00:00,24-25,28,69,0,0,10,N,41,S,,,0,Cerah,Sunny,https://api-apps.bmkg.go.id/storage/icon/cuaca/cerah-pm.svg,2026-09-20T13:00:00Z
73,73.71,73.71.08,73.71.08.1006,73.71.08.1006,Sulawesi Selatan,Kota Makassar,Ujung Tanah,Ujung Tanah,2026-09-19T12:00:00,2026-09-20 16:00:00,2026-09-21 00:00:00,27-28,27,69,0,2,1,N,20,S,,,0,Cerah,Sunny,https://api-apps.bmkg.go.id/storage/icon/cuaca/cerah-pm.svg,2026-09-20T16:00:00Z
73,73.71,73.71.08,73.71.08.1006,73.71.08.1006,Sulawesi Selatan,Kota Makassar,Ujung Tanah,Ujung Tanah,2026-09-19T12:00:00,2026-09-20 19:00:00,2026-09-21 03:00:00,30-31,27,71,0,8,9.1,NE,48,SW,,,0,Cerah,Sunny,https://api-apps.bmkg.go.id/storage/icon/cuaca/cerah-pm.svg,2026-09-20T19:00:00Z
73,73.71,73.71.08,73.71.08.1006,73.71.08.1006,Sulawesi Selatan,Kota Makassar,Ujung Tanah,Ujung Tanah,2026-09-19T12:00:00,2026-09-20 22:00:00,2026-09-21 06:00:00,33-34,27,70,0,65,5.5,E,121,W,,,2,Cerah Berawan,Partly Cloudy,https://api-apps.bmkg.go.id/storage/icon/cuaca/cerah berawan-am.svg,2026-09-20T22:00:00Z
73,73.71,73.71.08,73.71.08.1006,73.71.08.1006,Sulawesi Selatan,Kota Makassar,Ujung Tanah,Ujung Tanah,2026-09-19T12:00:00,2026-09-21 01:00:00,2026-09-21 09:00:00,36-37,28,69,0,42,18.3,SW,243,NE,,,1,Cerah,Sunny,https://api-apps.bmkg.go.id/storage/icon/cuaca/cerah-am.svg,2026-09-21T01:00:00Z
73,73.71,73.71.08,73.71.08.1006,73.71.08.1006,Sulawesi Selatan,Kota Makassar,Ujung Tanah,Ujung Tanah,2026-09-19T12:00:00,2026-09-21 04:00:00,2026-09-21 12:00:00,39-40,28,73,0,16,20.3,SW,240,NE,,,1,Cerah,Sunny,https://api-apps.bmkg.go.id/storage/icon/cuaca/cerah-am.svg,2026-09-21T04:00:00Z
73,73.71,73.71.08,73.71.08.1006,73.71.08.1006,Sulawesi Selatan,Kota Makassar,Ujung Tanah,Ujung Tanah,2026-09-19T12:00:00,2026-09-21 07:00:00,2026-09-21 15:00:00,42-43,30,75,0,27,6.3,W,277,E,,,1,Cerah,Sunny,https://api-apps.bmkg.go.id/storage/icon/cuaca/cerah-am.svg,2026-09-21T07:00:00Z
73,73.71,73.71.08,73.71.08.1006,73.71.08.1006,Sulawesi Selatan,Kota Makassar,Ujung Tanah,Ujung Tanah,2026-09-19T12:00:00,2026-09-21 10:00:00,2026-09-21 18:00:00,45-46,30,73,0,23,13.6,N,26,S,,,1,Cerah,Sunny,https://api-apps.bmkg.go.id/storage/icon/cuaca/cerah-pm.svg,2026-09-21T10:00:00Z
73,73.71,73.71.08,73.71.08.1006,73.71.08.1006,Sulawesi Selatan,Kota Makassar,Ujung Tanah,Ujung Tanah,2026-09-19T12:00:00,2026-09-21 13:00:00,2026-09-21 21:00:00,48-49,29,60,0,37,1.7,SE,170,NW,,,1,Cerah,Sunny,https://api-apps.bmkg.go.id/storage/icon/cuaca/cerah-pm.svg,2026-09-21T13:00:00Z
73,73.71,73.71.08,73.71.08.1006,73.71.08.1006,Sulawesi Selatan,Kota Makassar,Ujung Tanah,Ujung Tanah,2026-09-19T12:00:00,2026-09-21 16:00:00,2026-09-22 00:00:00,51-52,28,71,0,50,6,NW,354,SE,,,1,Cerah,Sunny,https://api-apps.bmkg.go.id/storage/icon/cuaca/cerah-pm.svg,2026-09-21T16:00:00Z
73,73.71,73.71.08,73.71.08.1006,73.71.08.1006,Sulawesi Selatan,Kota Makassar,Ujung Tanah,Ujung Tanah,2026-09-19T12:00:00,2026-09-21 19:00:00,2026-09-22 03:00:00,54-55,27,66,0,35,8.3,NE,87,SW,,,1,Cerah,Sunny,https://api-apps.bmkg.go.id/storage/icon/cuaca/cerah-pm.svg,2026-09-21T19:00:00Z
73,73.71,73.71.08,73.71.08.1006,73.71.08.1006,Sulawesi Selatan,Kota Makassar,Ujung Tanah,Ujung Tanah,2026-09-19T12:00:00,2026-09-21 22:00:00,2026-09-22 06:00:00,57-58,27,70,0,3,2.9,N,12,S,,,0,Cerah,Sunny,https://api-apps.bmkg.go.id/storage/icon/cuaca/cerah-am.svg,2026-09-21T22:00:00Z
73,73.71,73.71.08,73.71.08.1009,73.71.08.1009,Sulawesi Selatan,Kota Makassar,Ujung Tanah,Totaka,2026-09-19T12:00:00,2026-09-19 16:00:00,2026-09-20 00:00:00,3-4,27,67,0,2,6.1,N,13,S,,,0,Cerah,Sunny,https://api-apps.bmkg.go.id/storage/icon/cuaca/cerah-pm.svg,2026-09-19T16:00:00Z
73,73.71,73.71.08,73.71.08.1009,73.71.08.1009,Sulawesi Selatan,Kota Makassar,Ujung Tanah,Totaka,2026-09-19T12:00:00,2026-09-19 19:00:00,2026-09-20 03:00:00,6-7,27,69,0,38,14.6,NE,55,SW,,,1,Cerah,Sunny,https://api-apps.bmkg.go.id/storage/icon/cuaca/cerah-pm.svg,2026-09-19T19:00:00Z
73,73.71,73.71.08,73.71.08.1009,73.71.08.1009,Sulawesi Selatan,Kota Makassar,Ujung Tanah,Totaka,2026-09-19T12:00:00,2026-09-19 22:00:00,2026-09-20 06:00:00,9-10,27,66,0,5,6.1,E,96,W,,,0,Cerah,Sunny,https://api-apps.bmkg.go.id/storage/icon/cuaca/cerah-am.svg,2026-09-19T22:00:00Z
73,73.71,73.71.08,73.71.08.1009,73.71.08.1009,Sulawesi Selatan,Kota Makassar,Ujung Tanah,Totaka,2026-09-19T12:00:00,2026-09-20 01:00:00,2026-09-20 09:00:00,12-13,30,57,0,20,16.2,SW,264,NE,,,1,Cerah,Sunny,https://api-apps.bmkg.go.id/storage/icon/cuaca/cerah-am.svg,2026-09-20T01:00:00Z
73,73.71,73.71.08,73.71.08.1009,73.71.08.1009,Sulawesi Selatan,Kota Makassar,Ujung Tanah,Totaka,2026-09-19T12:00:00,2026-09-20 04:00:00,2026-09-20 12:00:00,15-16,30,63,0,21,18.1,SW,256,NE,,,1,Cerah,Sunny,https://api-apps.bmkg.go.id/storage/icon/cuaca/cerah-am.svg,2026-09-20T04:00:00Z
73,73.71,73.71.08,73.71.08.1009,73.71.08.1009,Sulawesi Selatan,Kota Makassar,Ujung Tanah,Totaka,2026-09-19T12:00:00,2026-09-20 07:00:00,2026-09-20 15:00:00,18-19,29,69,0,26,20,SW,260,NE,,,1,Cerah,Sunny,https://api-apps.bmkg.go.id/storage/icon/cuaca/cerah-am.svg,2026-09-20T07:00:00Z
73,73.71,73.71.08,73.71.08.1009,73.71.08.1009,Sulawesi Selatan,Kota Makassar,Ujung Tanah,Totaka,2026-09-19T12:00:00,2026-09-20 10:00:00,2026-09-20 18:00:00,21-22,28,78,0,9,2.4,W,312,E,,,0,Cerah,Sunny,https://api-apps.bmkg.go.id/storage/icon/cuaca/cerah-pm.svg,2026-09-20T10:00:00Z
73,73.71,73.71.08,73.71.08.1009,73.71.08.1009,Sulawesi Selatan,Kota Makassar,Ujung Tanah,Totaka,2026-09-19T12:00:00,2026-09-20 13:00:00,2026-09-20 21:00:00,24-25,28,68,0,0,10,N,41,S,,,0,Cerah,Sunny,https://api-apps.bmkg.go.id/storage/icon/cuaca/cerah-pm.svg,2026-09-20T13:00:00Z
73,73.71,73.71.08,73.71.08.1009,73.71.08.1009,Sulawesi Selatan,Kota Makassar,Ujung Tanah,Totaka,2026-09-19T12:00:00,2026-09-20 16:00:00,2026-09-21 00:00:00,27-28,27,69,0,1,1,N,20,S,,,0,Cerah,Sunny,https://api-apps.bmkg.go.id/storage/icon/cuaca/cerah-pm.svg,2026-09-20T16:00:00Z
73,73.71,73.71.08,73.71.08.1009,73.71.08.1009,Sulawesi Selatan,Kota Makassar,Ujung Tanah,Totaka,2026-09-19T12:00:00,2026-09-20 19:00:00,2026-09-21 03:00:00,30-31,27,70,0,8,9.1,NE,48,SW,,,0,Cerah,Sunny,https://api-apps.bmkg.go.id/storage/icon/cuaca/cerah-pm.svg,2026-09-20T19:00:00Z
73,73.71,73.71.08,73.71.08.1009,73.71.08.1009,Sulawesi Selatan,Kota Makassar,Ujung Tanah,Totaka,2026-09-19T12:00:00,2026-09-20 22:00:00,2026-09-21 06:00:00,33-34,27,69,0,59,5.5,E,121,W,,,1,Cerah,Sunny,https://api-apps.bmkg.go.id/storage/icon/cuaca/cerah-am.svg,2026-09-20T22:00:00Z
73,73.71,73.71.08,73.71.08.1009,73.71.08.1009,Sulawesi Selatan,Kota Makassar,Ujung Tanah,Totaka,2026-09-19T12:00:00,2026-09-21 01:00:00,2026-09-21 09:00:00,36-37,30,64,0,39,18.3,SW,243,NE,,,1,Cerah,Sunny,https://api-apps.bmkg.go.id/storage/icon/cuaca/cerah-am.svg,2026-09-21T01:00:00Z
73,73.71,73.71.08,73.71.08.1009,73.71.08.1009,Sulawesi Selatan,Kota Makassar,Ujung Tanah,Totaka,2026-09-19T12:00:00,2026-09-21 04:00:00,2026-09-21 12:00:00,39-40,30,68,0,21,20.3,SW,240,NE,,,1,Cerah,Sunny,https://api-apps.bmkg.go.id/storage/icon/cuaca/cerah-am.svg,2026-09-21T04:00:00Z
73,73.71,73.71.08,73.71.08.1009,73.71.08.1009,Sulawesi Selatan,Kota Makassar,Ujung Tanah,Totaka,2026-09-19T12:00:00,2026-09-21 07:00:00,2026-09-21 15:00:00,42-43,30,69,0,32,6.3,W,277,E,,,1,Cerah,Sunny,https://api-apps.bmkg.go.id/storage/icon/cuaca/cerah-am.svg,2026-09-21T07:00:00Z
73,73.71,73.71.08,73.71.08.1009,73.71.08.1009,Sulawesi Selatan,Kota Makassar,Ujung Tanah,Totaka,2026-09-19T12:00:00,2026-09-21 10:00:00,2026-09-21 18:00:00,45-46,30,70,0,25,13.6,N,26,S,,,1,Cerah,Sunny,https://api-apps.bmkg.go.id/storage/icon/cuaca/cerah-pm.svg,2026-09-21T10:00:00Z
73,73.71,73.71.08,73.71.08.1009,73.71.08.1009,Sulawesi Selatan,Kota Makassar,Ujung Tanah,Totaka,2026-09-19T12:00:00,2026-09-21 13:00:00,2026-09-21 21:00:00,48-49,29,58,0,41,1.7,SE,170,NW,,,1,Cerah,Sunny,https://api-apps.bmkg.go.id/storage/icon/cuaca/cerah-pm.svg,2026-09-21T13:00:00Z
73,73.71,73.71.08,73.71.08.1009,73.71.08.1009,Sulawesi Selatan,Kota Makassar,Ujung Tanah,Totaka,2026-09-19T12:00:00,2026-09-21 16:00:00,2026-09-22 00:00:00,51-52,27,68,0,49,6,NW,354,SE,,,1,Cerah,Sunny,https://api-apps.bmkg.go.id/storage/icon/cuaca/cerah-pm.svg,2026-09-21T16:00:00Z
73,73.71,73.71.08,73.71.08.1009,73.71.08.1009,Sulawesi Selatan,Kota Makassar,Ujung Tanah,Totaka,2026-09-19T12:00:00,2026-09-21 19:00:00,2026-09-22 03:00:00,54-55,27,66,0,37,8.3,NE,87,SW,,,1,Cerah,Sunny,https://api-apps.bmkg.go.id/storage/icon/cuaca/cerah-pm.svg,2026-09-21T19:00:00Z
73,73.71,73.71.08,73.71.08.1009,73.71.08.1009,Sulawesi Selatan,Kota Makassar,Ujung Tanah,Totaka,2026-09-19T12:00:00,2026-09-21 22:00:00,2026-09-22 06:00:00,57-58,27,69,0,3,2.9,N,12,S,,,0,Cerah,Sunny,https://api-apps.bmkg.go.id/storage/icon/cuaca/cerah-am.svg,2026-09-21T22:00:00Z
73,73.71,73.71.08,73.71.08.1010,73.71.08.1010,Sulawesi Selatan,Kota Makassar,Ujung Tanah,Tamalabba,2026-09-19T12:00:00,2026-09-19 16:00:00,2026-09-20 00:00:00,3-4,27,67,0,2,6.1,N,13,S,,,0,Cerah,Sunny,https://api-apps.bmkg.go.id/storage/icon/cuaca/cerah-pm.svg,2026-09-19T16:00:00Z
73,73.71,73.71.08,73.71.08.1010,73.71.08.1010,Sulawesi Selatan,Kota Makassar,Ujung Tanah,Tamalabba,2026-09-19T12:00:00,2026-09-19 19:00:00,2026-09-20 03:00:00,6-7,27,69,0,38,14.6,NE,55,SW,,,1,Cerah,Sunny,https://api-apps.bmkg.go.id/storage/icon/cuaca/cerah-pm.svg,2026-09-19T19:00:00Z
73,73.71,73.71.08,73.71.08.1010,73.71.08.1010,Sulawesi Selatan,Kota Makassar,Ujung Tanah,Tamalabba,2026-09-19T12:00:00,2026-09-19 22:00:00,2026-09-20 06:00:00,9-10,27,66,0,5,6.1,E,96,W,,,0,Cerah,Sunny,https://api-apps.bmkg.go.id/storage/icon/cuaca/cerah-am.svg,2026-09-19T22:00:00Z
73,73.71,73.71.08,73.71.08.1010,73.71.08.1010,Sulawesi Selatan,Kota Makassar,Ujung Tanah,Tamalabba,2026-09-19T12:00:00,2026-09-20 01:00:00,2026-09-20 09:00:00,12-13,30,57,0,20,16.2,SW,264,NE,,,1,Cerah,Sunny,https://api-apps.bmkg.go.id/storage/icon/cuaca/cerah-am.svg,2026-09-20T01:00:00Z
73,73.71,73.71.08,73.71.08.1010,73.71.08.1010,Sulawesi Selatan,Kota Makassar,Ujung Tanah,Tamalabba,2026-09-19T12:00:00,2026-09-20 04:00:00,2026-09-20 12:00:00,15-16,30,63,0,21,18.1,SW,256,NE,,,1,Cerah,Sunny,https://api-apps.bmkg.go.id/storage/icon/cuaca/cerah-am.svg,2026-09-20T04:00:00Z
73,73.71,73.71.08,73.71.08.1010,73.71.08.1010,Sulawesi Selatan,Kota Makassar,Ujung Tanah,Tamalabba,2026-09-19T12:00:00,2026-09-20 07:00:00,2026-09-20 15:00:00,18-19,29,69,0,26,20,SW,260,NE,,,1,Cerah,Sunny,https://api-apps.bmkg.go.id/storage/icon/cuaca/cerah-am.svg,2026-09-20T07:00:00Z
73,73.71,73.71.08,73.71.08.1010,73.71.08.1010,Sulawesi Selatan,Kota Makassar,Ujung Tanah,Tamalabba,2026-09-19T12:00:00,2026-09-20 10:00:00,2026-09-20 18:00:00,21-22,28,78,0,9,2.4,W,312,E,,,0,Cerah,Sunny,https://api-apps.bmkg.go.id/storage/icon/cuaca/cerah-pm.svg,2026-09-20T10:00:00Z
73,73.71,73.71.08,73.71.08.1010,73.71.08.1010,Sulawesi Selatan,Kota Makassar,Ujung Tanah,Tamalabba,2026-09-19T12:00:00,2026-09-20 13:00:00,2026-09-20 21:00:00,24-25,28,68,0,0,10,N,41,S,,,0,Cerah,Sunny,https://api-apps.bmkg.go.id/storage/icon/cuaca/cerah-pm.svg,2026-09-20T13:00:00Z
73,73.71,73.71.08,73.71.08.1010,73.71.08.1010,Sulawesi Selatan,Kota Makassar,Ujung Tanah,Tamalabba,2026-09-19T12:00:00,2026-09-20 16:00:00,2026-09-21 00:00:00,27-28,27,69,0,1,1,N,20,S,,,0,Cerah,Sunny,https://api-apps.bmkg.go.id/storage/icon/cuaca/cerah-pm.svg,2026-09-20T16:00:00Z
73,73.71,73.71.08,73.71.08.1010,73.71.08.1010,Sulawesi Selatan,Kota Makassar,Ujung Tanah,Tamalabba,2026-09-19T12:00:00,2026-09-20 19:00:00,2026-09-21 03:00:00,30-31,27,70,0,8,9.1,NE,48,SW,,,0,Cerah,Sunny,https://api-apps.bmkg.go.id/storage/icon/cuaca/cerah-pm.svg,2026-09-20T19:00:00Z
73,73.71,73.71.08,73.71.08.1010,73.71.08.1010,Sulawesi Selatan,Kota Makassar,Ujung Tanah,Tamalabba,2026-09-19T12:00:00,2026-09-20 22:00:00,2026-09-21 06:00:00,33-34,27,69,0,59,5.5,E,121,W,,,1,Cerah,Sunny,https://api-apps.bmkg.go.id/storage/icon/cuaca/cerah-am.svg,2026-09-20T22:00:00Z
73,73.71,73.71.08,73.71.08.1010,73.71.08.1010,Sulawesi Selatan,Kota Makassar,Ujung Tanah,Tamalabba,2026-09-19T12:00:00,2026-09-21 01:00:00,2026-09-21 09:00:00,36-37,30,64,0,39,18.3,SW,243,NE,,,1,Cerah,Sunny,https://api-apps.bmkg.go.id/storage/icon/cuaca/cerah-am.svg,2026-09-21T01:00:00Z
73,73.71,73.71.08,73.71.08.1010,73.71.08.1010,Sulawesi Selatan,Kota Makassar,Ujung Tanah,Tamalabba,2026-09-19T12:00:00,2026-09-21 04:00:00,2026-09-21 12:00:00,39-40,30,68,0,21,20.3,SW,240,NE,,,1,Cerah,Sunny,https://api-apps.bmkg.go.id/storage/icon/cuaca/cerah-am.svg,2026-09-21T04:00:00Z
73,73.71,73.71.08,73.71.08.1010,73.71.08.1010,Sulawesi Selatan,Kota Makassar,Ujung Tanah,Tamalabba,2026-09-19T12:00:00,2026-09-21 07:00:00,2026-09-21 15:00:00,42-43,30,69,0,32,6.3,W,277,E,,,1,Cerah,Sunny,https://api-apps.bmkg.go.id/storage/icon/cuaca/cerah-am.svg,2026-09-21T07:00:00Z
73,73.71,73.71.08,73.71.08.1010,73.71.08.1010,Sulawesi Selatan,Kota Makassar,Ujung Tanah,Tamalabba,2026-09-19T12:00:00,2026-09-21 10:00:00,2026-09-21 18:00:00,45-46,30,70,0,25,13.6,N,26,S,,,1,Cerah,Sunny,https://api-apps.bmkg.go.id/storage/icon/cuaca/cerah-pm.svg,2026-09-21T10:00:00Z
73,73.71,73.71.08,73.71.08.1010,73.71.08.1010,Sulawesi Selatan,Kota Makassar,Ujung Tanah,Tamalabba,2026-09-19T12:00:00,2026-09-21 13:00:00,2026-09-21 21:00:00,48-49,29,58,0,41,1.7,SE,170,NW,,,1,Cerah,Sunny,https://api-apps.bmkg.go.id/storage/icon/cuaca/cerah-pm.svg,2026-09-21T13:00:00Z
73,73.71,73.71.08,73.71.08.1010,73.71.08.1010,Sulawesi Selatan,Kota Makassar,Ujung Tanah,Tamalabba,2026-09-19T12:00:00,2026-09-21 16:00:00,2026-09-22 00:00:00,51-52,27,68,0,49,6,NW,354,SE,,,1,Cerah,Sunny,https://api-apps.bmkg.go.id/storage/icon/cuaca/cerah-pm.svg,2026-09-21T16:00:00Z
73,73.71,73.71.08,73.71.08.1010,73.71.08.1010,Sulawesi Selatan,Kota Makassar,Ujung Tanah,Tamalabba,2026-09-19T12:00:00,2026-09-21 19:00:00,2026-09-22 03:00:00,54-55,27,66,0,37,8.3,NE,87,SW,,,1,Cerah,Sunny,https://api-apps.bmkg.go.id/storage/icon/cuaca/cerah-pm.svg,2026-09-21T19:00:00Z
73,73.71,73.71.08,73.71.08.1010,73.71.08.1010,Sulawesi Selatan,Kota Makassar,Ujung Tanah,Tamalabba,2026-09-19T12:00:00,2026-09-21 22:00:00,2026-09-22 06:00:00,57-58,27,69,0,3,2.9,N,12,S,,,0,Cerah,Sunny,https://api-apps.bmkg.go.id/storage/icon/cuaca/cerah-am.svg,2026-09-21T22:00:00Z
73,73.71,73.71.08,73.71.08.1011,73.71.08.1011,Sulawesi Selatan,Kota Makassar,Ujung Tanah,Camba Berua,2026-09-19T12:00:00,2026-09-19 16:00:00,2026-09-20 00:00:00,3-4,27,67,0,2,6.1,N,13,S,,,0,Cerah,Sunny,https://api-apps.bmkg.go.id/storage/icon/cuaca/cerah-pm.svg,2026-09-19T16:00:00Z
73,73.71,73.71.08,73.71.08.1011,73.71.08.1011,Sulawesi Selatan,Kota Makassar,Ujung Tanah,Camba Berua,2026-09-19T12:00:00,2026-09-19 19:00:00,2026-09-20 03:00:00,6-7,27,70,0,41,14.6,NE,55,SW,,,1,Cerah,Sunny,https://api-apps.bmkg.go.id/storage/icon/cuaca/cerah-pm.svg,2026-09-19T19:00:00Z
73,73.71,73.71.08,73.71.08.1011,73.71.08.1011,Sulawesi Selatan,Kota Makassar,Ujung Tanah,Camba Berua,2026-09-19T12:00:00,2026-09-19 22:00:00,2026-09-20 06:00:00,9-10,27,65,0,5,6.1,E,96,W,,,0,Cerah,Sunny,https://api-apps.bmkg.go.id/storage/icon/cuaca/cerah-am.svg,2026-09-19T22:00:00Z
73,73.71,73.71.08,73.71.08.1011,73.71.08.1011,Sulawesi Selatan,Kota Makassar,Ujung Tanah,Camba Berua,2026-09-19T12:00:00,2026-09-20 01:00:00,2026-09-20 09:00:00,12-13,30,58,0,18,16.2,SW,264,NE,,,1,Cerah,Sunny,https://api-apps.bmkg.go.id/storage/icon/cuaca/cerah-am.svg,2026-09-20T01:00:00Z
73,73.71,73.71.08,73.71.08.1011,73.71.08.1011,Sulawesi Selatan,Kota Makassar,Ujung Tanah,Camba Berua,2026-09-19T12:00:00,2026-09-20 04:00:00,2026-09-20 12:00:00,15-16,29,64,0,20,18.1,SW,256,NE,,,1,Cerah,Sunny,https://api-apps.bmkg.go.id/storage/icon/cuaca/cerah-am.svg,2026-09-20T04:00:00Z
73,73.71,73.71.08,73.71.08.1011,73.71.08.1011,Sulawesi Selatan,Kota Makassar,Ujung Tanah,Camba Berua,2026-09-19T12:00:00,2026-09-20 07:00:00,2026-09-20 15:00:00,18-19,29,70,0,25,20,SW,260,NE,,,1,Cerah,Sunny,https://api-apps.bmkg.go.id/storage/icon/cuaca/cerah-am.svg,2026-09-20T07:00:00Z
73,73.71,73.71.08,73.71.08.1011,73.71.08.1011,Sulawesi Selatan,Kota Makassar,Ujung Tanah,Camba Berua,2026-09-19T12:00:00,2026-09-20 10:00:00,2026-09-20 18:00:00,21-22,28,80,0,8,2.4,W,312,E,,,0,Cerah,Sunny,https://api-apps.bmkg.go.id/storage/icon/cuaca/cerah-pm.svg,2026-09-20T10:00:00Z
73,73.71,73.71.08,73.71.08.1011,73.71.08.1011,Sulawesi Selatan,Kota Makassar,Ujung Tanah,Camba Berua,2026-09-19T12:00:00,2026-09-20 13:00:00,2026-09-20 21:00:00,24-25,28,68,0,0,10,N,41,S,,,0,Cerah,Sunny,https://api-apps.bmkg.go.id/storage/icon/cuaca/cerah-pm.svg,2026-09-20T13:00:00Z
73,73.71,73.71.08,73.71.08.1011,73.71.08.1011,Sulawesi Selatan,Kota Makassar,Ujung Tanah,Camba Berua,2026-09-19T12:00:00,2026-09-20 16:00:00,2026-09-21 00:00:00,27-28,27,66,0,2,1,N,20,S,,,0,Cerah,Sunny,https://api-apps.bmkg.go.id/storage/icon/cuaca/cerah-pm.svg,2026-09-20T16:00:00Z
73,73.71,73.71.08,73.71.08.1011,73.71.08.1011,Sulawesi Selatan,Kota Makassar,Ujung Tanah,Camba Berua,2026-09-19T12:00:00,2026-09-20 19:00:00,2026-09-21 03:00:00,30-31,27,69,0,9,9.1,NE,48,SW,,,0,Cerah,Sunny,https://api-apps.bmkg.go.id/storage/icon/cuaca/cerah-pm.svg,2026-09-20T19:00:00Z
73,73.71,73.71.08,73.71.08.1011,73.71.08.1011,Sulawesi Selatan,Kota Makassar,Ujung Tanah,Camba Berua,2026-09-19T12:00:00,2026-09-20 22:00:00,2026-09-21 06:00:00,33-34,27,68,0,63,5.5,E,121,W,,,2,Cerah Berawan,Partly Cloudy,https://api-apps.bmkg.go.id/storage/icon/cuaca/cerah berawan-am.svg,2026-09-20T22:00:00Z
73,73.71,73.71.08,73.71.08.1011,73.71.08.1011,Sulawesi Selatan,Kota Makassar,Ujung Tanah,Camba Berua,2026-09-19T12:00:00,2026-09-21 01:00:00,2026-09-21 09:00:00,36-37,29,64,0,47,18.3,SW,243,NE,,,1,Cerah,Sunny,https://api-apps.bmkg.go.id/storage/icon/cuaca/cerah-am.svg,2026-09-21T01:00:00Z
73,73.71,73.71.08,73.71.08.1011,73.71.08.1011,Sulawesi Selatan,Kota Makassar,Ujung Tanah,Camba Berua,2026-09-19T12:00:00,2026-09-21 04:00:00,2026-09-21 12:00:00,39-40,29,70,0,20,20.3,SW,240,NE,,,1,Cerah,Sunny,https://api-apps.bmkg.go.id/storage/icon/cuaca/cerah-am.svg,2026-09-21T04:00:00Z
73,73.71,73.71.08,73.71.08.1011,73.71.08.1011,Sulawesi Selatan,Kota Makassar,Ujung Tanah,Camba Berua,2026-09-19T12:00:00,2026-09-21 07:00:00,2026-09-21 15:00:00,42-43,30,74,0,30,6.3,W,277,E,,,1,Cerah,Sunny,https://api-apps.bmkg.go.id/storage/icon/cuaca/cerah-am.svg,2026-09-21T07:00:00Z
73,73.71,73.71.08,73.71.08.1011,73.71.08.1011,Sulawesi Selatan,Kota Makassar,Ujung Tanah,Camba Berua,2026-09-19T12:00:00,2026-09-21 10:00:00,2026-09-21 18:00:00,45-46,29,73,0,24,13.6,N,26,S,,,1,Cerah,Sunny,https://api-apps.bmkg.go.id/storage/icon/cuaca/cerah-pm.svg,2026-09-21T10:00:00Z
73,73.71,73.71.08,73.71.08.1011,73.71.08.1011,Sulawesi Selatan,Kota Makassar,Ujung Tanah,Camba Berua,2026-09-19T12:00:00,2026-09-21 13:00:00,2026-09-21 21:00:00,48-49,29,57,0,45,1.7,SE,170,NW,,,1,Cerah,Sunny,https://api-apps.bmkg.go.id/storage/icon/cuaca/cerah-pm.svg,2026-09-21T13:00:00Z
73,73.71,73.71.08,73.71.08.1011,73.71.08.1011,Sulawesi Selatan,Kota Makassar,Ujung Tanah,Camba Berua,2026-09-19T12:00:00,2026-09-21 16:00:00,2026-09-22 00:00:00,51-52,28,67,0,50,6,NW,354,SE,,,1,Cerah,Sunny,https://api-apps.bmkg.go.id/storage/icon/cuaca/cerah-pm.svg,2026-09-21T16:00:00Z
73,73.71,73.71.08,73.71.08.1011,73.71.08.1011,Sulawesi Selatan,Kota Makassar,Ujung Tanah,Camba Berua,2026-09-19T12:00:00,2026-09-21 19:00:00,2026-09-22 03:00:00,54-55,27,64,0,37,8.3,NE,87,SW,,,1,Cerah,Sunny,https://api-apps.bmkg.go.id/storage/icon/cuaca/cerah-pm.svg,2026-09-21T19:00:00Z
73,73.71,73.71.08,73.71.08.1011,73.71.08.1011,Sulawesi Selatan,Kota Makassar,Ujung Tanah,Camba Berua,2026-09-19T12:00:00,2026-09-21 22:00:00,2026-09-22 06:00:00,57-58,27,68,0,3,2.9,N,12,S,,,0,Cerah,Sunny,https://api-apps.bmkg.go.id/storage/icon/cuaca/cerah-am.svg,2026-09-21T22:00:00Z
73,73.71,73.71.08,73.71.08.1012,73.71.08.1012,Sulawesi Selatan,Kota Makassar,Ujung Tanah,Patingalloang Baru,2026-09-19T12:00:00,2026-09-19 16:00:00,2026-09-20 00:00:00,3-4,27,67,0,2,6.1,N,13,S,,,0,Cerah,Sunny,https://api-apps.bmkg.go.id/storage/icon/cuaca/cerah-pm.svg,2026-09-19T16:00:00Z
73,73.71,73.71.08,73.71.08.1012,73.71.08.1012,Sulawesi Selatan,Kota Makassar,Ujung Tanah,Patingalloang Baru,2026-09-19T12:00:00,2026-09-19 19:00:00,2026-09-20 03:00:00,6-7,27,69,0,38,14.6,NE,55,SW,,,1,Cerah,Sunny,https://api-apps.bmkg.go.id/storage/icon/cuaca/cerah-pm.svg,2026-09-19T19:00:00Z
73,73.71,73.71.08,73.71.08.1012,73.71.08.1012,Sulawesi Selatan,Kota Makassar,Ujung Tanah,Patingalloang Baru,2026-09-19T12:00:00,2026-09-19 22:00:00,2026-09-20 06:00:00,9-10,27,66,0,5,6.1,E,96,W,,,0,Cerah,Sunny,https://api-apps.bmkg.go.id/storage/icon/cuaca/cerah-am.svg,2026-09-19T22:00:00Z
73,73.71,73.71.08,73.71.08.1012,73.71.08.1012,Sulawesi Selatan,Kota Makassar,Ujung Tanah,Patingalloang Baru,2026-09-19T12:00:00,2026-09-20 01:00:00,2026-09-20 09:00:00,12-13,30,57,0,20,16.2,SW,264,NE,,,1,Cerah,Sunny,https://api-apps.bmkg.go.id/storage/icon/cuaca/cerah-am.svg,2026-09-20T01:00:00Z
73,73.71,73.71.08,73.71.08.1012,73.71.08.1012,Sulawesi Selatan,Kota Makassar,Ujung Tanah,Patingalloang Baru,2026-09-19T12:00:00,2026-09-20 04:00:00,2026-09-20 12:00:00,15-16,30,63,0,21,18.1,SW,256,NE,,,1,Cerah,Sunny,https://api-apps.bmkg.go.id/storage/icon/cuaca/cerah-am.svg,2026-09-20T04:00:00Z
73,73.71,73.71.08,73.71.08.1012,73.71.08.1012,Sulawesi Selatan,Kota Makassar,Ujung Tanah,Patingalloang Baru,2026-09-19T12:00:00,2026-09-20 07:00:00,2026-09-20 15:00:00,18-19,29,69,0,26,20,SW,260,NE,,,1,Cerah,Sunny,https://api-apps.bmkg.go.id/storage/icon/cuaca/cerah-am.svg,2026-09-20T07:00:00Z
73,73.71,73.71.08,73.71.08.1012,73.71.08.1012,Sulawesi Selatan,Kota Makassar,Ujung Tanah,Patingalloang Baru,2026-09-19T12:00:00,2026-09-20 10:00:00,2026-09-20 18:00:00,21-22,28,78,0,9,2.4,W,312,E,,,0,Cerah,Sunny,https://api-apps.bmkg.go.id/storage/icon/cuaca/cerah-pm.svg,2026-09-20T10:00:00Z
73,73.71,73.71.08,73.71.08.1012,73.71.08.1012,Sulawesi Selatan,Kota Makassar,Ujung Tanah,Patingalloang Baru,2026-09-19T12:00:00,2026-09-20 13:00:00,2026-09-20 21:00:00,24-25,28,68,0,0,10,N,41,S,,,0,Cerah,Sunny,https://api-apps.bmkg.go.id/storage/icon/cuaca/cerah-pm.svg,2026-09-20T13:00:00Z
73,73.71,73.71.08,73.71.08.1012,73.71.08.1012,Sulawesi Selatan,Kota Makassar,Ujung Tanah,Patingalloang Baru,2026-09-19T12:00:00,2026-09-20 16:00:00,2026-09-21 00:00:00,27-28,27,69,0,1,1,N,20,S,,,0,Cerah,Sunny,https://api-apps.bmkg.go.id/storage/icon/cuaca/cerah-pm.svg,2026-09-20T16:00:00Z
73,73.71,73.71.08,73.71.08.1012,73.71.08.1012,Sulawesi Selatan,Kota Makassar,Ujung Tanah,Patingalloang Baru,2026-09-19T12:00:00,2026-09-20 19:00:00,2026-09-21 03:00:00,30-31,27,70,0,8,9.1,NE,48,SW,,,0,Cerah,Sunny,https://api-apps.bmkg.go.id/storage/icon/cuaca/cerah-pm.svg,2026-09-20T19:00:00Z
73,73.71,73.71.08,73.71.08.1012,73.71.08.1012,Sulawesi Selatan,Kota Makassar,Ujung Tanah,Patingalloang Baru,2026-09-19T12:00:00,2026-09-20 22:00:00,2026-09-21 06:00:00,33-34,27,69,0,59,5.5,E,121,W,,,1,Cerah,Sunny,https://api-apps.bmkg.go.id/storage/icon/cuaca/cerah-am.svg,2026-09-20T22:00:00Z
73,73.71,73.71.08,73.71.08.1012,73.71.08.1012,Sulawesi Selatan,Kota Makassar,Ujung Tanah,Patingalloang Baru,2026-09-19T12:00:00,2026-09-21 01:00:00,2026-09-21 09:00:00,36-37,30,64,0,39,18.3,SW,243,NE,,,1,Cerah,Sunny,https://api-apps.bmkg.go.id/storage/icon/cuaca/cerah-am.svg,2026-09-21T01:00:00Z
73,73.71,73.71.08,73.71.08.1012,73.71.08.1012,Sulawesi Selatan,Kota Makassar,Ujung Tanah,Patingalloang Baru,2026-09-19T12:00:00,2026-09-21 04:00:00,2026-09-21 12:00:00,39-40,30,68,0,21,20.3,SW,240,NE,,,1,Cerah,Sunny,https://api-apps.bmkg.go.id/storage/icon/cuaca/cerah-am.svg,2026-09-21T04:00:00Z
73,73.71,73.71.08,73.71.08.1012,73.71.08.1012,Sulawesi Selatan,Kota Makassar,Ujung Tanah,Patingalloang Baru,2026-09-19T12:00:00,2026-09-21 07:00:00,2026-09-21 15:00:00,42-43,30,69,0,32,6.3,W,277,E,,,1,Cerah,Sunny,https://api-apps.bmkg.go.id/storage/icon/cuaca/cerah-am.svg,2026-09-21T07:00:00Z
73,73.71,73.71.08,73.71.08.1012,73.71.08.1012,Sulawesi Selatan,Kota Makassar,Ujung Tanah,Patingalloang Baru,2026-09-19T12:00:00,2026-09-21 10:00:00,2026-09-21 18:00:00,45-46,30,70,0,25,13.6,N,26,S,,,1,Cerah,Sunny,https://api-apps.bmkg.go.id/storage/icon/cuaca/cerah-pm.svg,2026-09-21T10:00:00Z
73,73.71,73.71.08,73.71.08.1012,73.71.08.1012,Sulawesi Selatan,Kota Makassar,Ujung Tanah,Patingalloang Baru,2026-09-19T12:00:00,2026-09-21 13:00:00,2026-09-21 21:00:00,48-49,29,58,0,41,1.7,SE,170,NW,,,1,Cerah,Sunny,https://api-apps.bmkg.go.id/storage/icon/cuaca/cerah-pm.svg,2026-09-21T13:00:00Z
73,73.71,73.71.08,73.71.08.1012,73.71.08.1012,Sulawesi Selatan,Kota Makassar,Ujung Tanah,Patingalloang Baru,2026-09-19T12:00:00,2026-09-21 16:00:00,2026-09-22 00:00:00,51-52,27,68,0,49,6,NW,354,SE,,,1,Cerah,Sunny,https://api-apps.bmkg.go.id/storage/icon/cuaca/cerah-pm.svg,2026-09-21T16:00:00Z
73,73.71,73.71.08,73.71.08.1012,73.71.08.1012,Sulawesi Selatan,Kota Makassar,Ujung Tanah,Patingalloang Baru,2026-09-19T12:00:00,2026-09-21 19:00:00,2026-09-22 03:00:00,54-55,27,66,0,37,8.3,NE,87,SW,,,1,Cerah,Sunny,https://api-apps.bmkg.go.id/storage/icon/cuaca/cerah-pm.svg,2026-09-21T19:00:00Z
73,73.71,73.71.08,73.71.08.1012,73.71.08.1012,Sulawesi Selatan,Kota Makassar,Ujung Tanah,Patingalloang Baru,2026-09-19T12:00:00,2026-09-21 22:00:00,2026-09-22 06:00:00,57-58,27,69,0,3,2.9,N,12,S,,,0,Cerah,Sunny,https://api-apps.bmkg.go.id/storage/icon/cuaca/cerah-am.svg,2026-09-21T22:00:00Z
73,73.71,73.71.09,73.71.09.1001,73.71.09.1001,Sulawesi Selatan,Kota Makassar,Panakkukang,Karuwisi,2026-09-19T12:00:00,2026-09-19 16:00:00,2026-09-20 00:00:00,3-4,27,67,0,2,6.7,NW,326,SE,,,0,Cerah,Sunny,https://api-apps.bmkg.go.id/storage/icon/cuaca/cerah-pm.svg,2026-09-19T16:00:00Z
73,73.71,73.71.09,73.71.09.1001,73.71.09.1001,Sulawesi Selatan,Kota Makassar,Panakkukang,Karuwisi,2026-09-19T12:00:00,2026-09-19 19:00:00,2026-09-20 03:00:00,6-7,27,68,0,35,4.1,NE,75,SW,,,1,Cerah,Sunny,https://api-apps.bmkg.go.id/storage/icon/cuaca/cerah-pm.svg,2026-09-19T19:00:00Z
73,73.71,73.71.09,73.71.09.1001,73.71.09.1001,Sulawesi Selatan,Kota Makassar,Panakkukang,Karuwisi,2026-09-19T12:00:00,2026-09-19 22:00:00,2026-09-20 06:00:00,9-10,27,66,0,5,2.3,SW,261,NE,,,0,Cerah,Sunny,https://api-apps.bmkg.go.id/storage/icon/cuaca/cerah-am.svg,2026-09-19T22:00:00Z
73,73.71,73.71.09,73.71.09.1001,73.71.09.1001,Sulawesi Selatan,Kota Makassar,Panakkukang,Karuwisi,2026-09-19T12:00:00,2026-09-20 01:00:00,2026-09-20 09:00:00,12-13,30,56,0,22,15.2,SW,249,NE,,,1,Cerah,Sunny,https://api-apps.bmkg.go.id/storage/icon/cuaca/cerah-am.svg,2026-09-20T01:00:00Z
73,73.71,73.71.09,73.71.09.1001,73.71.09.1001,Sulawesi Selatan,Kota Makassar,Panakkukang,Karuwisi,2026-09-19T12:00:00,2026-09-20 04:00:00,2026-09-20 12:00:00,15-16,30,62,0,22,15.7,SW,256,NE,,,1,Cerah,Sunny,https://api-apps.bmkg.go.id/storage/icon/cuaca/cerah-am.svg,2026-09-20T04:00:00Z
73,73.71,73.71.09,73.71.09.1001,73.71.09.1001,Sulawesi Selatan,Kota Makassar,Panakkukang,Karuwisi,2026-09-19T12:00:00,2026-09-20 07:00:00,2026-09-20 15:00:00,18-19,29,68,0,28,13.3,SW,269,NE,,,1,Cerah,Sunny,https://api-apps.bmkg.go.id/storage/icon/cuaca/cerah-am.svg,2026-09-20T07:00:00Z
73,73.71,73.71.09,73.71.09.1001,73.71.09.1001,Sulawesi Selatan,Kota Makassar,Panakkukang,Karuwisi,2026-09-19T12:00:00,2026-09-20 10:00:00,2026-09-20 18:00:00,21-22,28,77,0,10,6.3,NE,67,SW,,,0,Cerah,Sunny,https://api-apps.bmkg.go.id/storage/icon/cuaca/cerah-pm.svg,2026-09-20T10:00:00Z
73,73.71,73.71.09,73.71.09.1001,73.71.09.1001,Sulawesi Selatan,Kota Makassar,Panakkukang,Karuwisi,2026-09-19T12:00:00,2026-09-20 13:00:00,2026-09-20 21:00:00,24-25,28,69,0,0,4.3,S,193,N,,,0,Cerah,Sunny,https://api-apps.bmkg.go.id/storage/icon/cuaca/cerah-pm.svg,2026-09-20T13:00:00Z
73,73.71,73.71.09,73.71.09.1001,73.71.09.1001,Sulawesi Selatan,Kota Makassar,Panakkukang,Karuwisi,2026-09-19T12:00:00,2026-09-20 16:00:00,2026-09-21 00:00:00,27-28,27,72,0,1,6,SW,232,NE,,,0,Cerah,Sunny,https://api-apps.bmkg.go.id/storage/icon/cuaca/cerah-pm.svg,2026-09-20T16:00:00Z
73,73.71,73.71.09,73.71.09.1001,73.71.09.1001,Sulawesi Selatan,Kota Makassar,Panakkukang,Karuwisi,2026-09-19T12:00:00,2026-09-20 19:00:00,2026-09-21 03:00:00,30-31,27,72,0,8,3.4,NE,66,SW,,,0,Cerah,Sunny,https://api-apps.bmkg.go.id/storage/icon/cuaca/cerah-pm.svg,2026-09-20T19:00:00Z
73,73.71,73.71.09,73.71.09.1001,73.71.09.1001,Sulawesi Selatan,Kota Makassar,Panakkukang,Karuwisi,2026-09-19T12:00:00,2026-09-20 22:00:00,2026-09-21 06:00:00,33-34,27,70,0,56,4.9,S,192,N,,,1,Cerah,Sunny,https://api-apps.bmkg.go.id/storage/icon/cuaca/cerah-am.svg,2026-09-20T22:00:00Z
73,73.71,73.71.09,73.71.09.1001,73.71.09.1001,Sulawesi Selatan,Kota Makassar,Panakkukang,Karuwisi,2026-09-19T12:00:00,2026-09-21 01:00:00,2026-09-21 09:00:00,36-37,30,63,0,31,12.6,SW,236,NE,,,1,Cerah,Sunny,https://api-apps.bmkg.go.id/storage/icon/cuaca/cerah-am.svg,2026-09-21T01:00:00Z
73,73.71,73.71.09,73.71.09.1001,73.71.09.1001,Sulawesi Selatan,Kota Makassar,Panakkukang,Karuwisi,2026-09-19T12:00:00,2026-09-21 04:00:00,2026-09-21 12:00:00,39-40,30,66,0,22,16.2,SW,245,NE,,,1,Cerah,Sunny,https://api-apps.bmkg.go.id/storage/icon/cuaca/cerah-am.svg,2026-09-21T04:00:00Z
73,73.71,73.71.09,73.71.09.1001,73.71.09.1001,Sulawesi Selatan,Kota Makassar,Panakkukang,Karuwisi,2026-09-19T12:00:00,2026-09-21 07:00:00,2026-09-21 15:00:00,42-43,31,64,0,35,5,SW,252,NE,,,1,Cerah,Sunny,https://api-apps.bmkg.go.id/storage/icon/cuaca/cerah-am.svg,2026-09-21T07:00:00Z
73,73.71,73.71.09,73.71.09.1001,73.71.09.1001,Sulawesi Selatan,Kota Makassar,Panakkukang,Karuwisi,2026-09-19T12:00:00,2026-09-21 10:00:00,2026-09-21 18:00:00,45-46,30,67,0,26,4.1,N,2,S,,,1,Cerah,Sunny,https://api-apps.bmkg.go.id/storage/icon/cuaca/cerah-pm.svg,2026-09-21T10:00:00Z
73,73.71,73.71.09,73.71.09.1001,73.71.09.1001,Sulawesi Selatan,Kota Makassar,Panakkukang,Karuwisi,2026-09-19T12:00:00,2026-09-21 13:00:00,2026-09-21 21:00:00,48-49,29,60,0,37,9.6,S,217,N,,,1,Cerah,Sunny,https://api-apps.bmkg.go.id/storage/icon/cuaca/cerah-pm.svg,2026-09-21T13:00:00Z
73,73.71,73.71.09,73.71.09.1001,73.71.09.1001,Sulawesi Selatan,Kota Makassar,Panakkukang,Karuwisi,2026-09-19T12:00:00,2026-09-21 16:00:00,2026-09-22 00:00:00,51-52,27,69,0,48,6.4,W,294,E,,,1,Cerah,Sunny,https://api-apps.bmkg.go.id/storage/icon/cuaca/cerah-pm.svg,2026-09-21T16:00:00Z
73,73.71,73.71.09,73.71.09.1001,73.71.09.1001,Sulawesi Selatan,Kota Makassar,Panakkukang,Karuwisi,2026-09-19T12:00:00,2026-09-21 19:00:00,2026-09-22 03:00:00,54-55,27,69,0,36,7.7,SE,178,NW,,,1,Cerah,Sunny,https://api-apps.bmkg.go.id/storage/icon/cuaca/cerah-pm.svg,2026-09-21T19:00:00Z
73,73.71,73.71.09,73.71.09.1001,73.71.09.1001,Sulawesi Selatan,Kota Makassar,Panakkukang,Karuwisi,2026-09-19T12:00:00,2026-09-21 22:00:00,2026-09-22 06:00:00,57-58,27,70,0,2,6,W,296,E,,,0,Cerah,Sunny,https://api-apps.bmkg.go.id/storage/icon/cuaca/cerah-am.svg,2026-09-21T22:00:00Z
73,73.71,73.71.09,73.71.09.1002,73.71.09.1002,Sulawesi Selatan,Kota Makassar,Panakkukang,Panaikang,2026-09-19T12:00:00,2026-09-19 16:00:00,2026-09-20 00:00:00,3-4,27,63,0,3,7.1,N,29,S,,,0,Cerah,Sunny,https://api-apps.bmkg.go.id/storage/icon/cuaca/cerah-pm.svg,2026-09-19T16:00:00Z
73,73.71,73.71.09,73.71.09.1002,73.71.09.1002,Sulawesi Selatan,Kota Makassar,Panakkukang,Panaikang,2026-09-19T12:00:00,2026-09-19 19:00:00,2026-09-20 03:00:00,6-7,26,69,0,40,8.8,NE,84,SW,,,1,Cerah,Sunny,https://api-apps.bmkg.go.id/storage/icon/cuaca/cerah-pm.svg,2026-09-19T19:00:00Z
73,73.71,73.71.09,73.71.09.1002,73.71.09.1002,Sulawesi Selatan,Kota Makassar,Panakkukang,Panaikang,2026-09-19T12:00:00,2026-09-19 22:00:00,2026-09-20 06:00:00,9-10,27,65,0,5,5.5,E,119,W,,,0,Cerah,Sunny,https://api-apps.bmkg.go.id/storage/icon/cuaca/cerah-am.svg,2026-09-19T22:00:00Z
73,73.71,73.71.09,73.71.09.1002,73.71.09.1002,Sulawesi Selatan,Kota Makassar,Panakkukang,Panaikang,2026-09-19T12:00:00,2026-09-20 01:00:00,2026-09-20 09:00:00,12-13,31,52,0,22,9,W,284,E,,,1,Cerah,Sunny,https://api-apps.bmkg.go.id/storage/icon/cuaca/cerah-am.svg,2026-09-20T01:00:00Z
73,73.71,73.71.09,73.71.09.1002,73.71.09.1002,Sulawesi Selatan,Kota Makassar,Panakkukang,Panaikang,2026-09-19T12:00:00,2026-09-20 04:00:00,2026-09-20 12:00:00,15-16,30,58,0,25,14.3,W,271,E,,,1,Cerah,Sunny,https://api-apps.bmkg.go.id/storage/icon/cuaca/cerah-am.svg,2026-09-20T04:00:00Z
73,73.71,73.71.09,73.71.09.1002,73.71.09.1002,Sulawesi Selatan,Kota Makassar,Panakkukang,Panaikang,2026-09-19T12:00:00,2026-09-20 07:00:00,2026-09-20 15:00:00,18-19,30,64,0,31,13.1,SW,268,NE,,,1,Cerah,Sunny,https://api-apps.bmkg.go.id/storage/icon/cuaca/cerah-am.svg,2026-09-20T07:00:00Z
73,73.71,73.71.09,73.71.09.1002,73.71.09.1002,Sulawesi Selatan,Kota Makassar,Panakkukang,Panaikang,2026-09-19T12:00:00,2026-09-20 10:00:00,2026-09-20 18:00:00,21-22,28,76,0,11,2.1,NW,344,SE,,,1,Cerah,Sunny,https://api-apps.bmkg.go.id/storage/icon/cuaca/cerah-pm.svg,2026-09-20T10:00:00Z
73,73.71,73.71.09,73.71.09.1002,73.71.09.1002,Sulawesi Selatan,Kota Makassar,Panakkukang,Panaikang,2026-09-19T12:00:00,2026-09-20 13:00:00,2026-09-20 21:00:00,24-25,28,68,0,0,6.1,N,43,S,,,0,Cerah,Sunny,https://api-apps.bmkg.go.id/storage/icon/cuaca/cerah-pm.svg,2026-09-20T13:00:00Z
73,73.71,73.71.09,73.71.09.1002,73.71.09.1002,Sulawesi Selatan,Kota Makassar,Panakkukang,Panaikang,2026-09-19T12:00:00,2026-09-20 16:00:00,2026-09-21 00:00:00,27-28,27,69,0,1,4.3,N,38,S,,,0,Cerah,Sunny,https://api-apps.bmkg.go.id/storage/icon/cuaca/cerah-pm.svg,2026-09-20T16:00:00Z
73,73.71,73.71.09,73.71.09.1002,73.71.09.1002,Sulawesi Selatan,Kota Makassar,Panakkukang,Panaikang,2026-09-19T12:00:00,2026-09-20 19:00:00,2026-09-21 03:00:00,30-31,26,70,0,9,4.3,NE,76,SW,,,0,Cerah,Sunny,https://api-apps.bmkg.go.id/storage/icon/cuaca/cerah-pm.svg,2026-09-20T19:00:00Z
73,73.71,73.71.09,73.71.09.1002,73.71.09.1002,Sulawesi Selatan,Kota Makassar,Panakkukang,Panaikang,2026-09-19T12:00:00,2026-09-20 22:00:00,2026-09-21 06:00:00,33-34,27,68,0,53,4.6,SE,144,NW,,,1,Cerah,Sunny,https://api-apps.bmkg.go.id/storage/icon/cuaca/cerah-am.svg,2026-09-20T22:00:00Z
73,73.71,73.71.09,73.71.09.1002,73.71.09.1002,Sulawesi Selatan,Kota Makassar,Panakkukang,Panaikang,2026-09-19T12:00:00,2026-09-21 01:00:00,2026-09-21 09:00:00,36-37,31,58,0,36,11.5,SW,254,NE,,,1,Cerah,Sunny,https://api-apps.bmkg.go.id/storage/icon/cuaca/cerah-am.svg,2026-09-21T01:00:00Z
73,73.71,73.71.09,73.71.09.1002,73.71.09.1002,Sulawesi Selatan,Kota Makassar,Panakkukang,Panaikang,2026-09-19T12:00:00,2026-09-21 04:00:00,2026-09-21 12:00:00,39-40,31,62,0.1,26,17.9,SW,253,NE,,,1,Cerah,Sunny,https://api-apps.bmkg.go.id/storage/icon/cuaca/cerah-am.svg,2026-09-21T04:00:00Z
73,73.71,73.71.09,73.71.09.1002,73.71.09.1002,Sulawesi Selatan,Kota Makassar,Panakkukang,Panaikang,2026-09-19T12:00:00,2026-09-21 07:00:00,2026-09-21 15:00:00,42-43,31,63,0,37,9,W,306,E,,,1,Cerah,Sunny,https://api-apps.bmkg.go.id/storage/icon/cuaca/cerah-am.svg,2026-09-21T07:00:00Z
73,73.71,73.71.09,73.71.09.1002,73.71.09.1002,Sulawesi Selatan,Kota Makassar,Panakkukang,Panaikang,2026-09-19T12:00:00,2026-09-21 10:00:00,2026-09-21 18:00:00,45-46,30,67,0,27,9.3,N,33,S,,,1,Cerah,Sunny,https://api-apps.bmkg.go.id/storage/icon/cuaca/cerah-pm.svg,2026-09-21T10:00:00Z
73,73.71,73.71.09,73.71.09.1002,73.71.09.1002,Sulawesi Selatan,Kota Makassar,Panakkukang,Panaikang,2026-09-19T12:00:00,2026-09-21 13:00:00,2026-09-21 21:00:00,48-49,29,57,0,44,3.6,N,28,S,,,1,Cerah,Sunny,https://api-apps.bmkg.go.id/storage/icon/cuaca/cerah-pm.svg,2026-09-21T13:00:00Z
73,73.71,73.71.09,73.71.09.1002,73.71.09.1002,Sulawesi Selatan,Kota Makassar,Panakkukang,Panaikang,2026-09-19T12:00:00,2026-09-21 16:00:00,2026-09-22 00:00:00,51-52,27,65,0,48,6.2,N,18,S,,,1,Cerah,Sunny,https://api-apps.bmkg.go.id/storage/icon/cuaca/cerah-pm.svg,2026-09-21T16:00:00Z
73,73.71,73.71.09,73.71.09.1002,73.71.09.1002,Sulawesi Selatan,Kota Makassar,Panakkukang,Panaikang,2026-09-19T12:00:00,2026-09-21 19:00:00,2026-09-22 03:00:00,54-55,26,67,0,38,5.8,E,102,W,,,1,Cerah,Sunny,https://api-apps.bmkg.go.id/storage/icon/cuaca/cerah-pm.svg,2026-09-21T19:00:00Z
73,73.71,73.71.09,73.71.09.1002,73.71.09.1002,Sulawesi Selatan,Kota Makassar,Panakkukang,Panaikang,2026-09-19T12:00:00,2026-09-21 22:00:00,2026-09-22 06:00:00,57-58,27,69,0,2,0.8,E,102,W,,,0,Cerah,Sunny,https://api-apps.bmkg.go.id/storage/icon/cuaca/cerah-am.svg,2026-09-21T22:00:00Z
73,73.71,73.71.09,73.71.09.1003,73.71.09.1003,Sulawesi Selatan,Kota Makassar,Panakkukang,Tello Baru,2026-09-19T12:00:00,2026-09-19 15:00:00,2026-09-19 23:00:00,2-3,27,60,0,39,3.8,W,314,E,,,1,Cerah,Sunny,https://api-apps.bmkg.go.id/storage/icon/cuaca/cerah-pm.svg,2026-09-19T15:00:00Z
73,73.71,73.71.09,73.71.09.1003,73.71.09.1003,Sulawesi Selatan,Kota Makassar,Panakkukang,Tello Baru,2026-09-19T12:00:00,2026-09-19 18:00:00,2026-09-20 02:00:00,5-6,26,64,0,14,7.9,NW,342,SE,,,1,Cerah,Sunny,https://api-apps.bmkg.go.id/storage/icon/cuaca/cerah-pm.svg,2026-09-19T18:00:00Z
73,73.71,73.71.09,73.71.09.1003,73.71.09.1003,Sulawesi Selatan,Kota Makassar,Panakkukang,Tello Baru,2026-09-19T12:00:00,2026-09-19 21:00:00,2026-09-20 05:00:00,8-9,25,71,0,4,4,SE,156,NW,,,0,Cerah,Sunny,https://api-apps.bmkg.go.id/storage/icon/cuaca/cerah-pm.svg,2026-09-19T21:00:00Z
73,73.71,73.71.09,73.71.09.1003,73.71.09.1003,Sulawesi Selatan,Kota Makassar,Panakkukang,Tello Baru,2026-09-19T12:00:00,2026-09-20 00:00:00,2026-09-20 08:00:00,11-12,31,49,0,24,2.9,SW,258,NE,,,1,Cerah,Sunny,https://api-apps.bmkg.go.id/storage/icon/cuaca/cerah-am.svg,2026-09-20T00:00:00Z
73,73.71,73.71.09,73.71.09.1003,73.71.09.1003,Sulawesi Selatan,Kota Makassar,Panakkukang,Tello Baru,2026-09-19T12:00:00,2026-09-20 03:00:00,2026-09-20 11:00:00,14-15,32,54,0,26,10.6,SW,242,NE,,,1,Cerah,Sunny,https://api-apps.bmkg.go.id/storage/icon/cuaca/cerah-am.svg,2026-09-20T03:00:00Z
73,73.71,73.71.09,73.71.09.1003,73.71.09.1003,Sulawesi Selatan,Kota Makassar,Panakkukang,Tello Baru,2026-09-19T12:00:00,2026-09-20 06:00:00,2026-09-20 14:00:00,17-18,31,55,0,40,13.7,SW,259,NE,,,1,Cerah,Sunny,https://api-apps.bmkg.go.id/storage/icon/cuaca/cerah-am.svg,2026-09-20T06:00:00Z
73,73.71,73.71.09,73.71.09.1003,73.71.09.1003,Sulawesi Selatan,Kota Makassar,Panakkukang,Tello Baru,2026-09-19T12:00:00,2026-09-20 09:00:00,2026-09-20 17:00:00,20-21,29,70,0,30,8.5,W,286,E,,,1,Cerah,Sunny,https://api-apps.bmkg.go.id/storage/icon/cuaca/cerah-am.svg,2026-09-20T09:00:00Z
73,73.71,73.71.09,73.71.09.1003,73.71.09.1003,Sulawesi Selatan,Kota Makassar,Panakkukang,Tello Baru,2026-09-19T12:00:00,2026-09-20 12:00:00,2026-09-20 20:00:00,23-24,28,71,0,0,4.6,NE,62,SW,,,0,Cerah,Sunny,https://api-apps.bmkg.go.id/storage/icon/cuaca/cerah-pm.svg,2026-09-20T12:00:00Z
73,73.71,73.71.09,73.71.09.1003,73.71.09.1003,Sulawesi Selatan,Kota Makassar,Panakkukang,Tello Baru,2026-09-19T12:00:00,2026-09-20 15:00:00,2026-09-20 23:00:00,26-27,27,69,0,0,2.9,SW,257,NE,,,0,Cerah,Sunny,https://api-apps.bmkg.go.id/storage/icon/cuaca/cerah-pm.svg,2026-09-20T15:00:00Z
73,73.71,73.71.09,73.71.09.1003,73.71.09.1003,Sulawesi Selatan,Kota Makassar,Panakkukang,Tello Baru,2026-09-19T12:00:00,2026-09-20 18:00:00,2026-09-21 02:00:00,29-30,26,71,0,0,3.4,N,8,S,,,0,Cerah,Sunny,https://api-apps.bmkg.go.id/storage/icon/cuaca/cerah-pm.svg,2026-09-20T18:00:00Z
73,73.71,73.71.09,73.71.09.1003,73.71.09.1003,Sulawesi Selatan,Kota Makassar,Panakkukang,Tello Baru,2026-09-19T12:00:00,2026-09-20 21:00:00,2026-09-21 05:00:00,32-33,25,76,0,66,1.2,E,122,W,,,2,Cerah Berawan,Partly Cloudy,https://api-apps.bmkg.go.id/storage/icon/cuaca/cerah berawan-pm.svg,2026-09-20T21:00:00Z
73,73.71,73.71.09,73.71.09.1003,73.71.09.1003,Sulawesi Selatan,Kota Makassar,Panakkukang,Tello Baru,2026-09-19T12:00:00,2026-09-21 00:00:00,2026-09-21 08:00:00,35-36,30,56,0,20,4.7,S,216,N,,,1,Cerah,Sunny,https://api-apps.bmkg.go.id/storage/icon/cuaca/cerah-am.svg,2026-09-21T00:00:00Z
73,73.71,73.71.09,73.71.09.1003,73.71.09.1003,Sulawesi Selatan,Kota Makassar,Panakkukang,Tello Baru,2026-09-19T12:00:00,2026-09-21 03:00:00,2026-09-21 11:00:00,38-39,32,57,0.1,19,9.2,SW,235,NE,,,1,Cerah,Sunny,https://api-apps.bmkg.go.id/storage/icon/cuaca/cerah-am.svg,2026-09-21T03:00:00Z
73,73.71,73.71.09,73.71.09.1003,73.71.09.1003,Sulawesi Selatan,Kota Makassar,Panakkukang,Tello Baru,2026-09-19T12:00:00,2026-09-21 06:00:00,2026-09-21 14:00:00,41-42,32,54,0,45,15.9,SW,270,NE,,,1,Cerah,Sunny,https://api-apps.bmkg.go.id/storage/icon/cuaca/cerah-am.svg,2026-09-21T06:00:00Z
73,73.71,73.71.09,73.71.09.1003,73.71.09.1003,Sulawesi Selatan,Kota Makassar,Panakkukang,Tello Baru,2026-09-19T12:00:00,2026-09-21 09:00:00,2026-09-21 17:00:00,44-45,31,60,0,29,10.9,NW,324,SE,,,1,Cerah,Sunny,https://api-apps.bmkg.go.id/storage/icon/cuaca/cerah-am.svg,2026-09-21T09:00:00Z
73,73.71,73.71.09,73.71.09.1003,73.71.09.1003,Sulawesi Selatan,Kota Makassar,Panakkukang,Tello Baru,2026-09-19T12:00:00,2026-09-21 12:00:00,2026-09-21 20:00:00,47-48,29,55,0,2,4.3,NW,323,SE,,,0,Cerah,Sunny,https://api-apps.bmkg.go.id/storage/icon/cuaca/cerah-pm.svg,2026-09-21T12:00:00Z
73,73.71,73.71.09,73.71.09.1003,73.71.09.1003,Sulawesi Selatan,Kota Makassar,Panakkukang,Tello Baru,2026-09-19T12:00:00,2026-09-21 15:00:00,2026-09-21 23:00:00,50-51,27,62,0,84,5,NW,329,SE,,,2,Cerah Berawan,Partly Cloudy,https://api-apps.bmkg.go.id/storage/icon/cuaca/cerah berawan-pm.svg,2026-09-21T15:00:00Z
73,73.71,73.71.09,73.71.09.1004,73.71.09.1004,Sulawesi Selatan,Kota Makassar,Panakkukang,Pampang,2026-09-19T12:00:00,2026-09-19 16:00:00,2026-09-20 00:00:00,3-4,27,63,0,3,7.1,N,29,S,,,0,Cerah,Sunny,https://api-apps.bmkg.go.id/storage/icon/cuaca/cerah-pm.svg,2026-09-19T16:00:00Z
73,73.71,73.71.09,73.71.09.1004,73.71.09.1004,Sulawesi Selatan,Kota Makassar,Panakkukang,Pampang,2026-09-19T12:00:00,2026-09-19 19:00:00,2026-09-20 03:00:00,6-7,26,69,0,40,8.8,NE,84,SW,,,1,Cerah,Sunny,https://api-apps.bmkg.go.id/storage/icon/cuaca/cerah-pm.svg,2026-09-19T19:00:00Z
73,73.71,73.71.09,73.71.09.1004,73.71.09.1004,Sulawesi Selatan,Kota Makassar,Panakkukang,Pampang,2026-09-19T12:00:00,2026-09-19 22:00:00,2026-09-20 06:00:00,9-10,27,65,0,5,5.5,E,119,W,,,0,Cerah,Sunny,https://api-apps.bmkg.go.id/storage/icon/cuaca/cerah-am.svg,2026-09-19T22:00:00Z
73,73.71,73.71.09,73.71.09.1004,73.71.09.1004,Sulawesi Selatan,Kota Makassar,Panakkukang,Pampang,2026-09-19T12:00:00,2026-09-20 01:00:00,2026-09-20 09:00:00,12-13,31,52,0,22,9,W,284,E,,,1,Cerah,Sunny,https://api-apps.bmkg.go.id/storage/icon/cuaca/cerah-am.svg,2026-09-20T01:00:00Z
73,73.71,73.71.09,73.71.09.1004,73.71.09.1004,Sulawesi Selatan,Kota Makassar,Panakkukang,Pampang,2026-09-19T12:00:00,2026-09-20 04:00:00,2026-09-20 12:00:00,15-16,30,58,0,25,14.3,W,271,E,,,1,Cerah,Sunny,https://api-apps.bmkg.go.id/storage/icon/cuaca/cerah-am.svg,2026-09-20T04:00:00Z
73,73.71,73.71.09,73.71.09.1004,73.71.09.1004,Sulawesi Selatan,Kota Makassar,Panakkukang,Pampang,2026-09-19T12:00:00,2026-09-20 07:00:00,2026-09-20 15:00:00,18-19,30,64,0,31,13.1,SW,268,NE,,,1,Cerah,Sunny,https://api-apps.bmkg.go.id/storage/icon/cuaca/cerah-am.svg,2026-09-20T07:00:00Z
73,73.71,73.71.09,73.71.09.1004,73.71.09.1004,Sulawesi Selatan,Kota Makassar,Panakkukang,Pampang,2026-09-19T12:00:00,2026-09-20 10:00:00,2026-09-20 18:00:00,21-22,28,76,0,11,2.1,NW,344,SE,,,1,Cerah,Sunny,https://api-apps.bmkg.go.id/storage/icon/cuaca/cerah-pm.svg,2026-09-20T10:00:00Z
73,73.71,73.71.09,73.71.09.1004,73.71.09.1004,Sulawesi Selatan,Kota Makassar,Panakkukang,Pampang,2026-09-19T12:00:00,2026-09-20 13:00:00,2026-09-20 21:00:00,24-25,28,68,0,0,6.1,N,43,S,,,0,Cerah,Sunny,https://api-apps.bmkg.go.id/storage/icon/cuaca/cerah-pm.svg,2026-09-20T13:00:00Z
73,73.71,73.71.09,73.71.09.1004,73.71.09.1004,Sulawesi Selatan,Kota Makassar,Panakkukang,Pampang,2026-09-19T12:00:00,2026-09-20 16:00:00,2026-09-21 00:00:00,27-28,27,69,0,1,4.3,N,38,S,,,0,Cerah,Sunny,https://api-apps.bmkg.go.id/storage/icon/cuaca/cerah-pm.svg,2026-09-20T16:00:00Z
73,73.71,73.71.09,73.71.09.1004,73.71.09.1004,Sulawesi Selatan,Kota Makassar,Panakkukang,Pampang,2026-09-19T12:00:00,2026-09-20 19:00:00,2026-09-21 03:00:00,30-31,26,70,0,9,4.3,NE,76,SW,,,0,Cerah,Sunny,https://api-apps.bmkg.go.id/storage/icon/cuaca/cerah-pm.svg,2026-09-20T19:00:00Z
73,73.71,73.71.09,73.71.09.1004,73.71.09.1004,Sulawesi Selatan,Kota Makassar,Panakkukang,Pampang,2026-09-19T12:00:00,2026-09-20 22:00:00,2026-09-21 06:00:00,33-34,27,68,0,53,4.6,SE,144,NW,,,1,Cerah,Sunny,https://api-apps.bmkg.go.id/storage/icon/cuaca/cerah-am.svg,2026-09-20T22:00:00Z
73,73.71,73.71.09,73.71.09.1004,73.71.09.1004,Sulawesi Selatan,Kota Makassar,Panakkukang,Pampang,2026-09-19T12:00:00,2026-09-21 01:00:00,2026-09-21 09:00:00,36-37,31,58,0,36,11.5,SW,254,NE,,,1,Cerah,Sunny,https://api-apps.bmkg.go.id/storage/icon/cuaca/cerah-am.svg,2026-09-21T01:00:00Z
73,73.71,73.71.09,73.71.09.1004,73.71.09.1004,Sulawesi Selatan,Kota Makassar,Panakkukang,Pampang,2026-09-19T12:00:00,2026-09-21 04:00:00,2026-09-21 12:00:00,39-40,31,62,0.1,26,17.9,SW,253,NE,,,1,Cerah,Sunny,https://api-apps.bmkg.go.id/storage/icon/cuaca/cerah-am.svg,2026-09-21T04:00:00Z
73,73.71,73.71.09,73.71.09.1004,73.71.09.1004,Sulawesi Selatan,Kota Makassar,Panakkukang,Pampang,2026-09-19T12:00:00,2026-09-21 07:00:00,2026-09-21 15:00:00,42-43,31,63,0,37,9,W,306,E,,,1,Cerah,Sunny,https://api-apps.bmkg.go.id/storage/icon/cuaca/cerah-am.svg,2026-09-21T07:00:00Z
73,73.71,73.71.09,73.71.09.1004,73.71.09.1004,Sulawesi Selatan,Kota Makassar,Panakkukang,Pampang,2026-09-19T12:00:00,2026-09-21 10:00:00,2026-09-21 18:00:00,45-46,30,67,0,27,9.3,N,33,S,,,1,Cerah,Sunny,https://api-apps.bmkg.go.id/storage/icon/cuaca/cerah-pm.svg,2026-09-21T10:00:00Z
73,73.71,73.71.09,73.71.09.1004,73.71.09.1004,Sulawesi Selatan,Kota Makassar,Panakkukang,Pampang,2026-09-19T12:00:00,2026-09-21 13:00:00,2026-09-21 21:00:00,48-49,29,57,0,44,3.6,N,28,S,,,1,Cerah,Sunny,https://api-apps.bmkg.go.id/storage/icon/cuaca/cerah-pm.svg,2026-09-21T13:00:00Z
73,73.71,73.71.09,73.71.09.1004,73.71.09.1004,Sulawesi Selatan,Kota Makassar,Panakkukang,Pampang,2026-09-19T12:00:00,2026-09-21 16:00:00,2026-09-22 00:00:00,51-52,27,65,0,48,6.2,N,18,S,,,1,Cerah,Sunny,https://api-apps.bmkg.go.id/storage/icon/cuaca/cerah-pm.svg,2026-09-21T16:00:00Z
73,73.71,73.71.09,73.71.09.1004,73.71.09.1004,Sulawesi Selatan,Kota Makassar,Panakkukang,Pampang,2026-09-19T12:00:00,2026-09-21 19:00:00,2026-09-22 03:00:00,54-55,26,67,0,38,5.8,E,102,W,,,1,Cerah,Sunny,https://api-apps.bmkg.go.id/storage/icon/cuaca/cerah-pm.svg,2026-09-21T19:00:00Z
73,73.71,73.71.09,73.71.09.1004,73.71.09.1004,Sulawesi Selatan,Kota Makassar,Panakkukang,Pampang,2026-09-19T12:00:00,2026-09-21 22:00:00,2026-09-22 06:00:00,57-58,27,69,0,2,0.8,E,102,W,,,0,Cerah,Sunny,https://api-apps.bmkg.go.id/storage/icon/cuaca/cerah-am.svg,2026-09-21T22:00:00Z
73,73.71,73.71.09,73.71.09.1005,73.71.09.1005,Sulawesi Selatan,Kota Makassar,Panakkukang,Karampuang,2026-09-19T12:00:00,2026-09-19 16:00:00,2026-09-20 00:00:00,3-4,27,63,0,2,7.9,NW,342,SE,,,0,Cerah,Sunny,https://api-apps.bmkg.go.id/storage/icon/cuaca/cerah-pm.svg,2026-09-19T16:00:00Z
73,73.71,73.71.09,73.71.09.1005,73.71.09.1005,Sulawesi Selatan,Kota Makassar,Panakkukang,Karampuang,2026-09-19T12:00:00,2026-09-19 19:00:00,2026-09-20 03:00:00,6-7,26,68,0,37,4,SE,156,NW,,,1,Cerah,Sunny,https://api-apps.bmkg.go.id/storage/icon/cuaca/cerah-pm.svg,2026-09-19T19:00:00Z
73,73.71,73.71.09,73.71.09.1005,73.71.09.1005,Sulawesi Selatan,Kota Makassar,Panakkukang,Karampuang,2026-09-19T12:00:00,2026-09-19 22:00:00,2026-09-20 06:00:00,9-10,27,66,0,5,2.9,SW,258,NE,,,0,Cerah,Sunny,https://api-apps.bmkg.go.id/storage/icon/cuaca/cerah-am.svg,2026-09-19T22:00:00Z
73,73.71,73.71.09,73.71.09.1005,73.71.09.1005,Sulawesi Selatan,Kota Makassar,Panakkukang,Karampuang,2026-09-19T12:00:00,2026-09-20 01:00:00,2026-09-20 09:00:00,12-13,31,51,0,24,10.6,SW,242,NE,,,1,Cerah,Sunny,https://api-apps.bmkg.go.id/storage/icon/cuaca/cerah-am.svg,2026-09-20T01:00:00Z
73,73.71,73.71.09,73.71.09.1005,73.71.09.1005,Sulawesi Selatan,Kota Makassar,Panakkukang,Karampuang,2026-09-19T12:00:00,2026-09-20 04:00:00,2026-09-20 12:00:00,15-16,31,58,0,26,13.7,SW,259,NE,,,1,Cerah,Sunny,https://api-apps.bmkg.go.id/storage/icon/cuaca/cerah-am.svg,2026-09-20T04:00:00Z
73,73.71,73.71.09,73.71.09.1005,73.71.09.1005,Sulawesi Selatan,Kota Makassar,Panakkukang,Karampuang,2026-09-19T12:00:00,2026-09-20 07:00:00,2026-09-20 15:00:00,18-19,30,63,0,33,8.5,W,286,E,,,1,Cerah,Sunny,https://api-apps.bmkg.go.id/storage/icon/cuaca/cerah-am.svg,2026-09-20T07:00:00Z
73,73.71,73.71.09,73.71.09.1005,73.71.09.1005,Sulawesi Selatan,Kota Makassar,Panakkukang,Karampuang,2026-09-19T12:00:00,2026-09-20 10:00:00,2026-09-20 18:00:00,21-22,28,75,0,12,4.6,NE,62,SW,,,1,Cerah,Sunny,https://api-apps.bmkg.go.id/storage/icon/cuaca/cerah-pm.svg,2026-09-20T10:00:00Z
73,73.71,73.71.09,73.71.09.1005,73.71.09.1005,Sulawesi Selatan,Kota Makassar,Panakkukang,Karampuang,2026-09-19T12:00:00,2026-09-20 13:00:00,2026-09-20 21:00:00,24-25,28,68,0,0,2.9,SW,257,NE,,,0,Cerah,Sunny,https://api-apps.bmkg.go.id/storage/icon/cuaca/cerah-pm.svg,2026-09-20T13:00:00Z
73,73.71,73.71.09,73.71.09.1005,73.71.09.1005,Sulawesi Selatan,Kota Makassar,Panakkukang,Karampuang,2026-09-19T12:00:00,2026-09-20 16:00:00,2026-09-21 00:00:00,27-28,27,71,0,1,3.4,N,8,S,,,0,Cerah,Sunny,https://api-apps.bmkg.go.id/storage/icon/cuaca/cerah-pm.svg,2026-09-20T16:00:00Z
73,73.71,73.71.09,73.71.09.1005,73.71.09.1005,Sulawesi Selatan,Kota Makassar,Panakkukang,Karampuang,2026-09-19T12:00:00,2026-09-20 19:00:00,2026-09-21 03:00:00,30-31,26,72,0,8,1.2,E,122,W,,,0,Cerah,Sunny,https://api-apps.bmkg.go.id/storage/icon/cuaca/cerah-pm.svg,2026-09-20T19:00:00Z
73,73.71,73.71.09,73.71.09.1005,73.71.09.1005,Sulawesi Selatan,Kota Makassar,Panakkukang,Karampuang,2026-09-19T12:00:00,2026-09-20 22:00:00,2026-09-21 06:00:00,33-34,27,69,0,50,4.7,S,216,N,,,1,Cerah,Sunny,https://api-apps.bmkg.go.id/storage/icon/cuaca/cerah-am.svg,2026-09-20T22:00:00Z
73,73.71,73.71.09,73.71.09.1005,73.71.09.1005,Sulawesi Selatan,Kota Makassar,Panakkukang,Karampuang,2026-09-19T12:00:00,2026-09-21 01:00:00,2026-09-21 09:00:00,36-37,31,58,0,28,9.2,SW,235,NE,,,1,Cerah,Sunny,https://api-apps.bmkg.go.id/storage/icon/cuaca/cerah-am.svg,2026-09-21T01:00:00Z
73,73.71,73.71.09,73.71.09.1005,73.71.09.1005,Sulawesi Selatan,Kota Makassar,Panakkukang,Karampuang,2026-09-19T12:00:00,2026-09-21 04:00:00,2026-09-21 12:00:00,39-40,31,60,0,27,15.9,SW,270,NE,,,1,Cerah,Sunny,https://api-apps.bmkg.go.id/storage/icon/cuaca/cerah-am.svg,2026-09-21T04:00:00Z
73,73.71,73.71.09,73.71.09.1005,73.71.09.1005,Sulawesi Selatan,Kota Makassar,Panakkukang,Karampuang,2026-09-19T12:00:00,2026-09-21 07:00:00,2026-09-21 15:00:00,42-43,32,59,0,40,10.9,NW,324,SE,,,1,Cerah,Sunny,https://api-apps.bmkg.go.id/storage/icon/cuaca/cerah-am.svg,2026-09-21T07:00:00Z
73,73.71,73.71.09,73.71.09.1005,73.71.09.1005,Sulawesi Selatan,Kota Makassar,Panakkukang,Karampuang,2026-09-19T12:00:00,2026-09-21 10:00:00,2026-09-21 18:00:00,45-46,30,65,0,28,4.3,NW,323,SE,,,1,Cerah,Sunny,https://api-apps.bmkg.go.id/storage/icon/cuaca/cerah-pm.svg,2026-09-21T10:00:00Z
73,73.71,73.71.09,73.71.09.1005,73.71.09.1005,Sulawesi Selatan,Kota Makassar,Panakkukang,Karampuang,2026-09-19T12:00:00,2026-09-21 13:00:00,2026-09-21 21:00:00,48-49,29,59,0,40,5,NW,329,SE,,,1,Cerah,Sunny,https://api-apps.bmkg.go.id/storage/icon/cuaca/cerah-pm.svg,2026-09-21T13:00:00Z
73,73.71,73.71.09,73.71.09.1005,73.71.09.1005,Sulawesi Selatan,Kota Makassar,Panakkukang,Karampuang,2026-09-19T12:00:00,2026-09-21 16:00:00,2026-09-22 00:00:00,51-52,27,66,0,47,4,NW,316,SE,,,1,Cerah,Sunny,https://api-apps.bmkg.go.id/storage/icon/cuaca/cerah-pm.svg,2026-09-21T16:00:00Z
73,73.71,73.71.09,73.71.09.1005,73.71.09.1005,Sulawesi Selatan,Kota Makassar,Panakkukang,Karampuang,2026-09-19T12:00:00,2026-09-21 19:00:00,2026-09-22 03:00:00,54-55,26,69,0,38,3.8,S,184,N,,,1,Cerah,Sunny,https://api-apps.bmkg.go.id/storage/icon/cuaca/cerah-pm.svg,2026-09-21T19:00:00Z
73,73.71,73.71.09,73.71.09.1005,73.71.09.1005,Sulawesi Selatan,Kota Makassar,Panakkukang,Karampuang,2026-09-19T12:00:00,2026-09-21 22:00:00,2026-09-22 06:00:00,57-58,27,69,0,2,3.4,W,297,E,,,0,Cerah,Sunny,https://api-apps.bmkg.go.id/storage/icon/cuaca/cerah-am.svg,2026-09-21T22:00:00Z
73,73.71,73.71.09,73.71.09.1006,73.71.09.1006,Sulawesi Selatan,Kota Makassar,Panakkukang,Tamamaung,2026-09-19T12:00:00,2026-09-19 16:00:00,2026-09-20 00:00:00,3-4,27,63,0,2,7.9,NW,342,SE,,,0,Cerah,Sunny,https://api-apps.bmkg.go.id/storage/icon/cuaca/cerah-pm.svg,2026-09-19T16:00:00Z
73,73.71,73.71.09,73.71.09.1006,73.71.09.1006,Sulawesi Selatan,Kota Makassar,Panakkukang,Tamamaung,2026-09-19T12:00:00,2026-09-19 19:00:00,2026-09-20 03:00:00,6-7,26,68,0,37,4,SE,156,NW,,,1,Cerah,Sunny,https://api-apps.bmkg.go.id/storage/icon/cuaca/cerah-pm.svg,2026-09-19T19:00:00Z
73,73.71,73.71.09,73.71.09.1006,73.71.09.1006,Sulawesi Selatan,Kota Makassar,Panakkukang,Tamamaung,2026-09-19T12:00:00,2026-09-19 22:00:00,2026-09-20 06:00:00,9-10,27,66,0,5,2.9,SW,258,NE,,,0,Cerah,Sunny,https://api-apps.bmkg.go.id/storage/icon/cuaca/cerah-am.svg,2026-09-19T22:00:00Z
73,73.71,73.71.09,73.71.09.1006,73.71.09.1006,Sulawesi Selatan,Kota Makassar,Panakkukang,Tamamaung,2026-09-19T12:00:00,2026-09-20 01:00:00,2026-09-20 09:00:00,12-13,31,51,0,24,10.6,SW,242,NE,,,1,Cerah,Sunny,https://api-apps.bmkg.go.id/storage/icon/cuaca/cerah-am.svg,2026-09-20T01:00:00Z
73,73.71,73.71.09,73.71.09.1006,73.71.09.1006,Sulawesi Selatan,Kota Makassar,Panakkukang,Tamamaung,2026-09-19T12:00:00,2026-09-20 04:00:00,2026-09-20 12:00:00,15-16,31,58,0,26,13.7,SW,259,NE,,,1,Cerah,Sunny,https://api-apps.bmkg.go.id/storage/icon/cuaca/cerah-am.svg,2026-09-20T04:00:00Z
73,73.71,73.71.09,73.71.09.1006,73.71.09.1006,Sulawesi Selatan,Kota Makassar,Panakkukang,Tamamaung,2026-09-19T12:00:00,2026-09-20 07:00:00,2026-09-20 15:00:00,18-19,30,63,0,33,8.5,W,286,E,,,1,Cerah,Sunny,https://api-apps.bmkg.go.id/storage/icon/cuaca/cerah-am.svg,2026-09-20T07:00:00Z
73,73.71,73.71.09,73.71.09.1006,73.71.09.1006,Sulawesi Selatan,Kota Makassar,Panakkukang,Tamamaung,2026-09-19T12:00:00,2026-09-20 10:00:00,2026-09-20 18:00:00,21-22,28,75,0,12,4.6,NE,62,SW,,,1,Cerah,Sunny,https://api-apps.bmkg.go.id/storage/icon/cuaca/cerah-pm.svg,2026-09-20T10:00:00Z
73,73.71,73.71.09,73.71.09.1006,73.71.09.1006,Sulawesi Selatan,Kota Makassar,Panakkukang,Tamamaung,2026-09-19T12:00:00,2026-09-20 13:00:00,2026-09-20 21:00:00,24-25,28,68,0,0,2.9,SW,257,NE,,,0,Cerah,Sunny,https://api-apps.bmkg.go.id/storage/icon/cuaca/cerah-pm.svg,2026-09-20T13:00:00Z
73,73.71,73.71.09,73.71.09.1006,73.71.09.1006,Sulawesi Selatan,Kota Makassar,Panakkukang,Tamamaung,2026-09-19T12:00:00,2026-09-20 16:00:00,2026-09-21 00:00:00,27-28,27,71,0,1,3.4,N,8,S,,,0,Cerah,Sunny,https://api-apps.bmkg.go.id/storage/icon/cuaca/cerah-pm.svg,2026-09-20T16:00:00Z
73,73.71,73.71.09,73.71.09.1006,73.71.09.1006,Sulawesi Selatan,Kota Makassar,Panakkukang,Tamamaung,2026-09-19T12:00:00,2026-09-20 19:00:00,2026-09-21 03:00:00,30-31,26,72,0,8,1.2,E,122,W,,,0,Cerah,Sunny,https://api-apps.bmkg.go.id/storage/icon/cuaca/cerah-pm.svg,2026-09-20T19:00:00Z
73,73.71,73.71.09,73.71.09.1006,73.71.09.1006,Sulawesi Selatan,Kota Makassar,Panakkukang,Tamamaung,2026-09-19T12:00:00,2026-09-20 22:00:00,2026-09-21 06:00:00,33-34,27,69,0,50,4.7,S,216,N,,,1,Cerah,Sunny,https://api-apps.bmkg.go.id/storage/icon/cuaca/cerah-am.svg,2026-09-20T22:00:00Z
73,73.71,73.71.09,73.71.09.1006,73.71.09.1006,Sulawesi Selatan,Kota Makassar,Panakkukang,Tamamaung,2026-09-19T12:00:00,2026-09-21 01:00:00,2026-09-21 09:00:00,36-37,31,58,0,28,9.2,SW,235,NE,,,1,Cerah,Sunny,https://api-apps.bmkg.go.id/storage/icon/cuaca/cerah-am.svg,2026-09-21T01:00:00Z
73,73.71,73.71.09,73.71.09.1006,73.71.09.1006,Sulawesi Selatan,Kota Makassar,Panakkukang,Tamamaung,2026-09-19T12:00:00,2026-09-21 04:00:00,2026-09-21 12:00:00,39-40,31,60,0,27,15.9,SW,270,NE,,,1,Cerah,Sunny,https://api-apps.bmkg.go.id/storage/icon/cuaca/cerah-am.svg,2026-09-21T04:00:00Z
73,73.71,73.71.09,73.71.09.1006,73.71.09.1006,Sulawesi Selatan,Kota Makassar,Panakkukang,Tamamaung,2026-09-19T12:00:00,2026-09-21 07:00:00,2026-09-21 15:00:00,42-43,32,59,0,40,10.9,NW,324,SE,,,1,Cerah,Sunny,https://api-apps.bmkg.go.id/storage/icon/cuaca/cerah-am.svg,2026-09-21T07:00:00Z
73,73.71,73.71.09,73.71.09.1006,73.71.09.1006,Sulawesi Selatan,Kota Makassar,Panakkukang,Tamamaung,2026-09-19T12:00:00,2026-09-21 10:00:00,2026-09-21 18:00:00,45-46,30,65,0,28,4.3,NW,323,SE,,,1,Cerah,Sunny,https://api-apps.bmkg.go.id/storage/icon/cuaca/cerah-pm.svg,2026-09-21T10:00:00Z
73,73.71,73.71.09,73.71.09.1006,73.71.09.1006,Sulawesi Selatan,Kota Makassar,Panakkukang,Tamamaung,2026-09-19T12:00:00,2026-09-21 13:00:00,2026-09-21 21:00:00,48-49,29,59,0,40,5,NW,329,SE,,,1,Cerah,Sunny,https://api-apps.bmkg.go.id/storage/icon/cuaca/cerah-pm.svg,2026-09-21T13:00:00Z
73,73.71,73.71.09,73.71.09.1006,73.71.09.1006,Sulawesi Selatan,Kota Makassar,Panakkukang,Tamamaung,2026-09-19T12:00:00,2026-09-21 16:00:00,2026-09-22 00:00:00,51-52,27,66,0,47,4,NW,316,SE,,,1,Cerah,Sunny,https://api-apps.bmkg.go.id/storage/icon/cuaca/cerah-pm.svg,2026-09-21T16:00:00Z
73,73.71,73.71.09,73.71.09.1006,73.71.09.1006,Sulawesi Selatan,Kota Makassar,Panakkukang,Tamamaung,2026-09-19T12:00:00,2026-09-21 19:00:00,2026-09-22 03:00:00,54-55,26,69,0,38,3.8,S,184,N,,,1,Cerah,Sunny,https://api-apps.bmkg.go.id/storage/icon/cuaca/cerah-pm.svg,2026-09-21T19:00:00Z
73,73.71,73.71.09,73.71.09.1006,73.71.09.1006,Sulawesi Selatan,Kota Makassar,Panakkukang,Tamamaung,2026-09-19T12:00:00,2026-09-21 22:00:00,2026-09-22 06:00:00,57-58,27,69,0,2,3.4,W,297,E,,,0,Cerah,Sunny,https://api-apps.bmkg.go.id/storage/icon/cuaca/cerah-am.svg,2026-09-21T22:00:00Z
73,73.71,73.71.09,73.71.09.1007,73.71.09.1007,Sulawesi Selatan,Kota Makassar,Panakkukang,Masale,2026-09-19T12:00:00,2026-09-19 16:00:00,2026-09-20 00:00:00,3-4,27,63,0,2,7.9,NW,342,SE,,,0,Cerah,Sunny,https://api-apps.bmkg.go.id/storage/icon/cuaca/cerah-pm.svg,2026-09-19T16:00:00Z
73,73.71,73.71.09,73.71.09.1007,73.71.09.1007,Sulawesi Selatan,Kota Makassar,Panakkukang,Masale,2026-09-19T12:00:00,2026-09-19 19:00:00,2026-09-20 03:00:00,6-7,26,68,0,37,4,SE,156,NW,,,1,Cerah,Sunny,https://api-apps.bmkg.go.id/storage/icon/cuaca/cerah-pm.svg,2026-09-19T19:00:00Z
73,73.71,73.71.09,73.71.09.1007,73.71.09.1007,Sulawesi Selatan,Kota Makassar,Panakkukang,Masale,2026-09-19T12:00:00,2026-09-19 22:00:00,2026-09-20 06:00:00,9-10,27,66,0,5,2.9,SW,258,NE,,,0,Cerah,Sunny,https://api-apps.bmkg.go.id/storage/icon/cuaca/cerah-am.svg,2026-09-19T22:00:00Z
73,73.71,73.71.09,73.71.09.1007,73.71.09.1007,Sulawesi Selatan,Kota Makassar,Panakkukang,Masale,2026-09-19T12:00:00,2026-09-20 01:00:00,2026-09-20 09:00:00,12-13,31,51,0,24,10.6,SW,242,NE,,,1,Cerah,Sunny,https://api-apps.bmkg.go.id/storage/icon/cuaca/cerah-am.svg,2026-09-20T01:00:00Z
73,73.71,73.71.09,73.71.09.1007,73.71.09.1007,Sulawesi Selatan,Kota Makassar,Panakkukang,Masale,2026-09-19T12:00:00,2026-09-20 04:00:00,2026-09-20 12:00:00,15-16,31,58,0,26,13.7,SW,259,NE,,,1,Cerah,Sunny,https://api-apps.bmkg.go.id/storage/icon/cuaca/cerah-am.svg,2026-09-20T04:00:00Z
73,73.71,73.71.09,73.71.09.1007,73.71.09.1007,Sulawesi Selatan,Kota Makassar,Panakkukang,Masale,2026-09-19T12:00:00,2026-09-20 07:00:00,2026-09-20 15:00:00,18-19,30,63,0,33,8.5,W,286,E,,,1,Cerah,Sunny,https://api-apps.bmkg.go.id/storage/icon/cuaca/cerah-am.svg,2026-09-20T07:00:00Z
73,73.71,73.71.09,73.71.09.1007,73.71.09.1007,Sulawesi Selatan,Kota Makassar,Panakkukang,Masale,2026-09-19T12:00:00,2026-09-20 10:00:00,2026-09-20 18:00:00,21-22,28,75,0,12,4.6,NE,62,SW,,,1,Cerah,Sunny,https://api-apps.bmkg.go.id/storage/icon/cuaca/cerah-pm.svg,2026-09-20T10:00:00Z
73,73.71,73.71.09,73.71.09.1007,73.71.09.1007,Sulawesi Selatan,Kota Makassar,Panakkukang,Masale,2026-09-19T12:00:00,2026-09-20 13:00:00,2026-09-20 21:00:00,24-25,28,68,0,0,2.9,SW,257,NE,,,0,Cerah,Sunny,https://api-apps.bmkg.go.id/storage/icon/cuaca/cerah-pm.svg,2026-09-20T13:00:00Z
73,73.71,73.71.09,73.71.09.1007,73.71.09.1007,Sulawesi Selatan,Kota Makassar,Panakkukang,Masale,2026-09-19T12:00:00,2026-09-20 16:00:00,2026-09-21 00:00:00,27-28,27,71,0,1,3.4,N,8,S,,,0,Cerah,Sunny,https://api-apps.bmkg.go.id/storage/icon/cuaca/cerah-pm.svg,2026-09-20T16:00:00Z
73,73.71,73.71.09,73.71.09.1007,73.71.09.1007,Sulawesi Selatan,Kota Makassar,Panakkukang,Masale,2026-09-19T12:00:00,2026-09-20 19:00:00,2026-09-21 03:00:00,30-31,26,72,0,8,1.2,E,122,W,,,0,Cerah,Sunny,https://api-apps.bmkg.go.id/storage/icon/cuaca/cerah-pm.svg,2026-09-20T19:00:00Z
73,73.71,73.71.09,73.71.09.1007,73.71.09.1007,Sulawesi Selatan,Kota Makassar,Panakkukang,Masale,2026-09-19T12:00:00,2026-09-20 22:00:00,2026-09-21 06:00:00,33-34,27,69,0,50,4.7,S,216,N,,,1,Cerah,Sunny,https://api-apps.bmkg.go.id/storage/icon/cuaca/cerah-am.svg,2026-09-20T22:00:00Z
73,73.71,73.71.09,73.71.09.1007,73.71.09.1007,Sulawesi Selatan,Kota Makassar,Panakkukang,Masale,2026-09-19T12:00:00,2026-09-21 01:00:00,2026-09-21 09:00:00,36-37,31,58,0,28,9.2,SW,235,NE,,,1,Cerah,Sunny,https://api-apps.bmkg.go.id/storage/icon/cuaca/cerah-am.svg,2026-09-21T01:00:00Z
73,73.71,73.71.09,73.71.09.1007,73.71.09.1007,Sulawesi Selatan,Kota Makassar,Panakkukang,Masale,2026-09-19T12:00:00,2026-09-21 04:00:00,2026-09-21 12:00:00,39-40,31,60,0,27,15.9,SW,270,NE,,,1,Cerah,Sunny,https://api-apps.bmkg.go.id/storage/icon/cuaca/cerah-am.svg,2026-09-21T04:00:00Z
73,73.71,73.71.09,73.71.09.1007,73.71.09.1007,Sulawesi Selatan,Kota Makassar,Panakkukang,Masale,2026-09-19T12:00:00,2026-09-21 07:00:00,2026-09-21 15:00:00,42-43,32,59,0,40,10.9,NW,324,SE,,,1,Cerah,Sunny,https://api-apps.bmkg.go.id/storage/icon/cuaca/cerah-am.svg,2026-09-21T07:00:00Z
73,73.71,73.71.09,73.71.09.1007,73.71.09.1007,Sulawesi Selatan,Kota Makassar,Panakkukang,Masale,2026-09-19T12:00:00,2026-09-21 10:00:00,2026-09-21 18:00:00,45-46,30,65,0,28,4.3,NW,323,SE,,,1,Cerah,Sunny,https://api-apps.bmkg.go.id/storage/icon/cuaca/cerah-pm.svg,2026-09-21T10:00:00Z
73,73.71,73.71.09,73.71.09.1007,73.71.09.1007,Sulawesi Selatan,Kota Makassar,Panakkukang,Masale,2026-09-19T12:00:00,2026-09-21 13:00:00,2026-09-21 21:00:00,48-49,29,59,0,40,5,NW,329,SE,,,1,Cerah,Sunny,https://api-apps.bmkg.go.id/storage/icon/cuaca/cerah-pm.svg,2026-09-21T13:00:00Z
73,73.71,73.71.09,73.71.09.1007,73.71.09.1007,Sulawesi Selatan,Kota Makassar,Panakkukang,Masale,2026-09-19T12:00:00,2026-09-21 16:00:00,2026-09-22 00:00:00,51-52,27,66,0,47,4,NW,316,SE,,,1,Cerah,Sunny,https://api-apps.bmkg.go.id/storage/icon/cuaca/cerah-pm.svg,2026-09-21T16:00:00Z
73,73.71,73.71.09,73.71.09.1007,73.71.09.1007,Sulawesi Selatan,Kota Makassar,Panakkukang,Masale,2026-09-19T12:00:00,2026-09-21 19:00:00,2026-09-22 03:00:00,54-55,26,69,0,38,3.8,S,184,N,,,1,Cerah,Sunny,https://api-apps.bmkg.go.id/storage/icon/cuaca/cerah-pm.svg,2026-09-21T19:00:00Z
73,73.71,73.71.09,73.71.09.1007,73.71.09.1007,Sulawesi Selatan,Kota Makassar,Panakkukang,Masale,2026-09-19T12:00:00,2026-09-21 22:00:00,2026-09-22 06:00:00,57-58,27,69,0,2,3.4,W,297,E,,,0,Cerah,Sunny,https://api-apps.bmkg.go.id/storage/icon/cuaca/cerah-am.svg,2026-09-21T22:00:00Z
73,73.71,73.71.09,73.71.09.1008,73.71.09.1008,Sulawesi Selatan,Kota Makassar,Panakkukang,Pandang,2026-09-19T12:00:00,2026-09-19 16:00:00,2026-09-20 00:00:00,3-4,27,63,0,2,7.9,NW,342,SE,,,0,Cerah,Sunny,https://api-apps.bmkg.go.id/storage/icon/cuaca/cerah-pm.svg,2026-09-19T16:00:00Z
73,73.71,73.71.09,73.71.09.1008,73.71.09.1008,Sulawesi Selatan,Kota Makassar,Panakkukang,Pandang,2026-09-19T12:00:00,2026-09-19 19:00:00,2026-09-20 03:00:00,6-7,26,68,0,37,4,SE,156,NW,,,1,Cerah,Sunny,https://api-apps.bmkg.go.id/storage/icon/cuaca/cerah-pm.svg,2026-09-19T19:00:00Z
73,73.71,73.71.09,73.71.09.1008,73.71.09.1008,Sulawesi Selatan,Kota Makassar,Panakkukang,Pandang,2026-09-19T12:00:00,2026-09-19 22:00:00,2026-09-20 06:00:00,9-10,27,66,0,5,2.9,SW,258,NE,,,0,Cerah,Sunny,https://api-apps.bmkg.go.id/storage/icon/cuaca/cerah-am.svg,2026-09-19T22:00:00Z
73,73.71,73.71.09,73.71.09.1008,73.71.09.1008,Sulawesi Selatan,Kota Makassar,Panakkukang,Pandang,2026-09-19T12:00:00,2026-09-20 01:00:00,2026-09-20 09:00:00,12-13,31,51,0,24,10.6,SW,242,NE,,,1,Cerah,Sunny,https://api-apps.bmkg.go.id/storage/icon/cuaca/cerah-am.svg,2026-09-20T01:00:00Z
73,73.71,73.71.09,73.71.09.1008,73.71.09.1008,Sulawesi Selatan,Kota Makassar,Panakkukang,Pandang,2026-09-19T12:00:00,2026-09-20 04:00:00,2026-09-20 12:00:00,15-16,31,58,0,26,13.7,SW,259,NE,,,1,Cerah,Sunny,https://api-apps.bmkg.go.id/storage/icon/cuaca/cerah-am.svg,2026-09-20T04:00:00Z
73,73.71,73.71.09,73.71.09.1008,73.71.09.1008,Sulawesi Selatan,Kota Makassar,Panakkukang,Pandang,2026-09-19T12:00:00,2026-09-20 07:00:00,2026-09-20 15:00:00,18-19,30,63,0,33,8.5,W,286,E,,,1,Cerah,Sunny,https://api-apps.bmkg.go.id/storage/icon/cuaca/cerah-am.svg,2026-09-20T07:00:00Z
73,73.71,73.71.09,73.71.09.1008,73.71.09.1008,Sulawesi Selatan,Kota Makassar,Panakkukang,Pandang,2026-09-19T12:00:00,2026-09-20 10:00:00,2026-09-20 18:00:00,21-22,28,75,0,12,4.6,NE,62,SW,,,1,Cerah,Sunny,https://api-apps.bmkg.go.id/storage/icon/cuaca/cerah-pm.svg,2026-09-20T10:00:00Z
73,73.71,73.71.09,73.71.09.1008,73.71.09.1008,Sulawesi Selatan,Kota Makassar,Panakkukang,Pandang,2026-09-19T12:00:00,2026-09-20 13:00:00,2026-09-20 21:00:00,24-25,28,68,0,0,2.9,SW,257,NE,,,0,Cerah,Sunny,https://api-apps.bmkg.go.id/storage/icon/cuaca/cerah-pm.svg,2026-09-20T13:00:00Z
73,73.71,73.71.09,73.71.09.1008,73.71.09.1008,Sulawesi Selatan,Kota Makassar,Panakkukang,Pandang,2026-09-19T12:00:00,2026-09-20 16:00:00,2026-09-21 00:00:00,27-28,27,71,0,1,3.4,N,8,S,,,0,Cerah,Sunny,https://api-apps.bmkg.go.id/storage/icon/cuaca/cerah-pm.svg,2026-09-20T16:00:00Z
73,73.71,73.71.09,73.71.09.1008,73.71.09.1008,Sulawesi Selatan,Kota Makassar,Panakkukang,Pandang,2026-09-19T12:00:00,2026-09-20 19:00:00,2026-09-21 03:00:00,30-31,26,72,0,8,1.2,E,122,W,,,0,Cerah,Sunny,https://api-apps.bmkg.go.id/storage/icon/cuaca/cerah-pm.svg,2026-09-20T19:00:00Z
73,73.71,73.71.09,73.71.09.1008,73.71.09.1008,Sulawesi Selatan,Kota Makassar,Panakkukang,Pandang,2026-09-19T12:00:00,2026-09-20 22:00:00,2026-09-21 06:00:00,33-34,27,69,0,50,4.7,S,216,N,,,1,Cerah,Sunny,https://api-apps.bmkg.go.id/storage/icon/cuaca/cerah-am.svg,2026-09-20T22:00:00Z
73,73.71,73.71.09,73.71.09.1008,73.71.09.1008,Sulawesi Selatan,Kota Makassar,Panakkukang,Pandang,2026-09-19T12:00:00,2026-09-21 01:00:00,2026-09-21 09:00:00,36-37,31,58,0,28,9.2,SW,235,NE,,,1,Cerah,Sunny,https://api-apps.bmkg.go.id/storage/icon/cuaca/cerah-am.svg,2026-09-21T01:00:00Z
73,73.71,73.71.09,73.71.09.1008,73.71.09.1008,Sulawesi Selatan,Kota Makassar,Panakkukang,Pandang,2026-09-19T12:00:00,2026-09-21 04:00:00,2026-09-21 12:00:00,39-40,31,60,0,27,15.9,SW,270,NE,,,1,Cerah,Sunny,https://api-apps.bmkg.go.id/storage/icon/cuaca/cerah-am.svg,2026-09-21T04:00:00Z
73,73.71,73.71.09,73.71.09.1008,73.71.09.1008,Sulawesi Selatan,Kota Makassar,Panakkukang,Pandang,2026-09-19T12:00:00,2026-09-21 07:00:00,2026-09-21 15:00:00,42-43,32,59,0,40,10.9,NW,324,SE,,,1,Cerah,Sunny,https://api-apps.bmkg.go.id/storage/icon/cuaca/cerah-am.svg,2026-09-21T07:00:00Z
73,73.71,73.71.09,73.71.09.1008,73.71.09.1008,Sulawesi Selatan,Kota Makassar,Panakkukang,Pandang,2026-09-19T12:00:00,2026-09-21 10:00:00,2026-09-21 18:00:00,45-46,30,65,0,28,4.3,NW,323,SE,,,1,Cerah,Sunny,https://api-apps.bmkg.go.id/storage/icon/cuaca/cerah-pm.svg,2026-09-21T10:00:00Z
73,73.71,73.71.09,73.71.09.1008,73.71.09.1008,Sulawesi Selatan,Kota Makassar,Panakkukang,Pandang,2026-09-19T12:00:00,2026-09-21 13:00:00,2026-09-21 21:00:00,48-49,29,59,0,40,5,NW,329,SE,,,1,Cerah,Sunny,https://api-apps.bmkg.go.id/storage/icon/cuaca/cerah-pm.svg,2026-09-21T13:00:00Z
73,73.71,73.71.09,73.71.09.1008,73.71.09.1008,Sulawesi Selatan,Kota Makassar,Panakkukang,Pandang,2026-09-19T12:00:00,2026-09-21 16:00:00,2026-09-22 00:00:00,51-52,27,66,0,47,4,NW,316,SE,,,1,Cerah,Sunny,https://api-apps.bmkg.go.id/storage/icon/cuaca/cerah-pm.svg,2026-09-21T16:00:00Z
73,73.71,73.71.09,73.71.09.1008,73.71.09.1008,Sulawesi Selatan,Kota Makassar,Panakkukang,Pandang,2026-09-19T12:00:00,2026-09-21 19:00:00,2026-09-22 03:00:00,54-55,26,69,0,38,3.8,S,184,N,,,1,Cerah,Sunny,https://api-apps.bmkg.go.id/storage/icon/cuaca/cerah-pm.svg,2026-09-21T19:00:00Z
73,73.71,73.71.09,73.71.09.1008,73.71.09.1008,Sulawesi Selatan,Kota Makassar,Panakkukang,Pandang,2026-09-19T12:00:00,2026-09-21 22:00:00,2026-09-22 06:00:00,57-58,27,69,0,2,3.4,W,297,E,,,0,Cerah,Sunny,https://api-apps.bmkg.go.id/storage/icon/cuaca/cerah-am.svg,2026-09-21T22:00:00Z
73,73.71,73.71.09,73.71.09.1009,73.71.09.1009,Sulawesi Selatan,Kota Makassar,Panakkukang,Karuwisi Utara,2026-09-19T12:00:00,2026-09-19 16:00:00,2026-09-20 00:00:00,3-4,27,67,0,2,6.1,N,13,S,,,0,Cerah,Sunny,https://api-apps.bmkg.go.id/storage/icon/cuaca/cerah-pm.svg,2026-09-19T16:00:00Z
73,73.71,73.71.09,73.71.09.1009,73.71.09.1009,Sulawesi Selatan,Kota Makassar,Panakkukang,Karuwisi Utara,2026-09-19T12:00:00,2026-09-19 19:00:00,2026-09-20 03:00:00,6-7,27,69,0,38,14.6,NE,55,SW,,,1,Cerah,Sunny,https://api-apps.bmkg.go.id/storage/icon/cuaca/cerah-pm.svg,2026-09-19T19:00:00Z
73,73.71,73.71.09,73.71.09.1009,73.71.09.1009,Sulawesi Selatan,Kota Makassar,Panakkukang,Karuwisi Utara,2026-09-19T12:00:00,2026-09-19 22:00:00,2026-09-20 06:00:00,9-10,27,66,0,5,6.1,E,96,W,,,0,Cerah,Sunny,https://api-apps.bmkg.go.id/storage/icon/cuaca/cerah-am.svg,2026-09-19T22:00:00Z
73,73.71,73.71.09,73.71.09.1009,73.71.09.1009,Sulawesi Selatan,Kota Makassar,Panakkukang,Karuwisi Utara,2026-09-19T12:00:00,2026-09-20 01:00:00,2026-09-20 09:00:00,12-13,30,57,0,20,16.2,SW,264,NE,,,1,Cerah,Sunny,https://api-apps.bmkg.go.id/storage/icon/cuaca/cerah-am.svg,2026-09-20T01:00:00Z
73,73.71,73.71.09,73.71.09.1009,73.71.09.1009,Sulawesi Selatan,Kota Makassar,Panakkukang,Karuwisi Utara,2026-09-19T12:00:00,2026-09-20 04:00:00,2026-09-20 12:00:00,15-16,30,63,0,21,18.1,SW,256,NE,,,1,Cerah,Sunny,https://api-apps.bmkg.go.id/storage/icon/cuaca/cerah-am.svg,2026-09-20T04:00:00Z
73,73.71,73.71.09,73.71.09.1009,73.71.09.1009,Sulawesi Selatan,Kota Makassar,Panakkukang,Karuwisi Utara,2026-09-19T12:00:00,2026-09-20 07:00:00,2026-09-20 15:00:00,18-19,29,69,0,26,20,SW,260,NE,,,1,Cerah,Sunny,https://api-apps.bmkg.go.id/storage/icon/cuaca/cerah-am.svg,2026-09-20T07:00:00Z
73,73.71,73.71.09,73.71.09.1009,73.71.09.1009,Sulawesi Selatan,Kota Makassar,Panakkukang,Karuwisi Utara,2026-09-19T12:00:00,2026-09-20 10:00:00,2026-09-20 18:00:00,21-22,28,78,0,9,2.4,W,312,E,,,0,Cerah,Sunny,https://api-apps.bmkg.go.id/storage/icon/cuaca/cerah-pm.svg,2026-09-20T10:00:00Z
73,73.71,73.71.09,73.71.09.1009,73.71.09.1009,Sulawesi Selatan,Kota Makassar,Panakkukang,Karuwisi Utara,2026-09-19T12:00:00,2026-09-20 13:00:00,2026-09-20 21:00:00,24-25,28,68,0,0,10,N,41,S,,,0,Cerah,Sunny,https://api-apps.bmkg.go.id/storage/icon/cuaca/cerah-pm.svg,2026-09-20T13:00:00Z
73,73.71,73.71.09,73.71.09.1009,73.71.09.1009,Sulawesi Selatan,Kota Makassar,Panakkukang,Karuwisi Utara,2026-09-19T12:00:00,2026-09-20 16:00:00,2026-09-21 00:00:00,27-28,27,69,0,1,1,N,20,S,,,0,Cerah,Sunny,https://api-apps.bmkg.go.id/storage/icon/cuaca/cerah-pm.svg,2026-09-20T16:00:00Z
73,73.71,73.71.09,73.71.09.1009,73.71.09.1009,Sulawesi Selatan,Kota Makassar,Panakkukang,Karuwisi Utara,2026-09-19T12:00:00,2026-09-20 19:00:00,2026-09-21 03:00:00,30-31,27,70,0,8,9.1,NE,48,SW,,,0,Cerah,Sunny,https://api-apps.bmkg.go.id/storage/icon/cuaca/cerah-pm.svg,2026-09-20T19:00:00Z
73,73.71,73.71.09,73.71.09.1009,73.71.09.1009,Sulawesi Selatan,Kota Makassar,Panakkukang,Karuwisi Utara,2026-09-19T12:00:00,2026-09-20 22:00:00,2026-09-21 06:00:00,33-34,27,69,0,59,5.5,E,121,W,,,1,Cerah,Sunny,https://api-apps.bmkg.go.id/storage/icon/cuaca/cerah-am.svg,2026-09-20T22:00:00Z
73,73.71,73.71.09,73.71.09.1009,73.71.09.1009,Sulawesi Selatan,Kota Makassar,Panakkukang,Karuwisi Utara,2026-09-19T12:00:00,2026-09-21 01:00:00,2026-09-21 09:00:00,36-37,30,64,0,39,18.3,SW,243,NE,,,1,Cerah,Sunny,https://api-apps.bmkg.go.id/storage/icon/cuaca/cerah-am.svg,2026-09-21T01:00:00Z
73,73.71,73.71.09,73.71.09.1009,73.71.09.1009,Sulawesi Selatan,Kota Makassar,Panakkukang,Karuwisi Utara,2026-09-19T12:00:00,2026-09-21 04:00:00,2026-09-21 12:00:00,39-40,30,68,0,21,20.3,SW,240,NE,,,1,Cerah,Sunny,https://api-apps.bmkg.go.id/storage/icon/cuaca/cerah-am.svg,2026-09-21T04:00:00Z
73,73.71,73.71.09,73.71.09.1009,73.71.09.1009,Sulawesi Selatan,Kota Makassar,Panakkukang,Karuwisi Utara,2026-09-19T12:00:00,2026-09-21 07:00:00,2026-09-21 15:00:00,42-43,30,69,0,32,6.3,W,277,E,,,1,Cerah,Sunny,https://api-apps.bmkg.go.id/storage/icon/cuaca/cerah-am.svg,2026-09-21T07:00:00Z
73,73.71,73.71.09,73.71.09.1009,73.71.09.1009,Sulawesi Selatan,Kota Makassar,Panakkukang,Karuwisi Utara,2026-09-19T12:00:00,2026-09-21 10:00:00,2026-09-21 18:00:00,45-46,30,70,0,25,13.6,N,26,S,,,1,Cerah,Sunny,https://api-apps.bmkg.go.id/storage/icon/cuaca/cerah-pm.svg,2026-09-21T10:00:00Z
73,73.71,73.71.09,73.71.09.1009,73.71.09.1009,Sulawesi Selatan,Kota Makassar,Panakkukang,Karuwisi Utara,2026-09-19T12:00:00,2026-09-21 13:00:00,2026-09-21 21:00:00,48-49,29,58,0,41,1.7,SE,170,NW,,,1,Cerah,Sunny,https://api-apps.bmkg.go.id/storage/icon/cuaca/cerah-pm.svg,2026-09-21T13:00:00Z
73,73.71,73.71.09,73.71.09.1009,73.71.09.1009,Sulawesi Selatan,Kota Makassar,Panakkukang,Karuwisi Utara,2026-09-19T12:00:00,2026-09-21 16:00:00,2026-09-22 00:00:00,51-52,27,68,0,49,6,NW,354,SE,,,1,Cerah,Sunny,https://api-apps.bmkg.go.id/storage/icon/cuaca/cerah-pm.svg,2026-09-21T16:00:00Z
73,73.71,73.71.09,73.71.09.1009,73.71.09.1009,Sulawesi Selatan,Kota Makassar,Panakkukang,Karuwisi Utara,2026-09-19T12:00:00,2026-09-21 19:00:00,2026-09-22 03:00:00,54-55,27,66,0,37,8.3,NE,87,SW,,,1,Cerah,Sunny,https://api-apps.bmkg.go.id/storage/icon/cuaca/cerah-pm.svg,2026-09-21T19:00:00Z
73,73.71,73.71.09,73.71.09.1009,73.71.09.1009,Sulawesi Selatan,Kota Makassar,Panakkukang,Karuwisi Utara,2026-09-19T12:00:00,2026-09-21 22:00:00,2026-09-22 06:00:00,57-58,27,69,0,3,2.9,N,12,S,,,0,Cerah,Sunny,https://api-apps.bmkg.go.id/storage/icon/cuaca/cerah-am.svg,2026-09-21T22:00:00Z
73,73.71,73.71.09,73.71.09.1010,73.71.09.1010,Sulawesi Selatan,Kota Makassar,Panakkukang,Sinrijala,2026-09-19T12:00:00,2026-09-19 16:00:00,2026-09-20 00:00:00,3-4,27,63,0,2,7.9,NW,342,SE,,,0,Cerah,Sunny,https://api-apps.bmkg.go.id/storage/icon/cuaca/cerah-pm.svg,2026-09-19T16:00:00Z
73,73.71,73.71.09,73.71.09.1010,73.71.09.1010,Sulawesi Selatan,Kota Makassar,Panakkukang,Sinrijala,2026-09-19T12:00:00,2026-09-19 19:00:00,2026-09-20 03:00:00,6-7,26,68,0,37,4,SE,156,NW,,,1,Cerah,Sunny,https://api-apps.bmkg.go.id/storage/icon/cuaca/cerah-pm.svg,2026-09-19T19:00:00Z
73,73.71,73.71.09,73.71.09.1010,73.71.09.1010,Sulawesi Selatan,Kota Makassar,Panakkukang,Sinrijala,2026-09-19T12:00:00,2026-09-19 22:00:00,2026-09-20 06:00:00,9-10,27,66,0,5,2.9,SW,258,NE,,,0,Cerah,Sunny,https://api-apps.bmkg.go.id/storage/icon/cuaca/cerah-am.svg,2026-09-19T22:00:00Z
73,73.71,73.71.09,73.71.09.1010,73.71.09.1010,Sulawesi Selatan,Kota Makassar,Panakkukang,Sinrijala,2026-09-19T12:00:00,2026-09-20 01:00:00,2026-09-20 09:00:00,12-13,31,51,0,24,10.6,SW,242,NE,,,1,Cerah,Sunny,https://api-apps.bmkg.go.id/storage/icon/cuaca/cerah-am.svg,2026-09-20T01:00:00Z
73,73.71,73.71.09,73.71.09.1010,73.71.09.1010,Sulawesi Selatan,Kota Makassar,Panakkukang,Sinrijala,2026-09-19T12:00:00,2026-09-20 04:00:00,2026-09-20 12:00:00,15-16,31,58,0,26,13.7,SW,259,NE,,,1,Cerah,Sunny,https://api-apps.bmkg.go.id/storage/icon/cuaca/cerah-am.svg,2026-09-20T04:00:00Z
73,73.71,73.71.09,73.71.09.1010,73.71.09.1010,Sulawesi Selatan,Kota Makassar,Panakkukang,Sinrijala,2026-09-19T12:00:00,2026-09-20 07:00:00,2026-09-20 15:00:00,18-19,30,63,0,33,8.5,W,286,E,,,1,Cerah,Sunny,https://api-apps.bmkg.go.id/storage/icon/cuaca/cerah-am.svg,2026-09-20T07:00:00Z
73,73.71,73.71.09,73.71.09.1010,73.71.09.1010,Sulawesi Selatan,Kota Makassar,Panakkukang,Sinrijala,2026-09-19T12:00:00,2026-09-20 10:00:00,2026-09-20 18:00:00,21-22,28,75,0,12,4.6,NE,62,SW,,,1,Cerah,Sunny,https://api-apps.bmkg.go.id/storage/icon/cuaca/cerah-pm.svg,2026-09-20T10:00:00Z
73,73.71,73.71.09,73.71.09.1010,73.71.09.1010,Sulawesi Selatan,Kota Makassar,Panakkukang,Sinrijala,2026-09-19T12:00:00,2026-09-20 13:00:00,2026-09-20 21:00:00,24-25,28,68,0,0,2.9,SW,257,NE,,,0,Cerah,Sunny,https://api-apps.bmkg.go.id/storage/icon/cuaca/cerah-pm.svg,2026-09-20T13:00:00Z
73,73.71,73.71.09,73.71.09.1010,73.71.09.1010,Sulawesi Selatan,Kota Makassar,Panakkukang,Sinrijala,2026-09-19T12:00:00,2026-09-20 16:00:00,2026-09-21 00:00:00,27-28,27,71,0,1,3.4,N,8,S,,,0,Cerah,Sunny,https://api-apps.bmkg.go.id/storage/icon/cuaca/cerah-pm.svg,2026-09-20T16:00:00Z
73,73.71,73.71.09,73.71.09.1010,73.71.09.1010,Sulawesi Selatan,Kota Makassar,Panakkukang,Sinrijala,2026-09-19T12:00:00,2026-09-20 19:00:00,2026-09-21 03:00:00,30-31,26,72,0,8,1.2,E,122,W,,,0,Cerah,Sunny,https://api-apps.bmkg.go.id/storage/icon/cuaca/cerah-pm.svg,2026-09-20T19:00:00Z
73,73.71,73.71.09,73.71.09.1010,73.71.09.1010,Sulawesi Selatan,Kota Makassar,Panakkukang,Sinrijala,2026-09-19T12:00:00,2026-09-20 22:00:00,2026-09-21 06:00:00,33-34,27,69,0,50,4.7,S,216,N,,,1,Cerah,Sunny,https://api-apps.bmkg.go.id/storage/icon/cuaca/cerah-am.svg,2026-09-20T22:00:00Z
73,73.71,73.71.09,73.71.09.1010,73.71.09.1010,Sulawesi Selatan,Kota Makassar,Panakkukang,Sinrijala,2026-09-19T12:00:00,2026-09-21 01:00:00,2026-09-21 09:00:00,36-37,31,58,0,28,9.2,SW,235,NE,,,1,Cerah,Sunny,https://api-apps.bmkg.go.id/storage/icon/cuaca/cerah-am.svg,2026-09-21T01:00:00Z
73,73.71,73.71.09,73.71.09.1010,73.71.09.1010,Sulawesi Selatan,Kota Makassar,Panakkukang,Sinrijala,2026-09-19T12:00:00,2026-09-21 04:00:00,2026-09-21 12:00:00,39-40,31,60,0,27,15.9,SW,270,NE,,,1,Cerah,Sunny,https://api-apps.bmkg.go.id/storage/icon/cuaca/cerah-am.svg,2026-09-21T04:00:00Z
73,73.71,73.71.09,73.71.09.1010,73.71.09.1010,Sulawesi Selatan,Kota Makassar,Panakkukang,Sinrijala,2026-09-19T12:00:00,2026-09-21 07:00:00,2026-09-21 15:00:00,42-43,32,59,0,40,10.9,NW,324,SE,,,1,Cerah,Sunny,https://api-apps.bmkg.go.id/storage/icon/cuaca/cerah-am.svg,2026-09-21T07:00:00Z
73,73.71,73.71.09,73.71.09.1010,73.71.09.1010,Sulawesi Selatan,Kota Makassar,Panakkukang,Sinrijala,2026-09-19T12:00:00,2026-09-21 10:00:00,2026-09-21 18:00:00,45-46,30,65,0,28,4.3,NW,323,SE,,,1,Cerah,Sunny,https://api-apps.bmkg.go.id/storage/icon/cuaca/cerah-pm.svg,2026-09-21T10:00:00Z
73,73.71,73.71.09,73.71.09.1010,73.71.09.1010,Sulawesi Selatan,Kota Makassar,Panakkukang,Sinrijala,2026-09-19T12:00:00,2026-09-21 13:00:00,2026-09-21 21:00:00,48-49,29,59,0,40,5,NW,329,SE,,,1,Cerah,Sunny,https://api-apps.bmkg.go.id/storage/icon/cuaca/cerah-pm.svg,2026-09-21T13:00:00Z
73,73.71,73.71.09,73.71.09.1010,73.71.09.1010,Sulawesi Selatan,Kota Makassar,Panakkukang,Sinrijala,2026-09-19T12:00:00,2026-09-21 16:00:00,2026-09-22 00:00:00,51-52,27,66,0,47,4,NW,316,SE,,,1,Cerah,Sunny,https://api-apps.bmkg.go.id/storage/icon/cuaca/cerah-pm.svg,2026-09-21T16:00:00Z
73,73.71,73.71.09,73.71.09.1010,73.71.09.1010,Sulawesi Selatan,Kota Makassar,Panakkukang,Sinrijala,2026-09-19T12:00:00,2026-09-21 19:00:00,2026-09-22 03:00:00,54-55,26,69,0,38,3.8,S,184,N,,,1,Cerah,Sunny,https://api-apps.bmkg.go.id/storage/icon/cuaca/cerah-pm.svg,2026-09-21T19:00:00Z
73,73.71,73.71.09,73.71.09.1010,73.71.09.1010,Sulawesi Selatan,Kota Makassar,Panakkukang,Sinrijala,2026-09-19T12:00:00,2026-09-21 22:00:00,2026-09-22 06:00:00,57-58,27,69,0,2,3.4,W,297,E,,,0,Cerah,Sunny,https://api-apps.bmkg.go.id/storage/icon/cuaca/cerah-am.svg,2026-09-21T22:00:00Z
73,73.71,73.71.09,73.71.09.1011,73.71.09.1011,Sulawesi Selatan,Kota Makassar,Panakkukang,Paropo,2026-09-19T12:00:00,2026-09-19 16:00:00,2026-09-20 00:00:00,3-4,27,63,0,2,7.9,NW,342,SE,,,0,Cerah,Sunny,https://api-apps.bmkg.go.id/storage/icon/cuaca/cerah-pm.svg,2026-09-19T16:00:00Z
73,73.71,73.71.09,73.71.09.1011,73.71.09.1011,Sulawesi Selatan,Kota Makassar,Panakkukang,Paropo,2026-09-19T12:00:00,2026-09-19 19:00:00,2026-09-20 03:00:00,6-7,26,68,0,37,4,SE,156,NW,,,1,Cerah,Sunny,https://api-apps.bmkg.go.id/storage/icon/cuaca/cerah-pm.svg,2026-09-19T19:00:00Z
73,73.71,73.71.09,73.71.09.1011,73.71.09.1011,Sulawesi Selatan,Kota Makassar,Panakkukang,Paropo,2026-09-19T12:00:00,2026-09-19 22:00:00,2026-09-20 06:00:00,9-10,27,66,0,5,2.9,SW,258,NE,,,0,Cerah,Sunny,https://api-apps.bmkg.go.id/storage/icon/cuaca/cerah-am.svg,2026-09-19T22:00:00Z
73,73.71,73.71.09,73.71.09.1011,73.71.09.1011,Sulawesi Selatan,Kota Makassar,Panakkukang,Paropo,2026-09-19T12:00:00,2026-09-20 01:00:00,2026-09-20 09:00:00,12-13,31,51,0,24,10.6,SW,242,NE,,,1,Cerah,Sunny,https://api-apps.bmkg.go.id/storage/icon/cuaca/cerah-am.svg,2026-09-20T01:00:00Z
73,73.71,73.71.09,73.71.09.1011,73.71.09.1011,Sulawesi Selatan,Kota Makassar,Panakkukang,Paropo,2026-09-19T12:00:00,2026-09-20 04:00:00,2026-09-20 12:00:00,15-16,31,58,0,26,13.7,SW,259,NE,,,1,Cerah,Sunny,https://api-apps.bmkg.go.id/storage/icon/cuaca/cerah-am.svg,2026-09-20T04:00:00Z
73,73.71,73.71.09,73.71.09.1011,73.71.09.1011,Sulawesi Selatan,Kota Makassar,Panakkukang,Paropo,2026-09-19T12:00:00,2026-09-20 07:00:00,2026-09-20 15:00:00,18-19,30,63,0,33,8.5,W,286,E,,,1,Cerah,Sunny,https://api-apps.bmkg.go.id/storage/icon/cuaca/cerah-am.svg,2026-09-20T07:00:00Z
73,73.71,73.71.09,73.71.09.1011,73.71.09.1011,Sulawesi Selatan,Kota Makassar,Panakkukang,Paropo,2026-09-19T12:00:00,2026-09-20 10:00:00,2026-09-20 18:00:00,21-22,28,75,0,12,4.6,NE,62,SW,,,1,Cerah,Sunny,https://api-apps.bmkg.go.id/storage/icon/cuaca/cerah-pm.svg,2026-09-20T10:00:00Z
73,73.71,73.71.09,73.71.09.1011,73.71.09.1011,Sulawesi Selatan,Kota Makassar,Panakkukang,Paropo,2026-09-19T12:00:00,2026-09-20 13:00:00,2026-09-20 21:00:00,24-25,28,68,0,0,2.9,SW,257,NE,,,0,Cerah,Sunny,https://api-apps.bmkg.go.id/storage/icon/cuaca/cerah-pm.svg,2026-09-20T13:00:00Z
73,73.71,73.71.09,73.71.09.1011,73.71.09.1011,Sulawesi Selatan,Kota Makassar,Panakkukang,Paropo,2026-09-19T12:00:00,2026-09-20 16:00:00,2026-09-21 00:00:00,27-28,27,71,0,1,3.4,N,8,S,,,0,Cerah,Sunny,https://api-apps.bmkg.go.id/storage/icon/cuaca/cerah-pm.svg,2026-09-20T16:00:00Z
73,73.71,73.71.09,73.71.09.1011,73.71.09.1011,Sulawesi Selatan,Kota Makassar,Panakkukang,Paropo,2026-09-19T12:00:00,2026-09-20 19:00:00,2026-09-21 03:00:00,30-31,26,72,0,8,1.2,E,122,W,,,0,Cerah,Sunny,https://api-apps.bmkg.go.id/storage/icon/cuaca/cerah-pm.svg,2026-09-20T19:00:00Z
73,73.71,73.71.09,73.71.09.1011,73.71.09.1011,Sulawesi Selatan,Kota Makassar,Panakkukang,Paropo,2026-09-19T12:00:00,2026-09-20 22:00:00,2026-09-21 06:00:00,33-34,27,69,0,50,4.7,S,216,N,,,1,Cerah,Sunny,https://api-apps.bmkg.go.id/storage/icon/cuaca/cerah-am.svg,2026-09-20T22:00:00Z
73,73.71,73.71.09,73.71.09.1011,73.71.09.1011,Sulawesi Selatan,Kota Makassar,Panakkukang,Paropo,2026-09-19T12:00:00,2026-09-21 01:00:00,2026-09-21 09:00:00,36-37,31,58,0,28,9.2,SW,235,NE,,,1,Cerah,Sunny,https://api-apps.bmkg.go.id/storage/icon/cuaca/cerah-am.svg,2026-09-21T01:00:00Z
73,73.71,73.71.09,73.71.09.1011,73.71.09.1011,Sulawesi Selatan,Kota Makassar,Panakkukang,Paropo,2026-09-19T12:00:00,2026-09-21 04:00:00,2026-09-21 12:00:00,39-40,31,60,0,27,15.9,SW,270,NE,,,1,Cerah,Sunny,https://api-apps.bmkg.go.id/storage/icon/cuaca/cerah-am.svg,2026-09-21T04:00:00Z
73,73.71,73.71.09,73.71.09.1011,73.71.09.1011,Sulawesi Selatan,Kota Makassar,Panakkukang,Paropo,2026-09-19T12:00:00,2026-09-21 07:00:00,2026-09-21 15:00:00,42-43,32,59,0,40,10.9,NW,324,SE,,,1,Cerah,Sunny,https://api-apps.bmkg.go.id/storage/icon/cuaca/cerah-am.svg,2026-09-21T07:00:00Z
73,73.71,73.71.09,73.71.09.1011,73.71.09.1011,Sulawesi Selatan,Kota Makassar,Panakkukang,Paropo,2026-09-19T12:00:00,2026-09-21 10:00:00,2026-09-21 18:00:00,45-46,30,65,0,28,4.3,NW,323,SE,,,1,Cerah,Sunny,https://api-apps.bmkg.go.id/storage/icon/cuaca/cerah-pm.svg,2026-09-21T10:00:00Z
73,73.71,73.71.09,73.71.09.1011,73.71.09.1011,Sulawesi Selatan,Kota Makassar,Panakkukang,Paropo,2026-09-19T12:00:00,2026-09-21 13:00:00,2026-09-21 21:00:00,48-49,29,59,0,40,5,NW,329,SE,,,1,Cerah,Sunny,https://api-apps.bmkg.go.id/storage/icon/cuaca/cerah-pm.svg,2026-09-21T13:00:00Z
73,73.71,73.71.09,73.71.09.1011,73.71.09.1011,Sulawesi Selatan,Kota Makassar,Panakkukang,Paropo,2026-09-19T12:00:00,2026-09-21 16:00:00,2026-09-22 00:00:00,51-52,27,66,0,47,4,NW,316,SE,,,1,Cerah,Sunny,https://api-apps.bmkg.go.id/storage/icon/cuaca/cerah-pm.svg,2026-09-21T16:00:00Z
73,73.71,73.71.09,73.71.09.1011,73.71.09.1011,Sulawesi Selatan,Kota Makassar,Panakkukang,Paropo,2026-09-19T12:00:00,2026-09-21 19:00:00,2026-09-22 03:00:00,54-55,26,69,0,38,3.8,S,184,N,,,1,Cerah,Sunny,https://api-apps.bmkg.go.id/storage/icon/cuaca/cerah-pm.svg,2026-09-21T19:00:00Z
73,73.71,73.71.09,73.71.09.1011,73.71.09.1011,Sulawesi Selatan,Kota Makassar,Panakkukang,Paropo,2026-09-19T12:00:00,2026-09-21 22:00:00,2026-09-22 06:00:00,57-58,27,69,0,2,3.4,W,297,E,,,0,Cerah,Sunny,https://api-apps.bmkg.go.id/storage/icon/cuaca/cerah-am.svg,2026-09-21T22:00:00Z
73,73.71,73.71.10,73.71.10.1001,73.71.10.1001,Sulawesi Selatan,Kota Makassar,Tamalate,Barombong,2026-09-19T12:00:00,2026-09-19 16:00:00,2026-09-20 00:00:00,3-4,27,71,0,2,6.7,NW,326,SE,,,0,Cerah,Sunny,https://api-apps.bmkg.go.id/storage/icon/cuaca/cerah-pm.svg,2026-09-19T16:00:00Z
73,73.71,73.71.10,73.71.10.1001,73.71.10.1001,Sulawesi Selatan,Kota Makassar,Tamalate,Barombong,2026-09-19T12:00:00,2026-09-19 19:00:00,2026-09-20 03:00:00,6-7,27,66,0,28,4.1,NE,75,SW,,,1,Cerah,Sunny,https://api-apps.bmkg.go.id/storage/icon/cuaca/cerah-pm.svg,2026-09-19T19:00:00Z
73,73.71,73.71.10,73.71.10.1001,73.71.10.1001,Sulawesi Selatan,Kota Makassar,Tamalate,Barombong,2026-09-19T12:00:00,2026-09-19 22:00:00,2026-09-20 06:00:00,9-10,27,67,0,4,2.3,SW,261,NE,,,0,Cerah,Sunny,https://api-apps.bmkg.go.id/storage/icon/cuaca/cerah-am.svg,2026-09-19T22:00:00Z
73,73.71,73.71.10,73.71.10.1001,73.71.10.1001,Sulawesi Selatan,Kota Makassar,Tamalate,Barombong,2026-09-19T12:00:00,2026-09-20 01:00:00,2026-09-20 09:00:00,12-13,29,58,0,25,15.2,SW,249,NE,,,1,Cerah,Sunny,https://api-apps.bmkg.go.id/storage/icon/cuaca/cerah-am.svg,2026-09-20T01:00:00Z
73,73.71,73.71.10,73.71.10.1001,73.71.10.1001,Sulawesi Selatan,Kota Makassar,Tamalate,Barombong,2026-09-19T12:00:00,2026-09-20 04:00:00,2026-09-20 12:00:00,15-16,30,65,0,20,15.7,SW,256,NE,,,1,Cerah,Sunny,https://api-apps.bmkg.go.id/storage/icon/cuaca/cerah-am.svg,2026-09-20T04:00:00Z
73,73.71,73.71.10,73.71.10.1001,73.71.10.1001,Sulawesi Selatan,Kota Makassar,Tamalate,Barombong,2026-09-19T12:00:00,2026-09-20 07:00:00,2026-09-20 15:00:00,18-19,29,68,0,25,13.3,SW,269,NE,,,1,Cerah,Sunny,https://api-apps.bmkg.go.id/storage/icon/cuaca/cerah-am.svg,2026-09-20T07:00:00Z
73,73.71,73.71.10,73.71.10.1001,73.71.10.1001,Sulawesi Selatan,Kota Makassar,Tamalate,Barombong,2026-09-19T12:00:00,2026-09-20 10:00:00,2026-09-20 18:00:00,21-22,28,76,0,9,6.3,NE,67,SW,,,0,Cerah,Sunny,https://api-apps.bmkg.go.id/storage/icon/cuaca/cerah-pm.svg,2026-09-20T10:00:00Z
73,73.71,73.71.10,73.71.10.1001,73.71.10.1001,Sulawesi Selatan,Kota Makassar,Tamalate,Barombong,2026-09-19T12:00:00,2026-09-20 13:00:00,2026-09-20 21:00:00,24-25,28,71,0,0,4.3,S,193,N,,,0,Cerah,Sunny,https://api-apps.bmkg.go.id/storage/icon/cuaca/cerah-pm.svg,2026-09-20T13:00:00Z
73,73.71,73.71.10,73.71.10.1001,73.71.10.1001,Sulawesi Selatan,Kota Makassar,Tamalate,Barombong,2026-09-19T12:00:00,2026-09-20 16:00:00,2026-09-21 00:00:00,27-28,27,80,0,0,6,SW,232,NE,,,0,Cerah,Sunny,https://api-apps.bmkg.go.id/storage/icon/cuaca/cerah-pm.svg,2026-09-20T16:00:00Z
73,73.71,73.71.10,73.71.10.1001,73.71.10.1001,Sulawesi Selatan,Kota Makassar,Tamalate,Barombong,2026-09-19T12:00:00,2026-09-20 19:00:00,2026-09-21 03:00:00,30-31,27,76,0,6,3.4,NE,66,SW,,,0,Cerah,Sunny,https://api-apps.bmkg.go.id/storage/icon/cuaca/cerah-pm.svg,2026-09-20T19:00:00Z
73,73.71,73.71.10,73.71.10.1001,73.71.10.1001,Sulawesi Selatan,Kota Makassar,Tamalate,Barombong,2026-09-19T12:00:00,2026-09-20 22:00:00,2026-09-21 06:00:00,33-34,27,71,0,54,4.9,S,192,N,,,1,Cerah,Sunny,https://api-apps.bmkg.go.id/storage/icon/cuaca/cerah-am.svg,2026-09-20T22:00:00Z
73,73.71,73.71.10,73.71.10.1001,73.71.10.1001,Sulawesi Selatan,Kota Makassar,Tamalate,Barombong,2026-09-19T12:00:00,2026-09-21 01:00:00,2026-09-21 09:00:00,36-37,29,66,0,18,12.6,SW,236,NE,,,1,Cerah,Sunny,https://api-apps.bmkg.go.id/storage/icon/cuaca/cerah-am.svg,2026-09-21T01:00:00Z
73,73.71,73.71.10,73.71.10.1001,73.71.10.1001,Sulawesi Selatan,Kota Makassar,Tamalate,Barombong,2026-09-19T12:00:00,2026-09-21 04:00:00,2026-09-21 12:00:00,39-40,29,66,0,19,16.2,SW,245,NE,,,1,Cerah,Sunny,https://api-apps.bmkg.go.id/storage/icon/cuaca/cerah-am.svg,2026-09-21T04:00:00Z
73,73.71,73.71.10,73.71.10.1001,73.71.10.1001,Sulawesi Selatan,Kota Makassar,Tamalate,Barombong,2026-09-19T12:00:00,2026-09-21 07:00:00,2026-09-21 15:00:00,42-43,32,58,0,33,5,SW,252,NE,,,1,Cerah,Sunny,https://api-apps.bmkg.go.id/storage/icon/cuaca/cerah-am.svg,2026-09-21T07:00:00Z
73,73.71,73.71.10,73.71.10.1001,73.71.10.1001,Sulawesi Selatan,Kota Makassar,Tamalate,Barombong,2026-09-19T12:00:00,2026-09-21 10:00:00,2026-09-21 18:00:00,45-46,30,63,0,25,4.1,N,2,S,,,1,Cerah,Sunny,https://api-apps.bmkg.go.id/storage/icon/cuaca/cerah-pm.svg,2026-09-21T10:00:00Z
73,73.71,73.71.10,73.71.10.1001,73.71.10.1001,Sulawesi Selatan,Kota Makassar,Tamalate,Barombong,2026-09-19T12:00:00,2026-09-21 13:00:00,2026-09-21 21:00:00,48-49,29,65,0,25,9.6,S,217,N,,,1,Cerah,Sunny,https://api-apps.bmkg.go.id/storage/icon/cuaca/cerah-pm.svg,2026-09-21T13:00:00Z
73,73.71,73.71.10,73.71.10.1001,73.71.10.1001,Sulawesi Selatan,Kota Makassar,Tamalate,Barombong,2026-09-19T12:00:00,2026-09-21 16:00:00,2026-09-22 00:00:00,51-52,27,74,0,47,6.4,W,294,E,,,1,Cerah,Sunny,https://api-apps.bmkg.go.id/storage/icon/cuaca/cerah-pm.svg,2026-09-21T16:00:00Z
73,73.71,73.71.10,73.71.10.1001,73.71.10.1001,Sulawesi Selatan,Kota Makassar,Tamalate,Barombong,2026-09-19T12:00:00,2026-09-21 19:00:00,2026-09-22 03:00:00,54-55,27,73,0,33,7.7,SE,178,NW,,,1,Cerah,Sunny,https://api-apps.bmkg.go.id/storage/icon/cuaca/cerah-pm.svg,2026-09-21T19:00:00Z
73,73.71,73.71.10,73.71.10.1001,73.71.10.1001,Sulawesi Selatan,Kota Makassar,Tamalate,Barombong,2026-09-19T12:00:00,2026-09-21 22:00:00,2026-09-22 06:00:00,57-58,27,74,0,1,6,W,296,E,,,0,Cerah,Sunny,https://api-apps.bmkg.go.id/storage/icon/cuaca/cerah-am.svg,2026-09-21T22:00:00Z
73,73.71,73.71.10,73.71.10.1002,73.71.10.1002,Sulawesi Selatan,Kota Makassar,Tamalate,Maccini Sombala,2026-09-19T12:00:00,2026-09-19 16:00:00,2026-09-20 00:00:00,3-4,27,72,0,2,6.7,NW,326,SE,,,0,Cerah,Sunny,https://api-apps.bmkg.go.id/storage/icon/cuaca/cerah-pm.svg,2026-09-19T16:00:00Z
73,73.71,73.71.10,73.71.10.1002,73.71.10.1002,Sulawesi Selatan,Kota Makassar,Tamalate,Maccini Sombala,2026-09-19T12:00:00,2026-09-19 19:00:00,2026-09-20 03:00:00,6-7,27,68,0,33,4.1,NE,75,SW,,,1,Cerah,Sunny,https://api-apps.bmkg.go.id/storage/icon/cuaca/cerah-pm.svg,2026-09-19T19:00:00Z
73,73.71,73.71.10,73.71.10.1002,73.71.10.1002,Sulawesi Selatan,Kota Makassar,Tamalate,Maccini Sombala,2026-09-19T12:00:00,2026-09-19 22:00:00,2026-09-20 06:00:00,9-10,27,67,0,5,2.3,SW,261,NE,,,0,Cerah,Sunny,https://api-apps.bmkg.go.id/storage/icon/cuaca/cerah-am.svg,2026-09-19T22:00:00Z
73,73.71,73.71.10,73.71.10.1002,73.71.10.1002,Sulawesi Selatan,Kota Makassar,Tamalate,Maccini Sombala,2026-09-19T12:00:00,2026-09-20 01:00:00,2026-09-20 09:00:00,12-13,29,61,0,20,15.2,SW,249,NE,,,1,Cerah,Sunny,https://api-apps.bmkg.go.id/storage/icon/cuaca/cerah-am.svg,2026-09-20T01:00:00Z
73,73.71,73.71.10,73.71.10.1002,73.71.10.1002,Sulawesi Selatan,Kota Makassar,Tamalate,Maccini Sombala,2026-09-19T12:00:00,2026-09-20 04:00:00,2026-09-20 12:00:00,15-16,29,67,0,18,15.7,SW,256,NE,,,1,Cerah,Sunny,https://api-apps.bmkg.go.id/storage/icon/cuaca/cerah-am.svg,2026-09-20T04:00:00Z
73,73.71,73.71.10,73.71.10.1002,73.71.10.1002,Sulawesi Selatan,Kota Makassar,Tamalate,Maccini Sombala,2026-09-19T12:00:00,2026-09-20 07:00:00,2026-09-20 15:00:00,18-19,28,72,0,23,13.3,SW,269,NE,,,1,Cerah,Sunny,https://api-apps.bmkg.go.id/storage/icon/cuaca/cerah-am.svg,2026-09-20T07:00:00Z
73,73.71,73.71.10,73.71.10.1002,73.71.10.1002,Sulawesi Selatan,Kota Makassar,Tamalate,Maccini Sombala,2026-09-19T12:00:00,2026-09-20 10:00:00,2026-09-20 18:00:00,21-22,28,79,0,8,6.3,NE,67,SW,,,0,Cerah,Sunny,https://api-apps.bmkg.go.id/storage/icon/cuaca/cerah-pm.svg,2026-09-20T10:00:00Z
73,73.71,73.71.10,73.71.10.1002,73.71.10.1002,Sulawesi Selatan,Kota Makassar,Tamalate,Maccini Sombala,2026-09-19T12:00:00,2026-09-20 13:00:00,2026-09-20 21:00:00,24-25,28,70,0,0,4.3,S,193,N,,,0,Cerah,Sunny,https://api-apps.bmkg.go.id/storage/icon/cuaca/cerah-pm.svg,2026-09-20T13:00:00Z
73,73.71,73.71.10,73.71.10.1002,73.71.10.1002,Sulawesi Selatan,Kota Makassar,Tamalate,Maccini Sombala,2026-09-19T12:00:00,2026-09-20 16:00:00,2026-09-21 00:00:00,27-28,27,73,0,1,6,SW,232,NE,,,0,Cerah,Sunny,https://api-apps.bmkg.go.id/storage/icon/cuaca/cerah-pm.svg,2026-09-20T16:00:00Z
73,73.71,73.71.10,73.71.10.1002,73.71.10.1002,Sulawesi Selatan,Kota Makassar,Tamalate,Maccini Sombala,2026-09-19T12:00:00,2026-09-20 19:00:00,2026-09-21 03:00:00,30-31,27,72,0,8,3.4,NE,66,SW,,,0,Cerah,Sunny,https://api-apps.bmkg.go.id/storage/icon/cuaca/cerah-pm.svg,2026-09-20T19:00:00Z
73,73.71,73.71.10,73.71.10.1002,73.71.10.1002,Sulawesi Selatan,Kota Makassar,Tamalate,Maccini Sombala,2026-09-19T12:00:00,2026-09-20 22:00:00,2026-09-21 06:00:00,33-34,27,70,0,62,4.9,S,192,N,,,2,Cerah Berawan,Partly Cloudy,https://api-apps.bmkg.go.id/storage/icon/cuaca/cerah berawan-am.svg,2026-09-20T22:00:00Z
73,73.71,73.71.10,73.71.10.1002,73.71.10.1002,Sulawesi Selatan,Kota Makassar,Tamalate,Maccini Sombala,2026-09-19T12:00:00,2026-09-21 01:00:00,2026-09-21 09:00:00,36-37,29,68,0,34,12.6,SW,236,NE,,,1,Cerah,Sunny,https://api-apps.bmkg.go.id/storage/icon/cuaca/cerah-am.svg,2026-09-21T01:00:00Z
73,73.71,73.71.10,73.71.10.1002,73.71.10.1002,Sulawesi Selatan,Kota Makassar,Tamalate,Maccini Sombala,2026-09-19T12:00:00,2026-09-21 04:00:00,2026-09-21 12:00:00,39-40,29,71,0,17,16.2,SW,245,NE,,,1,Cerah,Sunny,https://api-apps.bmkg.go.id/storage/icon/cuaca/cerah-am.svg,2026-09-21T04:00:00Z
73,73.71,73.71.10,73.71.10.1002,73.71.10.1002,Sulawesi Selatan,Kota Makassar,Tamalate,Maccini Sombala,2026-09-19T12:00:00,2026-09-21 07:00:00,2026-09-21 15:00:00,42-43,30,70,0,30,5,SW,252,NE,,,1,Cerah,Sunny,https://api-apps.bmkg.go.id/storage/icon/cuaca/cerah-am.svg,2026-09-21T07:00:00Z
73,73.71,73.71.10,73.71.10.1002,73.71.10.1002,Sulawesi Selatan,Kota Makassar,Tamalate,Maccini Sombala,2026-09-19T12:00:00,2026-09-21 10:00:00,2026-09-21 18:00:00,45-46,30,70,0,24,4.1,N,2,S,,,1,Cerah,Sunny,https://api-apps.bmkg.go.id/storage/icon/cuaca/cerah-pm.svg,2026-09-21T10:00:00Z
73,73.71,73.71.10,73.71.10.1002,73.71.10.1002,Sulawesi Selatan,Kota Makassar,Tamalate,Maccini Sombala,2026-09-19T12:00:00,2026-09-21 13:00:00,2026-09-21 21:00:00,48-49,29,62,0,33,9.6,S,217,N,,,1,Cerah,Sunny,https://api-apps.bmkg.go.id/storage/icon/cuaca/cerah-pm.svg,2026-09-21T13:00:00Z
73,73.71,73.71.10,73.71.10.1002,73.71.10.1002,Sulawesi Selatan,Kota Makassar,Tamalate,Maccini Sombala,2026-09-19T12:00:00,2026-09-21 16:00:00,2026-09-22 00:00:00,51-52,27,72,0,49,6.4,W,294,E,,,1,Cerah,Sunny,https://api-apps.bmkg.go.id/storage/icon/cuaca/cerah-pm.svg,2026-09-21T16:00:00Z
73,73.71,73.71.10,73.71.10.1002,73.71.10.1002,Sulawesi Selatan,Kota Makassar,Tamalate,Maccini Sombala,2026-09-19T12:00:00,2026-09-21 19:00:00,2026-09-22 03:00:00,54-55,27,68,0,34,7.7,SE,178,NW,,,1,Cerah,Sunny,https://api-apps.bmkg.go.id/storage/icon/cuaca/cerah-pm.svg,2026-09-21T19:00:00Z
73,73.71,73.71.10,73.71.10.1002,73.71.10.1002,Sulawesi Selatan,Kota Makassar,Tamalate,Maccini Sombala,2026-09-19T12:00:00,2026-09-21 22:00:00,2026-09-22 06:00:00,57-58,27,71,0,2,6,W,296,E,,,0,Cerah,Sunny,https://api-apps.bmkg.go.id/storage/icon/cuaca/cerah-am.svg,2026-09-21T22:00:00Z
73,73.71,73.71.10,73.71.10.1003,73.71.10.1003,Sulawesi Selatan,Kota Makassar,Tamalate,Jongaya,2026-09-19T12:00:00,2026-09-19 15:00:00,2026-09-19 23:00:00,2-3,27,68,0,55,9,S,200,N,,,1,Cerah,Sunny,https://api-apps.bmkg.go.id/storage/icon/cuaca/cerah-pm.svg,2026-09-19T15:00:00Z
73,73.71,73.71.10,73.71.10.1003,73.71.10.1003,Sulawesi Selatan,Kota Makassar,Tamalate,Jongaya,2026-09-19T12:00:00,2026-09-19 18:00:00,2026-09-20 02:00:00,5-6,27,66,0,5,6.7,NW,326,SE,,,0,Cerah,Sunny,https://api-apps.bmkg.go.id/storage/icon/cuaca/cerah-pm.svg,2026-09-19T18:00:00Z
73,73.71,73.71.10,73.71.10.1003,73.71.10.1003,Sulawesi Selatan,Kota Makassar,Tamalate,Jongaya,2026-09-19T12:00:00,2026-09-19 21:00:00,2026-09-20 05:00:00,8-9,26,70,0,5,4.1,NE,75,SW,,,0,Cerah,Sunny,https://api-apps.bmkg.go.id/storage/icon/cuaca/cerah-pm.svg,2026-09-19T21:00:00Z
73,73.71,73.71.10,73.71.10.1003,73.71.10.1003,Sulawesi Selatan,Kota Makassar,Tamalate,Jongaya,2026-09-19T12:00:00,2026-09-20 00:00:00,2026-09-20 08:00:00,11-12,30,54,0,24,2.3,SW,261,NE,,,1,Cerah,Sunny,https://api-apps.bmkg.go.id/storage/icon/cuaca/cerah-am.svg,2026-09-20T00:00:00Z
73,73.71,73.71.10,73.71.10.1003,73.71.10.1003,Sulawesi Selatan,Kota Makassar,Tamalate,Jongaya,2026-09-19T12:00:00,2026-09-20 03:00:00,2026-09-20 11:00:00,14-15,30,62,0,28,15.2,SW,249,NE,,,1,Cerah,Sunny,https://api-apps.bmkg.go.id/storage/icon/cuaca/cerah-am.svg,2026-09-20T03:00:00Z
73,73.71,73.71.10,73.71.10.1003,73.71.10.1003,Sulawesi Selatan,Kota Makassar,Tamalate,Jongaya,2026-09-19T12:00:00,2026-09-20 06:00:00,2026-09-20 14:00:00,17-18,30,62,0,32,15.7,SW,256,NE,,,1,Cerah,Sunny,https://api-apps.bmkg.go.id/storage/icon/cuaca/cerah-am.svg,2026-09-20T06:00:00Z
73,73.71,73.71.10,73.71.10.1003,73.71.10.1003,Sulawesi Selatan,Kota Makassar,Tamalate,Jongaya,2026-09-19T12:00:00,2026-09-20 09:00:00,2026-09-20 17:00:00,20-21,28,74,0,24,13.3,SW,269,NE,,,1,Cerah,Sunny,https://api-apps.bmkg.go.id/storage/icon/cuaca/cerah-am.svg,2026-09-20T09:00:00Z
73,73.71,73.71.10,73.71.10.1003,73.71.10.1003,Sulawesi Selatan,Kota Makassar,Tamalate,Jongaya,2026-09-19T12:00:00,2026-09-20 12:00:00,2026-09-20 20:00:00,23-24,28,72,0,0,6.3,NE,67,SW,,,0,Cerah,Sunny,https://api-apps.bmkg.go.id/storage/icon/cuaca/cerah-pm.svg,2026-09-20T12:00:00Z
73,73.71,73.71.10,73.71.10.1003,73.71.10.1003,Sulawesi Selatan,Kota Makassar,Tamalate,Jongaya,2026-09-19T12:00:00,2026-09-20 15:00:00,2026-09-20 23:00:00,26-27,27,72,0,0,4.3,S,193,N,,,0,Cerah,Sunny,https://api-apps.bmkg.go.id/storage/icon/cuaca/cerah-pm.svg,2026-09-20T15:00:00Z
73,73.71,73.71.10,73.71.10.1003,73.71.10.1003,Sulawesi Selatan,Kota Makassar,Tamalate,Jongaya,2026-09-19T12:00:00,2026-09-20 18:00:00,2026-09-21 02:00:00,29-30,26,75,0,0,6,SW,232,NE,,,0,Cerah,Sunny,https://api-apps.bmkg.go.id/storage/icon/cuaca/cerah-pm.svg,2026-09-20T18:00:00Z
73,73.71,73.71.10,73.71.10.1003,73.71.10.1003,Sulawesi Selatan,Kota Makassar,Tamalate,Jongaya,2026-09-19T12:00:00,2026-09-20 21:00:00,2026-09-21 05:00:00,32-33,26,76,0,56,3.4,NE,66,SW,,,1,Cerah,Sunny,https://api-apps.bmkg.go.id/storage/icon/cuaca/cerah-pm.svg,2026-09-20T21:00:00Z
73,73.71,73.71.10,73.71.10.1003,73.71.10.1003,Sulawesi Selatan,Kota Makassar,Tamalate,Jongaya,2026-09-19T12:00:00,2026-09-21 00:00:00,2026-09-21 08:00:00,35-36,29,63,0,25,4.9,S,192,N,,,1,Cerah,Sunny,https://api-apps.bmkg.go.id/storage/icon/cuaca/cerah-am.svg,2026-09-21T00:00:00Z
73,73.71,73.71.10,73.71.10.1003,73.71.10.1003,Sulawesi Selatan,Kota Makassar,Tamalate,Jongaya,2026-09-19T12:00:00,2026-09-21 03:00:00,2026-09-21 11:00:00,38-39,30,65,0,17,12.6,SW,236,NE,,,1,Cerah,Sunny,https://api-apps.bmkg.go.id/storage/icon/cuaca/cerah-am.svg,2026-09-21T03:00:00Z
73,73.71,73.71.10,73.71.10.1003,73.71.10.1003,Sulawesi Selatan,Kota Makassar,Tamalate,Jongaya,2026-09-19T12:00:00,2026-09-21 06:00:00,2026-09-21 14:00:00,41-42,31,61,0,37,16.2,SW,245,NE,,,1,Cerah,Sunny,https://api-apps.bmkg.go.id/storage/icon/cuaca/cerah-am.svg,2026-09-21T06:00:00Z
73,73.71,73.71.10,73.71.10.1003,73.71.10.1003,Sulawesi Selatan,Kota Makassar,Tamalate,Jongaya,2026-09-19T12:00:00,2026-09-21 09:00:00,2026-09-21 17:00:00,44-45,30,63,0,23,5,SW,252,NE,,,1,Cerah,Sunny,https://api-apps.bmkg.go.id/storage/icon/cuaca/cerah-am.svg,2026-09-21T09:00:00Z
73,73.71,73.71.10,73.71.10.1003,73.71.10.1003,Sulawesi Selatan,Kota Makassar,Tamalate,Jongaya,2026-09-19T12:00:00,2026-09-21 12:00:00,2026-09-21 20:00:00,47-48,29,59,0,3,4.1,N,2,S,,,0,Cerah,Sunny,https://api-apps.bmkg.go.id/storage/icon/cuaca/cerah-pm.svg,2026-09-21T12:00:00Z
73,73.71,73.71.10,73.71.10.1003,73.71.10.1003,Sulawesi Selatan,Kota Makassar,Tamalate,Jongaya,2026-09-19T12:00:00,2026-09-21 15:00:00,2026-09-21 23:00:00,50-51,27,70,0,81,9.6,S,217,N,,,2,Cerah Berawan,Partly Cloudy,https://api-apps.bmkg.go.id/storage/icon/cuaca/cerah berawan-pm.svg,2026-09-21T15:00:00Z
73,73.71,73.71.10,73.71.10.1004,73.71.10.1004,Sulawesi Selatan,Kota Makassar,Tamalate,Mangasa,2026-09-19T12:00:00,2026-09-19 16:00:00,2026-09-20 00:00:00,3-4,27,67,0,2,6.7,NW,326,SE,,,0,Cerah,Sunny,https://api-apps.bmkg.go.id/storage/icon/cuaca/cerah-pm.svg,2026-09-19T16:00:00Z
73,73.71,73.71.10,73.71.10.1004,73.71.10.1004,Sulawesi Selatan,Kota Makassar,Tamalate,Mangasa,2026-09-19T12:00:00,2026-09-19 19:00:00,2026-09-20 03:00:00,6-7,27,67,0,32,4.1,NE,75,SW,,,1,Cerah,Sunny,https://api-apps.bmkg.go.id/storage/icon/cuaca/cerah-pm.svg,2026-09-19T19:00:00Z
73,73.71,73.71.10,73.71.10.1004,73.71.10.1004,Sulawesi Selatan,Kota Makassar,Tamalate,Mangasa,2026-09-19T12:00:00,2026-09-19 22:00:00,2026-09-20 06:00:00,9-10,27,67,0,5,2.3,SW,261,NE,,,0,Cerah,Sunny,https://api-apps.bmkg.go.id/storage/icon/cuaca/cerah-am.svg,2026-09-19T22:00:00Z
73,73.71,73.71.10,73.71.10.1004,73.71.10.1004,Sulawesi Selatan,Kota Makassar,Tamalate,Mangasa,2026-09-19T12:00:00,2026-09-20 01:00:00,2026-09-20 09:00:00,12-13,30,55,0,24,15.2,SW,249,NE,,,1,Cerah,Sunny,https://api-apps.bmkg.go.id/storage/icon/cuaca/cerah-am.svg,2026-09-20T01:00:00Z
73,73.71,73.71.10,73.71.10.1004,73.71.10.1004,Sulawesi Selatan,Kota Makassar,Tamalate,Mangasa,2026-09-19T12:00:00,2026-09-20 04:00:00,2026-09-20 12:00:00,15-16,30,61,0,23,15.7,SW,256,NE,,,1,Cerah,Sunny,https://api-apps.bmkg.go.id/storage/icon/cuaca/cerah-am.svg,2026-09-20T04:00:00Z
73,73.71,73.71.10,73.71.10.1004,73.71.10.1004,Sulawesi Selatan,Kota Makassar,Tamalate,Mangasa,2026-09-19T12:00:00,2026-09-20 07:00:00,2026-09-20 15:00:00,18-19,29,66,0,29,13.3,SW,269,NE,,,1,Cerah,Sunny,https://api-apps.bmkg.go.id/storage/icon/cuaca/cerah-am.svg,2026-09-20T07:00:00Z
73,73.71,73.71.10,73.71.10.1004,73.71.10.1004,Sulawesi Selatan,Kota Makassar,Tamalate,Mangasa,2026-09-19T12:00:00,2026-09-20 10:00:00,2026-09-20 18:00:00,21-22,28,75,0,10,6.3,NE,67,SW,,,1,Cerah,Sunny,https://api-apps.bmkg.go.id/storage/icon/cuaca/cerah-pm.svg,2026-09-20T10:00:00Z
73,73.71,73.71.10,73.71.10.1004,73.71.10.1004,Sulawesi Selatan,Kota Makassar,Tamalate,Mangasa,2026-09-19T12:00:00,2026-09-20 13:00:00,2026-09-20 21:00:00,24-25,28,70,0,0,4.3,S,193,N,,,0,Cerah,Sunny,https://api-apps.bmkg.go.id/storage/icon/cuaca/cerah-pm.svg,2026-09-20T13:00:00Z
73,73.71,73.71.10,73.71.10.1004,73.71.10.1004,Sulawesi Selatan,Kota Makassar,Tamalate,Mangasa,2026-09-19T12:00:00,2026-09-20 16:00:00,2026-09-21 00:00:00,27-28,27,75,0,0,6,SW,232,NE,,,0,Cerah,Sunny,https://api-apps.bmkg.go.id/storage/icon/cuaca/cerah-pm.svg,2026-09-20T16:00:00Z
73,73.71,73.71.10,73.71.10.1004,73.71.10.1004,Sulawesi Selatan,Kota Makassar,Tamalate,Mangasa,2026-09-19T12:00:00,2026-09-20 19:00:00,2026-09-21 03:00:00,30-31,26,74,0,7,3.4,NE,66,SW,,,0,Cerah,Sunny,https://api-apps.bmkg.go.id/storage/icon/cuaca/cerah-pm.svg,2026-09-20T19:00:00Z
73,73.71,73.71.10,73.71.10.1004,73.71.10.1004,Sulawesi Selatan,Kota Makassar,Tamalate,Mangasa,2026-09-19T12:00:00,2026-09-20 22:00:00,2026-09-21 06:00:00,33-34,27,70,0,52,4.9,S,192,N,,,1,Cerah,Sunny,https://api-apps.bmkg.go.id/storage/icon/cuaca/cerah-am.svg,2026-09-20T22:00:00Z
73,73.71,73.71.10,73.71.10.1004,73.71.10.1004,Sulawesi Selatan,Kota Makassar,Tamalate,Mangasa,2026-09-19T12:00:00,2026-09-21 01:00:00,2026-09-21 09:00:00,36-37,30,63,0,23,12.6,SW,236,NE,,,1,Cerah,Sunny,https://api-apps.bmkg.go.id/storage/icon/cuaca/cerah-am.svg,2026-09-21T01:00:00Z
73,73.71,73.71.10,73.71.10.1004,73.71.10.1004,Sulawesi Selatan,Kota Makassar,Tamalate,Mangasa,2026-09-19T12:00:00,2026-09-21 04:00:00,2026-09-21 12:00:00,39-40,30,64,0,23,16.2,SW,245,NE,,,1,Cerah,Sunny,https://api-apps.bmkg.go.id/storage/icon/cuaca/cerah-am.svg,2026-09-21T04:00:00Z
73,73.71,73.71.10,73.71.10.1004,73.71.10.1004,Sulawesi Selatan,Kota Makassar,Tamalate,Mangasa,2026-09-19T12:00:00,2026-09-21 07:00:00,2026-09-21 15:00:00,42-43,32,60,0,37,5,SW,252,NE,,,1,Cerah,Sunny,https://api-apps.bmkg.go.id/storage/icon/cuaca/cerah-am.svg,2026-09-21T07:00:00Z
73,73.71,73.71.10,73.71.10.1004,73.71.10.1004,Sulawesi Selatan,Kota Makassar,Tamalate,Mangasa,2026-09-19T12:00:00,2026-09-21 10:00:00,2026-09-21 18:00:00,45-46,30,64,0,27,4.1,N,2,S,,,1,Cerah,Sunny,https://api-apps.bmkg.go.id/storage/icon/cuaca/cerah-pm.svg,2026-09-21T10:00:00Z
73,73.71,73.71.10,73.71.10.1004,73.71.10.1004,Sulawesi Selatan,Kota Makassar,Tamalate,Mangasa,2026-09-19T12:00:00,2026-09-21 13:00:00,2026-09-21 21:00:00,48-49,29,62,0,32,9.6,S,217,N,,,1,Cerah,Sunny,https://api-apps.bmkg.go.id/storage/icon/cuaca/cerah-pm.svg,2026-09-21T13:00:00Z
73,73.71,73.71.10,73.71.10.1004,73.71.10.1004,Sulawesi Selatan,Kota Makassar,Tamalate,Mangasa,2026-09-19T12:00:00,2026-09-21 16:00:00,2026-09-22 00:00:00,51-52,27,70,0,47,6.4,W,294,E,,,1,Cerah,Sunny,https://api-apps.bmkg.go.id/storage/icon/cuaca/cerah-pm.svg,2026-09-21T16:00:00Z
73,73.71,73.71.10,73.71.10.1004,73.71.10.1004,Sulawesi Selatan,Kota Makassar,Tamalate,Mangasa,2026-09-19T12:00:00,2026-09-21 19:00:00,2026-09-22 03:00:00,54-55,26,71,0,36,7.7,SE,178,NW,,,1,Cerah,Sunny,https://api-apps.bmkg.go.id/storage/icon/cuaca/cerah-pm.svg,2026-09-21T19:00:00Z
73,73.71,73.71.10,73.71.10.1004,73.71.10.1004,Sulawesi Selatan,Kota Makassar,Tamalate,Mangasa,2026-09-19T12:00:00,2026-09-21 22:00:00,2026-09-22 06:00:00,57-58,27,71,0,2,6,W,296,E,,,0,Cerah,Sunny,https://api-apps.bmkg.go.id/storage/icon/cuaca/cerah-am.svg,2026-09-21T22:00:00Z
73,73.71,73.71.10,73.71.10.1005,73.71.10.1005,Sulawesi Selatan,Kota Makassar,Tamalate,Bongaya,2026-09-19T12:00:00,2026-09-19 16:00:00,2026-09-20 00:00:00,3-4,27,67,0,2,6.7,NW,326,SE,,,0,Cerah,Sunny,https://api-apps.bmkg.go.id/storage/icon/cuaca/cerah-pm.svg,2026-09-19T16:00:00Z
73,73.71,73.71.10,73.71.10.1005,73.71.10.1005,Sulawesi Selatan,Kota Makassar,Tamalate,Bongaya,2026-09-19T12:00:00,2026-09-19 19:00:00,2026-09-20 03:00:00,6-7,27,67,0,32,4.1,NE,75,SW,,,1,Cerah,Sunny,https://api-apps.bmkg.go.id/storage/icon/cuaca/cerah-pm.svg,2026-09-19T19:00:00Z
73,73.71,73.71.10,73.71.10.1005,73.71.10.1005,Sulawesi Selatan,Kota Makassar,Tamalate,Bongaya,2026-09-19T12:00:00,2026-09-19 22:00:00,2026-09-20 06:00:00,9-10,27,67,0,5,2.3,SW,261,NE,,,0,Cerah,Sunny,https://api-apps.bmkg.go.id/storage/icon/cuaca/cerah-am.svg,2026-09-19T22:00:00Z
73,73.71,73.71.10,73.71.10.1005,73.71.10.1005,Sulawesi Selatan,Kota Makassar,Tamalate,Bongaya,2026-09-19T12:00:00,2026-09-20 01:00:00,2026-09-20 09:00:00,12-13,30,55,0,24,15.2,SW,249,NE,,,1,Cerah,Sunny,https://api-apps.bmkg.go.id/storage/icon/cuaca/cerah-am.svg,2026-09-20T01:00:00Z
73,73.71,73.71.10,73.71.10.1005,73.71.10.1005,Sulawesi Selatan,Kota Makassar,Tamalate,Bongaya,2026-09-19T12:00:00,2026-09-20 04:00:00,2026-09-20 12:00:00,15-16,30,61,0,23,15.7,SW,256,NE,,,1,Cerah,Sunny,https://api-apps.bmkg.go.id/storage/icon/cuaca/cerah-am.svg,2026-09-20T04:00:00Z
73,73.71,73.71.10,73.71.10.1005,73.71.10.1005,Sulawesi Selatan,Kota Makassar,Tamalate,Bongaya,2026-09-19T12:00:00,2026-09-20 07:00:00,2026-09-20 15:00:00,18-19,29,66,0,29,13.3,SW,269,NE,,,1,Cerah,Sunny,https://api-apps.bmkg.go.id/storage/icon/cuaca/cerah-am.svg,2026-09-20T07:00:00Z
73,73.71,73.71.10,73.71.10.1005,73.71.10.1005,Sulawesi Selatan,Kota Makassar,Tamalate,Bongaya,2026-09-19T12:00:00,2026-09-20 10:00:00,2026-09-20 18:00:00,21-22,28,75,0,10,6.3,NE,67,SW,,,1,Cerah,Sunny,https://api-apps.bmkg.go.id/storage/icon/cuaca/cerah-pm.svg,2026-09-20T10:00:00Z
73,73.71,73.71.10,73.71.10.1005,73.71.10.1005,Sulawesi Selatan,Kota Makassar,Tamalate,Bongaya,2026-09-19T12:00:00,2026-09-20 13:00:00,2026-09-20 21:00:00,24-25,28,70,0,0,4.3,S,193,N,,,0,Cerah,Sunny,https://api-apps.bmkg.go.id/storage/icon/cuaca/cerah-pm.svg,2026-09-20T13:00:00Z
73,73.71,73.71.10,73.71.10.1005,73.71.10.1005,Sulawesi Selatan,Kota Makassar,Tamalate,Bongaya,2026-09-19T12:00:00,2026-09-20 16:00:00,2026-09-21 00:00:00,27-28,27,75,0,0,6,SW,232,NE,,,0,Cerah,Sunny,https://api-apps.bmkg.go.id/storage/icon/cuaca/cerah-pm.svg,2026-09-20T16:00:00Z
73,73.71,73.71.10,73.71.10.1005,73.71.10.1005,Sulawesi Selatan,Kota Makassar,Tamalate,Bongaya,2026-09-19T12:00:00,2026-09-20 19:00:00,2026-09-21 03:00:00,30-31,26,74,0,7,3.4,NE,66,SW,,,0,Cerah,Sunny,https://api-apps.bmkg.go.id/storage/icon/cuaca/cerah-pm.svg,2026-09-20T19:00:00Z
73,73.71,73.71.10,73.71.10.1005,73.71.10.1005,Sulawesi Selatan,Kota Makassar,Tamalate,Bongaya,2026-09-19T12:00:00,2026-09-20 22:00:00,2026-09-21 06:00:00,33-34,27,70,0,52,4.9,S,192,N,,,1,Cerah,Sunny,https://api-apps.bmkg.go.id/storage/icon/cuaca/cerah-am.svg,2026-09-20T22:00:00Z
73,73.71,73.71.10,73.71.10.1005,73.71.10.1005,Sulawesi Selatan,Kota Makassar,Tamalate,Bongaya,2026-09-19T12:00:00,2026-09-21 01:00:00,2026-09-21 09:00:00,36-37,30,63,0,23,12.6,SW,236,NE,,,1,Cerah,Sunny,https://api-apps.bmkg.go.id/storage/icon/cuaca/cerah-am.svg,2026-09-21T01:00:00Z
73,73.71,73.71.10,73.71.10.1005,73.71.10.1005,Sulawesi Selatan,Kota Makassar,Tamalate,Bongaya,2026-09-19T12:00:00,2026-09-21 04:00:00,2026-09-21 12:00:00,39-40,30,64,0,23,16.2,SW,245,NE,,,1,Cerah,Sunny,https://api-apps.bmkg.go.id/storage/icon/cuaca/cerah-am.svg,2026-09-21T04:00:00Z
73,73.71,73.71.10,73.71.10.1005,73.71.10.1005,Sulawesi Selatan,Kota Makassar,Tamalate,Bongaya,2026-09-19T12:00:00,2026-09-21 07:00:00,2026-09-21 15:00:00,42-43,32,60,0,37,5,SW,252,NE,,,1,Cerah,Sunny,https://api-apps.bmkg.go.id/storage/icon/cuaca/cerah-am.svg,2026-09-21T07:00:00Z
73,73.71,73.71.10,73.71.10.1005,73.71.10.1005,Sulawesi Selatan,Kota Makassar,Tamalate,Bongaya,2026-09-19T12:00:00,2026-09-21 10:00:00,2026-09-21 18:00:00,45-46,30,64,0,27,4.1,N,2,S,,,1,Cerah,Sunny,https://api-apps.bmkg.go.id/storage/icon/cuaca/cerah-pm.svg,2026-09-21T10:00:00Z
73,73.71,73.71.10,73.71.10.1005,73.71.10.1005,Sulawesi Selatan,Kota Makassar,Tamalate,Bongaya,2026-09-19T12:00:00,2026-09-21 13:00:00,2026-09-21 21:00:00,48-49,29,62,0,32,9.6,S,217,N,,,1,Cerah,Sunny,https://api-apps.bmkg.go.id/storage/icon/cuaca/cerah-pm.svg,2026-09-21T13:00:00Z
73,73.71,73.71.10,73.71.10.1005,73.71.10.1005,Sulawesi Selatan,Kota Makassar,Tamalate,Bongaya,2026-09-19T12:00:00,2026-09-21 16:00:00,2026-09-22 00:00:00,51-52,27,70,0,47,6.4,W,294,E,,,1,Cerah,Sunny,https://api-apps.bmkg.go.id/storage/icon/cuaca/cerah-pm.svg,2026-09-21T16:00:00Z
73,73.71,73.71.10,73.71.10.1005,73.71.10.1005,Sulawesi Selatan,Kota Makassar,Tamalate,Bongaya,2026-09-19T12:00:00,2026-09-21 19:00:00,2026-09-22 03:00:00,54-55,26,71,0,36,7.7,SE,178,NW,,,1,Cerah,Sunny,https://api-apps.bmkg.go.id/storage/icon/cuaca/cerah-pm.svg,2026-09-21T19:00:00Z
73,73.71,73.71.10,73.71.10.1005,73.71.10.1005,Sulawesi Selatan,Kota Makassar,Tamalate,Bongaya,2026-09-19T12:00:00,2026-09-21 22:00:00,2026-09-22 06:00:00,57-58,27,71,0,2,6,W,296,E,,,0,Cerah,Sunny,https://api-apps.bmkg.go.id/storage/icon/cuaca/cerah-am.svg,2026-09-21T22:00:00Z
73,73.71,73.71.10,73.71.10.1006,73.71.10.1006,Sulawesi Selatan,Kota Makassar,Tamalate,Balang Baru,2026-09-19T12:00:00,2026-09-19 16:00:00,2026-09-20 00:00:00,3-4,27,67,0,2,6.7,NW,326,SE,,,0,Cerah,Sunny,https://api-apps.bmkg.go.id/storage/icon/cuaca/cerah-pm.svg,2026-09-19T16:00:00Z
73,73.71,73.71.10,73.71.10.1006,73.71.10.1006,Sulawesi Selatan,Kota Makassar,Tamalate,Balang Baru,2026-09-19T12:00:00,2026-09-19 19:00:00,2026-09-20 03:00:00,6-7,27,67,0,32,4.1,NE,75,SW,,,1,Cerah,Sunny,https://api-apps.bmkg.go.id/storage/icon/cuaca/cerah-pm.svg,2026-09-19T19:00:00Z
73,73.71,73.71.10,73.71.10.1006,73.71.10.1006,Sulawesi Selatan,Kota Makassar,Tamalate,Balang Baru,2026-09-19T12:00:00,2026-09-19 22:00:00,2026-09-20 06:00:00,9-10,27,67,0,5,2.3,SW,261,NE,,,0,Cerah,Sunny,https://api-apps.bmkg.go.id/storage/icon/cuaca/cerah-am.svg,2026-09-19T22:00:00Z
73,73.71,73.71.10,73.71.10.1006,73.71.10.1006,Sulawesi Selatan,Kota Makassar,Tamalate,Balang Baru,2026-09-19T12:00:00,2026-09-20 01:00:00,2026-09-20 09:00:00,12-13,30,55,0,24,15.2,SW,249,NE,,,1,Cerah,Sunny,https://api-apps.bmkg.go.id/storage/icon/cuaca/cerah-am.svg,2026-09-20T01:00:00Z
73,73.71,73.71.10,73.71.10.1006,73.71.10.1006,Sulawesi Selatan,Kota Makassar,Tamalate,Balang Baru,2026-09-19T12:00:00,2026-09-20 04:00:00,2026-09-20 12:00:00,15-16,30,61,0,23,15.7,SW,256,NE,,,1,Cerah,Sunny,https://api-apps.bmkg.go.id/storage/icon/cuaca/cerah-am.svg,2026-09-20T04:00:00Z
73,73.71,73.71.10,73.71.10.1006,73.71.10.1006,Sulawesi Selatan,Kota Makassar,Tamalate,Balang Baru,2026-09-19T12:00:00,2026-09-20 07:00:00,2026-09-20 15:00:00,18-19,29,66,0,29,13.3,SW,269,NE,,,1,Cerah,Sunny,https://api-apps.bmkg.go.id/storage/icon/cuaca/cerah-am.svg,2026-09-20T07:00:00Z
73,73.71,73.71.10,73.71.10.1006,73.71.10.1006,Sulawesi Selatan,Kota Makassar,Tamalate,Balang Baru,2026-09-19T12:00:00,2026-09-20 10:00:00,2026-09-20 18:00:00,21-22,28,75,0,10,6.3,NE,67,SW,,,1,Cerah,Sunny,https://api-apps.bmkg.go.id/storage/icon/cuaca/cerah-pm.svg,2026-09-20T10:00:00Z
73,73.71,73.71.10,73.71.10.1006,73.71.10.1006,Sulawesi Selatan,Kota Makassar,Tamalate,Balang Baru,2026-09-19T12:00:00,2026-09-20 13:00:00,2026-09-20 21:00:00,24-25,28,70,0,0,4.3,S,193,N,,,0,Cerah,Sunny,https://api-apps.bmkg.go.id/storage/icon/cuaca/cerah-pm.svg,2026-09-20T13:00:00Z
73,73.71,73.71.10,73.71.10.1006,73.71.10.1006,Sulawesi Selatan,Kota Makassar,Tamalate,Balang Baru,2026-09-19T12:00:00,2026-09-20 16:00:00,2026-09-21 00:00:00,27-28,27,75,0,0,6,SW,232,NE,,,0,Cerah,Sunny,https://api-apps.bmkg.go.id/storage/icon/cuaca/cerah-pm.svg,2026-09-20T16:00:00Z
73,73.71,73.71.10,73.71.10.1006,73.71.10.1006,Sulawesi Selatan,Kota Makassar,Tamalate,Balang Baru,2026-09-19T12:00:00,2026-09-20 19:00:00,2026-09-21 03:00:00,30-31,26,74,0,7,3.4,NE,66,SW,,,0,Cerah,Sunny,https://api-apps.bmkg.go.id/storage/icon/cuaca/cerah-pm.svg,2026-09-20T19:00:00Z
73,73.71,73.71.10,73.71.10.1006,73.71.10.1006,Sulawesi Selatan,Kota Makassar,Tamalate,Balang Baru,2026-09-19T12:00:00,2026-09-20 22:00:00,2026-09-21 06:00:00,33-34,27,70,0,52,4.9,S,192,N,,,1,Cerah,Sunny,https://api-apps.bmkg.go.id/storage/icon/cuaca/cerah-am.svg,2026-09-20T22:00:00Z
73,73.71,73.71.10,73.71.10.1006,73.71.10.1006,Sulawesi Selatan,Kota Makassar,Tamalate,Balang Baru,2026-09-19T12:00:00,2026-09-21 01:00:00,2026-09-21 09:00:00,36-37,30,63,0,23,12.6,SW,236,NE,,,1,Cerah,Sunny,https://api-apps.bmkg.go.id/storage/icon/cuaca/cerah-am.svg,2026-09-21T01:00:00Z
73,73.71,73.71.10,73.71.10.1006,73.71.10.1006,Sulawesi Selatan,Kota Makassar,Tamalate,Balang Baru,2026-09-19T12:00:00,2026-09-21 04:00:00,2026-09-21 12:00:00,39-40,30,64,0,23,16.2,SW,245,NE,,,1,Cerah,Sunny,https://api-apps.bmkg.go.id/storage/icon/cuaca/cerah-am.svg,2026-09-21T04:00:00Z
73,73.71,73.71.10,73.71.10.1006,73.71.10.1006,Sulawesi Selatan,Kota Makassar,Tamalate,Balang Baru,2026-09-19T12:00:00,2026-09-21 07:00:00,2026-09-21 15:00:00,42-43,32,60,0,37,5,SW,252,NE,,,1,Cerah,Sunny,https://api-apps.bmkg.go.id/storage/icon/cuaca/cerah-am.svg,2026-09-21T07:00:00Z
73,73.71,73.71.10,73.71.10.1006,73.71.10.1006,Sulawesi Selatan,Kota Makassar,Tamalate,Balang Baru,2026-09-19T12:00:00,2026-09-21 10:00:00,2026-09-21 18:00:00,45-46,30,64,0,27,4.1,N,2,S,,,1,Cerah,Sunny,https://api-apps.bmkg.go.id/storage/icon/cuaca/cerah-pm.svg,2026-09-21T10:00:00Z
73,73.71,73.71.10,73.71.10.1006,73.71.10.1006,Sulawesi Selatan,Kota Makassar,Tamalate,Balang Baru,2026-09-19T12:00:00,2026-09-21 13:00:00,2026-09-21 21:00:00,48-49,29,62,0,32,9.6,S,217,N,,,1,Cerah,Sunny,https://api-apps.bmkg.go.id/storage/icon/cuaca/cerah-pm.svg,2026-09-21T13:00:00Z
73,73.71,73.71.10,73.71.10.1006,73.71.10.1006,Sulawesi Selatan,Kota Makassar,Tamalate,Balang Baru,2026-09-19T12:00:00,2026-09-21 16:00:00,2026-09-22 00:00:00,51-52,27,70,0,47,6.4,W,294,E,,,1,Cerah,Sunny,https://api-apps.bmkg.go.id/storage/icon/cuaca/cerah-pm.svg,2026-09-21T16:00:00Z
73,73.71,73.71.10,73.71.10.1006,73.71.10.1006,Sulawesi Selatan,Kota Makassar,Tamalate,Balang Baru,2026-09-19T12:00:00,2026-09-21 19:00:00,2026-09-22 03:00:00,54-55,26,71,0,36,7.7,SE,178,NW,,,1,Cerah,Sunny,https://api-apps.bmkg.go.id/storage/icon/cuaca/cerah-pm.svg,2026-09-21T19:00:00Z
73,73.71,73.71.10,73.71.10.1006,73.71.10.1006,Sulawesi Selatan,Kota Makassar,Tamalate,Balang Baru,2026-09-19T12:00:00,2026-09-21 22:00:00,2026-09-22 06:00:00,57-58,27,71,0,2,6,W,296,E,,,0,Cerah,Sunny,https://api-apps.bmkg.go.id/storage/icon/cuaca/cerah-am.svg,2026-09-21T22:00:00Z
73,73.71,73.71.10,73.71.10.1007,73.71.10.1007,Sulawesi Selatan,Kota Makassar,Tamalate,Mannuruki,2026-09-19T12:00:00,2026-09-19 16:00:00,2026-09-20 00:00:00,3-4,27,67,0,2,6.7,NW,326,SE,,,0,Cerah,Sunny,https://api-apps.bmkg.go.id/storage/icon/cuaca/cerah-pm.svg,2026-09-19T16:00:00Z
73,73.71,73.71.10,73.71.10.1007,73.71.10.1007,Sulawesi Selatan,Kota Makassar,Tamalate,Mannuruki,2026-09-19T12:00:00,2026-09-19 19:00:00,2026-09-20 03:00:00,6-7,27,67,0,32,4.1,NE,75,SW,,,1,Cerah,Sunny,https://api-apps.bmkg.go.id/storage/icon/cuaca/cerah-pm.svg,2026-09-19T19:00:00Z
73,73.71,73.71.10,73.71.10.1007,73.71.10.1007,Sulawesi Selatan,Kota Makassar,Tamalate,Mannuruki,2026-09-19T12:00:00,2026-09-19 22:00:00,2026-09-20 06:00:00,9-10,27,67,0,5,2.3,SW,261,NE,,,0,Cerah,Sunny,https://api-apps.bmkg.go.id/storage/icon/cuaca/cerah-am.svg,2026-09-19T22:00:00Z
73,73.71,73.71.10,73.71.10.1007,73.71.10.1007,Sulawesi Selatan,Kota Makassar,Tamalate,Mannuruki,2026-09-19T12:00:00,2026-09-20 01:00:00,2026-09-20 09:00:00,12-13,30,55,0,24,15.2,SW,249,NE,,,1,Cerah,Sunny,https://api-apps.bmkg.go.id/storage/icon/cuaca/cerah-am.svg,2026-09-20T01:00:00Z
73,73.71,73.71.10,73.71.10.1007,73.71.10.1007,Sulawesi Selatan,Kota Makassar,Tamalate,Mannuruki,2026-09-19T12:00:00,2026-09-20 04:00:00,2026-09-20 12:00:00,15-16,30,61,0,23,15.7,SW,256,NE,,,1,Cerah,Sunny,https://api-apps.bmkg.go.id/storage/icon/cuaca/cerah-am.svg,2026-09-20T04:00:00Z
73,73.71,73.71.10,73.71.10.1007,73.71.10.1007,Sulawesi Selatan,Kota Makassar,Tamalate,Mannuruki,2026-09-19T12:00:00,2026-09-20 07:00:00,2026-09-20 15:00:00,18-19,29,66,0,29,13.3,SW,269,NE,,,1,Cerah,Sunny,https://api-apps.bmkg.go.id/storage/icon/cuaca/cerah-am.svg,2026-09-20T07:00:00Z
73,73.71,73.71.10,73.71.10.1007,73.71.10.1007,Sulawesi Selatan,Kota Makassar,Tamalate,Mannuruki,2026-09-19T12:00:00,2026-09-20 10:00:00,2026-09-20 18:00:00,21-22,28,75,0,10,6.3,NE,67,SW,,,1,Cerah,Sunny,https://api-apps.bmkg.go.id/storage/icon/cuaca/cerah-pm.svg,2026-09-20T10:00:00Z
73,73.71,73.71.10,73.71.10.1007,73.71.10.1007,Sulawesi Selatan,Kota Makassar,Tamalate,Mannuruki,2026-09-19T12:00:00,2026-09-20 13:00:00,2026-09-20 21:00:00,24-25,28,70,0,0,4.3,S,193,N,,,0,Cerah,Sunny,https://api-apps.bmkg.go.id/storage/icon/cuaca/cerah-pm.svg,2026-09-20T13:00:00Z
73,73.71,73.71.10,73.71.10.1007,73.71.10.1007,Sulawesi Selatan,Kota Makassar,Tamalate,Mannuruki,2026-09-19T12:00:00,2026-09-20 16:00:00,2026-09-21 00:00:00,27-28,27,75,0,0,6,SW,232,NE,,,0,Cerah,Sunny,https://api-apps.bmkg.go.id/storage/icon/cuaca/cerah-pm.svg,2026-09-20T16:00:00Z
73,73.71,73.71.10,73.71.10.1007,73.71.10.1007,Sulawesi Selatan,Kota Makassar,Tamalate,Mannuruki,2026-09-19T12:00:00,2026-09-20 19:00:00,2026-09-21 03:00:00,30-31,26,74,0,7,3.4,NE,66,SW,,,0,Cerah,Sunny,https://api-apps.bmkg.go.id/storage/icon/cuaca/cerah-pm.svg,2026-09-20T19:00:00Z
73,73.71,73.71.10,73.71.10.1007,73.71.10.1007,Sulawesi Selatan,Kota Makassar,Tamalate,Mannuruki,2026-09-19T12:00:00,2026-09-20 22:00:00,2026-09-21 06:00:00,33-34,27,70,0,52,4.9,S,192,N,,,1,Cerah,Sunny,https://api-apps.bmkg.go.id/storage/icon/cuaca/cerah-am.svg,2026-09-20T22:00:00Z
73,73.71,73.71.10,73.71.10.1007,73.71.10.1007,Sulawesi Selatan,Kota Makassar,Tamalate,Mannuruki,2026-09-19T12:00:00,2026-09-21 01:00:00,2026-09-21 09:00:00,36-37,30,63,0,23,12.6,SW,236,NE,,,1,Cerah,Sunny,https://api-apps.bmkg.go.id/storage/icon/cuaca/cerah-am.svg,2026-09-21T01:00:00Z
73,73.71,73.71.10,73.71.10.1007,73.71.10.1007,Sulawesi Selatan,Kota Makassar,Tamalate,Mannuruki,2026-09-19T12:00:00,2026-09-21 04:00:00,2026-09-21 12:00:00,39-40,30,64,0,23,16.2,SW,245,NE,,,1,Cerah,Sunny,https://api-apps.bmkg.go.id/storage/icon/cuaca/cerah-am.svg,2026-09-21T04:00:00Z
73,73.71,73.71.10,73.71.10.1007,73.71.10.1007,Sulawesi Selatan,Kota Makassar,Tamalate,Mannuruki,2026-09-19T12:00:00,2026-09-21 07:00:00,2026-09-21 15:00:00,42-43,32,60,0,37,5,SW,252,NE,,,1,Cerah,Sunny,https://api-apps.bmkg.go.id/storage/icon/cuaca/cerah-am.svg,2026-09-21T07:00:00Z
73,73.71,73.71.10,73.71.10.1007,73.71.10.1007,Sulawesi Selatan,Kota Makassar,Tamalate,Mannuruki,2026-09-19T12:00:00,2026-09-21 10:00:00,2026-09-21 18:00:00,45-46,30,64,0,27,4.1,N,2,S,,,1,Cerah,Sunny,https://api-apps.bmkg.go.id/storage/icon/cuaca/cerah-pm.svg,2026-09-21T10:00:00Z
73,73.71,73.71.10,73.71.10.1007,73.71.10.1007,Sulawesi Selatan,Kota Makassar,Tamalate,Mannuruki,2026-09-19T12:00:00,2026-09-21 13:00:00,2026-09-21 21:00:00,48-49,29,62,0,32,9.6,S,217,N,,,1,Cerah,Sunny,https://api-apps.bmkg.go.id/storage/icon/cuaca/cerah-pm.svg,2026-09-21T13:00:00Z
73,73.71,73.71.10,73.71.10.1007,73.71.10.1007,Sulawesi Selatan,Kota Makassar,Tamalate,Mannuruki,2026-09-19T12:00:00,2026-09-21 16:00:00,2026-09-22 00:00:00,51-52,27,70,0,47,6.4,W,294,E,,,1,Cerah,Sunny,https://api-apps.bmkg.go.id/storage/icon/cuaca/cerah-pm.svg,2026-09-21T16:00:00Z
73,73.71,73.71.10,73.71.10.1007,73.71.10.1007,Sulawesi Selatan,Kota Makassar,Tamalate,Mannuruki,2026-09-19T12:00:00,2026-09-21 19:00:00,2026-09-22 03:00:00,54-55,26,71,0,36,7.7,SE,178,NW,,,1,Cerah,Sunny,https://api-apps.bmkg.go.id/storage/icon/cuaca/cerah-pm.svg,2026-09-21T19:00:00Z
73,73.71,73.71.10,73.71.10.1007,73.71.10.1007,Sulawesi Selatan,Kota Makassar,Tamalate,Mannuruki,2026-09-19T12:00:00,2026-09-21 22:00:00,2026-09-22 06:00:00,57-58,27,71,0,2,6,W,296,E,,,0,Cerah,Sunny,https://api-apps.bmkg.go.id/storage/icon/cuaca/cerah-am.svg,2026-09-21T22:00:00Z
73,73.71,73.71.10,73.71.10.1008,73.71.10.1008,Sulawesi Selatan,Kota Makassar,Tamalate,Pa'Baeng-Baeng,2026-09-19T12:00:00,2026-09-19 16:00:00,2026-09-20 00:00:00,3-4,27,67,0,2,6.7,NW,326,SE,,,0,Cerah,Sunny,https://api-apps.bmkg.go.id/storage/icon/cuaca/cerah-pm.svg,2026-09-19T16:00:00Z
73,73.71,73.71.10,73.71.10.1008,73.71.10.1008,Sulawesi Selatan,Kota Makassar,Tamalate,Pa'Baeng-Baeng,2026-09-19T12:00:00,2026-09-19 19:00:00,2026-09-20 03:00:00,6-7,27,67,0,32,4.1,NE,75,SW,,,1,Cerah,Sunny,https://api-apps.bmkg.go.id/storage/icon/cuaca/cerah-pm.svg,2026-09-19T19:00:00Z
73,73.71,73.71.10,73.71.10.1008,73.71.10.1008,Sulawesi Selatan,Kota Makassar,Tamalate,Pa'Baeng-Baeng,2026-09-19T12:00:00,2026-09-19 22:00:00,2026-09-20 06:00:00,9-10,27,67,0,5,2.3,SW,261,NE,,,0,Cerah,Sunny,https://api-apps.bmkg.go.id/storage/icon/cuaca/cerah-am.svg,2026-09-19T22:00:00Z
73,73.71,73.71.10,73.71.10.1008,73.71.10.1008,Sulawesi Selatan,Kota Makassar,Tamalate,Pa'Baeng-Baeng,2026-09-19T12:00:00,2026-09-20 01:00:00,2026-09-20 09:00:00,12-13,30,55,0,24,15.2,SW,249,NE,,,1,Cerah,Sunny,https://api-apps.bmkg.go.id/storage/icon/cuaca/cerah-am.svg,2026-09-20T01:00:00Z
73,73.71,73.71.10,73.71.10.1008,73.71.10.1008,Sulawesi Selatan,Kota Makassar,Tamalate,Pa'Baeng-Baeng,2026-09-19T12:00:00,2026-09-20 04:00:00,2026-09-20 12:00:00,15-16,30,61,0,23,15.7,SW,256,NE,,,1,Cerah,Sunny,https://api-apps.bmkg.go.id/storage/icon/cuaca/cerah-am.svg,2026-09-20T04:00:00Z
73,73.71,73.71.10,73.71.10.1008,73.71.10.1008,Sulawesi Selatan,Kota Makassar,Tamalate,Pa'Baeng-Baeng,2026-09-19T12:00:00,2026-09-20 07:00:00,2026-09-20 15:00:00,18-19,29,66,0,29,13.3,SW,269,NE,,,1,Cerah,Sunny,https://api-apps.bmkg.go.id/storage/icon/cuaca/cerah-am.svg,2026-09-20T07:00:00Z
73,73.71,73.71.10,73.71.10.1008,73.71.10.1008,Sulawesi Selatan,Kota Makassar,Tamalate,Pa'Baeng-Baeng,2026-09-19T12:00:00,2026-09-20 10:00:00,2026-09-20 18:00:00,21-22,28,75,0,10,6.3,NE,67,SW,,,1,Cerah,Sunny,https://api-apps.bmkg.go.id/storage/icon/cuaca/cerah-pm.svg,2026-09-20T10:00:00Z
73,73.71,73.71.10,73.71.10.1008,73.71.10.1008,Sulawesi Selatan,Kota Makassar,Tamalate,Pa'Baeng-Baeng,2026-09-19T12:00:00,2026-09-20 13:00:00,2026-09-20 21:00:00,24-25,28,70,0,0,4.3,S,193,N,,,0,Cerah,Sunny,https://api-apps.bmkg.go.id/storage/icon/cuaca/cerah-pm.svg,2026-09-20T13:00:00Z
73,73.71,73.71.10,73.71.10.1008,73.71.10.1008,Sulawesi Selatan,Kota Makassar,Tamalate,Pa'Baeng-Baeng,2026-09-19T12:00:00,2026-09-20 16:00:00,2026-09-21 00:00:00,27-28,27,75,0,0,6,SW,232,NE,,,0,Cerah,Sunny,https://api-apps.bmkg.go.id/storage/icon/cuaca/cerah-pm.svg,2026-09-20T16:00:00Z
73,73.71,73.71.10,73.71.10.1008,73.71.10.1008,Sulawesi Selatan,Kota Makassar,Tamalate,Pa'Baeng-Baeng,2026-09-19T12:00:00,2026-09-20 19:00:00,2026-09-21 03:00:00,30-31,26,74,0,7,3.4,NE,66,SW,,,0,Cerah,Sunny,https://api-apps.bmkg.go.id/storage/icon/cuaca/cerah-pm.svg,2026-09-20T19:00:00Z
73,73.71,73.71.10,73.71.10.1008,73.71.10.1008,Sulawesi Selatan,Kota Makassar,Tamalate,Pa'Baeng-Baeng,2026-09-19T12:00:00,2026-09-20 22:00:00,2026-09-21 06:00:00,33-34,27,70,0,52,4.9,S,192,N,,,1,Cerah,Sunny,https://api-apps.bmkg.go.id/storage/icon/cuaca/cerah-am.svg,2026-09-20T22:00:00Z
73,73.71,73.71.10,73.71.10.1008,73.71.10.1008,Sulawesi Selatan,Kota Makassar,Tamalate,Pa'Baeng-Baeng,2026-09-19T12:00:00,2026-09-21 01:00:00,2026-09-21 09:00:00,36-37,30,63,0,23,12.6,SW,236,NE,,,1,Cerah,Sunny,https://api-apps.bmkg.go.id/storage/icon/cuaca/cerah-am.svg,2026-09-21T01:00:00Z
73,73.71,73.71.10,73.71.10.1008,73.71.10.1008,Sulawesi Selatan,Kota Makassar,Tamalate,Pa'Baeng-Baeng,2026-09-19T12:00:00,2026-09-21 04:00:00,2026-09-21 12:00:00,39-40,30,64,0,23,16.2,SW,245,NE,,,1,Cerah,Sunny,https://api-apps.bmkg.go.id/storage/icon/cuaca/cerah-am.svg,2026-09-21T04:00:00Z
73,73.71,73.71.10,73.71.10.1008,73.71.10.1008,Sulawesi Selatan,Kota Makassar,Tamalate,Pa'Baeng-Baeng,2026-09-19T12:00:00,2026-09-21 07:00:00,2026-09-21 15:00:00,42-43,32,60,0,37,5,SW,252,NE,,,1,Cerah,Sunny,https://api-apps.bmkg.go.id/storage/icon/cuaca/cerah-am.svg,2026-09-21T07:00:00Z
73,73.71,73.71.10,73.71.10.1008,73.71.10.1008,Sulawesi Selatan,Kota Makassar,Tamalate,Pa'Baeng-Baeng,2026-09-19T12:00:00,2026-09-21 10:00:00,2026-09-21 18:00:00,45-46,30,64,0,27,4.1,N,2,S,,,1,Cerah,Sunny,https://api-apps.bmkg.go.id/storage/icon/cuaca/cerah-pm.svg,2026-09-21T10:00:00Z
73,73.71,73.71.10,73.71.10.1008,73.71.10.1008,Sulawesi Selatan,Kota Makassar,Tamalate,Pa'Baeng-Baeng,2026-09-19T12:00:00,2026-09-21 13:00:00,2026-09-21 21:00:00,48-49,29,62,0,32,9.6,S,217,N,,,1,Cerah,Sunny,https://api-apps.bmkg.go.id/storage/icon/cuaca/cerah-pm.svg,2026-09-21T13:00:00Z
73,73.71,73.71.10,73.71.10.1008,73.71.10.1008,Sulawesi Selatan,Kota Makassar,Tamalate,Pa'Baeng-Baeng,2026-09-19T12:00:00,2026-09-21 16:00:00,2026-09-22 00:00:00,51-52,27,70,0,47,6.4,W,294,E,,,1,Cerah,Sunny,https://api-apps.bmkg.go.id/storage/icon/cuaca/cerah-pm.svg,2026-09-21T16:00:00Z
73,73.71,73.71.10,73.71.10.1008,73.71.10.1008,Sulawesi Selatan,Kota Makassar,Tamalate,Pa'Baeng-Baeng,2026-09-19T12:00:00,2026-09-21 19:00:00,2026-09-22 03:00:00,54-55,26,71,0,36,7.7,SE,178,NW,,,1,Cerah,Sunny,https://api-apps.bmkg.go.id/storage/icon/cuaca/cerah-pm.svg,2026-09-21T19:00:00Z
73,73.71,73.71.10,73.71.10.1008,73.71.10.1008,Sulawesi Selatan,Kota Makassar,Tamalate,Pa'Baeng-Baeng,2026-09-19T12:00:00,2026-09-21 22:00:00,2026-09-22 06:00:00,57-58,27,71,0,2,6,W,296,E,,,0,Cerah,Sunny,https://api-apps.bmkg.go.id/storage/icon/cuaca/cerah-am.svg,2026-09-21T22:00:00Z
73,73.71,73.71.10,73.71.10.1009,73.71.10.1009,Sulawesi Selatan,Kota Makassar,Tamalate,Parang Tambung,2026-09-19T12:00:00,2026-09-19 16:00:00,2026-09-20 00:00:00,3-4,27,68,0,2,6.7,NW,326,SE,,,0,Cerah,Sunny,https://api-apps.bmkg.go.id/storage/icon/cuaca/cerah-pm.svg,2026-09-19T16:00:00Z
73,73.71,73.71.10,73.71.10.1009,73.71.10.1009,Sulawesi Selatan,Kota Makassar,Tamalate,Parang Tambung,2026-09-19T12:00:00,2026-09-19 19:00:00,2026-09-20 03:00:00,6-7,26,66,0,29,4.1,NE,75,SW,,,1,Cerah,Sunny,https://api-apps.bmkg.go.id/storage/icon/cuaca/cerah-pm.svg,2026-09-19T19:00:00Z
73,73.71,73.71.10,73.71.10.1009,73.71.10.1009,Sulawesi Selatan,Kota Makassar,Tamalate,Parang Tambung,2026-09-19T12:00:00,2026-09-19 22:00:00,2026-09-20 06:00:00,9-10,27,67,0,4,2.3,SW,261,NE,,,0,Cerah,Sunny,https://api-apps.bmkg.go.id/storage/icon/cuaca/cerah-am.svg,2026-09-19T22:00:00Z
73,73.71,73.71.10,73.71.10.1009,73.71.10.1009,Sulawesi Selatan,Kota Makassar,Tamalate,Parang Tambung,2026-09-19T12:00:00,2026-09-20 01:00:00,2026-09-20 09:00:00,12-13,30,54,0,26,15.2,SW,249,NE,,,1,Cerah,Sunny,https://api-apps.bmkg.go.id/storage/icon/cuaca/cerah-am.svg,2026-09-20T01:00:00Z
73,73.71,73.71.10,73.71.10.1009,73.71.10.1009,Sulawesi Selatan,Kota Makassar,Tamalate,Parang Tambung,2026-09-19T12:00:00,2026-09-20 04:00:00,2026-09-20 12:00:00,15-16,30,60,0,24,15.7,SW,256,NE,,,1,Cerah,Sunny,https://api-apps.bmkg.go.id/storage/icon/cuaca/cerah-am.svg,2026-09-20T04:00:00Z
73,73.71,73.71.10,73.71.10.1009,73.71.10.1009,Sulawesi Selatan,Kota Makassar,Tamalate,Parang Tambung,2026-09-19T12:00:00,2026-09-20 07:00:00,2026-09-20 15:00:00,18-19,29,65,0,30,13.3,SW,269,NE,,,1,Cerah,Sunny,https://api-apps.bmkg.go.id/storage/icon/cuaca/cerah-am.svg,2026-09-20T07:00:00Z
73,73.71,73.71.10,73.71.10.1009,73.71.10.1009,Sulawesi Selatan,Kota Makassar,Tamalate,Parang Tambung,2026-09-19T12:00:00,2026-09-20 10:00:00,2026-09-20 18:00:00,21-22,28,74,0,11,6.3,NE,67,SW,,,1,Cerah,Sunny,https://api-apps.bmkg.go.id/storage/icon/cuaca/cerah-pm.svg,2026-09-20T10:00:00Z
73,73.71,73.71.10,73.71.10.1009,73.71.10.1009,Sulawesi Selatan,Kota Makassar,Tamalate,Parang Tambung,2026-09-19T12:00:00,2026-09-20 13:00:00,2026-09-20 21:00:00,24-25,28,70,0,0,4.3,S,193,N,,,0,Cerah,Sunny,https://api-apps.bmkg.go.id/storage/icon/cuaca/cerah-pm.svg,2026-09-20T13:00:00Z
73,73.71,73.71.10,73.71.10.1009,73.71.10.1009,Sulawesi Selatan,Kota Makassar,Tamalate,Parang Tambung,2026-09-19T12:00:00,2026-09-20 16:00:00,2026-09-21 00:00:00,27-28,27,78,0,0,6,SW,232,NE,,,0,Cerah,Sunny,https://api-apps.bmkg.go.id/storage/icon/cuaca/cerah-pm.svg,2026-09-20T16:00:00Z
73,73.71,73.71.10,73.71.10.1009,73.71.10.1009,Sulawesi Selatan,Kota Makassar,Tamalate,Parang Tambung,2026-09-19T12:00:00,2026-09-20 19:00:00,2026-09-21 03:00:00,30-31,26,75,0,7,3.4,NE,66,SW,,,0,Cerah,Sunny,https://api-apps.bmkg.go.id/storage/icon/cuaca/cerah-pm.svg,2026-09-20T19:00:00Z
73,73.71,73.71.10,73.71.10.1009,73.71.10.1009,Sulawesi Selatan,Kota Makassar,Tamalate,Parang Tambung,2026-09-19T12:00:00,2026-09-20 22:00:00,2026-09-21 06:00:00,33-34,27,71,0,48,4.9,S,192,N,,,1,Cerah,Sunny,https://api-apps.bmkg.go.id/storage/icon/cuaca/cerah-am.svg,2026-09-20T22:00:00Z
73,73.71,73.71.10,73.71.10.1009,73.71.10.1009,Sulawesi Selatan,Kota Makassar,Tamalate,Parang Tambung,2026-09-19T12:00:00,2026-09-21 01:00:00,2026-09-21 09:00:00,36-37,30,62,0,15,12.6,SW,236,NE,,,1,Cerah,Sunny,https://api-apps.bmkg.go.id/storage/icon/cuaca/cerah-am.svg,2026-09-21T01:00:00Z
73,73.71,73.71.10,73.71.10.1009,73.71.10.1009,Sulawesi Selatan,Kota Makassar,Tamalate,Parang Tambung,2026-09-19T12:00:00,2026-09-21 04:00:00,2026-09-21 12:00:00,39-40,30,62,0,23,16.2,SW,245,NE,,,1,Cerah,Sunny,https://api-apps.bmkg.go.id/storage/icon/cuaca/cerah-am.svg,2026-09-21T04:00:00Z
73,73.71,73.71.10,73.71.10.1009,73.71.10.1009,Sulawesi Selatan,Kota Makassar,Tamalate,Parang Tambung,2026-09-19T12:00:00,2026-09-21 07:00:00,2026-09-21 15:00:00,42-43,32,55,0,39,5,SW,252,NE,,,1,Cerah,Sunny,https://api-apps.bmkg.go.id/storage/icon/cuaca/cerah-am.svg,2026-09-21T07:00:00Z
73,73.71,73.71.10,73.71.10.1009,73.71.10.1009,Sulawesi Selatan,Kota Makassar,Tamalate,Parang Tambung,2026-09-19T12:00:00,2026-09-21 10:00:00,2026-09-21 18:00:00,45-46,30,61,0,28,4.1,N,2,S,,,1,Cerah,Sunny,https://api-apps.bmkg.go.id/storage/icon/cuaca/cerah-pm.svg,2026-09-21T10:00:00Z
73,73.71,73.71.10,73.71.10.1009,73.71.10.1009,Sulawesi Selatan,Kota Makassar,Tamalate,Parang Tambung,2026-09-19T12:00:00,2026-09-21 13:00:00,2026-09-21 21:00:00,48-49,29,64,0,28,9.6,S,217,N,,,1,Cerah,Sunny,https://api-apps.bmkg.go.id/storage/icon/cuaca/cerah-pm.svg,2026-09-21T13:00:00Z
73,73.71,73.71.10,73.71.10.1009,73.71.10.1009,Sulawesi Selatan,Kota Makassar,Tamalate,Parang Tambung,2026-09-19T12:00:00,2026-09-21 16:00:00,2026-09-22 00:00:00,51-52,27,71,0,46,6.4,W,294,E,,,1,Cerah,Sunny,https://api-apps.bmkg.go.id/storage/icon/cuaca/cerah-pm.svg,2026-09-21T16:00:00Z
73,73.71,73.71.10,73.71.10.1009,73.71.10.1009,Sulawesi Selatan,Kota Makassar,Tamalate,Parang Tambung,2026-09-19T12:00:00,2026-09-21 19:00:00,2026-09-22 03:00:00,54-55,26,74,0,36,7.7,SE,178,NW,,,1,Cerah,Sunny,https://api-apps.bmkg.go.id/storage/icon/cuaca/cerah-pm.svg,2026-09-21T19:00:00Z
73,73.71,73.71.10,73.71.10.1009,73.71.10.1009,Sulawesi Selatan,Kota Makassar,Tamalate,Parang Tambung,2026-09-19T12:00:00,2026-09-21 22:00:00,2026-09-22 06:00:00,57-58,27,73,0,1,6,W,296,E,,,0,Cerah,Sunny,https://api-apps.bmkg.go.id/storage/icon/cuaca/cerah-am.svg,2026-09-21T22:00:00Z
73,73.71,73.71.10,73.71.10.1010,73.71.10.1010,Sulawesi Selatan,Kota Makassar,Tamalate,Tanjung Merdeka,2026-09-19T12:00:00,2026-09-19 15:00:00,2026-09-19 23:00:00,2-3,27,71,0,61,9,S,200,N,,,2,Cerah Berawan,Partly Cloudy,https://api-apps.bmkg.go.id/storage/icon/cuaca/cerah berawan-pm.svg,2026-09-19T15:00:00Z
73,73.71,73.71.10,73.71.10.1010,73.71.10.1010,Sulawesi Selatan,Kota Makassar,Tamalate,Tanjung Merdeka,2026-09-19T12:00:00,2026-09-19 18:00:00,2026-09-20 02:00:00,5-6,27,67,0,3,6.7,NW,326,SE,,,0,Cerah,Sunny,https://api-apps.bmkg.go.id/storage/icon/cuaca/cerah-pm.svg,2026-09-19T18:00:00Z
73,73.71,73.71.10,73.71.10.1010,73.71.10.1010,Sulawesi Selatan,Kota Makassar,Tamalate,Tanjung Merdeka,2026-09-19T12:00:00,2026-09-19 21:00:00,2026-09-20 05:00:00,8-9,26,69,0,5,4.1,NE,75,SW,,,0,Cerah,Sunny,https://api-apps.bmkg.go.id/storage/icon/cuaca/cerah-pm.svg,2026-09-19T21:00:00Z
73,73.71,73.71.10,73.71.10.1010,73.71.10.1010,Sulawesi Selatan,Kota Makassar,Tamalate,Tanjung Merdeka,2026-09-19T12:00:00,2026-09-20 00:00:00,2026-09-20 08:00:00,11-12,29,57,0,24,2.3,SW,261,NE,,,1,Cerah,Sunny,https://api-apps.bmkg.go.id/storage/icon/cuaca/cerah-am.svg,2026-09-20T00:00:00Z
73,73.71,73.71.10,73.71.10.1010,73.71.10.1010,Sulawesi Selatan,Kota Makassar,Tamalate,Tanjung Merdeka,2026-09-19T12:00:00,2026-09-20 03:00:00,2026-09-20 11:00:00,14-15,29,66,0,29,15.2,SW,249,NE,,,1,Cerah,Sunny,https://api-apps.bmkg.go.id/storage/icon/cuaca/cerah-am.svg,2026-09-20T03:00:00Z
73,73.71,73.71.10,73.71.10.1010,73.71.10.1010,Sulawesi Selatan,Kota Makassar,Tamalate,Tanjung Merdeka,2026-09-19T12:00:00,2026-09-20 06:00:00,2026-09-20 14:00:00,17-18,29,66,0,27,15.7,SW,256,NE,,,1,Cerah,Sunny,https://api-apps.bmkg.go.id/storage/icon/cuaca/cerah-am.svg,2026-09-20T06:00:00Z
73,73.71,73.71.10,73.71.10.1010,73.71.10.1010,Sulawesi Selatan,Kota Makassar,Tamalate,Tanjung Merdeka,2026-09-19T12:00:00,2026-09-20 09:00:00,2026-09-20 17:00:00,20-21,28,76,0,20,13.3,SW,269,NE,,,1,Cerah,Sunny,https://api-apps.bmkg.go.id/storage/icon/cuaca/cerah-am.svg,2026-09-20T09:00:00Z
73,73.71,73.71.10,73.71.10.1010,73.71.10.1010,Sulawesi Selatan,Kota Makassar,Tamalate,Tanjung Merdeka,2026-09-19T12:00:00,2026-09-20 12:00:00,2026-09-20 20:00:00,23-24,29,73,0,0,6.3,NE,67,SW,,,0,Cerah,Sunny,https://api-apps.bmkg.go.id/storage/icon/cuaca/cerah-pm.svg,2026-09-20T12:00:00Z
73,73.71,73.71.10,73.71.10.1010,73.71.10.1010,Sulawesi Selatan,Kota Makassar,Tamalate,Tanjung Merdeka,2026-09-19T12:00:00,2026-09-20 15:00:00,2026-09-20 23:00:00,26-27,27,72,0,0,4.3,S,193,N,,,0,Cerah,Sunny,https://api-apps.bmkg.go.id/storage/icon/cuaca/cerah-pm.svg,2026-09-20T15:00:00Z
73,73.71,73.71.10,73.71.10.1010,73.71.10.1010,Sulawesi Selatan,Kota Makassar,Tamalate,Tanjung Merdeka,2026-09-19T12:00:00,2026-09-20 18:00:00,2026-09-21 02:00:00,29-30,27,76,0,0,6,SW,232,NE,,,0,Cerah,Sunny,https://api-apps.bmkg.go.id/storage/icon/cuaca/cerah-pm.svg,2026-09-20T18:00:00Z
73,73.71,73.71.10,73.71.10.1010,73.71.10.1010,Sulawesi Selatan,Kota Makassar,Tamalate,Tanjung Merdeka,2026-09-19T12:00:00,2026-09-20 21:00:00,2026-09-21 05:00:00,32-33,26,76,0,52,3.4,NE,66,SW,,,1,Cerah,Sunny,https://api-apps.bmkg.go.id/storage/icon/cuaca/cerah-pm.svg,2026-09-20T21:00:00Z
73,73.71,73.71.10,73.71.10.1010,73.71.10.1010,Sulawesi Selatan,Kota Makassar,Tamalate,Tanjung Merdeka,2026-09-19T12:00:00,2026-09-21 00:00:00,2026-09-21 08:00:00,35-36,29,66,0,29,4.9,S,192,N,,,1,Cerah,Sunny,https://api-apps.bmkg.go.id/storage/icon/cuaca/cerah-am.svg,2026-09-21T00:00:00Z
73,73.71,73.71.10,73.71.10.1010,73.71.10.1010,Sulawesi Selatan,Kota Makassar,Tamalate,Tanjung Merdeka,2026-09-19T12:00:00,2026-09-21 03:00:00,2026-09-21 11:00:00,38-39,29,70,0,17,12.6,SW,236,NE,,,1,Cerah,Sunny,https://api-apps.bmkg.go.id/storage/icon/cuaca/cerah-am.svg,2026-09-21T03:00:00Z
73,73.71,73.71.10,73.71.10.1010,73.71.10.1010,Sulawesi Selatan,Kota Makassar,Tamalate,Tanjung Merdeka,2026-09-19T12:00:00,2026-09-21 06:00:00,2026-09-21 14:00:00,41-42,31,66,0,32,16.2,SW,245,NE,,,1,Cerah,Sunny,https://api-apps.bmkg.go.id/storage/icon/cuaca/cerah-am.svg,2026-09-21T06:00:00Z
73,73.71,73.71.10,73.71.10.1010,73.71.10.1010,Sulawesi Selatan,Kota Makassar,Tamalate,Tanjung Merdeka,2026-09-19T12:00:00,2026-09-21 09:00:00,2026-09-21 17:00:00,44-45,30,67,0,20,5,SW,252,NE,,,1,Cerah,Sunny,https://api-apps.bmkg.go.id/storage/icon/cuaca/cerah-am.svg,2026-09-21T09:00:00Z
73,73.71,73.71.10,73.71.10.1010,73.71.10.1010,Sulawesi Selatan,Kota Makassar,Tamalate,Tanjung Merdeka,2026-09-19T12:00:00,2026-09-21 12:00:00,2026-09-21 20:00:00,47-48,29,60,0,3,4.1,N,2,S,,,0,Cerah,Sunny,https://api-apps.bmkg.go.id/storage/icon/cuaca/cerah-pm.svg,2026-09-21T12:00:00Z
73,73.71,73.71.10,73.71.10.1010,73.71.10.1010,Sulawesi Selatan,Kota Makassar,Tamalate,Tanjung Merdeka,2026-09-19T12:00:00,2026-09-21 15:00:00,2026-09-21 23:00:00,50-51,27,73,0,81,9.6,S,217,N,,,2,Cerah Berawan,Partly Cloudy,https://api-apps.bmkg.go.id/storage/icon/cuaca/cerah berawan-pm.svg,2026-09-21T15:00:00Z
73,73.71,73.71.10,73.71.10.1011,73.71.10.1011,Sulawesi Selatan,Kota Makassar,Tamalate,Bonto Duri,2026-09-19T12:00:00,2026-09-19 16:00:00,2026-09-20 00:00:00,3-4,27,67,0,2,6.7,NW,326,SE,,,0,Cerah,Sunny,https://api-apps.bmkg.go.id/storage/icon/cuaca/cerah-pm.svg,2026-09-19T16:00:00Z
73,73.71,73.71.10,73.71.10.1011,73.71.10.1011,Sulawesi Selatan,Kota Makassar,Tamalate,Bonto Duri,2026-09-19T12:00:00,2026-09-19 19:00:00,2026-09-20 03:00:00,6-7,27,67,0,32,4.1,NE,75,SW,,,1,Cerah,Sunny,https://api-apps.bmkg.go.id/storage/icon/cuaca/cerah-pm.svg,2026-09-19T19:00:00Z
73,73.71,73.71.10,73.71.10.1011,73.71.10.1011,Sulawesi Selatan,Kota Makassar,Tamalate,Bonto Duri,2026-09-19T12:00:00,2026-09-19 22:00:00,2026-09-20 06:00:00,9-10,27,67,0,5,2.3,SW,261,NE,,,0,Cerah,Sunny,https://api-apps.bmkg.go.id/storage/icon/cuaca/cerah-am.svg,2026-09-19T22:00:00Z
73,73.71,73.71.10,73.71.10.1011,73.71.10.1011,Sulawesi Selatan,Kota Makassar,Tamalate,Bonto Duri,2026-09-19T12:00:00,2026-09-20 01:00:00,2026-09-20 09:00:00,12-13,30,55,0,24,15.2,SW,249,NE,,,1,Cerah,Sunny,https://api-apps.bmkg.go.id/storage/icon/cuaca/cerah-am.svg,2026-09-20T01:00:00Z
73,73.71,73.71.10,73.71.10.1011,73.71.10.1011,Sulawesi Selatan,Kota Makassar,Tamalate,Bonto Duri,2026-09-19T12:00:00,2026-09-20 04:00:00,2026-09-20 12:00:00,15-16,30,61,0,23,15.7,SW,256,NE,,,1,Cerah,Sunny,https://api-apps.bmkg.go.id/storage/icon/cuaca/cerah-am.svg,2026-09-20T04:00:00Z
73,73.71,73.71.10,73.71.10.1011,73.71.10.1011,Sulawesi Selatan,Kota Makassar,Tamalate,Bonto Duri,2026-09-19T12:00:00,2026-09-20 07:00:00,2026-09-20 15:00:00,18-19,29,66,0,29,13.3,SW,269,NE,,,1,Cerah,Sunny,https://api-apps.bmkg.go.id/storage/icon/cuaca/cerah-am.svg,2026-09-20T07:00:00Z
73,73.71,73.71.10,73.71.10.1011,73.71.10.1011,Sulawesi Selatan,Kota Makassar,Tamalate,Bonto Duri,2026-09-19T12:00:00,2026-09-20 10:00:00,2026-09-20 18:00:00,21-22,28,75,0,10,6.3,NE,67,SW,,,1,Cerah,Sunny,https://api-apps.bmkg.go.id/storage/icon/cuaca/cerah-pm.svg,2026-09-20T10:00:00Z
73,73.71,73.71.10,73.71.10.1011,73.71.10.1011,Sulawesi Selatan,Kota Makassar,Tamalate,Bonto Duri,2026-09-19T12:00:00,2026-09-20 13:00:00,2026-09-20 21:00:00,24-25,28,70,0,0,4.3,S,193,N,,,0,Cerah,Sunny,https://api-apps.bmkg.go.id/storage/icon/cuaca/cerah-pm.svg,2026-09-20T13:00:00Z
73,73.71,73.71.10,73.71.10.1011,73.71.10.1011,Sulawesi Selatan,Kota Makassar,Tamalate,Bonto Duri,2026-09-19T12:00:00,2026-09-20 16:00:00,2026-09-21 00:00:00,27-28,27,75,0,0,6,SW,232,NE,,,0,Cerah,Sunny,https://api-apps.bmkg.go.id/storage/icon/cuaca/cerah-pm.svg,2026-09-20T16:00:00Z
73,73.71,73.71.10,73.71.10.1011,73.71.10.1011,Sulawesi Selatan,Kota Makassar,Tamalate,Bonto Duri,2026-09-19T12:00:00,2026-09-20 19:00:00,2026-09-21 03:00:00,30-31,26,74,0,7,3.4,NE,66,SW,,,0,Cerah,Sunny,https://api-apps.bmkg.go.id/storage/icon/cuaca/cerah-pm.svg,2026-09-20T19:00:00Z
73,73.71,73.71.10,73.71.10.1011,73.71.10.1011,Sulawesi Selatan,Kota Makassar,Tamalate,Bonto Duri,2026-09-19T12:00:00,2026-09-20 22:00:00,2026-09-21 06:00:00,33-34,27,70,0,52,4.9,S,192,N,,,1,Cerah,Sunny,https://api-apps.bmkg.go.id/storage/icon/cuaca/cerah-am.svg,2026-09-20T22:00:00Z
73,73.71,73.71.10,73.71.10.1011,73.71.10.1011,Sulawesi Selatan,Kota Makassar,Tamalate,Bonto Duri,2026-09-19T12:00:00,2026-09-21 01:00:00,2026-09-21 09:00:00,36-37,30,63,0,23,12.6,SW,236,NE,,,1,Cerah,Sunny,https://api-apps.bmkg.go.id/storage/icon/cuaca/cerah-am.svg,2026-09-21T01:00:00Z
73,73.71,73.71.10,73.71.10.1011,73.71.10.1011,Sulawesi Selatan,Kota Makassar,Tamalate,Bonto Duri,2026-09-19T12:00:00,2026-09-21 04:00:00,2026-09-21 12:00:00,39-40,30,64,0,23,16.2,SW,245,NE,,,1,Cerah,Sunny,https://api-apps.bmkg.go.id/storage/icon/cuaca/cerah-am.svg,2026-09-21T04:00:00Z
73,73.71,73.71.10,73.71.10.1011,73.71.10.1011,Sulawesi Selatan,Kota Makassar,Tamalate,Bonto Duri,2026-09-19T12:00:00,2026-09-21 07:00:00,2026-09-21 15:00:00,42-43,32,60,0,37,5,SW,252,NE,,,1,Cerah,Sunny,https://api-apps.bmkg.go.id/storage/icon/cuaca/cerah-am.svg,2026-09-21T07:00:00Z
73,73.71,73.71.10,73.71.10.1011,73.71.10.1011,Sulawesi Selatan,Kota Makassar,Tamalate,Bonto Duri,2026-09-19T12:00:00,2026-09-21 10:00:00,2026-09-21 18:00:00,45-46,30,64,0,27,4.1,N,2,S,,,1,Cerah,Sunny,https://api-apps.bmkg.go.id/storage/icon/cuaca/cerah-pm.svg,2026-09-21T10:00:00Z
73,73.71,73.71.10,73.71.10.1011,73.71.10.1011,Sulawesi Selatan,Kota Makassar,Tamalate,Bonto Duri,2026-09-19T12:00:00,2026-09-21 13:00:00,2026-09-21 21:00:00,48-49,29,62,0,32,9.6,S,217,N,,,1,Cerah,Sunny,https://api-apps.bmkg.go.id/storage/icon/cuaca/cerah-pm.svg,2026-09-21T13:00:00Z
73,73.71,73.71.10,73.71.10.1011,73.71.10.1011,Sulawesi Selatan,Kota Makassar,Tamalate,Bonto Duri,2026-09-19T12:00:00,2026-09-21 16:00:00,2026-09-22 00:00:00,51-52,27,70,0,47,6.4,W,294,E,,,1,Cerah,Sunny,https://api-apps.bmkg.go.id/storage/icon/cuaca/cerah-pm.svg,2026-09-21T16:00:00Z
73,73.71,73.71.10,73.71.10.1011,73.71.10.1011,Sulawesi Selatan,Kota Makassar,Tamalate,Bonto Duri,2026-09-19T12:00:00,2026-09-21 19:00:00,2026-09-22 03:00:00,54-55,26,71,0,36,7.7,SE,178,NW,,,1,Cerah,Sunny,https://api-apps.bmkg.go.id/storage/icon/cuaca/cerah-pm.svg,2026-09-21T19:00:00Z
73,73.71,73.71.10,73.71.10.1011,73.71.10.1011,Sulawesi Selatan,Kota Makassar,Tamalate,Bonto Duri,2026-09-19T12:00:00,2026-09-21 22:00:00,2026-09-22 06:00:00,57-58,27,71,0,2,6,W,296,E,,,0,Cerah,Sunny,https://api-apps.bmkg.go.id/storage/icon/cuaca/cerah-am.svg,2026-09-21T22:00:00Z
73,73.71,73.71.11,73.71.11.1001,73.71.11.1001,Sulawesi Selatan,Kota Makassar,Biringkanaya,Paccerakkang,2026-09-19T12:00:00,2026-09-19 16:00:00,2026-09-20 00:00:00,3-4,27,54,0,5,7.1,N,29,S,,,0,Cerah,Sunny,https://api-apps.bmkg.go.id/storage/icon/cuaca/cerah-pm.svg,2026-09-19T16:00:00Z
73,73.71,73.71.11,73.71.11.1001,73.71.11.1001,Sulawesi Selatan,Kota Makassar,Biringkanaya,Paccerakkang,2026-09-19T12:00:00,2026-09-19 19:00:00,2026-09-20 03:00:00,6-7,26,68,0,45,8.8,NE,84,SW,,,1,Cerah,Sunny,https://api-apps.bmkg.go.id/storage/icon/cuaca/cerah-pm.svg,2026-09-19T19:00:00Z
73,73.71,73.71.11,73.71.11.1001,73.71.11.1001,Sulawesi Selatan,Kota Makassar,Biringkanaya,Paccerakkang,2026-09-19T12:00:00,2026-09-19 22:00:00,2026-09-20 06:00:00,9-10,26,65,0,5,5.5,E,119,W,,,0,Cerah,Sunny,https://api-apps.bmkg.go.id/storage/icon/cuaca/cerah-am.svg,2026-09-19T22:00:00Z
73,73.71,73.71.11,73.71.11.1001,73.71.11.1001,Sulawesi Selatan,Kota Makassar,Biringkanaya,Paccerakkang,2026-09-19T12:00:00,2026-09-20 01:00:00,2026-09-20 09:00:00,12-13,33,42,0,27,9,W,284,E,,,1,Cerah,Sunny,https://api-apps.bmkg.go.id/storage/icon/cuaca/cerah-am.svg,2026-09-20T01:00:00Z
73,73.71,73.71.11,73.71.11.1001,73.71.11.1001,Sulawesi Selatan,Kota Makassar,Biringkanaya,Paccerakkang,2026-09-19T12:00:00,2026-09-20 04:00:00,2026-09-20 12:00:00,15-16,33,48,0,39,14.3,W,271,E,,,1,Cerah,Sunny,https://api-apps.bmkg.go.id/storage/icon/cuaca/cerah-am.svg,2026-09-20T04:00:00Z
73,73.71,73.71.11,73.71.11.1001,73.71.11.1001,Sulawesi Selatan,Kota Makassar,Biringkanaya,Paccerakkang,2026-09-19T12:00:00,2026-09-20 07:00:00,2026-09-20 15:00:00,18-19,31,54,0,48,13.1,SW,268,NE,,,1,Cerah,Sunny,https://api-apps.bmkg.go.id/storage/icon/cuaca/cerah-am.svg,2026-09-20T07:00:00Z
73,73.71,73.71.11,73.71.11.1001,73.71.11.1001,Sulawesi Selatan,Kota Makassar,Biringkanaya,Paccerakkang,2026-09-19T12:00:00,2026-09-20 10:00:00,2026-09-20 18:00:00,21-22,28,71,0,16,2.1,NW,344,SE,,,1,Cerah,Sunny,https://api-apps.bmkg.go.id/storage/icon/cuaca/cerah-pm.svg,2026-09-20T10:00:00Z
73,73.71,73.71.11,73.71.11.1001,73.71.11.1001,Sulawesi Selatan,Kota Makassar,Biringkanaya,Paccerakkang,2026-09-19T12:00:00,2026-09-20 13:00:00,2026-09-20 21:00:00,24-25,28,67,0,0,6.1,N,43,S,,,0,Cerah,Sunny,https://api-apps.bmkg.go.id/storage/icon/cuaca/cerah-pm.svg,2026-09-20T13:00:00Z
73,73.71,73.71.11,73.71.11.1001,73.71.11.1001,Sulawesi Selatan,Kota Makassar,Biringkanaya,Paccerakkang,2026-09-19T12:00:00,2026-09-20 16:00:00,2026-09-21 00:00:00,27-28,26,69,0,0,4.3,N,38,S,,,0,Cerah,Sunny,https://api-apps.bmkg.go.id/storage/icon/cuaca/cerah-pm.svg,2026-09-20T16:00:00Z
73,73.71,73.71.11,73.71.11.1001,73.71.11.1001,Sulawesi Selatan,Kota Makassar,Biringkanaya,Paccerakkang,2026-09-19T12:00:00,2026-09-20 19:00:00,2026-09-21 03:00:00,30-31,25,71,0,11,4.3,NE,76,SW,,,1,Cerah,Sunny,https://api-apps.bmkg.go.id/storage/icon/cuaca/cerah-pm.svg,2026-09-20T19:00:00Z
73,73.71,73.71.11,73.71.11.1001,73.71.11.1001,Sulawesi Selatan,Kota Makassar,Biringkanaya,Paccerakkang,2026-09-19T12:00:00,2026-09-20 22:00:00,2026-09-21 06:00:00,33-34,27,68,0,38,4.6,SE,144,NW,,,1,Cerah,Sunny,https://api-apps.bmkg.go.id/storage/icon/cuaca/cerah-am.svg,2026-09-20T22:00:00Z
73,73.71,73.71.11,73.71.11.1001,73.71.11.1001,Sulawesi Selatan,Kota Makassar,Biringkanaya,Paccerakkang,2026-09-19T12:00:00,2026-09-21 01:00:00,2026-09-21 09:00:00,36-37,33,47,0,30,11.5,SW,254,NE,,,1,Cerah,Sunny,https://api-apps.bmkg.go.id/storage/icon/cuaca/cerah-am.svg,2026-09-21T01:00:00Z
73,73.71,73.71.11,73.71.11.1001,73.71.11.1001,Sulawesi Selatan,Kota Makassar,Biringkanaya,Paccerakkang,2026-09-19T12:00:00,2026-09-21 04:00:00,2026-09-21 12:00:00,39-40,33,49,0.1,43,17.9,SW,253,NE,,,1,Cerah,Sunny,https://api-apps.bmkg.go.id/storage/icon/cuaca/cerah-am.svg,2026-09-21T04:00:00Z
73,73.71,73.71.11,73.71.11.1001,73.71.11.1001,Sulawesi Selatan,Kota Makassar,Biringkanaya,Paccerakkang,2026-09-19T12:00:00,2026-09-21 07:00:00,2026-09-21 15:00:00,42-43,33,50,0,52,9,W,306,E,,,1,Cerah,Sunny,https://api-apps.bmkg.go.id/storage/icon/cuaca/cerah-am.svg,2026-09-21T07:00:00Z
73,73.71,73.71.11,73.71.11.1001,73.71.11.1001,Sulawesi Selatan,Kota Makassar,Biringkanaya,Paccerakkang,2026-09-19T12:00:00,2026-09-21 10:00:00,2026-09-21 18:00:00,45-46,30,59,0,32,9.3,N,33,S,,,1,Cerah,Sunny,https://api-apps.bmkg.go.id/storage/icon/cuaca/cerah-pm.svg,2026-09-21T10:00:00Z
73,73.71,73.71.11,73.71.11.1001,73.71.11.1001,Sulawesi Selatan,Kota Makassar,Biringkanaya,Paccerakkang,2026-09-19T12:00:00,2026-09-21 13:00:00,2026-09-21 21:00:00,48-49,28,57,0,53,3.6,N,28,S,,,1,Cerah,Sunny,https://api-apps.bmkg.go.id/storage/icon/cuaca/cerah-pm.svg,2026-09-21T13:00:00Z
73,73.71,73.71.11,73.71.11.1001,73.71.11.1001,Sulawesi Selatan,Kota Makassar,Biringkanaya,Paccerakkang,2026-09-19T12:00:00,2026-09-21 16:00:00,2026-09-22 00:00:00,51-52,27,60,0,45,6.2,N,18,S,,,1,Cerah,Sunny,https://api-apps.bmkg.go.id/storage/icon/cuaca/cerah-pm.svg,2026-09-21T16:00:00Z
73,73.71,73.71.11,73.71.11.1001,73.71.11.1001,Sulawesi Selatan,Kota Makassar,Biringkanaya,Paccerakkang,2026-09-19T12:00:00,2026-09-21 19:00:00,2026-09-22 03:00:00,54-55,25,69,0,41,5.8,E,102,W,,,1,Cerah,Sunny,https://api-apps.bmkg.go.id/storage/icon/cuaca/cerah-pm.svg,2026-09-21T19:00:00Z
73,73.71,73.71.11,73.71.11.1001,73.71.11.1001,Sulawesi Selatan,Kota Makassar,Biringkanaya,Paccerakkang,2026-09-19T12:00:00,2026-09-21 22:00:00,2026-09-22 06:00:00,57-58,27,68,0,2,0.8,E,102,W,,,0,Cerah,Sunny,https://api-apps.bmkg.go.id/storage/icon/cuaca/cerah-am.svg,2026-09-21T22:00:00Z
73,73.71,73.71.11,73.71.11.1002,73.71.11.1002,Sulawesi Selatan,Kota Makassar,Biringkanaya,Daya,2026-09-19T12:00:00,2026-09-19 16:00:00,2026-09-20 00:00:00,3-4,27,51,0,4,7.1,N,29,S,,,0,Cerah,Sunny,https://api-apps.bmkg.go.id/storage/icon/cuaca/cerah-pm.svg,2026-09-19T16:00:00Z
73,73.71,73.71.11,73.71.11.1002,73.71.11.1002,Sulawesi Selatan,Kota Makassar,Biringkanaya,Daya,2026-09-19T12:00:00,2026-09-19 19:00:00,2026-09-20 03:00:00,6-7,26,68,0,47,8.8,NE,84,SW,,,1,Cerah,Sunny,https://api-apps.bmkg.go.id/storage/icon/cuaca/cerah-pm.svg,2026-09-19T19:00:00Z
73,73.71,73.71.11,73.71.11.1002,73.71.11.1002,Sulawesi Selatan,Kota Makassar,Biringkanaya,Daya,2026-09-19T12:00:00,2026-09-19 22:00:00,2026-09-20 06:00:00,9-10,27,64,0,4,5.5,E,119,W,,,0,Cerah,Sunny,https://api-apps.bmkg.go.id/storage/icon/cuaca/cerah-am.svg,2026-09-19T22:00:00Z
73,73.71,73.71.11,73.71.11.1002,73.71.11.1002,Sulawesi Selatan,Kota Makassar,Biringkanaya,Daya,2026-09-19T12:00:00,2026-09-20 01:00:00,2026-09-20 09:00:00,12-13,33,42,0,26,9,W,284,E,,,1,Cerah,Sunny,https://api-apps.bmkg.go.id/storage/icon/cuaca/cerah-am.svg,2026-09-20T01:00:00Z
73,73.71,73.71.11,73.71.11.1002,73.71.11.1002,Sulawesi Selatan,Kota Makassar,Biringkanaya,Daya,2026-09-19T12:00:00,2026-09-20 04:00:00,2026-09-20 12:00:00,15-16,32,49,0,30,14.3,W,271,E,,,1,Cerah,Sunny,https://api-apps.bmkg.go.id/storage/icon/cuaca/cerah-am.svg,2026-09-20T04:00:00Z
73,73.71,73.71.11,73.71.11.1002,73.71.11.1002,Sulawesi Selatan,Kota Makassar,Biringkanaya,Daya,2026-09-19T12:00:00,2026-09-20 07:00:00,2026-09-20 15:00:00,18-19,31,56,0,39,13.1,SW,268,NE,,,1,Cerah,Sunny,https://api-apps.bmkg.go.id/storage/icon/cuaca/cerah-am.svg,2026-09-20T07:00:00Z
73,73.71,73.71.11,73.71.11.1002,73.71.11.1002,Sulawesi Selatan,Kota Makassar,Biringkanaya,Daya,2026-09-19T12:00:00,2026-09-20 10:00:00,2026-09-20 18:00:00,21-22,28,74,0,14,2.1,NW,344,SE,,,1,Cerah,Sunny,https://api-apps.bmkg.go.id/storage/icon/cuaca/cerah-pm.svg,2026-09-20T10:00:00Z
73,73.71,73.71.11,73.71.11.1002,73.71.11.1002,Sulawesi Selatan,Kota Makassar,Biringkanaya,Daya,2026-09-19T12:00:00,2026-09-20 13:00:00,2026-09-20 21:00:00,24-25,28,65,0,0,6.1,N,43,S,,,0,Cerah,Sunny,https://api-apps.bmkg.go.id/storage/icon/cuaca/cerah-pm.svg,2026-09-20T13:00:00Z
73,73.71,73.71.11,73.71.11.1002,73.71.11.1002,Sulawesi Selatan,Kota Makassar,Biringkanaya,Daya,2026-09-19T12:00:00,2026-09-20 16:00:00,2026-09-21 00:00:00,27-28,26,66,0,0,4.3,N,38,S,,,0,Cerah,Sunny,https://api-apps.bmkg.go.id/storage/icon/cuaca/cerah-pm.svg,2026-09-20T16:00:00Z
73,73.71,73.71.11,73.71.11.1002,73.71.11.1002,Sulawesi Selatan,Kota Makassar,Biringkanaya,Daya,2026-09-19T12:00:00,2026-09-20 19:00:00,2026-09-21 03:00:00,30-31,26,69,0,10,4.3,NE,76,SW,,,1,Cerah,Sunny,https://api-apps.bmkg.go.id/storage/icon/cuaca/cerah-pm.svg,2026-09-20T19:00:00Z
73,73.71,73.71.11,73.71.11.1002,73.71.11.1002,Sulawesi Selatan,Kota Makassar,Biringkanaya,Daya,2026-09-19T12:00:00,2026-09-20 22:00:00,2026-09-21 06:00:00,33-34,27,65,0,46,4.6,SE,144,NW,,,1,Cerah,Sunny,https://api-apps.bmkg.go.id/storage/icon/cuaca/cerah-am.svg,2026-09-20T22:00:00Z
73,73.71,73.71.11,73.71.11.1002,73.71.11.1002,Sulawesi Selatan,Kota Makassar,Biringkanaya,Daya,2026-09-19T12:00:00,2026-09-21 01:00:00,2026-09-21 09:00:00,36-37,33,47,0,38,11.5,SW,254,NE,,,1,Cerah,Sunny,https://api-apps.bmkg.go.id/storage/icon/cuaca/cerah-am.svg,2026-09-21T01:00:00Z
73,73.71,73.71.11,73.71.11.1002,73.71.11.1002,Sulawesi Selatan,Kota Makassar,Biringkanaya,Daya,2026-09-19T12:00:00,2026-09-21 04:00:00,2026-09-21 12:00:00,39-40,33,52,0.1,37,17.9,SW,253,NE,,,1,Cerah,Sunny,https://api-apps.bmkg.go.id/storage/icon/cuaca/cerah-am.svg,2026-09-21T04:00:00Z
73,73.71,73.71.11,73.71.11.1002,73.71.11.1002,Sulawesi Selatan,Kota Makassar,Biringkanaya,Daya,2026-09-19T12:00:00,2026-09-21 07:00:00,2026-09-21 15:00:00,42-43,32,53,0,43,9,W,306,E,,,1,Cerah,Sunny,https://api-apps.bmkg.go.id/storage/icon/cuaca/cerah-am.svg,2026-09-21T07:00:00Z
73,73.71,73.71.11,73.71.11.1002,73.71.11.1002,Sulawesi Selatan,Kota Makassar,Biringkanaya,Daya,2026-09-19T12:00:00,2026-09-21 10:00:00,2026-09-21 18:00:00,45-46,30,63,0,29,9.3,N,33,S,,,1,Cerah,Sunny,https://api-apps.bmkg.go.id/storage/icon/cuaca/cerah-pm.svg,2026-09-21T10:00:00Z
73,73.71,73.71.11,73.71.11.1002,73.71.11.1002,Sulawesi Selatan,Kota Makassar,Biringkanaya,Daya,2026-09-19T12:00:00,2026-09-21 13:00:00,2026-09-21 21:00:00,48-49,28,53,0,54,3.6,N,28,S,,,1,Cerah,Sunny,https://api-apps.bmkg.go.id/storage/icon/cuaca/cerah-pm.svg,2026-09-21T13:00:00Z
73,73.71,73.71.11,73.71.11.1002,73.71.11.1002,Sulawesi Selatan,Kota Makassar,Biringkanaya,Daya,2026-09-19T12:00:00,2026-09-21 16:00:00,2026-09-22 00:00:00,51-52,27,58,0,47,6.2,N,18,S,,,1,Cerah,Sunny,https://api-apps.bmkg.go.id/storage/icon/cuaca/cerah-pm.svg,2026-09-21T16:00:00Z
73,73.71,73.71.11,73.71.11.1002,73.71.11.1002,Sulawesi Selatan,Kota Makassar,Biringkanaya,Daya,2026-09-19T12:00:00,2026-09-21 19:00:00,2026-09-22 03:00:00,54-55,26,65,0,40,5.8,E,102,W,,,1,Cerah,Sunny,https://api-apps.bmkg.go.id/storage/icon/cuaca/cerah-pm.svg,2026-09-21T19:00:00Z
73,73.71,73.71.11,73.71.11.1002,73.71.11.1002,Sulawesi Selatan,Kota Makassar,Biringkanaya,Daya,2026-09-19T12:00:00,2026-09-21 22:00:00,2026-09-22 06:00:00,57-58,27,67,0,2,0.8,E,102,W,,,0,Cerah,Sunny,https://api-apps.bmkg.go.id/storage/icon/cuaca/cerah-am.svg,2026-09-21T22:00:00Z
73,73.71,73.71.11,73.71.11.1003,73.71.11.1003,Sulawesi Selatan,Kota Makassar,Biringkanaya,Pai,2026-09-19T12:00:00,2026-09-19 16:00:00,2026-09-20 00:00:00,3-4,27,52,0,6,7.1,N,29,S,,,0,Cerah,Sunny,https://api-apps.bmkg.go.id/storage/icon/cuaca/cerah-pm.svg,2026-09-19T16:00:00Z
73,73.71,73.71.11,73.71.11.1003,73.71.11.1003,Sulawesi Selatan,Kota Makassar,Biringkanaya,Pai,2026-09-19T12:00:00,2026-09-19 19:00:00,2026-09-20 03:00:00,6-7,26,68,0,48,8.8,NE,84,SW,,,1,Cerah,Sunny,https://api-apps.bmkg.go.id/storage/icon/cuaca/cerah-pm.svg,2026-09-19T19:00:00Z
73,73.71,73.71.11,73.71.11.1003,73.71.11.1003,Sulawesi Selatan,Kota Makassar,Biringkanaya,Pai,2026-09-19T12:00:00,2026-09-19 22:00:00,2026-09-20 06:00:00,9-10,26,64,0,5,5.5,E,119,W,,,0,Cerah,Sunny,https://api-apps.bmkg.go.id/storage/icon/cuaca/cerah-am.svg,2026-09-19T22:00:00Z
73,73.71,73.71.11,73.71.11.1003,73.71.11.1003,Sulawesi Selatan,Kota Makassar,Biringkanaya,Pai,2026-09-19T12:00:00,2026-09-20 01:00:00,2026-09-20 09:00:00,12-13,33,42,0,26,9,W,284,E,,,1,Cerah,Sunny,https://api-apps.bmkg.go.id/storage/icon/cuaca/cerah-am.svg,2026-09-20T01:00:00Z
73,73.71,73.71.11,73.71.11.1003,73.71.11.1003,Sulawesi Selatan,Kota Makassar,Biringkanaya,Pai,2026-09-19T12:00:00,2026-09-20 04:00:00,2026-09-20 12:00:00,15-16,33,49,0,38,14.3,W,271,E,,,1,Cerah,Sunny,https://api-apps.bmkg.go.id/storage/icon/cuaca/cerah-am.svg,2026-09-20T04:00:00Z
73,73.71,73.71.11,73.71.11.1003,73.71.11.1003,Sulawesi Selatan,Kota Makassar,Biringkanaya,Pai,2026-09-19T12:00:00,2026-09-20 07:00:00,2026-09-20 15:00:00,18-19,31,54,0,46,13.1,SW,268,NE,,,1,Cerah,Sunny,https://api-apps.bmkg.go.id/storage/icon/cuaca/cerah-am.svg,2026-09-20T07:00:00Z
73,73.71,73.71.11,73.71.11.1003,73.71.11.1003,Sulawesi Selatan,Kota Makassar,Biringkanaya,Pai,2026-09-19T12:00:00,2026-09-20 10:00:00,2026-09-20 18:00:00,21-22,28,73,0,15,2.1,NW,344,SE,,,1,Cerah,Sunny,https://api-apps.bmkg.go.id/storage/icon/cuaca/cerah-pm.svg,2026-09-20T10:00:00Z
73,73.71,73.71.11,73.71.11.1003,73.71.11.1003,Sulawesi Selatan,Kota Makassar,Biringkanaya,Pai,2026-09-19T12:00:00,2026-09-20 13:00:00,2026-09-20 21:00:00,24-25,28,66,0,0,6.1,N,43,S,,,0,Cerah,Sunny,https://api-apps.bmkg.go.id/storage/icon/cuaca/cerah-pm.svg,2026-09-20T13:00:00Z
73,73.71,73.71.11,73.71.11.1003,73.71.11.1003,Sulawesi Selatan,Kota Makassar,Biringkanaya,Pai,2026-09-19T12:00:00,2026-09-20 16:00:00,2026-09-21 00:00:00,27-28,26,67,0,0,4.3,N,38,S,,,0,Cerah,Sunny,https://api-apps.bmkg.go.id/storage/icon/cuaca/cerah-pm.svg,2026-09-20T16:00:00Z
73,73.71,73.71.11,73.71.11.1003,73.71.11.1003,Sulawesi Selatan,Kota Makassar,Biringkanaya,Pai,2026-09-19T12:00:00,2026-09-20 19:00:00,2026-09-21 03:00:00,30-31,25,70,0,11,4.3,NE,76,SW,,,1,Cerah,Sunny,https://api-apps.bmkg.go.id/storage/icon/cuaca/cerah-pm.svg,2026-09-20T19:00:00Z
73,73.71,73.71.11,73.71.11.1003,73.71.11.1003,Sulawesi Selatan,Kota Makassar,Biringkanaya,Pai,2026-09-19T12:00:00,2026-09-20 22:00:00,2026-09-21 06:00:00,33-34,27,67,0,42,4.6,SE,144,NW,,,1,Cerah,Sunny,https://api-apps.bmkg.go.id/storage/icon/cuaca/cerah-am.svg,2026-09-20T22:00:00Z
73,73.71,73.71.11,73.71.11.1003,73.71.11.1003,Sulawesi Selatan,Kota Makassar,Biringkanaya,Pai,2026-09-19T12:00:00,2026-09-21 01:00:00,2026-09-21 09:00:00,36-37,33,46,0,38,11.5,SW,254,NE,,,1,Cerah,Sunny,https://api-apps.bmkg.go.id/storage/icon/cuaca/cerah-am.svg,2026-09-21T01:00:00Z
73,73.71,73.71.11,73.71.11.1003,73.71.11.1003,Sulawesi Selatan,Kota Makassar,Biringkanaya,Pai,2026-09-19T12:00:00,2026-09-21 04:00:00,2026-09-21 12:00:00,39-40,33,50,0.2,42,17.9,SW,253,NE,,,1,Cerah,Sunny,https://api-apps.bmkg.go.id/storage/icon/cuaca/cerah-am.svg,2026-09-21T04:00:00Z
73,73.71,73.71.11,73.71.11.1003,73.71.11.1003,Sulawesi Selatan,Kota Makassar,Biringkanaya,Pai,2026-09-19T12:00:00,2026-09-21 07:00:00,2026-09-21 15:00:00,42-43,32,52,0,48,9,W,306,E,,,1,Cerah,Sunny,https://api-apps.bmkg.go.id/storage/icon/cuaca/cerah-am.svg,2026-09-21T07:00:00Z
73,73.71,73.71.11,73.71.11.1003,73.71.11.1003,Sulawesi Selatan,Kota Makassar,Biringkanaya,Pai,2026-09-19T12:00:00,2026-09-21 10:00:00,2026-09-21 18:00:00,45-46,30,60,0,31,9.3,N,33,S,,,1,Cerah,Sunny,https://api-apps.bmkg.go.id/storage/icon/cuaca/cerah-pm.svg,2026-09-21T10:00:00Z
73,73.71,73.71.11,73.71.11.1003,73.71.11.1003,Sulawesi Selatan,Kota Makassar,Biringkanaya,Pai,2026-09-19T12:00:00,2026-09-21 13:00:00,2026-09-21 21:00:00,48-49,28,55,0,57,3.6,N,28,S,,,1,Cerah,Sunny,https://api-apps.bmkg.go.id/storage/icon/cuaca/cerah-pm.svg,2026-09-21T13:00:00Z
73,73.71,73.71.11,73.71.11.1003,73.71.11.1003,Sulawesi Selatan,Kota Makassar,Biringkanaya,Pai,2026-09-19T12:00:00,2026-09-21 16:00:00,2026-09-22 00:00:00,51-52,27,59,0,46,6.2,N,18,S,,,1,Cerah,Sunny,https://api-apps.bmkg.go.id/storage/icon/cuaca/cerah-pm.svg,2026-09-21T16:00:00Z
73,73.71,73.71.11,73.71.11.1003,73.71.11.1003,Sulawesi Selatan,Kota Makassar,Biringkanaya,Pai,2026-09-19T12:00:00,2026-09-21 19:00:00,2026-09-22 03:00:00,54-55,25,67,0,40,5.8,E,102,W,,,1,Cerah,Sunny,https://api-apps.bmkg.go.id/storage/icon/cuaca/cerah-pm.svg,2026-09-21T19:00:00Z
73,73.71,73.71.11,73.71.11.1003,73.71.11.1003,Sulawesi Selatan,Kota Makassar,Biringkanaya,Pai,2026-09-19T12:00:00,2026-09-21 22:00:00,2026-09-22 06:00:00,57-58,27,67,0,2,0.8,E,102,W,,,0,Cerah,Sunny,https://api-apps.bmkg.go.id/storage/icon/cuaca/cerah-am.svg,2026-09-21T22:00:00Z
73,73.71,73.71.11,73.71.11.1004,73.71.11.1004,Sulawesi Selatan,Kota Makassar,Biringkanaya,Bulurokeng,2026-09-19T12:00:00,2026-09-19 16:00:00,2026-09-20 00:00:00,3-4,27,53,0,5,7.1,N,29,S,,,0,Cerah,Sunny,https://api-apps.bmkg.go.id/storage/icon/cuaca/cerah-pm.svg,2026-09-19T16:00:00Z
73,73.71,73.71.11,73.71.11.1004,73.71.11.1004,Sulawesi Selatan,Kota Makassar,Biringkanaya,Bulurokeng,2026-09-19T12:00:00,2026-09-19 19:00:00,2026-09-20 03:00:00,6-7,26,68,0,44,8.8,NE,84,SW,,,1,Cerah,Sunny,https://api-apps.bmkg.go.id/storage/icon/cuaca/cerah-pm.svg,2026-09-19T19:00:00Z
73,73.71,73.71.11,73.71.11.1004,73.71.11.1004,Sulawesi Selatan,Kota Makassar,Biringkanaya,Bulurokeng,2026-09-19T12:00:00,2026-09-19 22:00:00,2026-09-20 06:00:00,9-10,27,63,0,4,5.5,E,119,W,,,0,Cerah,Sunny,https://api-apps.bmkg.go.id/storage/icon/cuaca/cerah-am.svg,2026-09-19T22:00:00Z
73,73.71,73.71.11,73.71.11.1004,73.71.11.1004,Sulawesi Selatan,Kota Makassar,Biringkanaya,Bulurokeng,2026-09-19T12:00:00,2026-09-20 01:00:00,2026-09-20 09:00:00,12-13,33,44,0,27,9,W,284,E,,,1,Cerah,Sunny,https://api-apps.bmkg.go.id/storage/icon/cuaca/cerah-am.svg,2026-09-20T01:00:00Z
73,73.71,73.71.11,73.71.11.1004,73.71.11.1004,Sulawesi Selatan,Kota Makassar,Biringkanaya,Bulurokeng,2026-09-19T12:00:00,2026-09-20 04:00:00,2026-09-20 12:00:00,15-16,31,54,0,28,14.3,W,271,E,,,1,Cerah,Sunny,https://api-apps.bmkg.go.id/storage/icon/cuaca/cerah-am.svg,2026-09-20T04:00:00Z
73,73.71,73.71.11,73.71.11.1004,73.71.11.1004,Sulawesi Selatan,Kota Makassar,Biringkanaya,Bulurokeng,2026-09-19T12:00:00,2026-09-20 07:00:00,2026-09-20 15:00:00,18-19,30,60,0,38,13.1,SW,268,NE,,,1,Cerah,Sunny,https://api-apps.bmkg.go.id/storage/icon/cuaca/cerah-am.svg,2026-09-20T07:00:00Z
73,73.71,73.71.11,73.71.11.1004,73.71.11.1004,Sulawesi Selatan,Kota Makassar,Biringkanaya,Bulurokeng,2026-09-19T12:00:00,2026-09-20 10:00:00,2026-09-20 18:00:00,21-22,28,75,0,13,2.1,NW,344,SE,,,1,Cerah,Sunny,https://api-apps.bmkg.go.id/storage/icon/cuaca/cerah-pm.svg,2026-09-20T10:00:00Z
73,73.71,73.71.11,73.71.11.1004,73.71.11.1004,Sulawesi Selatan,Kota Makassar,Biringkanaya,Bulurokeng,2026-09-19T12:00:00,2026-09-20 13:00:00,2026-09-20 21:00:00,24-25,28,65,0,0,6.1,N,43,S,,,0,Cerah,Sunny,https://api-apps.bmkg.go.id/storage/icon/cuaca/cerah-pm.svg,2026-09-20T13:00:00Z
73,73.71,73.71.11,73.71.11.1004,73.71.11.1004,Sulawesi Selatan,Kota Makassar,Biringkanaya,Bulurokeng,2026-09-19T12:00:00,2026-09-20 16:00:00,2026-09-21 00:00:00,27-28,26,66,0,0,4.3,N,38,S,,,0,Cerah,Sunny,https://api-apps.bmkg.go.id/storage/icon/cuaca/cerah-pm.svg,2026-09-20T16:00:00Z
73,73.71,73.71.11,73.71.11.1004,73.71.11.1004,Sulawesi Selatan,Kota Makassar,Biringkanaya,Bulurokeng,2026-09-19T12:00:00,2026-09-20 19:00:00,2026-09-21 03:00:00,30-31,26,70,0,11,4.3,NE,76,SW,,,1,Cerah,Sunny,https://api-apps.bmkg.go.id/storage/icon/cuaca/cerah-pm.svg,2026-09-20T19:00:00Z
73,73.71,73.71.11,73.71.11.1004,73.71.11.1004,Sulawesi Selatan,Kota Makassar,Biringkanaya,Bulurokeng,2026-09-19T12:00:00,2026-09-20 22:00:00,2026-09-21 06:00:00,33-34,27,66,0,49,4.6,SE,144,NW,,,1,Cerah,Sunny,https://api-apps.bmkg.go.id/storage/icon/cuaca/cerah-am.svg,2026-09-20T22:00:00Z
73,73.71,73.71.11,73.71.11.1004,73.71.11.1004,Sulawesi Selatan,Kota Makassar,Biringkanaya,Bulurokeng,2026-09-19T12:00:00,2026-09-21 01:00:00,2026-09-21 09:00:00,36-37,32,49,0,44,11.5,SW,254,NE,,,1,Cerah,Sunny,https://api-apps.bmkg.go.id/storage/icon/cuaca/cerah-am.svg,2026-09-21T01:00:00Z
73,73.71,73.71.11,73.71.11.1004,73.71.11.1004,Sulawesi Selatan,Kota Makassar,Biringkanaya,Bulurokeng,2026-09-19T12:00:00,2026-09-21 04:00:00,2026-09-21 12:00:00,39-40,32,57,0.1,34,17.9,SW,253,NE,,,1,Cerah,Sunny,https://api-apps.bmkg.go.id/storage/icon/cuaca/cerah-am.svg,2026-09-21T04:00:00Z
73,73.71,73.71.11,73.71.11.1004,73.71.11.1004,Sulawesi Selatan,Kota Makassar,Biringkanaya,Bulurokeng,2026-09-19T12:00:00,2026-09-21 07:00:00,2026-09-21 15:00:00,42-43,31,59,0,40,9,W,306,E,,,1,Cerah,Sunny,https://api-apps.bmkg.go.id/storage/icon/cuaca/cerah-am.svg,2026-09-21T07:00:00Z
73,73.71,73.71.11,73.71.11.1004,73.71.11.1004,Sulawesi Selatan,Kota Makassar,Biringkanaya,Bulurokeng,2026-09-19T12:00:00,2026-09-21 10:00:00,2026-09-21 18:00:00,45-46,30,65,0,28,9.3,N,33,S,,,1,Cerah,Sunny,https://api-apps.bmkg.go.id/storage/icon/cuaca/cerah-pm.svg,2026-09-21T10:00:00Z
73,73.71,73.71.11,73.71.11.1004,73.71.11.1004,Sulawesi Selatan,Kota Makassar,Biringkanaya,Bulurokeng,2026-09-19T12:00:00,2026-09-21 13:00:00,2026-09-21 21:00:00,48-49,28,55,0,58,3.6,N,28,S,,,1,Cerah,Sunny,https://api-apps.bmkg.go.id/storage/icon/cuaca/cerah-pm.svg,2026-09-21T13:00:00Z
73,73.71,73.71.11,73.71.11.1004,73.71.11.1004,Sulawesi Selatan,Kota Makassar,Biringkanaya,Bulurokeng,2026-09-19T12:00:00,2026-09-21 16:00:00,2026-09-22 00:00:00,51-52,27,59,0,52,6.2,N,18,S,,,1,Cerah,Sunny,https://api-apps.bmkg.go.id/storage/icon/cuaca/cerah-pm.svg,2026-09-21T16:00:00Z
73,73.71,73.71.11,73.71.11.1004,73.71.11.1004,Sulawesi Selatan,Kota Makassar,Biringkanaya,Bulurokeng,2026-09-19T12:00:00,2026-09-21 19:00:00,2026-09-22 03:00:00,54-55,26,66,0,38,5.8,E,102,W,,,1,Cerah,Sunny,https://api-apps.bmkg.go.id/storage/icon/cuaca/cerah-pm.svg,2026-09-21T19:00:00Z
73,73.71,73.71.11,73.71.11.1004,73.71.11.1004,Sulawesi Selatan,Kota Makassar,Biringkanaya,Bulurokeng,2026-09-19T12:00:00,2026-09-21 22:00:00,2026-09-22 06:00:00,57-58,27,67,0,2,0.8,E,102,W,,,0,Cerah,Sunny,https://api-apps.bmkg.go.id/storage/icon/cuaca/cerah-am.svg,2026-09-21T22:00:00Z
73,73.71,73.71.11,73.71.11.1005,73.71.11.1005,Sulawesi Selatan,Kota Makassar,Biringkanaya,Sudiang,2026-09-19T12:00:00,2026-09-19 16:00:00,2026-09-20 00:00:00,3-4,27,54,0,6,7.1,N,29,S,,,0,Cerah,Sunny,https://api-apps.bmkg.go.id/storage/icon/cuaca/cerah-pm.svg,2026-09-19T16:00:00Z
73,73.71,73.71.11,73.71.11.1005,73.71.11.1005,Sulawesi Selatan,Kota Makassar,Biringkanaya,Sudiang,2026-09-19T12:00:00,2026-09-19 19:00:00,2026-09-20 03:00:00,6-7,26,68,0,45,8.8,NE,84,SW,,,1,Cerah,Sunny,https://api-apps.bmkg.go.id/storage/icon/cuaca/cerah-pm.svg,2026-09-19T19:00:00Z
73,73.71,73.71.11,73.71.11.1005,73.71.11.1005,Sulawesi Selatan,Kota Makassar,Biringkanaya,Sudiang,2026-09-19T12:00:00,2026-09-19 22:00:00,2026-09-20 06:00:00,9-10,27,64,0,5,5.5,E,119,W,,,0,Cerah,Sunny,https://api-apps.bmkg.go.id/storage/icon/cuaca/cerah-am.svg,2026-09-19T22:00:00Z
73,73.71,73.71.11,73.71.11.1005,73.71.11.1005,Sulawesi Selatan,Kota Makassar,Biringkanaya,Sudiang,2026-09-19T12:00:00,2026-09-20 01:00:00,2026-09-20 09:00:00,12-13,33,43,0,27,9,W,284,E,,,1,Cerah,Sunny,https://api-apps.bmkg.go.id/storage/icon/cuaca/cerah-am.svg,2026-09-20T01:00:00Z
73,73.71,73.71.11,73.71.11.1005,73.71.11.1005,Sulawesi Selatan,Kota Makassar,Biringkanaya,Sudiang,2026-09-19T12:00:00,2026-09-20 04:00:00,2026-09-20 12:00:00,15-16,32,51,0,35,14.3,W,271,E,,,1,Cerah,Sunny,https://api-apps.bmkg.go.id/storage/icon/cuaca/cerah-am.svg,2026-09-20T04:00:00Z
73,73.71,73.71.11,73.71.11.1005,73.71.11.1005,Sulawesi Selatan,Kota Makassar,Biringkanaya,Sudiang,2026-09-19T12:00:00,2026-09-20 07:00:00,2026-09-20 15:00:00,18-19,31,57,0,45,13.1,SW,268,NE,,,1,Cerah,Sunny,https://api-apps.bmkg.go.id/storage/icon/cuaca/cerah-am.svg,2026-09-20T07:00:00Z
73,73.71,73.71.11,73.71.11.1005,73.71.11.1005,Sulawesi Selatan,Kota Makassar,Biringkanaya,Sudiang,2026-09-19T12:00:00,2026-09-20 10:00:00,2026-09-20 18:00:00,21-22,28,74,0,14,2.1,NW,344,SE,,,1,Cerah,Sunny,https://api-apps.bmkg.go.id/storage/icon/cuaca/cerah-pm.svg,2026-09-20T10:00:00Z
73,73.71,73.71.11,73.71.11.1005,73.71.11.1005,Sulawesi Selatan,Kota Makassar,Biringkanaya,Sudiang,2026-09-19T12:00:00,2026-09-20 13:00:00,2026-09-20 21:00:00,24-25,28,65,0,0,6.1,N,43,S,,,0,Cerah,Sunny,https://api-apps.bmkg.go.id/storage/icon/cuaca/cerah-pm.svg,2026-09-20T13:00:00Z
73,73.71,73.71.11,73.71.11.1005,73.71.11.1005,Sulawesi Selatan,Kota Makassar,Biringkanaya,Sudiang,2026-09-19T12:00:00,2026-09-20 16:00:00,2026-09-21 00:00:00,27-28,26,66,0,0,4.3,N,38,S,,,0,Cerah,Sunny,https://api-apps.bmkg.go.id/storage/icon/cuaca/cerah-pm.svg,2026-09-20T16:00:00Z
73,73.71,73.71.11,73.71.11.1005,73.71.11.1005,Sulawesi Selatan,Kota Makassar,Biringkanaya,Sudiang,2026-09-19T12:00:00,2026-09-20 19:00:00,2026-09-21 03:00:00,30-31,26,70,0,12,4.3,NE,76,SW,,,1,Cerah,Sunny,https://api-apps.bmkg.go.id/storage/icon/cuaca/cerah-pm.svg,2026-09-20T19:00:00Z
73,73.71,73.71.11,73.71.11.1005,73.71.11.1005,Sulawesi Selatan,Kota Makassar,Biringkanaya,Sudiang,2026-09-19T12:00:00,2026-09-20 22:00:00,2026-09-21 06:00:00,33-34,27,67,0,47,4.6,SE,144,NW,,,1,Cerah,Sunny,https://api-apps.bmkg.go.id/storage/icon/cuaca/cerah-am.svg,2026-09-20T22:00:00Z
73,73.71,73.71.11,73.71.11.1005,73.71.11.1005,Sulawesi Selatan,Kota Makassar,Biringkanaya,Sudiang,2026-09-19T12:00:00,2026-09-21 01:00:00,2026-09-21 09:00:00,36-37,33,48,0,43,11.5,SW,254,NE,,,1,Cerah,Sunny,https://api-apps.bmkg.go.id/storage/icon/cuaca/cerah-am.svg,2026-09-21T01:00:00Z
73,73.71,73.71.11,73.71.11.1005,73.71.11.1005,Sulawesi Selatan,Kota Makassar,Biringkanaya,Sudiang,2026-09-19T12:00:00,2026-09-21 04:00:00,2026-09-21 12:00:00,39-40,33,53,0.1,39,17.9,SW,253,NE,,,1,Cerah,Sunny,https://api-apps.bmkg.go.id/storage/icon/cuaca/cerah-am.svg,2026-09-21T04:00:00Z
73,73.71,73.71.11,73.71.11.1005,73.71.11.1005,Sulawesi Selatan,Kota Makassar,Biringkanaya,Sudiang,2026-09-19T12:00:00,2026-09-21 07:00:00,2026-09-21 15:00:00,42-43,32,57,0,46,9,W,306,E,,,1,Cerah,Sunny,https://api-apps.bmkg.go.id/storage/icon/cuaca/cerah-am.svg,2026-09-21T07:00:00Z
73,73.71,73.71.11,73.71.11.1005,73.71.11.1005,Sulawesi Selatan,Kota Makassar,Biringkanaya,Sudiang,2026-09-19T12:00:00,2026-09-21 10:00:00,2026-09-21 18:00:00,45-46,30,61,0,30,9.3,N,33,S,,,1,Cerah,Sunny,https://api-apps.bmkg.go.id/storage/icon/cuaca/cerah-pm.svg,2026-09-21T10:00:00Z
73,73.71,73.71.11,73.71.11.1005,73.71.11.1005,Sulawesi Selatan,Kota Makassar,Biringkanaya,Sudiang,2026-09-19T12:00:00,2026-09-21 13:00:00,2026-09-21 21:00:00,48-49,28,55,0,60,3.6,N,28,S,,,2,Cerah Berawan,Partly Cloudy,https://api-apps.bmkg.go.id/storage/icon/cuaca/cerah berawan-pm.svg,2026-09-21T13:00:00Z
73,73.71,73.71.11,73.71.11.1005,73.71.11.1005,Sulawesi Selatan,Kota Makassar,Biringkanaya,Sudiang,2026-09-19T12:00:00,2026-09-21 16:00:00,2026-09-22 00:00:00,51-52,27,59,0,50,6.2,N,18,S,,,1,Cerah,Sunny,https://api-apps.bmkg.go.id/storage/icon/cuaca/cerah-pm.svg,2026-09-21T16:00:00Z
73,73.71,73.71.11,73.71.11.1005,73.71.11.1005,Sulawesi Selatan,Kota Makassar,Biringkanaya,Sudiang,2026-09-19T12:00:00,2026-09-21 19:00:00,2026-09-22 03:00:00,54-55,26,67,0,38,5.8,E,102,W,,,1,Cerah,Sunny,https://api-apps.bmkg.go.id/storage/icon/cuaca/cerah-pm.svg,2026-09-21T19:00:00Z
73,73.71,73.71.11,73.71.11.1005,73.71.11.1005,Sulawesi Selatan,Kota Makassar,Biringkanaya,Sudiang,2026-09-19T12:00:00,2026-09-21 22:00:00,2026-09-22 06:00:00,57-58,27,67,0,2,0.8,E,102,W,,,0,Cerah,Sunny,https://api-apps.bmkg.go.id/storage/icon/cuaca/cerah-am.svg,2026-09-21T22:00:00Z
73,73.71,73.71.11,73.71.11.1006,73.71.11.1006,Sulawesi Selatan,Kota Makassar,Biringkanaya,Sudiang Raya,2026-09-19T12:00:00,2026-09-19 16:00:00,2026-09-20 00:00:00,3-4,27,52,0,6,7.1,N,29,S,,,0,Cerah,Sunny,https://api-apps.bmkg.go.id/storage/icon/cuaca/cerah-pm.svg,2026-09-19T16:00:00Z
73,73.71,73.71.11,73.71.11.1006,73.71.11.1006,Sulawesi Selatan,Kota Makassar,Biringkanaya,Sudiang Raya,2026-09-19T12:00:00,2026-09-19 19:00:00,2026-09-20 03:00:00,6-7,26,68,0,48,8.8,NE,84,SW,,,1,Cerah,Sunny,https://api-apps.bmkg.go.id/storage/icon/cuaca/cerah-pm.svg,2026-09-19T19:00:00Z
73,73.71,73.71.11,73.71.11.1006,73.71.11.1006,Sulawesi Selatan,Kota Makassar,Biringkanaya,Sudiang Raya,2026-09-19T12:00:00,2026-09-19 22:00:00,2026-09-20 06:00:00,9-10,26,64,0,5,5.5,E,119,W,,,0,Cerah,Sunny,https://api-apps.bmkg.go.id/storage/icon/cuaca/cerah-am.svg,2026-09-19T22:00:00Z
73,73.71,73.71.11,73.71.11.1006,73.71.11.1006,Sulawesi Selatan,Kota Makassar,Biringkanaya,Sudiang Raya,2026-09-19T12:00:00,2026-09-20 01:00:00,2026-09-20 09:00:00,12-13,33,42,0,26,9,W,284,E,,,1,Cerah,Sunny,https://api-apps.bmkg.go.id/storage/icon/cuaca/cerah-am.svg,2026-09-20T01:00:00Z
73,73.71,73.71.11,73.71.11.1006,73.71.11.1006,Sulawesi Selatan,Kota Makassar,Biringkanaya,Sudiang Raya,2026-09-19T12:00:00,2026-09-20 04:00:00,2026-09-20 12:00:00,15-16,33,49,0,38,14.3,W,271,E,,,1,Cerah,Sunny,https://api-apps.bmkg.go.id/storage/icon/cuaca/cerah-am.svg,2026-09-20T04:00:00Z
73,73.71,73.71.11,73.71.11.1006,73.71.11.1006,Sulawesi Selatan,Kota Makassar,Biringkanaya,Sudiang Raya,2026-09-19T12:00:00,2026-09-20 07:00:00,2026-09-20 15:00:00,18-19,31,54,0,46,13.1,SW,268,NE,,,1,Cerah,Sunny,https://api-apps.bmkg.go.id/storage/icon/cuaca/cerah-am.svg,2026-09-20T07:00:00Z
73,73.71,73.71.11,73.71.11.1006,73.71.11.1006,Sulawesi Selatan,Kota Makassar,Biringkanaya,Sudiang Raya,2026-09-19T12:00:00,2026-09-20 10:00:00,2026-09-20 18:00:00,21-22,28,73,0,15,2.1,NW,344,SE,,,1,Cerah,Sunny,https://api-apps.bmkg.go.id/storage/icon/cuaca/cerah-pm.svg,2026-09-20T10:00:00Z
73,73.71,73.71.11,73.71.11.1006,73.71.11.1006,Sulawesi Selatan,Kota Makassar,Biringkanaya,Sudiang Raya,2026-09-19T12:00:00,2026-09-20 13:00:00,2026-09-20 21:00:00,24-25,28,66,0,0,6.1,N,43,S,,,0,Cerah,Sunny,https://api-apps.bmkg.go.id/storage/icon/cuaca/cerah-pm.svg,2026-09-20T13:00:00Z
73,73.71,73.71.11,73.71.11.1006,73.71.11.1006,Sulawesi Selatan,Kota Makassar,Biringkanaya,Sudiang Raya,2026-09-19T12:00:00,2026-09-20 16:00:00,2026-09-21 00:00:00,27-28,26,67,0,0,4.3,N,38,S,,,0,Cerah,Sunny,https://api-apps.bmkg.go.id/storage/icon/cuaca/cerah-pm.svg,2026-09-20T16:00:00Z
73,73.71,73.71.11,73.71.11.1006,73.71.11.1006,Sulawesi Selatan,Kota Makassar,Biringkanaya,Sudiang Raya,2026-09-19T12:00:00,2026-09-20 19:00:00,2026-09-21 03:00:00,30-31,25,70,0,11,4.3,NE,76,SW,,,1,Cerah,Sunny,https://api-apps.bmkg.go.id/storage/icon/cuaca/cerah-pm.svg,2026-09-20T19:00:00Z
73,73.71,73.71.11,73.71.11.1006,73.71.11.1006,Sulawesi Selatan,Kota Makassar,Biringkanaya,Sudiang Raya,2026-09-19T12:00:00,2026-09-20 22:00:00,2026-09-21 06:00:00,33-34,27,67,0,42,4.6,SE,144,NW,,,1,Cerah,Sunny,https://api-apps.bmkg.go.id/storage/icon/cuaca/cerah-am.svg,2026-09-20T22:00:00Z
73,73.71,73.71.11,73.71.11.1006,73.71.11.1006,Sulawesi Selatan,Kota Makassar,Biringkanaya,Sudiang Raya,2026-09-19T12:00:00,2026-09-21 01:00:00,2026-09-21 09:00:00,36-37,33,46,0,38,11.5,SW,254,NE,,,1,Cerah,Sunny,https://api-apps.bmkg.go.id/storage/icon/cuaca/cerah-am.svg,2026-09-21T01:00:00Z
73,73.71,73.71.11,73.71.11.1006,73.71.11.1006,Sulawesi Selatan,Kota Makassar,Biringkanaya,Sudiang Raya,2026-09-19T12:00:00,2026-09-21 04:00:00,2026-09-21 12:00:00,39-40,33,50,0.2,42,17.9,SW,253,NE,,,1,Cerah,Sunny,https://api-apps.bmkg.go.id/storage/icon/cuaca/cerah-am.svg,2026-09-21T04:00:00Z
73,73.71,73.71.11,73.71.11.1006,73.71.11.1006,Sulawesi Selatan,Kota Makassar,Biringkanaya,Sudiang Raya,2026-09-19T12:00:00,2026-09-21 07:00:00,2026-09-21 15:00:00,42-43,32,52,0,48,9,W,306,E,,,1,Cerah,Sunny,https://api-apps.bmkg.go.id/storage/icon/cuaca/cerah-am.svg,2026-09-21T07:00:00Z
73,73.71,73.71.11,73.71.11.1006,73.71.11.1006,Sulawesi Selatan,Kota Makassar,Biringkanaya,Sudiang Raya,2026-09-19T12:00:00,2026-09-21 10:00:00,2026-09-21 18:00:00,45-46,30,60,0,31,9.3,N,33,S,,,1,Cerah,Sunny,https://api-apps.bmkg.go.id/storage/icon/cuaca/cerah-pm.svg,2026-09-21T10:00:00Z
73,73.71,73.71.11,73.71.11.1006,73.71.11.1006,Sulawesi Selatan,Kota Makassar,Biringkanaya,Sudiang Raya,2026-09-19T12:00:00,2026-09-21 13:00:00,2026-09-21 21:00:00,48-49,28,55,0,57,3.6,N,28,S,,,1,Cerah,Sunny,https://api-apps.bmkg.go.id/storage/icon/cuaca/cerah-pm.svg,2026-09-21T13:00:00Z
73,73.71,73.71.11,73.71.11.1006,73.71.11.1006,Sulawesi Selatan,Kota Makassar,Biringkanaya,Sudiang Raya,2026-09-19T12:00:00,2026-09-21 16:00:00,2026-09-22 00:00:00,51-52,27,59,0,46,6.2,N,18,S,,,1,Cerah,Sunny,https://api-apps.bmkg.go.id/storage/icon/cuaca/cerah-pm.svg,2026-09-21T16:00:00Z
73,73.71,73.71.11,73.71.11.1006,73.71.11.1006,Sulawesi Selatan,Kota Makassar,Biringkanaya,Sudiang Raya,2026-09-19T12:00:00,2026-09-21 19:00:00,2026-09-22 03:00:00,54-55,25,67,0,40,5.8,E,102,W,,,1,Cerah,Sunny,https://api-apps.bmkg.go.id/storage/icon/cuaca/cerah-pm.svg,2026-09-21T19:00:00Z
73,73.71,73.71.11,73.71.11.1006,73.71.11.1006,Sulawesi Selatan,Kota Makassar,Biringkanaya,Sudiang Raya,2026-09-19T12:00:00,2026-09-21 22:00:00,2026-09-22 06:00:00,57-58,27,67,0,2,0.8,E,102,W,,,0,Cerah,Sunny,https://api-apps.bmkg.go.id/storage/icon/cuaca/cerah-am.svg,2026-09-21T22:00:00Z
73,73.71,73.71.11,73.71.11.1007,73.71.11.1007,Sulawesi Selatan,Kota Makassar,Biringkanaya,Untia,2026-09-19T12:00:00,2026-09-19 16:00:00,2026-09-20 00:00:00,3-4,27,57,0,4,7.1,N,29,S,,,0,Cerah,Sunny,https://api-apps.bmkg.go.id/storage/icon/cuaca/cerah-pm.svg,2026-09-19T16:00:00Z
73,73.71,73.71.11,73.71.11.1007,73.71.11.1007,Sulawesi Selatan,Kota Makassar,Biringkanaya,Untia,2026-09-19T12:00:00,2026-09-19 19:00:00,2026-09-20 03:00:00,6-7,26,69,0,42,8.8,NE,84,SW,,,1,Cerah,Sunny,https://api-apps.bmkg.go.id/storage/icon/cuaca/cerah-pm.svg,2026-09-19T19:00:00Z
73,73.71,73.71.11,73.71.11.1007,73.71.11.1007,Sulawesi Selatan,Kota Makassar,Biringkanaya,Untia,2026-09-19T12:00:00,2026-09-19 22:00:00,2026-09-20 06:00:00,9-10,27,64,0,5,5.5,E,119,W,,,0,Cerah,Sunny,https://api-apps.bmkg.go.id/storage/icon/cuaca/cerah-am.svg,2026-09-19T22:00:00Z
73,73.71,73.71.11,73.71.11.1007,73.71.11.1007,Sulawesi Selatan,Kota Makassar,Biringkanaya,Untia,2026-09-19T12:00:00,2026-09-20 01:00:00,2026-09-20 09:00:00,12-13,32,49,0,23,9,W,284,E,,,1,Cerah,Sunny,https://api-apps.bmkg.go.id/storage/icon/cuaca/cerah-am.svg,2026-09-20T01:00:00Z
73,73.71,73.71.11,73.71.11.1007,73.71.11.1007,Sulawesi Selatan,Kota Makassar,Biringkanaya,Untia,2026-09-19T12:00:00,2026-09-20 04:00:00,2026-09-20 12:00:00,15-16,30,58,0,25,14.3,W,271,E,,,1,Cerah,Sunny,https://api-apps.bmkg.go.id/storage/icon/cuaca/cerah-am.svg,2026-09-20T04:00:00Z
73,73.71,73.71.11,73.71.11.1007,73.71.11.1007,Sulawesi Selatan,Kota Makassar,Biringkanaya,Untia,2026-09-19T12:00:00,2026-09-20 07:00:00,2026-09-20 15:00:00,18-19,30,64,0,33,13.1,SW,268,NE,,,1,Cerah,Sunny,https://api-apps.bmkg.go.id/storage/icon/cuaca/cerah-am.svg,2026-09-20T07:00:00Z
73,73.71,73.71.11,73.71.11.1007,73.71.11.1007,Sulawesi Selatan,Kota Makassar,Biringkanaya,Untia,2026-09-19T12:00:00,2026-09-20 10:00:00,2026-09-20 18:00:00,21-22,28,77,0,11,2.1,NW,344,SE,,,1,Cerah,Sunny,https://api-apps.bmkg.go.id/storage/icon/cuaca/cerah-pm.svg,2026-09-20T10:00:00Z
73,73.71,73.71.11,73.71.11.1007,73.71.11.1007,Sulawesi Selatan,Kota Makassar,Biringkanaya,Untia,2026-09-19T12:00:00,2026-09-20 13:00:00,2026-09-20 21:00:00,24-25,28,66,0,0,6.1,N,43,S,,,0,Cerah,Sunny,https://api-apps.bmkg.go.id/storage/icon/cuaca/cerah-pm.svg,2026-09-20T13:00:00Z
73,73.71,73.71.11,73.71.11.1007,73.71.11.1007,Sulawesi Selatan,Kota Makassar,Biringkanaya,Untia,2026-09-19T12:00:00,2026-09-20 16:00:00,2026-09-21 00:00:00,27-28,27,66,0,1,4.3,N,38,S,,,0,Cerah,Sunny,https://api-apps.bmkg.go.id/storage/icon/cuaca/cerah-pm.svg,2026-09-20T16:00:00Z
73,73.71,73.71.11,73.71.11.1007,73.71.11.1007,Sulawesi Selatan,Kota Makassar,Biringkanaya,Untia,2026-09-19T12:00:00,2026-09-20 19:00:00,2026-09-21 03:00:00,30-31,26,70,0,11,4.3,NE,76,SW,,,1,Cerah,Sunny,https://api-apps.bmkg.go.id/storage/icon/cuaca/cerah-pm.svg,2026-09-20T19:00:00Z
73,73.71,73.71.11,73.71.11.1007,73.71.11.1007,Sulawesi Selatan,Kota Makassar,Biringkanaya,Untia,2026-09-19T12:00:00,2026-09-20 22:00:00,2026-09-21 06:00:00,33-34,27,67,0,55,4.6,SE,144,NW,,,1,Cerah,Sunny,https://api-apps.bmkg.go.id/storage/icon/cuaca/cerah-am.svg,2026-09-20T22:00:00Z
73,73.71,73.71.11,73.71.11.1007,73.71.11.1007,Sulawesi Selatan,Kota Makassar,Biringkanaya,Untia,2026-09-19T12:00:00,2026-09-21 01:00:00,2026-09-21 09:00:00,36-37,31,54,0,47,11.5,SW,254,NE,,,1,Cerah,Sunny,https://api-apps.bmkg.go.id/storage/icon/cuaca/cerah-am.svg,2026-09-21T01:00:00Z
73,73.71,73.71.11,73.71.11.1007,73.71.11.1007,Sulawesi Selatan,Kota Makassar,Biringkanaya,Untia,2026-09-19T12:00:00,2026-09-21 04:00:00,2026-09-21 12:00:00,39-40,31,62,0.1,29,17.9,SW,253,NE,,,1,Cerah,Sunny,https://api-apps.bmkg.go.id/storage/icon/cuaca/cerah-am.svg,2026-09-21T04:00:00Z
73,73.71,73.71.11,73.71.11.1007,73.71.11.1007,Sulawesi Selatan,Kota Makassar,Biringkanaya,Untia,2026-09-19T12:00:00,2026-09-21 07:00:00,2026-09-21 15:00:00,42-43,31,65,0,36,9,W,306,E,,,1,Cerah,Sunny,https://api-apps.bmkg.go.id/storage/icon/cuaca/cerah-am.svg,2026-09-21T07:00:00Z
73,73.71,73.71.11,73.71.11.1007,73.71.11.1007,Sulawesi Selatan,Kota Makassar,Biringkanaya,Untia,2026-09-19T12:00:00,2026-09-21 10:00:00,2026-09-21 18:00:00,45-46,30,68,0,26,9.3,N,33,S,,,1,Cerah,Sunny,https://api-apps.bmkg.go.id/storage/icon/cuaca/cerah-pm.svg,2026-09-21T10:00:00Z
73,73.71,73.71.11,73.71.11.1007,73.71.11.1007,Sulawesi Selatan,Kota Makassar,Biringkanaya,Untia,2026-09-19T12:00:00,2026-09-21 13:00:00,2026-09-21 21:00:00,48-49,28,56,0,55,3.6,N,28,S,,,1,Cerah,Sunny,https://api-apps.bmkg.go.id/storage/icon/cuaca/cerah-pm.svg,2026-09-21T13:00:00Z
73,73.71,73.71.11,73.71.11.1007,73.71.11.1007,Sulawesi Selatan,Kota Makassar,Biringkanaya,Untia,2026-09-19T12:00:00,2026-09-21 16:00:00,2026-09-22 00:00:00,51-52,27,61,0,52,6.2,N,18,S,,,1,Cerah,Sunny,https://api-apps.bmkg.go.id/storage/icon/cuaca/cerah-pm.svg,2026-09-21T16:00:00Z
73,73.71,73.71.11,73.71.11.1007,73.71.11.1007,Sulawesi Selatan,Kota Makassar,Biringkanaya,Untia,2026-09-19T12:00:00,2026-09-21 19:00:00,2026-09-22 03:00:00,54-55,26,66,0,37,5.8,E,102,W,,,1,Cerah,Sunny,https://api-apps.bmkg.go.id/storage/icon/cuaca/cerah-pm.svg,2026-09-21T19:00:00Z
73,73.71,73.71.11,73.71.11.1007,73.71.11.1007,Sulawesi Selatan,Kota Makassar,Biringkanaya,Untia,2026-09-19T12:00:00,2026-09-21 22:00:00,2026-09-22 06:00:00,57-58,27,68,0,2,0.8,E,102,W,,,0,Cerah,Sunny,https://api-apps.bmkg.go.id/storage/icon/cuaca/cerah-am.svg,2026-09-21T22:00:00Z
73,73.71,73.71.11,73.71.11.1008,73.71.11.1008,Sulawesi Selatan,Kota Makassar,Biringkanaya,Laikang,2026-09-19T00:00:00,2026-09-19 11:00:00,2026-09-19 19:00:00,10-11,29,42,0,0,7.9,NE,48,SW,,,0,Cerah,Sunny,https://api-apps.bmkg.go.id/storage/icon/cuaca/cerah-pm.svg,2026-09-19T11:00:00Z
73,73.71,73.71.11,73.71.11.1008,73.71.11.1008,Sulawesi Selatan,Kota Makassar,Biringkanaya,Laikang,2026-09-19T00:00:00,2026-09-19 14:00:00,2026-09-19 22:00:00,13-14,26,49,0,12,3.7,N,3,S,,,1,Cerah,Sunny,https://api-apps.bmkg.go.id/storage/icon/cuaca/cerah-pm.svg,2026-09-19T14:00:00Z
73,73.71,73.71.11,73.71.11.1008,73.71.11.1008,Sulawesi Selatan,Kota Makassar,Biringkanaya,Laikang,2026-09-19T00:00:00,2026-09-19 17:00:00,2026-09-20 01:00:00,16-17,25,60,0,36,8.2,N,25,S,,,1,Cerah,Sunny,https://api-apps.bmkg.go.id/storage/icon/cuaca/cerah-pm.svg,2026-09-19T17:00:00Z
73,73.71,73.71.11,73.71.11.1008,73.71.11.1008,Sulawesi Selatan,Kota Makassar,Biringkanaya,Laikang,2026-09-19T00:00:00,2026-09-19 20:00:00,2026-09-20 04:00:00,19-20,24,68,0,28,6.5,E,94,W,,,1,Cerah,Sunny,https://api-apps.bmkg.go.id/storage/icon/cuaca/cerah-pm.svg,2026-09-19T20:00:00Z
73,73.71,73.71.11,73.71.11.1008,73.71.11.1008,Sulawesi Selatan,Kota Makassar,Biringkanaya,Laikang,2026-09-19T00:00:00,2026-09-19 23:00:00,2026-09-20 07:00:00,22-23,31,54,0,5,4.9,E,111,W,,,0,Cerah,Sunny,https://api-apps.bmkg.go.id/storage/icon/cuaca/cerah-am.svg,2026-09-19T23:00:00Z
73,73.71,73.71.11,73.71.11.1008,73.71.11.1008,Sulawesi Selatan,Kota Makassar,Biringkanaya,Laikang,2026-09-19T00:00:00,2026-09-20 02:00:00,2026-09-20 10:00:00,25-26,36,41,0,14,8.9,W,287,E,,,1,Cerah,Sunny,https://api-apps.bmkg.go.id/storage/icon/cuaca/cerah-am.svg,2026-09-20T02:00:00Z
73,73.71,73.71.11,73.71.11.1008,73.71.11.1008,Sulawesi Selatan,Kota Makassar,Biringkanaya,Laikang,2026-09-19T00:00:00,2026-09-20 05:00:00,2026-09-20 13:00:00,28-29,34,50,0,0,14.3,SW,256,NE,,,0,Cerah,Sunny,https://api-apps.bmkg.go.id/storage/icon/cuaca/cerah-am.svg,2026-09-20T05:00:00Z
73,73.71,73.71.11,73.71.11.1008,73.71.11.1008,Sulawesi Selatan,Kota Makassar,Biringkanaya,Laikang,2026-09-19T00:00:00,2026-09-20 08:00:00,2026-09-20 16:00:00,31-32,30,60,0,0,12.6,SW,269,NE,,,0,Cerah,Sunny,https://api-apps.bmkg.go.id/storage/icon/cuaca/cerah-am.svg,2026-09-20T08:00:00Z
73,73.71,73.71.11,73.71.11.1008,73.71.11.1008,Sulawesi Selatan,Kota Makassar,Biringkanaya,Laikang,2026-09-19T00:00:00,2026-09-20 11:00:00,2026-09-20 19:00:00,34-35,27,76,0,0,5.3,NW,351,SE,,,0,Cerah,Sunny,https://api-apps.bmkg.go.id/storage/icon/cuaca/cerah-pm.svg,2026-09-20T11:00:00Z
73,73.71,73.71.11,73.71.11.1008,73.71.11.1008,Sulawesi Selatan,Kota Makassar,Biringkanaya,Laikang,2026-09-19T00:00:00,2026-09-20 14:00:00,2026-09-20 22:00:00,37-38,26,65,0,72,7.5,N,38,S,,,2,Cerah Berawan,Partly Cloudy,https://api-apps.bmkg.go.id/storage/icon/cuaca/cerah berawan-pm.svg,2026-09-20T14:00:00Z
73,73.71,73.71.11,73.71.11.1008,73.71.11.1008,Sulawesi Selatan,Kota Makassar,Biringkanaya,Laikang,2026-09-19T00:00:00,2026-09-20 17:00:00,2026-09-21 01:00:00,40-41,24,71,0,32,3.6,NE,48,SW,,,1,Cerah,Sunny,https://api-apps.bmkg.go.id/storage/icon/cuaca/cerah-pm.svg,2026-09-20T17:00:00Z
73,73.71,73.71.11,73.71.11.1008,73.71.11.1008,Sulawesi Selatan,Kota Makassar,Biringkanaya,Laikang,2026-09-19T00:00:00,2026-09-20 20:00:00,2026-09-21 04:00:00,43-44,24,74,0,5,3.6,NE,63,SW,,,0,Cerah,Sunny,https://api-apps.bmkg.go.id/storage/icon/cuaca/cerah-pm.svg,2026-09-20T20:00:00Z
73,73.71,73.71.11,73.71.11.1008,73.71.11.1008,Sulawesi Selatan,Kota Makassar,Biringkanaya,Laikang,2026-09-19T00:00:00,2026-09-20 23:00:00,2026-09-21 07:00:00,46-47,29,61,0,12,5,SE,150,NW,,,1,Cerah,Sunny,https://api-apps.bmkg.go.id/storage/icon/cuaca/cerah-am.svg,2026-09-20T23:00:00Z
73,73.71,73.71.11,73.71.11.1008,73.71.11.1008,Sulawesi Selatan,Kota Makassar,Biringkanaya,Laikang,2026-09-19T00:00:00,2026-09-21 02:00:00,2026-09-21 10:00:00,49-50,34,47,0.1,17,5,SE,150,NW,,,1,Cerah,Sunny,https://api-apps.bmkg.go.id/storage/icon/cuaca/cerah-am.svg,2026-09-21T02:00:00Z
73,73.71,73.71.11,73.71.11.1008,73.71.11.1008,Sulawesi Selatan,Kota Makassar,Biringkanaya,Laikang,2026-09-19T00:00:00,2026-09-21 05:00:00,2026-09-21 13:00:00,52-53,33,48,0.1,6,16,SW,257,NE,,,0,Cerah,Sunny,https://api-apps.bmkg.go.id/storage/icon/cuaca/cerah-am.svg,2026-09-21T05:00:00Z
73,73.71,73.71.11,73.71.11.1008,73.71.11.1008,Sulawesi Selatan,Kota Makassar,Biringkanaya,Laikang,2026-09-19T00:00:00,2026-09-21 08:00:00,2026-09-21 16:00:00,55-56,31,58,0,20,16,SW,257,NE,,,1,Cerah,Sunny,https://api-apps.bmkg.go.id/storage/icon/cuaca/cerah-am.svg,2026-09-21T08:00:00Z
73,73.71,73.71.11,73.71.11.1008,73.71.11.1008,Sulawesi Selatan,Kota Makassar,Biringkanaya,Laikang,2026-09-19T00:00:00,2026-09-21 11:00:00,2026-09-21 19:00:00,58-59,29,64,0,17,9.3,N,15,S,,,1,Cerah,Sunny,https://api-apps.bmkg.go.id/storage/icon/cuaca/cerah-pm.svg,2026-09-21T11:00:00Z
73,73.71,73.71.11,73.71.11.1008,73.71.11.1008,Sulawesi Selatan,Kota Makassar,Biringkanaya,Laikang,2026-09-19T00:00:00,2026-09-21 14:00:00,2026-09-21 22:00:00,61-62,27,59,0,98,9.3,N,15,S,,,3,Berawan,Mostly Cloudy,https://api-apps.bmkg.go.id/storage/icon/cuaca/berawan-pm.svg,2026-09-21T14:00:00Z
73,73.71,73.71.11,73.71.11.1009,73.71.11.1009,Sulawesi Selatan,Kota Makassar,Biringkanaya,Berua,2026-09-19T12:00:00,2026-09-19 16:00:00,2026-09-20 00:00:00,3-4,27,54,0,5,7.1,N,29,S,,,0,Cerah,Sunny,https://api-apps.bmkg.go.id/storage/icon/cuaca/cerah-pm.svg,2026-09-19T16:00:00Z
73,73.71,73.71.11,73.71.11.1009,73.71.11.1009,Sulawesi Selatan,Kota Makassar,Biringkanaya,Berua,2026-09-19T12:00:00,2026-09-19 19:00:00,2026-09-20 03:00:00,6-7,26,68,0,45,8.8,NE,84,SW,,,1,Cerah,Sunny,https://api-apps.bmkg.go.id/storage/icon/cuaca/cerah-pm.svg,2026-09-19T19:00:00Z
73,73.71,73.71.11,73.71.11.1009,73.71.11.1009,Sulawesi Selatan,Kota Makassar,Biringkanaya,Berua,2026-09-19T12:00:00,2026-09-19 22:00:00,2026-09-20 06:00:00,9-10,26,65,0,5,5.5,E,119,W,,,0,Cerah,Sunny,https://api-apps.bmkg.go.id/storage/icon/cuaca/cerah-am.svg,2026-09-19T22:00:00Z
73,73.71,73.71.11,73.71.11.1009,73.71.11.1009,Sulawesi Selatan,Kota Makassar,Biringkanaya,Berua,2026-09-19T12:00:00,2026-09-20 01:00:00,2026-09-20 09:00:00,12-13,33,42,0,27,9,W,284,E,,,1,Cerah,Sunny,https://api-apps.bmkg.go.id/storage/icon/cuaca/cerah-am.svg,2026-09-20T01:00:00Z
73,73.71,73.71.11,73.71.11.1009,73.71.11.1009,Sulawesi Selatan,Kota Makassar,Biringkanaya,Berua,2026-09-19T12:00:00,2026-09-20 04:00:00,2026-09-20 12:00:00,15-16,33,48,0,39,14.3,W,271,E,,,1,Cerah,Sunny,https://api-apps.bmkg.go.id/storage/icon/cuaca/cerah-am.svg,2026-09-20T04:00:00Z
73,73.71,73.71.11,73.71.11.1009,73.71.11.1009,Sulawesi Selatan,Kota Makassar,Biringkanaya,Berua,2026-09-19T12:00:00,2026-09-20 07:00:00,2026-09-20 15:00:00,18-19,31,54,0,48,13.1,SW,268,NE,,,1,Cerah,Sunny,https://api-apps.bmkg.go.id/storage/icon/cuaca/cerah-am.svg,2026-09-20T07:00:00Z
73,73.71,73.71.11,73.71.11.1009,73.71.11.1009,Sulawesi Selatan,Kota Makassar,Biringkanaya,Berua,2026-09-19T12:00:00,2026-09-20 10:00:00,2026-09-20 18:00:00,21-22,28,71,0,16,2.1,NW,344,SE,,,1,Cerah,Sunny,https://api-apps.bmkg.go.id/storage/icon/cuaca/cerah-pm.svg,2026-09-20T10:00:00Z
73,73.71,73.71.11,73.71.11.1009,73.71.11.1009,Sulawesi Selatan,Kota Makassar,Biringkanaya,Berua,2026-09-19T12:00:00,2026-09-20 13:00:00,2026-09-20 21:00:00,24-25,28,67,0,0,6.1,N,43,S,,,0,Cerah,Sunny,https://api-apps.bmkg.go.id/storage/icon/cuaca/cerah-pm.svg,2026-09-20T13:00:00Z
73,73.71,73.71.11,73.71.11.1009,73.71.11.1009,Sulawesi Selatan,Kota Makassar,Biringkanaya,Berua,2026-09-19T12:00:00,2026-09-20 16:00:00,2026-09-21 00:00:00,27-28,26,69,0,0,4.3,N,38,S,,,0,Cerah,Sunny,https://api-apps.bmkg.go.id/storage/icon/cuaca/cerah-pm.svg,2026-09-20T16:00:00Z
73,73.71,73.71.11,73.71.11.1009,73.71.11.1009,Sulawesi Selatan,Kota Makassar,Biringkanaya,Berua,2026-09-19T12:00:00,2026-09-20 19:00:00,2026-09-21 03:00:00,30-31,25,71,0,11,4.3,NE,76,SW,,,1,Cerah,Sunny,https://api-apps.bmkg.go.id/storage/icon/cuaca/cerah-pm.svg,2026-09-20T19:00:00Z
73,73.71,73.71.11,73.71.11.1009,73.71.11.1009,Sulawesi Selatan,Kota Makassar,Biringkanaya,Berua,2026-09-19T12:00:00,2026-09-20 22:00:00,2026-09-21 06:00:00,33-34,27,68,0,38,4.6,SE,144,NW,,,1,Cerah,Sunny,https://api-apps.bmkg.go.id/storage/icon/cuaca/cerah-am.svg,2026-09-20T22:00:00Z
73,73.71,73.71.11,73.71.11.1009,73.71.11.1009,Sulawesi Selatan,Kota Makassar,Biringkanaya,Berua,2026-09-19T12:00:00,2026-09-21 01:00:00,2026-09-21 09:00:00,36-37,33,47,0,30,11.5,SW,254,NE,,,1,Cerah,Sunny,https://api-apps.bmkg.go.id/storage/icon/cuaca/cerah-am.svg,2026-09-21T01:00:00Z
73,73.71,73.71.11,73.71.11.1009,73.71.11.1009,Sulawesi Selatan,Kota Makassar,Biringkanaya,Berua,2026-09-19T12:00:00,2026-09-21 04:00:00,2026-09-21 12:00:00,39-40,33,49,0.1,43,17.9,SW,253,NE,,,1,Cerah,Sunny,https://api-apps.bmkg.go.id/storage/icon/cuaca/cerah-am.svg,2026-09-21T04:00:00Z
73,73.71,73.71.11,73.71.11.1009,73.71.11.1009,Sulawesi Selatan,Kota Makassar,Biringkanaya,Berua,2026-09-19T12:00:00,2026-09-21 07:00:00,2026-09-21 15:00:00,42-43,33,50,0,52,9,W,306,E,,,1,Cerah,Sunny,https://api-apps.bmkg.go.id/storage/icon/cuaca/cerah-am.svg,2026-09-21T07:00:00Z
73,73.71,73.71.11,73.71.11.1009,73.71.11.1009,Sulawesi Selatan,Kota Makassar,Biringkanaya,Berua,2026-09-19T12:00:00,2026-09-21 10:00:00,2026-09-21 18:00:00,45-46,30,59,0,32,9.3,N,33,S,,,1,Cerah,Sunny,https://api-apps.bmkg.go.id/storage/icon/cuaca/cerah-pm.svg,2026-09-21T10:00:00Z
73,73.71,73.71.11,73.71.11.1009,73.71.11.1009,Sulawesi Selatan,Kota Makassar,Biringkanaya,Berua,2026-09-19T12:00:00,2026-09-21 13:00:00,2026-09-21 21:00:00,48-49,28,57,0,53,3.6,N,28,S,,,1,Cerah,Sunny,https://api-apps.bmkg.go.id/storage/icon/cuaca/cerah-pm.svg,2026-09-21T13:00:00Z
73,73.71,73.71.11,73.71.11.1009,73.71.11.1009,Sulawesi Selatan,Kota Makassar,Biringkanaya,Berua,2026-09-19T12:00:00,2026-09-21 16:00:00,2026-09-22 00:00:00,51-52,27,60,0,45,6.2,N,18,S,,,1,Cerah,Sunny,https://api-apps.bmkg.go.id/storage/icon/cuaca/cerah-pm.svg,2026-09-21T16:00:00Z
73,73.71,73.71.11,73.71.11.1009,73.71.11.1009,Sulawesi Selatan,Kota Makassar,Biringkanaya,Berua,2026-09-19T12:00:00,2026-09-21 19:00:00,2026-09-22 03:00:00,54-55,25,69,0,41,5.8,E,102,W,,,1,Cerah,Sunny,https://api-apps.bmkg.go.id/storage/icon/cuaca/cerah-pm.svg,2026-09-21T19:00:00Z
73,73.71,73.71.11,73.71.11.1009,73.71.11.1009,Sulawesi Selatan,Kota Makassar,Biringkanaya,Berua,2026-09-19T12:00:00,2026-09-21 22:00:00,2026-09-22 06:00:00,57-58,27,68,0,2,0.8,E,102,W,,,0,Cerah,Sunny,https://api-apps.bmkg.go.id/storage/icon/cuaca/cerah-am.svg,2026-09-21T22:00:00Z
73,73.71,73.71.11,73.71.11.1010,73.71.11.1010,Sulawesi Selatan,Kota Makassar,Biringkanaya,Katimbang,2026-09-19T12:00:00,2026-09-19 15:00:00,2026-09-19 23:00:00,2-3,27,56,0,28,3.8,W,314,E,,,1,Cerah,Sunny,https://api-apps.bmkg.go.id/storage/icon/cuaca/cerah-pm.svg,2026-09-19T15:00:00Z
73,73.71,73.71.11,73.71.11.1010,73.71.11.1010,Sulawesi Selatan,Kota Makassar,Biringkanaya,Katimbang,2026-09-19T12:00:00,2026-09-19 18:00:00,2026-09-20 02:00:00,5-6,26,64,0,21,7.9,NW,342,SE,,,1,Cerah,Sunny,https://api-apps.bmkg.go.id/storage/icon/cuaca/cerah-pm.svg,2026-09-19T18:00:00Z
73,73.71,73.71.11,73.71.11.1010,73.71.11.1010,Sulawesi Selatan,Kota Makassar,Biringkanaya,Katimbang,2026-09-19T12:00:00,2026-09-19 21:00:00,2026-09-20 05:00:00,8-9,24,72,0,4,4,SE,156,NW,,,0,Cerah,Sunny,https://api-apps.bmkg.go.id/storage/icon/cuaca/cerah-pm.svg,2026-09-19T21:00:00Z
73,73.71,73.71.11,73.71.11.1010,73.71.11.1010,Sulawesi Selatan,Kota Makassar,Biringkanaya,Katimbang,2026-09-19T12:00:00,2026-09-20 00:00:00,2026-09-20 08:00:00,11-12,31,47,0,23,2.9,SW,258,NE,,,1,Cerah,Sunny,https://api-apps.bmkg.go.id/storage/icon/cuaca/cerah-am.svg,2026-09-20T00:00:00Z
73,73.71,73.71.11,73.71.11.1010,73.71.11.1010,Sulawesi Selatan,Kota Makassar,Biringkanaya,Katimbang,2026-09-19T12:00:00,2026-09-20 03:00:00,2026-09-20 11:00:00,14-15,33,46,0,31,10.6,SW,242,NE,,,1,Cerah,Sunny,https://api-apps.bmkg.go.id/storage/icon/cuaca/cerah-am.svg,2026-09-20T03:00:00Z
73,73.71,73.71.11,73.71.11.1010,73.71.11.1010,Sulawesi Selatan,Kota Makassar,Biringkanaya,Katimbang,2026-09-19T12:00:00,2026-09-20 06:00:00,2026-09-20 14:00:00,17-18,32,50,0,50,13.7,SW,259,NE,,,1,Cerah,Sunny,https://api-apps.bmkg.go.id/storage/icon/cuaca/cerah-am.svg,2026-09-20T06:00:00Z
73,73.71,73.71.11,73.71.11.1010,73.71.11.1010,Sulawesi Selatan,Kota Makassar,Biringkanaya,Katimbang,2026-09-19T12:00:00,2026-09-20 09:00:00,2026-09-20 17:00:00,20-21,29,66,0,36,8.5,W,286,E,,,1,Cerah,Sunny,https://api-apps.bmkg.go.id/storage/icon/cuaca/cerah-am.svg,2026-09-20T09:00:00Z
73,73.71,73.71.11,73.71.11.1010,73.71.11.1010,Sulawesi Selatan,Kota Makassar,Biringkanaya,Katimbang,2026-09-19T12:00:00,2026-09-20 12:00:00,2026-09-20 20:00:00,23-24,28,71,0,0,4.6,NE,62,SW,,,0,Cerah,Sunny,https://api-apps.bmkg.go.id/storage/icon/cuaca/cerah-pm.svg,2026-09-20T12:00:00Z
73,73.71,73.71.11,73.71.11.1010,73.71.11.1010,Sulawesi Selatan,Kota Makassar,Biringkanaya,Katimbang,2026-09-19T12:00:00,2026-09-20 15:00:00,2026-09-20 23:00:00,26-27,26,69,0,0,2.9,SW,257,NE,,,0,Cerah,Sunny,https://api-apps.bmkg.go.id/storage/icon/cuaca/cerah-pm.svg,2026-09-20T15:00:00Z
73,73.71,73.71.11,73.71.11.1010,73.71.11.1010,Sulawesi Selatan,Kota Makassar,Biringkanaya,Katimbang,2026-09-19T12:00:00,2026-09-20 18:00:00,2026-09-21 02:00:00,29-30,25,72,0,1,3.4,N,8,S,,,0,Cerah,Sunny,https://api-apps.bmkg.go.id/storage/icon/cuaca/cerah-pm.svg,2026-09-20T18:00:00Z
73,73.71,73.71.11,73.71.11.1010,73.71.11.1010,Sulawesi Selatan,Kota Makassar,Biringkanaya,Katimbang,2026-09-19T12:00:00,2026-09-20 21:00:00,2026-09-21 05:00:00,32-33,24,78,0,71,1.2,E,122,W,,,2,Cerah Berawan,Partly Cloudy,https://api-apps.bmkg.go.id/storage/icon/cuaca/cerah berawan-pm.svg,2026-09-20T21:00:00Z
73,73.71,73.71.11,73.71.11.1010,73.71.11.1010,Sulawesi Selatan,Kota Makassar,Biringkanaya,Katimbang,2026-09-19T12:00:00,2026-09-21 00:00:00,2026-09-21 08:00:00,35-36,31,53,0,14,4.7,S,216,N,,,1,Cerah,Sunny,https://api-apps.bmkg.go.id/storage/icon/cuaca/cerah-am.svg,2026-09-21T00:00:00Z
73,73.71,73.71.11,73.71.11.1010,73.71.11.1010,Sulawesi Selatan,Kota Makassar,Biringkanaya,Katimbang,2026-09-19T12:00:00,2026-09-21 03:00:00,2026-09-21 11:00:00,38-39,34,49,0.1,25,9.2,SW,235,NE,,,1,Cerah,Sunny,https://api-apps.bmkg.go.id/storage/icon/cuaca/cerah-am.svg,2026-09-21T03:00:00Z
73,73.71,73.71.11,73.71.11.1010,73.71.11.1010,Sulawesi Selatan,Kota Makassar,Biringkanaya,Katimbang,2026-09-19T12:00:00,2026-09-21 06:00:00,2026-09-21 14:00:00,41-42,33,47,0,57,15.9,SW,270,NE,,,1,Cerah,Sunny,https://api-apps.bmkg.go.id/storage/icon/cuaca/cerah-am.svg,2026-09-21T06:00:00Z
73,73.71,73.71.11,73.71.11.1010,73.71.11.1010,Sulawesi Selatan,Kota Makassar,Biringkanaya,Katimbang,2026-09-19T12:00:00,2026-09-21 09:00:00,2026-09-21 17:00:00,44-45,31,56,0,35,10.9,NW,324,SE,,,1,Cerah,Sunny,https://api-apps.bmkg.go.id/storage/icon/cuaca/cerah-am.svg,2026-09-21T09:00:00Z
73,73.71,73.71.11,73.71.11.1010,73.71.11.1010,Sulawesi Selatan,Kota Makassar,Biringkanaya,Katimbang,2026-09-19T12:00:00,2026-09-21 12:00:00,2026-09-21 20:00:00,47-48,29,55,0,1,4.3,NW,323,SE,,,0,Cerah,Sunny,https://api-apps.bmkg.go.id/storage/icon/cuaca/cerah-pm.svg,2026-09-21T12:00:00Z
73,73.71,73.71.11,73.71.11.1010,73.71.11.1010,Sulawesi Selatan,Kota Makassar,Biringkanaya,Katimbang,2026-09-19T12:00:00,2026-09-21 15:00:00,2026-09-21 23:00:00,50-51,27,59,0,84,5,NW,329,SE,,,2,Cerah Berawan,Partly Cloudy,https://api-apps.bmkg.go.id/storage/icon/cuaca/cerah berawan-pm.svg,2026-09-21T15:00:00Z
73,73.71,73.71.11,73.71.11.1011,73.71.11.1011,Sulawesi Selatan,Kota Makassar,Biringkanaya,Bakung,2026-09-19T12:00:00,2026-09-19 15:00:00,2026-09-19 23:00:00,2-3,27,50,0,26,2.4,N,5,S,,,1,Cerah,Sunny,https://api-apps.bmkg.go.id/storage/icon/cuaca/cerah-pm.svg,2026-09-19T15:00:00Z
73,73.71,73.71.11,73.71.11.1011,73.71.11.1011,Sulawesi Selatan,Kota Makassar,Biringkanaya,Bakung,2026-09-19T12:00:00,2026-09-19 18:00:00,2026-09-20 02:00:00,5-6,26,65,0,34,7.1,N,29,S,,,1,Cerah,Sunny,https://api-apps.bmkg.go.id/storage/icon/cuaca/cerah-pm.svg,2026-09-19T18:00:00Z
73,73.71,73.71.11,73.71.11.1011,73.71.11.1011,Sulawesi Selatan,Kota Makassar,Biringkanaya,Bakung,2026-09-19T12:00:00,2026-09-19 21:00:00,2026-09-20 05:00:00,8-9,25,70,0,5,8.8,NE,84,SW,,,0,Cerah,Sunny,https://api-apps.bmkg.go.id/storage/icon/cuaca/cerah-pm.svg,2026-09-19T21:00:00Z
73,73.71,73.71.11,73.71.11.1011,73.71.11.1011,Sulawesi Selatan,Kota Makassar,Biringkanaya,Bakung,2026-09-19T12:00:00,2026-09-20 00:00:00,2026-09-20 08:00:00,11-12,32,47,0,23,5.5,E,119,W,,,1,Cerah,Sunny,https://api-apps.bmkg.go.id/storage/icon/cuaca/cerah-am.svg,2026-09-20T00:00:00Z
73,73.71,73.71.11,73.71.11.1011,73.71.11.1011,Sulawesi Selatan,Kota Makassar,Biringkanaya,Bakung,2026-09-19T12:00:00,2026-09-20 03:00:00,2026-09-20 11:00:00,14-15,33,48,0,35,9,W,284,E,,,1,Cerah,Sunny,https://api-apps.bmkg.go.id/storage/icon/cuaca/cerah-am.svg,2026-09-20T03:00:00Z
73,73.71,73.71.11,73.71.11.1011,73.71.11.1011,Sulawesi Selatan,Kota Makassar,Biringkanaya,Bakung,2026-09-19T12:00:00,2026-09-20 06:00:00,2026-09-20 14:00:00,17-18,32,53,0,45,14.3,W,271,E,,,1,Cerah,Sunny,https://api-apps.bmkg.go.id/storage/icon/cuaca/cerah-am.svg,2026-09-20T06:00:00Z
73,73.71,73.71.11,73.71.11.1011,73.71.11.1011,Sulawesi Selatan,Kota Makassar,Biringkanaya,Bakung,2026-09-19T12:00:00,2026-09-20 09:00:00,2026-09-20 17:00:00,20-21,29,68,0,32,13.1,SW,268,NE,,,1,Cerah,Sunny,https://api-apps.bmkg.go.id/storage/icon/cuaca/cerah-am.svg,2026-09-20T09:00:00Z
73,73.71,73.71.11,73.71.11.1011,73.71.11.1011,Sulawesi Selatan,Kota Makassar,Biringkanaya,Bakung,2026-09-19T12:00:00,2026-09-20 12:00:00,2026-09-20 20:00:00,23-24,28,73,0,0,2.1,NW,344,SE,,,0,Cerah,Sunny,https://api-apps.bmkg.go.id/storage/icon/cuaca/cerah-pm.svg,2026-09-20T12:00:00Z
73,73.71,73.71.11,73.71.11.1011,73.71.11.1011,Sulawesi Selatan,Kota Makassar,Biringkanaya,Bakung,2026-09-19T12:00:00,2026-09-20 15:00:00,2026-09-20 23:00:00,26-27,26,65,0,0,6.1,N,43,S,,,0,Cerah,Sunny,https://api-apps.bmkg.go.id/storage/icon/cuaca/cerah-pm.svg,2026-09-20T15:00:00Z
73,73.71,73.71.11,73.71.11.1011,73.71.11.1011,Sulawesi Selatan,Kota Makassar,Biringkanaya,Bakung,2026-09-19T12:00:00,2026-09-20 18:00:00,2026-09-21 02:00:00,29-30,26,68,0,2,4.3,N,38,S,,,0,Cerah,Sunny,https://api-apps.bmkg.go.id/storage/icon/cuaca/cerah-pm.svg,2026-09-20T18:00:00Z
73,73.71,73.71.11,73.71.11.1011,73.71.11.1011,Sulawesi Selatan,Kota Makassar,Biringkanaya,Bakung,2026-09-19T12:00:00,2026-09-20 21:00:00,2026-09-21 05:00:00,32-33,25,75,0,74,4.3,NE,76,SW,,,2,Cerah Berawan,Partly Cloudy,https://api-apps.bmkg.go.id/storage/icon/cuaca/cerah berawan-pm.svg,2026-09-20T21:00:00Z
73,73.71,73.71.11,73.71.11.1011,73.71.11.1011,Sulawesi Selatan,Kota Makassar,Biringkanaya,Bakung,2026-09-19T12:00:00,2026-09-21 00:00:00,2026-09-21 08:00:00,35-36,31,52,0,23,4.6,SE,144,NW,,,1,Cerah,Sunny,https://api-apps.bmkg.go.id/storage/icon/cuaca/cerah-am.svg,2026-09-21T00:00:00Z
73,73.71,73.71.11,73.71.11.1011,73.71.11.1011,Sulawesi Selatan,Kota Makassar,Biringkanaya,Bakung,2026-09-19T12:00:00,2026-09-21 03:00:00,2026-09-21 11:00:00,38-39,33,50,0.2,28,11.5,SW,254,NE,,,1,Cerah,Sunny,https://api-apps.bmkg.go.id/storage/icon/cuaca/cerah-am.svg,2026-09-21T03:00:00Z
73,73.71,73.71.11,73.71.11.1011,73.71.11.1011,Sulawesi Selatan,Kota Makassar,Biringkanaya,Bakung,2026-09-19T12:00:00,2026-09-21 06:00:00,2026-09-21 14:00:00,41-42,33,51,0,48,17.9,SW,253,NE,,,1,Cerah,Sunny,https://api-apps.bmkg.go.id/storage/icon/cuaca/cerah-am.svg,2026-09-21T06:00:00Z
73,73.71,73.71.11,73.71.11.1011,73.71.11.1011,Sulawesi Selatan,Kota Makassar,Biringkanaya,Bakung,2026-09-19T12:00:00,2026-09-21 09:00:00,2026-09-21 17:00:00,44-45,30,59,0,33,9,W,306,E,,,1,Cerah,Sunny,https://api-apps.bmkg.go.id/storage/icon/cuaca/cerah-am.svg,2026-09-21T09:00:00Z
73,73.71,73.71.11,73.71.11.1011,73.71.11.1011,Sulawesi Selatan,Kota Makassar,Biringkanaya,Bakung,2026-09-19T12:00:00,2026-09-21 12:00:00,2026-09-21 20:00:00,47-48,29,52,0,1,9.3,N,33,S,,,0,Cerah,Sunny,https://api-apps.bmkg.go.id/storage/icon/cuaca/cerah-pm.svg,2026-09-21T12:00:00Z
73,73.71,73.71.11,73.71.11.1011,73.71.11.1011,Sulawesi Selatan,Kota Makassar,Biringkanaya,Bakung,2026-09-19T12:00:00,2026-09-21 15:00:00,2026-09-21 23:00:00,50-51,27,56,0,87,3.6,N,28,S,,,2,Cerah Berawan,Partly Cloudy,https://api-apps.bmkg.go.id/storage/icon/cuaca/cerah berawan-pm.svg,2026-09-21T15:00:00Z
73,73.71,73.71.12,73.71.12.1001,73.71.12.1001,Sulawesi Selatan,Kota Makassar,Manggala,Manggala,2026-09-19T12:00:00,2026-09-19 16:00:00,2026-09-20 00:00:00,3-4,27,56,0,2,7.9,NW,342,SE,,,0,Cerah,Sunny,https://api-apps.bmkg.go.id/storage/icon/cuaca/cerah-pm.svg,2026-09-19T16:00:00Z
73,73.71,73.71.12,73.71.12.1001,73.71.12.1001,Sulawesi Selatan,Kota Makassar,Manggala,Manggala,2026-09-19T12:00:00,2026-09-19 19:00:00,2026-09-20 03:00:00,6-7,25,67,0,37,4,SE,156,NW,,,1,Cerah,Sunny,https://api-apps.bmkg.go.id/storage/icon/cuaca/cerah-pm.svg,2026-09-19T19:00:00Z
73,73.71,73.71.12,73.71.12.1001,73.71.12.1001,Sulawesi Selatan,Kota Makassar,Manggala,Manggala,2026-09-19T12:00:00,2026-09-19 22:00:00,2026-09-20 06:00:00,9-10,26,66,0,4,2.9,SW,258,NE,,,0,Cerah,Sunny,https://api-apps.bmkg.go.id/storage/icon/cuaca/cerah-am.svg,2026-09-19T22:00:00Z
73,73.71,73.71.12,73.71.12.1001,73.71.12.1001,Sulawesi Selatan,Kota Makassar,Manggala,Manggala,2026-09-19T12:00:00,2026-09-20 01:00:00,2026-09-20 09:00:00,12-13,33,42,0,29,10.6,SW,242,NE,,,1,Cerah,Sunny,https://api-apps.bmkg.go.id/storage/icon/cuaca/cerah-am.svg,2026-09-20T01:00:00Z
73,73.71,73.71.12,73.71.12.1001,73.71.12.1001,Sulawesi Selatan,Kota Makassar,Manggala,Manggala,2026-09-19T12:00:00,2026-09-20 04:00:00,2026-09-20 12:00:00,15-16,33,47,0,35,13.7,SW,259,NE,,,1,Cerah,Sunny,https://api-apps.bmkg.go.id/storage/icon/cuaca/cerah-am.svg,2026-09-20T04:00:00Z
73,73.71,73.71.12,73.71.12.1001,73.71.12.1001,Sulawesi Selatan,Kota Makassar,Manggala,Manggala,2026-09-19T12:00:00,2026-09-20 07:00:00,2026-09-20 15:00:00,18-19,31,55,0,44,8.5,W,286,E,,,1,Cerah,Sunny,https://api-apps.bmkg.go.id/storage/icon/cuaca/cerah-am.svg,2026-09-20T07:00:00Z
73,73.71,73.71.12,73.71.12.1001,73.71.12.1001,Sulawesi Selatan,Kota Makassar,Manggala,Manggala,2026-09-19T12:00:00,2026-09-20 10:00:00,2026-09-20 18:00:00,21-22,28,69,0,17,4.6,NE,62,SW,,,1,Cerah,Sunny,https://api-apps.bmkg.go.id/storage/icon/cuaca/cerah-pm.svg,2026-09-20T10:00:00Z
73,73.71,73.71.12,73.71.12.1001,73.71.12.1001,Sulawesi Selatan,Kota Makassar,Manggala,Manggala,2026-09-19T12:00:00,2026-09-20 13:00:00,2026-09-20 21:00:00,24-25,28,68,0,0,2.9,SW,257,NE,,,0,Cerah,Sunny,https://api-apps.bmkg.go.id/storage/icon/cuaca/cerah-pm.svg,2026-09-20T13:00:00Z
73,73.71,73.71.12,73.71.12.1001,73.71.12.1001,Sulawesi Selatan,Kota Makassar,Manggala,Manggala,2026-09-19T12:00:00,2026-09-20 16:00:00,2026-09-21 00:00:00,27-28,26,72,0,0,3.4,N,8,S,,,0,Cerah,Sunny,https://api-apps.bmkg.go.id/storage/icon/cuaca/cerah-pm.svg,2026-09-20T16:00:00Z
73,73.71,73.71.12,73.71.12.1001,73.71.12.1001,Sulawesi Selatan,Kota Makassar,Manggala,Manggala,2026-09-19T12:00:00,2026-09-20 19:00:00,2026-09-21 03:00:00,30-31,25,73,0,9,1.2,E,122,W,,,0,Cerah,Sunny,https://api-apps.bmkg.go.id/storage/icon/cuaca/cerah-pm.svg,2026-09-20T19:00:00Z
73,73.71,73.71.12,73.71.12.1001,73.71.12.1001,Sulawesi Selatan,Kota Makassar,Manggala,Manggala,2026-09-19T12:00:00,2026-09-20 22:00:00,2026-09-21 06:00:00,33-34,27,69,0,34,4.7,S,216,N,,,1,Cerah,Sunny,https://api-apps.bmkg.go.id/storage/icon/cuaca/cerah-am.svg,2026-09-20T22:00:00Z
73,73.71,73.71.12,73.71.12.1001,73.71.12.1001,Sulawesi Selatan,Kota Makassar,Manggala,Manggala,2026-09-19T12:00:00,2026-09-21 01:00:00,2026-09-21 09:00:00,36-37,32,49,0,14,9.2,SW,235,NE,,,1,Cerah,Sunny,https://api-apps.bmkg.go.id/storage/icon/cuaca/cerah-am.svg,2026-09-21T01:00:00Z
73,73.71,73.71.12,73.71.12.1001,73.71.12.1001,Sulawesi Selatan,Kota Makassar,Manggala,Manggala,2026-09-19T12:00:00,2026-09-21 04:00:00,2026-09-21 12:00:00,39-40,33,49,0,36,15.9,SW,270,NE,,,1,Cerah,Sunny,https://api-apps.bmkg.go.id/storage/icon/cuaca/cerah-am.svg,2026-09-21T04:00:00Z
73,73.71,73.71.12,73.71.12.1001,73.71.12.1001,Sulawesi Selatan,Kota Makassar,Manggala,Manggala,2026-09-19T12:00:00,2026-09-21 07:00:00,2026-09-21 15:00:00,42-43,33,46,0,52,10.9,NW,324,SE,,,1,Cerah,Sunny,https://api-apps.bmkg.go.id/storage/icon/cuaca/cerah-am.svg,2026-09-21T07:00:00Z
73,73.71,73.71.12,73.71.12.1001,73.71.12.1001,Sulawesi Selatan,Kota Makassar,Manggala,Manggala,2026-09-19T12:00:00,2026-09-21 10:00:00,2026-09-21 18:00:00,45-46,30,58,0,33,4.3,NW,323,SE,,,1,Cerah,Sunny,https://api-apps.bmkg.go.id/storage/icon/cuaca/cerah-pm.svg,2026-09-21T10:00:00Z
73,73.71,73.71.12,73.71.12.1001,73.71.12.1001,Sulawesi Selatan,Kota Makassar,Manggala,Manggala,2026-09-19T12:00:00,2026-09-21 13:00:00,2026-09-21 21:00:00,48-49,28,59,0,42,5,NW,329,SE,,,1,Cerah,Sunny,https://api-apps.bmkg.go.id/storage/icon/cuaca/cerah-pm.svg,2026-09-21T13:00:00Z
73,73.71,73.71.12,73.71.12.1001,73.71.12.1001,Sulawesi Selatan,Kota Makassar,Manggala,Manggala,2026-09-19T12:00:00,2026-09-21 16:00:00,2026-09-22 00:00:00,51-52,27,62,0,43,4,NW,316,SE,,,1,Cerah,Sunny,https://api-apps.bmkg.go.id/storage/icon/cuaca/cerah-pm.svg,2026-09-21T16:00:00Z
73,73.71,73.71.12,73.71.12.1001,73.71.12.1001,Sulawesi Selatan,Kota Makassar,Manggala,Manggala,2026-09-19T12:00:00,2026-09-21 19:00:00,2026-09-22 03:00:00,54-55,25,73,0,43,3.8,S,184,N,,,1,Cerah,Sunny,https://api-apps.bmkg.go.id/storage/icon/cuaca/cerah-pm.svg,2026-09-21T19:00:00Z
73,73.71,73.71.12,73.71.12.1001,73.71.12.1001,Sulawesi Selatan,Kota Makassar,Manggala,Manggala,2026-09-19T12:00:00,2026-09-21 22:00:00,2026-09-22 06:00:00,57-58,27,68,0,1,3.4,W,297,E,,,0,Cerah,Sunny,https://api-apps.bmkg.go.id/storage/icon/cuaca/cerah-am.svg,2026-09-21T22:00:00Z
73,73.71,73.71.12,73.71.12.1002,73.71.12.1002,Sulawesi Selatan,Kota Makassar,Manggala,Bangkala,2026-09-19T12:00:00,2026-09-19 16:00:00,2026-09-20 00:00:00,3-4,27,60,0,2,7.9,NW,342,SE,,,0,Cerah,Sunny,https://api-apps.bmkg.go.id/storage/icon/cuaca/cerah-pm.svg,2026-09-19T16:00:00Z
73,73.71,73.71.12,73.71.12.1002,73.71.12.1002,Sulawesi Selatan,Kota Makassar,Manggala,Bangkala,2026-09-19T12:00:00,2026-09-19 19:00:00,2026-09-20 03:00:00,6-7,26,67,0,35,4,SE,156,NW,,,1,Cerah,Sunny,https://api-apps.bmkg.go.id/storage/icon/cuaca/cerah-pm.svg,2026-09-19T19:00:00Z
73,73.71,73.71.12,73.71.12.1002,73.71.12.1002,Sulawesi Selatan,Kota Makassar,Manggala,Bangkala,2026-09-19T12:00:00,2026-09-19 22:00:00,2026-09-20 06:00:00,9-10,26,66,0,5,2.9,SW,258,NE,,,0,Cerah,Sunny,https://api-apps.bmkg.go.id/storage/icon/cuaca/cerah-am.svg,2026-09-19T22:00:00Z
73,73.71,73.71.12,73.71.12.1002,73.71.12.1002,Sulawesi Selatan,Kota Makassar,Manggala,Bangkala,2026-09-19T12:00:00,2026-09-20 01:00:00,2026-09-20 09:00:00,12-13,32,47,0,27,10.6,SW,242,NE,,,1,Cerah,Sunny,https://api-apps.bmkg.go.id/storage/icon/cuaca/cerah-am.svg,2026-09-20T01:00:00Z
73,73.71,73.71.12,73.71.12.1002,73.71.12.1002,Sulawesi Selatan,Kota Makassar,Manggala,Bangkala,2026-09-19T12:00:00,2026-09-20 04:00:00,2026-09-20 12:00:00,15-16,32,52,0,31,13.7,SW,259,NE,,,1,Cerah,Sunny,https://api-apps.bmkg.go.id/storage/icon/cuaca/cerah-am.svg,2026-09-20T04:00:00Z
73,73.71,73.71.12,73.71.12.1002,73.71.12.1002,Sulawesi Selatan,Kota Makassar,Manggala,Bangkala,2026-09-19T12:00:00,2026-09-20 07:00:00,2026-09-20 15:00:00,18-19,30,58,0,39,8.5,W,286,E,,,1,Cerah,Sunny,https://api-apps.bmkg.go.id/storage/icon/cuaca/cerah-am.svg,2026-09-20T07:00:00Z
73,73.71,73.71.12,73.71.12.1002,73.71.12.1002,Sulawesi Selatan,Kota Makassar,Manggala,Bangkala,2026-09-19T12:00:00,2026-09-20 10:00:00,2026-09-20 18:00:00,21-22,28,71,0,15,4.6,NE,62,SW,,,1,Cerah,Sunny,https://api-apps.bmkg.go.id/storage/icon/cuaca/cerah-pm.svg,2026-09-20T10:00:00Z
73,73.71,73.71.12,73.71.12.1002,73.71.12.1002,Sulawesi Selatan,Kota Makassar,Manggala,Bangkala,2026-09-19T12:00:00,2026-09-20 13:00:00,2026-09-20 21:00:00,24-25,28,68,0,0,2.9,SW,257,NE,,,0,Cerah,Sunny,https://api-apps.bmkg.go.id/storage/icon/cuaca/cerah-pm.svg,2026-09-20T13:00:00Z
73,73.71,73.71.12,73.71.12.1002,73.71.12.1002,Sulawesi Selatan,Kota Makassar,Manggala,Bangkala,2026-09-19T12:00:00,2026-09-20 16:00:00,2026-09-21 00:00:00,27-28,26,73,0,0,3.4,N,8,S,,,0,Cerah,Sunny,https://api-apps.bmkg.go.id/storage/icon/cuaca/cerah-pm.svg,2026-09-20T16:00:00Z
73,73.71,73.71.12,73.71.12.1002,73.71.12.1002,Sulawesi Selatan,Kota Makassar,Manggala,Bangkala,2026-09-19T12:00:00,2026-09-20 19:00:00,2026-09-21 03:00:00,30-31,26,73,0,8,1.2,E,122,W,,,0,Cerah,Sunny,https://api-apps.bmkg.go.id/storage/icon/cuaca/cerah-pm.svg,2026-09-20T19:00:00Z
73,73.71,73.71.12,73.71.12.1002,73.71.12.1002,Sulawesi Selatan,Kota Makassar,Manggala,Bangkala,2026-09-19T12:00:00,2026-09-20 22:00:00,2026-09-21 06:00:00,33-34,27,69,0,40,4.7,S,216,N,,,1,Cerah,Sunny,https://api-apps.bmkg.go.id/storage/icon/cuaca/cerah-am.svg,2026-09-20T22:00:00Z
73,73.71,73.71.12,73.71.12.1002,73.71.12.1002,Sulawesi Selatan,Kota Makassar,Manggala,Bangkala,2026-09-19T12:00:00,2026-09-21 01:00:00,2026-09-21 09:00:00,36-37,32,54,0,17,9.2,SW,235,NE,,,1,Cerah,Sunny,https://api-apps.bmkg.go.id/storage/icon/cuaca/cerah-am.svg,2026-09-21T01:00:00Z
73,73.71,73.71.12,73.71.12.1002,73.71.12.1002,Sulawesi Selatan,Kota Makassar,Manggala,Bangkala,2026-09-19T12:00:00,2026-09-21 04:00:00,2026-09-21 12:00:00,39-40,32,54,0,31,15.9,SW,270,NE,,,1,Cerah,Sunny,https://api-apps.bmkg.go.id/storage/icon/cuaca/cerah-am.svg,2026-09-21T04:00:00Z
73,73.71,73.71.12,73.71.12.1002,73.71.12.1002,Sulawesi Selatan,Kota Makassar,Manggala,Bangkala,2026-09-19T12:00:00,2026-09-21 07:00:00,2026-09-21 15:00:00,42-43,33,51,0,47,10.9,NW,324,SE,,,1,Cerah,Sunny,https://api-apps.bmkg.go.id/storage/icon/cuaca/cerah-am.svg,2026-09-21T07:00:00Z
73,73.71,73.71.12,73.71.12.1002,73.71.12.1002,Sulawesi Selatan,Kota Makassar,Manggala,Bangkala,2026-09-19T12:00:00,2026-09-21 10:00:00,2026-09-21 18:00:00,45-46,30,60,0,31,4.3,NW,323,SE,,,1,Cerah,Sunny,https://api-apps.bmkg.go.id/storage/icon/cuaca/cerah-pm.svg,2026-09-21T10:00:00Z
73,73.71,73.71.12,73.71.12.1002,73.71.12.1002,Sulawesi Selatan,Kota Makassar,Manggala,Bangkala,2026-09-19T12:00:00,2026-09-21 13:00:00,2026-09-21 21:00:00,48-49,28,60,0,39,5,NW,329,SE,,,1,Cerah,Sunny,https://api-apps.bmkg.go.id/storage/icon/cuaca/cerah-pm.svg,2026-09-21T13:00:00Z
73,73.71,73.71.12,73.71.12.1002,73.71.12.1002,Sulawesi Selatan,Kota Makassar,Manggala,Bangkala,2026-09-19T12:00:00,2026-09-21 16:00:00,2026-09-22 00:00:00,51-52,27,65,0,44,4,NW,316,SE,,,1,Cerah,Sunny,https://api-apps.bmkg.go.id/storage/icon/cuaca/cerah-pm.svg,2026-09-21T16:00:00Z
73,73.71,73.71.12,73.71.12.1002,73.71.12.1002,Sulawesi Selatan,Kota Makassar,Manggala,Bangkala,2026-09-19T12:00:00,2026-09-21 19:00:00,2026-09-22 03:00:00,54-55,26,73,0,41,3.8,S,184,N,,,1,Cerah,Sunny,https://api-apps.bmkg.go.id/storage/icon/cuaca/cerah-pm.svg,2026-09-21T19:00:00Z
73,73.71,73.71.12,73.71.12.1002,73.71.12.1002,Sulawesi Selatan,Kota Makassar,Manggala,Bangkala,2026-09-19T12:00:00,2026-09-21 22:00:00,2026-09-22 06:00:00,57-58,27,69,0,1,3.4,W,297,E,,,0,Cerah,Sunny,https://api-apps.bmkg.go.id/storage/icon/cuaca/cerah-am.svg,2026-09-21T22:00:00Z
73,73.71,73.71.12,73.71.12.1003,73.71.12.1003,Sulawesi Selatan,Kota Makassar,Manggala,Tamangapa,2026-09-19T12:00:00,2026-09-19 15:00:00,2026-09-19 23:00:00,2-3,27,59,0,34,3.8,W,314,E,,,1,Cerah,Sunny,https://api-apps.bmkg.go.id/storage/icon/cuaca/cerah-pm.svg,2026-09-19T15:00:00Z
73,73.71,73.71.12,73.71.12.1003,73.71.12.1003,Sulawesi Selatan,Kota Makassar,Manggala,Tamangapa,2026-09-19T12:00:00,2026-09-19 18:00:00,2026-09-20 02:00:00,5-6,26,63,0,11,7.9,NW,342,SE,,,1,Cerah,Sunny,https://api-apps.bmkg.go.id/storage/icon/cuaca/cerah-pm.svg,2026-09-19T18:00:00Z
73,73.71,73.71.12,73.71.12.1003,73.71.12.1003,Sulawesi Selatan,Kota Makassar,Manggala,Tamangapa,2026-09-19T12:00:00,2026-09-19 21:00:00,2026-09-20 05:00:00,8-9,24,73,0,3,4,SE,156,NW,,,0,Cerah,Sunny,https://api-apps.bmkg.go.id/storage/icon/cuaca/cerah-pm.svg,2026-09-19T21:00:00Z
73,73.71,73.71.12,73.71.12.1003,73.71.12.1003,Sulawesi Selatan,Kota Makassar,Manggala,Tamangapa,2026-09-19T12:00:00,2026-09-20 00:00:00,2026-09-20 08:00:00,11-12,31,46,0,24,2.9,SW,258,NE,,,1,Cerah,Sunny,https://api-apps.bmkg.go.id/storage/icon/cuaca/cerah-am.svg,2026-09-20T00:00:00Z
73,73.71,73.71.12,73.71.12.1003,73.71.12.1003,Sulawesi Selatan,Kota Makassar,Manggala,Tamangapa,2026-09-19T12:00:00,2026-09-20 03:00:00,2026-09-20 11:00:00,14-15,33,48,0,24,10.6,SW,242,NE,,,1,Cerah,Sunny,https://api-apps.bmkg.go.id/storage/icon/cuaca/cerah-am.svg,2026-09-20T03:00:00Z
73,73.71,73.71.12,73.71.12.1003,73.71.12.1003,Sulawesi Selatan,Kota Makassar,Manggala,Tamangapa,2026-09-19T12:00:00,2026-09-20 06:00:00,2026-09-20 14:00:00,17-18,32,49,0,46,13.7,SW,259,NE,,,1,Cerah,Sunny,https://api-apps.bmkg.go.id/storage/icon/cuaca/cerah-am.svg,2026-09-20T06:00:00Z
73,73.71,73.71.12,73.71.12.1003,73.71.12.1003,Sulawesi Selatan,Kota Makassar,Manggala,Tamangapa,2026-09-19T12:00:00,2026-09-20 09:00:00,2026-09-20 17:00:00,20-21,29,66,0,36,8.5,W,286,E,,,1,Cerah,Sunny,https://api-apps.bmkg.go.id/storage/icon/cuaca/cerah-am.svg,2026-09-20T09:00:00Z
73,73.71,73.71.12,73.71.12.1003,73.71.12.1003,Sulawesi Selatan,Kota Makassar,Manggala,Tamangapa,2026-09-19T12:00:00,2026-09-20 12:00:00,2026-09-20 20:00:00,23-24,28,69,0,0,4.6,NE,62,SW,,,0,Cerah,Sunny,https://api-apps.bmkg.go.id/storage/icon/cuaca/cerah-pm.svg,2026-09-20T12:00:00Z
73,73.71,73.71.12,73.71.12.1003,73.71.12.1003,Sulawesi Selatan,Kota Makassar,Manggala,Tamangapa,2026-09-19T12:00:00,2026-09-20 15:00:00,2026-09-20 23:00:00,26-27,27,71,0,0,2.9,SW,257,NE,,,0,Cerah,Sunny,https://api-apps.bmkg.go.id/storage/icon/cuaca/cerah-pm.svg,2026-09-20T15:00:00Z
73,73.71,73.71.12,73.71.12.1003,73.71.12.1003,Sulawesi Selatan,Kota Makassar,Manggala,Tamangapa,2026-09-19T12:00:00,2026-09-20 18:00:00,2026-09-21 02:00:00,29-30,26,73,0,0,3.4,N,8,S,,,0,Cerah,Sunny,https://api-apps.bmkg.go.id/storage/icon/cuaca/cerah-pm.svg,2026-09-20T18:00:00Z
73,73.71,73.71.12,73.71.12.1003,73.71.12.1003,Sulawesi Selatan,Kota Makassar,Manggala,Tamangapa,2026-09-19T12:00:00,2026-09-20 21:00:00,2026-09-21 05:00:00,32-33,25,78,0,68,1.2,E,122,W,,,2,Cerah Berawan,Partly Cloudy,https://api-apps.bmkg.go.id/storage/icon/cuaca/cerah berawan-pm.svg,2026-09-20T21:00:00Z
73,73.71,73.71.12,73.71.12.1003,73.71.12.1003,Sulawesi Selatan,Kota Makassar,Manggala,Tamangapa,2026-09-19T12:00:00,2026-09-21 00:00:00,2026-09-21 08:00:00,35-36,31,54,0,10,4.7,S,216,N,,,1,Cerah,Sunny,https://api-apps.bmkg.go.id/storage/icon/cuaca/cerah-am.svg,2026-09-21T00:00:00Z
73,73.71,73.71.12,73.71.12.1003,73.71.12.1003,Sulawesi Selatan,Kota Makassar,Manggala,Tamangapa,2026-09-19T12:00:00,2026-09-21 03:00:00,2026-09-21 11:00:00,38-39,33,50,0,19,9.2,SW,235,NE,,,1,Cerah,Sunny,https://api-apps.bmkg.go.id/storage/icon/cuaca/cerah-am.svg,2026-09-21T03:00:00Z
73,73.71,73.71.12,73.71.12.1003,73.71.12.1003,Sulawesi Selatan,Kota Makassar,Manggala,Tamangapa,2026-09-19T12:00:00,2026-09-21 06:00:00,2026-09-21 14:00:00,41-42,34,46,0,55,15.9,SW,270,NE,,,1,Cerah,Sunny,https://api-apps.bmkg.go.id/storage/icon/cuaca/cerah-am.svg,2026-09-21T06:00:00Z
73,73.71,73.71.12,73.71.12.1003,73.71.12.1003,Sulawesi Selatan,Kota Makassar,Manggala,Tamangapa,2026-09-19T12:00:00,2026-09-21 09:00:00,2026-09-21 17:00:00,44-45,31,54,0,33,10.9,NW,324,SE,,,1,Cerah,Sunny,https://api-apps.bmkg.go.id/storage/icon/cuaca/cerah-am.svg,2026-09-21T09:00:00Z
73,73.71,73.71.12,73.71.12.1003,73.71.12.1003,Sulawesi Selatan,Kota Makassar,Manggala,Tamangapa,2026-09-19T12:00:00,2026-09-21 12:00:00,2026-09-21 20:00:00,47-48,29,55,0,1,4.3,NW,323,SE,,,0,Cerah,Sunny,https://api-apps.bmkg.go.id/storage/icon/cuaca/cerah-pm.svg,2026-09-21T12:00:00Z
73,73.71,73.71.12,73.71.12.1003,73.71.12.1003,Sulawesi Selatan,Kota Makassar,Manggala,Tamangapa,2026-09-19T12:00:00,2026-09-21 15:00:00,2026-09-21 23:00:00,50-51,27,61,0,83,5,NW,329,SE,,,2,Cerah Berawan,Partly Cloudy,https://api-apps.bmkg.go.id/storage/icon/cuaca/cerah berawan-pm.svg,2026-09-21T15:00:00Z
73,73.71,73.71.12,73.71.12.1004,73.71.12.1004,Sulawesi Selatan,Kota Makassar,Manggala,Antang,2026-09-19T12:00:00,2026-09-19 16:00:00,2026-09-20 00:00:00,3-4,27,59,0,3,7.9,NW,342,SE,,,0,Cerah,Sunny,https://api-apps.bmkg.go.id/storage/icon/cuaca/cerah-pm.svg,2026-09-19T16:00:00Z
73,73.71,73.71.12,73.71.12.1004,73.71.12.1004,Sulawesi Selatan,Kota Makassar,Manggala,Antang,2026-09-19T12:00:00,2026-09-19 19:00:00,2026-09-20 03:00:00,6-7,26,68,0,38,4,SE,156,NW,,,1,Cerah,Sunny,https://api-apps.bmkg.go.id/storage/icon/cuaca/cerah-pm.svg,2026-09-19T19:00:00Z
73,73.71,73.71.12,73.71.12.1004,73.71.12.1004,Sulawesi Selatan,Kota Makassar,Manggala,Antang,2026-09-19T12:00:00,2026-09-19 22:00:00,2026-09-20 06:00:00,9-10,27,66,0,5,2.9,SW,258,NE,,,0,Cerah,Sunny,https://api-apps.bmkg.go.id/storage/icon/cuaca/cerah-am.svg,2026-09-19T22:00:00Z
73,73.71,73.71.12,73.71.12.1004,73.71.12.1004,Sulawesi Selatan,Kota Makassar,Manggala,Antang,2026-09-19T12:00:00,2026-09-20 01:00:00,2026-09-20 09:00:00,12-13,32,47,0,26,10.6,SW,242,NE,,,1,Cerah,Sunny,https://api-apps.bmkg.go.id/storage/icon/cuaca/cerah-am.svg,2026-09-20T01:00:00Z
73,73.71,73.71.12,73.71.12.1004,73.71.12.1004,Sulawesi Selatan,Kota Makassar,Manggala,Antang,2026-09-19T12:00:00,2026-09-20 04:00:00,2026-09-20 12:00:00,15-16,32,53,0,30,13.7,SW,259,NE,,,1,Cerah,Sunny,https://api-apps.bmkg.go.id/storage/icon/cuaca/cerah-am.svg,2026-09-20T04:00:00Z
73,73.71,73.71.12,73.71.12.1004,73.71.12.1004,Sulawesi Selatan,Kota Makassar,Manggala,Antang,2026-09-19T12:00:00,2026-09-20 07:00:00,2026-09-20 15:00:00,18-19,30,59,0,38,8.5,W,286,E,,,1,Cerah,Sunny,https://api-apps.bmkg.go.id/storage/icon/cuaca/cerah-am.svg,2026-09-20T07:00:00Z
73,73.71,73.71.12,73.71.12.1004,73.71.12.1004,Sulawesi Selatan,Kota Makassar,Manggala,Antang,2026-09-19T12:00:00,2026-09-20 10:00:00,2026-09-20 18:00:00,21-22,28,73,0,14,4.6,NE,62,SW,,,1,Cerah,Sunny,https://api-apps.bmkg.go.id/storage/icon/cuaca/cerah-pm.svg,2026-09-20T10:00:00Z
73,73.71,73.71.12,73.71.12.1004,73.71.12.1004,Sulawesi Selatan,Kota Makassar,Manggala,Antang,2026-09-19T12:00:00,2026-09-20 13:00:00,2026-09-20 21:00:00,24-25,28,68,0,0,2.9,SW,257,NE,,,0,Cerah,Sunny,https://api-apps.bmkg.go.id/storage/icon/cuaca/cerah-pm.svg,2026-09-20T13:00:00Z
73,73.71,73.71.12,73.71.12.1004,73.71.12.1004,Sulawesi Selatan,Kota Makassar,Manggala,Antang,2026-09-19T12:00:00,2026-09-20 16:00:00,2026-09-21 00:00:00,27-28,26,71,0,0,3.4,N,8,S,,,0,Cerah,Sunny,https://api-apps.bmkg.go.id/storage/icon/cuaca/cerah-pm.svg,2026-09-20T16:00:00Z
73,73.71,73.71.12,73.71.12.1004,73.71.12.1004,Sulawesi Selatan,Kota Makassar,Manggala,Antang,2026-09-19T12:00:00,2026-09-20 19:00:00,2026-09-21 03:00:00,30-31,26,72,0,9,1.2,E,122,W,,,0,Cerah,Sunny,https://api-apps.bmkg.go.id/storage/icon/cuaca/cerah-pm.svg,2026-09-20T19:00:00Z
73,73.71,73.71.12,73.71.12.1004,73.71.12.1004,Sulawesi Selatan,Kota Makassar,Manggala,Antang,2026-09-19T12:00:00,2026-09-20 22:00:00,2026-09-21 06:00:00,33-34,27,68,0,44,4.7,S,216,N,,,1,Cerah,Sunny,https://api-apps.bmkg.go.id/storage/icon/cuaca/cerah-am.svg,2026-09-20T22:00:00Z
73,73.71,73.71.12,73.71.12.1004,73.71.12.1004,Sulawesi Selatan,Kota Makassar,Manggala,Antang,2026-09-19T12:00:00,2026-09-21 01:00:00,2026-09-21 09:00:00,36-37,32,53,0,25,9.2,SW,235,NE,,,1,Cerah,Sunny,https://api-apps.bmkg.go.id/storage/icon/cuaca/cerah-am.svg,2026-09-21T01:00:00Z
73,73.71,73.71.12,73.71.12.1004,73.71.12.1004,Sulawesi Selatan,Kota Makassar,Manggala,Antang,2026-09-19T12:00:00,2026-09-21 04:00:00,2026-09-21 12:00:00,39-40,32,55,0.1,32,15.9,SW,270,NE,,,1,Cerah,Sunny,https://api-apps.bmkg.go.id/storage/icon/cuaca/cerah-am.svg,2026-09-21T04:00:00Z
73,73.71,73.71.12,73.71.12.1004,73.71.12.1004,Sulawesi Selatan,Kota Makassar,Manggala,Antang,2026-09-19T12:00:00,2026-09-21 07:00:00,2026-09-21 15:00:00,42-43,32,54,0,45,10.9,NW,324,SE,,,1,Cerah,Sunny,https://api-apps.bmkg.go.id/storage/icon/cuaca/cerah-am.svg,2026-09-21T07:00:00Z
73,73.71,73.71.12,73.71.12.1004,73.71.12.1004,Sulawesi Selatan,Kota Makassar,Manggala,Antang,2026-09-19T12:00:00,2026-09-21 10:00:00,2026-09-21 18:00:00,45-46,30,62,0,30,4.3,NW,323,SE,,,1,Cerah,Sunny,https://api-apps.bmkg.go.id/storage/icon/cuaca/cerah-pm.svg,2026-09-21T10:00:00Z
73,73.71,73.71.12,73.71.12.1004,73.71.12.1004,Sulawesi Selatan,Kota Makassar,Manggala,Antang,2026-09-19T12:00:00,2026-09-21 13:00:00,2026-09-21 21:00:00,48-49,28,58,0,43,5,NW,329,SE,,,1,Cerah,Sunny,https://api-apps.bmkg.go.id/storage/icon/cuaca/cerah-pm.svg,2026-09-21T13:00:00Z
73,73.71,73.71.12,73.71.12.1004,73.71.12.1004,Sulawesi Selatan,Kota Makassar,Manggala,Antang,2026-09-19T12:00:00,2026-09-21 16:00:00,2026-09-22 00:00:00,51-52,27,64,0,46,4,NW,316,SE,,,1,Cerah,Sunny,https://api-apps.bmkg.go.id/storage/icon/cuaca/cerah-pm.svg,2026-09-21T16:00:00Z
73,73.71,73.71.12,73.71.12.1004,73.71.12.1004,Sulawesi Selatan,Kota Makassar,Manggala,Antang,2026-09-19T12:00:00,2026-09-21 19:00:00,2026-09-22 03:00:00,54-55,26,70,0,40,3.8,S,184,N,,,1,Cerah,Sunny,https://api-apps.bmkg.go.id/storage/icon/cuaca/cerah-pm.svg,2026-09-21T19:00:00Z
73,73.71,73.71.12,73.71.12.1004,73.71.12.1004,Sulawesi Selatan,Kota Makassar,Manggala,Antang,2026-09-19T12:00:00,2026-09-21 22:00:00,2026-09-22 06:00:00,57-58,27,69,0,2,3.4,W,297,E,,,0,Cerah,Sunny,https://api-apps.bmkg.go.id/storage/icon/cuaca/cerah-am.svg,2026-09-21T22:00:00Z
73,73.71,73.71.12,73.71.12.1005,73.71.12.1005,Sulawesi Selatan,Kota Makassar,Manggala,Batua,2026-09-19T12:00:00,2026-09-19 16:00:00,2026-09-20 00:00:00,3-4,27,59,0,3,7.9,NW,342,SE,,,0,Cerah,Sunny,https://api-apps.bmkg.go.id/storage/icon/cuaca/cerah-pm.svg,2026-09-19T16:00:00Z
73,73.71,73.71.12,73.71.12.1005,73.71.12.1005,Sulawesi Selatan,Kota Makassar,Manggala,Batua,2026-09-19T12:00:00,2026-09-19 19:00:00,2026-09-20 03:00:00,6-7,26,68,0,38,4,SE,156,NW,,,1,Cerah,Sunny,https://api-apps.bmkg.go.id/storage/icon/cuaca/cerah-pm.svg,2026-09-19T19:00:00Z
73,73.71,73.71.12,73.71.12.1005,73.71.12.1005,Sulawesi Selatan,Kota Makassar,Manggala,Batua,2026-09-19T12:00:00,2026-09-19 22:00:00,2026-09-20 06:00:00,9-10,27,66,0,5,2.9,SW,258,NE,,,0,Cerah,Sunny,https://api-apps.bmkg.go.id/storage/icon/cuaca/cerah-am.svg,2026-09-19T22:00:00Z
73,73.71,73.71.12,73.71.12.1005,73.71.12.1005,Sulawesi Selatan,Kota Makassar,Manggala,Batua,2026-09-19T12:00:00,2026-09-20 01:00:00,2026-09-20 09:00:00,12-13,32,47,0,26,10.6,SW,242,NE,,,1,Cerah,Sunny,https://api-apps.bmkg.go.id/storage/icon/cuaca/cerah-am.svg,2026-09-20T01:00:00Z
73,73.71,73.71.12,73.71.12.1005,73.71.12.1005,Sulawesi Selatan,Kota Makassar,Manggala,Batua,2026-09-19T12:00:00,2026-09-20 04:00:00,2026-09-20 12:00:00,15-16,32,53,0,30,13.7,SW,259,NE,,,1,Cerah,Sunny,https://api-apps.bmkg.go.id/storage/icon/cuaca/cerah-am.svg,2026-09-20T04:00:00Z
73,73.71,73.71.12,73.71.12.1005,73.71.12.1005,Sulawesi Selatan,Kota Makassar,Manggala,Batua,2026-09-19T12:00:00,2026-09-20 07:00:00,2026-09-20 15:00:00,18-19,30,59,0,38,8.5,W,286,E,,,1,Cerah,Sunny,https://api-apps.bmkg.go.id/storage/icon/cuaca/cerah-am.svg,2026-09-20T07:00:00Z
73,73.71,73.71.12,73.71.12.1005,73.71.12.1005,Sulawesi Selatan,Kota Makassar,Manggala,Batua,2026-09-19T12:00:00,2026-09-20 10:00:00,2026-09-20 18:00:00,21-22,28,73,0,14,4.6,NE,62,SW,,,1,Cerah,Sunny,https://api-apps.bmkg.go.id/storage/icon/cuaca/cerah-pm.svg,2026-09-20T10:00:00Z
73,73.71,73.71.12,73.71.12.1005,73.71.12.1005,Sulawesi Selatan,Kota Makassar,Manggala,Batua,2026-09-19T12:00:00,2026-09-20 13:00:00,2026-09-20 21:00:00,24-25,28,68,0,0,2.9,SW,257,NE,,,0,Cerah,Sunny,https://api-apps.bmkg.go.id/storage/icon/cuaca/cerah-pm.svg,2026-09-20T13:00:00Z
73,73.71,73.71.12,73.71.12.1005,73.71.12.1005,Sulawesi Selatan,Kota Makassar,Manggala,Batua,2026-09-19T12:00:00,2026-09-20 16:00:00,2026-09-21 00:00:00,27-28,26,71,0,0,3.4,N,8,S,,,0,Cerah,Sunny,https://api-apps.bmkg.go.id/storage/icon/cuaca/cerah-pm.svg,2026-09-20T16:00:00Z
73,73.71,73.71.12,73.71.12.1005,73.71.12.1005,Sulawesi Selatan,Kota Makassar,Manggala,Batua,2026-09-19T12:00:00,2026-09-20 19:00:00,2026-09-21 03:00:00,30-31,26,72,0,9,1.2,E,122,W,,,0,Cerah,Sunny,https://api-apps.bmkg.go.id/storage/icon/cuaca/cerah-pm.svg,2026-09-20T19:00:00Z
73,73.71,73.71.12,73.71.12.1005,73.71.12.1005,Sulawesi Selatan,Kota Makassar,Manggala,Batua,2026-09-19T12:00:00,2026-09-20 22:00:00,2026-09-21 06:00:00,33-34,27,68,0,44,4.7,S,216,N,,,1,Cerah,Sunny,https://api-apps.bmkg.go.id/storage/icon/cuaca/cerah-am.svg,2026-09-20T22:00:00Z
73,73.71,73.71.12,73.71.12.1005,73.71.12.1005,Sulawesi Selatan,Kota Makassar,Manggala,Batua,2026-09-19T12:00:00,2026-09-21 01:00:00,2026-09-21 09:00:00,36-37,32,53,0,25,9.2,SW,235,NE,,,1,Cerah,Sunny,https://api-apps.bmkg.go.id/storage/icon/cuaca/cerah-am.svg,2026-09-21T01:00:00Z
73,73.71,73.71.12,73.71.12.1005,73.71.12.1005,Sulawesi Selatan,Kota Makassar,Manggala,Batua,2026-09-19T12:00:00,2026-09-21 04:00:00,2026-09-21 12:00:00,39-40,32,55,0.1,32,15.9,SW,270,NE,,,1,Cerah,Sunny,https://api-apps.bmkg.go.id/storage/icon/cuaca/cerah-am.svg,2026-09-21T04:00:00Z
73,73.71,73.71.12,73.71.12.1005,73.71.12.1005,Sulawesi Selatan,Kota Makassar,Manggala,Batua,2026-09-19T12:00:00,2026-09-21 07:00:00,2026-09-21 15:00:00,42-43,32,54,0,45,10.9,NW,324,SE,,,1,Cerah,Sunny,https://api-apps.bmkg.go.id/storage/icon/cuaca/cerah-am.svg,2026-09-21T07:00:00Z
73,73.71,73.71.12,73.71.12.1005,73.71.12.1005,Sulawesi Selatan,Kota Makassar,Manggala,Batua,2026-09-19T12:00:00,2026-09-21 10:00:00,2026-09-21 18:00:00,45-46,30,62,0,30,4.3,NW,323,SE,,,1,Cerah,Sunny,https://api-apps.bmkg.go.id/storage/icon/cuaca/cerah-pm.svg,2026-09-21T10:00:00Z
73,73.71,73.71.12,73.71.12.1005,73.71.12.1005,Sulawesi Selatan,Kota Makassar,Manggala,Batua,2026-09-19T12:00:00,2026-09-21 13:00:00,2026-09-21 21:00:00,48-49,28,58,0,43,5,NW,329,SE,,,1,Cerah,Sunny,https://api-apps.bmkg.go.id/storage/icon/cuaca/cerah-pm.svg,2026-09-21T13:00:00Z
73,73.71,73.71.12,73.71.12.1005,73.71.12.1005,Sulawesi Selatan,Kota Makassar,Manggala,Batua,2026-09-19T12:00:00,2026-09-21 16:00:00,2026-09-22 00:00:00,51-52,27,64,0,46,4,NW,316,SE,,,1,Cerah,Sunny,https://api-apps.bmkg.go.id/storage/icon/cuaca/cerah-pm.svg,2026-09-21T16:00:00Z
73,73.71,73.71.12,73.71.12.1005,73.71.12.1005,Sulawesi Selatan,Kota Makassar,Manggala,Batua,2026-09-19T12:00:00,2026-09-21 19:00:00,2026-09-22 03:00:00,54-55,26,70,0,40,3.8,S,184,N,,,1,Cerah,Sunny,https://api-apps.bmkg.go.id/storage/icon/cuaca/cerah-pm.svg,2026-09-21T19:00:00Z
73,73.71,73.71.12,73.71.12.1005,73.71.12.1005,Sulawesi Selatan,Kota Makassar,Manggala,Batua,2026-09-19T12:00:00,2026-09-21 22:00:00,2026-09-22 06:00:00,57-58,27,69,0,2,3.4,W,297,E,,,0,Cerah,Sunny,https://api-apps.bmkg.go.id/storage/icon/cuaca/cerah-am.svg,2026-09-21T22:00:00Z
73,73.71,73.71.12,73.71.12.1006,73.71.12.1006,Sulawesi Selatan,Kota Makassar,Manggala,Borong,2026-09-19T12:00:00,2026-09-19 16:00:00,2026-09-20 00:00:00,3-4,27,64,0,2,7.9,NW,342,SE,,,0,Cerah,Sunny,https://api-apps.bmkg.go.id/storage/icon/cuaca/cerah-pm.svg,2026-09-19T16:00:00Z
73,73.71,73.71.12,73.71.12.1006,73.71.12.1006,Sulawesi Selatan,Kota Makassar,Manggala,Borong,2026-09-19T12:00:00,2026-09-19 19:00:00,2026-09-20 03:00:00,6-7,26,67,0,34,4,SE,156,NW,,,1,Cerah,Sunny,https://api-apps.bmkg.go.id/storage/icon/cuaca/cerah-pm.svg,2026-09-19T19:00:00Z
73,73.71,73.71.12,73.71.12.1006,73.71.12.1006,Sulawesi Selatan,Kota Makassar,Manggala,Borong,2026-09-19T12:00:00,2026-09-19 22:00:00,2026-09-20 06:00:00,9-10,27,67,0,5,2.9,SW,258,NE,,,0,Cerah,Sunny,https://api-apps.bmkg.go.id/storage/icon/cuaca/cerah-am.svg,2026-09-19T22:00:00Z
73,73.71,73.71.12,73.71.12.1006,73.71.12.1006,Sulawesi Selatan,Kota Makassar,Manggala,Borong,2026-09-19T12:00:00,2026-09-20 01:00:00,2026-09-20 09:00:00,12-13,31,51,0,26,10.6,SW,242,NE,,,1,Cerah,Sunny,https://api-apps.bmkg.go.id/storage/icon/cuaca/cerah-am.svg,2026-09-20T01:00:00Z
73,73.71,73.71.12,73.71.12.1006,73.71.12.1006,Sulawesi Selatan,Kota Makassar,Manggala,Borong,2026-09-19T12:00:00,2026-09-20 04:00:00,2026-09-20 12:00:00,15-16,31,57,0,27,13.7,SW,259,NE,,,1,Cerah,Sunny,https://api-apps.bmkg.go.id/storage/icon/cuaca/cerah-am.svg,2026-09-20T04:00:00Z
73,73.71,73.71.12,73.71.12.1006,73.71.12.1006,Sulawesi Selatan,Kota Makassar,Manggala,Borong,2026-09-19T12:00:00,2026-09-20 07:00:00,2026-09-20 15:00:00,18-19,30,62,0,34,8.5,W,286,E,,,1,Cerah,Sunny,https://api-apps.bmkg.go.id/storage/icon/cuaca/cerah-am.svg,2026-09-20T07:00:00Z
73,73.71,73.71.12,73.71.12.1006,73.71.12.1006,Sulawesi Selatan,Kota Makassar,Manggala,Borong,2026-09-19T12:00:00,2026-09-20 10:00:00,2026-09-20 18:00:00,21-22,28,73,0,12,4.6,NE,62,SW,,,1,Cerah,Sunny,https://api-apps.bmkg.go.id/storage/icon/cuaca/cerah-pm.svg,2026-09-20T10:00:00Z
73,73.71,73.71.12,73.71.12.1006,73.71.12.1006,Sulawesi Selatan,Kota Makassar,Manggala,Borong,2026-09-19T12:00:00,2026-09-20 13:00:00,2026-09-20 21:00:00,24-25,28,69,0,0,2.9,SW,257,NE,,,0,Cerah,Sunny,https://api-apps.bmkg.go.id/storage/icon/cuaca/cerah-pm.svg,2026-09-20T13:00:00Z
73,73.71,73.71.12,73.71.12.1006,73.71.12.1006,Sulawesi Selatan,Kota Makassar,Manggala,Borong,2026-09-19T12:00:00,2026-09-20 16:00:00,2026-09-21 00:00:00,27-28,27,74,0,0,3.4,N,8,S,,,0,Cerah,Sunny,https://api-apps.bmkg.go.id/storage/icon/cuaca/cerah-pm.svg,2026-09-20T16:00:00Z
73,73.71,73.71.12,73.71.12.1006,73.71.12.1006,Sulawesi Selatan,Kota Makassar,Manggala,Borong,2026-09-19T12:00:00,2026-09-20 19:00:00,2026-09-21 03:00:00,30-31,26,73,0,8,1.2,E,122,W,,,0,Cerah,Sunny,https://api-apps.bmkg.go.id/storage/icon/cuaca/cerah-pm.svg,2026-09-20T19:00:00Z
73,73.71,73.71.12,73.71.12.1006,73.71.12.1006,Sulawesi Selatan,Kota Makassar,Manggala,Borong,2026-09-19T12:00:00,2026-09-20 22:00:00,2026-09-21 06:00:00,33-34,27,70,0,46,4.7,S,216,N,,,1,Cerah,Sunny,https://api-apps.bmkg.go.id/storage/icon/cuaca/cerah-am.svg,2026-09-20T22:00:00Z
73,73.71,73.71.12,73.71.12.1006,73.71.12.1006,Sulawesi Selatan,Kota Makassar,Manggala,Borong,2026-09-19T12:00:00,2026-09-21 01:00:00,2026-09-21 09:00:00,36-37,31,58,0,20,9.2,SW,235,NE,,,1,Cerah,Sunny,https://api-apps.bmkg.go.id/storage/icon/cuaca/cerah-am.svg,2026-09-21T01:00:00Z
73,73.71,73.71.12,73.71.12.1006,73.71.12.1006,Sulawesi Selatan,Kota Makassar,Manggala,Borong,2026-09-19T12:00:00,2026-09-21 04:00:00,2026-09-21 12:00:00,39-40,31,59,0,27,15.9,SW,270,NE,,,1,Cerah,Sunny,https://api-apps.bmkg.go.id/storage/icon/cuaca/cerah-am.svg,2026-09-21T04:00:00Z
73,73.71,73.71.12,73.71.12.1006,73.71.12.1006,Sulawesi Selatan,Kota Makassar,Manggala,Borong,2026-09-19T12:00:00,2026-09-21 07:00:00,2026-09-21 15:00:00,42-43,32,55,0,42,10.9,NW,324,SE,,,1,Cerah,Sunny,https://api-apps.bmkg.go.id/storage/icon/cuaca/cerah-am.svg,2026-09-21T07:00:00Z
73,73.71,73.71.12,73.71.12.1006,73.71.12.1006,Sulawesi Selatan,Kota Makassar,Manggala,Borong,2026-09-19T12:00:00,2026-09-21 10:00:00,2026-09-21 18:00:00,45-46,30,62,0,29,4.3,NW,323,SE,,,1,Cerah,Sunny,https://api-apps.bmkg.go.id/storage/icon/cuaca/cerah-pm.svg,2026-09-21T10:00:00Z
73,73.71,73.71.12,73.71.12.1006,73.71.12.1006,Sulawesi Selatan,Kota Makassar,Manggala,Borong,2026-09-19T12:00:00,2026-09-21 13:00:00,2026-09-21 21:00:00,48-49,29,61,0,36,5,NW,329,SE,,,1,Cerah,Sunny,https://api-apps.bmkg.go.id/storage/icon/cuaca/cerah-pm.svg,2026-09-21T13:00:00Z
73,73.71,73.71.12,73.71.12.1006,73.71.12.1006,Sulawesi Selatan,Kota Makassar,Manggala,Borong,2026-09-19T12:00:00,2026-09-21 16:00:00,2026-09-22 00:00:00,51-52,27,68,0,46,4,NW,316,SE,,,1,Cerah,Sunny,https://api-apps.bmkg.go.id/storage/icon/cuaca/cerah-pm.svg,2026-09-21T16:00:00Z
73,73.71,73.71.12,73.71.12.1006,73.71.12.1006,Sulawesi Selatan,Kota Makassar,Manggala,Borong,2026-09-19T12:00:00,2026-09-21 19:00:00,2026-09-22 03:00:00,54-55,26,72,0,38,3.8,S,184,N,,,1,Cerah,Sunny,https://api-apps.bmkg.go.id/storage/icon/cuaca/cerah-pm.svg,2026-09-21T19:00:00Z
73,73.71,73.71.12,73.71.12.1006,73.71.12.1006,Sulawesi Selatan,Kota Makassar,Manggala,Borong,2026-09-19T12:00:00,2026-09-21 22:00:00,2026-09-22 06:00:00,57-58,27,70,0,1,3.4,W,297,E,,,0,Cerah,Sunny,https://api-apps.bmkg.go.id/storage/icon/cuaca/cerah-am.svg,2026-09-21T22:00:00Z
73,73.71,73.71.12,73.71.12.1007,73.71.12.1007,Sulawesi Selatan,Kota Makassar,Manggala,Biring Romang,2026-09-19T12:00:00,2026-09-19 16:00:00,2026-09-20 00:00:00,3-4,27,60,0,2,7.9,NW,342,SE,,,0,Cerah,Sunny,https://api-apps.bmkg.go.id/storage/icon/cuaca/cerah-pm.svg,2026-09-19T16:00:00Z
73,73.71,73.71.12,73.71.12.1007,73.71.12.1007,Sulawesi Selatan,Kota Makassar,Manggala,Biring Romang,2026-09-19T12:00:00,2026-09-19 19:00:00,2026-09-20 03:00:00,6-7,26,67,0,35,4,SE,156,NW,,,1,Cerah,Sunny,https://api-apps.bmkg.go.id/storage/icon/cuaca/cerah-pm.svg,2026-09-19T19:00:00Z
73,73.71,73.71.12,73.71.12.1007,73.71.12.1007,Sulawesi Selatan,Kota Makassar,Manggala,Biring Romang,2026-09-19T12:00:00,2026-09-19 22:00:00,2026-09-20 06:00:00,9-10,26,66,0,5,2.9,SW,258,NE,,,0,Cerah,Sunny,https://api-apps.bmkg.go.id/storage/icon/cuaca/cerah-am.svg,2026-09-19T22:00:00Z
73,73.71,73.71.12,73.71.12.1007,73.71.12.1007,Sulawesi Selatan,Kota Makassar,Manggala,Biring Romang,2026-09-19T12:00:00,2026-09-20 01:00:00,2026-09-20 09:00:00,12-13,32,47,0,27,10.6,SW,242,NE,,,1,Cerah,Sunny,https://api-apps.bmkg.go.id/storage/icon/cuaca/cerah-am.svg,2026-09-20T01:00:00Z
73,73.71,73.71.12,73.71.12.1007,73.71.12.1007,Sulawesi Selatan,Kota Makassar,Manggala,Biring Romang,2026-09-19T12:00:00,2026-09-20 04:00:00,2026-09-20 12:00:00,15-16,32,52,0,31,13.7,SW,259,NE,,,1,Cerah,Sunny,https://api-apps.bmkg.go.id/storage/icon/cuaca/cerah-am.svg,2026-09-20T04:00:00Z
73,73.71,73.71.12,73.71.12.1007,73.71.12.1007,Sulawesi Selatan,Kota Makassar,Manggala,Biring Romang,2026-09-19T12:00:00,2026-09-20 07:00:00,2026-09-20 15:00:00,18-19,30,58,0,39,8.5,W,286,E,,,1,Cerah,Sunny,https://api-apps.bmkg.go.id/storage/icon/cuaca/cerah-am.svg,2026-09-20T07:00:00Z
73,73.71,73.71.12,73.71.12.1007,73.71.12.1007,Sulawesi Selatan,Kota Makassar,Manggala,Biring Romang,2026-09-19T12:00:00,2026-09-20 10:00:00,2026-09-20 18:00:00,21-22,28,71,0,15,4.6,NE,62,SW,,,1,Cerah,Sunny,https://api-apps.bmkg.go.id/storage/icon/cuaca/cerah-pm.svg,2026-09-20T10:00:00Z
73,73.71,73.71.12,73.71.12.1007,73.71.12.1007,Sulawesi Selatan,Kota Makassar,Manggala,Biring Romang,2026-09-19T12:00:00,2026-09-20 13:00:00,2026-09-20 21:00:00,24-25,28,68,0,0,2.9,SW,257,NE,,,0,Cerah,Sunny,https://api-apps.bmkg.go.id/storage/icon/cuaca/cerah-pm.svg,2026-09-20T13:00:00Z
73,73.71,73.71.12,73.71.12.1007,73.71.12.1007,Sulawesi Selatan,Kota Makassar,Manggala,Biring Romang,2026-09-19T12:00:00,2026-09-20 16:00:00,2026-09-21 00:00:00,27-28,26,73,0,0,3.4,N,8,S,,,0,Cerah,Sunny,https://api-apps.bmkg.go.id/storage/icon/cuaca/cerah-pm.svg,2026-09-20T16:00:00Z
73,73.71,73.71.12,73.71.12.1007,73.71.12.1007,Sulawesi Selatan,Kota Makassar,Manggala,Biring Romang,2026-09-19T12:00:00,2026-09-20 19:00:00,2026-09-21 03:00:00,30-31,26,73,0,8,1.2,E,122,W,,,0,Cerah,Sunny,https://api-apps.bmkg.go.id/storage/icon/cuaca/cerah-pm.svg,2026-09-20T19:00:00Z
73,73.71,73.71.12,73.71.12.1007,73.71.12.1007,Sulawesi Selatan,Kota Makassar,Manggala,Biring Romang,2026-09-19T12:00:00,2026-09-20 22:00:00,2026-09-21 06:00:00,33-34,27,69,0,40,4.7,S,216,N,,,1,Cerah,Sunny,https://api-apps.bmkg.go.id/storage/icon/cuaca/cerah-am.svg,2026-09-20T22:00:00Z
73,73.71,73.71.12,73.71.12.1007,73.71.12.1007,Sulawesi Selatan,Kota Makassar,Manggala,Biring Romang,2026-09-19T12:00:00,2026-09-21 01:00:00,2026-09-21 09:00:00,36-37,32,54,0,17,9.2,SW,235,NE,,,1,Cerah,Sunny,https://api-apps.bmkg.go.id/storage/icon/cuaca/cerah-am.svg,2026-09-21T01:00:00Z
73,73.71,73.71.12,73.71.12.1007,73.71.12.1007,Sulawesi Selatan,Kota Makassar,Manggala,Biring Romang,2026-09-19T12:00:00,2026-09-21 04:00:00,2026-09-21 12:00:00,39-40,32,54,0,31,15.9,SW,270,NE,,,1,Cerah,Sunny,https://api-apps.bmkg.go.id/storage/icon/cuaca/cerah-am.svg,2026-09-21T04:00:00Z
73,73.71,73.71.12,73.71.12.1007,73.71.12.1007,Sulawesi Selatan,Kota Makassar,Manggala,Biring Romang,2026-09-19T12:00:00,2026-09-21 07:00:00,2026-09-21 15:00:00,42-43,33,51,0,47,10.9,NW,324,SE,,,1,Cerah,Sunny,https://api-apps.bmkg.go.id/storage/icon/cuaca/cerah-am.svg,2026-09-21T07:00:00Z
73,73.71,73.71.12,73.71.12.1007,73.71.12.1007,Sulawesi Selatan,Kota Makassar,Manggala,Biring Romang,2026-09-19T12:00:00,2026-09-21 10:00:00,2026-09-21 18:00:00,45-46,30,60,0,31,4.3,NW,323,SE,,,1,Cerah,Sunny,https://api-apps.bmkg.go.id/storage/icon/cuaca/cerah-pm.svg,2026-09-21T10:00:00Z
73,73.71,73.71.12,73.71.12.1007,73.71.12.1007,Sulawesi Selatan,Kota Makassar,Manggala,Biring Romang,2026-09-19T12:00:00,2026-09-21 13:00:00,2026-09-21 21:00:00,48-49,28,60,0,39,5,NW,329,SE,,,1,Cerah,Sunny,https://api-apps.bmkg.go.id/storage/icon/cuaca/cerah-pm.svg,2026-09-21T13:00:00Z
73,73.71,73.71.12,73.71.12.1007,73.71.12.1007,Sulawesi Selatan,Kota Makassar,Manggala,Biring Romang,2026-09-19T12:00:00,2026-09-21 16:00:00,2026-09-22 00:00:00,51-52,27,65,0,44,4,NW,316,SE,,,1,Cerah,Sunny,https://api-apps.bmkg.go.id/storage/icon/cuaca/cerah-pm.svg,2026-09-21T16:00:00Z
73,73.71,73.71.12,73.71.12.1007,73.71.12.1007,Sulawesi Selatan,Kota Makassar,Manggala,Biring Romang,2026-09-19T12:00:00,2026-09-21 19:00:00,2026-09-22 03:00:00,54-55,26,73,0,41,3.8,S,184,N,,,1,Cerah,Sunny,https://api-apps.bmkg.go.id/storage/icon/cuaca/cerah-pm.svg,2026-09-21T19:00:00Z
73,73.71,73.71.12,73.71.12.1007,73.71.12.1007,Sulawesi Selatan,Kota Makassar,Manggala,Biring Romang,2026-09-19T12:00:00,2026-09-21 22:00:00,2026-09-22 06:00:00,57-58,27,69,0,1,3.4,W,297,E,,,0,Cerah,Sunny,https://api-apps.bmkg.go.id/storage/icon/cuaca/cerah-am.svg,2026-09-21T22:00:00Z
73,73.71,73.71.12,73.71.12.1008,73.71.12.1008,Sulawesi Selatan,Kota Makassar,Manggala,Bitowa,2026-09-19T12:00:00,2026-09-19 16:00:00,2026-09-20 00:00:00,3-4,27,56,0,2,7.9,NW,342,SE,,,0,Cerah,Sunny,https://api-apps.bmkg.go.id/storage/icon/cuaca/cerah-pm.svg,2026-09-19T16:00:00Z
73,73.71,73.71.12,73.71.12.1008,73.71.12.1008,Sulawesi Selatan,Kota Makassar,Manggala,Bitowa,2026-09-19T12:00:00,2026-09-19 19:00:00,2026-09-20 03:00:00,6-7,25,67,0,37,4,SE,156,NW,,,1,Cerah,Sunny,https://api-apps.bmkg.go.id/storage/icon/cuaca/cerah-pm.svg,2026-09-19T19:00:00Z
73,73.71,73.71.12,73.71.12.1008,73.71.12.1008,Sulawesi Selatan,Kota Makassar,Manggala,Bitowa,2026-09-19T12:00:00,2026-09-19 22:00:00,2026-09-20 06:00:00,9-10,26,66,0,4,2.9,SW,258,NE,,,0,Cerah,Sunny,https://api-apps.bmkg.go.id/storage/icon/cuaca/cerah-am.svg,2026-09-19T22:00:00Z
73,73.71,73.71.12,73.71.12.1008,73.71.12.1008,Sulawesi Selatan,Kota Makassar,Manggala,Bitowa,2026-09-19T12:00:00,2026-09-20 01:00:00,2026-09-20 09:00:00,12-13,33,42,0,29,10.6,SW,242,NE,,,1,Cerah,Sunny,https://api-apps.bmkg.go.id/storage/icon/cuaca/cerah-am.svg,2026-09-20T01:00:00Z
73,73.71,73.71.12,73.71.12.1008,73.71.12.1008,Sulawesi Selatan,Kota Makassar,Manggala,Bitowa,2026-09-19T12:00:00,2026-09-20 04:00:00,2026-09-20 12:00:00,15-16,33,47,0,35,13.7,SW,259,NE,,,1,Cerah,Sunny,https://api-apps.bmkg.go.id/storage/icon/cuaca/cerah-am.svg,2026-09-20T04:00:00Z
73,73.71,73.71.12,73.71.12.1008,73.71.12.1008,Sulawesi Selatan,Kota Makassar,Manggala,Bitowa,2026-09-19T12:00:00,2026-09-20 07:00:00,2026-09-20 15:00:00,18-19,31,55,0,44,8.5,W,286,E,,,1,Cerah,Sunny,https://api-apps.bmkg.go.id/storage/icon/cuaca/cerah-am.svg,2026-09-20T07:00:00Z
73,73.71,73.71.12,73.71.12.1008,73.71.12.1008,Sulawesi Selatan,Kota Makassar,Manggala,Bitowa,2026-09-19T12:00:00,2026-09-20 10:00:00,2026-09-20 18:00:00,21-22,28,69,0,17,4.6,NE,62,SW,,,1,Cerah,Sunny,https://api-apps.bmkg.go.id/storage/icon/cuaca/cerah-pm.svg,2026-09-20T10:00:00Z
73,73.71,73.71.12,73.71.12.1008,73.71.12.1008,Sulawesi Selatan,Kota Makassar,Manggala,Bitowa,2026-09-19T12:00:00,2026-09-20 13:00:00,2026-09-20 21:00:00,24-25,28,68,0,0,2.9,SW,257,NE,,,0,Cerah,Sunny,https://api-apps.bmkg.go.id/storage/icon/cuaca/cerah-pm.svg,2026-09-20T13:00:00Z
73,73.71,73.71.12,73.71.12.1008,73.71.12.1008,Sulawesi Selatan,Kota Makassar,Manggala,Bitowa,2026-09-19T12:00:00,2026-09-20 16:00:00,2026-09-21 00:00:00,27-28,26,72,0,0,3.4,N,8,S,,,0,Cerah,Sunny,https://api-apps.bmkg.go.id/storage/icon/cuaca/cerah-pm.svg,2026-09-20T16:00:00Z
73,73.71,73.71.12,73.71.12.1008,73.71.12.1008,Sulawesi Selatan,Kota Makassar,Manggala,Bitowa,2026-09-19T12:00:00,2026-09-20 19:00:00,2026-09-21 03:00:00,30-31,25,73,0,9,1.2,E,122,W,,,0,Cerah,Sunny,https://api-apps.bmkg.go.id/storage/icon/cuaca/cerah-pm.svg,2026-09-20T19:00:00Z
73,73.71,73.71.12,73.71.12.1008,73.71.12.1008,Sulawesi Selatan,Kota Makassar,Manggala,Bitowa,2026-09-19T12:00:00,2026-09-20 22:00:00,2026-09-21 06:00:00,33-34,27,69,0,34,4.7,S,216,N,,,1,Cerah,Sunny,https://api-apps.bmkg.go.id/storage/icon/cuaca/cerah-am.svg,2026-09-20T22:00:00Z
73,73.71,73.71.12,73.71.12.1008,73.71.12.1008,Sulawesi Selatan,Kota Makassar,Manggala,Bitowa,2026-09-19T12:00:00,2026-09-21 01:00:00,2026-09-21 09:00:00,36-37,32,49,0,14,9.2,SW,235,NE,,,1,Cerah,Sunny,https://api-apps.bmkg.go.id/storage/icon/cuaca/cerah-am.svg,2026-09-21T01:00:00Z
73,73.71,73.71.12,73.71.12.1008,73.71.12.1008,Sulawesi Selatan,Kota Makassar,Manggala,Bitowa,2026-09-19T12:00:00,2026-09-21 04:00:00,2026-09-21 12:00:00,39-40,33,49,0,36,15.9,SW,270,NE,,,1,Cerah,Sunny,https://api-apps.bmkg.go.id/storage/icon/cuaca/cerah-am.svg,2026-09-21T04:00:00Z
73,73.71,73.71.12,73.71.12.1008,73.71.12.1008,Sulawesi Selatan,Kota Makassar,Manggala,Bitowa,2026-09-19T12:00:00,2026-09-21 07:00:00,2026-09-21 15:00:00,42-43,33,46,0,52,10.9,NW,324,SE,,,1,Cerah,Sunny,https://api-apps.bmkg.go.id/storage/icon/cuaca/cerah-am.svg,2026-09-21T07:00:00Z
73,73.71,73.71.12,73.71.12.1008,73.71.12.1008,Sulawesi Selatan,Kota Makassar,Manggala,Bitowa,2026-09-19T12:00:00,2026-09-21 10:00:00,2026-09-21 18:00:00,45-46,30,58,0,33,4.3,NW,323,SE,,,1,Cerah,Sunny,https://api-apps.bmkg.go.id/storage/icon/cuaca/cerah-pm.svg,2026-09-21T10:00:00Z
73,73.71,73.71.12,73.71.12.1008,73.71.12.1008,Sulawesi Selatan,Kota Makassar,Manggala,Bitowa,2026-09-19T12:00:00,2026-09-21 13:00:00,2026-09-21 21:00:00,48-49,28,59,0,42,5,NW,329,SE,,,1,Cerah,Sunny,https://api-apps.bmkg.go.id/storage/icon/cuaca/cerah-pm.svg,2026-09-21T13:00:00Z
73,73.71,73.71.12,73.71.12.1008,73.71.12.1008,Sulawesi Selatan,Kota Makassar,Manggala,Bitowa,2026-09-19T12:00:00,2026-09-21 16:00:00,2026-09-22 00:00:00,51-52,27,62,0,43,4,NW,316,SE,,,1,Cerah,Sunny,https://api-apps.bmkg.go.id/storage/icon/cuaca/cerah-pm.svg,2026-09-21T16:00:00Z
73,73.71,73.71.12,73.71.12.1008,73.71.12.1008,Sulawesi Selatan,Kota Makassar,Manggala,Bitowa,2026-09-19T12:00:00,2026-09-21 19:00:00,2026-09-22 03:00:00,54-55,25,73,0,43,3.8,S,184,N,,,1,Cerah,Sunny,https://api-apps.bmkg.go.id/storage/icon/cuaca/cerah-pm.svg,2026-09-21T19:00:00Z
73,73.71,73.71.12,73.71.12.1008,73.71.12.1008,Sulawesi Selatan,Kota Makassar,Manggala,Bitowa,2026-09-19T12:00:00,2026-09-21 22:00:00,2026-09-22 06:00:00,57-58,27,68,0,1,3.4,W,297,E,,,0,Cerah,Sunny,https://api-apps.bmkg.go.id/storage/icon/cuaca/cerah-am.svg,2026-09-21T22:00:00Z
73,73.71,73.71.13,73.71.13.1001,73.71.13.1001,Sulawesi Selatan,Kota Makassar,Rappocini,Tidung,2026-09-19T12:00:00,2026-09-19 16:00:00,2026-09-20 00:00:00,3-4,27,64,0,2,7.9,NW,342,SE,,,0,Cerah,Sunny,https://api-apps.bmkg.go.id/storage/icon/cuaca/cerah-pm.svg,2026-09-19T16:00:00Z
73,73.71,73.71.13,73.71.13.1001,73.71.13.1001,Sulawesi Selatan,Kota Makassar,Rappocini,Tidung,2026-09-19T12:00:00,2026-09-19 19:00:00,2026-09-20 03:00:00,6-7,26,67,0,34,4,SE,156,NW,,,1,Cerah,Sunny,https://api-apps.bmkg.go.id/storage/icon/cuaca/cerah-pm.svg,2026-09-19T19:00:00Z
73,73.71,73.71.13,73.71.13.1001,73.71.13.1001,Sulawesi Selatan,Kota Makassar,Rappocini,Tidung,2026-09-19T12:00:00,2026-09-19 22:00:00,2026-09-20 06:00:00,9-10,27,67,0,5,2.9,SW,258,NE,,,0,Cerah,Sunny,https://api-apps.bmkg.go.id/storage/icon/cuaca/cerah-am.svg,2026-09-19T22:00:00Z
73,73.71,73.71.13,73.71.13.1001,73.71.13.1001,Sulawesi Selatan,Kota Makassar,Rappocini,Tidung,2026-09-19T12:00:00,2026-09-20 01:00:00,2026-09-20 09:00:00,12-13,31,51,0,26,10.6,SW,242,NE,,,1,Cerah,Sunny,https://api-apps.bmkg.go.id/storage/icon/cuaca/cerah-am.svg,2026-09-20T01:00:00Z
73,73.71,73.71.13,73.71.13.1001,73.71.13.1001,Sulawesi Selatan,Kota Makassar,Rappocini,Tidung,2026-09-19T12:00:00,2026-09-20 04:00:00,2026-09-20 12:00:00,15-16,31,57,0,27,13.7,SW,259,NE,,,1,Cerah,Sunny,https://api-apps.bmkg.go.id/storage/icon/cuaca/cerah-am.svg,2026-09-20T04:00:00Z
73,73.71,73.71.13,73.71.13.1001,73.71.13.1001,Sulawesi Selatan,Kota Makassar,Rappocini,Tidung,2026-09-19T12:00:00,2026-09-20 07:00:00,2026-09-20 15:00:00,18-19,30,62,0,34,8.5,W,286,E,,,1,Cerah,Sunny,https://api-apps.bmkg.go.id/storage/icon/cuaca/cerah-am.svg,2026-09-20T07:00:00Z
73,73.71,73.71.13,73.71.13.1001,73.71.13.1001,Sulawesi Selatan,Kota Makassar,Rappocini,Tidung,2026-09-19T12:00:00,2026-09-20 10:00:00,2026-09-20 18:00:00,21-22,28,73,0,12,4.6,NE,62,SW,,,1,Cerah,Sunny,https://api-apps.bmkg.go.id/storage/icon/cuaca/cerah-pm.svg,2026-09-20T10:00:00Z
73,73.71,73.71.13,73.71.13.1001,73.71.13.1001,Sulawesi Selatan,Kota Makassar,Rappocini,Tidung,2026-09-19T12:00:00,2026-09-20 13:00:00,2026-09-20 21:00:00,24-25,28,69,0,0,2.9,SW,257,NE,,,0,Cerah,Sunny,https://api-apps.bmkg.go.id/storage/icon/cuaca/cerah-pm.svg,2026-09-20T13:00:00Z
73,73.71,73.71.13,73.71.13.1001,73.71.13.1001,Sulawesi Selatan,Kota Makassar,Rappocini,Tidung,2026-09-19T12:00:00,2026-09-20 16:00:00,2026-09-21 00:00:00,27-28,27,74,0,0,3.4,N,8,S,,,0,Cerah,Sunny,https://api-apps.bmkg.go.id/storage/icon/cuaca/cerah-pm.svg,2026-09-20T16:00:00Z
73,73.71,73.71.13,73.71.13.1001,73.71.13.1001,Sulawesi Selatan,Kota Makassar,Rappocini,Tidung,2026-09-19T12:00:00,2026-09-20 19:00:00,2026-09-21 03:00:00,30-31,26,73,0,8,1.2,E,122,W,,,0,Cerah,Sunny,https://api-apps.bmkg.go.id/storage/icon/cuaca/cerah-pm.svg,2026-09-20T19:00:00Z
73,73.71,73.71.13,73.71.13.1001,73.71.13.1001,Sulawesi Selatan,Kota Makassar,Rappocini,Tidung,2026-09-19T12:00:00,2026-09-20 22:00:00,2026-09-21 06:00:00,33-34,27,70,0,46,4.7,S,216,N,,,1,Cerah,Sunny,https://api-apps.bmkg.go.id/storage/icon/cuaca/cerah-am.svg,2026-09-20T22:00:00Z
73,73.71,73.71.13,73.71.13.1001,73.71.13.1001,Sulawesi Selatan,Kota Makassar,Rappocini,Tidung,2026-09-19T12:00:00,2026-09-21 01:00:00,2026-09-21 09:00:00,36-37,31,58,0,20,9.2,SW,235,NE,,,1,Cerah,Sunny,https://api-apps.bmkg.go.id/storage/icon/cuaca/cerah-am.svg,2026-09-21T01:00:00Z
73,73.71,73.71.13,73.71.13.1001,73.71.13.1001,Sulawesi Selatan,Kota Makassar,Rappocini,Tidung,2026-09-19T12:00:00,2026-09-21 04:00:00,2026-09-21 12:00:00,39-40,31,59,0,27,15.9,SW,270,NE,,,1,Cerah,Sunny,https://api-apps.bmkg.go.id/storage/icon/cuaca/cerah-am.svg,2026-09-21T04:00:00Z
73,73.71,73.71.13,73.71.13.1001,73.71.13.1001,Sulawesi Selatan,Kota Makassar,Rappocini,Tidung,2026-09-19T12:00:00,2026-09-21 07:00:00,2026-09-21 15:00:00,42-43,32,55,0,42,10.9,NW,324,SE,,,1,Cerah,Sunny,https://api-apps.bmkg.go.id/storage/icon/cuaca/cerah-am.svg,2026-09-21T07:00:00Z
73,73.71,73.71.13,73.71.13.1001,73.71.13.1001,Sulawesi Selatan,Kota Makassar,Rappocini,Tidung,2026-09-19T12:00:00,2026-09-21 10:00:00,2026-09-21 18:00:00,45-46,30,62,0,29,4.3,NW,323,SE,,,1,Cerah,Sunny,https://api-apps.bmkg.go.id/storage/icon/cuaca/cerah-pm.svg,2026-09-21T10:00:00Z
73,73.71,73.71.13,73.71.13.1001,73.71.13.1001,Sulawesi Selatan,Kota Makassar,Rappocini,Tidung,2026-09-19T12:00:00,2026-09-21 13:00:00,2026-09-21 21:00:00,48-49,29,61,0,36,5,NW,329,SE,,,1,Cerah,Sunny,https://api-apps.bmkg.go.id/storage/icon/cuaca/cerah-pm.svg,2026-09-21T13:00:00Z
73,73.71,73.71.13,73.71.13.1001,73.71.13.1001,Sulawesi Selatan,Kota Makassar,Rappocini,Tidung,2026-09-19T12:00:00,2026-09-21 16:00:00,2026-09-22 00:00:00,51-52,27,68,0,46,4,NW,316,SE,,,1,Cerah,Sunny,https://api-apps.bmkg.go.id/storage/icon/cuaca/cerah-pm.svg,2026-09-21T16:00:00Z
73,73.71,73.71.13,73.71.13.1001,73.71.13.1001,Sulawesi Selatan,Kota Makassar,Rappocini,Tidung,2026-09-19T12:00:00,2026-09-21 19:00:00,2026-09-22 03:00:00,54-55,26,72,0,38,3.8,S,184,N,,,1,Cerah,Sunny,https://api-apps.bmkg.go.id/storage/icon/cuaca/cerah-pm.svg,2026-09-21T19:00:00Z
73,73.71,73.71.13,73.71.13.1001,73.71.13.1001,Sulawesi Selatan,Kota Makassar,Rappocini,Tidung,2026-09-19T12:00:00,2026-09-21 22:00:00,2026-09-22 06:00:00,57-58,27,70,0,1,3.4,W,297,E,,,0,Cerah,Sunny,https://api-apps.bmkg.go.id/storage/icon/cuaca/cerah-am.svg,2026-09-21T22:00:00Z
73,73.71,73.71.13,73.71.13.1002,73.71.13.1002,Sulawesi Selatan,Kota Makassar,Rappocini,Kassi-Kassi,2026-09-19T12:00:00,2026-09-19 16:00:00,2026-09-20 00:00:00,3-4,27,64,0,2,7.9,NW,342,SE,,,0,Cerah,Sunny,https://api-apps.bmkg.go.id/storage/icon/cuaca/cerah-pm.svg,2026-09-19T16:00:00Z
73,73.71,73.71.13,73.71.13.1002,73.71.13.1002,Sulawesi Selatan,Kota Makassar,Rappocini,Kassi-Kassi,2026-09-19T12:00:00,2026-09-19 19:00:00,2026-09-20 03:00:00,6-7,26,67,0,34,4,SE,156,NW,,,1,Cerah,Sunny,https://api-apps.bmkg.go.id/storage/icon/cuaca/cerah-pm.svg,2026-09-19T19:00:00Z
73,73.71,73.71.13,73.71.13.1002,73.71.13.1002,Sulawesi Selatan,Kota Makassar,Rappocini,Kassi-Kassi,2026-09-19T12:00:00,2026-09-19 22:00:00,2026-09-20 06:00:00,9-10,27,67,0,5,2.9,SW,258,NE,,,0,Cerah,Sunny,https://api-apps.bmkg.go.id/storage/icon/cuaca/cerah-am.svg,2026-09-19T22:00:00Z
73,73.71,73.71.13,73.71.13.1002,73.71.13.1002,Sulawesi Selatan,Kota Makassar,Rappocini,Kassi-Kassi,2026-09-19T12:00:00,2026-09-20 01:00:00,2026-09-20 09:00:00,12-13,31,51,0,26,10.6,SW,242,NE,,,1,Cerah,Sunny,https://api-apps.bmkg.go.id/storage/icon/cuaca/cerah-am.svg,2026-09-20T01:00:00Z
73,73.71,73.71.13,73.71.13.1002,73.71.13.1002,Sulawesi Selatan,Kota Makassar,Rappocini,Kassi-Kassi,2026-09-19T12:00:00,2026-09-20 04:00:00,2026-09-20 12:00:00,15-16,31,57,0,27,13.7,SW,259,NE,,,1,Cerah,Sunny,https://api-apps.bmkg.go.id/storage/icon/cuaca/cerah-am.svg,2026-09-20T04:00:00Z
73,73.71,73.71.13,73.71.13.1002,73.71.13.1002,Sulawesi Selatan,Kota Makassar,Rappocini,Kassi-Kassi,2026-09-19T12:00:00,2026-09-20 07:00:00,2026-09-20 15:00:00,18-19,30,62,0,34,8.5,W,286,E,,,1,Cerah,Sunny,https://api-apps.bmkg.go.id/storage/icon/cuaca/cerah-am.svg,2026-09-20T07:00:00Z
73,73.71,73.71.13,73.71.13.1002,73.71.13.1002,Sulawesi Selatan,Kota Makassar,Rappocini,Kassi-Kassi,2026-09-19T12:00:00,2026-09-20 10:00:00,2026-09-20 18:00:00,21-22,28,73,0,12,4.6,NE,62,SW,,,1,Cerah,Sunny,https://api-apps.bmkg.go.id/storage/icon/cuaca/cerah-pm.svg,2026-09-20T10:00:00Z
73,73.71,73.71.13,73.71.13.1002,73.71.13.1002,Sulawesi Selatan,Kota Makassar,Rappocini,Kassi-Kassi,2026-09-19T12:00:00,2026-09-20 13:00:00,2026-09-20 21:00:00,24-25,28,69,0,0,2.9,SW,257,NE,,,0,Cerah,Sunny,https://api-apps.bmkg.go.id/storage/icon/cuaca/cerah-pm.svg,2026-09-20T13:00:00Z
73,73.71,73.71.13,73.71.13.1002,73.71.13.1002,Sulawesi Selatan,Kota Makassar,Rappocini,Kassi-Kassi,2026-09-19T12:00:00,2026-09-20 16:00:00,2026-09-21 00:00:00,27-28,27,74,0,0,3.4,N,8,S,,,0,Cerah,Sunny,https://api-apps.bmkg.go.id/storage/icon/cuaca/cerah-pm.svg,2026-09-20T16:00:00Z
73,73.71,73.71.13,73.71.13.1002,73.71.13.1002,Sulawesi Selatan,Kota Makassar,Rappocini,Kassi-Kassi,2026-09-19T12:00:00,2026-09-20 19:00:00,2026-09-21 03:00:00,30-31,26,73,0,8,1.2,E,122,W,,,0,Cerah,Sunny,https://api-apps.bmkg.go.id/storage/icon/cuaca/cerah-pm.svg,2026-09-20T19:00:00Z
73,73.71,73.71.13,73.71.13.1002,73.71.13.1002,Sulawesi Selatan,Kota Makassar,Rappocini,Kassi-Kassi,2026-09-19T12:00:00,2026-09-20 22:00:00,2026-09-21 06:00:00,33-34,27,70,0,46,4.7,S,216,N,,,1,Cerah,Sunny,https://api-apps.bmkg.go.id/storage/icon/cuaca/cerah-am.svg,2026-09-20T22:00:00Z
73,73.71,73.71.13,73.71.13.1002,73.71.13.1002,Sulawesi Selatan,Kota Makassar,Rappocini,Kassi-Kassi,2026-09-19T12:00:00,2026-09-21 01:00:00,2026-09-21 09:00:00,36-37,31,58,0,20,9.2,SW,235,NE,,,1,Cerah,Sunny,https://api-apps.bmkg.go.id/storage/icon/cuaca/cerah-am.svg,2026-09-21T01:00:00Z
73,73.71,73.71.13,73.71.13.1002,73.71.13.1002,Sulawesi Selatan,Kota Makassar,Rappocini,Kassi-Kassi,2026-09-19T12:00:00,2026-09-21 04:00:00,2026-09-21 12:00:00,39-40,31,59,0,27,15.9,SW,270,NE,,,1,Cerah,Sunny,https://api-apps.bmkg.go.id/storage/icon/cuaca/cerah-am.svg,2026-09-21T04:00:00Z
73,73.71,73.71.13,73.71.13.1002,73.71.13.1002,Sulawesi Selatan,Kota Makassar,Rappocini,Kassi-Kassi,2026-09-19T12:00:00,2026-09-21 07:00:00,2026-09-21 15:00:00,42-43,32,55,0,42,10.9,NW,324,SE,,,1,Cerah,Sunny,https://api-apps.bmkg.go.id/storage/icon/cuaca/cerah-am.svg,2026-09-21T07:00:00Z
73,73.71,73.71.13,73.71.13.1002,73.71.13.1002,Sulawesi Selatan,Kota Makassar,Rappocini,Kassi-Kassi,2026-09-19T12:00:00,2026-09-21 10:00:00,2026-09-21 18:00:00,45-46,30,62,0,29,4.3,NW,323,SE,,,1,Cerah,Sunny,https://api-apps.bmkg.go.id/storage/icon/cuaca/cerah-pm.svg,2026-09-21T10:00:00Z
73,73.71,73.71.13,73.71.13.1002,73.71.13.1002,Sulawesi Selatan,Kota Makassar,Rappocini,Kassi-Kassi,2026-09-19T12:00:00,2026-09-21 13:00:00,2026-09-21 21:00:00,48-49,29,61,0,36,5,NW,329,SE,,,1,Cerah,Sunny,https://api-apps.bmkg.go.id/storage/icon/cuaca/cerah-pm.svg,2026-09-21T13:00:00Z
73,73.71,73.71.13,73.71.13.1002,73.71.13.1002,Sulawesi Selatan,Kota Makassar,Rappocini,Kassi-Kassi,2026-09-19T12:00:00,2026-09-21 16:00:00,2026-09-22 00:00:00,51-52,27,68,0,46,4,NW,316,SE,,,1,Cerah,Sunny,https://api-apps.bmkg.go.id/storage/icon/cuaca/cerah-pm.svg,2026-09-21T16:00:00Z
73,73.71,73.71.13,73.71.13.1002,73.71.13.1002,Sulawesi Selatan,Kota Makassar,Rappocini,Kassi-Kassi,2026-09-19T12:00:00,2026-09-21 19:00:00,2026-09-22 03:00:00,54-55,26,72,0,38,3.8,S,184,N,,,1,Cerah,Sunny,https://api-apps.bmkg.go.id/storage/icon/cuaca/cerah-pm.svg,2026-09-21T19:00:00Z
73,73.71,73.71.13,73.71.13.1002,73.71.13.1002,Sulawesi Selatan,Kota Makassar,Rappocini,Kassi-Kassi,2026-09-19T12:00:00,2026-09-21 22:00:00,2026-09-22 06:00:00,57-58,27,70,0,1,3.4,W,297,E,,,0,Cerah,Sunny,https://api-apps.bmkg.go.id/storage/icon/cuaca/cerah-am.svg,2026-09-21T22:00:00Z
73,73.71,73.71.13,73.71.13.1003,73.71.13.1003,Sulawesi Selatan,Kota Makassar,Rappocini,Mappala,2026-09-19T12:00:00,2026-09-19 16:00:00,2026-09-20 00:00:00,3-4,27,64,0,2,7.9,NW,342,SE,,,0,Cerah,Sunny,https://api-apps.bmkg.go.id/storage/icon/cuaca/cerah-pm.svg,2026-09-19T16:00:00Z
73,73.71,73.71.13,73.71.13.1003,73.71.13.1003,Sulawesi Selatan,Kota Makassar,Rappocini,Mappala,2026-09-19T12:00:00,2026-09-19 19:00:00,2026-09-20 03:00:00,6-7,26,67,0,34,4,SE,156,NW,,,1,Cerah,Sunny,https://api-apps.bmkg.go.id/storage/icon/cuaca/cerah-pm.svg,2026-09-19T19:00:00Z
73,73.71,73.71.13,73.71.13.1003,73.71.13.1003,Sulawesi Selatan,Kota Makassar,Rappocini,Mappala,2026-09-19T12:00:00,2026-09-19 22:00:00,2026-09-20 06:00:00,9-10,27,67,0,5,2.9,SW,258,NE,,,0,Cerah,Sunny,https://api-apps.bmkg.go.id/storage/icon/cuaca/cerah-am.svg,2026-09-19T22:00:00Z
73,73.71,73.71.13,73.71.13.1003,73.71.13.1003,Sulawesi Selatan,Kota Makassar,Rappocini,Mappala,2026-09-19T12:00:00,2026-09-20 01:00:00,2026-09-20 09:00:00,12-13,31,51,0,26,10.6,SW,242,NE,,,1,Cerah,Sunny,https://api-apps.bmkg.go.id/storage/icon/cuaca/cerah-am.svg,2026-09-20T01:00:00Z
73,73.71,73.71.13,73.71.13.1003,73.71.13.1003,Sulawesi Selatan,Kota Makassar,Rappocini,Mappala,2026-09-19T12:00:00,2026-09-20 04:00:00,2026-09-20 12:00:00,15-16,31,57,0,27,13.7,SW,259,NE,,,1,Cerah,Sunny,https://api-apps.bmkg.go.id/storage/icon/cuaca/cerah-am.svg,2026-09-20T04:00:00Z
73,73.71,73.71.13,73.71.13.1003,73.71.13.1003,Sulawesi Selatan,Kota Makassar,Rappocini,Mappala,2026-09-19T12:00:00,2026-09-20 07:00:00,2026-09-20 15:00:00,18-19,30,62,0,34,8.5,W,286,E,,,1,Cerah,Sunny,https://api-apps.bmkg.go.id/storage/icon/cuaca/cerah-am.svg,2026-09-20T07:00:00Z
73,73.71,73.71.13,73.71.13.1003,73.71.13.1003,Sulawesi Selatan,Kota Makassar,Rappocini,Mappala,2026-09-19T12:00:00,2026-09-20 10:00:00,2026-09-20 18:00:00,21-22,28,73,0,12,4.6,NE,62,SW,,,1,Cerah,Sunny,https://api-apps.bmkg.go.id/storage/icon/cuaca/cerah-pm.svg,2026-09-20T10:00:00Z
73,73.71,73.71.13,73.71.13.1003,73.71.13.1003,Sulawesi Selatan,Kota Makassar,Rappocini,Mappala,2026-09-19T12:00:00,2026-09-20 13:00:00,2026-09-20 21:00:00,24-25,28,69,0,0,2.9,SW,257,NE,,,0,Cerah,Sunny,https://api-apps.bmkg.go.id/storage/icon/cuaca/cerah-pm.svg,2026-09-20T13:00:00Z
73,73.71,73.71.13,73.71.13.1003,73.71.13.1003,Sulawesi Selatan,Kota Makassar,Rappocini,Mappala,2026-09-19T12:00:00,2026-09-20 16:00:00,2026-09-21 00:00:00,27-28,27,74,0,0,3.4,N,8,S,,,0,Cerah,Sunny,https://api-apps.bmkg.go.id/storage/icon/cuaca/cerah-pm.svg,2026-09-20T16:00:00Z
73,73.71,73.71.13,73.71.13.1003,73.71.13.1003,Sulawesi Selatan,Kota Makassar,Rappocini,Mappala,2026-09-19T12:00:00,2026-09-20 19:00:00,2026-09-21 03:00:00,30-31,26,73,0,8,1.2,E,122,W,,,0,Cerah,Sunny,https://api-apps.bmkg.go.id/storage/icon/cuaca/cerah-pm.svg,2026-09-20T19:00:00Z
73,73.71,73.71.13,73.71.13.1003,73.71.13.1003,Sulawesi Selatan,Kota Makassar,Rappocini,Mappala,2026-09-19T12:00:00,2026-09-20 22:00:00,2026-09-21 06:00:00,33-34,27,70,0,46,4.7,S,216,N,,,1,Cerah,Sunny,https://api-apps.bmkg.go.id/storage/icon/cuaca/cerah-am.svg,2026-09-20T22:00:00Z
73,73.71,73.71.13,73.71.13.1003,73.71.13.1003,Sulawesi Selatan,Kota Makassar,Rappocini,Mappala,2026-09-19T12:00:00,2026-09-21 01:00:00,2026-09-21 09:00:00,36-37,31,58,0,20,9.2,SW,235,NE,,,1,Cerah,Sunny,https://api-apps.bmkg.go.id/storage/icon/cuaca/cerah-am.svg,2026-09-21T01:00:00Z
73,73.71,73.71.13,73.71.13.1003,73.71.13.1003,Sulawesi Selatan,Kota Makassar,Rappocini,Mappala,2026-09-19T12:00:00,2026-09-21 04:00:00,2026-09-21 12:00:00,39-40,31,59,0,27,15.9,SW,270,NE,,,1,Cerah,Sunny,https://api-apps.bmkg.go.id/storage/icon/cuaca/cerah-am.svg,2026-09-21T04:00:00Z
73,73.71,73.71.13,73.71.13.1003,73.71.13.1003,Sulawesi Selatan,Kota Makassar,Rappocini,Mappala,2026-09-19T12:00:00,2026-09-21 07:00:00,2026-09-21 15:00:00,42-43,32,55,0,42,10.9,NW,324,SE,,,1,Cerah,Sunny,https://api-apps.bmkg.go.id/storage/icon/cuaca/cerah-am.svg,2026-09-21T07:00:00Z
73,73.71,73.71.13,73.71.13.1003,73.71.13.1003,Sulawesi Selatan,Kota Makassar,Rappocini,Mappala,2026-09-19T12:00:00,2026-09-21 10:00:00,2026-09-21 18:00:00,45-46,30,62,0,29,4.3,NW,323,SE,,,1,Cerah,Sunny,https://api-apps.bmkg.go.id/storage/icon/cuaca/cerah-pm.svg,2026-09-21T10:00:00Z
73,73.71,73.71.13,73.71.13.1003,73.71.13.1003,Sulawesi Selatan,Kota Makassar,Rappocini,Mappala,2026-09-19T12:00:00,2026-09-21 13:00:00,2026-09-21 21:00:00,48-49,29,61,0,36,5,NW,329,SE,,,1,Cerah,Sunny,https://api-apps.bmkg.go.id/storage/icon/cuaca/cerah-pm.svg,2026-09-21T13:00:00Z
73,73.71,73.71.13,73.71.13.1003,73.71.13.1003,Sulawesi Selatan,Kota Makassar,Rappocini,Mappala,2026-09-19T12:00:00,2026-09-21 16:00:00,2026-09-22 00:00:00,51-52,27,68,0,46,4,NW,316,SE,,,1,Cerah,Sunny,https://api-apps.bmkg.go.id/storage/icon/cuaca/cerah-pm.svg,2026-09-21T16:00:00Z
73,73.71,73.71.13,73.71.13.1003,73.71.13.1003,Sulawesi Selatan,Kota Makassar,Rappocini,Mappala,2026-09-19T12:00:00,2026-09-21 19:00:00,2026-09-22 03:00:00,54-55,26,72,0,38,3.8,S,184,N,,,1,Cerah,Sunny,https://api-apps.bmkg.go.id/storage/icon/cuaca/cerah-pm.svg,2026-09-21T19:00:00Z
73,73.71,73.71.13,73.71.13.1003,73.71.13.1003,Sulawesi Selatan,Kota Makassar,Rappocini,Mappala,2026-09-19T12:00:00,2026-09-21 22:00:00,2026-09-22 06:00:00,57-58,27,70,0,1,3.4,W,297,E,,,0,Cerah,Sunny,https://api-apps.bmkg.go.id/storage/icon/cuaca/cerah-am.svg,2026-09-21T22:00:00Z
73,73.71,73.71.13,73.71.13.1004,73.71.13.1004,Sulawesi Selatan,Kota Makassar,Rappocini,Buakana,2026-09-19T12:00:00,2026-09-19 16:00:00,2026-09-20 00:00:00,3-4,27,63,0,2,7.9,NW,342,SE,,,0,Cerah,Sunny,https://api-apps.bmkg.go.id/storage/icon/cuaca/cerah-pm.svg,2026-09-19T16:00:00Z
73,73.71,73.71.13,73.71.13.1004,73.71.13.1004,Sulawesi Selatan,Kota Makassar,Rappocini,Buakana,2026-09-19T12:00:00,2026-09-19 19:00:00,2026-09-20 03:00:00,6-7,26,68,0,37,4,SE,156,NW,,,1,Cerah,Sunny,https://api-apps.bmkg.go.id/storage/icon/cuaca/cerah-pm.svg,2026-09-19T19:00:00Z
73,73.71,73.71.13,73.71.13.1004,73.71.13.1004,Sulawesi Selatan,Kota Makassar,Rappocini,Buakana,2026-09-19T12:00:00,2026-09-19 22:00:00,2026-09-20 06:00:00,9-10,27,66,0,5,2.9,SW,258,NE,,,0,Cerah,Sunny,https://api-apps.bmkg.go.id/storage/icon/cuaca/cerah-am.svg,2026-09-19T22:00:00Z
73,73.71,73.71.13,73.71.13.1004,73.71.13.1004,Sulawesi Selatan,Kota Makassar,Rappocini,Buakana,2026-09-19T12:00:00,2026-09-20 01:00:00,2026-09-20 09:00:00,12-13,31,51,0,24,10.6,SW,242,NE,,,1,Cerah,Sunny,https://api-apps.bmkg.go.id/storage/icon/cuaca/cerah-am.svg,2026-09-20T01:00:00Z
73,73.71,73.71.13,73.71.13.1004,73.71.13.1004,Sulawesi Selatan,Kota Makassar,Rappocini,Buakana,2026-09-19T12:00:00,2026-09-20 04:00:00,2026-09-20 12:00:00,15-16,31,58,0,26,13.7,SW,259,NE,,,1,Cerah,Sunny,https://api-apps.bmkg.go.id/storage/icon/cuaca/cerah-am.svg,2026-09-20T04:00:00Z
73,73.71,73.71.13,73.71.13.1004,73.71.13.1004,Sulawesi Selatan,Kota Makassar,Rappocini,Buakana,2026-09-19T12:00:00,2026-09-20 07:00:00,2026-09-20 15:00:00,18-19,30,63,0,33,8.5,W,286,E,,,1,Cerah,Sunny,https://api-apps.bmkg.go.id/storage/icon/cuaca/cerah-am.svg,2026-09-20T07:00:00Z
73,73.71,73.71.13,73.71.13.1004,73.71.13.1004,Sulawesi Selatan,Kota Makassar,Rappocini,Buakana,2026-09-19T12:00:00,2026-09-20 10:00:00,2026-09-20 18:00:00,21-22,28,75,0,12,4.6,NE,62,SW,,,1,Cerah,Sunny,https://api-apps.bmkg.go.id/storage/icon/cuaca/cerah-pm.svg,2026-09-20T10:00:00Z
73,73.71,73.71.13,73.71.13.1004,73.71.13.1004,Sulawesi Selatan,Kota Makassar,Rappocini,Buakana,2026-09-19T12:00:00,2026-09-20 13:00:00,2026-09-20 21:00:00,24-25,28,68,0,0,2.9,SW,257,NE,,,0,Cerah,Sunny,https://api-apps.bmkg.go.id/storage/icon/cuaca/cerah-pm.svg,2026-09-20T13:00:00Z
73,73.71,73.71.13,73.71.13.1004,73.71.13.1004,Sulawesi Selatan,Kota Makassar,Rappocini,Buakana,2026-09-19T12:00:00,2026-09-20 16:00:00,2026-09-21 00:00:00,27-28,27,71,0,1,3.4,N,8,S,,,0,Cerah,Sunny,https://api-apps.bmkg.go.id/storage/icon/cuaca/cerah-pm.svg,2026-09-20T16:00:00Z
73,73.71,73.71.13,73.71.13.1004,73.71.13.1004,Sulawesi Selatan,Kota Makassar,Rappocini,Buakana,2026-09-19T12:00:00,2026-09-20 19:00:00,2026-09-21 03:00:00,30-31,26,72,0,8,1.2,E,122,W,,,0,Cerah,Sunny,https://api-apps.bmkg.go.id/storage/icon/cuaca/cerah-pm.svg,2026-09-20T19:00:00Z
73,73.71,73.71.13,73.71.13.1004,73.71.13.1004,Sulawesi Selatan,Kota Makassar,Rappocini,Buakana,2026-09-19T12:00:00,2026-09-20 22:00:00,2026-09-21 06:00:00,33-34,27,69,0,50,4.7,S,216,N,,,1,Cerah,Sunny,https://api-apps.bmkg.go.id/storage/icon/cuaca/cerah-am.svg,2026-09-20T22:00:00Z
73,73.71,73.71.13,73.71.13.1004,73.71.13.1004,Sulawesi Selatan,Kota Makassar,Rappocini,Buakana,2026-09-19T12:00:00,2026-09-21 01:00:00,2026-09-21 09:00:00,36-37,31,58,0,28,9.2,SW,235,NE,,,1,Cerah,Sunny,https://api-apps.bmkg.go.id/storage/icon/cuaca/cerah-am.svg,2026-09-21T01:00:00Z
73,73.71,73.71.13,73.71.13.1004,73.71.13.1004,Sulawesi Selatan,Kota Makassar,Rappocini,Buakana,2026-09-19T12:00:00,2026-09-21 04:00:00,2026-09-21 12:00:00,39-40,31,60,0,27,15.9,SW,270,NE,,,1,Cerah,Sunny,https://api-apps.bmkg.go.id/storage/icon/cuaca/cerah-am.svg,2026-09-21T04:00:00Z
73,73.71,73.71.13,73.71.13.1004,73.71.13.1004,Sulawesi Selatan,Kota Makassar,Rappocini,Buakana,2026-09-19T12:00:00,2026-09-21 07:00:00,2026-09-21 15:00:00,42-43,32,59,0,40,10.9,NW,324,SE,,,1,Cerah,Sunny,https://api-apps.bmkg.go.id/storage/icon/cuaca/cerah-am.svg,2026-09-21T07:00:00Z
73,73.71,73.71.13,73.71.13.1004,73.71.13.1004,Sulawesi Selatan,Kota Makassar,Rappocini,Buakana,2026-09-19T12:00:00,2026-09-21 10:00:00,2026-09-21 18:00:00,45-46,30,65,0,28,4.3,NW,323,SE,,,1,Cerah,Sunny,https://api-apps.bmkg.go.id/storage/icon/cuaca/cerah-pm.svg,2026-09-21T10:00:00Z
73,73.71,73.71.13,73.71.13.1004,73.71.13.1004,Sulawesi Selatan,Kota Makassar,Rappocini,Buakana,2026-09-19T12:00:00,2026-09-21 13:00:00,2026-09-21 21:00:00,48-49,29,59,0,40,5,NW,329,SE,,,1,Cerah,Sunny,https://api-apps.bmkg.go.id/storage/icon/cuaca/cerah-pm.svg,2026-09-21T13:00:00Z
73,73.71,73.71.13,73.71.13.1004,73.71.13.1004,Sulawesi Selatan,Kota Makassar,Rappocini,Buakana,2026-09-19T12:00:00,2026-09-21 16:00:00,2026-09-22 00:00:00,51-52,27,66,0,47,4,NW,316,SE,,,1,Cerah,Sunny,https://api-apps.bmkg.go.id/storage/icon/cuaca/cerah-pm.svg,2026-09-21T16:00:00Z
73,73.71,73.71.13,73.71.13.1004,73.71.13.1004,Sulawesi Selatan,Kota Makassar,Rappocini,Buakana,2026-09-19T12:00:00,2026-09-21 19:00:00,2026-09-22 03:00:00,54-55,26,69,0,38,3.8,S,184,N,,,1,Cerah,Sunny,https://api-apps.bmkg.go.id/storage/icon/cuaca/cerah-pm.svg,2026-09-21T19:00:00Z
73,73.71,73.71.13,73.71.13.1004,73.71.13.1004,Sulawesi Selatan,Kota Makassar,Rappocini,Buakana,2026-09-19T12:00:00,2026-09-21 22:00:00,2026-09-22 06:00:00,57-58,27,69,0,2,3.4,W,297,E,,,0,Cerah,Sunny,https://api-apps.bmkg.go.id/storage/icon/cuaca/cerah-am.svg,2026-09-21T22:00:00Z
73,73.71,73.71.13,73.71.13.1005,73.71.13.1005,Sulawesi Selatan,Kota Makassar,Rappocini,Bonto Makkio,2026-09-19T12:00:00,2026-09-19 16:00:00,2026-09-20 00:00:00,3-4,27,64,0,2,7.9,NW,342,SE,,,0,Cerah,Sunny,https://api-apps.bmkg.go.id/storage/icon/cuaca/cerah-pm.svg,2026-09-19T16:00:00Z
73,73.71,73.71.13,73.71.13.1005,73.71.13.1005,Sulawesi Selatan,Kota Makassar,Rappocini,Bonto Makkio,2026-09-19T12:00:00,2026-09-19 19:00:00,2026-09-20 03:00:00,6-7,26,67,0,34,4,SE,156,NW,,,1,Cerah,Sunny,https://api-apps.bmkg.go.id/storage/icon/cuaca/cerah-pm.svg,2026-09-19T19:00:00Z
73,73.71,73.71.13,73.71.13.1005,73.71.13.1005,Sulawesi Selatan,Kota Makassar,Rappocini,Bonto Makkio,2026-09-19T12:00:00,2026-09-19 22:00:00,2026-09-20 06:00:00,9-10,27,67,0,5,2.9,SW,258,NE,,,0,Cerah,Sunny,https://api-apps.bmkg.go.id/storage/icon/cuaca/cerah-am.svg,2026-09-19T22:00:00Z
73,73.71,73.71.13,73.71.13.1005,73.71.13.1005,Sulawesi Selatan,Kota Makassar,Rappocini,Bonto Makkio,2026-09-19T12:00:00,2026-09-20 01:00:00,2026-09-20 09:00:00,12-13,31,51,0,26,10.6,SW,242,NE,,,1,Cerah,Sunny,https://api-apps.bmkg.go.id/storage/icon/cuaca/cerah-am.svg,2026-09-20T01:00:00Z
73,73.71,73.71.13,73.71.13.1005,73.71.13.1005,Sulawesi Selatan,Kota Makassar,Rappocini,Bonto Makkio,2026-09-19T12:00:00,2026-09-20 04:00:00,2026-09-20 12:00:00,15-16,31,57,0,27,13.7,SW,259,NE,,,1,Cerah,Sunny,https://api-apps.bmkg.go.id/storage/icon/cuaca/cerah-am.svg,2026-09-20T04:00:00Z
73,73.71,73.71.13,73.71.13.1005,73.71.13.1005,Sulawesi Selatan,Kota Makassar,Rappocini,Bonto Makkio,2026-09-19T12:00:00,2026-09-20 07:00:00,2026-09-20 15:00:00,18-19,30,62,0,34,8.5,W,286,E,,,1,Cerah,Sunny,https://api-apps.bmkg.go.id/storage/icon/cuaca/cerah-am.svg,2026-09-20T07:00:00Z
73,73.71,73.71.13,73.71.13.1005,73.71.13.1005,Sulawesi Selatan,Kota Makassar,Rappocini,Bonto Makkio,2026-09-19T12:00:00,2026-09-20 10:00:00,2026-09-20 18:00:00,21-22,28,73,0,12,4.6,NE,62,SW,,,1,Cerah,Sunny,https://api-apps.bmkg.go.id/storage/icon/cuaca/cerah-pm.svg,2026-09-20T10:00:00Z
73,73.71,73.71.13,73.71.13.1005,73.71.13.1005,Sulawesi Selatan,Kota Makassar,Rappocini,Bonto Makkio,2026-09-19T12:00:00,2026-09-20 13:00:00,2026-09-20 21:00:00,24-25,28,69,0,0,2.9,SW,257,NE,,,0,Cerah,Sunny,https://api-apps.bmkg.go.id/storage/icon/cuaca/cerah-pm.svg,2026-09-20T13:00:00Z
73,73.71,73.71.13,73.71.13.1005,73.71.13.1005,Sulawesi Selatan,Kota Makassar,Rappocini,Bonto Makkio,2026-09-19T12:00:00,2026-09-20 16:00:00,2026-09-21 00:00:00,27-28,27,74,0,0,3.4,N,8,S,,,0,Cerah,Sunny,https://api-apps.bmkg.go.id/storage/icon/cuaca/cerah-pm.svg,2026-09-20T16:00:00Z
73,73.71,73.71.13,73.71.13.1005,73.71.13.1005,Sulawesi Selatan,Kota Makassar,Rappocini,Bonto Makkio,2026-09-19T12:00:00,2026-09-20 19:00:00,2026-09-21 03:00:00,30-31,26,73,0,8,1.2,E,122,W,,,0,Cerah,Sunny,https://api-apps.bmkg.go.id/storage/icon/cuaca/cerah-pm.svg,2026-09-20T19:00:00Z
73,73.71,73.71.13,73.71.13.1005,73.71.13.1005,Sulawesi Selatan,Kota Makassar,Rappocini,Bonto Makkio,2026-09-19T12:00:00,2026-09-20 22:00:00,2026-09-21 06:00:00,33-34,27,70,0,46,4.7,S,216,N,,,1,Cerah,Sunny,https://api-apps.bmkg.go.id/storage/icon/cuaca/cerah-am.svg,2026-09-20T22:00:00Z
73,73.71,73.71.13,73.71.13.1005,73.71.13.1005,Sulawesi Selatan,Kota Makassar,Rappocini,Bonto Makkio,2026-09-19T12:00:00,2026-09-21 01:00:00,2026-09-21 09:00:00,36-37,31,58,0,20,9.2,SW,235,NE,,,1,Cerah,Sunny,https://api-apps.bmkg.go.id/storage/icon/cuaca/cerah-am.svg,2026-09-21T01:00:00Z
73,73.71,73.71.13,73.71.13.1005,73.71.13.1005,Sulawesi Selatan,Kota Makassar,Rappocini,Bonto Makkio,2026-09-19T12:00:00,2026-09-21 04:00:00,2026-09-21 12:00:00,39-40,31,59,0,27,15.9,SW,270,NE,,,1,Cerah,Sunny,https://api-apps.bmkg.go.id/storage/icon/cuaca/cerah-am.svg,2026-09-21T04:00:00Z
73,73.71,73.71.13,73.71.13.1005,73.71.13.1005,Sulawesi Selatan,Kota Makassar,Rappocini,Bonto Makkio,2026-09-19T12:00:00,2026-09-21 07:00:00,2026-09-21 15:00:00,42-43,32,55,0,42,10.9,NW,324,SE,,,1,Cerah,Sunny,https://api-apps.bmkg.go.id/storage/icon/cuaca/cerah-am.svg,2026-09-21T07:00:00Z
73,73.71,73.71.13,73.71.13.1005,73.71.13.1005,Sulawesi Selatan,Kota Makassar,Rappocini,Bonto Makkio,2026-09-19T12:00:00,2026-09-21 10:00:00,2026-09-21 18:00:00,45-46,30,62,0,29,4.3,NW,323,SE,,,1,Cerah,Sunny,https://api-apps.bmkg.go.id/storage/icon/cuaca/cerah-pm.svg,2026-09-21T10:00:00Z
73,73.71,73.71.13,73.71.13.1005,73.71.13.1005,Sulawesi Selatan,Kota Makassar,Rappocini,Bonto Makkio,2026-09-19T12:00:00,2026-09-21 13:00:00,2026-09-21 21:00:00,48-49,29,61,0,36,5,NW,329,SE,,,1,Cerah,Sunny,https://api-apps.bmkg.go.id/storage/icon/cuaca/cerah-pm.svg,2026-09-21T13:00:00Z
73,73.71,73.71.13,73.71.13.1005,73.71.13.1005,Sulawesi Selatan,Kota Makassar,Rappocini,Bonto Makkio,2026-09-19T12:00:00,2026-09-21 16:00:00,2026-09-22 00:00:00,51-52,27,68,0,46,4,NW,316,SE,,,1,Cerah,Sunny,https://api-apps.bmkg.go.id/storage/icon/cuaca/cerah-pm.svg,2026-09-21T16:00:00Z
73,73.71,73.71.13,73.71.13.1005,73.71.13.1005,Sulawesi Selatan,Kota Makassar,Rappocini,Bonto Makkio,2026-09-19T12:00:00,2026-09-21 19:00:00,2026-09-22 03:00:00,54-55,26,72,0,38,3.8,S,184,N,,,1,Cerah,Sunny,https://api-apps.bmkg.go.id/storage/icon/cuaca/cerah-pm.svg,2026-09-21T19:00:00Z
73,73.71,73.71.13,73.71.13.1005,73.71.13.1005,Sulawesi Selatan,Kota Makassar,Rappocini,Bonto Makkio,2026-09-19T12:00:00,2026-09-21 22:00:00,2026-09-22 06:00:00,57-58,27,70,0,1,3.4,W,297,E,,,0,Cerah,Sunny,https://api-apps.bmkg.go.id/storage/icon/cuaca/cerah-am.svg,2026-09-21T22:00:00Z
73,73.71,73.71.13,73.71.13.1006,73.71.13.1006,Sulawesi Selatan,Kota Makassar,Rappocini,Rappocini,2026-09-19T12:00:00,2026-09-19 16:00:00,2026-09-20 00:00:00,3-4,27,67,0,2,6.7,NW,326,SE,,,0,Cerah,Sunny,https://api-apps.bmkg.go.id/storage/icon/cuaca/cerah-pm.svg,2026-09-19T16:00:00Z
73,73.71,73.71.13,73.71.13.1006,73.71.13.1006,Sulawesi Selatan,Kota Makassar,Rappocini,Rappocini,2026-09-19T12:00:00,2026-09-19 19:00:00,2026-09-20 03:00:00,6-7,27,68,0,35,4.1,NE,75,SW,,,1,Cerah,Sunny,https://api-apps.bmkg.go.id/storage/icon/cuaca/cerah-pm.svg,2026-09-19T19:00:00Z
73,73.71,73.71.13,73.71.13.1006,73.71.13.1006,Sulawesi Selatan,Kota Makassar,Rappocini,Rappocini,2026-09-19T12:00:00,2026-09-19 22:00:00,2026-09-20 06:00:00,9-10,27,66,0,5,2.3,SW,261,NE,,,0,Cerah,Sunny,https://api-apps.bmkg.go.id/storage/icon/cuaca/cerah-am.svg,2026-09-19T22:00:00Z
73,73.71,73.71.13,73.71.13.1006,73.71.13.1006,Sulawesi Selatan,Kota Makassar,Rappocini,Rappocini,2026-09-19T12:00:00,2026-09-20 01:00:00,2026-09-20 09:00:00,12-13,30,56,0,22,15.2,SW,249,NE,,,1,Cerah,Sunny,https://api-apps.bmkg.go.id/storage/icon/cuaca/cerah-am.svg,2026-09-20T01:00:00Z
73,73.71,73.71.13,73.71.13.1006,73.71.13.1006,Sulawesi Selatan,Kota Makassar,Rappocini,Rappocini,2026-09-19T12:00:00,2026-09-20 04:00:00,2026-09-20 12:00:00,15-16,30,62,0,22,15.7,SW,256,NE,,,1,Cerah,Sunny,https://api-apps.bmkg.go.id/storage/icon/cuaca/cerah-am.svg,2026-09-20T04:00:00Z
73,73.71,73.71.13,73.71.13.1006,73.71.13.1006,Sulawesi Selatan,Kota Makassar,Rappocini,Rappocini,2026-09-19T12:00:00,2026-09-20 07:00:00,2026-09-20 15:00:00,18-19,29,68,0,28,13.3,SW,269,NE,,,1,Cerah,Sunny,https://api-apps.bmkg.go.id/storage/icon/cuaca/cerah-am.svg,2026-09-20T07:00:00Z
73,73.71,73.71.13,73.71.13.1006,73.71.13.1006,Sulawesi Selatan,Kota Makassar,Rappocini,Rappocini,2026-09-19T12:00:00,2026-09-20 10:00:00,2026-09-20 18:00:00,21-22,28,77,0,10,6.3,NE,67,SW,,,0,Cerah,Sunny,https://api-apps.bmkg.go.id/storage/icon/cuaca/cerah-pm.svg,2026-09-20T10:00:00Z
73,73.71,73.71.13,73.71.13.1006,73.71.13.1006,Sulawesi Selatan,Kota Makassar,Rappocini,Rappocini,2026-09-19T12:00:00,2026-09-20 13:00:00,2026-09-20 21:00:00,24-25,28,69,0,0,4.3,S,193,N,,,0,Cerah,Sunny,https://api-apps.bmkg.go.id/storage/icon/cuaca/cerah-pm.svg,2026-09-20T13:00:00Z
73,73.71,73.71.13,73.71.13.1006,73.71.13.1006,Sulawesi Selatan,Kota Makassar,Rappocini,Rappocini,2026-09-19T12:00:00,2026-09-20 16:00:00,2026-09-21 00:00:00,27-28,27,72,0,1,6,SW,232,NE,,,0,Cerah,Sunny,https://api-apps.bmkg.go.id/storage/icon/cuaca/cerah-pm.svg,2026-09-20T16:00:00Z
73,73.71,73.71.13,73.71.13.1006,73.71.13.1006,Sulawesi Selatan,Kota Makassar,Rappocini,Rappocini,2026-09-19T12:00:00,2026-09-20 19:00:00,2026-09-21 03:00:00,30-31,27,72,0,8,3.4,NE,66,SW,,,0,Cerah,Sunny,https://api-apps.bmkg.go.id/storage/icon/cuaca/cerah-pm.svg,2026-09-20T19:00:00Z
73,73.71,73.71.13,73.71.13.1006,73.71.13.1006,Sulawesi Selatan,Kota Makassar,Rappocini,Rappocini,2026-09-19T12:00:00,2026-09-20 22:00:00,2026-09-21 06:00:00,33-34,27,70,0,56,4.9,S,192,N,,,1,Cerah,Sunny,https://api-apps.bmkg.go.id/storage/icon/cuaca/cerah-am.svg,2026-09-20T22:00:00Z
73,73.71,73.71.13,73.71.13.1006,73.71.13.1006,Sulawesi Selatan,Kota Makassar,Rappocini,Rappocini,2026-09-19T12:00:00,2026-09-21 01:00:00,2026-09-21 09:00:00,36-37,30,63,0,31,12.6,SW,236,NE,,,1,Cerah,Sunny,https://api-apps.bmkg.go.id/storage/icon/cuaca/cerah-am.svg,2026-09-21T01:00:00Z
73,73.71,73.71.13,73.71.13.1006,73.71.13.1006,Sulawesi Selatan,Kota Makassar,Rappocini,Rappocini,2026-09-19T12:00:00,2026-09-21 04:00:00,2026-09-21 12:00:00,39-40,30,66,0,22,16.2,SW,245,NE,,,1,Cerah,Sunny,https://api-apps.bmkg.go.id/storage/icon/cuaca/cerah-am.svg,2026-09-21T04:00:00Z
73,73.71,73.71.13,73.71.13.1006,73.71.13.1006,Sulawesi Selatan,Kota Makassar,Rappocini,Rappocini,2026-09-19T12:00:00,2026-09-21 07:00:00,2026-09-21 15:00:00,42-43,31,64,0,35,5,SW,252,NE,,,1,Cerah,Sunny,https://api-apps.bmkg.go.id/storage/icon/cuaca/cerah-am.svg,2026-09-21T07:00:00Z
73,73.71,73.71.13,73.71.13.1006,73.71.13.1006,Sulawesi Selatan,Kota Makassar,Rappocini,Rappocini,2026-09-19T12:00:00,2026-09-21 10:00:00,2026-09-21 18:00:00,45-46,30,67,0,26,4.1,N,2,S,,,1,Cerah,Sunny,https://api-apps.bmkg.go.id/storage/icon/cuaca/cerah-pm.svg,2026-09-21T10:00:00Z
73,73.71,73.71.13,73.71.13.1006,73.71.13.1006,Sulawesi Selatan,Kota Makassar,Rappocini,Rappocini,2026-09-19T12:00:00,2026-09-21 13:00:00,2026-09-21 21:00:00,48-49,29,60,0,37,9.6,S,217,N,,,1,Cerah,Sunny,https://api-apps.bmkg.go.id/storage/icon/cuaca/cerah-pm.svg,2026-09-21T13:00:00Z
73,73.71,73.71.13,73.71.13.1006,73.71.13.1006,Sulawesi Selatan,Kota Makassar,Rappocini,Rappocini,2026-09-19T12:00:00,2026-09-21 16:00:00,2026-09-22 00:00:00,51-52,27,69,0,48,6.4,W,294,E,,,1,Cerah,Sunny,https://api-apps.bmkg.go.id/storage/icon/cuaca/cerah-pm.svg,2026-09-21T16:00:00Z
73,73.71,73.71.13,73.71.13.1006,73.71.13.1006,Sulawesi Selatan,Kota Makassar,Rappocini,Rappocini,2026-09-19T12:00:00,2026-09-21 19:00:00,2026-09-22 03:00:00,54-55,27,69,0,36,7.7,SE,178,NW,,,1,Cerah,Sunny,https://api-apps.bmkg.go.id/storage/icon/cuaca/cerah-pm.svg,2026-09-21T19:00:00Z
73,73.71,73.71.13,73.71.13.1006,73.71.13.1006,Sulawesi Selatan,Kota Makassar,Rappocini,Rappocini,2026-09-19T12:00:00,2026-09-21 22:00:00,2026-09-22 06:00:00,57-58,27,70,0,2,6,W,296,E,,,0,Cerah,Sunny,https://api-apps.bmkg.go.id/storage/icon/cuaca/cerah-am.svg,2026-09-21T22:00:00Z
73,73.71,73.71.13,73.71.13.1007,73.71.13.1007,Sulawesi Selatan,Kota Makassar,Rappocini,Balla Parang,2026-09-19T12:00:00,2026-09-19 16:00:00,2026-09-20 00:00:00,3-4,27,67,0,2,6.7,NW,326,SE,,,0,Cerah,Sunny,https://api-apps.bmkg.go.id/storage/icon/cuaca/cerah-pm.svg,2026-09-19T16:00:00Z
73,73.71,73.71.13,73.71.13.1007,73.71.13.1007,Sulawesi Selatan,Kota Makassar,Rappocini,Balla Parang,2026-09-19T12:00:00,2026-09-19 19:00:00,2026-09-20 03:00:00,6-7,27,68,0,35,4.1,NE,75,SW,,,1,Cerah,Sunny,https://api-apps.bmkg.go.id/storage/icon/cuaca/cerah-pm.svg,2026-09-19T19:00:00Z
73,73.71,73.71.13,73.71.13.1007,73.71.13.1007,Sulawesi Selatan,Kota Makassar,Rappocini,Balla Parang,2026-09-19T12:00:00,2026-09-19 22:00:00,2026-09-20 06:00:00,9-10,27,66,0,5,2.3,SW,261,NE,,,0,Cerah,Sunny,https://api-apps.bmkg.go.id/storage/icon/cuaca/cerah-am.svg,2026-09-19T22:00:00Z
73,73.71,73.71.13,73.71.13.1007,73.71.13.1007,Sulawesi Selatan,Kota Makassar,Rappocini,Balla Parang,2026-09-19T12:00:00,2026-09-20 01:00:00,2026-09-20 09:00:00,12-13,30,56,0,22,15.2,SW,249,NE,,,1,Cerah,Sunny,https://api-apps.bmkg.go.id/storage/icon/cuaca/cerah-am.svg,2026-09-20T01:00:00Z
73,73.71,73.71.13,73.71.13.1007,73.71.13.1007,Sulawesi Selatan,Kota Makassar,Rappocini,Balla Parang,2026-09-19T12:00:00,2026-09-20 04:00:00,2026-09-20 12:00:00,15-16,30,62,0,22,15.7,SW,256,NE,,,1,Cerah,Sunny,https://api-apps.bmkg.go.id/storage/icon/cuaca/cerah-am.svg,2026-09-20T04:00:00Z
73,73.71,73.71.13,73.71.13.1007,73.71.13.1007,Sulawesi Selatan,Kota Makassar,Rappocini,Balla Parang,2026-09-19T12:00:00,2026-09-20 07:00:00,2026-09-20 15:00:00,18-19,29,68,0,28,13.3,SW,269,NE,,,1,Cerah,Sunny,https://api-apps.bmkg.go.id/storage/icon/cuaca/cerah-am.svg,2026-09-20T07:00:00Z
73,73.71,73.71.13,73.71.13.1007,73.71.13.1007,Sulawesi Selatan,Kota Makassar,Rappocini,Balla Parang,2026-09-19T12:00:00,2026-09-20 10:00:00,2026-09-20 18:00:00,21-22,28,77,0,10,6.3,NE,67,SW,,,0,Cerah,Sunny,https://api-apps.bmkg.go.id/storage/icon/cuaca/cerah-pm.svg,2026-09-20T10:00:00Z
73,73.71,73.71.13,73.71.13.1007,73.71.13.1007,Sulawesi Selatan,Kota Makassar,Rappocini,Balla Parang,2026-09-19T12:00:00,2026-09-20 13:00:00,2026-09-20 21:00:00,24-25,28,69,0,0,4.3,S,193,N,,,0,Cerah,Sunny,https://api-apps.bmkg.go.id/storage/icon/cuaca/cerah-pm.svg,2026-09-20T13:00:00Z
73,73.71,73.71.13,73.71.13.1007,73.71.13.1007,Sulawesi Selatan,Kota Makassar,Rappocini,Balla Parang,2026-09-19T12:00:00,2026-09-20 16:00:00,2026-09-21 00:00:00,27-28,27,72,0,1,6,SW,232,NE,,,0,Cerah,Sunny,https://api-apps.bmkg.go.id/storage/icon/cuaca/cerah-pm.svg,2026-09-20T16:00:00Z
73,73.71,73.71.13,73.71.13.1007,73.71.13.1007,Sulawesi Selatan,Kota Makassar,Rappocini,Balla Parang,2026-09-19T12:00:00,2026-09-20 19:00:00,2026-09-21 03:00:00,30-31,27,72,0,8,3.4,NE,66,SW,,,0,Cerah,Sunny,https://api-apps.bmkg.go.id/storage/icon/cuaca/cerah-pm.svg,2026-09-20T19:00:00Z
73,73.71,73.71.13,73.71.13.1007,73.71.13.1007,Sulawesi Selatan,Kota Makassar,Rappocini,Balla Parang,2026-09-19T12:00:00,2026-09-20 22:00:00,2026-09-21 06:00:00,33-34,27,70,0,56,4.9,S,192,N,,,1,Cerah,Sunny,https://api-apps.bmkg.go.id/storage/icon/cuaca/cerah-am.svg,2026-09-20T22:00:00Z
73,73.71,73.71.13,73.71.13.1007,73.71.13.1007,Sulawesi Selatan,Kota Makassar,Rappocini,Balla Parang,2026-09-19T12:00:00,2026-09-21 01:00:00,2026-09-21 09:00:00,36-37,30,63,0,31,12.6,SW,236,NE,,,1,Cerah,Sunny,https://api-apps.bmkg.go.id/storage/icon/cuaca/cerah-am.svg,2026-09-21T01:00:00Z
73,73.71,73.71.13,73.71.13.1007,73.71.13.1007,Sulawesi Selatan,Kota Makassar,Rappocini,Balla Parang,2026-09-19T12:00:00,2026-09-21 04:00:00,2026-09-21 12:00:00,39-40,30,66,0,22,16.2,SW,245,NE,,,1,Cerah,Sunny,https://api-apps.bmkg.go.id/storage/icon/cuaca/cerah-am.svg,2026-09-21T04:00:00Z
73,73.71,73.71.13,73.71.13.1007,73.71.13.1007,Sulawesi Selatan,Kota Makassar,Rappocini,Balla Parang,2026-09-19T12:00:00,2026-09-21 07:00:00,2026-09-21 15:00:00,42-43,31,64,0,35,5,SW,252,NE,,,1,Cerah,Sunny,https://api-apps.bmkg.go.id/storage/icon/cuaca/cerah-am.svg,2026-09-21T07:00:00Z
73,73.71,73.71.13,73.71.13.1007,73.71.13.1007,Sulawesi Selatan,Kota Makassar,Rappocini,Balla Parang,2026-09-19T12:00:00,2026-09-21 10:00:00,2026-09-21 18:00:00,45-46,30,67,0,26,4.1,N,2,S,,,1,Cerah,Sunny,https://api-apps.bmkg.go.id/storage/icon/cuaca/cerah-pm.svg,2026-09-21T10:00:00Z
73,73.71,73.71.13,73.71.13.1007,73.71.13.1007,Sulawesi Selatan,Kota Makassar,Rappocini,Balla Parang,2026-09-19T12:00:00,2026-09-21 13:00:00,2026-09-21 21:00:00,48-49,29,60,0,37,9.6,S,217,N,,,1,Cerah,Sunny,https://api-apps.bmkg.go.id/storage/icon/cuaca/cerah-pm.svg,2026-09-21T13:00:00Z
73,73.71,73.71.13,73.71.13.1007,73.71.13.1007,Sulawesi Selatan,Kota Makassar,Rappocini,Balla Parang,2026-09-19T12:00:00,2026-09-21 16:00:00,2026-09-22 00:00:00,51-52,27,69,0,48,6.4,W,294,E,,,1,Cerah,Sunny,https://api-apps.bmkg.go.id/storage/icon/cuaca/cerah-pm.svg,2026-09-21T16:00:00Z
73,73.71,73.71.13,73.71.13.1007,73.71.13.1007,Sulawesi Selatan,Kota Makassar,Rappocini,Balla Parang,2026-09-19T12:00:00,2026-09-21 19:00:00,2026-09-22 03:00:00,54-55,27,69,0,36,7.7,SE,178,NW,,,1,Cerah,Sunny,https://api-apps.bmkg.go.id/storage/icon/cuaca/cerah-pm.svg,2026-09-21T19:00:00Z
73,73.71,73.71.13,73.71.13.1007,73.71.13.1007,Sulawesi Selatan,Kota Makassar,Rappocini,Balla Parang,2026-09-19T12:00:00,2026-09-21 22:00:00,2026-09-22 06:00:00,57-58,27,70,0,2,6,W,296,E,,,0,Cerah,Sunny,https://api-apps.bmkg.go.id/storage/icon/cuaca/cerah-am.svg,2026-09-21T22:00:00Z
73,73.71,73.71.13,73.71.13.1008,73.71.13.1008,Sulawesi Selatan,Kota Makassar,Rappocini,Banta-Bantaeng,2026-09-19T12:00:00,2026-09-19 16:00:00,2026-09-20 00:00:00,3-4,27,67,0,2,6.7,NW,326,SE,,,0,Cerah,Sunny,https://api-apps.bmkg.go.id/storage/icon/cuaca/cerah-pm.svg,2026-09-19T16:00:00Z
73,73.71,73.71.13,73.71.13.1008,73.71.13.1008,Sulawesi Selatan,Kota Makassar,Rappocini,Banta-Bantaeng,2026-09-19T12:00:00,2026-09-19 19:00:00,2026-09-20 03:00:00,6-7,27,67,0,32,4.1,NE,75,SW,,,1,Cerah,Sunny,https://api-apps.bmkg.go.id/storage/icon/cuaca/cerah-pm.svg,2026-09-19T19:00:00Z
73,73.71,73.71.13,73.71.13.1008,73.71.13.1008,Sulawesi Selatan,Kota Makassar,Rappocini,Banta-Bantaeng,2026-09-19T12:00:00,2026-09-19 22:00:00,2026-09-20 06:00:00,9-10,27,67,0,5,2.3,SW,261,NE,,,0,Cerah,Sunny,https://api-apps.bmkg.go.id/storage/icon/cuaca/cerah-am.svg,2026-09-19T22:00:00Z
73,73.71,73.71.13,73.71.13.1008,73.71.13.1008,Sulawesi Selatan,Kota Makassar,Rappocini,Banta-Bantaeng,2026-09-19T12:00:00,2026-09-20 01:00:00,2026-09-20 09:00:00,12-13,30,55,0,24,15.2,SW,249,NE,,,1,Cerah,Sunny,https://api-apps.bmkg.go.id/storage/icon/cuaca/cerah-am.svg,2026-09-20T01:00:00Z
73,73.71,73.71.13,73.71.13.1008,73.71.13.1008,Sulawesi Selatan,Kota Makassar,Rappocini,Banta-Bantaeng,2026-09-19T12:00:00,2026-09-20 04:00:00,2026-09-20 12:00:00,15-16,30,61,0,23,15.7,SW,256,NE,,,1,Cerah,Sunny,https://api-apps.bmkg.go.id/storage/icon/cuaca/cerah-am.svg,2026-09-20T04:00:00Z
73,73.71,73.71.13,73.71.13.1008,73.71.13.1008,Sulawesi Selatan,Kota Makassar,Rappocini,Banta-Bantaeng,2026-09-19T12:00:00,2026-09-20 07:00:00,2026-09-20 15:00:00,18-19,29,66,0,29,13.3,SW,269,NE,,,1,Cerah,Sunny,https://api-apps.bmkg.go.id/storage/icon/cuaca/cerah-am.svg,2026-09-20T07:00:00Z
73,73.71,73.71.13,73.71.13.1008,73.71.13.1008,Sulawesi Selatan,Kota Makassar,Rappocini,Banta-Bantaeng,2026-09-19T12:00:00,2026-09-20 10:00:00,2026-09-20 18:00:00,21-22,28,75,0,10,6.3,NE,67,SW,,,1,Cerah,Sunny,https://api-apps.bmkg.go.id/storage/icon/cuaca/cerah-pm.svg,2026-09-20T10:00:00Z
73,73.71,73.71.13,73.71.13.1008,73.71.13.1008,Sulawesi Selatan,Kota Makassar,Rappocini,Banta-Bantaeng,2026-09-19T12:00:00,2026-09-20 13:00:00,2026-09-20 21:00:00,24-25,28,70,0,0,4.3,S,193,N,,,0,Cerah,Sunny,https://api-apps.bmkg.go.id/storage/icon/cuaca/cerah-pm.svg,2026-09-20T13:00:00Z
73,73.71,73.71.13,73.71.13.1008,73.71.13.1008,Sulawesi Selatan,Kota Makassar,Rappocini,Banta-Bantaeng,2026-09-19T12:00:00,2026-09-20 16:00:00,2026-09-21 00:00:00,27-28,27,75,0,0,6,SW,232,NE,,,0,Cerah,Sunny,https://api-apps.bmkg.go.id/storage/icon/cuaca/cerah-pm.svg,2026-09-20T16:00:00Z
73,73.71,73.71.13,73.71.13.1008,73.71.13.1008,Sulawesi Selatan,Kota Makassar,Rappocini,Banta-Bantaeng,2026-09-19T12:00:00,2026-09-20 19:00:00,2026-09-21 03:00:00,30-31,26,74,0,7,3.4,NE,66,SW,,,0,Cerah,Sunny,https://api-apps.bmkg.go.id/storage/icon/cuaca/cerah-pm.svg,2026-09-20T19:00:00Z
73,73.71,73.71.13,73.71.13.1008,73.71.13.1008,Sulawesi Selatan,Kota Makassar,Rappocini,Banta-Bantaeng,2026-09-19T12:00:00,2026-09-20 22:00:00,2026-09-21 06:00:00,33-34,27,70,0,52,4.9,S,192,N,,,1,Cerah,Sunny,https://api-apps.bmkg.go.id/storage/icon/cuaca/cerah-am.svg,2026-09-20T22:00:00Z
73,73.71,73.71.13,73.71.13.1008,73.71.13.1008,Sulawesi Selatan,Kota Makassar,Rappocini,Banta-Bantaeng,2026-09-19T12:00:00,2026-09-21 01:00:00,2026-09-21 09:00:00,36-37,30,63,0,23,12.6,SW,236,NE,,,1,Cerah,Sunny,https://api-apps.bmkg.go.id/storage/icon/cuaca/cerah-am.svg,2026-09-21T01:00:00Z
73,73.71,73.71.13,73.71.13.1008,73.71.13.1008,Sulawesi Selatan,Kota Makassar,Rappocini,Banta-Bantaeng,2026-09-19T12:00:00,2026-09-21 04:00:00,2026-09-21 12:00:00,39-40,30,64,0,23,16.2,SW,245,NE,,,1,Cerah,Sunny,https://api-apps.bmkg.go.id/storage/icon/cuaca/cerah-am.svg,2026-09-21T04:00:00Z
73,73.71,73.71.13,73.71.13.1008,73.71.13.1008,Sulawesi Selatan,Kota Makassar,Rappocini,Banta-Bantaeng,2026-09-19T12:00:00,2026-09-21 07:00:00,2026-09-21 15:00:00,42-43,32,60,0,37,5,SW,252,NE,,,1,Cerah,Sunny,https://api-apps.bmkg.go.id/storage/icon/cuaca/cerah-am.svg,2026-09-21T07:00:00Z
73,73.71,73.71.13,73.71.13.1008,73.71.13.1008,Sulawesi Selatan,Kota Makassar,Rappocini,Banta-Bantaeng,2026-09-19T12:00:00,2026-09-21 10:00:00,2026-09-21 18:00:00,45-46,30,64,0,27,4.1,N,2,S,,,1,Cerah,Sunny,https://api-apps.bmkg.go.id/storage/icon/cuaca/cerah-pm.svg,2026-09-21T10:00:00Z
73,73.71,73.71.13,73.71.13.1008,73.71.13.1008,Sulawesi Selatan,Kota Makassar,Rappocini,Banta-Bantaeng,2026-09-19T12:00:00,2026-09-21 13:00:00,2026-09-21 21:00:00,48-49,29,62,0,32,9.6,S,217,N,,,1,Cerah,Sunny,https://api-apps.bmkg.go.id/storage/icon/cuaca/cerah-pm.svg,2026-09-21T13:00:00Z
73,73.71,73.71.13,73.71.13.1008,73.71.13.1008,Sulawesi Selatan,Kota Makassar,Rappocini,Banta-Bantaeng,2026-09-19T12:00:00,2026-09-21 16:00:00,2026-09-22 00:00:00,51-52,27,70,0,47,6.4,W,294,E,,,1,Cerah,Sunny,https://api-apps.bmkg.go.id/storage/icon/cuaca/cerah-pm.svg,2026-09-21T16:00:00Z
73,73.71,73.71.13,73.71.13.1008,73.71.13.1008,Sulawesi Selatan,Kota Makassar,Rappocini,Banta-Bantaeng,2026-09-19T12:00:00,2026-09-21 19:00:00,2026-09-22 03:00:00,54-55,26,71,0,36,7.7,SE,178,NW,,,1,Cerah,Sunny,https://api-apps.bmkg.go.id/storage/icon/cuaca/cerah-pm.svg,2026-09-21T19:00:00Z
73,73.71,73.71.13,73.71.13.1008,73.71.13.1008,Sulawesi Selatan,Kota Makassar,Rappocini,Banta-Bantaeng,2026-09-19T12:00:00,2026-09-21 22:00:00,2026-09-22 06:00:00,57-58,27,71,0,2,6,W,296,E,,,0,Cerah,Sunny,https://api-apps.bmkg.go.id/storage/icon/cuaca/cerah-am.svg,2026-09-21T22:00:00Z
73,73.71,73.71.13,73.71.13.1009,73.71.13.1009,Sulawesi Selatan,Kota Makassar,Rappocini,Karunrung,2026-09-19T12:00:00,2026-09-19 16:00:00,2026-09-20 00:00:00,3-4,27,64,0,2,7.9,NW,342,SE,,,0,Cerah,Sunny,https://api-apps.bmkg.go.id/storage/icon/cuaca/cerah-pm.svg,2026-09-19T16:00:00Z
73,73.71,73.71.13,73.71.13.1009,73.71.13.1009,Sulawesi Selatan,Kota Makassar,Rappocini,Karunrung,2026-09-19T12:00:00,2026-09-19 19:00:00,2026-09-20 03:00:00,6-7,26,67,0,34,4,SE,156,NW,,,1,Cerah,Sunny,https://api-apps.bmkg.go.id/storage/icon/cuaca/cerah-pm.svg,2026-09-19T19:00:00Z
73,73.71,73.71.13,73.71.13.1009,73.71.13.1009,Sulawesi Selatan,Kota Makassar,Rappocini,Karunrung,2026-09-19T12:00:00,2026-09-19 22:00:00,2026-09-20 06:00:00,9-10,27,67,0,5,2.9,SW,258,NE,,,0,Cerah,Sunny,https://api-apps.bmkg.go.id/storage/icon/cuaca/cerah-am.svg,2026-09-19T22:00:00Z
73,73.71,73.71.13,73.71.13.1009,73.71.13.1009,Sulawesi Selatan,Kota Makassar,Rappocini,Karunrung,2026-09-19T12:00:00,2026-09-20 01:00:00,2026-09-20 09:00:00,12-13,31,51,0,26,10.6,SW,242,NE,,,1,Cerah,Sunny,https://api-apps.bmkg.go.id/storage/icon/cuaca/cerah-am.svg,2026-09-20T01:00:00Z
73,73.71,73.71.13,73.71.13.1009,73.71.13.1009,Sulawesi Selatan,Kota Makassar,Rappocini,Karunrung,2026-09-19T12:00:00,2026-09-20 04:00:00,2026-09-20 12:00:00,15-16,31,57,0,27,13.7,SW,259,NE,,,1,Cerah,Sunny,https://api-apps.bmkg.go.id/storage/icon/cuaca/cerah-am.svg,2026-09-20T04:00:00Z
73,73.71,73.71.13,73.71.13.1009,73.71.13.1009,Sulawesi Selatan,Kota Makassar,Rappocini,Karunrung,2026-09-19T12:00:00,2026-09-20 07:00:00,2026-09-20 15:00:00,18-19,30,62,0,34,8.5,W,286,E,,,1,Cerah,Sunny,https://api-apps.bmkg.go.id/storage/icon/cuaca/cerah-am.svg,2026-09-20T07:00:00Z
73,73.71,73.71.13,73.71.13.1009,73.71.13.1009,Sulawesi Selatan,Kota Makassar,Rappocini,Karunrung,2026-09-19T12:00:00,2026-09-20 10:00:00,2026-09-20 18:00:00,21-22,28,73,0,12,4.6,NE,62,SW,,,1,Cerah,Sunny,https://api-apps.bmkg.go.id/storage/icon/cuaca/cerah-pm.svg,2026-09-20T10:00:00Z
73,73.71,73.71.13,73.71.13.1009,73.71.13.1009,Sulawesi Selatan,Kota Makassar,Rappocini,Karunrung,2026-09-19T12:00:00,2026-09-20 13:00:00,2026-09-20 21:00:00,24-25,28,69,0,0,2.9,SW,257,NE,,,0,Cerah,Sunny,https://api-apps.bmkg.go.id/storage/icon/cuaca/cerah-pm.svg,2026-09-20T13:00:00Z
73,73.71,73.71.13,73.71.13.1009,73.71.13.1009,Sulawesi Selatan,Kota Makassar,Rappocini,Karunrung,2026-09-19T12:00:00,2026-09-20 16:00:00,2026-09-21 00:00:00,27-28,27,74,0,0,3.4,N,8,S,,,0,Cerah,Sunny,https://api-apps.bmkg.go.id/storage/icon/cuaca/cerah-pm.svg,2026-09-20T16:00:00Z
73,73.71,73.71.13,73.71.13.1009,73.71.13.1009,Sulawesi Selatan,Kota Makassar,Rappocini,Karunrung,2026-09-19T12:00:00,2026-09-20 19:00:00,2026-09-21 03:00:00,30-31,26,73,0,8,1.2,E,122,W,,,0,Cerah,Sunny,https://api-apps.bmkg.go.id/storage/icon/cuaca/cerah-pm.svg,2026-09-20T19:00:00Z
73,73.71,73.71.13,73.71.13.1009,73.71.13.1009,Sulawesi Selatan,Kota Makassar,Rappocini,Karunrung,2026-09-19T12:00:00,2026-09-20 22:00:00,2026-09-21 06:00:00,33-34,27,70,0,46,4.7,S,216,N,,,1,Cerah,Sunny,https://api-apps.bmkg.go.id/storage/icon/cuaca/cerah-am.svg,2026-09-20T22:00:00Z
73,73.71,73.71.13,73.71.13.1009,73.71.13.1009,Sulawesi Selatan,Kota Makassar,Rappocini,Karunrung,2026-09-19T12:00:00,2026-09-21 01:00:00,2026-09-21 09:00:00,36-37,31,58,0,20,9.2,SW,235,NE,,,1,Cerah,Sunny,https://api-apps.bmkg.go.id/storage/icon/cuaca/cerah-am.svg,2026-09-21T01:00:00Z
73,73.71,73.71.13,73.71.13.1009,73.71.13.1009,Sulawesi Selatan,Kota Makassar,Rappocini,Karunrung,2026-09-19T12:00:00,2026-09-21 04:00:00,2026-09-21 12:00:00,39-40,31,59,0,27,15.9,SW,270,NE,,,1,Cerah,Sunny,https://api-apps.bmkg.go.id/storage/icon/cuaca/cerah-am.svg,2026-09-21T04:00:00Z
73,73.71,73.71.13,73.71.13.1009,73.71.13.1009,Sulawesi Selatan,Kota Makassar,Rappocini,Karunrung,2026-09-19T12:00:00,2026-09-21 07:00:00,2026-09-21 15:00:00,42-43,32,55,0,42,10.9,NW,324,SE,,,1,Cerah,Sunny,https://api-apps.bmkg.go.id/storage/icon/cuaca/cerah-am.svg,2026-09-21T07:00:00Z
73,73.71,73.71.13,73.71.13.1009,73.71.13.1009,Sulawesi Selatan,Kota Makassar,Rappocini,Karunrung,2026-09-19T12:00:00,2026-09-21 10:00:00,2026-09-21 18:00:00,45-46,30,62,0,29,4.3,NW,323,SE,,,1,Cerah,Sunny,https://api-apps.bmkg.go.id/storage/icon/cuaca/cerah-pm.svg,2026-09-21T10:00:00Z
73,73.71,73.71.13,73.71.13.1009,73.71.13.1009,Sulawesi Selatan,Kota Makassar,Rappocini,Karunrung,2026-09-19T12:00:00,2026-09-21 13:00:00,2026-09-21 21:00:00,48-49,29,61,0,36,5,NW,329,SE,,,1,Cerah,Sunny,https://api-apps.bmkg.go.id/storage/icon/cuaca/cerah-pm.svg,2026-09-21T13:00:00Z
73,73.71,73.71.13,73.71.13.1009,73.71.13.1009,Sulawesi Selatan,Kota Makassar,Rappocini,Karunrung,2026-09-19T12:00:00,2026-09-21 16:00:00,2026-09-22 00:00:00,51-52,27,68,0,46,4,NW,316,SE,,,1,Cerah,Sunny,https://api-apps.bmkg.go.id/storage/icon/cuaca/cerah-pm.svg,2026-09-21T16:00:00Z
73,73.71,73.71.13,73.71.13.1009,73.71.13.1009,Sulawesi Selatan,Kota Makassar,Rappocini,Karunrung,2026-09-19T12:00:00,2026-09-21 19:00:00,2026-09-22 03:00:00,54-55,26,72,0,38,3.8,S,184,N,,,1,Cerah,Sunny,https://api-apps.bmkg.go.id/storage/icon/cuaca/cerah-pm.svg,2026-09-21T19:00:00Z
73,73.71,73.71.13,73.71.13.1009,73.71.13.1009,Sulawesi Selatan,Kota Makassar,Rappocini,Karunrung,2026-09-19T12:00:00,2026-09-21 22:00:00,2026-09-22 06:00:00,57-58,27,70,0,1,3.4,W,297,E,,,0,Cerah,Sunny,https://api-apps.bmkg.go.id/storage/icon/cuaca/cerah-am.svg,2026-09-21T22:00:00Z
73,73.71,73.71.13,73.71.13.1010,73.71.13.1010,Sulawesi Selatan,Kota Makassar,Rappocini,Gunung Sari,2026-09-19T12:00:00,2026-09-19 15:00:00,2026-09-19 23:00:00,2-3,27,65,0,48,3.8,W,314,E,,,1,Cerah,Sunny,https://api-apps.bmkg.go.id/storage/icon/cuaca/cerah-pm.svg,2026-09-19T15:00:00Z
73,73.71,73.71.13,73.71.13.1010,73.71.13.1010,Sulawesi Selatan,Kota Makassar,Rappocini,Gunung Sari,2026-09-19T12:00:00,2026-09-19 18:00:00,2026-09-20 02:00:00,5-6,26,65,0,7,7.9,NW,342,SE,,,0,Cerah,Sunny,https://api-apps.bmkg.go.id/storage/icon/cuaca/cerah-pm.svg,2026-09-19T18:00:00Z
73,73.71,73.71.13,73.71.13.1010,73.71.13.1010,Sulawesi Selatan,Kota Makassar,Rappocini,Gunung Sari,2026-09-19T12:00:00,2026-09-19 21:00:00,2026-09-20 05:00:00,8-9,25,71,0,4,4,SE,156,NW,,,0,Cerah,Sunny,https://api-apps.bmkg.go.id/storage/icon/cuaca/cerah-pm.svg,2026-09-19T21:00:00Z
73,73.71,73.71.13,73.71.13.1010,73.71.13.1010,Sulawesi Selatan,Kota Makassar,Rappocini,Gunung Sari,2026-09-19T12:00:00,2026-09-20 00:00:00,2026-09-20 08:00:00,11-12,30,52,0,24,2.9,SW,258,NE,,,1,Cerah,Sunny,https://api-apps.bmkg.go.id/storage/icon/cuaca/cerah-am.svg,2026-09-20T00:00:00Z
73,73.71,73.71.13,73.71.13.1010,73.71.13.1010,Sulawesi Selatan,Kota Makassar,Rappocini,Gunung Sari,2026-09-19T12:00:00,2026-09-20 03:00:00,2026-09-20 11:00:00,14-15,31,57,0,26,10.6,SW,242,NE,,,1,Cerah,Sunny,https://api-apps.bmkg.go.id/storage/icon/cuaca/cerah-am.svg,2026-09-20T03:00:00Z
73,73.71,73.71.13,73.71.13.1010,73.71.13.1010,Sulawesi Selatan,Kota Makassar,Rappocini,Gunung Sari,2026-09-19T12:00:00,2026-09-20 06:00:00,2026-09-20 14:00:00,17-18,31,58,0,36,13.7,SW,259,NE,,,1,Cerah,Sunny,https://api-apps.bmkg.go.id/storage/icon/cuaca/cerah-am.svg,2026-09-20T06:00:00Z
73,73.71,73.71.13,73.71.13.1010,73.71.13.1010,Sulawesi Selatan,Kota Makassar,Rappocini,Gunung Sari,2026-09-19T12:00:00,2026-09-20 09:00:00,2026-09-20 17:00:00,20-21,29,71,0,28,8.5,W,286,E,,,1,Cerah,Sunny,https://api-apps.bmkg.go.id/storage/icon/cuaca/cerah-am.svg,2026-09-20T09:00:00Z
73,73.71,73.71.13,73.71.13.1010,73.71.13.1010,Sulawesi Selatan,Kota Makassar,Rappocini,Gunung Sari,2026-09-19T12:00:00,2026-09-20 12:00:00,2026-09-20 20:00:00,23-24,28,71,0,0,4.6,NE,62,SW,,,0,Cerah,Sunny,https://api-apps.bmkg.go.id/storage/icon/cuaca/cerah-pm.svg,2026-09-20T12:00:00Z
73,73.71,73.71.13,73.71.13.1010,73.71.13.1010,Sulawesi Selatan,Kota Makassar,Rappocini,Gunung Sari,2026-09-19T12:00:00,2026-09-20 15:00:00,2026-09-20 23:00:00,26-27,27,71,0,0,2.9,SW,257,NE,,,0,Cerah,Sunny,https://api-apps.bmkg.go.id/storage/icon/cuaca/cerah-pm.svg,2026-09-20T15:00:00Z
73,73.71,73.71.13,73.71.13.1010,73.71.13.1010,Sulawesi Selatan,Kota Makassar,Rappocini,Gunung Sari,2026-09-19T12:00:00,2026-09-20 18:00:00,2026-09-21 02:00:00,29-30,26,74,0,0,3.4,N,8,S,,,0,Cerah,Sunny,https://api-apps.bmkg.go.id/storage/icon/cuaca/cerah-pm.svg,2026-09-20T18:00:00Z
73,73.71,73.71.13,73.71.13.1010,73.71.13.1010,Sulawesi Selatan,Kota Makassar,Rappocini,Gunung Sari,2026-09-19T12:00:00,2026-09-20 21:00:00,2026-09-21 05:00:00,32-33,26,77,0,60,1.2,E,122,W,,,2,Cerah Berawan,Partly Cloudy,https://api-apps.bmkg.go.id/storage/icon/cuaca/cerah berawan-pm.svg,2026-09-20T21:00:00Z
73,73.71,73.71.13,73.71.13.1010,73.71.13.1010,Sulawesi Selatan,Kota Makassar,Rappocini,Gunung Sari,2026-09-19T12:00:00,2026-09-21 00:00:00,2026-09-21 08:00:00,35-36,30,60,0,20,4.7,S,216,N,,,1,Cerah,Sunny,https://api-apps.bmkg.go.id/storage/icon/cuaca/cerah-am.svg,2026-09-21T00:00:00Z
73,73.71,73.71.13,73.71.13.1010,73.71.13.1010,Sulawesi Selatan,Kota Makassar,Rappocini,Gunung Sari,2026-09-19T12:00:00,2026-09-21 03:00:00,2026-09-21 11:00:00,38-39,31,60,0,18,9.2,SW,235,NE,,,1,Cerah,Sunny,https://api-apps.bmkg.go.id/storage/icon/cuaca/cerah-am.svg,2026-09-21T03:00:00Z
73,73.71,73.71.13,73.71.13.1010,73.71.13.1010,Sulawesi Selatan,Kota Makassar,Rappocini,Gunung Sari,2026-09-19T12:00:00,2026-09-21 06:00:00,2026-09-21 14:00:00,41-42,32,56,0,43,15.9,SW,270,NE,,,1,Cerah,Sunny,https://api-apps.bmkg.go.id/storage/icon/cuaca/cerah-am.svg,2026-09-21T06:00:00Z
73,73.71,73.71.13,73.71.13.1010,73.71.13.1010,Sulawesi Selatan,Kota Makassar,Rappocini,Gunung Sari,2026-09-19T12:00:00,2026-09-21 09:00:00,2026-09-21 17:00:00,44-45,31,60,0,27,10.9,NW,324,SE,,,1,Cerah,Sunny,https://api-apps.bmkg.go.id/storage/icon/cuaca/cerah-am.svg,2026-09-21T09:00:00Z
73,73.71,73.71.13,73.71.13.1010,73.71.13.1010,Sulawesi Selatan,Kota Makassar,Rappocini,Gunung Sari,2026-09-19T12:00:00,2026-09-21 12:00:00,2026-09-21 20:00:00,47-48,29,58,0,2,4.3,NW,323,SE,,,0,Cerah,Sunny,https://api-apps.bmkg.go.id/storage/icon/cuaca/cerah-pm.svg,2026-09-21T12:00:00Z
73,73.71,73.71.13,73.71.13.1010,73.71.13.1010,Sulawesi Selatan,Kota Makassar,Rappocini,Gunung Sari,2026-09-19T12:00:00,2026-09-21 15:00:00,2026-09-21 23:00:00,50-51,27,67,0,82,5,NW,329,SE,,,2,Cerah Berawan,Partly Cloudy,https://api-apps.bmkg.go.id/storage/icon/cuaca/cerah berawan-pm.svg,2026-09-21T15:00:00Z
73,73.71,73.71.13,73.71.13.1011,73.71.13.1011,Sulawesi Selatan,Kota Makassar,Rappocini,Minasa Upa,2026-09-19T12:00:00,2026-09-19 16:00:00,2026-09-20 00:00:00,3-4,27,64,0,2,7.9,NW,342,SE,,,0,Cerah,Sunny,https://api-apps.bmkg.go.id/storage/icon/cuaca/cerah-pm.svg,2026-09-19T16:00:00Z
73,73.71,73.71.13,73.71.13.1011,73.71.13.1011,Sulawesi Selatan,Kota Makassar,Rappocini,Minasa Upa,2026-09-19T12:00:00,2026-09-19 19:00:00,2026-09-20 03:00:00,6-7,26,67,0,34,4,SE,156,NW,,,1,Cerah,Sunny,https://api-apps.bmkg.go.id/storage/icon/cuaca/cerah-pm.svg,2026-09-19T19:00:00Z
73,73.71,73.71.13,73.71.13.1011,73.71.13.1011,Sulawesi Selatan,Kota Makassar,Rappocini,Minasa Upa,2026-09-19T12:00:00,2026-09-19 22:00:00,2026-09-20 06:00:00,9-10,27,67,0,5,2.9,SW,258,NE,,,0,Cerah,Sunny,https://api-apps.bmkg.go.id/storage/icon/cuaca/cerah-am.svg,2026-09-19T22:00:00Z
73,73.71,73.71.13,73.71.13.1011,73.71.13.1011,Sulawesi Selatan,Kota Makassar,Rappocini,Minasa Upa,2026-09-19T12:00:00,2026-09-20 01:00:00,2026-09-20 09:00:00,12-13,31,51,0,26,10.6,SW,242,NE,,,1,Cerah,Sunny,https://api-apps.bmkg.go.id/storage/icon/cuaca/cerah-am.svg,2026-09-20T01:00:00Z
73,73.71,73.71.13,73.71.13.1011,73.71.13.1011,Sulawesi Selatan,Kota Makassar,Rappocini,Minasa Upa,2026-09-19T12:00:00,2026-09-20 04:00:00,2026-09-20 12:00:00,15-16,31,57,0,27,13.7,SW,259,NE,,,1,Cerah,Sunny,https://api-apps.bmkg.go.id/storage/icon/cuaca/cerah-am.svg,2026-09-20T04:00:00Z
73,73.71,73.71.13,73.71.13.1011,73.71.13.1011,Sulawesi Selatan,Kota Makassar,Rappocini,Minasa Upa,2026-09-19T12:00:00,2026-09-20 07:00:00,2026-09-20 15:00:00,18-19,30,62,0,34,8.5,W,286,E,,,1,Cerah,Sunny,https://api-apps.bmkg.go.id/storage/icon/cuaca/cerah-am.svg,2026-09-20T07:00:00Z
73,73.71,73.71.13,73.71.13.1011,73.71.13.1011,Sulawesi Selatan,Kota Makassar,Rappocini,Minasa Upa,2026-09-19T12:00:00,2026-09-20 10:00:00,2026-09-20 18:00:00,21-22,28,73,0,12,4.6,NE,62,SW,,,1,Cerah,Sunny,https://api-apps.bmkg.go.id/storage/icon/cuaca/cerah-pm.svg,2026-09-20T10:00:00Z
73,73.71,73.71.13,73.71.13.1011,73.71.13.1011,Sulawesi Selatan,Kota Makassar,Rappocini,Minasa Upa,2026-09-19T12:00:00,2026-09-20 13:00:00,2026-09-20 21:00:00,24-25,28,69,0,0,2.9,SW,257,NE,,,0,Cerah,Sunny,https://api-apps.bmkg.go.id/storage/icon/cuaca/cerah-pm.svg,2026-09-20T13:00:00Z
73,73.71,73.71.13,73.71.13.1011,73.71.13.1011,Sulawesi Selatan,Kota Makassar,Rappocini,Minasa Upa,2026-09-19T12:00:00,2026-09-20 16:00:00,2026-09-21 00:00:00,27-28,27,74,0,0,3.4,N,8,S,,,0,Cerah,Sunny,https://api-apps.bmkg.go.id/storage/icon/cuaca/cerah-pm.svg,2026-09-20T16:00:00Z
73,73.71,73.71.13,73.71.13.1011,73.71.13.1011,Sulawesi Selatan,Kota Makassar,Rappocini,Minasa Upa,2026-09-19T12:00:00,2026-09-20 19:00:00,2026-09-21 03:00:00,30-31,26,73,0,8,1.2,E,122,W,,,0,Cerah,Sunny,https://api-apps.bmkg.go.id/storage/icon/cuaca/cerah-pm.svg,2026-09-20T19:00:00Z
73,73.71,73.71.13,73.71.13.1011,73.71.13.1011,Sulawesi Selatan,Kota Makassar,Rappocini,Minasa Upa,2026-09-19T12:00:00,2026-09-20 22:00:00,2026-09-21 06:00:00,33-34,27,70,0,46,4.7,S,216,N,,,1,Cerah,Sunny,https://api-apps.bmkg.go.id/storage/icon/cuaca/cerah-am.svg,2026-09-20T22:00:00Z
73,73.71,73.71.13,73.71.13.1011,73.71.13.1011,Sulawesi Selatan,Kota Makassar,Rappocini,Minasa Upa,2026-09-19T12:00:00,2026-09-21 01:00:00,2026-09-21 09:00:00,36-37,31,58,0,20,9.2,SW,235,NE,,,1,Cerah,Sunny,https://api-apps.bmkg.go.id/storage/icon/cuaca/cerah-am.svg,2026-09-21T01:00:00Z
73,73.71,73.71.13,73.71.13.1011,73.71.13.1011,Sulawesi Selatan,Kota Makassar,Rappocini,Minasa Upa,2026-09-19T12:00:00,2026-09-21 04:00:00,2026-09-21 12:00:00,39-40,31,59,0,27,15.9,SW,270,NE,,,1,Cerah,Sunny,https://api-apps.bmkg.go.id/storage/icon/cuaca/cerah-am.svg,2026-09-21T04:00:00Z
73,73.71,73.71.13,73.71.13.1011,73.71.13.1011,Sulawesi Selatan,Kota Makassar,Rappocini,Minasa Upa,2026-09-19T12:00:00,2026-09-21 07:00:00,2026-09-21 15:00:00,42-43,32,55,0,42,10.9,NW,324,SE,,,1,Cerah,Sunny,https://api-apps.bmkg.go.id/storage/icon/cuaca/cerah-am.svg,2026-09-21T07:00:00Z
73,73.71,73.71.13,73.71.13.1011,73.71.13.1011,Sulawesi Selatan,Kota Makassar,Rappocini,Minasa Upa,2026-09-19T12:00:00,2026-09-21 10:00:00,2026-09-21 18:00:00,45-46,30,62,0,29,4.3,NW,323,SE,,,1,Cerah,Sunny,https://api-apps.bmkg.go.id/storage/icon/cuaca/cerah-pm.svg,2026-09-21T10:00:00Z
73,73.71,73.71.13,73.71.13.1011,73.71.13.1011,Sulawesi Selatan,Kota Makassar,Rappocini,Minasa Upa,2026-09-19T12:00:00,2026-09-21 13:00:00,2026-09-21 21:00:00,48-49,29,61,0,36,5,NW,329,SE,,,1,Cerah,Sunny,https://api-apps.bmkg.go.id/storage/icon/cuaca/cerah-pm.svg,2026-09-21T13:00:00Z
73,73.71,73.71.13,73.71.13.1011,73.71.13.1011,Sulawesi Selatan,Kota Makassar,Rappocini,Minasa Upa,2026-09-19T12:00:00,2026-09-21 16:00:00,2026-09-22 00:00:00,51-52,27,68,0,46,4,NW,316,SE,,,1,Cerah,Sunny,https://api-apps.bmkg.go.id/storage/icon/cuaca/cerah-pm.svg,2026-09-21T16:00:00Z
73,73.71,73.71.13,73.71.13.1011,73.71.13.1011,Sulawesi Selatan,Kota Makassar,Rappocini,Minasa Upa,2026-09-19T12:00:00,2026-09-21 19:00:00,2026-09-22 03:00:00,54-55,26,72,0,38,3.8,S,184,N,,,1,Cerah,Sunny,https://api-apps.bmkg.go.id/storage/icon/cuaca/cerah-pm.svg,2026-09-21T19:00:00Z
73,73.71,73.71.13,73.71.13.1011,73.71.13.1011,Sulawesi Selatan,Kota Makassar,Rappocini,Minasa Upa,2026-09-19T12:00:00,2026-09-21 22:00:00,2026-09-22 06:00:00,57-58,27,70,0,1,3.4,W,297,E,,,0,Cerah,Sunny,https://api-apps.bmkg.go.id/storage/icon/cuaca/cerah-am.svg,2026-09-21T22:00:00Z
73,73.71,73.71.14,73.71.14.1001,73.71.14.1001,Sulawesi Selatan,Kota Makassar,Tamalanrea,Tamalanrea,2026-09-19T12:00:00,2026-09-19 16:00:00,2026-09-20 00:00:00,3-4,27,53,0,3,7.1,N,29,S,,,0,Cerah,Sunny,https://api-apps.bmkg.go.id/storage/icon/cuaca/cerah-pm.svg,2026-09-19T16:00:00Z
73,73.71,73.71.14,73.71.14.1001,73.71.14.1001,Sulawesi Selatan,Kota Makassar,Tamalanrea,Tamalanrea,2026-09-19T12:00:00,2026-09-19 19:00:00,2026-09-20 03:00:00,6-7,26,68,0,44,8.8,NE,84,SW,,,1,Cerah,Sunny,https://api-apps.bmkg.go.id/storage/icon/cuaca/cerah-pm.svg,2026-09-19T19:00:00Z
73,73.71,73.71.14,73.71.14.1001,73.71.14.1001,Sulawesi Selatan,Kota Makassar,Tamalanrea,Tamalanrea,2026-09-19T12:00:00,2026-09-19 22:00:00,2026-09-20 06:00:00,9-10,26,64,0,4,5.5,E,119,W,,,0,Cerah,Sunny,https://api-apps.bmkg.go.id/storage/icon/cuaca/cerah-am.svg,2026-09-19T22:00:00Z
73,73.71,73.71.14,73.71.14.1001,73.71.14.1001,Sulawesi Selatan,Kota Makassar,Tamalanrea,Tamalanrea,2026-09-19T12:00:00,2026-09-20 01:00:00,2026-09-20 09:00:00,12-13,33,42,0,27,9,W,284,E,,,1,Cerah,Sunny,https://api-apps.bmkg.go.id/storage/icon/cuaca/cerah-am.svg,2026-09-20T01:00:00Z
73,73.71,73.71.14,73.71.14.1001,73.71.14.1001,Sulawesi Selatan,Kota Makassar,Tamalanrea,Tamalanrea,2026-09-19T12:00:00,2026-09-20 04:00:00,2026-09-20 12:00:00,15-16,32,49,0,32,14.3,W,271,E,,,1,Cerah,Sunny,https://api-apps.bmkg.go.id/storage/icon/cuaca/cerah-am.svg,2026-09-20T04:00:00Z
73,73.71,73.71.14,73.71.14.1001,73.71.14.1001,Sulawesi Selatan,Kota Makassar,Tamalanrea,Tamalanrea,2026-09-19T12:00:00,2026-09-20 07:00:00,2026-09-20 15:00:00,18-19,31,55,0,41,13.1,SW,268,NE,,,1,Cerah,Sunny,https://api-apps.bmkg.go.id/storage/icon/cuaca/cerah-am.svg,2026-09-20T07:00:00Z
73,73.71,73.71.14,73.71.14.1001,73.71.14.1001,Sulawesi Selatan,Kota Makassar,Tamalanrea,Tamalanrea,2026-09-19T12:00:00,2026-09-20 10:00:00,2026-09-20 18:00:00,21-22,28,72,0,15,2.1,NW,344,SE,,,1,Cerah,Sunny,https://api-apps.bmkg.go.id/storage/icon/cuaca/cerah-pm.svg,2026-09-20T10:00:00Z
73,73.71,73.71.14,73.71.14.1001,73.71.14.1001,Sulawesi Selatan,Kota Makassar,Tamalanrea,Tamalanrea,2026-09-19T12:00:00,2026-09-20 13:00:00,2026-09-20 21:00:00,24-25,28,66,0,0,6.1,N,43,S,,,0,Cerah,Sunny,https://api-apps.bmkg.go.id/storage/icon/cuaca/cerah-pm.svg,2026-09-20T13:00:00Z
73,73.71,73.71.14,73.71.14.1001,73.71.14.1001,Sulawesi Selatan,Kota Makassar,Tamalanrea,Tamalanrea,2026-09-19T12:00:00,2026-09-20 16:00:00,2026-09-21 00:00:00,27-28,26,68,0,0,4.3,N,38,S,,,0,Cerah,Sunny,https://api-apps.bmkg.go.id/storage/icon/cuaca/cerah-pm.svg,2026-09-20T16:00:00Z
73,73.71,73.71.14,73.71.14.1001,73.71.14.1001,Sulawesi Selatan,Kota Makassar,Tamalanrea,Tamalanrea,2026-09-19T12:00:00,2026-09-20 19:00:00,2026-09-21 03:00:00,30-31,26,70,0,10,4.3,NE,76,SW,,,0,Cerah,Sunny,https://api-apps.bmkg.go.id/storage/icon/cuaca/cerah-pm.svg,2026-09-20T19:00:00Z
73,73.71,73.71.14,73.71.14.1001,73.71.14.1001,Sulawesi Selatan,Kota Makassar,Tamalanrea,Tamalanrea,2026-09-19T12:00:00,2026-09-20 22:00:00,2026-09-21 06:00:00,33-34,27,66,0,42,4.6,SE,144,NW,,,1,Cerah,Sunny,https://api-apps.bmkg.go.id/storage/icon/cuaca/cerah-am.svg,2026-09-20T22:00:00Z
73,73.71,73.71.14,73.71.14.1001,73.71.14.1001,Sulawesi Selatan,Kota Makassar,Tamalanrea,Tamalanrea,2026-09-19T12:00:00,2026-09-21 01:00:00,2026-09-21 09:00:00,36-37,33,48,0,30,11.5,SW,254,NE,,,1,Cerah,Sunny,https://api-apps.bmkg.go.id/storage/icon/cuaca/cerah-am.svg,2026-09-21T01:00:00Z
73,73.71,73.71.14,73.71.14.1001,73.71.14.1001,Sulawesi Selatan,Kota Makassar,Tamalanrea,Tamalanrea,2026-09-19T12:00:00,2026-09-21 04:00:00,2026-09-21 12:00:00,39-40,33,51,0.1,37,17.9,SW,253,NE,,,1,Cerah,Sunny,https://api-apps.bmkg.go.id/storage/icon/cuaca/cerah-am.svg,2026-09-21T04:00:00Z
73,73.71,73.71.14,73.71.14.1001,73.71.14.1001,Sulawesi Selatan,Kota Makassar,Tamalanrea,Tamalanrea,2026-09-19T12:00:00,2026-09-21 07:00:00,2026-09-21 15:00:00,42-43,32,51,0,46,9,W,306,E,,,1,Cerah,Sunny,https://api-apps.bmkg.go.id/storage/icon/cuaca/cerah-am.svg,2026-09-21T07:00:00Z
73,73.71,73.71.14,73.71.14.1001,73.71.14.1001,Sulawesi Selatan,Kota Makassar,Tamalanrea,Tamalanrea,2026-09-19T12:00:00,2026-09-21 10:00:00,2026-09-21 18:00:00,45-46,30,61,0,31,9.3,N,33,S,,,1,Cerah,Sunny,https://api-apps.bmkg.go.id/storage/icon/cuaca/cerah-pm.svg,2026-09-21T10:00:00Z
73,73.71,73.71.14,73.71.14.1001,73.71.14.1001,Sulawesi Selatan,Kota Makassar,Tamalanrea,Tamalanrea,2026-09-19T12:00:00,2026-09-21 13:00:00,2026-09-21 21:00:00,48-49,28,55,0,50,3.6,N,28,S,,,1,Cerah,Sunny,https://api-apps.bmkg.go.id/storage/icon/cuaca/cerah-pm.svg,2026-09-21T13:00:00Z
73,73.71,73.71.14,73.71.14.1001,73.71.14.1001,Sulawesi Selatan,Kota Makassar,Tamalanrea,Tamalanrea,2026-09-19T12:00:00,2026-09-21 16:00:00,2026-09-22 00:00:00,51-52,27,60,0,46,6.2,N,18,S,,,1,Cerah,Sunny,https://api-apps.bmkg.go.id/storage/icon/cuaca/cerah-pm.svg,2026-09-21T16:00:00Z
73,73.71,73.71.14,73.71.14.1001,73.71.14.1001,Sulawesi Selatan,Kota Makassar,Tamalanrea,Tamalanrea,2026-09-19T12:00:00,2026-09-21 19:00:00,2026-09-22 03:00:00,54-55,25,68,0,41,5.8,E,102,W,,,1,Cerah,Sunny,https://api-apps.bmkg.go.id/storage/icon/cuaca/cerah-pm.svg,2026-09-21T19:00:00Z
73,73.71,73.71.14,73.71.14.1001,73.71.14.1001,Sulawesi Selatan,Kota Makassar,Tamalanrea,Tamalanrea,2026-09-19T12:00:00,2026-09-21 22:00:00,2026-09-22 06:00:00,57-58,27,67,0,1,0.8,E,102,W,,,0,Cerah,Sunny,https://api-apps.bmkg.go.id/storage/icon/cuaca/cerah-am.svg,2026-09-21T22:00:00Z
73,73.71,73.71.14,73.71.14.1002,73.71.14.1002,Sulawesi Selatan,Kota Makassar,Tamalanrea,Kapasa,2026-09-19T12:00:00,2026-09-19 16:00:00,2026-09-20 00:00:00,3-4,27,53,0,3,7.1,N,29,S,,,0,Cerah,Sunny,https://api-apps.bmkg.go.id/storage/icon/cuaca/cerah-pm.svg,2026-09-19T16:00:00Z
73,73.71,73.71.14,73.71.14.1002,73.71.14.1002,Sulawesi Selatan,Kota Makassar,Tamalanrea,Kapasa,2026-09-19T12:00:00,2026-09-19 19:00:00,2026-09-20 03:00:00,6-7,26,68,0,44,8.8,NE,84,SW,,,1,Cerah,Sunny,https://api-apps.bmkg.go.id/storage/icon/cuaca/cerah-pm.svg,2026-09-19T19:00:00Z
73,73.71,73.71.14,73.71.14.1002,73.71.14.1002,Sulawesi Selatan,Kota Makassar,Tamalanrea,Kapasa,2026-09-19T12:00:00,2026-09-19 22:00:00,2026-09-20 06:00:00,9-10,26,64,0,4,5.5,E,119,W,,,0,Cerah,Sunny,https://api-apps.bmkg.go.id/storage/icon/cuaca/cerah-am.svg,2026-09-19T22:00:00Z
73,73.71,73.71.14,73.71.14.1002,73.71.14.1002,Sulawesi Selatan,Kota Makassar,Tamalanrea,Kapasa,2026-09-19T12:00:00,2026-09-20 01:00:00,2026-09-20 09:00:00,12-13,33,42,0,27,9,W,284,E,,,1,Cerah,Sunny,https://api-apps.bmkg.go.id/storage/icon/cuaca/cerah-am.svg,2026-09-20T01:00:00Z
73,73.71,73.71.14,73.71.14.1002,73.71.14.1002,Sulawesi Selatan,Kota Makassar,Tamalanrea,Kapasa,2026-09-19T12:00:00,2026-09-20 04:00:00,2026-09-20 12:00:00,15-16,32,49,0,32,14.3,W,271,E,,,1,Cerah,Sunny,https://api-apps.bmkg.go.id/storage/icon/cuaca/cerah-am.svg,2026-09-20T04:00:00Z
73,73.71,73.71.14,73.71.14.1002,73.71.14.1002,Sulawesi Selatan,Kota Makassar,Tamalanrea,Kapasa,2026-09-19T12:00:00,2026-09-20 07:00:00,2026-09-20 15:00:00,18-19,31,55,0,41,13.1,SW,268,NE,,,1,Cerah,Sunny,https://api-apps.bmkg.go.id/storage/icon/cuaca/cerah-am.svg,2026-09-20T07:00:00Z
73,73.71,73.71.14,73.71.14.1002,73.71.14.1002,Sulawesi Selatan,Kota Makassar,Tamalanrea,Kapasa,2026-09-19T12:00:00,2026-09-20 10:00:00,2026-09-20 18:00:00,21-22,28,72,0,15,2.1,NW,344,SE,,,1,Cerah,Sunny,https://api-apps.bmkg.go.id/storage/icon/cuaca/cerah-pm.svg,2026-09-20T10:00:00Z
73,73.71,73.71.14,73.71.14.1002,73.71.14.1002,Sulawesi Selatan,Kota Makassar,Tamalanrea,Kapasa,2026-09-19T12:00:00,2026-09-20 13:00:00,2026-09-20 21:00:00,24-25,28,66,0,0,6.1,N,43,S,,,0,Cerah,Sunny,https://api-apps.bmkg.go.id/storage/icon/cuaca/cerah-pm.svg,2026-09-20T13:00:00Z
73,73.71,73.71.14,73.71.14.1002,73.71.14.1002,Sulawesi Selatan,Kota Makassar,Tamalanrea,Kapasa,2026-09-19T12:00:00,2026-09-20 16:00:00,2026-09-21 00:00:00,27-28,26,68,0,0,4.3,N,38,S,,,0,Cerah,Sunny,https://api-apps.bmkg.go.id/storage/icon/cuaca/cerah-pm.svg,2026-09-20T16:00:00Z
73,73.71,73.71.14,73.71.14.1002,73.71.14.1002,Sulawesi Selatan,Kota Makassar,Tamalanrea,Kapasa,2026-09-19T12:00:00,2026-09-20 19:00:00,2026-09-21 03:00:00,30-31,26,70,0,10,4.3,NE,76,SW,,,0,Cerah,Sunny,https://api-apps.bmkg.go.id/storage/icon/cuaca/cerah-pm.svg,2026-09-20T19:00:00Z
73,73.71,73.71.14,73.71.14.1002,73.71.14.1002,Sulawesi Selatan,Kota Makassar,Tamalanrea,Kapasa,2026-09-19T12:00:00,2026-09-20 22:00:00,2026-09-21 06:00:00,33-34,27,66,0,42,4.6,SE,144,NW,,,1,Cerah,Sunny,https://api-apps.bmkg.go.id/storage/icon/cuaca/cerah-am.svg,2026-09-20T22:00:00Z
73,73.71,73.71.14,73.71.14.1002,73.71.14.1002,Sulawesi Selatan,Kota Makassar,Tamalanrea,Kapasa,2026-09-19T12:00:00,2026-09-21 01:00:00,2026-09-21 09:00:00,36-37,33,48,0,30,11.5,SW,254,NE,,,1,Cerah,Sunny,https://api-apps.bmkg.go.id/storage/icon/cuaca/cerah-am.svg,2026-09-21T01:00:00Z
73,73.71,73.71.14,73.71.14.1002,73.71.14.1002,Sulawesi Selatan,Kota Makassar,Tamalanrea,Kapasa,2026-09-19T12:00:00,2026-09-21 04:00:00,2026-09-21 12:00:00,39-40,33,51,0.1,37,17.9,SW,253,NE,,,1,Cerah,Sunny,https://api-apps.bmkg.go.id/storage/icon/cuaca/cerah-am.svg,2026-09-21T04:00:00Z
73,73.71,73.71.14,73.71.14.1002,73.71.14.1002,Sulawesi Selatan,Kota Makassar,Tamalanrea,Kapasa,2026-09-19T12:00:00,2026-09-21 07:00:00,2026-09-21 15:00:00,42-43,32,51,0,46,9,W,306,E,,,1,Cerah,Sunny,https://api-apps.bmkg.go.id/storage/icon/cuaca/cerah-am.svg,2026-09-21T07:00:00Z
73,73.71,73.71.14,73.71.14.1002,73.71.14.1002,Sulawesi Selatan,Kota Makassar,Tamalanrea,Kapasa,2026-09-19T12:00:00,2026-09-21 10:00:00,2026-09-21 18:00:00,45-46,30,61,0,31,9.3,N,33,S,,,1,Cerah,Sunny,https://api-apps.bmkg.go.id/storage/icon/cuaca/cerah-pm.svg,2026-09-21T10:00:00Z
73,73.71,73.71.14,73.71.14.1002,73.71.14.1002,Sulawesi Selatan,Kota Makassar,Tamalanrea,Kapasa,2026-09-19T12:00:00,2026-09-21 13:00:00,2026-09-21 21:00:00,48-49,28,55,0,50,3.6,N,28,S,,,1,Cerah,Sunny,https://api-apps.bmkg.go.id/storage/icon/cuaca/cerah-pm.svg,2026-09-21T13:00:00Z
73,73.71,73.71.14,73.71.14.1002,73.71.14.1002,Sulawesi Selatan,Kota Makassar,Tamalanrea,Kapasa,2026-09-19T12:00:00,2026-09-21 16:00:00,2026-09-22 00:00:00,51-52,27,60,0,46,6.2,N,18,S,,,1,Cerah,Sunny,https://api-apps.bmkg.go.id/storage/icon/cuaca/cerah-pm.svg,2026-09-21T16:00:00Z
73,73.71,73.71.14,73.71.14.1002,73.71.14.1002,Sulawesi Selatan,Kota Makassar,Tamalanrea,Kapasa,2026-09-19T12:00:00,2026-09-21 19:00:00,2026-09-22 03:00:00,54-55,25,68,0,41,5.8,E,102,W,,,1,Cerah,Sunny,https://api-apps.bmkg.go.id/storage/icon/cuaca/cerah-pm.svg,2026-09-21T19:00:00Z
73,73.71,73.71.14,73.71.14.1002,73.71.14.1002,Sulawesi Selatan,Kota Makassar,Tamalanrea,Kapasa,2026-09-19T12:00:00,2026-09-21 22:00:00,2026-09-22 06:00:00,57-58,27,67,0,1,0.8,E,102,W,,,0,Cerah,Sunny,https://api-apps.bmkg.go.id/storage/icon/cuaca/cerah-am.svg,2026-09-21T22:00:00Z
73,73.71,73.71.14,73.71.14.1003,73.71.14.1003,Sulawesi Selatan,Kota Makassar,Tamalanrea,Tamalanrea Indah,2026-09-19T12:00:00,2026-09-19 16:00:00,2026-09-20 00:00:00,3-4,27,58,0,3,7.1,N,29,S,,,0,Cerah,Sunny,https://api-apps.bmkg.go.id/storage/icon/cuaca/cerah-pm.svg,2026-09-19T16:00:00Z
73,73.71,73.71.14,73.71.14.1003,73.71.14.1003,Sulawesi Selatan,Kota Makassar,Tamalanrea,Tamalanrea Indah,2026-09-19T12:00:00,2026-09-19 19:00:00,2026-09-20 03:00:00,6-7,26,68,0,42,8.8,NE,84,SW,,,1,Cerah,Sunny,https://api-apps.bmkg.go.id/storage/icon/cuaca/cerah-pm.svg,2026-09-19T19:00:00Z
73,73.71,73.71.14,73.71.14.1003,73.71.14.1003,Sulawesi Selatan,Kota Makassar,Tamalanrea,Tamalanrea Indah,2026-09-19T12:00:00,2026-09-19 22:00:00,2026-09-20 06:00:00,9-10,27,65,0,5,5.5,E,119,W,,,0,Cerah,Sunny,https://api-apps.bmkg.go.id/storage/icon/cuaca/cerah-am.svg,2026-09-19T22:00:00Z
73,73.71,73.71.14,73.71.14.1003,73.71.14.1003,Sulawesi Selatan,Kota Makassar,Tamalanrea,Tamalanrea Indah,2026-09-19T12:00:00,2026-09-20 01:00:00,2026-09-20 09:00:00,12-13,32,47,0,25,9,W,284,E,,,1,Cerah,Sunny,https://api-apps.bmkg.go.id/storage/icon/cuaca/cerah-am.svg,2026-09-20T01:00:00Z
73,73.71,73.71.14,73.71.14.1003,73.71.14.1003,Sulawesi Selatan,Kota Makassar,Tamalanrea,Tamalanrea Indah,2026-09-19T12:00:00,2026-09-20 04:00:00,2026-09-20 12:00:00,15-16,32,54,0,28,14.3,W,271,E,,,1,Cerah,Sunny,https://api-apps.bmkg.go.id/storage/icon/cuaca/cerah-am.svg,2026-09-20T04:00:00Z
73,73.71,73.71.14,73.71.14.1003,73.71.14.1003,Sulawesi Selatan,Kota Makassar,Tamalanrea,Tamalanrea Indah,2026-09-19T12:00:00,2026-09-20 07:00:00,2026-09-20 15:00:00,18-19,30,60,0,36,13.1,SW,268,NE,,,1,Cerah,Sunny,https://api-apps.bmkg.go.id/storage/icon/cuaca/cerah-am.svg,2026-09-20T07:00:00Z
73,73.71,73.71.14,73.71.14.1003,73.71.14.1003,Sulawesi Selatan,Kota Makassar,Tamalanrea,Tamalanrea Indah,2026-09-19T12:00:00,2026-09-20 10:00:00,2026-09-20 18:00:00,21-22,28,74,0,13,2.1,NW,344,SE,,,1,Cerah,Sunny,https://api-apps.bmkg.go.id/storage/icon/cuaca/cerah-pm.svg,2026-09-20T10:00:00Z
73,73.71,73.71.14,73.71.14.1003,73.71.14.1003,Sulawesi Selatan,Kota Makassar,Tamalanrea,Tamalanrea Indah,2026-09-19T12:00:00,2026-09-20 13:00:00,2026-09-20 21:00:00,24-25,28,67,0,0,6.1,N,43,S,,,0,Cerah,Sunny,https://api-apps.bmkg.go.id/storage/icon/cuaca/cerah-pm.svg,2026-09-20T13:00:00Z
73,73.71,73.71.14,73.71.14.1003,73.71.14.1003,Sulawesi Selatan,Kota Makassar,Tamalanrea,Tamalanrea Indah,2026-09-19T12:00:00,2026-09-20 16:00:00,2026-09-21 00:00:00,27-28,26,68,0,0,4.3,N,38,S,,,0,Cerah,Sunny,https://api-apps.bmkg.go.id/storage/icon/cuaca/cerah-pm.svg,2026-09-20T16:00:00Z
73,73.71,73.71.14,73.71.14.1003,73.71.14.1003,Sulawesi Selatan,Kota Makassar,Tamalanrea,Tamalanrea Indah,2026-09-19T12:00:00,2026-09-20 19:00:00,2026-09-21 03:00:00,30-31,26,70,0,9,4.3,NE,76,SW,,,0,Cerah,Sunny,https://api-apps.bmkg.go.id/storage/icon/cuaca/cerah-pm.svg,2026-09-20T19:00:00Z
73,73.71,73.71.14,73.71.14.1003,73.71.14.1003,Sulawesi Selatan,Kota Makassar,Tamalanrea,Tamalanrea Indah,2026-09-19T12:00:00,2026-09-20 22:00:00,2026-09-21 06:00:00,33-34,27,67,0,47,4.6,SE,144,NW,,,1,Cerah,Sunny,https://api-apps.bmkg.go.id/storage/icon/cuaca/cerah-am.svg,2026-09-20T22:00:00Z
73,73.71,73.71.14,73.71.14.1003,73.71.14.1003,Sulawesi Selatan,Kota Makassar,Tamalanrea,Tamalanrea Indah,2026-09-19T12:00:00,2026-09-21 01:00:00,2026-09-21 09:00:00,36-37,32,53,0,33,11.5,SW,254,NE,,,1,Cerah,Sunny,https://api-apps.bmkg.go.id/storage/icon/cuaca/cerah-am.svg,2026-09-21T01:00:00Z
73,73.71,73.71.14,73.71.14.1003,73.71.14.1003,Sulawesi Selatan,Kota Makassar,Tamalanrea,Tamalanrea Indah,2026-09-19T12:00:00,2026-09-21 04:00:00,2026-09-21 12:00:00,39-40,32,56,0.1,31,17.9,SW,253,NE,,,1,Cerah,Sunny,https://api-apps.bmkg.go.id/storage/icon/cuaca/cerah-am.svg,2026-09-21T04:00:00Z
73,73.71,73.71.14,73.71.14.1003,73.71.14.1003,Sulawesi Selatan,Kota Makassar,Tamalanrea,Tamalanrea Indah,2026-09-19T12:00:00,2026-09-21 07:00:00,2026-09-21 15:00:00,42-43,32,57,0,42,9,W,306,E,,,1,Cerah,Sunny,https://api-apps.bmkg.go.id/storage/icon/cuaca/cerah-am.svg,2026-09-21T07:00:00Z
73,73.71,73.71.14,73.71.14.1003,73.71.14.1003,Sulawesi Selatan,Kota Makassar,Tamalanrea,Tamalanrea Indah,2026-09-19T12:00:00,2026-09-21 10:00:00,2026-09-21 18:00:00,45-46,30,64,0,29,9.3,N,33,S,,,1,Cerah,Sunny,https://api-apps.bmkg.go.id/storage/icon/cuaca/cerah-pm.svg,2026-09-21T10:00:00Z
73,73.71,73.71.14,73.71.14.1003,73.71.14.1003,Sulawesi Selatan,Kota Makassar,Tamalanrea,Tamalanrea Indah,2026-09-19T12:00:00,2026-09-21 13:00:00,2026-09-21 21:00:00,48-49,28,56,0,47,3.6,N,28,S,,,1,Cerah,Sunny,https://api-apps.bmkg.go.id/storage/icon/cuaca/cerah-pm.svg,2026-09-21T13:00:00Z
73,73.71,73.71.14,73.71.14.1003,73.71.14.1003,Sulawesi Selatan,Kota Makassar,Tamalanrea,Tamalanrea Indah,2026-09-19T12:00:00,2026-09-21 16:00:00,2026-09-22 00:00:00,51-52,27,62,0,47,6.2,N,18,S,,,1,Cerah,Sunny,https://api-apps.bmkg.go.id/storage/icon/cuaca/cerah-pm.svg,2026-09-21T16:00:00Z
73,73.71,73.71.14,73.71.14.1003,73.71.14.1003,Sulawesi Selatan,Kota Makassar,Tamalanrea,Tamalanrea Indah,2026-09-19T12:00:00,2026-09-21 19:00:00,2026-09-22 03:00:00,54-55,26,67,0,40,5.8,E,102,W,,,1,Cerah,Sunny,https://api-apps.bmkg.go.id/storage/icon/cuaca/cerah-pm.svg,2026-09-21T19:00:00Z
73,73.71,73.71.14,73.71.14.1003,73.71.14.1003,Sulawesi Selatan,Kota Makassar,Tamalanrea,Tamalanrea Indah,2026-09-19T12:00:00,2026-09-21 22:00:00,2026-09-22 06:00:00,57-58,27,68,0,2,0.8,E,102,W,,,0,Cerah,Sunny,https://api-apps.bmkg.go.id/storage/icon/cuaca/cerah-am.svg,2026-09-21T22:00:00Z
73,73.71,73.71.14,73.71.14.1004,73.71.14.1004,Sulawesi Selatan,Kota Makassar,Tamalanrea,Parang Loe,2026-09-19T12:00:00,2026-09-19 16:00:00,2026-09-20 00:00:00,3-4,27,62,0,3,7.1,N,29,S,,,0,Cerah,Sunny,https://api-apps.bmkg.go.id/storage/icon/cuaca/cerah-pm.svg,2026-09-19T16:00:00Z
73,73.71,73.71.14,73.71.14.1004,73.71.14.1004,Sulawesi Selatan,Kota Makassar,Tamalanrea,Parang Loe,2026-09-19T12:00:00,2026-09-19 19:00:00,2026-09-20 03:00:00,6-7,26,69,0,43,8.8,NE,84,SW,,,1,Cerah,Sunny,https://api-apps.bmkg.go.id/storage/icon/cuaca/cerah-pm.svg,2026-09-19T19:00:00Z
73,73.71,73.71.14,73.71.14.1004,73.71.14.1004,Sulawesi Selatan,Kota Makassar,Tamalanrea,Parang Loe,2026-09-19T12:00:00,2026-09-19 22:00:00,2026-09-20 06:00:00,9-10,27,65,0,5,5.5,E,119,W,,,0,Cerah,Sunny,https://api-apps.bmkg.go.id/storage/icon/cuaca/cerah-am.svg,2026-09-19T22:00:00Z
73,73.71,73.71.14,73.71.14.1004,73.71.14.1004,Sulawesi Selatan,Kota Makassar,Tamalanrea,Parang Loe,2026-09-19T12:00:00,2026-09-20 01:00:00,2026-09-20 09:00:00,12-13,31,52,0,21,9,W,284,E,,,1,Cerah,Sunny,https://api-apps.bmkg.go.id/storage/icon/cuaca/cerah-am.svg,2026-09-20T01:00:00Z
73,73.71,73.71.14,73.71.14.1004,73.71.14.1004,Sulawesi Selatan,Kota Makassar,Tamalanrea,Parang Loe,2026-09-19T12:00:00,2026-09-20 04:00:00,2026-09-20 12:00:00,15-16,30,59,0,23,14.3,W,271,E,,,1,Cerah,Sunny,https://api-apps.bmkg.go.id/storage/icon/cuaca/cerah-am.svg,2026-09-20T04:00:00Z
73,73.71,73.71.14,73.71.14.1004,73.71.14.1004,Sulawesi Selatan,Kota Makassar,Tamalanrea,Parang Loe,2026-09-19T12:00:00,2026-09-20 07:00:00,2026-09-20 15:00:00,18-19,30,65,0,29,13.1,SW,268,NE,,,1,Cerah,Sunny,https://api-apps.bmkg.go.id/storage/icon/cuaca/cerah-am.svg,2026-09-20T07:00:00Z
73,73.71,73.71.14,73.71.14.1004,73.71.14.1004,Sulawesi Selatan,Kota Makassar,Tamalanrea,Parang Loe,2026-09-19T12:00:00,2026-09-20 10:00:00,2026-09-20 18:00:00,21-22,28,78,0,10,2.1,NW,344,SE,,,0,Cerah,Sunny,https://api-apps.bmkg.go.id/storage/icon/cuaca/cerah-pm.svg,2026-09-20T10:00:00Z
73,73.71,73.71.14,73.71.14.1004,73.71.14.1004,Sulawesi Selatan,Kota Makassar,Tamalanrea,Parang Loe,2026-09-19T12:00:00,2026-09-20 13:00:00,2026-09-20 21:00:00,24-25,28,67,0,0,6.1,N,43,S,,,0,Cerah,Sunny,https://api-apps.bmkg.go.id/storage/icon/cuaca/cerah-pm.svg,2026-09-20T13:00:00Z
73,73.71,73.71.14,73.71.14.1004,73.71.14.1004,Sulawesi Selatan,Kota Makassar,Tamalanrea,Parang Loe,2026-09-19T12:00:00,2026-09-20 16:00:00,2026-09-21 00:00:00,27-28,27,66,0,1,4.3,N,38,S,,,0,Cerah,Sunny,https://api-apps.bmkg.go.id/storage/icon/cuaca/cerah-pm.svg,2026-09-20T16:00:00Z
73,73.71,73.71.14,73.71.14.1004,73.71.14.1004,Sulawesi Selatan,Kota Makassar,Tamalanrea,Parang Loe,2026-09-19T12:00:00,2026-09-20 19:00:00,2026-09-21 03:00:00,30-31,26,69,0,9,4.3,NE,76,SW,,,0,Cerah,Sunny,https://api-apps.bmkg.go.id/storage/icon/cuaca/cerah-pm.svg,2026-09-20T19:00:00Z
73,73.71,73.71.14,73.71.14.1004,73.71.14.1004,Sulawesi Selatan,Kota Makassar,Tamalanrea,Parang Loe,2026-09-19T12:00:00,2026-09-20 22:00:00,2026-09-21 06:00:00,33-34,27,67,0,57,4.6,SE,144,NW,,,1,Cerah,Sunny,https://api-apps.bmkg.go.id/storage/icon/cuaca/cerah-am.svg,2026-09-20T22:00:00Z
73,73.71,73.71.14,73.71.14.1004,73.71.14.1004,Sulawesi Selatan,Kota Makassar,Tamalanrea,Parang Loe,2026-09-19T12:00:00,2026-09-21 01:00:00,2026-09-21 09:00:00,36-37,30,58,0,44,11.5,SW,254,NE,,,1,Cerah,Sunny,https://api-apps.bmkg.go.id/storage/icon/cuaca/cerah-am.svg,2026-09-21T01:00:00Z
73,73.71,73.71.14,73.71.14.1004,73.71.14.1004,Sulawesi Selatan,Kota Makassar,Tamalanrea,Parang Loe,2026-09-19T12:00:00,2026-09-21 04:00:00,2026-09-21 12:00:00,39-40,30,64,0.1,26,17.9,SW,253,NE,,,1,Cerah,Sunny,https://api-apps.bmkg.go.id/storage/icon/cuaca/cerah-am.svg,2026-09-21T04:00:00Z
73,73.71,73.71.14,73.71.14.1004,73.71.14.1004,Sulawesi Selatan,Kota Makassar,Tamalanrea,Parang Loe,2026-09-19T12:00:00,2026-09-21 07:00:00,2026-09-21 15:00:00,42-43,31,67,0,34,9,W,306,E,,,1,Cerah,Sunny,https://api-apps.bmkg.go.id/storage/icon/cuaca/cerah-am.svg,2026-09-21T07:00:00Z
73,73.71,73.71.14,73.71.14.1004,73.71.14.1004,Sulawesi Selatan,Kota Makassar,Tamalanrea,Parang Loe,2026-09-19T12:00:00,2026-09-21 10:00:00,2026-09-21 18:00:00,45-46,30,70,0,26,9.3,N,33,S,,,1,Cerah,Sunny,https://api-apps.bmkg.go.id/storage/icon/cuaca/cerah-pm.svg,2026-09-21T10:00:00Z
73,73.71,73.71.14,73.71.14.1004,73.71.14.1004,Sulawesi Selatan,Kota Makassar,Tamalanrea,Parang Loe,2026-09-19T12:00:00,2026-09-21 13:00:00,2026-09-21 21:00:00,48-49,29,56,0,48,3.6,N,28,S,,,1,Cerah,Sunny,https://api-apps.bmkg.go.id/storage/icon/cuaca/cerah-pm.svg,2026-09-21T13:00:00Z
73,73.71,73.71.14,73.71.14.1004,73.71.14.1004,Sulawesi Selatan,Kota Makassar,Tamalanrea,Parang Loe,2026-09-19T12:00:00,2026-09-21 16:00:00,2026-09-22 00:00:00,51-52,27,64,0,49,6.2,N,18,S,,,1,Cerah,Sunny,https://api-apps.bmkg.go.id/storage/icon/cuaca/cerah-pm.svg,2026-09-21T16:00:00Z
73,73.71,73.71.14,73.71.14.1004,73.71.14.1004,Sulawesi Selatan,Kota Makassar,Tamalanrea,Parang Loe,2026-09-19T12:00:00,2026-09-21 19:00:00,2026-09-22 03:00:00,54-55,26,64,0,38,5.8,E,102,W,,,1,Cerah,Sunny,https://api-apps.bmkg.go.id/storage/icon/cuaca/cerah-pm.svg,2026-09-21T19:00:00Z
73,73.71,73.71.14,73.71.14.1004,73.71.14.1004,Sulawesi Selatan,Kota Makassar,Tamalanrea,Parang Loe,2026-09-19T12:00:00,2026-09-21 22:00:00,2026-09-22 06:00:00,57-58,27,68,0,3,0.8,E,102,W,,,0,Cerah,Sunny,https://api-apps.bmkg.go.id/storage/icon/cuaca/cerah-am.svg,2026-09-21T22:00:00Z
73,73.71,73.71.14,73.71.14.1005,73.71.14.1005,Sulawesi Selatan,Kota Makassar,Tamalanrea,Bira,2026-09-19T12:00:00,2026-09-19 16:00:00,2026-09-20 00:00:00,3-4,27,57,0,4,7.1,N,29,S,,,0,Cerah,Sunny,https://api-apps.bmkg.go.id/storage/icon/cuaca/cerah-pm.svg,2026-09-19T16:00:00Z
73,73.71,73.71.14,73.71.14.1005,73.71.14.1005,Sulawesi Selatan,Kota Makassar,Tamalanrea,Bira,2026-09-19T12:00:00,2026-09-19 19:00:00,2026-09-20 03:00:00,6-7,26,69,0,42,8.8,NE,84,SW,,,1,Cerah,Sunny,https://api-apps.bmkg.go.id/storage/icon/cuaca/cerah-pm.svg,2026-09-19T19:00:00Z
73,73.71,73.71.14,73.71.14.1005,73.71.14.1005,Sulawesi Selatan,Kota Makassar,Tamalanrea,Bira,2026-09-19T12:00:00,2026-09-19 22:00:00,2026-09-20 06:00:00,9-10,27,64,0,5,5.5,E,119,W,,,0,Cerah,Sunny,https://api-apps.bmkg.go.id/storage/icon/cuaca/cerah-am.svg,2026-09-19T22:00:00Z
73,73.71,73.71.14,73.71.14.1005,73.71.14.1005,Sulawesi Selatan,Kota Makassar,Tamalanrea,Bira,2026-09-19T12:00:00,2026-09-20 01:00:00,2026-09-20 09:00:00,12-13,32,49,0,23,9,W,284,E,,,1,Cerah,Sunny,https://api-apps.bmkg.go.id/storage/icon/cuaca/cerah-am.svg,2026-09-20T01:00:00Z
73,73.71,73.71.14,73.71.14.1005,73.71.14.1005,Sulawesi Selatan,Kota Makassar,Tamalanrea,Bira,2026-09-19T12:00:00,2026-09-20 04:00:00,2026-09-20 12:00:00,15-16,30,58,0,25,14.3,W,271,E,,,1,Cerah,Sunny,https://api-apps.bmkg.go.id/storage/icon/cuaca/cerah-am.svg,2026-09-20T04:00:00Z
73,73.71,73.71.14,73.71.14.1005,73.71.14.1005,Sulawesi Selatan,Kota Makassar,Tamalanrea,Bira,2026-09-19T12:00:00,2026-09-20 07:00:00,2026-09-20 15:00:00,18-19,30,64,0,33,13.1,SW,268,NE,,,1,Cerah,Sunny,https://api-apps.bmkg.go.id/storage/icon/cuaca/cerah-am.svg,2026-09-20T07:00:00Z
73,73.71,73.71.14,73.71.14.1005,73.71.14.1005,Sulawesi Selatan,Kota Makassar,Tamalanrea,Bira,2026-09-19T12:00:00,2026-09-20 10:00:00,2026-09-20 18:00:00,21-22,28,77,0,11,2.1,NW,344,SE,,,1,Cerah,Sunny,https://api-apps.bmkg.go.id/storage/icon/cuaca/cerah-pm.svg,2026-09-20T10:00:00Z
73,73.71,73.71.14,73.71.14.1005,73.71.14.1005,Sulawesi Selatan,Kota Makassar,Tamalanrea,Bira,2026-09-19T12:00:00,2026-09-20 13:00:00,2026-09-20 21:00:00,24-25,28,66,0,0,6.1,N,43,S,,,0,Cerah,Sunny,https://api-apps.bmkg.go.id/storage/icon/cuaca/cerah-pm.svg,2026-09-20T13:00:00Z
73,73.71,73.71.14,73.71.14.1005,73.71.14.1005,Sulawesi Selatan,Kota Makassar,Tamalanrea,Bira,2026-09-19T12:00:00,2026-09-20 16:00:00,2026-09-21 00:00:00,27-28,27,66,0,1,4.3,N,38,S,,,0,Cerah,Sunny,https://api-apps.bmkg.go.id/storage/icon/cuaca/cerah-pm.svg,2026-09-20T16:00:00Z
73,73.71,73.71.14,73.71.14.1005,73.71.14.1005,Sulawesi Selatan,Kota Makassar,Tamalanrea,Bira,2026-09-19T12:00:00,2026-09-20 19:00:00,2026-09-21 03:00:00,30-31,26,70,0,11,4.3,NE,76,SW,,,1,Cerah,Sunny,https://api-apps.bmkg.go.id/storage/icon/cuaca/cerah-pm.svg,2026-09-20T19:00:00Z
73,73.71,73.71.14,73.71.14.1005,73.71.14.1005,Sulawesi Selatan,Kota Makassar,Tamalanrea,Bira,2026-09-19T12:00:00,2026-09-20 22:00:00,2026-09-21 06:00:00,33-34,27,67,0,55,4.6,SE,144,NW,,,1,Cerah,Sunny,https://api-apps.bmkg.go.id/storage/icon/cuaca/cerah-am.svg,2026-09-20T22:00:00Z
73,73.71,73.71.14,73.71.14.1005,73.71.14.1005,Sulawesi Selatan,Kota Makassar,Tamalanrea,Bira,2026-09-19T12:00:00,2026-09-21 01:00:00,2026-09-21 09:00:00,36-37,31,54,0,47,11.5,SW,254,NE,,,1,Cerah,Sunny,https://api-apps.bmkg.go.id/storage/icon/cuaca/cerah-am.svg,2026-09-21T01:00:00Z
73,73.71,73.71.14,73.71.14.1005,73.71.14.1005,Sulawesi Selatan,Kota Makassar,Tamalanrea,Bira,2026-09-19T12:00:00,2026-09-21 04:00:00,2026-09-21 12:00:00,39-40,31,62,0.1,29,17.9,SW,253,NE,,,1,Cerah,Sunny,https://api-apps.bmkg.go.id/storage/icon/cuaca/cerah-am.svg,2026-09-21T04:00:00Z
73,73.71,73.71.14,73.71.14.1005,73.71.14.1005,Sulawesi Selatan,Kota Makassar,Tamalanrea,Bira,2026-09-19T12:00:00,2026-09-21 07:00:00,2026-09-21 15:00:00,42-43,31,65,0,36,9,W,306,E,,,1,Cerah,Sunny,https://api-apps.bmkg.go.id/storage/icon/cuaca/cerah-am.svg,2026-09-21T07:00:00Z
73,73.71,73.71.14,73.71.14.1005,73.71.14.1005,Sulawesi Selatan,Kota Makassar,Tamalanrea,Bira,2026-09-19T12:00:00,2026-09-21 10:00:00,2026-09-21 18:00:00,45-46,30,68,0,26,9.3,N,33,S,,,1,Cerah,Sunny,https://api-apps.bmkg.go.id/storage/icon/cuaca/cerah-pm.svg,2026-09-21T10:00:00Z
73,73.71,73.71.14,73.71.14.1005,73.71.14.1005,Sulawesi Selatan,Kota Makassar,Tamalanrea,Bira,2026-09-19T12:00:00,2026-09-21 13:00:00,2026-09-21 21:00:00,48-49,28,56,0,55,3.6,N,28,S,,,1,Cerah,Sunny,https://api-apps.bmkg.go.id/storage/icon/cuaca/cerah-pm.svg,2026-09-21T13:00:00Z
73,73.71,73.71.14,73.71.14.1005,73.71.14.1005,Sulawesi Selatan,Kota Makassar,Tamalanrea,Bira,2026-09-19T12:00:00,2026-09-21 16:00:00,2026-09-22 00:00:00,51-52,27,61,0,52,6.2,N,18,S,,,1,Cerah,Sunny,https://api-apps.bmkg.go.id/storage/icon/cuaca/cerah-pm.svg,2026-09-21T16:00:00Z
73,73.71,73.71.14,73.71.14.1005,73.71.14.1005,Sulawesi Selatan,Kota Makassar,Tamalanrea,Bira,2026-09-19T12:00:00,2026-09-21 19:00:00,2026-09-22 03:00:00,54-55,26,66,0,37,5.8,E,102,W,,,1,Cerah,Sunny,https://api-apps.bmkg.go.id/storage/icon/cuaca/cerah-pm.svg,2026-09-21T19:00:00Z
73,73.71,73.71.14,73.71.14.1005,73.71.14.1005,Sulawesi Selatan,Kota Makassar,Tamalanrea,Bira,2026-09-19T12:00:00,2026-09-21 22:00:00,2026-09-22 06:00:00,57-58,27,68,0,2,0.8,E,102,W,,,0,Cerah,Sunny,https://api-apps.bmkg.go.id/storage/icon/cuaca/cerah-am.svg,2026-09-21T22:00:00Z
73,73.71,73.71.14,73.71.14.1006,73.71.14.1006,Sulawesi Selatan,Kota Makassar,Tamalanrea,Tamalanrea Jaya,2026-09-19T12:00:00,2026-09-19 16:00:00,2026-09-20 00:00:00,3-4,27,54,0,3,7.9,NW,342,SE,,,0,Cerah,Sunny,https://api-apps.bmkg.go.id/storage/icon/cuaca/cerah-pm.svg,2026-09-19T16:00:00Z
73,73.71,73.71.14,73.71.14.1006,73.71.14.1006,Sulawesi Selatan,Kota Makassar,Tamalanrea,Tamalanrea Jaya,2026-09-19T12:00:00,2026-09-19 19:00:00,2026-09-20 03:00:00,6-7,26,68,0,40,4,SE,156,NW,,,1,Cerah,Sunny,https://api-apps.bmkg.go.id/storage/icon/cuaca/cerah-pm.svg,2026-09-19T19:00:00Z
73,73.71,73.71.14,73.71.14.1006,73.71.14.1006,Sulawesi Selatan,Kota Makassar,Tamalanrea,Tamalanrea Jaya,2026-09-19T12:00:00,2026-09-19 22:00:00,2026-09-20 06:00:00,9-10,26,65,0,4,2.9,SW,258,NE,,,0,Cerah,Sunny,https://api-apps.bmkg.go.id/storage/icon/cuaca/cerah-am.svg,2026-09-19T22:00:00Z
73,73.71,73.71.14,73.71.14.1006,73.71.14.1006,Sulawesi Selatan,Kota Makassar,Tamalanrea,Tamalanrea Jaya,2026-09-19T12:00:00,2026-09-20 01:00:00,2026-09-20 09:00:00,12-13,33,42,0,28,10.6,SW,242,NE,,,1,Cerah,Sunny,https://api-apps.bmkg.go.id/storage/icon/cuaca/cerah-am.svg,2026-09-20T01:00:00Z
73,73.71,73.71.14,73.71.14.1006,73.71.14.1006,Sulawesi Selatan,Kota Makassar,Tamalanrea,Tamalanrea Jaya,2026-09-19T12:00:00,2026-09-20 04:00:00,2026-09-20 12:00:00,15-16,33,48,0,33,13.7,SW,259,NE,,,1,Cerah,Sunny,https://api-apps.bmkg.go.id/storage/icon/cuaca/cerah-am.svg,2026-09-20T04:00:00Z
73,73.71,73.71.14,73.71.14.1006,73.71.14.1006,Sulawesi Selatan,Kota Makassar,Tamalanrea,Tamalanrea Jaya,2026-09-19T12:00:00,2026-09-20 07:00:00,2026-09-20 15:00:00,18-19,31,55,0,43,8.5,W,286,E,,,1,Cerah,Sunny,https://api-apps.bmkg.go.id/storage/icon/cuaca/cerah-am.svg,2026-09-20T07:00:00Z
73,73.71,73.71.14,73.71.14.1006,73.71.14.1006,Sulawesi Selatan,Kota Makassar,Tamalanrea,Tamalanrea Jaya,2026-09-19T12:00:00,2026-09-20 10:00:00,2026-09-20 18:00:00,21-22,28,70,0,16,4.6,NE,62,SW,,,1,Cerah,Sunny,https://api-apps.bmkg.go.id/storage/icon/cuaca/cerah-pm.svg,2026-09-20T10:00:00Z
73,73.71,73.71.14,73.71.14.1006,73.71.14.1006,Sulawesi Selatan,Kota Makassar,Tamalanrea,Tamalanrea Jaya,2026-09-19T12:00:00,2026-09-20 13:00:00,2026-09-20 21:00:00,24-25,28,67,0,0,2.9,SW,257,NE,,,0,Cerah,Sunny,https://api-apps.bmkg.go.id/storage/icon/cuaca/cerah-pm.svg,2026-09-20T13:00:00Z
73,73.71,73.71.14,73.71.14.1006,73.71.14.1006,Sulawesi Selatan,Kota Makassar,Tamalanrea,Tamalanrea Jaya,2026-09-19T12:00:00,2026-09-20 16:00:00,2026-09-21 00:00:00,27-28,26,70,0,0,3.4,N,8,S,,,0,Cerah,Sunny,https://api-apps.bmkg.go.id/storage/icon/cuaca/cerah-pm.svg,2026-09-20T16:00:00Z
73,73.71,73.71.14,73.71.14.1006,73.71.14.1006,Sulawesi Selatan,Kota Makassar,Tamalanrea,Tamalanrea Jaya,2026-09-19T12:00:00,2026-09-20 19:00:00,2026-09-21 03:00:00,30-31,25,72,0,9,1.2,E,122,W,,,0,Cerah,Sunny,https://api-apps.bmkg.go.id/storage/icon/cuaca/cerah-pm.svg,2026-09-20T19:00:00Z
73,73.71,73.71.14,73.71.14.1006,73.71.14.1006,Sulawesi Selatan,Kota Makassar,Tamalanrea,Tamalanrea Jaya,2026-09-19T12:00:00,2026-09-20 22:00:00,2026-09-21 06:00:00,33-34,27,68,0,38,4.7,S,216,N,,,1,Cerah,Sunny,https://api-apps.bmkg.go.id/storage/icon/cuaca/cerah-am.svg,2026-09-20T22:00:00Z
73,73.71,73.71.14,73.71.14.1006,73.71.14.1006,Sulawesi Selatan,Kota Makassar,Tamalanrea,Tamalanrea Jaya,2026-09-19T12:00:00,2026-09-21 01:00:00,2026-09-21 09:00:00,36-37,32,48,0,22,9.2,SW,235,NE,,,1,Cerah,Sunny,https://api-apps.bmkg.go.id/storage/icon/cuaca/cerah-am.svg,2026-09-21T01:00:00Z
73,73.71,73.71.14,73.71.14.1006,73.71.14.1006,Sulawesi Selatan,Kota Makassar,Tamalanrea,Tamalanrea Jaya,2026-09-19T12:00:00,2026-09-21 04:00:00,2026-09-21 12:00:00,39-40,33,50,0.1,36,15.9,SW,270,NE,,,1,Cerah,Sunny,https://api-apps.bmkg.go.id/storage/icon/cuaca/cerah-am.svg,2026-09-21T04:00:00Z
73,73.71,73.71.14,73.71.14.1006,73.71.14.1006,Sulawesi Selatan,Kota Makassar,Tamalanrea,Tamalanrea Jaya,2026-09-19T12:00:00,2026-09-21 07:00:00,2026-09-21 15:00:00,42-43,33,49,0,49,10.9,NW,324,SE,,,1,Cerah,Sunny,https://api-apps.bmkg.go.id/storage/icon/cuaca/cerah-am.svg,2026-09-21T07:00:00Z
73,73.71,73.71.14,73.71.14.1006,73.71.14.1006,Sulawesi Selatan,Kota Makassar,Tamalanrea,Tamalanrea Jaya,2026-09-19T12:00:00,2026-09-21 10:00:00,2026-09-21 18:00:00,45-46,30,60,0,32,4.3,NW,323,SE,,,1,Cerah,Sunny,https://api-apps.bmkg.go.id/storage/icon/cuaca/cerah-pm.svg,2026-09-21T10:00:00Z
73,73.71,73.71.14,73.71.14.1006,73.71.14.1006,Sulawesi Selatan,Kota Makassar,Tamalanrea,Tamalanrea Jaya,2026-09-19T12:00:00,2026-09-21 13:00:00,2026-09-21 21:00:00,48-49,28,57,0,46,5,NW,329,SE,,,1,Cerah,Sunny,https://api-apps.bmkg.go.id/storage/icon/cuaca/cerah-pm.svg,2026-09-21T13:00:00Z
73,73.71,73.71.14,73.71.14.1006,73.71.14.1006,Sulawesi Selatan,Kota Makassar,Tamalanrea,Tamalanrea Jaya,2026-09-19T12:00:00,2026-09-21 16:00:00,2026-09-22 00:00:00,51-52,27,61,0,44,4,NW,316,SE,,,1,Cerah,Sunny,https://api-apps.bmkg.go.id/storage/icon/cuaca/cerah-pm.svg,2026-09-21T16:00:00Z
73,73.71,73.71.14,73.71.14.1006,73.71.14.1006,Sulawesi Selatan,Kota Makassar,Tamalanrea,Tamalanrea Jaya,2026-09-19T12:00:00,2026-09-21 19:00:00,2026-09-22 03:00:00,54-55,25,70,0,42,3.8,S,184,N,,,1,Cerah,Sunny,https://api-apps.bmkg.go.id/storage/icon/cuaca/cerah-pm.svg,2026-09-21T19:00:00Z
73,73.71,73.71.14,73.71.14.1006,73.71.14.1006,Sulawesi Selatan,Kota Makassar,Tamalanrea,Tamalanrea Jaya,2026-09-19T12:00:00,2026-09-21 22:00:00,2026-09-22 06:00:00,57-58,27,68,0,1,3.4,W,297,E,,,0,Cerah,Sunny,https://api-apps.bmkg.go.id/storage/icon/cuaca/cerah-am.svg,2026-09-21T22:00:00Z
73,73.71,73.71.14,73.71.14.1007,73.71.14.1007,Sulawesi Selatan,Kota Makassar,Tamalanrea,Buntusu,2026-09-19T12:00:00,2026-09-19 16:00:00,2026-09-20 00:00:00,3-4,27,54,0,3,7.9,NW,342,SE,,,0,Cerah,Sunny,https://api-apps.bmkg.go.id/storage/icon/cuaca/cerah-pm.svg,2026-09-19T16:00:00Z
73,73.71,73.71.14,73.71.14.1007,73.71.14.1007,Sulawesi Selatan,Kota Makassar,Tamalanrea,Buntusu,2026-09-19T12:00:00,2026-09-19 19:00:00,2026-09-20 03:00:00,6-7,26,68,0,40,4,SE,156,NW,,,1,Cerah,Sunny,https://api-apps.bmkg.go.id/storage/icon/cuaca/cerah-pm.svg,2026-09-19T19:00:00Z
73,73.71,73.71.14,73.71.14.1007,73.71.14.1007,Sulawesi Selatan,Kota Makassar,Tamalanrea,Buntusu,2026-09-19T12:00:00,2026-09-19 22:00:00,2026-09-20 06:00:00,9-10,26,65,0,4,2.9,SW,258,NE,,,0,Cerah,Sunny,https://api-apps.bmkg.go.id/storage/icon/cuaca/cerah-am.svg,2026-09-19T22:00:00Z
73,73.71,73.71.14,73.71.14.1007,73.71.14.1007,Sulawesi Selatan,Kota Makassar,Tamalanrea,Buntusu,2026-09-19T12:00:00,2026-09-20 01:00:00,2026-09-20 09:00:00,12-13,33,42,0,28,10.6,SW,242,NE,,,1,Cerah,Sunny,https://api-apps.bmkg.go.id/storage/icon/cuaca/cerah-am.svg,2026-09-20T01:00:00Z
73,73.71,73.71.14,73.71.14.1007,73.71.14.1007,Sulawesi Selatan,Kota Makassar,Tamalanrea,Buntusu,2026-09-19T12:00:00,2026-09-20 04:00:00,2026-09-20 12:00:00,15-16,33,48,0,33,13.7,SW,259,NE,,,1,Cerah,Sunny,https://api-apps.bmkg.go.id/storage/icon/cuaca/cerah-am.svg,2026-09-20T04:00:00Z
73,73.71,73.71.14,73.71.14.1007,73.71.14.1007,Sulawesi Selatan,Kota Makassar,Tamalanrea,Buntusu,2026-09-19T12:00:00,2026-09-20 07:00:00,2026-09-20 15:00:00,18-19,31,55,0,43,8.5,W,286,E,,,1,Cerah,Sunny,https://api-apps.bmkg.go.id/storage/icon/cuaca/cerah-am.svg,2026-09-20T07:00:00Z
73,73.71,73.71.14,73.71.14.1007,73.71.14.1007,Sulawesi Selatan,Kota Makassar,Tamalanrea,Buntusu,2026-09-19T12:00:00,2026-09-20 10:00:00,2026-09-20 18:00:00,21-22,28,70,0,16,4.6,NE,62,SW,,,1,Cerah,Sunny,https://api-apps.bmkg.go.id/storage/icon/cuaca/cerah-pm.svg,2026-09-20T10:00:00Z
73,73.71,73.71.14,73.71.14.1007,73.71.14.1007,Sulawesi Selatan,Kota Makassar,Tamalanrea,Buntusu,2026-09-19T12:00:00,2026-09-20 13:00:00,2026-09-20 21:00:00,24-25,28,67,0,0,2.9,SW,257,NE,,,0,Cerah,Sunny,https://api-apps.bmkg.go.id/storage/icon/cuaca/cerah-pm.svg,2026-09-20T13:00:00Z
73,73.71,73.71.14,73.71.14.1007,73.71.14.1007,Sulawesi Selatan,Kota Makassar,Tamalanrea,Buntusu,2026-09-19T12:00:00,2026-09-20 16:00:00,2026-09-21 00:00:00,27-28,26,70,0,0,3.4,N,8,S,,,0,Cerah,Sunny,https://api-apps.bmkg.go.id/storage/icon/cuaca/cerah-pm.svg,2026-09-20T16:00:00Z
73,73.71,73.71.14,73.71.14.1007,73.71.14.1007,Sulawesi Selatan,Kota Makassar,Tamalanrea,Buntusu,2026-09-19T12:00:00,2026-09-20 19:00:00,2026-09-21 03:00:00,30-31,25,72,0,9,1.2,E,122,W,,,0,Cerah,Sunny,https://api-apps.bmkg.go.id/storage/icon/cuaca/cerah-pm.svg,2026-09-20T19:00:00Z
73,73.71,73.71.14,73.71.14.1007,73.71.14.1007,Sulawesi Selatan,Kota Makassar,Tamalanrea,Buntusu,2026-09-19T12:00:00,2026-09-20 22:00:00,2026-09-21 06:00:00,33-34,27,68,0,38,4.7,S,216,N,,,1,Cerah,Sunny,https://api-apps.bmkg.go.id/storage/icon/cuaca/cerah-am.svg,2026-09-20T22:00:00Z
73,73.71,73.71.14,73.71.14.1007,73.71.14.1007,Sulawesi Selatan,Kota Makassar,Tamalanrea,Buntusu,2026-09-19T12:00:00,2026-09-21 01:00:00,2026-09-21 09:00:00,36-37,32,48,0,22,9.2,SW,235,NE,,,1,Cerah,Sunny,https://api-apps.bmkg.go.id/storage/icon/cuaca/cerah-am.svg,2026-09-21T01:00:00Z
73,73.71,73.71.14,73.71.14.1007,73.71.14.1007,Sulawesi Selatan,Kota Makassar,Tamalanrea,Buntusu,2026-09-19T12:00:00,2026-09-21 04:00:00,2026-09-21 12:00:00,39-40,33,50,0.1,36,15.9,SW,270,NE,,,1,Cerah,Sunny,https://api-apps.bmkg.go.id/storage/icon/cuaca/cerah-am.svg,2026-09-21T04:00:00Z
73,73.71,73.71.14,73.71.14.1007,73.71.14.1007,Sulawesi Selatan,Kota Makassar,Tamalanrea,Buntusu,2026-09-19T12:00:00,2026-09-21 07:00:00,2026-09-21 15:00:00,42-43,33,49,0,49,10.9,NW,324,SE,,,1,Cerah,Sunny,https://api-apps.bmkg.go.id/storage/icon/cuaca/cerah-am.svg,2026-09-21T07:00:00Z
73,73.71,73.71.14,73.71.14.1007,73.71.14.1007,Sulawesi Selatan,Kota Makassar,Tamalanrea,Buntusu,2026-09-19T12:00:00,2026-09-21 10:00:00,2026-09-21 18:00:00,45-46,30,60,0,32,4.3,NW,323,SE,,,1,Cerah,Sunny,https://api-apps.bmkg.go.id/storage/icon/cuaca/cerah-pm.svg,2026-09-21T10:00:00Z
73,73.71,73.71.14,73.71.14.1007,73.71.14.1007,Sulawesi Selatan,Kota Makassar,Tamalanrea,Buntusu,2026-09-19T12:00:00,2026-09-21 13:00:00,2026-09-21 21:00:00,48-49,28,57,0,46,5,NW,329,SE,,,1,Cerah,Sunny,https://api-apps.bmkg.go.id/storage/icon/cuaca/cerah-pm.svg,2026-09-21T13:00:00Z
73,73.71,73.71.14,73.71.14.1007,73.71.14.1007,Sulawesi Selatan,Kota Makassar,Tamalanrea,Buntusu,2026-09-19T12:00:00,2026-09-21 16:00:00,2026-09-22 00:00:00,51-52,27,61,0,44,4,NW,316,SE,,,1,Cerah,Sunny,https://api-apps.bmkg.go.id/storage/icon/cuaca/cerah-pm.svg,2026-09-21T16:00:00Z
73,73.71,73.71.14,73.71.14.1007,73.71.14.1007,Sulawesi Selatan,Kota Makassar,Tamalanrea,Buntusu,2026-09-19T12:00:00,2026-09-21 19:00:00,2026-09-22 03:00:00,54-55,25,70,0,42,3.8,S,184,N,,,1,Cerah,Sunny,https://api-apps.bmkg.go.id/storage/icon/cuaca/cerah-pm.svg,2026-09-21T19:00:00Z
73,73.71,73.71.14,73.71.14.1007,73.71.14.1007,Sulawesi Selatan,Kota Makassar,Tamalanrea,Buntusu,2026-09-19T12:00:00,2026-09-21 22:00:00,2026-09-22 06:00:00,57-58,27,68,0,1,3.4,W,297,E,,,0,Cerah,Sunny,https://api-apps.bmkg.go.id/storage/icon/cuaca/cerah-am.svg,2026-09-21T22:00:00Z
73,73.71,73.71.14,73.71.14.1008,73.71.14.1008,Sulawesi Selatan,Kota Makassar,Tamalanrea,Kapasa Raya,2026-09-19T12:00:00,2026-09-19 16:00:00,2026-09-20 00:00:00,3-4,27,57,0,3,7.1,N,29,S,,,0,Cerah,Sunny,https://api-apps.bmkg.go.id/storage/icon/cuaca/cerah-pm.svg,2026-09-19T16:00:00Z
73,73.71,73.71.14,73.71.14.1008,73.71.14.1008,Sulawesi Selatan,Kota Makassar,Tamalanrea,Kapasa Raya,2026-09-19T12:00:00,2026-09-19 19:00:00,2026-09-20 03:00:00,6-7,26,69,0,45,8.8,NE,84,SW,,,1,Cerah,Sunny,https://api-apps.bmkg.go.id/storage/icon/cuaca/cerah-pm.svg,2026-09-19T19:00:00Z
73,73.71,73.71.14,73.71.14.1008,73.71.14.1008,Sulawesi Selatan,Kota Makassar,Tamalanrea,Kapasa Raya,2026-09-19T12:00:00,2026-09-19 22:00:00,2026-09-20 06:00:00,9-10,27,64,0,5,5.5,E,119,W,,,0,Cerah,Sunny,https://api-apps.bmkg.go.id/storage/icon/cuaca/cerah-am.svg,2026-09-19T22:00:00Z
73,73.71,73.71.14,73.71.14.1008,73.71.14.1008,Sulawesi Selatan,Kota Makassar,Tamalanrea,Kapasa Raya,2026-09-19T12:00:00,2026-09-20 01:00:00,2026-09-20 09:00:00,12-13,32,47,0,24,9,W,284,E,,,1,Cerah,Sunny,https://api-apps.bmkg.go.id/storage/icon/cuaca/cerah-am.svg,2026-09-20T01:00:00Z
73,73.71,73.71.14,73.71.14.1008,73.71.14.1008,Sulawesi Selatan,Kota Makassar,Tamalanrea,Kapasa Raya,2026-09-19T12:00:00,2026-09-20 04:00:00,2026-09-20 12:00:00,15-16,31,54,0,27,14.3,W,271,E,,,1,Cerah,Sunny,https://api-apps.bmkg.go.id/storage/icon/cuaca/cerah-am.svg,2026-09-20T04:00:00Z
73,73.71,73.71.14,73.71.14.1008,73.71.14.1008,Sulawesi Selatan,Kota Makassar,Tamalanrea,Kapasa Raya,2026-09-19T12:00:00,2026-09-20 07:00:00,2026-09-20 15:00:00,18-19,30,61,0,34,13.1,SW,268,NE,,,1,Cerah,Sunny,https://api-apps.bmkg.go.id/storage/icon/cuaca/cerah-am.svg,2026-09-20T07:00:00Z
73,73.71,73.71.14,73.71.14.1008,73.71.14.1008,Sulawesi Selatan,Kota Makassar,Tamalanrea,Kapasa Raya,2026-09-19T12:00:00,2026-09-20 10:00:00,2026-09-20 18:00:00,21-22,28,76,0,12,2.1,NW,344,SE,,,1,Cerah,Sunny,https://api-apps.bmkg.go.id/storage/icon/cuaca/cerah-pm.svg,2026-09-20T10:00:00Z
73,73.71,73.71.14,73.71.14.1008,73.71.14.1008,Sulawesi Selatan,Kota Makassar,Tamalanrea,Kapasa Raya,2026-09-19T12:00:00,2026-09-20 13:00:00,2026-09-20 21:00:00,24-25,28,66,0,0,6.1,N,43,S,,,0,Cerah,Sunny,https://api-apps.bmkg.go.id/storage/icon/cuaca/cerah-pm.svg,2026-09-20T13:00:00Z
73,73.71,73.71.14,73.71.14.1008,73.71.14.1008,Sulawesi Selatan,Kota Makassar,Tamalanrea,Kapasa Raya,2026-09-19T12:00:00,2026-09-20 16:00:00,2026-09-21 00:00:00,27-28,26,66,0,1,4.3,N,38,S,,,0,Cerah,Sunny,https://api-apps.bmkg.go.id/storage/icon/cuaca/cerah-pm.svg,2026-09-20T16:00:00Z
73,73.71,73.71.14,73.71.14.1008,73.71.14.1008,Sulawesi Selatan,Kota Makassar,Tamalanrea,Kapasa Raya,2026-09-19T12:00:00,2026-09-20 19:00:00,2026-09-21 03:00:00,30-31,26,69,0,10,4.3,NE,76,SW,,,0,Cerah,Sunny,https://api-apps.bmkg.go.id/storage/icon/cuaca/cerah-pm.svg,2026-09-20T19:00:00Z
73,73.71,73.71.14,73.71.14.1008,73.71.14.1008,Sulawesi Selatan,Kota Makassar,Tamalanrea,Kapasa Raya,2026-09-19T12:00:00,2026-09-20 22:00:00,2026-09-21 06:00:00,33-34,27,66,0,51,4.6,SE,144,NW,,,1,Cerah,Sunny,https://api-apps.bmkg.go.id/storage/icon/cuaca/cerah-am.svg,2026-09-20T22:00:00Z
73,73.71,73.71.14,73.71.14.1008,73.71.14.1008,Sulawesi Selatan,Kota Makassar,Tamalanrea,Kapasa Raya,2026-09-19T12:00:00,2026-09-21 01:00:00,2026-09-21 09:00:00,36-37,32,53,0,41,11.5,SW,254,NE,,,1,Cerah,Sunny,https://api-apps.bmkg.go.id/storage/icon/cuaca/cerah-am.svg,2026-09-21T01:00:00Z
73,73.71,73.71.14,73.71.14.1008,73.71.14.1008,Sulawesi Selatan,Kota Makassar,Tamalanrea,Kapasa Raya,2026-09-19T12:00:00,2026-09-21 04:00:00,2026-09-21 12:00:00,39-40,32,58,0.1,31,17.9,SW,253,NE,,,1,Cerah,Sunny,https://api-apps.bmkg.go.id/storage/icon/cuaca/cerah-am.svg,2026-09-21T04:00:00Z
73,73.71,73.71.14,73.71.14.1008,73.71.14.1008,Sulawesi Selatan,Kota Makassar,Tamalanrea,Kapasa Raya,2026-09-19T12:00:00,2026-09-21 07:00:00,2026-09-21 15:00:00,42-43,31,60,0,39,9,W,306,E,,,1,Cerah,Sunny,https://api-apps.bmkg.go.id/storage/icon/cuaca/cerah-am.svg,2026-09-21T07:00:00Z
73,73.71,73.71.14,73.71.14.1008,73.71.14.1008,Sulawesi Selatan,Kota Makassar,Tamalanrea,Kapasa Raya,2026-09-19T12:00:00,2026-09-21 10:00:00,2026-09-21 18:00:00,45-46,30,66,0,28,9.3,N,33,S,,,1,Cerah,Sunny,https://api-apps.bmkg.go.id/storage/icon/cuaca/cerah-pm.svg,2026-09-21T10:00:00Z
73,73.71,73.71.14,73.71.14.1008,73.71.14.1008,Sulawesi Selatan,Kota Makassar,Tamalanrea,Kapasa Raya,2026-09-19T12:00:00,2026-09-21 13:00:00,2026-09-21 21:00:00,48-49,28,54,0,51,3.6,N,28,S,,,1,Cerah,Sunny,https://api-apps.bmkg.go.id/storage/icon/cuaca/cerah-pm.svg,2026-09-21T13:00:00Z
73,73.71,73.71.14,73.71.14.1008,73.71.14.1008,Sulawesi Selatan,Kota Makassar,Tamalanrea,Kapasa Raya,2026-09-19T12:00:00,2026-09-21 16:00:00,2026-09-22 00:00:00,51-52,27,61,0,48,6.2,N,18,S,,,1,Cerah,Sunny,https://api-apps.bmkg.go.id/storage/icon/cuaca/cerah-pm.svg,2026-09-21T16:00:00Z
73,73.71,73.71.14,73.71.14.1008,73.71.14.1008,Sulawesi Selatan,Kota Makassar,Tamalanrea,Kapasa Raya,2026-09-19T12:00:00,2026-09-21 19:00:00,2026-09-22 03:00:00,54-55,26,65,0,39,5.8,E,102,W,,,1,Cerah,Sunny,https://api-apps.bmkg.go.id/storage/icon/cuaca/cerah-pm.svg,2026-09-21T19:00:00Z
73,73.71,73.71.14,73.71.14.1008,73.71.14.1008,Sulawesi Selatan,Kota Makassar,Tamalanrea,Kapasa Raya,2026-09-19T12:00:00,2026-09-21 22:00:00,2026-09-22 06:00:00,57-58,27,67,0,2,0.8,E,102,W,,,0,Cerah,Sunny,https://api-apps.bmkg.go.id/storage/icon/cuaca/cerah-am.svg,2026-09-21T22:00:00Z
73,73.71,73.71.15,73.71.15.1001,73.71.15.1001,Sulawesi Selatan,Kota Makassar,Kepulauan Sangkarrang,Barrang Caddi,2026-09-19T12:00:00,2026-09-19 16:00:00,2026-09-20 00:00:00,3-4,28,69,0,13,9.1,NE,71,SW,,,1,Cerah,Sunny,https://api-apps.bmkg.go.id/storage/icon/cuaca/cerah-pm.svg,2026-09-19T16:00:00Z
73,73.71,73.71.15,73.71.15.1001,73.71.15.1001,Sulawesi Selatan,Kota Makassar,Kepulauan Sangkarrang,Barrang Caddi,2026-09-19T12:00:00,2026-09-19 19:00:00,2026-09-20 03:00:00,6-7,28,68,0,14,18.3,NE,50,SW,,,1,Cerah,Sunny,https://api-apps.bmkg.go.id/storage/icon/cuaca/cerah-pm.svg,2026-09-19T19:00:00Z
73,73.71,73.71.15,73.71.15.1001,73.71.15.1001,Sulawesi Selatan,Kota Makassar,Kepulauan Sangkarrang,Barrang Caddi,2026-09-19T12:00:00,2026-09-19 22:00:00,2026-09-20 06:00:00,9-10,28,69,0,17,18.5,NE,74,SW,,,1,Cerah,Sunny,https://api-apps.bmkg.go.id/storage/icon/cuaca/cerah-am.svg,2026-09-19T22:00:00Z
73,73.71,73.71.15,73.71.15.1001,73.71.15.1001,Sulawesi Selatan,Kota Makassar,Kepulauan Sangkarrang,Barrang Caddi,2026-09-19T12:00:00,2026-09-20 01:00:00,2026-09-20 09:00:00,12-13,28,68,0,4,6.1,NW,353,SE,,,0,Cerah,Sunny,https://api-apps.bmkg.go.id/storage/icon/cuaca/cerah-am.svg,2026-09-20T01:00:00Z
73,73.71,73.71.15,73.71.15.1001,73.71.15.1001,Sulawesi Selatan,Kota Makassar,Kepulauan Sangkarrang,Barrang Caddi,2026-09-19T12:00:00,2026-09-20 04:00:00,2026-09-20 12:00:00,15-16,27,73,0,7,17.3,SW,245,NE,,,0,Cerah,Sunny,https://api-apps.bmkg.go.id/storage/icon/cuaca/cerah-am.svg,2026-09-20T04:00:00Z
73,73.71,73.71.15,73.71.15.1001,73.71.15.1001,Sulawesi Selatan,Kota Makassar,Kepulauan Sangkarrang,Barrang Caddi,2026-09-19T12:00:00,2026-09-20 07:00:00,2026-09-20 15:00:00,18-19,27,78,0,0,22,SW,237,NE,,,0,Cerah,Sunny,https://api-apps.bmkg.go.id/storage/icon/cuaca/cerah-am.svg,2026-09-20T07:00:00Z
73,73.71,73.71.15,73.71.15.1001,73.71.15.1001,Sulawesi Selatan,Kota Makassar,Kepulauan Sangkarrang,Barrang Caddi,2026-09-19T12:00:00,2026-09-20 10:00:00,2026-09-20 18:00:00,21-22,28,83,0,0,9.1,SW,225,NE,,,0,Cerah,Sunny,https://api-apps.bmkg.go.id/storage/icon/cuaca/cerah-pm.svg,2026-09-20T10:00:00Z
73,73.71,73.71.15,73.71.15.1001,73.71.15.1001,Sulawesi Selatan,Kota Makassar,Kepulauan Sangkarrang,Barrang Caddi,2026-09-19T12:00:00,2026-09-20 13:00:00,2026-09-20 21:00:00,24-25,28,81,0,0,15.8,NE,56,SW,,,0,Cerah,Sunny,https://api-apps.bmkg.go.id/storage/icon/cuaca/cerah-pm.svg,2026-09-20T13:00:00Z
73,73.71,73.71.15,73.71.15.1001,73.71.15.1001,Sulawesi Selatan,Kota Makassar,Kepulauan Sangkarrang,Barrang Caddi,2026-09-19T12:00:00,2026-09-20 16:00:00,2026-09-21 00:00:00,27-28,28,70,0,11,17.1,NE,53,SW,,,1,Cerah,Sunny,https://api-apps.bmkg.go.id/storage/icon/cuaca/cerah-pm.svg,2026-09-20T16:00:00Z
73,73.71,73.71.15,73.71.15.1001,73.71.15.1001,Sulawesi Selatan,Kota Makassar,Kepulauan Sangkarrang,Barrang Caddi,2026-09-19T12:00:00,2026-09-20 19:00:00,2026-09-21 03:00:00,30-31,28,72,0,9,18.7,N,44,S,,,0,Cerah,Sunny,https://api-apps.bmkg.go.id/storage/icon/cuaca/cerah-pm.svg,2026-09-20T19:00:00Z
73,73.71,73.71.15,73.71.15.1001,73.71.15.1001,Sulawesi Selatan,Kota Makassar,Kepulauan Sangkarrang,Barrang Caddi,2026-09-19T12:00:00,2026-09-20 22:00:00,2026-09-21 06:00:00,33-34,28,74,0,75,17.8,NE,64,SW,,,2,Cerah Berawan,Partly Cloudy,https://api-apps.bmkg.go.id/storage/icon/cuaca/cerah berawan-am.svg,2026-09-20T22:00:00Z
73,73.71,73.71.15,73.71.15.1001,73.71.15.1001,Sulawesi Selatan,Kota Makassar,Kepulauan Sangkarrang,Barrang Caddi,2026-09-19T12:00:00,2026-09-21 01:00:00,2026-09-21 09:00:00,36-37,28,73,0,42,12.9,S,196,N,,,1,Cerah,Sunny,https://api-apps.bmkg.go.id/storage/icon/cuaca/cerah-am.svg,2026-09-21T01:00:00Z
73,73.71,73.71.15,73.71.15.1001,73.71.15.1001,Sulawesi Selatan,Kota Makassar,Kepulauan Sangkarrang,Barrang Caddi,2026-09-19T12:00:00,2026-09-21 04:00:00,2026-09-21 12:00:00,39-40,27,81,0,4,26.4,SW,228,NE,,,0,Cerah,Sunny,https://api-apps.bmkg.go.id/storage/icon/cuaca/cerah-am.svg,2026-09-21T04:00:00Z
73,73.71,73.71.15,73.71.15.1001,73.71.15.1001,Sulawesi Selatan,Kota Makassar,Kepulauan Sangkarrang,Barrang Caddi,2026-09-19T12:00:00,2026-09-21 07:00:00,2026-09-21 15:00:00,42-43,28,82,0,10,18.3,SW,226,NE,,,0,Cerah,Sunny,https://api-apps.bmkg.go.id/storage/icon/cuaca/cerah-am.svg,2026-09-21T07:00:00Z
73,73.71,73.71.15,73.71.15.1001,73.71.15.1001,Sulawesi Selatan,Kota Makassar,Kepulauan Sangkarrang,Barrang Caddi,2026-09-19T12:00:00,2026-09-21 10:00:00,2026-09-21 18:00:00,45-46,28,82,0,10,7,NE,46,SW,,,0,Cerah,Sunny,https://api-apps.bmkg.go.id/storage/icon/cuaca/cerah-pm.svg,2026-09-21T10:00:00Z
73,73.71,73.71.15,73.71.15.1001,73.71.15.1001,Sulawesi Selatan,Kota Makassar,Kepulauan Sangkarrang,Barrang Caddi,2026-09-19T12:00:00,2026-09-21 13:00:00,2026-09-21 21:00:00,48-49,29,71,0,48,16.1,NE,53,SW,,,1,Cerah,Sunny,https://api-apps.bmkg.go.id/storage/icon/cuaca/cerah-pm.svg,2026-09-21T13:00:00Z
73,73.71,73.71.15,73.71.15.1001,73.71.15.1001,Sulawesi Selatan,Kota Makassar,Kepulauan Sangkarrang,Barrang Caddi,2026-09-19T12:00:00,2026-09-21 16:00:00,2026-09-22 00:00:00,51-52,28,73,0,59,7.9,N,27,S,,,1,Cerah,Sunny,https://api-apps.bmkg.go.id/storage/icon/cuaca/cerah-pm.svg,2026-09-21T16:00:00Z
73,73.71,73.71.15,73.71.15.1001,73.71.15.1001,Sulawesi Selatan,Kota Makassar,Kepulauan Sangkarrang,Barrang Caddi,2026-09-19T12:00:00,2026-09-21 19:00:00,2026-09-22 03:00:00,54-55,28,73,0,24,19.7,NE,57,SW,,,1,Cerah,Sunny,https://api-apps.bmkg.go.id/storage/icon/cuaca/cerah-pm.svg,2026-09-21T19:00:00Z
73,73.71,73.71.15,73.71.15.1001,73.71.15.1001,Sulawesi Selatan,Kota Makassar,Kepulauan Sangkarrang,Barrang Caddi,2026-09-19T12:00:00,2026-09-21 22:00:00,2026-09-22 06:00:00,57-58,28,71,0,33,14.6,NE,59,SW,,,1,Cerah,Sunny,https://api-apps.bmkg.go.id/storage/icon/cuaca/cerah-am.svg,2026-09-21T22:00:00Z
73,73.71,73.71.15,73.71.15.1002,73.71.15.1002,Sulawesi Selatan,Kota Makassar,Kepulauan Sangkarrang,Barrang Lompo,2026-09-19T12:00:00,2026-09-19 16:00:00,2026-09-20 00:00:00,3-4,28,66,0,4,5.3,N,1,S,,,0,Cerah,Sunny,https://api-apps.bmkg.go.id/storage/icon/cuaca/cerah-pm.svg,2026-09-19T16:00:00Z
73,73.71,73.71.15,73.71.15.1002,73.71.15.1002,Sulawesi Selatan,Kota Makassar,Kepulauan Sangkarrang,Barrang Lompo,2026-09-19T12:00:00,2026-09-19 19:00:00,2026-09-20 03:00:00,6-7,28,70,0,30,20.3,NE,45,SW,,,1,Cerah,Sunny,https://api-apps.bmkg.go.id/storage/icon/cuaca/cerah-pm.svg,2026-09-19T19:00:00Z
73,73.71,73.71.15,73.71.15.1002,73.71.15.1002,Sulawesi Selatan,Kota Makassar,Kepulauan Sangkarrang,Barrang Lompo,2026-09-19T12:00:00,2026-09-19 22:00:00,2026-09-20 06:00:00,9-10,27,68,0,8,6.9,NE,66,SW,,,0,Cerah,Sunny,https://api-apps.bmkg.go.id/storage/icon/cuaca/cerah-am.svg,2026-09-19T22:00:00Z
73,73.71,73.71.15,73.71.15.1002,73.71.15.1002,Sulawesi Selatan,Kota Makassar,Kepulauan Sangkarrang,Barrang Lompo,2026-09-19T12:00:00,2026-09-20 01:00:00,2026-09-20 09:00:00,12-13,27,70,0,5,13.1,SW,250,NE,,,0,Cerah,Sunny,https://api-apps.bmkg.go.id/storage/icon/cuaca/cerah-am.svg,2026-09-20T01:00:00Z
73,73.71,73.71.15,73.71.15.1002,73.71.15.1002,Sulawesi Selatan,Kota Makassar,Kepulauan Sangkarrang,Barrang Lompo,2026-09-19T12:00:00,2026-09-20 04:00:00,2026-09-20 12:00:00,15-16,28,72,0,8,21.8,SW,251,NE,,,0,Cerah,Sunny,https://api-apps.bmkg.go.id/storage/icon/cuaca/cerah-am.svg,2026-09-20T04:00:00Z
73,73.71,73.71.15,73.71.15.1002,73.71.15.1002,Sulawesi Selatan,Kota Makassar,Kepulauan Sangkarrang,Barrang Lompo,2026-09-19T12:00:00,2026-09-20 07:00:00,2026-09-20 15:00:00,18-19,28,78,0,8,27.4,SW,255,NE,,,0,Cerah,Sunny,https://api-apps.bmkg.go.id/storage/icon/cuaca/cerah-am.svg,2026-09-20T07:00:00Z
73,73.71,73.71.15,73.71.15.1002,73.71.15.1002,Sulawesi Selatan,Kota Makassar,Kepulauan Sangkarrang,Barrang Lompo,2026-09-19T12:00:00,2026-09-20 10:00:00,2026-09-20 18:00:00,21-22,28,82,0,2,2.6,NW,318,SE,,,0,Cerah,Sunny,https://api-apps.bmkg.go.id/storage/icon/cuaca/cerah-pm.svg,2026-09-20T10:00:00Z
73,73.71,73.71.15,73.71.15.1002,73.71.15.1002,Sulawesi Selatan,Kota Makassar,Kepulauan Sangkarrang,Barrang Lompo,2026-09-19T12:00:00,2026-09-20 13:00:00,2026-09-20 21:00:00,24-25,29,72,0,0,11,NE,56,SW,,,0,Cerah,Sunny,https://api-apps.bmkg.go.id/storage/icon/cuaca/cerah-pm.svg,2026-09-20T13:00:00Z
73,73.71,73.71.15,73.71.15.1002,73.71.15.1002,Sulawesi Selatan,Kota Makassar,Kepulauan Sangkarrang,Barrang Lompo,2026-09-19T12:00:00,2026-09-20 16:00:00,2026-09-21 00:00:00,27-28,28,67,0,7,3.2,E,115,W,,,0,Cerah,Sunny,https://api-apps.bmkg.go.id/storage/icon/cuaca/cerah-pm.svg,2026-09-20T16:00:00Z
73,73.71,73.71.15,73.71.15.1002,73.71.15.1002,Sulawesi Selatan,Kota Makassar,Kepulauan Sangkarrang,Barrang Lompo,2026-09-19T12:00:00,2026-09-20 19:00:00,2026-09-21 03:00:00,30-31,28,70,0,10,13.5,N,42,S,,,1,Cerah,Sunny,https://api-apps.bmkg.go.id/storage/icon/cuaca/cerah-pm.svg,2026-09-20T19:00:00Z
73,73.71,73.71.15,73.71.15.1002,73.71.15.1002,Sulawesi Selatan,Kota Makassar,Kepulauan Sangkarrang,Barrang Lompo,2026-09-19T12:00:00,2026-09-20 22:00:00,2026-09-21 06:00:00,33-34,27,72,0,79,6.9,E,96,W,,,2,Cerah Berawan,Partly Cloudy,https://api-apps.bmkg.go.id/storage/icon/cuaca/cerah berawan-am.svg,2026-09-20T22:00:00Z
73,73.71,73.71.15,73.71.15.1002,73.71.15.1002,Sulawesi Selatan,Kota Makassar,Kepulauan Sangkarrang,Barrang Lompo,2026-09-19T12:00:00,2026-09-21 01:00:00,2026-09-21 09:00:00,36-37,28,74,0,58,18.9,SW,232,NE,,,1,Cerah,Sunny,https://api-apps.bmkg.go.id/storage/icon/cuaca/cerah-am.svg,2026-09-21T01:00:00Z
73,73.71,73.71.15,73.71.15.1002,73.71.15.1002,Sulawesi Selatan,Kota Makassar,Kepulauan Sangkarrang,Barrang Lompo,2026-09-19T12:00:00,2026-09-21 04:00:00,2026-09-21 12:00:00,39-40,27,80,0,7,26.5,SW,235,NE,,,0,Cerah,Sunny,https://api-apps.bmkg.go.id/storage/icon/cuaca/cerah-am.svg,2026-09-21T04:00:00Z
73,73.71,73.71.15,73.71.15.1002,73.71.15.1002,Sulawesi Selatan,Kota Makassar,Kepulauan Sangkarrang,Barrang Lompo,2026-09-19T12:00:00,2026-09-21 07:00:00,2026-09-21 15:00:00,42-43,28,83,0,11,10.7,S,216,N,,,1,Cerah,Sunny,https://api-apps.bmkg.go.id/storage/icon/cuaca/cerah-am.svg,2026-09-21T07:00:00Z
73,73.71,73.71.15,73.71.15.1002,73.71.15.1002,Sulawesi Selatan,Kota Makassar,Kepulauan Sangkarrang,Barrang Lompo,2026-09-19T12:00:00,2026-09-21 10:00:00,2026-09-21 18:00:00,45-46,29,80,0,16,14.5,N,21,S,,,1,Cerah,Sunny,https://api-apps.bmkg.go.id/storage/icon/cuaca/cerah-pm.svg,2026-09-21T10:00:00Z
73,73.71,73.71.15,73.71.15.1002,73.71.15.1002,Sulawesi Selatan,Kota Makassar,Kepulauan Sangkarrang,Barrang Lompo,2026-09-19T12:00:00,2026-09-21 13:00:00,2026-09-21 21:00:00,48-49,29,63,0,45,5.1,SE,151,NW,,,1,Cerah,Sunny,https://api-apps.bmkg.go.id/storage/icon/cuaca/cerah-pm.svg,2026-09-21T13:00:00Z
73,73.71,73.71.15,73.71.15.1002,73.71.15.1002,Sulawesi Selatan,Kota Makassar,Kepulauan Sangkarrang,Barrang Lompo,2026-09-19T12:00:00,2026-09-21 16:00:00,2026-09-22 00:00:00,51-52,28,68,0,60,8.4,NW,336,SE,,,2,Cerah Berawan,Partly Cloudy,https://api-apps.bmkg.go.id/storage/icon/cuaca/cerah berawan-pm.svg,2026-09-21T16:00:00Z
73,73.71,73.71.15,73.71.15.1002,73.71.15.1002,Sulawesi Selatan,Kota Makassar,Kepulauan Sangkarrang,Barrang Lompo,2026-09-19T12:00:00,2026-09-21 19:00:00,2026-09-22 03:00:00,54-55,28,67,0,31,13,NE,64,SW,,,1,Cerah,Sunny,https://api-apps.bmkg.go.id/storage/icon/cuaca/cerah-pm.svg,2026-09-21T19:00:00Z
73,73.71,73.71.15,73.71.15.1002,73.71.15.1002,Sulawesi Selatan,Kota Makassar,Kepulauan Sangkarrang,Barrang Lompo,2026-09-19T12:00:00,2026-09-21 22:00:00,2026-09-22 06:00:00,57-58,27,69,0,5,5.9,N,12,S,,,0,Cerah,Sunny,https://api-apps.bmkg.go.id/storage/icon/cuaca/cerah-am.svg,2026-09-21T22:00:00Z
73,73.71,73.71.15,73.71.15.1003,73.71.15.1003,Sulawesi Selatan,Kota Makassar,Kepulauan Sangkarrang,Kodingareng,2026-09-19T12:00:00,2026-09-19 16:00:00,2026-09-20 00:00:00,3-4,27,77,0,12,1.1,W,312,E,,,1,Cerah,Sunny,https://api-apps.bmkg.go.id/storage/icon/cuaca/cerah-pm.svg,2026-09-19T16:00:00Z
73,73.71,73.71.15,73.71.15.1003,73.71.15.1003,Sulawesi Selatan,Kota Makassar,Kepulauan Sangkarrang,Kodingareng,2026-09-19T12:00:00,2026-09-19 19:00:00,2026-09-20 03:00:00,6-7,28,69,0,24,10.8,N,45,S,,,1,Cerah,Sunny,https://api-apps.bmkg.go.id/storage/icon/cuaca/cerah-pm.svg,2026-09-19T19:00:00Z
73,73.71,73.71.15,73.71.15.1003,73.71.15.1003,Sulawesi Selatan,Kota Makassar,Kepulauan Sangkarrang,Kodingareng,2026-09-19T12:00:00,2026-09-19 22:00:00,2026-09-20 06:00:00,9-10,27,67,0,8,4.7,W,297,E,,,0,Cerah,Sunny,https://api-apps.bmkg.go.id/storage/icon/cuaca/cerah-am.svg,2026-09-19T22:00:00Z
73,73.71,73.71.15,73.71.15.1003,73.71.15.1003,Sulawesi Selatan,Kota Makassar,Kepulauan Sangkarrang,Kodingareng,2026-09-19T12:00:00,2026-09-20 01:00:00,2026-09-20 09:00:00,12-13,27,70,0,6,17.4,SW,250,NE,,,0,Cerah,Sunny,https://api-apps.bmkg.go.id/storage/icon/cuaca/cerah-am.svg,2026-09-20T01:00:00Z
73,73.71,73.71.15,73.71.15.1003,73.71.15.1003,Sulawesi Selatan,Kota Makassar,Kepulauan Sangkarrang,Kodingareng,2026-09-19T12:00:00,2026-09-20 04:00:00,2026-09-20 12:00:00,15-16,27,76,0,11,17.9,SW,253,NE,,,1,Cerah,Sunny,https://api-apps.bmkg.go.id/storage/icon/cuaca/cerah-am.svg,2026-09-20T04:00:00Z
73,73.71,73.71.15,73.71.15.1003,73.71.15.1003,Sulawesi Selatan,Kota Makassar,Kepulauan Sangkarrang,Kodingareng,2026-09-19T12:00:00,2026-09-20 07:00:00,2026-09-20 15:00:00,18-19,28,76,0,6,21.5,SW,249,NE,,,0,Cerah,Sunny,https://api-apps.bmkg.go.id/storage/icon/cuaca/cerah-am.svg,2026-09-20T07:00:00Z
73,73.71,73.71.15,73.71.15.1003,73.71.15.1003,Sulawesi Selatan,Kota Makassar,Kepulauan Sangkarrang,Kodingareng,2026-09-19T12:00:00,2026-09-20 10:00:00,2026-09-20 18:00:00,21-22,28,81,0,2,8.4,NE,80,SW,,,0,Cerah,Sunny,https://api-apps.bmkg.go.id/storage/icon/cuaca/cerah-pm.svg,2026-09-20T10:00:00Z
73,73.71,73.71.15,73.71.15.1003,73.71.15.1003,Sulawesi Selatan,Kota Makassar,Kepulauan Sangkarrang,Kodingareng,2026-09-19T12:00:00,2026-09-20 13:00:00,2026-09-20 21:00:00,24-25,28,77,0,0,11.6,SE,146,NW,,,0,Cerah,Sunny,https://api-apps.bmkg.go.id/storage/icon/cuaca/cerah-pm.svg,2026-09-20T13:00:00Z
73,73.71,73.71.15,73.71.15.1003,73.71.15.1003,Sulawesi Selatan,Kota Makassar,Kepulauan Sangkarrang,Kodingareng,2026-09-19T12:00:00,2026-09-20 16:00:00,2026-09-21 00:00:00,27-28,27,75,0,5,10.2,S,186,N,,,0,Cerah,Sunny,https://api-apps.bmkg.go.id/storage/icon/cuaca/cerah-pm.svg,2026-09-20T16:00:00Z
73,73.71,73.71.15,73.71.15.1003,73.71.15.1003,Sulawesi Selatan,Kota Makassar,Kepulauan Sangkarrang,Kodingareng,2026-09-19T12:00:00,2026-09-20 19:00:00,2026-09-21 03:00:00,30-31,28,71,0,6,6.1,N,25,S,,,0,Cerah,Sunny,https://api-apps.bmkg.go.id/storage/icon/cuaca/cerah-pm.svg,2026-09-20T19:00:00Z
73,73.71,73.71.15,73.71.15.1003,73.71.15.1003,Sulawesi Selatan,Kota Makassar,Kepulauan Sangkarrang,Kodingareng,2026-09-19T12:00:00,2026-09-20 22:00:00,2026-09-21 06:00:00,33-34,27,72,0,66,4.5,SE,178,NW,,,2,Cerah Berawan,Partly Cloudy,https://api-apps.bmkg.go.id/storage/icon/cuaca/cerah berawan-am.svg,2026-09-20T22:00:00Z
73,73.71,73.71.15,73.71.15.1003,73.71.15.1003,Sulawesi Selatan,Kota Makassar,Kepulauan Sangkarrang,Kodingareng,2026-09-19T12:00:00,2026-09-21 01:00:00,2026-09-21 09:00:00,36-37,27,76,0,38,16.8,SW,230,NE,,,1,Cerah,Sunny,https://api-apps.bmkg.go.id/storage/icon/cuaca/cerah-am.svg,2026-09-21T01:00:00Z
73,73.71,73.71.15,73.71.15.1003,73.71.15.1003,Sulawesi Selatan,Kota Makassar,Kepulauan Sangkarrang,Kodingareng,2026-09-19T12:00:00,2026-09-21 04:00:00,2026-09-21 12:00:00,39-40,27,79,0,7,22.9,S,225,N,,,0,Cerah,Sunny,https://api-apps.bmkg.go.id/storage/icon/cuaca/cerah-am.svg,2026-09-21T04:00:00Z
73,73.71,73.71.15,73.71.15.1003,73.71.15.1003,Sulawesi Selatan,Kota Makassar,Kepulauan Sangkarrang,Kodingareng,2026-09-19T12:00:00,2026-09-21 07:00:00,2026-09-21 15:00:00,42-43,29,79,0,9,16.3,S,181,N,,,0,Cerah,Sunny,https://api-apps.bmkg.go.id/storage/icon/cuaca/cerah-am.svg,2026-09-21T07:00:00Z
73,73.71,73.71.15,73.71.15.1003,73.71.15.1003,Sulawesi Selatan,Kota Makassar,Kepulauan Sangkarrang,Kodingareng,2026-09-19T12:00:00,2026-09-21 10:00:00,2026-09-21 18:00:00,45-46,29,76,0,16,4.5,NE,79,SW,,,1,Cerah,Sunny,https://api-apps.bmkg.go.id/storage/icon/cuaca/cerah-pm.svg,2026-09-21T10:00:00Z
73,73.71,73.71.15,73.71.15.1003,73.71.15.1003,Sulawesi Selatan,Kota Makassar,Kepulauan Sangkarrang,Kodingareng,2026-09-19T12:00:00,2026-09-21 13:00:00,2026-09-21 21:00:00,48-49,28,70,0,35,17.5,S,181,N,,,1,Cerah,Sunny,https://api-apps.bmkg.go.id/storage/icon/cuaca/cerah-pm.svg,2026-09-21T13:00:00Z
73,73.71,73.71.15,73.71.15.1003,73.71.15.1003,Sulawesi Selatan,Kota Makassar,Kepulauan Sangkarrang,Kodingareng,2026-09-19T12:00:00,2026-09-21 16:00:00,2026-09-22 00:00:00,51-52,27,77,0,51,6.1,W,311,E,,,1,Cerah,Sunny,https://api-apps.bmkg.go.id/storage/icon/cuaca/cerah-pm.svg,2026-09-21T16:00:00Z
73,73.71,73.71.15,73.71.15.1003,73.71.15.1003,Sulawesi Selatan,Kota Makassar,Kepulauan Sangkarrang,Kodingareng,2026-09-19T12:00:00,2026-09-21 19:00:00,2026-09-22 03:00:00,54-55,28,67,0,32,7.8,SE,158,NW,,,1,Cerah,Sunny,https://api-apps.bmkg.go.id/storage/icon/cuaca/cerah-pm.svg,2026-09-21T19:00:00Z
73,73.71,73.71.15,73.71.15.1003,73.71.15.1003,Sulawesi Selatan,Kota Makassar,Kepulauan Sangkarrang,Kodingareng,2026-09-19T12:00:00,2026-09-21 22:00:00,2026-09-22 06:00:00,57-58,27,72,0,5,8.3,W,291,E,,,0,Cerah,Sunny,https://api-apps.bmkg.go.id/storage/icon/cuaca/cerah-am.svg,2026-09-21T22:00:00Z
