adm1,adm2,adm3,adm4,kode_diminta,provinsi,kotkab,kecamatan,desa,analysis_date,utc_datetime,local_datetime,time_index,t,hu,tp,tcc,ws,wd,wd_deg,wd_to,vs,vs_text,weather,weather_desc,weather_desc_en,image,datetime
33,33.74,33.74.01,33.74.01.1001,33.74.01.1001,Jawa Tengah,Kota Semarang,Semarang Tengah,Miroto,2026-09-19T12:00:00,2026-09-19 16:00:00,2026-09-19 23:00:00,3-4,26,73,0,33,4.7,SE,159,NW,,,1,Cerah,Sunny,https://api-apps.bmkg.go.id/storage/icon/cuaca/cerah-pm.svg,2026-09-19T16:00:00Z
33,33.74,33.74.01,33.74.01.1001,33.74.01.1001,Jawa Tengah,Kota Semarang,Semarang Tengah,Miroto,2026-09-19T12:00:00,2026-09-19 19:00:00,2026-09-20 02:00:00,6-7,25,74,0,1,7,SE,142,NW,,,0,Cerah,Sunny,https://api-apps.bmkg.go.id/storage/icon/cuaca/cerah-pm.svg,2026-09-19T19:00:00Z
33,33.74,33.74.01,33.74.01.1001,33.74.01.1001,Jawa Tengah,Kota Semarang,Semarang Tengah,Miroto,2026-09-19T12:00:00,2026-09-19 22:00:00,2026-09-20 05:00:00,9-10,25,69,0,0,8.3,E,130,W,,,0,Cerah,Sunny,https://api-apps.bmkg.go.id/storage/icon/cuaca/cerah-pm.svg,2026-09-19T22:00:00Z
33,33.74,33.74.01,33.74.01.1001,33.74.01.1001,Jawa Tengah,Kota Semarang,Semarang Tengah,Miroto,2026-09-19T12:00:00,2026-09-20 01:00:00,2026-09-20 08:00:00,12-13,30,53,0,0,12.7,E,108,W,,,0,Cerah,Sunny,https://api-apps.bmkg.go.id/storage/icon/cuaca/cerah-am.svg,2026-09-20T01:00:00Z
33,33.74,33.74.01,33.74.01.1001,33.74.01.1001,Jawa Tengah,Kota Semarang,Semarang Tengah,Miroto,2026-09-19T12:00:00,2026-09-20 04:00:00,2026-09-20 11:00:00,15-16,34,45,0,2,8.9,NE,61,SW,,,0,Cerah,Sunny,https://api-apps.bmkg.go.id/storage/icon/cuaca/cerah-am.svg,2026-09-20T04:00:00Z
33,33.74,33.74.01,33.74.01.1001,33.74.01.1001,Jawa Tengah,Kota Semarang,Semarang Tengah,Miroto,2026-09-19T12:00:00,2026-09-20 07:00:00,2026-09-20 14:00:00,18-19,32,60,0.1,18,12.6,NW,345,SE,,,1,Cerah,Sunny,https://api-apps.bmkg.go.id/storage/icon/cuaca/cerah-am.svg,2026-09-20T07:00:00Z
33,33.74,33.74.01,33.74.01.1001,33.74.01.1001,Jawa Tengah,Kota Semarang,Semarang Tengah,Miroto,2026-09-19T12:00:00,2026-09-20 10:00:00,2026-09-20 17:00:00,21-22,29,78,0,6,8,W,285,E,,,0,Cerah,Sunny,https://api-apps.bmkg.go.id/storage/icon/cuaca/cerah-am.svg,2026-09-20T10:00:00Z
33,33.74,33.74.01,33.74.01.1001,33.74.01.1001,Jawa Tengah,Kota Semarang,Semarang Tengah,Miroto,2026-09-19T12:00:00,2026-09-20 13:00:00,2026-09-20 20:00:00,24-25,28,78,0.2,9,3.3,SE,149,NW,,,0,Cerah,Sunny,https://api-apps.bmkg.go.id/storage/icon/cuaca/cerah-pm.svg,2026-09-20T13:00:00Z
33,33.74,33.74.01,33.74.01.1001,33.74.01.1001,Jawa Tengah,Kota Semarang,Semarang Tengah,Miroto,2026-09-19T12:00:00,2026-09-20 16:00:00,2026-09-20 23:00:00,27-28,27,81,0,0,6.7,E,134,W,,,0,Cerah,Sunny,https://api-apps.bmkg.go.id/storage/icon/cuaca/cerah-pm.svg,2026-09-20T16:00:00Z
33,33.74,33.74.01,33.74.01.1001,33.74.01.1001,Jawa Tengah,Kota Semarang,Semarang Tengah,Miroto,2026-09-19T12:00:00,2026-09-20 19:00:00,2026-09-21 02:00:00,30-31,26,78,0,0,9.3,SE,137,NW,,,0,Cerah,Sunny,https://api-apps.bmkg.go.id/storage/icon/cuaca/cerah-pm.svg,2026-09-20T19:00:00Z
33,33.74,33.74.01,33.74.01.1001,33.74.01.1001,Jawa Tengah,Kota Semarang,Semarang Tengah,Miroto,2026-09-19T12:00:00,2026-09-20 22:00:00,2026-09-21 05:00:00,33-34,25,73,0,0,13.1,E,134,W,,,0,Cerah,Sunny,https://api-apps.bmkg.go.id/storage/icon/cuaca/cerah-pm.svg,2026-09-20T22:00:00Z
33,33.74,33.74.01,33.74.01.1001,33.74.01.1001,Jawa Tengah,Kota Semarang,Semarang Tengah,Miroto,2026-09-19T12:00:00,2026-09-21 01:00:00,2026-09-21 08:00:00,36-37,30,56,0,0,16.1,E,117,W,,,0,Cerah,Sunny,https://api-apps.bmkg.go.id/storage/icon/cuaca/cerah-am.svg,2026-09-21T01:00:00Z
33,33.74,33.74.01,33.74.01.1001,33.74.01.1001,Jawa Tengah,Kota Semarang,Semarang Tengah,Miroto,2026-09-19T12:00:00,2026-09-21 04:00:00,2026-09-21 11:00:00,39-40,34,44,0,29,12.6,E,97,W,,,1,Cerah,Sunny,https://api-apps.bmkg.go.id/storage/icon/cuaca/cerah-am.svg,2026-09-21T04:00:00Z
33,33.74,33.74.01,33.74.01.1001,33.74.01.1001,Jawa Tengah,Kota Semarang,Semarang Tengah,Miroto,2026-09-19T12:00:00,2026-09-21 07:00:00,2026-09-21 14:00:00,42-43,32,62,0.1,19,11.1,NW,331,SE,,,1,Cerah,Sunny,https://api-apps.bmkg.go.id/storage/icon/cuaca/cerah-am.svg,2026-09-21T07:00:00Z
33,33.74,33.74.01,33.74.01.1001,33.74.01.1001,Jawa Tengah,Kota Semarang,Semarang Tengah,Miroto,2026-09-19T12:00:00,2026-09-21 10:00:00,2026-09-21 17:00:00,45-46,29,71,0.1,10,10.8,W,281,E,,,1,Cerah,Sunny,https://api-apps.bmkg.go.id/storage/icon/cuaca/cerah-am.svg,2026-09-21T10:00:00Z
33,33.74,33.74.01,33.74.01.1001,33.74.01.1001,Jawa Tengah,Kota Semarang,Semarang Tengah,Miroto,2026-09-19T12:00:00,2026-09-21 13:00:00,2026-09-21 20:00:00,48-49,27,82,0.2,30,6.7,E,98,W,,,1,Cerah,Sunny,https://api-apps.bmkg.go.id/storage/icon/cuaca/cerah-pm.svg,2026-09-21T13:00:00Z
33,33.74,33.74.01,33.74.01.1001,33.74.01.1001,Jawa Tengah,Kota Semarang,Semarang Tengah,Miroto,2026-09-19T12:00:00,2026-09-21 16:00:00,2026-09-21 23:00:00,51-52,26,77,0,6,6.7,SE,139,NW,,,0,Cerah,Sunny,https://api-apps.bmkg.go.id/storage/icon/cuaca/cerah-pm.svg,2026-09-21T16:00:00Z
33,33.74,33.74.01,33.74.01.1002,33.74.01.1002,Jawa Tengah,Kota Semarang,Semarang Tengah,Brumbungan,2026-09-19T12:00:00,2026-09-19 16:00:00,2026-09-19 23:00:00,3-4,26,73,0,33,4.7,SE,159,NW,,,1,Cerah,Sunny,https://api-apps.bmkg.go.id/storage/icon/cuaca/cerah-pm.svg,2026-09-19T16:00:00Z
33,33.74,33.74.01,33.74.01.1002,33.74.01.1002,Jawa Tengah,Kota Semarang,Semarang Tengah,Brumbungan,2026-09-19T12:00:00,2026-09-19 19:00:00,2026-09-20 02:00:00,6-7,25,74,0,1,7,SE,142,NW,,,0,Cerah,Sunny,https://api-apps.bmkg.go.id/storage/icon/cuaca/cerah-pm.svg,2026-09-19T19:00:00Z
33,33.74,33.74.01,33.74.01.1002,33.74.01.1002,Jawa Tengah,Kota Semarang,Semarang Tengah,Brumbungan,2026-09-19T12:00:00,2026-09-19 22:00:00,2026-09-20 05:00:00,9-10,25,69,0,0,8.3,E,130,W,,,0,Cerah,Sunny,https://api-apps.bmkg.go.id/storage/icon/cuaca/cerah-pm.svg,2026-09-19T22:00:00Z
33,33.74,33.74.01,33.74.01.1002,33.74.01.1002,Jawa Tengah,Kota Semarang,Semarang Tengah,Brumbungan,2026-09-19T12:00:00,2026-09-20 01:00:00,2026-09-20 08:00:00,12-13,30,53,0,0,12.7,E,108,W,,,0,Cerah,Sunny,https://api-apps.bmkg.go.id/storage/icon/cuaca/cerah-am.svg,2026-09-20T01:00:00Z
33,33.74,33.74.01,33.74.01.1002,33.74.01.1002,Jawa Tengah,Kota Semarang,Semarang Tengah,Brumbungan,2026-09-19T12:00:00,2026-09-20 04:00:00,2026-09-20 11:00:00,15-16,34,45,0,2,8.9,NE,61,SW,,,0,Cerah,Sunny,https://api-apps.bmkg.go.id/storage/icon/cuaca/cerah-am.svg,2026-09-20T04:00:00Z
33,33.74,33.74.01,33.74.01.1002,33.74.01.1002,Jawa Tengah,Kota Semarang,Semarang Tengah,Brumbungan,2026-09-19T12:00:00,2026-09-20 07:00:00,2026-09-20 14:00:00,18-19,32,60,0.1,18,12.6,NW,345,SE,,,1,Cerah,Sunny,https://api-apps.bmkg.go.id/storage/icon/cuaca/cerah-am.svg,2026-09-20T07:00:00Z
33,33.74,33.74.01,33.74.01.1002,33.74.01.1002,Jawa Tengah,Kota Semarang,Semarang Tengah,Brumbungan,2026-09-19T12:00:00,2026-09-20 10:00:00,2026-09-20 17:00:00,21-22,29,78,0,6,8,W,285,E,,,0,Cerah,Sunny,https://api-apps.bmkg.go.id/storage/icon/cuaca/cerah-am.svg,2026-09-20T10:00:00Z
33,33.74,33.74.01,33.74.01.1002,33.74.01.1002,Jawa Tengah,Kota Semarang,Semarang Tengah,Brumbungan,2026-09-19T12:00:00,2026-09-20 13:00:00,2026-09-20 20:00:00,24-25,28,78,0.2,9,3.3,SE,149,NW,,,0,Cerah,Sunny,https://api-apps.bmkg.go.id/storage/icon/cuaca/cerah-pm.svg,2026-09-20T13:00:00Z
33,33.74,33.74.01,33.74.01.1002,33.74.01.1002,Jawa Tengah,Kota Semarang,Semarang Tengah,Brumbungan,2026-09-19T12:00:00,2026-09-20 16:00:00,2026-09-20 23:00:00,27-28,27,81,0,0,6.7,E,134,W,,,0,Cerah,Sunny,https://api-apps.bmkg.go.id/storage/icon/cuaca/cerah-pm.svg,2026-09-20T16:00:00Z
33,33.74,33.74.01,33.74.01.1002,33.74.01.1002,Jawa Tengah,Kota Semarang,Semarang Tengah,Brumbungan,2026-09-19T12:00:00,2026-09-20 19:00:00,2026-09-21 02:00:00,30-31,26,78,0,0,9.3,SE,137,NW,,,0,Cerah,Sunny,https://api-apps.bmkg.go.id/storage/icon/cuaca/cerah-pm.svg,2026-09-20T19:00:00Z
33,33.74,33.74.01,33.74.01.1002,33.74.01.1002,Jawa Tengah,Kota Semarang,Semarang Tengah,Brumbungan,2026-09-19T12:00:00,2026-09-20 22:00:00,2026-09-21 05:00:00,33-34,25,73,0,0,13.1,E,134,W,,,0,Cerah,Sunny,https://api-apps.bmkg.go.id/storage/icon/cuaca/cerah-pm.svg,2026-09-20T22:00:00Z
33,33.74,33.74.01,33.74.01.1002,33.74.01.1002,Jawa Tengah,Kota Semarang,Semarang Tengah,Brumbungan,2026-09-19T12:00:00,2026-09-21 01:00:00,2026-09-21 08:00:00,36-37,30,56,0,0,16.1,E,117,W,,,0,Cerah,Sunny,https://api-apps.bmkg.go.id/storage/icon/cuaca/cerah-am.svg,2026-09-21T01:00:00Z
33,33.74,33.74.01,33.74.01.1002,33.74.01.1002,Jawa Tengah,Kota Semarang,Semarang Tengah,Brumbungan,2026-09-19T12:00:00,2026-09-21 04:00:00,2026-09-21 11:00:00,39-40,34,44,0,29,12.6,E,97,W,,,1,Cerah,Sunny,https://api-apps.bmkg.go.id/storage/icon/cuaca/cerah-am.svg,2026-09-21T04:00:00Z
33,33.74,33.74.01,33.74.01.1002,33.74.01.1002,Jawa Tengah,Kota Semarang,Semarang Tengah,Brumbungan,2026-09-19T12:00:00,2026-09-21 07:00:00,2026-09-21 14:00:00,42-43,32,62,0.1,19,11.1,NW,331,SE,,,1,Cerah,Sunny,https://api-apps.bmkg.go.id/storage/icon/cuaca/cerah-am.svg,2026-09-21T07:00:00Z
33,33.74,33.74.01,33.74.01.1002,33.74.01.1002,Jawa Tengah,Kota Semarang,Semarang Tengah,Brumbungan,2026-09-19T12:00:00,2026-09-21 10:00:00,2026-09-21 17:00:00,45-46,29,71,0.1,10,10.8,W,281,E,,,1,Cerah,Sunny,https://api-apps.bmkg.go.id/storage/icon/cuaca/cerah-am.svg,2026-09-21T10:00:00Z
33,33.74,33.74.01,33.74.01.1002,33.74.01.1002,Jawa Tengah,Kota Semarang,Semarang Tengah,Brumbungan,2026-09-19T12:00:00,2026-09-21 13:00:00,2026-09-21 20:00:00,48-49,27,82,0.2,30,6.7,E,98,W,,,1,Cerah,Sunny,https://api-apps.bmkg.go.id/storage/icon/cuaca/cerah-pm.svg,2026-09-21T13:00:00Z
33,33.74,33.74.01,33.74.01.1002,33.74.01.1002,Jawa Tengah,Kota Semarang,Semarang Tengah,Brumbungan,2026-09-19T12:00:00,2026-09-21 16:00:00,2026-09-21 23:00:00,51-52,26,77,0,6,6.7,SE,139,NW,,,0,Cerah,Sunny,https://api-apps.bmkg.go.id/storage/icon/cuaca/cerah-pm.svg,2026-09-21T16:00:00Z
33,33.74,33.74.01,33.74.01.1003,33.74.01.1003,Jawa Tengah,Kota Semarang,Semarang Tengah,Jagalan,2026-09-19T12:00:00,2026-09-19 16:00:00,2026-09-19 23:00:00,3-4,26,73,0,33,4.7,SE,159,NW,,,1,Cerah,Sunny,https://api-apps.bmkg.go.id/storage/icon/cuaca/cerah-pm.svg,2026-09-19T16:00:00Z
33,33.74,33.74.01,33.74.01.1003,33.74.01.1003,Jawa Tengah,Kota Semarang,Semarang Tengah,Jagalan,2026-09-19T12:00:00,2026-09-19 19:00:00,2026-09-20 02:00:00,6-7,25,74,0,1,7,SE,142,NW,,,0,Cerah,Sunny,https://api-apps.bmkg.go.id/storage/icon/cuaca/cerah-pm.svg,2026-09-19T19:00:00Z
33,33.74,33.74.01,33.74.01.1003,33.74.01.1003,Jawa Tengah,Kota Semarang,Semarang Tengah,Jagalan,2026-09-19T12:00:00,2026-09-19 22:00:00,2026-09-20 05:00:00,9-10,25,69,0,0,8.3,E,130,W,,,0,Cerah,Sunny,https://api-apps.bmkg.go.id/storage/icon/cuaca/cerah-pm.svg,2026-09-19T22:00:00Z
33,33.74,33.74.01,33.74.01.1003,33.74.01.1003,Jawa Tengah,Kota Semarang,Semarang Tengah,Jagalan,2026-09-19T12:00:00,2026-09-20 01:00:00,2026-09-20 08:00:00,12-13,30,53,0,0,12.7,E,108,W,,,0,Cerah,Sunny,https://api-apps.bmkg.go.id/storage/icon/cuaca/cerah-am.svg,2026-09-20T01:00:00Z
33,33.74,33.74.01,33.74.01.1003,33.74.01.1003,Jawa Tengah,Kota Semarang,Semarang Tengah,Jagalan,2026-09-19T12:00:00,2026-09-20 04:00:00,2026-09-20 11:00:00,15-16,34,45,0,2,8.9,NE,61,SW,,,0,Cerah,Sunny,https://api-apps.bmkg.go.id/storage/icon/cuaca/cerah-am.svg,2026-09-20T04:00:00Z
33,33.74,33.74.01,33.74.01.1003,33.74.01.1003,Jawa Tengah,Kota Semarang,Semarang Tengah,Jagalan,2026-09-19T12:00:00,2026-09-20 07:00:00,2026-09-20 14:00:00,18-19,32,60,0.1,18,12.6,NW,345,SE,,,1,Cerah,Sunny,https://api-apps.bmkg.go.id/storage/icon/cuaca/cerah-am.svg,2026-09-20T07:00:00Z
33,33.74,33.74.01,33.74.01.1003,33.74.01.1003,Jawa Tengah,Kota Semarang,Semarang Tengah,Jagalan,2026-09-19T12:00:00,2026-09-20 10:00:00,2026-09-20 17:00:00,21-22,29,78,0,6,8,W,285,E,,,0,Cerah,Sunny,https://api-apps.bmkg.go.id/storage/icon/cuaca/cerah-am.svg,2026-09-20T10:00:00Z
33,33.74,33.74.01,33.74.01.1003,33.74.01.1003,Jawa Tengah,Kota Semarang,Semarang Tengah,Jagalan,2026-09-19T12:00:00,2026-09-20 13:00:00,2026-09-20 20:00:00,24-25,28,78,0.2,9,3.3,SE,149,NW,,,0,Cerah,Sunny,https://api-apps.bmkg.go.id/storage/icon/cuaca/cerah-pm.svg,2026-09-20T13:00:00Z
33,33.74,33.74.01,33.74.01.1003,33.74.01.1003,Jawa Tengah,Kota Semarang,Semarang Tengah,Jagalan,2026-09-19T12:00:00,2026-09-20 16:00:00,2026-09-20 23:00:00,27-28,27,81,0,0,6.7,E,134,W,,,0,Cerah,Sunny,https://api-apps.bmkg.go.id/storage/icon/cuaca/cerah-pm.svg,2026-09-20T16:00:00Z
33,33.74,33.74.01,33.74.01.1003,33.74.01.1003,Jawa Tengah,Kota Semarang,Semarang Tengah,Jagalan,2026-09-19T12:00:00,2026-09-20 19:00:00,2026-09-21 02:00:00,30-31,26,78,0,0,9.3,SE,137,NW,,,0,Cerah,Sunny,https://api-apps.bmkg.go.id/storage/icon/cuaca/cerah-pm.svg,2026-09-20T19:00:00Z
33,33.74,33.74.01,33.74.01.1003,33.74.01.1003,Jawa Tengah,Kota Semarang,Semarang Tengah,Jagalan,2026-09-19T12:00:00,2026-09-20 22:00:00,2026-09-21 05:00:00,33-34,25,73,0,0,13.1,E,134,W,,,0,Cerah,Sunny,https://api-apps.bmkg.go.id/storage/icon/cuaca/cerah-pm.svg,2026-09-20T22:00:00Z
33,33.74,33.74.01,33.74.01.1003,33.74.01.1003,Jawa Tengah,Kota Semarang,Semarang Tengah,Jagalan,2026-09-19T12:00:00,2026-09-21 01:00:00,2026-09-21 08:00:00,36-37,30,56,0,0,16.1,E,117,W,,,0,Cerah,Sunny,https://api-apps.bmkg.go.id/storage/icon/cuaca/cerah-am.svg,2026-09-21T01:00:00Z
33,33.74,33.74.01,33.74.01.1003,33.74.01.1003,Jawa Tengah,Kota Semarang,Semarang Tengah,Jagalan,2026-09-19T12:00:00,2026-09-21 04:00:00,2026-09-21 11:00:00,39-40,34,44,0,29,12.6,E,97,W,,,1,Cerah,Sunny,https://api-apps.bmkg.go.id/storage/icon/cuaca/cerah-am.svg,2026-09-21T04:00:00Z
33,33.74,33.74.01,33.74.01.1003,33.74.01.1003,Jawa Tengah,Kota Semarang,Semarang Tengah,Jagalan,2026-09-19T12:00:00,2026-09-21 07:00:00,2026-09-21 14:00:00,42-43,32,62,0.1,19,11.1,NW,331,SE,,,1,Cerah,Sunny,https://api-apps.bmkg.go.id/storage/icon/cuaca/cerah-am.svg,2026-09-21T07:00:00Z
33,33.74,33.74.01,33.74.01.1003,33.74.01.1003,Jawa Tengah,Kota Semarang,Semarang Tengah,Jagalan,2026-09-19T12:00:00,2026-09-21 10:00:00,2026-09-21 17:00:00,45-46,29,71,0.1,10,10.8,W,281,E,,,1,Cerah,Sunny,https://api-apps.bmkg.go.id/storage/icon/cuaca/cerah-am.svg,2026-09-21T10:00:00Z
33,33.74,33.74.01,33.74.01.1003,33.74.01.1003,Jawa Tengah,Kota Semarang,Semarang Tengah,Jagalan,2026-09-19T12:00:00,2026-09-21 13:00:00,2026-09-21 20:00:00,48-49,27,82,0.2,30,6.7,E,98,W,,,1,Cerah,Sunny,https://api-apps.bmkg.go.id/storage/icon/cuaca/cerah-pm.svg,2026-09-21T13:00:00Z
33,33.74,33.74.01,33.74.01.1003,33.74.01.1003,Jawa Tengah,Kota Semarang,Semarang Tengah,Jagalan,2026-09-19T12:00:00,2026-09-21 16:00:00,2026-09-21 23:00:00,51-52,26,77,0,6,6.7,SE,139,NW,,,0,Cerah,Sunny,https://api-apps.bmkg.go.id/storage/icon/cuaca/cerah-pm.svg,2026-09-21T16:00:00Z
33,33.74,33.74.01,33.74.01.1004,33.74.01.1004,Jawa Tengah,Kota Semarang,Semarang Tengah,Kranggan,2026-09-19T12:00:00,2026-09-19 16:00:00,2026-09-19 23:00:00,3-4,26,73,0,33,4.7,SE,159,NW,,,1,Cerah,Sunny,https://api-apps.bmkg.go.id/storage/icon/cuaca/cerah-pm.svg,2026-09-19T16:00:00Z
33,33.74,33.74.01,33.74.01.1004,33.74.01.1004,Jawa Tengah,Kota Semarang,Semarang Tengah,Kranggan,2026-09-19T12:00:00,2026-09-19 19:00:00,2026-09-20 02:00:00,6-7,25,74,0,1,7,SE,142,NW,,,0,Cerah,Sunny,https://api-apps.bmkg.go.id/storage/icon/cuaca/cerah-pm.svg,2026-09-19T19:00:00Z
33,33.74,33.74.01,33.74.01.1004,33.74.01.1004,Jawa Tengah,Kota Semarang,Semarang Tengah,Kranggan,2026-09-19T12:00:00,2026-09-19 22:00:00,2026-09-20 05:00:00,9-10,25,69,0,0,8.3,E,130,W,,,0,Cerah,Sunny,https://api-apps.bmkg.go.id/storage/icon/cuaca/cerah-pm.svg,2026-09-19T22:00:00Z
33,33.74,33.74.01,33.74.01.1004,33.74.01.1004,Jawa Tengah,Kota Semarang,Semarang Tengah,Kranggan,2026-09-19T12:00:00,2026-09-20 01:00:00,2026-09-20 08:00:00,12-13,30,53,0,0,12.7,E,108,W,,,0,Cerah,Sunny,https://api-apps.bmkg.go.id/storage/icon/cuaca/cerah-am.svg,2026-09-20T01:00:00Z
33,33.74,33.74.01,33.74.01.1004,33.74.01.1004,Jawa Tengah,Kota Semarang,Semarang Tengah,Kranggan,2026-09-19T12:00:00,2026-09-20 04:00:00,2026-09-20 11:00:00,15-16,34,45,0,2,8.9,NE,61,SW,,,0,Cerah,Sunny,https://api-apps.bmkg.go.id/storage/icon/cuaca/cerah-am.svg,2026-09-20T04:00:00Z
33,33.74,33.74.01,33.74.01.1004,33.74.01.1004,Jawa Tengah,Kota Semarang,Semarang Tengah,Kranggan,2026-09-19T12:00:00,2026-09-20 07:00:00,2026-09-20 14:00:00,18-19,32,60,0.1,18,12.6,NW,345,SE,,,1,Cerah,Sunny,https://api-apps.bmkg.go.id/storage/icon/cuaca/cerah-am.svg,2026-09-20T07:00:00Z
33,33.74,33.74.01,33.74.01.1004,33.74.01.1004,Jawa Tengah,Kota Semarang,Semarang Tengah,Kranggan,2026-09-19T12:00:00,2026-09-20 10:00:00,2026-09-20 17:00:00,21-22,29,78,0,6,8,W,285,E,,,0,Cerah,Sunny,https://api-apps.bmkg.go.id/storage/icon/cuaca/cerah-am.svg,2026-09-20T10:00:00Z
33,33.74,33.74.01,33.74.01.1004,33.74.01.1004,Jawa Tengah,Kota Semarang,Semarang Tengah,Kranggan,2026-09-19T12:00:00,2026-09-20 13:00:00,2026-09-20 20:00:00,24-25,28,78,0.2,9,3.3,SE,149,NW,,,0,Cerah,Sunny,https://api-apps.bmkg.go.id/storage/icon/cuaca/cerah-pm.svg,2026-09-20T13:00:00Z
33,33.74,33.74.01,33.74.01.1004,33.74.01.1004,Jawa Tengah,Kota Semarang,Semarang Tengah,Kranggan,2026-09-19T12:00:00,2026-09-20 16:00:00,2026-09-20 23:00:00,27-28,27,81,0,0,6.7,E,134,W,,,0,Cerah,Sunny,https://api-apps.bmkg.go.id/storage/icon/cuaca/cerah-pm.svg,2026-09-20T16:00:00Z
33,33.74,33.74.01,33.74.01.1004,33.74.01.1004,Jawa Tengah,Kota Semarang,Semarang Tengah,Kranggan,2026-09-19T12:00:00,2026-09-20 19:00:00,2026-09-21 02:00:00,30-31,26,78,0,0,9.3,SE,137,NW,,,0,Cerah,Sunny,https://api-apps.bmkg.go.id/storage/icon/cuaca/cerah-pm.svg,2026-09-20T19:00:00Z
33,33.74,33.74.01,33.74.01.1004,33.74.01.1004,Jawa Tengah,Kota Semarang,Semarang Tengah,Kranggan,2026-09-19T12:00:00,2026-09-20 22:00:00,2026-09-21 05:00:00,33-34,25,73,0,0,13.1,E,134,W,,,0,Cerah,Sunny,https://api-apps.bmkg.go.id/storage/icon/cuaca/cerah-pm.svg,2026-09-20T22:00:00Z
33,33.74,33.74.01,33.74.01.1004,33.74.01.1004,Jawa Tengah,Kota Semarang,Semarang Tengah,Kranggan,2026-09-19T12:00:00,2026-09-21 01:00:00,2026-09-21 08:00:00,36-37,30,56,0,0,16.1,E,117,W,,,0,Cerah,Sunny,https://api-apps.bmkg.go.id/storage/icon/cuaca/cerah-am.svg,2026-09-21T01:00:00Z
33,33.74,33.74.01,33.74.01.1004,33.74.01.1004,Jawa Tengah,Kota Semarang,Semarang Tengah,Kranggan,2026-09-19T12:00:00,2026-09-21 04:00:00,2026-09-21 11:00:00,39-40,34,44,0,29,12.6,E,97,W,,,1,Cerah,Sunny,https://api-apps.bmkg.go.id/storage/icon/cuaca/cerah-am.svg,2026-09-21T04:00:00Z
33,33.74,33.74.01,33.74.01.1004,33.74.01.1004,Jawa Tengah,Kota Semarang,Semarang Tengah,Kranggan,2026-09-19T12:00:00,2026-09-21 07:00:00,2026-09-21 14:00:00,42-43,32,62,0.1,19,11.1,NW,331,SE,,,1,Cerah,Sunny,https://api-apps.bmkg.go.id/storage/icon/cuaca/cerah-am.svg,2026-09-21T07:00:00Z
33,33.74,33.74.01,33.74.01.1004,33.74.01.1004,Jawa Tengah,Kota Semarang,Semarang Tengah,Kranggan,2026-09-19T12:00:00,2026-09-21 10:00:00,2026-09-21 17:00:00,45-46,29,71,0.1,10,10.8,W,281,E,,,1,Cerah,Sunny,https://api-apps.bmkg.go.id/storage/icon/cuaca/cerah-am.svg,2026-09-21T10:00:00Z
33,33.74,33.74.01,33.74.01.1004,33.74.01.1004,Jawa Tengah,Kota Semarang,Semarang Tengah,Kranggan,2026-09-19T12:00:00,2026-09-21 13:00:00,2026-09-21 20:00:00,48-49,27,82,0.2,30,6.7,E,98,W,,,1,Cerah,Sunny,https://api-apps.bmkg.go.id/storage/icon/cuaca/cerah-pm.svg,2026-09-21T13:00:00Z
33,33.74,33.74.01,33.74.01.1004,33.74.01.1004,Jawa Tengah,Kota Semarang,Semarang Tengah,Kranggan,2026-09-19T12:00:00,2026-09-21 16:00:00,2026-09-21 23:00:00,51-52,26,77,0,6,6.7,SE,139,NW,,,0,Cerah,Sunny,https://api-apps.bmkg.go.id/storage/icon/cuaca/cerah-pm.svg,2026-09-21T16:00:00Z
33,33.74,33.74.01,33.74.01.1005,33.74.01.1005,Jawa Tengah,Kota Semarang,Semarang Tengah,Gabahan,2026-09-19T12:00:00,2026-09-19 16:00:00,2026-09-19 23:00:00,3-4,26,73,0,33,4.7,SE,159,NW,,,1,Cerah,Sunny,https://api-apps.bmkg.go.id/storage/icon/cuaca/cerah-pm.svg,2026-09-19T16:00:00Z
33,33.74,33.74.01,33.74.01.1005,33.74.01.1005,Jawa Tengah,Kota Semarang,Semarang Tengah,Gabahan,2026-09-19T12:00:00,2026-09-19 19:00:00,2026-09-20 02:00:00,6-7,25,74,0,1,7,SE,142,NW,,,0,Cerah,Sunny,https://api-apps.bmkg.go.id/storage/icon/cuaca/cerah-pm.svg,2026-09-19T19:00:00Z
33,33.74,33.74.01,33.74.01.1005,33.74.01.1005,Jawa Tengah,Kota Semarang,Semarang Tengah,Gabahan,2026-09-19T12:00:00,2026-09-19 22:00:00,2026-09-20 05:00:00,9-10,25,69,0,0,8.3,E,130,W,,,0,Cerah,Sunny,https://api-apps.bmkg.go.id/storage/icon/cuaca/cerah-pm.svg,2026-09-19T22:00:00Z
33,33.74,33.74.01,33.74.01.1005,33.74.01.1005,Jawa Tengah,Kota Semarang,Semarang Tengah,Gabahan,2026-09-19T12:00:00,2026-09-20 01:00:00,2026-09-20 08:00:00,12-13,30,53,0,0,12.7,E,108,W,,,0,Cerah,Sunny,https://api-apps.bmkg.go.id/storage/icon/cuaca/cerah-am.svg,2026-09-20T01:00:00Z
33,33.74,33.74.01,33.74.01.1005,33.74.01.1005,Jawa Tengah,Kota Semarang,Semarang Tengah,Gabahan,2026-09-19T12:00:00,2026-09-20 04:00:00,2026-09-20 11:00:00,15-16,34,45,0,2,8.9,NE,61,SW,,,0,Cerah,Sunny,https://api-apps.bmkg.go.id/storage/icon/cuaca/cerah-am.svg,2026-09-20T04:00:00Z
33,33.74,33.74.01,33.74.01.1005,33.74.01.1005,Jawa Tengah,Kota Semarang,Semarang Tengah,Gabahan,2026-09-19T12:00:00,2026-09-20 07:00:00,2026-09-20 14:00:00,18-19,32,60,0.1,18,12.6,NW,345,SE,,,1,Cerah,Sunny,https://api-apps.bmkg.go.id/storage/icon/cuaca/cerah-am.svg,2026-09-20T07:00:00Z
33,33.74,33.74.01,33.74.01.1005,33.74.01.1005,Jawa Tengah,Kota Semarang,Semarang Tengah,Gabahan,2026-09-19T12:00:00,2026-09-20 10:00:00,2026-09-20 17:00:00,21-22,29,78,0,6,8,W,285,E,,,0,Cerah,Sunny,https://api-apps.bmkg.go.id/storage/icon/cuaca/cerah-am.svg,2026-09-20T10:00:00Z
33,33.74,33.74.01,33.74.01.1005,33.74.01.1005,Jawa Tengah,Kota Semarang,Semarang Tengah,Gabahan,2026-09-19T12:00:00,2026-09-20 13:00:00,2026-09-20 20:00:00,24-25,28,78,0.2,9,3.3,SE,149,NW,,,0,Cerah,Sunny,https://api-apps.bmkg.go.id/storage/icon/cuaca/cerah-pm.svg,2026-09-20T13:00:00Z
33,33.74,33.74.01,33.74.01.1005,33.74.01.1005,Jawa Tengah,Kota Semarang,Semarang Tengah,Gabahan,2026-09-19T12:00:00,2026-09-20 16:00:00,2026-09-20 23:00:00,27-28,27,81,0,0,6.7,E,134,W,,,0,Cerah,Sunny,https://api-apps.bmkg.go.id/storage/icon/cuaca/cerah-pm.svg,2026-09-20T16:00:00Z
33,33.74,33.74.01,33.74.01.1005,33.74.01.1005,Jawa Tengah,Kota Semarang,Semarang Tengah,Gabahan,2026-09-19T12:00:00,2026-09-20 19:00:00,2026-09-21 02:00:00,30-31,26,78,0,0,9.3,SE,137,NW,,,0,Cerah,Sunny,https://api-apps.bmkg.go.id/storage/icon/cuaca/cerah-pm.svg,2026-09-20T19:00:00Z
33,33.74,33.74.01,33.74.01.1005,33.74.01.1005,Jawa Tengah,Kota Semarang,Semarang Tengah,Gabahan,2026-09-19T12:00:00,2026-09-20 22:00:00,2026-09-21 05:00:00,33-34,25,73,0,0,13.1,E,134,W,,,0,Cerah,Sunny,https://api-apps.bmkg.go.id/storage/icon/cuaca/cerah-pm.svg,2026-09-20T22:00:00Z
33,33.74,33.74.01,33.74.01.1005,33.74.01.1005,Jawa Tengah,Kota Semarang,Semarang Tengah,Gabahan,2026-09-19T12:00:00,2026-09-21 01:00:00,2026-09-21 08:00:00,36-37,30,56,0,0,16.1,E,117,W,,,0,Cerah,Sunny,https://api-apps.bmkg.go.id/storage/icon/cuaca/cerah-am.svg,2026-09-21T01:00:00Z
33,33.74,33.74.01,33.74.01.1005,33.74.01.1005,Jawa Tengah,Kota Semarang,Semarang Tengah,Gabahan,2026-09-19T12:00:00,2026-09-21 04:00:00,2026-09-21 11:00:00,39-40,34,44,0,29,12.6,E,97,W,,,1,Cerah,Sunny,https://api-apps.bmkg.go.id/storage/icon/cuaca/cerah-am.svg,2026-09-21T04:00:00Z
33,33.74,33.74.01,33.74.01.1005,33.74.01.1005,Jawa Tengah,Kota Semarang,Semarang Tengah,Gabahan,2026-09-19T12:00:00,2026-09-21 07:00:00,2026-09-21 14:00:00,42-43,32,62,0.1,19,11.1,NW,331,SE,,,1,Cerah,Sunny,https://api-apps.bmkg.go.id/storage/icon/cuaca/cerah-am.svg,2026-09-21T07:00:00Z
33,33.74,33.74.01,33.74.01.1005,33.74.01.1005,Jawa Tengah,Kota Semarang,Semarang Tengah,Gabahan,2026-09-19T12:00:00,2026-09-21 10:00:00,2026-09-21 17:00:00,45-46,29,71,0.1,10,10.8,W,281,E,,,1,Cerah,Sunny,https://api-apps.bmkg.go.id/storage/icon/cuaca/cerah-am.svg,2026-09-21T10:00:00Z
33,33.74,33.74.01,33.74.01.1005,33.74.01.1005,Jawa Tengah,Kota Semarang,Semarang Tengah,Gabahan,2026-09-19T12:00:00,2026-09-21 13:00:00,2026-09-21 20:00:00,48-49,27,82,0.2,30,6.7,E,98,W,,,1,Cerah,Sunny,https://api-apps.bmkg.go.id/storage/icon/cuaca/cerah-pm.svg,2026-09-21T13:00:00Z
33,33.74,33.74.01,33.74.01.1005,33.74.01.1005,Jawa Tengah,Kota Semarang,Semarang Tengah,Gabahan,2026-09-19T12:00:00,2026-09-21 16:00:00,2026-09-21 23:00:00,51-52,26,77,0,6,6.7,SE,139,NW,,,0,Cerah,Sunny,https://api-apps.bmkg.go.id/storage/icon/cuaca/cerah-pm.svg,2026-09-21T16:00:00Z
33,33.74,33.74.01,33.74.01.1006,33.74.01.1006,Jawa Tengah,Kota Semarang,Semarang Tengah,Kembangsari,2026-09-19T12:00:00,2026-09-19 16:00:00,2026-09-19 23:00:00,3-4,26,73,0,33,4.7,SE,159,NW,,,1,Cerah,Sunny,https://api-apps.bmkg.go.id/storage/icon/cuaca/cerah-pm.svg,2026-09-19T16:00:00Z
33,33.74,33.74.01,33.74.01.1006,33.74.01.1006,Jawa Tengah,Kota Semarang,Semarang Tengah,Kembangsari,2026-09-19T12:00:00,2026-09-19 19:00:00,2026-09-20 02:00:00,6-7,25,74,0,1,7,SE,142,NW,,,0,Cerah,Sunny,https://api-apps.bmkg.go.id/storage/icon/cuaca/cerah-pm.svg,2026-09-19T19:00:00Z
33,33.74,33.74.01,33.74.01.1006,33.74.01.1006,Jawa Tengah,Kota Semarang,Semarang Tengah,Kembangsari,2026-09-19T12:00:00,2026-09-19 22:00:00,2026-09-20 05:00:00,9-10,25,69,0,0,8.3,E,130,W,,,0,Cerah,Sunny,https://api-apps.bmkg.go.id/storage/icon/cuaca/cerah-pm.svg,2026-09-19T22:00:00Z
33,33.74,33.74.01,33.74.01.1006,33.74.01.1006,Jawa Tengah,Kota Semarang,Semarang Tengah,Kembangsari,2026-09-19T12:00:00,2026-09-20 01:00:00,2026-09-20 08:00:00,12-13,30,53,0,0,12.7,E,108,W,,,0,Cerah,Sunny,https://api-apps.bmkg.go.id/storage/icon/cuaca/cerah-am.svg,2026-09-20T01:00:00Z
33,33.74,33.74.01,33.74.01.1006,33.74.01.1006,Jawa Tengah,Kota Semarang,Semarang Tengah,Kembangsari,2026-09-19T12:00:00,2026-09-20 04:00:00,2026-09-20 11:00:00,15-16,34,45,0,2,8.9,NE,61,SW,,,0,Cerah,Sunny,https://api-apps.bmkg.go.id/storage/icon/cuaca/cerah-am.svg,2026-09-20T04:00:00Z
33,33.74,33.74.01,33.74.01.1006,33.74.01.1006,Jawa Tengah,Kota Semarang,Semarang Tengah,Kembangsari,2026-09-19T12:00:00,2026-09-20 07:00:00,2026-09-20 14:00:00,18-19,32,60,0.1,18,12.6,NW,345,SE,,,1,Cerah,Sunny,https://api-apps.bmkg.go.id/storage/icon/cuaca/cerah-am.svg,2026-09-20T07:00:00Z
33,33.74,33.74.01,33.74.01.1006,33.74.01.1006,Jawa Tengah,Kota Semarang,Semarang Tengah,Kembangsari,2026-09-19T12:00:00,2026-09-20 10:00:00,2026-09-20 17:00:00,21-22,29,78,0,6,8,W,285,E,,,0,Cerah,Sunny,https://api-apps.bmkg.go.id/storage/icon/cuaca/cerah-am.svg,2026-09-20T10:00:00Z
33,33.74,33.74.01,33.74.01.1006,33.74.01.1006,Jawa Tengah,Kota Semarang,Semarang Tengah,Kembangsari,2026-09-19T12:00:00,2026-09-20 13:00:00,2026-09-20 20:00:00,24-25,28,78,0.2,9,3.3,SE,149,NW,,,0,Cerah,Sunny,https://api-apps.bmkg.go.id/storage/icon/cuaca/cerah-pm.svg,2026-09-20T13:00:00Z
33,33.74,33.74.01,33.74.01.1006,33.74.01.1006,Jawa Tengah,Kota Semarang,Semarang Tengah,Kembangsari,2026-09-19T12:00:00,2026-09-20 16:00:00,2026-09-20 23:00:00,27-28,27,81,0,0,6.7,E,134,W,,,0,Cerah,Sunny,https://api-apps.bmkg.go.id/storage/icon/cuaca/cerah-pm.svg,2026-09-20T16:00:00Z
33,33.74,33.74.01,33.74.01.1006,33.74.01.1006,Jawa Tengah,Kota Semarang,Semarang Tengah,Kembangsari,2026-09-19T12:00:00,2026-09-20 19:00:00,2026-09-21 02:00:00,30-31,26,78,0,0,9.3,SE,137,NW,,,0,Cerah,Sunny,https://api-apps.bmkg.go.id/storage/icon/cuaca/cerah-pm.svg,2026-09-20T19:00:00Z
33,33.74,33.74.01,33.74.01.1006,33.74.01.1006,Jawa Tengah,Kota Semarang,Semarang Tengah,Kembangsari,2026-09-19T12:00:00,2026-09-20 22:00:00,2026-09-21 05:00:00,33-34,25,73,0,0,13.1,E,134,W,,,0,Cerah,Sunny,https://api-apps.bmkg.go.id/storage/icon/cuaca/cerah-pm.svg,2026-09-20T22:00:00Z
33,33.74,33.74.01,33.74.01.1006,33.74.01.1006,Jawa Tengah,Kota Semarang,Semarang Tengah,Kembangsari,2026-09-19T12:00:00,2026-09-21 01:00:00,2026-09-21 08:00:00,36-37,30,56,0,0,16.1,E,117,W,,,0,Cerah,Sunny,https://api-apps.bmkg.go.id/storage/icon/cuaca/cerah-am.svg,2026-09-21T01:00:00Z
33,33.74,33.74.01,33.74.01.1006,33.74.01.1006,Jawa Tengah,Kota Semarang,Semarang Tengah,Kembangsari,2026-09-19T12:00:00,2026-09-21 04:00:00,2026-09-21 11:00:00,39-40,34,44,0,29,12.6,E,97,W,,,1,Cerah,Sunny,https://api-apps.bmkg.go.id/storage/icon/cuaca/cerah-am.svg,2026-09-21T04:00:00Z
33,33.74,33.74.01,33.74.01.1006,33.74.01.1006,Jawa Tengah,Kota Semarang,Semarang Tengah,Kembangsari,2026-09-19T12:00:00,2026-09-21 07:00:00,2026-09-21 14:00:00,42-43,32,62,0.1,19,11.1,NW,331,SE,,,1,Cerah,Sunny,https://api-apps.bmkg.go.id/storage/icon/cuaca/cerah-am.svg,2026-09-21T07:00:00Z
33,33.74,33.74.01,33.74.01.1006,33.74.01.1006,Jawa Tengah,Kota Semarang,Semarang Tengah,Kembangsari,2026-09-19T12:00:00,2026-09-21 10:00:00,2026-09-21 17:00:00,45-46,29,71,0.1,10,10.8,W,281,E,,,1,Cerah,Sunny,https://api-apps.bmkg.go.id/storage/icon/cuaca/cerah-am.svg,2026-09-21T10:00:00Z
33,33.74,33.74.01,33.74.01.1006,33.74.01.1006,Jawa Tengah,Kota Semarang,Semarang Tengah,Kembangsari,2026-09-19T12:00:00,2026-09-21 13:00:00,2026-09-21 20:00:00,48-49,27,82,0.2,30,6.7,E,98,W,,,1,Cerah,Sunny,https://api-apps.bmkg.go.id/storage/icon/cuaca/cerah-pm.svg,2026-09-21T13:00:00Z
33,33.74,33.74.01,33.74.01.1006,33.74.01.1006,Jawa Tengah,Kota Semarang,Semarang Tengah,Kembangsari,2026-09-19T12:00:00,2026-09-21 16:00:00,2026-09-21 23:00:00,51-52,26,77,0,6,6.7,SE,139,NW,,,0,Cerah,Sunny,https://api-apps.bmkg.go.id/storage/icon/cuaca/cerah-pm.svg,2026-09-21T16:00:00Z
33,33.74,33.74.01,33.74.01.1007,33.74.01.1007,Jawa Tengah,Kota Semarang,Semarang Tengah,Sekayu,2026-09-19T12:00:00,2026-09-19 15:00:00,2026-09-19 22:00:00,2-3,27,74,0,3,4.4,E,114,W,,,0,Cerah,Sunny,https://api-apps.bmkg.go.id/storage/icon/cuaca/cerah-pm.svg,2026-09-19T15:00:00Z
33,33.74,33.74.01,33.74.01.1007,33.74.01.1007,Jawa Tengah,Kota Semarang,Semarang Tengah,Sekayu,2026-09-19T12:00:00,2026-09-19 18:00:00,2026-09-20 01:00:00,5-6,25,75,0,0,4.7,SE,159,NW,,,0,Cerah,Sunny,https://api-apps.bmkg.go.id/storage/icon/cuaca/cerah-pm.svg,2026-09-19T18:00:00Z
33,33.74,33.74.01,33.74.01.1007,33.74.01.1007,Jawa Tengah,Kota Semarang,Semarang Tengah,Sekayu,2026-09-19T12:00:00,2026-09-19 21:00:00,2026-09-20 04:00:00,8-9,25,72,0,0,7,SE,142,NW,,,0,Cerah,Sunny,https://api-apps.bmkg.go.id/storage/icon/cuaca/cerah-pm.svg,2026-09-19T21:00:00Z
33,33.74,33.74.01,33.74.01.1007,33.74.01.1007,Jawa Tengah,Kota Semarang,Semarang Tengah,Sekayu,2026-09-19T12:00:00,2026-09-20 00:00:00,2026-09-20 07:00:00,11-12,29,56,0,4,8.3,E,130,W,,,0,Cerah,Sunny,https://api-apps.bmkg.go.id/storage/icon/cuaca/cerah-am.svg,2026-09-20T00:00:00Z
33,33.74,33.74.01,33.74.01.1007,33.74.01.1007,Jawa Tengah,Kota Semarang,Semarang Tengah,Sekayu,2026-09-19T12:00:00,2026-09-20 03:00:00,2026-09-20 10:00:00,14-15,33,47,0,1,12.7,E,108,W,,,0,Cerah,Sunny,https://api-apps.bmkg.go.id/storage/icon/cuaca/cerah-am.svg,2026-09-20T03:00:00Z
33,33.74,33.74.01,33.74.01.1007,33.74.01.1007,Jawa Tengah,Kota Semarang,Semarang Tengah,Sekayu,2026-09-19T12:00:00,2026-09-20 06:00:00,2026-09-20 13:00:00,17-18,34,49,0.1,5,8.9,NE,61,SW,,,0,Cerah,Sunny,https://api-apps.bmkg.go.id/storage/icon/cuaca/cerah-am.svg,2026-09-20T06:00:00Z
33,33.74,33.74.01,33.74.01.1007,33.74.01.1007,Jawa Tengah,Kota Semarang,Semarang Tengah,Sekayu,2026-09-19T12:00:00,2026-09-20 09:00:00,2026-09-20 16:00:00,20-21,29,74,0,13,12.6,NW,345,SE,,,1,Cerah,Sunny,https://api-apps.bmkg.go.id/storage/icon/cuaca/cerah-am.svg,2026-09-20T09:00:00Z
33,33.74,33.74.01,33.74.01.1007,33.74.01.1007,Jawa Tengah,Kota Semarang,Semarang Tengah,Sekayu,2026-09-19T12:00:00,2026-09-20 12:00:00,2026-09-20 19:00:00,23-24,28,76,0.2,17,8,W,285,E,,,1,Cerah,Sunny,https://api-apps.bmkg.go.id/storage/icon/cuaca/cerah-pm.svg,2026-09-20T12:00:00Z
33,33.74,33.74.01,33.74.01.1007,33.74.01.1007,Jawa Tengah,Kota Semarang,Semarang Tengah,Sekayu,2026-09-19T12:00:00,2026-09-20 15:00:00,2026-09-20 22:00:00,26-27,27,82,0,0,3.3,SE,149,NW,,,0,Cerah,Sunny,https://api-apps.bmkg.go.id/storage/icon/cuaca/cerah-pm.svg,2026-09-20T15:00:00Z
33,33.74,33.74.01,33.74.01.1007,33.74.01.1007,Jawa Tengah,Kota Semarang,Semarang Tengah,Sekayu,2026-09-19T12:00:00,2026-09-20 18:00:00,2026-09-21 01:00:00,29-30,26,80,0,0,6.7,E,134,W,,,0,Cerah,Sunny,https://api-apps.bmkg.go.id/storage/icon/cuaca/cerah-pm.svg,2026-09-20T18:00:00Z
33,33.74,33.74.01,33.74.01.1007,33.74.01.1007,Jawa Tengah,Kota Semarang,Semarang Tengah,Sekayu,2026-09-19T12:00:00,2026-09-20 21:00:00,2026-09-21 04:00:00,32-33,26,74,0,0,9.3,SE,137,NW,,,0,Cerah,Sunny,https://api-apps.bmkg.go.id/storage/icon/cuaca/cerah-pm.svg,2026-09-20T21:00:00Z
33,33.74,33.74.01,33.74.01.1007,33.74.01.1007,Jawa Tengah,Kota Semarang,Semarang Tengah,Sekayu,2026-09-19T12:00:00,2026-09-21 00:00:00,2026-09-21 07:00:00,35-36,28,61,0,0,13.1,E,134,W,,,0,Cerah,Sunny,https://api-apps.bmkg.go.id/storage/icon/cuaca/cerah-am.svg,2026-09-21T00:00:00Z
33,33.74,33.74.01,33.74.01.1007,33.74.01.1007,Jawa Tengah,Kota Semarang,Semarang Tengah,Sekayu,2026-09-19T12:00:00,2026-09-21 03:00:00,2026-09-21 10:00:00,38-39,33,46,0,4,16.1,E,117,W,,,0,Cerah,Sunny,https://api-apps.bmkg.go.id/storage/icon/cuaca/cerah-am.svg,2026-09-21T03:00:00Z
33,33.74,33.74.01,33.74.01.1007,33.74.01.1007,Jawa Tengah,Kota Semarang,Semarang Tengah,Sekayu,2026-09-19T12:00:00,2026-09-21 06:00:00,2026-09-21 13:00:00,41-42,34,52,0.1,17,12.6,E,97,W,,,1,Cerah,Sunny,https://api-apps.bmkg.go.id/storage/icon/cuaca/cerah-am.svg,2026-09-21T06:00:00Z
33,33.74,33.74.01,33.74.01.1007,33.74.01.1007,Jawa Tengah,Kota Semarang,Semarang Tengah,Sekayu,2026-09-19T12:00:00,2026-09-21 09:00:00,2026-09-21 16:00:00,44-45,30,67,0.1,14,11.1,NW,331,SE,,,1,Cerah,Sunny,https://api-apps.bmkg.go.id/storage/icon/cuaca/cerah-am.svg,2026-09-21T09:00:00Z
33,33.74,33.74.01,33.74.01.1007,33.74.01.1007,Jawa Tengah,Kota Semarang,Semarang Tengah,Sekayu,2026-09-19T12:00:00,2026-09-21 12:00:00,2026-09-21 19:00:00,47-48,28,77,0.2,38,10.8,W,281,E,,,1,Cerah,Sunny,https://api-apps.bmkg.go.id/storage/icon/cuaca/cerah-pm.svg,2026-09-21T12:00:00Z
33,33.74,33.74.01,33.74.01.1007,33.74.01.1007,Jawa Tengah,Kota Semarang,Semarang Tengah,Sekayu,2026-09-19T12:00:00,2026-09-21 15:00:00,2026-09-21 22:00:00,50-51,27,82,0,8,6.7,E,98,W,,,0,Cerah,Sunny,https://api-apps.bmkg.go.id/storage/icon/cuaca/cerah-pm.svg,2026-09-21T15:00:00Z
33,33.74,33.74.01,33.74.01.1008,33.74.01.1008,Jawa Tengah,Kota Semarang,Semarang Tengah,Pandansari,2026-09-19T12:00:00,2026-09-19 16:00:00,2026-09-19 23:00:00,3-4,26,73,0,33,4.7,SE,159,NW,,,1,Cerah,Sunny,https://api-apps.bmkg.go.id/storage/icon/cuaca/cerah-pm.svg,2026-09-19T16:00:00Z
33,33.74,33.74.01,33.74.01.1008,33.74.01.1008,Jawa Tengah,Kota Semarang,Semarang Tengah,Pandansari,2026-09-19T12:00:00,2026-09-19 19:00:00,2026-09-20 02:00:00,6-7,25,74,0,1,7,SE,142,NW,,,0,Cerah,Sunny,https://api-apps.bmkg.go.id/storage/icon/cuaca/cerah-pm.svg,2026-09-19T19:00:00Z
33,33.74,33.74.01,33.74.01.1008,33.74.01.1008,Jawa Tengah,Kota Semarang,Semarang Tengah,Pandansari,2026-09-19T12:00:00,2026-09-19 22:00:00,2026-09-20 05:00:00,9-10,25,69,0,0,8.3,E,130,W,,,0,Cerah,Sunny,https://api-apps.bmkg.go.id/storage/icon/cuaca/cerah-pm.svg,2026-09-19T22:00:00Z
33,33.74,33.74.01,33.74.01.1008,33.74.01.1008,Jawa Tengah,Kota Semarang,Semarang Tengah,Pandansari,2026-09-19T12:00:00,2026-09-20 01:00:00,2026-09-20 08:00:00,12-13,30,53,0,0,12.7,E,108,W,,,0,Cerah,Sunny,https://api-apps.bmkg.go.id/storage/icon/cuaca/cerah-am.svg,2026-09-20T01:00:00Z
33,33.74,33.74.01,33.74.01.1008,33.74.01.1008,Jawa Tengah,Kota Semarang,Semarang Tengah,Pandansari,2026-09-19T12:00:00,2026-09-20 04:00:00,2026-09-20 11:00:00,15-16,34,45,0,2,8.9,NE,61,SW,,,0,Cerah,Sunny,https://api-apps.bmkg.go.id/storage/icon/cuaca/cerah-am.svg,2026-09-20T04:00:00Z
33,33.74,33.74.01,33.74.01.1008,33.74.01.1008,Jawa Tengah,Kota Semarang,Semarang Tengah,Pandansari,2026-09-19T12:00:00,2026-09-20 07:00:00,2026-09-20 14:00:00,18-19,32,60,0.1,18,12.6,NW,345,SE,,,1,Cerah,Sunny,https://api-apps.bmkg.go.id/storage/icon/cuaca/cerah-am.svg,2026-09-20T07:00:00Z
33,33.74,33.74.01,33.74.01.1008,33.74.01.1008,Jawa Tengah,Kota Semarang,Semarang Tengah,Pandansari,2026-09-19T12:00:00,2026-09-20 10:00:00,2026-09-20 17:00:00,21-22,29,78,0,6,8,W,285,E,,,0,Cerah,Sunny,https://api-apps.bmkg.go.id/storage/icon/cuaca/cerah-am.svg,2026-09-20T10:00:00Z
33,33.74,33.74.01,33.74.01.1008,33.74.01.1008,Jawa Tengah,Kota Semarang,Semarang Tengah,Pandansari,2026-09-19T12:00:00,2026-09-20 13:00:00,2026-09-20 20:00:00,24-25,28,78,0.2,9,3.3,SE,149,NW,,,0,Cerah,Sunny,https://api-apps.bmkg.go.id/storage/icon/cuaca/cerah-pm.svg,2026-09-20T13:00:00Z
33,33.74,33.74.01,33.74.01.1008,33.74.01.1008,Jawa Tengah,Kota Semarang,Semarang Tengah,Pandansari,2026-09-19T12:00:00,2026-09-20 16:00:00,2026-09-20 23:00:00,27-28,27,81,0,0,6.7,E,134,W,,,0,Cerah,Sunny,https://api-apps.bmkg.go.id/storage/icon/cuaca/cerah-pm.svg,2026-09-20T16:00:00Z
33,33.74,33.74.01,33.74.01.1008,33.74.01.1008,Jawa Tengah,Kota Semarang,Semarang Tengah,Pandansari,2026-09-19T12:00:00,2026-09-20 19:00:00,2026-09-21 02:00:00,30-31,26,78,0,0,9.3,SE,137,NW,,,0,Cerah,Sunny,https://api-apps.bmkg.go.id/storage/icon/cuaca/cerah-pm.svg,2026-09-20T19:00:00Z
33,33.74,33.74.01,33.74.01.1008,33.74.01.1008,Jawa Tengah,Kota Semarang,Semarang Tengah,Pandansari,2026-09-19T12:00:00,2026-09-20 22:00:00,2026-09-21 05:00:00,33-34,25,73,0,0,13.1,E,134,W,,,0,Cerah,Sunny,https://api-apps.bmkg.go.id/storage/icon/cuaca/cerah-pm.svg,2026-09-20T22:00:00Z
33,33.74,33.74.01,33.74.01.1008,33.74.01.1008,Jawa Tengah,Kota Semarang,Semarang Tengah,Pandansari,2026-09-19T12:00:00,2026-09-21 01:00:00,2026-09-21 08:00:00,36-37,30,56,0,0,16.1,E,117,W,,,0,Cerah,Sunny,https://api-apps.bmkg.go.id/storage/icon/cuaca/cerah-am.svg,2026-09-21T01:00:00Z
33,33.74,33.74.01,33.74.01.1008,33.74.01.1008,Jawa Tengah,Kota Semarang,Semarang Tengah,Pandansari,2026-09-19T12:00:00,2026-09-21 04:00:00,2026-09-21 11:00:00,39-40,34,44,0,29,12.6,E,97,W,,,1,Cerah,Sunny,https://api-apps.bmkg.go.id/storage/icon/cuaca/cerah-am.svg,2026-09-21T04:00:00Z
33,33.74,33.74.01,33.74.01.1008,33.74.01.1008,Jawa Tengah,Kota Semarang,Semarang Tengah,Pandansari,2026-09-19T12:00:00,2026-09-21 07:00:00,2026-09-21 14:00:00,42-43,32,62,0.1,19,11.1,NW,331,SE,,,1,Cerah,Sunny,https://api-apps.bmkg.go.id/storage/icon/cuaca/cerah-am.svg,2026-09-21T07:00:00Z
33,33.74,33.74.01,33.74.01.1008,33.74.01.1008,Jawa Tengah,Kota Semarang,Semarang Tengah,Pandansari,2026-09-19T12:00:00,2026-09-21 10:00:00,2026-09-21 17:00:00,45-46,29,71,0.1,10,10.8,W,281,E,,,1,Cerah,Sunny,https://api-apps.bmkg.go.id/storage/icon/cuaca/cerah-am.svg,2026-09-21T10:00:00Z
33,33.74,33.74.01,33.74.01.1008,33.74.01.1008,Jawa Tengah,Kota Semarang,Semarang Tengah,Pandansari,2026-09-19T12:00:00,2026-09-21 13:00:00,2026-09-21 20:00:00,48-49,27,82,0.2,30,6.7,E,98,W,,,1,Cerah,Sunny,https://api-apps.bmkg.go.id/storage/icon/cuaca/cerah-pm.svg,2026-09-21T13:00:00Z
33,33.74,33.74.01,33.74.01.1008,33.74.01.1008,Jawa Tengah,Kota Semarang,Semarang Tengah,Pandansari,2026-09-19T12:00:00,2026-09-21 16:00:00,2026-09-21 23:00:00,51-52,26,77,0,6,6.7,SE,139,NW,,,0,Cerah,Sunny,https://api-apps.bmkg.go.id/storage/icon/cuaca/cerah-pm.svg,2026-09-21T16:00:00Z
33,33.74,33.74.01,33.74.01.1009,33.74.01.1009,Jawa Tengah,Kota Semarang,Semarang Tengah,Bangunharjo,2026-09-19T12:00:00,2026-09-19 16:00:00,2026-09-19 23:00:00,3-4,26,73,0,33,4.7,SE,159,NW,,,1,Cerah,Sunny,https://api-apps.bmkg.go.id/storage/icon/cuaca/cerah-pm.svg,2026-09-19T16:00:00Z
33,33.74,33.74.01,33.74.01.1009,33.74.01.1009,Jawa Tengah,Kota Semarang,Semarang Tengah,Bangunharjo,2026-09-19T12:00:00,2026-09-19 19:00:00,2026-09-20 02:00:00,6-7,25,74,0,1,7,SE,142,NW,,,0,Cerah,Sunny,https://api-apps.bmkg.go.id/storage/icon/cuaca/cerah-pm.svg,2026-09-19T19:00:00Z
33,33.74,33.74.01,33.74.01.1009,33.74.01.1009,Jawa Tengah,Kota Semarang,Semarang Tengah,Bangunharjo,2026-09-19T12:00:00,2026-09-19 22:00:00,2026-09-20 05:00:00,9-10,25,69,0,0,8.3,E,130,W,,,0,Cerah,Sunny,https://api-apps.bmkg.go.id/storage/icon/cuaca/cerah-pm.svg,2026-09-19T22:00:00Z
33,33.74,33.74.01,33.74.01.1009,33.74.01.1009,Jawa Tengah,Kota Semarang,Semarang Tengah,Bangunharjo,2026-09-19T12:00:00,2026-09-20 01:00:00,2026-09-20 08:00:00,12-13,30,53,0,0,12.7,E,108,W,,,0,Cerah,Sunny,https://api-apps.bmkg.go.id/storage/icon/cuaca/cerah-am.svg,2026-09-20T01:00:00Z
33,33.74,33.74.01,33.74.01.1009,33.74.01.1009,Jawa Tengah,Kota Semarang,Semarang Tengah,Bangunharjo,2026-09-19T12:00:00,2026-09-20 04:00:00,2026-09-20 11:00:00,15-16,34,45,0,2,8.9,NE,61,SW,,,0,Cerah,Sunny,https://api-apps.bmkg.go.id/storage/icon/cuaca/cerah-am.svg,2026-09-20T04:00:00Z
33,33.74,33.74.01,33.74.01.1009,33.74.01.1009,Jawa Tengah,Kota Semarang,Semarang Tengah,Bangunharjo,2026-09-19T12:00:00,2026-09-20 07:00:00,2026-09-20 14:00:00,18-19,32,60,0.1,18,12.6,NW,345,SE,,,1,Cerah,Sunny,https://api-apps.bmkg.go.id/storage/icon/cuaca/cerah-am.svg,2026-09-20T07:00:00Z
33,33.74,33.74.01,33.74.01.1009,33.74.01.1009,Jawa Tengah,Kota Semarang,Semarang Tengah,Bangunharjo,2026-09-19T12:00:00,2026-09-20 10:00:00,2026-09-20 17:00:00,21-22,29,78,0,6,8,W,285,E,,,0,Cerah,Sunny,https://api-apps.bmkg.go.id/storage/icon/cuaca/cerah-am.svg,2026-09-20T10:00:00Z
33,33.74,33.74.01,33.74.01.1009,33.74.01.1009,Jawa Tengah,Kota Semarang,Semarang Tengah,Bangunharjo,2026-09-19T12:00:00,2026-09-20 13:00:00,2026-09-20 20:00:00,24-25,28,78,0.2,9,3.3,SE,149,NW,,,0,Cerah,Sunny,https://api-apps.bmkg.go.id/storage/icon/cuaca/cerah-pm.svg,2026-09-20T13:00:00Z
33,33.74,33.74.01,33.74.01.1009,33.74.01.1009,Jawa Tengah,Kota Semarang,Semarang Tengah,Bangunharjo,2026-09-19T12:00:00,2026-09-20 16:00:00,2026-09-20 23:00:00,27-28,27,81,0,0,6.7,E,134,W,,,0,Cerah,Sunny,https://api-apps.bmkg.go.id/storage/icon/cuaca/cerah-pm.svg,2026-09-20T16:00:00Z
33,33.74,33.74.01,33.74.01.1009,33.74.01.1009,Jawa Tengah,Kota Semarang,Semarang Tengah,Bangunharjo,2026-09-19T12:00:00,2026-09-20 19:00:00,2026-09-21 02:00:00,30-31,26,78,0,0,9.3,SE,137,NW,,,0,Cerah,Sunny,https://api-apps.bmkg.go.id/storage/icon/cuaca/cerah-pm.svg,2026-09-20T19:00:00Z
33,33.74,33.74.01,33.74.01.1009,33.74.01.1009,Jawa Tengah,Kota Semarang,Semarang Tengah,Bangunharjo,2026-09-19T12:00:00,2026-09-20 22:00:00,2026-09-21 05:00:00,33-34,25,73,0,0,13.1,E,134,W,,,0,Cerah,Sunny,https://api-apps.bmkg.go.id/storage/icon/cuaca/cerah-pm.svg,2026-09-20T22:00:00Z
33,33.74,33.74.01,33.74.01.1009,33.74.01.1009,Jawa Tengah,Kota Semarang,Semarang Tengah,Bangunharjo,2026-09-19T12:00:00,2026-09-21 01:00:00,2026-09-21 08:00:00,36-37,30,56,0,0,16.1,E,117,W,,,0,Cerah,Sunny,https://api-apps.bmkg.go.id/storage/icon/cuaca/cerah-am.svg,2026-09-21T01:00:00Z
33,33.74,33.74.01,33.74.01.1009,33.74.01.1009,Jawa Tengah,Kota Semarang,Semarang Tengah,Bangunharjo,2026-09-19T12:00:00,2026-09-21 04:00:00,2026-09-21 11:00:00,39-40,34,44,0,29,12.6,E,97,W,,,1,Cerah,Sunny,https://api-apps.bmkg.go.id/storage/icon/cuaca/cerah-am.svg,2026-09-21T04:00:00Z
33,33.74,33.74.01,33.74.01.1009,33.74.01.1009,Jawa Tengah,Kota Semarang,Semarang Tengah,Bangunharjo,2026-09-19T12:00:00,2026-09-21 07:00:00,2026-09-21 14:00:00,42-43,32,62,0.1,19,11.1,NW,331,SE,,,1,Cerah,Sunny,https://api-apps.bmkg.go.id/storage/icon/cuaca/cerah-am.svg,2026-09-21T07:00:00Z
33,33.74,33.74.01,33.74.01.1009,33.74.01.1009,Jawa Tengah,Kota Semarang,Semarang Tengah,Bangunharjo,2026-09-19T12:00:00,2026-09-21 10:00:00,2026-09-21 17:00:00,45-46,29,71,0.1,10,10.8,W,281,E,,,1,Cerah,Sunny,https://api-apps.bmkg.go.id/storage/icon/cuaca/cerah-am.svg,2026-09-21T10:00:00Z
33,33.74,33.74.01,33.74.01.1009,33.74.01.1009,Jawa Tengah,Kota Semarang,Semarang Tengah,Bangunharjo,2026-09-19T12:00:00,2026-09-21 13:00:00,2026-09-21 20:00:00,48-49,27,82,0.2,30,6.7,E,98,W,,,1,Cerah,Sunny,https://api-apps.bmkg.go.id/storage/icon/cuaca/cerah-pm.svg,2026-09-21T13:00:00Z
33,33.74,33.74.01,33.74.01.1009,33.74.01.1009,Jawa Tengah,Kota Semarang,Semarang Tengah,Bangunharjo,2026-09-19T12:00:00,2026-09-21 16:00:00,2026-09-21 23:00:00,51-52,26,77,0,6,6.7,SE,139,NW,,,0,Cerah,Sunny,https://api-apps.bmkg.go.id/storage/icon/cuaca/cerah-pm.svg,2026-09-21T16:00:00Z
33,33.74,33.74.01,33.74.01.1010,33.74.01.1010,Jawa Tengah,Kota Semarang,Semarang Tengah,Kauman,2026-09-19T12:00:00,2026-09-19 16:00:00,2026-09-19 23:00:00,3-4,26,73,0,33,4.7,SE,159,NW,,,1,Cerah,Sunny,https://api-apps.bmkg.go.id/storage/icon/cuaca/cerah-pm.svg,2026-09-19T16:00:00Z
33,33.74,33.74.01,33.74.01.1010,33.74.01.1010,Jawa Tengah,Kota Semarang,Semarang Tengah,Kauman,2026-09-19T12:00:00,2026-09-19 19:00:00,2026-09-20 02:00:00,6-7,25,74,0,1,7,SE,142,NW,,,0,Cerah,Sunny,https://api-apps.bmkg.go.id/storage/icon/cuaca/cerah-pm.svg,2026-09-19T19:00:00Z
33,33.74,33.74.01,33.74.01.1010,33.74.01.1010,Jawa Tengah,Kota Semarang,Semarang Tengah,Kauman,2026-09-19T12:00:00,2026-09-19 22:00:00,2026-09-20 05:00:00,9-10,25,69,0,0,8.3,E,130,W,,,0,Cerah,Sunny,https://api-apps.bmkg.go.id/storage/icon/cuaca/cerah-pm.svg,2026-09-19T22:00:00Z
33,33.74,33.74.01,33.74.01.1010,33.74.01.1010,Jawa Tengah,Kota Semarang,Semarang Tengah,Kauman,2026-09-19T12:00:00,2026-09-20 01:00:00,2026-09-20 08:00:00,12-13,30,53,0,0,12.7,E,108,W,,,0,Cerah,Sunny,https://api-apps.bmkg.go.id/storage/icon/cuaca/cerah-am.svg,2026-09-20T01:00:00Z
33,33.74,33.74.01,33.74.01.1010,33.74.01.1010,Jawa Tengah,Kota Semarang,Semarang Tengah,Kauman,2026-09-19T12:00:00,2026-09-20 04:00:00,2026-09-20 11:00:00,15-16,34,45,0,2,8.9,NE,61,SW,,,0,Cerah,Sunny,https://api-apps.bmkg.go.id/storage/icon/cuaca/cerah-am.svg,2026-09-20T04:00:00Z
33,33.74,33.74.01,33.74.01.1010,33.74.01.1010,Jawa Tengah,Kota Semarang,Semarang Tengah,Kauman,2026-09-19T12:00:00,2026-09-20 07:00:00,2026-09-20 14:00:00,18-19,32,60,0.1,18,12.6,NW,345,SE,,,1,Cerah,Sunny,https://api-apps.bmkg.go.id/storage/icon/cuaca/cerah-am.svg,2026-09-20T07:00:00Z
33,33.74,33.74.01,33.74.01.1010,33.74.01.1010,Jawa Tengah,Kota Semarang,Semarang Tengah,Kauman,2026-09-19T12:00:00,2026-09-20 10:00:00,2026-09-20 17:00:00,21-22,29,78,0,6,8,W,285,E,,,0,Cerah,Sunny,https://api-apps.bmkg.go.id/storage/icon/cuaca/cerah-am.svg,2026-09-20T10:00:00Z
33,33.74,33.74.01,33.74.01.1010,33.74.01.1010,Jawa Tengah,Kota Semarang,Semarang Tengah,Kauman,2026-09-19T12:00:00,2026-09-20 13:00:00,2026-09-20 20:00:00,24-25,28,78,0.2,9,3.3,SE,149,NW,,,0,Cerah,Sunny,https://api-apps.bmkg.go.id/storage/icon/cuaca/cerah-pm.svg,2026-09-20T13:00:00Z
33,33.74,33.74.01,33.74.01.1010,33.74.01.1010,Jawa Tengah,Kota Semarang,Semarang Tengah,Kauman,2026-09-19T12:00:00,2026-09-20 16:00:00,2026-09-20 23:00:00,27-28,27,81,0,0,6.7,E,134,W,,,0,Cerah,Sunny,https://api-apps.bmkg.go.id/storage/icon/cuaca/cerah-pm.svg,2026-09-20T16:00:00Z
33,33.74,33.74.01,33.74.01.1010,33.74.01.1010,Jawa Tengah,Kota Semarang,Semarang Tengah,Kauman,2026-09-19T12:00:00,2026-09-20 19:00:00,2026-09-21 02:00:00,30-31,26,78,0,0,9.3,SE,137,NW,,,0,Cerah,Sunny,https://api-apps.bmkg.go.id/storage/icon/cuaca/cerah-pm.svg,2026-09-20T19:00:00Z
33,33.74,33.74.01,33.74.01.1010,33.74.01.1010,Jawa Tengah,Kota Semarang,Semarang Tengah,Kauman,2026-09-19T12:00:00,2026-09-20 22:00:00,2026-09-21 05:00:00,33-34,25,73,0,0,13.1,E,134,W,,,0,Cerah,Sunny,https://api-apps.bmkg.go.id/storage/icon/cuaca/cerah-pm.svg,2026-09-20T22:00:00Z
33,33.74,33.74.01,33.74.01.1010,33.74.01.1010,Jawa Tengah,Kota Semarang,Semarang Tengah,Kauman,2026-09-19T12:00:00,2026-09-21 01:00:00,2026-09-21 08:00:00,36-37,30,56,0,0,16.1,E,117,W,,,0,Cerah,Sunny,https://api-apps.bmkg.go.id/storage/icon/cuaca/cerah-am.svg,2026-09-21T01:00:00Z
33,33.74,33.74.01,33.74.01.1010,33.74.01.1010,Jawa Tengah,Kota Semarang,Semarang Tengah,Kauman,2026-09-19T12:00:00,2026-09-21 04:00:00,2026-09-21 11:00:00,39-40,34,44,0,29,12.6,E,97,W,,,1,Cerah,Sunny,https://api-apps.bmkg.go.id/storage/icon/cuaca/cerah-am.svg,2026-09-21T04:00:00Z
33,33.74,33.74.01,33.74.01.1010,33.74.01.1010,Jawa Tengah,Kota Semarang,Semarang Tengah,Kauman,2026-09-19T12:00:00,2026-09-21 07:00:00,2026-09-21 14:00:00,42-43,32,62,0.1,19,11.1,NW,331,SE,,,1,Cerah,Sunny,https://api-apps.bmkg.go.id/storage/icon/cuaca/cerah-am.svg,2026-09-21T07:00:00Z
33,33.74,33.74.01,33.74.01.1010,33.74.01.1010,Jawa Tengah,Kota Semarang,Semarang Tengah,Kauman,2026-09-19T12:00:00,2026-09-21 10:00:00,2026-09-21 17:00:00,45-46,29,71,0.1,10,10.8,W,281,E,,,1,Cerah,Sunny,https://api-apps.bmkg.go.id/storage/icon/cuaca/cerah-am.svg,2026-09-21T10:00:00Z
33,33.74,33.74.01,33.74.01.1010,33.74.01.1010,Jawa Tengah,Kota Semarang,Semarang Tengah,Kauman,2026-09-19T12:00:00,2026-09-21 13:00:00,2026-09-21 20:00:00,48-49,27,82,0.2,30,6.7,E,98,W,,,1,Cerah,Sunny,https://api-apps.bmkg.go.id/storage/icon/cuaca/cerah-pm.svg,2026-09-21T13:00:00Z
33,33.74,33.74.01,33.74.01.1010,33.74.01.1010,Jawa Tengah,Kota Semarang,Semarang Tengah,Kauman,2026-09-19T12:00:00,2026-09-21 16:00:00,2026-09-21 23:00:00,51-52,26,77,0,6,6.7,SE,139,NW,,,0,Cerah,Sunny,https://api-apps.bmkg.go.id/storage/icon/cuaca/cerah-pm.svg,2026-09-21T16:00:00Z
33,33.74,33.74.01,33.74.01.1011,33.74.01.1011,Jawa Tengah,Kota Semarang,Semarang Tengah,Purwodinatan,2026-09-19T12:00:00,2026-09-19 16:00:00,2026-09-19 23:00:00,3-4,26,73,0,33,4.7,SE,159,NW,,,1,Cerah,Sunny,https://api-apps.bmkg.go.id/storage/icon/cuaca/cerah-pm.svg,2026-09-19T16:00:00Z
33,33.74,33.74.01,33.74.01.1011,33.74.01.1011,Jawa Tengah,Kota Semarang,Semarang Tengah,Purwodinatan,2026-09-19T12:00:00,2026-09-19 19:00:00,2026-09-20 02:00:00,6-7,25,74,0,1,7,SE,142,NW,,,0,Cerah,Sunny,https://api-apps.bmkg.go.id/storage/icon/cuaca/cerah-pm.svg,2026-09-19T19:00:00Z
33,33.74,33.74.01,33.74.01.1011,33.74.01.1011,Jawa Tengah,Kota Semarang,Semarang Tengah,Purwodinatan,2026-09-19T12:00:00,2026-09-19 22:00:00,2026-09-20 05:00:00,9-10,25,69,0,0,8.3,E,130,W,,,0,Cerah,Sunny,https://api-apps.bmkg.go.id/storage/icon/cuaca/cerah-pm.svg,2026-09-19T22:00:00Z
33,33.74,33.74.01,33.74.01.1011,33.74.01.1011,Jawa Tengah,Kota Semarang,Semarang Tengah,Purwodinatan,2026-09-19T12:00:00,2026-09-20 01:00:00,2026-09-20 08:00:00,12-13,30,53,0,0,12.7,E,108,W,,,0,Cerah,Sunny,https://api-apps.bmkg.go.id/storage/icon/cuaca/cerah-am.svg,2026-09-20T01:00:00Z
33,33.74,33.74.01,33.74.01.1011,33.74.01.1011,Jawa Tengah,Kota Semarang,Semarang Tengah,Purwodinatan,2026-09-19T12:00:00,2026-09-20 04:00:00,2026-09-20 11:00:00,15-16,34,45,0,2,8.9,NE,61,SW,,,0,Cerah,Sunny,https://api-apps.bmkg.go.id/storage/icon/cuaca/cerah-am.svg,2026-09-20T04:00:00Z
33,33.74,33.74.01,33.74.01.1011,33.74.01.1011,Jawa Tengah,Kota Semarang,Semarang Tengah,Purwodinatan,2026-09-19T12:00:00,2026-09-20 07:00:00,2026-09-20 14:00:00,18-19,32,60,0.1,18,12.6,NW,345,SE,,,1,Cerah,Sunny,https://api-apps.bmkg.go.id/storage/icon/cuaca/cerah-am.svg,2026-09-20T07:00:00Z
33,33.74,33.74.01,33.74.01.1011,33.74.01.1011,Jawa Tengah,Kota Semarang,Semarang Tengah,Purwodinatan,2026-09-19T12:00:00,2026-09-20 10:00:00,2026-09-20 17:00:00,21-22,29,78,0,6,8,W,285,E,,,0,Cerah,Sunny,https://api-apps.bmkg.go.id/storage/icon/cuaca/cerah-am.svg,2026-09-20T10:00:00Z
33,33.74,33.74.01,33.74.01.1011,33.74.01.1011,Jawa Tengah,Kota Semarang,Semarang Tengah,Purwodinatan,2026-09-19T12:00:00,2026-09-20 13:00:00,2026-09-20 20:00:00,24-25,28,78,0.2,9,3.3,SE,149,NW,,,0,Cerah,Sunny,https://api-apps.bmkg.go.id/storage/icon/cuaca/cerah-pm.svg,2026-09-20T13:00:00Z
33,33.74,33.74.01,33.74.01.1011,33.74.01.1011,Jawa Tengah,Kota Semarang,Semarang Tengah,Purwodinatan,2026-09-19T12:00:00,2026-09-20 16:00:00,2026-09-20 23:00:00,27-28,27,81,0,0,6.7,E,134,W,,,0,Cerah,Sunny,https://api-apps.bmkg.go.id/storage/icon/cuaca/cerah-pm.svg,2026-09-20T16:00:00Z
33,33.74,33.74.01,33.74.01.1011,33.74.01.1011,Jawa Tengah,Kota Semarang,Semarang Tengah,Purwodinatan,2026-09-19T12:00:00,2026-09-20 19:00:00,2026-09-21 02:00:00,30-31,26,78,0,0,9.3,SE,137,NW,,,0,Cerah,Sunny,https://api-apps.bmkg.go.id/storage/icon/cuaca/cerah-pm.svg,2026-09-20T19:00:00Z
33,33.74,33.74.01,33.74.01.1011,33.74.01.1011,Jawa Tengah,Kota Semarang,Semarang Tengah,Purwodinatan,2026-09-19T12:00:00,2026-09-20 22:00:00,2026-09-21 05:00:00,33-34,25,73,0,0,13.1,E,134,W,,,0,Cerah,Sunny,https://api-apps.bmkg.go.id/storage/icon/cuaca/cerah-pm.svg,2026-09-20T22:00:00Z
33,33.74,33.74.01,33.74.01.1011,33.74.01.1011,Jawa Tengah,Kota Semarang,Semarang Tengah,Purwodinatan,2026-09-19T12:00:00,2026-09-21 01:00:00,2026-09-21 08:00:00,36-37,30,56,0,0,16.1,E,117,W,,,0,Cerah,Sunny,https://api-apps.bmkg.go.id/storage/icon/cuaca/cerah-am.svg,2026-09-21T01:00:00Z
33,33.74,33.74.01,33.74.01.1011,33.74.01.1011,Jawa Tengah,Kota Semarang,Semarang Tengah,Purwodinatan,2026-09-19T12:00:00,2026-09-21 04:00:00,2026-09-21 11:00:00,39-40,34,44,0,29,12.6,E,97,W,,,1,Cerah,Sunny,https://api-apps.bmkg.go.id/storage/icon/cuaca/cerah-am.svg,2026-09-21T04:00:00Z
33,33.74,33.74.01,33.74.01.1011,33.74.01.1011,Jawa Tengah,Kota Semarang,Semarang Tengah,Purwodinatan,2026-09-19T12:00:00,2026-09-21 07:00:00,2026-09-21 14:00:00,42-43,32,62,0.1,19,11.1,NW,331,SE,,,1,Cerah,Sunny,https://api-apps.bmkg.go.id/storage/icon/cuaca/cerah-am.svg,2026-09-21T07:00:00Z
33,33.74,33.74.01,33.74.01.1011,33.74.01.1011,Jawa Tengah,Kota Semarang,Semarang Tengah,Purwodinatan,2026-09-19T12:00:00,2026-09-21 10:00:00,2026-09-21 17:00:00,45-46,29,71,0.1,10,10.8,W,281,E,,,1,Cerah,Sunny,https://api-apps.bmkg.go.id/storage/icon/cuaca/cerah-am.svg,2026-09-21T10:00:00Z
33,33.74,33.74.01,33.74.01.1011,33.74.01.1011,Jawa Tengah,Kota Semarang,Semarang Tengah,Purwodinatan,2026-09-19T12:00:00,2026-09-21 13:00:00,2026-09-21 20:00:00,48-49,27,82,0.2,30,6.7,E,98,W,,,1,Cerah,Sunny,https://api-apps.bmkg.go.id/storage/icon/cuaca/cerah-pm.svg,2026-09-21T13:00:00Z
33,33.74,33.74.01,33.74.01.1011,33.74.01.1011,Jawa Tengah,Kota Semarang,Semarang Tengah,Purwodinatan,2026-09-19T12:00:00,2026-09-21 16:00:00,2026-09-21 23:00:00,51-52,26,77,0,6,6.7,SE,139,NW,,,0,Cerah,Sunny,https://api-apps.bmkg.go.id/storage/icon/cuaca/cerah-pm.svg,2026-09-21T16:00:00Z
33,33.74,33.74.01,33.74.01.1012,33.74.01.1012,Jawa Tengah,Kota Semarang,Semarang Tengah,Karang Kidul,2026-09-19T12:00:00,2026-09-19 16:00:00,2026-09-19 23:00:00,3-4,26,76,0,37,4.7,SE,159,NW,,,1,Cerah,Sunny,https://api-apps.bmkg.go.id/storage/icon/cuaca/cerah-pm.svg,2026-09-19T16:00:00Z
33,33.74,33.74.01,33.74.01.1012,33.74.01.1012,Jawa Tengah,Kota Semarang,Semarang Tengah,Karang Kidul,2026-09-19T12:00:00,2026-09-19 19:00:00,2026-09-20 02:00:00,6-7,25,76,0,1,7,SE,142,NW,,,0,Cerah,Sunny,https://api-apps.bmkg.go.id/storage/icon/cuaca/cerah-pm.svg,2026-09-19T19:00:00Z
33,33.74,33.74.01,33.74.01.1012,33.74.01.1012,Jawa Tengah,Kota Semarang,Semarang Tengah,Karang Kidul,2026-09-19T12:00:00,2026-09-19 22:00:00,2026-09-20 05:00:00,9-10,25,69,0,0,8.3,E,130,W,,,0,Cerah,Sunny,https://api-apps.bmkg.go.id/storage/icon/cuaca/cerah-pm.svg,2026-09-19T22:00:00Z
33,33.74,33.74.01,33.74.01.1012,33.74.01.1012,Jawa Tengah,Kota Semarang,Semarang Tengah,Karang Kidul,2026-09-19T12:00:00,2026-09-20 01:00:00,2026-09-20 08:00:00,12-13,30,51,0,0,12.7,E,108,W,,,0,Cerah,Sunny,https://api-apps.bmkg.go.id/storage/icon/cuaca/cerah-am.svg,2026-09-20T01:00:00Z
33,33.74,33.74.01,33.74.01.1012,33.74.01.1012,Jawa Tengah,Kota Semarang,Semarang Tengah,Karang Kidul,2026-09-19T12:00:00,2026-09-20 04:00:00,2026-09-20 11:00:00,15-16,35,40,0,2,8.9,NE,61,SW,,,0,Cerah,Sunny,https://api-apps.bmkg.go.id/storage/icon/cuaca/cerah-am.svg,2026-09-20T04:00:00Z
33,33.74,33.74.01,33.74.01.1012,33.74.01.1012,Jawa Tengah,Kota Semarang,Semarang Tengah,Karang Kidul,2026-09-19T12:00:00,2026-09-20 07:00:00,2026-09-20 14:00:00,18-19,32,55,0.1,21,12.6,NW,345,SE,,,1,Cerah,Sunny,https://api-apps.bmkg.go.id/storage/icon/cuaca/cerah-am.svg,2026-09-20T07:00:00Z
33,33.74,33.74.01,33.74.01.1012,33.74.01.1012,Jawa Tengah,Kota Semarang,Semarang Tengah,Karang Kidul,2026-09-19T12:00:00,2026-09-20 10:00:00,2026-09-20 17:00:00,21-22,29,78,0,6,8,W,285,E,,,0,Cerah,Sunny,https://api-apps.bmkg.go.id/storage/icon/cuaca/cerah-am.svg,2026-09-20T10:00:00Z
33,33.74,33.74.01,33.74.01.1012,33.74.01.1012,Jawa Tengah,Kota Semarang,Semarang Tengah,Karang Kidul,2026-09-19T12:00:00,2026-09-20 13:00:00,2026-09-20 20:00:00,24-25,27,78,0.2,13,3.3,SE,149,NW,,,1,Cerah,Sunny,https://api-apps.bmkg.go.id/storage/icon/cuaca/cerah-pm.svg,2026-09-20T13:00:00Z
33,33.74,33.74.01,33.74.01.1012,33.74.01.1012,Jawa Tengah,Kota Semarang,Semarang Tengah,Karang Kidul,2026-09-19T12:00:00,2026-09-20 16:00:00,2026-09-20 23:00:00,27-28,26,81,0,0,6.7,E,134,W,,,0,Cerah,Sunny,https://api-apps.bmkg.go.id/storage/icon/cuaca/cerah-pm.svg,2026-09-20T16:00:00Z
33,33.74,33.74.01,33.74.01.1012,33.74.01.1012,Jawa Tengah,Kota Semarang,Semarang Tengah,Karang Kidul,2026-09-19T12:00:00,2026-09-20 19:00:00,2026-09-21 02:00:00,30-31,26,79,0,0,9.3,SE,137,NW,,,0,Cerah,Sunny,https://api-apps.bmkg.go.id/storage/icon/cuaca/cerah-pm.svg,2026-09-20T19:00:00Z
33,33.74,33.74.01,33.74.01.1012,33.74.01.1012,Jawa Tengah,Kota Semarang,Semarang Tengah,Karang Kidul,2026-09-19T12:00:00,2026-09-20 22:00:00,2026-09-21 05:00:00,33-34,25,72,0,0,13.1,E,134,W,,,0,Cerah,Sunny,https://api-apps.bmkg.go.id/storage/icon/cuaca/cerah-pm.svg,2026-09-20T22:00:00Z
33,33.74,33.74.01,33.74.01.1012,33.74.01.1012,Jawa Tengah,Kota Semarang,Semarang Tengah,Karang Kidul,2026-09-19T12:00:00,2026-09-21 01:00:00,2026-09-21 08:00:00,36-37,30,53,0,0,16.1,E,117,W,,,0,Cerah,Sunny,https://api-apps.bmkg.go.id/storage/icon/cuaca/cerah-am.svg,2026-09-21T01:00:00Z
33,33.74,33.74.01,33.74.01.1012,33.74.01.1012,Jawa Tengah,Kota Semarang,Semarang Tengah,Karang Kidul,2026-09-19T12:00:00,2026-09-21 04:00:00,2026-09-21 11:00:00,39-40,35,40,0,31,12.6,E,97,W,,,1,Cerah,Sunny,https://api-apps.bmkg.go.id/storage/icon/cuaca/cerah-am.svg,2026-09-21T04:00:00Z
33,33.74,33.74.01,33.74.01.1012,33.74.01.1012,Jawa Tengah,Kota Semarang,Semarang Tengah,Karang Kidul,2026-09-19T12:00:00,2026-09-21 07:00:00,2026-09-21 14:00:00,42-43,32,57,0.1,20,11.1,NW,331,SE,,,1,Cerah,Sunny,https://api-apps.bmkg.go.id/storage/icon/cuaca/cerah-am.svg,2026-09-21T07:00:00Z
33,33.74,33.74.01,33.74.01.1012,33.74.01.1012,Jawa Tengah,Kota Semarang,Semarang Tengah,Karang Kidul,2026-09-19T12:00:00,2026-09-21 10:00:00,2026-09-21 17:00:00,45-46,29,71,0.1,10,10.8,W,281,E,,,0,Cerah,Sunny,https://api-apps.bmkg.go.id/storage/icon/cuaca/cerah-am.svg,2026-09-21T10:00:00Z
33,33.74,33.74.01,33.74.01.1012,33.74.01.1012,Jawa Tengah,Kota Semarang,Semarang Tengah,Karang Kidul,2026-09-19T12:00:00,2026-09-21 13:00:00,2026-09-21 20:00:00,48-49,27,81,0.1,28,6.7,E,98,W,,,1,Cerah,Sunny,https://api-apps.bmkg.go.id/storage/icon/cuaca/cerah-pm.svg,2026-09-21T13:00:00Z
33,33.74,33.74.01,33.74.01.1012,33.74.01.1012,Jawa Tengah,Kota Semarang,Semarang Tengah,Karang Kidul,2026-09-19T12:00:00,2026-09-21 16:00:00,2026-09-21 23:00:00,51-52,26,77,0,6,6.7,SE,139,NW,,,0,Cerah,Sunny,https://api-apps.bmkg.go.id/storage/icon/cuaca/cerah-pm.svg,2026-09-21T16:00:00Z
33,33.74,33.74.01,33.74.01.1013,33.74.01.1013,Jawa Tengah,Kota Semarang,Semarang Tengah,Pekunden,2026-09-19T12:00:00,2026-09-19 16:00:00,2026-09-19 23:00:00,3-4,26,73,0,33,4.7,SE,159,NW,,,1,Cerah,Sunny,https://api-apps.bmkg.go.id/storage/icon/cuaca/cerah-pm.svg,2026-09-19T16:00:00Z
33,33.74,33.74.01,33.74.01.1013,33.74.01.1013,Jawa Tengah,Kota Semarang,Semarang Tengah,Pekunden,2026-09-19T12:00:00,2026-09-19 19:00:00,2026-09-20 02:00:00,6-7,25,74,0,1,7,SE,142,NW,,,0,Cerah,Sunny,https://api-apps.bmkg.go.id/storage/icon/cuaca/cerah-pm.svg,2026-09-19T19:00:00Z
33,33.74,33.74.01,33.74.01.1013,33.74.01.1013,Jawa Tengah,Kota Semarang,Semarang Tengah,Pekunden,2026-09-19T12:00:00,2026-09-19 22:00:00,2026-09-20 05:00:00,9-10,25,69,0,0,8.3,E,130,W,,,0,Cerah,Sunny,https://api-apps.bmkg.go.id/storage/icon/cuaca/cerah-pm.svg,2026-09-19T22:00:00Z
33,33.74,33.74.01,33.74.01.1013,33.74.01.1013,Jawa Tengah,Kota Semarang,Semarang Tengah,Pekunden,2026-09-19T12:00:00,2026-09-20 01:00:00,2026-09-20 08:00:00,12-13,30,53,0,0,12.7,E,108,W,,,0,Cerah,Sunny,https://api-apps.bmkg.go.id/storage/icon/cuaca/cerah-am.svg,2026-09-20T01:00:00Z
33,33.74,33.74.01,33.74.01.1013,33.74.01.1013,Jawa Tengah,Kota Semarang,Semarang Tengah,Pekunden,2026-09-19T12:00:00,2026-09-20 04:00:00,2026-09-20 11:00:00,15-16,34,45,0,2,8.9,NE,61,SW,,,0,Cerah,Sunny,https://api-apps.bmkg.go.id/storage/icon/cuaca/cerah-am.svg,2026-09-20T04:00:00Z
33,33.74,33.74.01,33.74.01.1013,33.74.01.1013,Jawa Tengah,Kota Semarang,Semarang Tengah,Pekunden,2026-09-19T12:00:00,2026-09-20 07:00:00,2026-09-20 14:00:00,18-19,32,60,0.1,18,12.6,NW,345,SE,,,1,Cerah,Sunny,https://api-apps.bmkg.go.id/storage/icon/cuaca/cerah-am.svg,2026-09-20T07:00:00Z
33,33.74,33.74.01,33.74.01.1013,33.74.01.1013,Jawa Tengah,Kota Semarang,Semarang Tengah,Pekunden,2026-09-19T12:00:00,2026-09-20 10:00:00,2026-09-20 17:00:00,21-22,29,78,0,6,8,W,285,E,,,0,Cerah,Sunny,https://api-apps.bmkg.go.id/storage/icon/cuaca/cerah-am.svg,2026-09-20T10:00:00Z
33,33.74,33.74.01,33.74.01.1013,33.74.01.1013,Jawa Tengah,Kota Semarang,Semarang Tengah,Pekunden,2026-09-19T12:00:00,2026-09-20 13:00:00,2026-09-20 20:00:00,24-25,28,78,0.2,9,3.3,SE,149,NW,,,0,Cerah,Sunny,https://api-apps.bmkg.go.id/storage/icon/cuaca/cerah-pm.svg,2026-09-20T13:00:00Z
33,33.74,33.74.01,33.74.01.1013,33.74.01.1013,Jawa Tengah,Kota Semarang,Semarang Tengah,Pekunden,2026-09-19T12:00:00,2026-09-20 16:00:00,2026-09-20 23:00:00,27-28,27,81,0,0,6.7,E,134,W,,,0,Cerah,Sunny,https://api-apps.bmkg.go.id/storage/icon/cuaca/cerah-pm.svg,2026-09-20T16:00:00Z
33,33.74,33.74.01,33.74.01.1013,33.74.01.1013,Jawa Tengah,Kota Semarang,Semarang Tengah,Pekunden,2026-09-19T12:00:00,2026-09-20 19:00:00,2026-09-21 02:00:00,30-31,26,78,0,0,9.3,SE,137,NW,,,0,Cerah,Sunny,https://api-apps.bmkg.go.id/storage/icon/cuaca/cerah-pm.svg,2026-09-20T19:00:00Z
33,33.74,33.74.01,33.74.01.1013,33.74.01.1013,Jawa Tengah,Kota Semarang,Semarang Tengah,Pekunden,2026-09-19T12:00:00,2026-09-20 22:00:00,2026-09-21 05:00:00,33-34,25,73,0,0,13.1,E,134,W,,,0,Cerah,Sunny,https://api-apps.bmkg.go.id/storage/icon/cuaca/cerah-pm.svg,2026-09-20T22:00:00Z
33,33.74,33.74.01,33.74.01.1013,33.74.01.1013,Jawa Tengah,Kota Semarang,Semarang Tengah,Pekunden,2026-09-19T12:00:00,2026-09-21 01:00:00,2026-09-21 08:00:00,36-37,30,56,0,0,16.1,E,117,W,,,0,Cerah,Sunny,https://api-apps.bmkg.go.id/storage/icon/cuaca/cerah-am.svg,2026-09-21T01:00:00Z
33,33.74,33.74.01,33.74.01.1013,33.74.01.1013,Jawa Tengah,Kota Semarang,Semarang Tengah,Pekunden,2026-09-19T12:00:00,2026-09-21 04:00:00,2026-09-21 11:00:00,39-40,34,44,0,29,12.6,E,97,W,,,1,Cerah,Sunny,https://api-apps.bmkg.go.id/storage/icon/cuaca/cerah-am.svg,2026-09-21T04:00:00Z
33,33.74,33.74.01,33.74.01.1013,33.74.01.1013,Jawa Tengah,Kota Semarang,Semarang Tengah,Pekunden,2026-09-19T12:00:00,2026-09-21 07:00:00,2026-09-21 14:00:00,42-43,32,62,0.1,19,11.1,NW,331,SE,,,1,Cerah,Sunny,https://api-apps.bmkg.go.id/storage/icon/cuaca/cerah-am.svg,2026-09-21T07:00:00Z
33,33.74,33.74.01,33.74.01.1013,33.74.01.1013,Jawa Tengah,Kota Semarang,Semarang Tengah,Pekunden,2026-09-19T12:00:00,2026-09-21 10:00:00,2026-09-21 17:00:00,45-46,29,71,0.1,10,10.8,W,281,E,,,1,Cerah,Sunny,https://api-apps.bmkg.go.id/storage/icon/cuaca/cerah-am.svg,2026-09-21T10:00:00Z
33,33.74,33.74.01,33.74.01.1013,33.74.01.1013,Jawa Tengah,Kota Semarang,Semarang Tengah,Pekunden,2026-09-19T12:00:00,2026-09-21 13:00:00,2026-09-21 20:00:00,48-49,27,82,0.2,30,6.7,E,98,W,,,1,Cerah,Sunny,https://api-apps.bmkg.go.id/storage/icon/cuaca/cerah-pm.svg,2026-09-21T13:00:00Z
33,33.74,33.74.01,33.74.01.1013,33.74.01.1013,Jawa Tengah,Kota Semarang,Semarang Tengah,Pekunden,2026-09-19T12:00:00,2026-09-21 16:00:00,2026-09-21 23:00:00,51-52,26,77,0,6,6.7,SE,139,NW,,,0,Cerah,Sunny,https://api-apps.bmkg.go.id/storage/icon/cuaca/cerah-pm.svg,2026-09-21T16:00:00Z
33,33.74,33.74.01,33.74.01.1014,33.74.01.1014,Jawa Tengah,Kota Semarang,Semarang Tengah,Pindrikan Kidul,2026-09-19T12:00:00,2026-09-19 16:00:00,2026-09-19 23:00:00,3-4,26,76,0,28,4.7,SE,159,NW,,,1,Cerah,Sunny,https://api-apps.bmkg.go.id/storage/icon/cuaca/cerah-pm.svg,2026-09-19T16:00:00Z
33,33.74,33.74.01,33.74.01.1014,33.74.01.1014,Jawa Tengah,Kota Semarang,Semarang Tengah,Pindrikan Kidul,2026-09-19T12:00:00,2026-09-19 19:00:00,2026-09-20 02:00:00,6-7,25,75,0,1,7,SE,142,NW,,,0,Cerah,Sunny,https://api-apps.bmkg.go.id/storage/icon/cuaca/cerah-pm.svg,2026-09-19T19:00:00Z
33,33.74,33.74.01,33.74.01.1014,33.74.01.1014,Jawa Tengah,Kota Semarang,Semarang Tengah,Pindrikan Kidul,2026-09-19T12:00:00,2026-09-19 22:00:00,2026-09-20 05:00:00,9-10,25,70,0,0,8.3,E,130,W,,,0,Cerah,Sunny,https://api-apps.bmkg.go.id/storage/icon/cuaca/cerah-pm.svg,2026-09-19T22:00:00Z
33,33.74,33.74.01,33.74.01.1014,33.74.01.1014,Jawa Tengah,Kota Semarang,Semarang Tengah,Pindrikan Kidul,2026-09-19T12:00:00,2026-09-20 01:00:00,2026-09-20 08:00:00,12-13,30,53,0,0,12.7,E,108,W,,,0,Cerah,Sunny,https://api-apps.bmkg.go.id/storage/icon/cuaca/cerah-am.svg,2026-09-20T01:00:00Z
33,33.74,33.74.01,33.74.01.1014,33.74.01.1014,Jawa Tengah,Kota Semarang,Semarang Tengah,Pindrikan Kidul,2026-09-19T12:00:00,2026-09-20 04:00:00,2026-09-20 11:00:00,15-16,34,45,0,2,8.9,NE,61,SW,,,0,Cerah,Sunny,https://api-apps.bmkg.go.id/storage/icon/cuaca/cerah-am.svg,2026-09-20T04:00:00Z
33,33.74,33.74.01,33.74.01.1014,33.74.01.1014,Jawa Tengah,Kota Semarang,Semarang Tengah,Pindrikan Kidul,2026-09-19T12:00:00,2026-09-20 07:00:00,2026-09-20 14:00:00,18-19,31,62,0.1,17,12.6,NW,345,SE,,,1,Cerah,Sunny,https://api-apps.bmkg.go.id/storage/icon/cuaca/cerah-am.svg,2026-09-20T07:00:00Z
33,33.74,33.74.01,33.74.01.1014,33.74.01.1014,Jawa Tengah,Kota Semarang,Semarang Tengah,Pindrikan Kidul,2026-09-19T12:00:00,2026-09-20 10:00:00,2026-09-20 17:00:00,21-22,29,79,0,7,8,W,285,E,,,0,Cerah,Sunny,https://api-apps.bmkg.go.id/storage/icon/cuaca/cerah-am.svg,2026-09-20T10:00:00Z
33,33.74,33.74.01,33.74.01.1014,33.74.01.1014,Jawa Tengah,Kota Semarang,Semarang Tengah,Pindrikan Kidul,2026-09-19T12:00:00,2026-09-20 13:00:00,2026-09-20 20:00:00,24-25,28,76,0.2,1,3.3,SE,149,NW,,,0,Cerah,Sunny,https://api-apps.bmkg.go.id/storage/icon/cuaca/cerah-pm.svg,2026-09-20T13:00:00Z
33,33.74,33.74.01,33.74.01.1014,33.74.01.1014,Jawa Tengah,Kota Semarang,Semarang Tengah,Pindrikan Kidul,2026-09-19T12:00:00,2026-09-20 16:00:00,2026-09-20 23:00:00,27-28,27,80,0,0,6.7,E,134,W,,,0,Cerah,Sunny,https://api-apps.bmkg.go.id/storage/icon/cuaca/cerah-pm.svg,2026-09-20T16:00:00Z
33,33.74,33.74.01,33.74.01.1014,33.74.01.1014,Jawa Tengah,Kota Semarang,Semarang Tengah,Pindrikan Kidul,2026-09-19T12:00:00,2026-09-20 19:00:00,2026-09-21 02:00:00,30-31,26,78,0,0,9.3,SE,137,NW,,,0,Cerah,Sunny,https://api-apps.bmkg.go.id/storage/icon/cuaca/cerah-pm.svg,2026-09-20T19:00:00Z
33,33.74,33.74.01,33.74.01.1014,33.74.01.1014,Jawa Tengah,Kota Semarang,Semarang Tengah,Pindrikan Kidul,2026-09-19T12:00:00,2026-09-20 22:00:00,2026-09-21 05:00:00,33-34,26,72,0,0,13.1,E,134,W,,,0,Cerah,Sunny,https://api-apps.bmkg.go.id/storage/icon/cuaca/cerah-pm.svg,2026-09-20T22:00:00Z
33,33.74,33.74.01,33.74.01.1014,33.74.01.1014,Jawa Tengah,Kota Semarang,Semarang Tengah,Pindrikan Kidul,2026-09-19T12:00:00,2026-09-21 01:00:00,2026-09-21 08:00:00,36-37,30,56,0,0,16.1,E,117,W,,,0,Cerah,Sunny,https://api-apps.bmkg.go.id/storage/icon/cuaca/cerah-am.svg,2026-09-21T01:00:00Z
33,33.74,33.74.01,33.74.01.1014,33.74.01.1014,Jawa Tengah,Kota Semarang,Semarang Tengah,Pindrikan Kidul,2026-09-19T12:00:00,2026-09-21 04:00:00,2026-09-21 11:00:00,39-40,34,44,0,29,12.6,E,97,W,,,1,Cerah,Sunny,https://api-apps.bmkg.go.id/storage/icon/cuaca/cerah-am.svg,2026-09-21T04:00:00Z
33,33.74,33.74.01,33.74.01.1014,33.74.01.1014,Jawa Tengah,Kota Semarang,Semarang Tengah,Pindrikan Kidul,2026-09-19T12:00:00,2026-09-21 07:00:00,2026-09-21 14:00:00,42-43,31,65,0.1,21,11.1,NW,331,SE,,,1,Cerah,Sunny,https://api-apps.bmkg.go.id/storage/icon/cuaca/cerah-am.svg,2026-09-21T07:00:00Z
33,33.74,33.74.01,33.74.01.1014,33.74.01.1014,Jawa Tengah,Kota Semarang,Semarang Tengah,Pindrikan Kidul,2026-09-19T12:00:00,2026-09-21 10:00:00,2026-09-21 17:00:00,45-46,29,72,0,13,10.8,W,281,E,,,1,Cerah,Sunny,https://api-apps.bmkg.go.id/storage/icon/cuaca/cerah-am.svg,2026-09-21T10:00:00Z
33,33.74,33.74.01,33.74.01.1014,33.74.01.1014,Jawa Tengah,Kota Semarang,Semarang Tengah,Pindrikan Kidul,2026-09-19T12:00:00,2026-09-21 13:00:00,2026-09-21 20:00:00,48-49,27,80,0.1,30,6.7,E,98,W,,,1,Cerah,Sunny,https://api-apps.bmkg.go.id/storage/icon/cuaca/cerah-pm.svg,2026-09-21T13:00:00Z
33,33.74,33.74.01,33.74.01.1014,33.74.01.1014,Jawa Tengah,Kota Semarang,Semarang Tengah,Pindrikan Kidul,2026-09-19T12:00:00,2026-09-21 16:00:00,2026-09-21 23:00:00,51-52,27,77,0,6,6.7,SE,139,NW,,,0,Cerah,Sunny,https://api-apps.bmkg.go.id/storage/icon/cuaca/cerah-pm.svg,2026-09-21T16:00:00Z
33,33.74,33.74.01,33.74.01.1015,33.74.01.1015,Jawa Tengah,Kota Semarang,Semarang Tengah,Pindrikan Lor,2026-09-19T12:00:00,2026-09-19 16:00:00,2026-09-19 23:00:00,3-4,26,76,0,28,4.7,SE,159,NW,,,1,Cerah,Sunny,https://api-apps.bmkg.go.id/storage/icon/cuaca/cerah-pm.svg,2026-09-19T16:00:00Z
33,33.74,33.74.01,33.74.01.1015,33.74.01.1015,Jawa Tengah,Kota Semarang,Semarang Tengah,Pindrikan Lor,2026-09-19T12:00:00,2026-09-19 19:00:00,2026-09-20 02:00:00,6-7,25,75,0,1,7,SE,142,NW,,,0,Cerah,Sunny,https://api-apps.bmkg.go.id/storage/icon/cuaca/cerah-pm.svg,2026-09-19T19:00:00Z
33,33.74,33.74.01,33.74.01.1015,33.74.01.1015,Jawa Tengah,Kota Semarang,Semarang Tengah,Pindrikan Lor,2026-09-19T12:00:00,2026-09-19 22:00:00,2026-09-20 05:00:00,9-10,25,70,0,0,8.3,E,130,W,,,0,Cerah,Sunny,https://api-apps.bmkg.go.id/storage/icon/cuaca/cerah-pm.svg,2026-09-19T22:00:00Z
33,33.74,33.74.01,33.74.01.1015,33.74.01.1015,Jawa Tengah,Kota Semarang,Semarang Tengah,Pindrikan Lor,2026-09-19T12:00:00,2026-09-20 01:00:00,2026-09-20 08:00:00,12-13,30,53,0,0,12.7,E,108,W,,,0,Cerah,Sunny,https://api-apps.bmkg.go.id/storage/icon/cuaca/cerah-am.svg,2026-09-20T01:00:00Z
33,33.74,33.74.01,33.74.01.1015,33.74.01.1015,Jawa Tengah,Kota Semarang,Semarang Tengah,Pindrikan Lor,2026-09-19T12:00:00,2026-09-20 04:00:00,2026-09-20 11:00:00,15-16,34,45,0,2,8.9,NE,61,SW,,,0,Cerah,Sunny,https://api-apps.bmkg.go.id/storage/icon/cuaca/cerah-am.svg,2026-09-20T04:00:00Z
33,33.74,33.74.01,33.74.01.1015,33.74.01.1015,Jawa Tengah,Kota Semarang,Semarang Tengah,Pindrikan Lor,2026-09-19T12:00:00,2026-09-20 07:00:00,2026-09-20 14:00:00,18-19,31,62,0.1,17,12.6,NW,345,SE,,,1,Cerah,Sunny,https://api-apps.bmkg.go.id/storage/icon/cuaca/cerah-am.svg,2026-09-20T07:00:00Z
33,33.74,33.74.01,33.74.01.1015,33.74.01.1015,Jawa Tengah,Kota Semarang,Semarang Tengah,Pindrikan Lor,2026-09-19T12:00:00,2026-09-20 10:00:00,2026-09-20 17:00:00,21-22,29,79,0,7,8,W,285,E,,,0,Cerah,Sunny,https://api-apps.bmkg.go.id/storage/icon/cuaca/cerah-am.svg,2026-09-20T10:00:00Z
33,33.74,33.74.01,33.74.01.1015,33.74.01.1015,Jawa Tengah,Kota Semarang,Semarang Tengah,Pindrikan Lor,2026-09-19T12:00:00,2026-09-20 13:00:00,2026-09-20 20:00:00,24-25,28,76,0.2,1,3.3,SE,149,NW,,,0,Cerah,Sunny,https://api-apps.bmkg.go.id/storage/icon/cuaca/cerah-pm.svg,2026-09-20T13:00:00Z
33,33.74,33.74.01,33.74.01.1015,33.74.01.1015,Jawa Tengah,Kota Semarang,Semarang Tengah,Pindrikan Lor,2026-09-19T12:00:00,2026-09-20 16:00:00,2026-09-20 23:00:00,27-28,27,80,0,0,6.7,E,134,W,,,0,Cerah,Sunny,https://api-apps.bmkg.go.id/storage/icon/cuaca/cerah-pm.svg,2026-09-20T16:00:00Z
33,33.74,33.74.01,33.74.01.1015,33.74.01.1015,Jawa Tengah,Kota Semarang,Semarang Tengah,Pindrikan Lor,2026-09-19T12:00:00,2026-09-20 19:00:00,2026-09-21 02:00:00,30-31,26,78,0,0,9.3,SE,137,NW,,,0,Cerah,Sunny,https://api-apps.bmkg.go.id/storage/icon/cuaca/cerah-pm.svg,2026-09-20T19:00:00Z
33,33.74,33.74.01,33.74.01.1015,33.74.01.1015,Jawa Tengah,Kota Semarang,Semarang Tengah,Pindrikan Lor,2026-09-19T12:00:00,2026-09-20 22:00:00,2026-09-21 05:00:00,33-34,26,72,0,0,13.1,E,134,W,,,0,Cerah,Sunny,https://api-apps.bmkg.go.id/storage/icon/cuaca/cerah-pm.svg,2026-09-20T22:00:00Z
33,33.74,33.74.01,33.74.01.1015,33.74.01.1015,Jawa Tengah,Kota Semarang,Semarang Tengah,Pindrikan Lor,2026-09-19T12:00:00,2026-09-21 01:00:00,2026-09-21 08:00:00,36-37,30,56,0,0,16.1,E,117,W,,,0,Cerah,Sunny,https://api-apps.bmkg.go.id/storage/icon/cuaca/cerah-am.svg,2026-09-21T01:00:00Z
33,33.74,33.74.01,33.74.01.1015,33.74.01.1015,Jawa Tengah,Kota Semarang,Semarang Tengah,Pindrikan Lor,2026-09-19T12:00:00,2026-09-21 04:00:00,2026-09-21 11:00:00,39-40,34,44,0,29,12.6,E,97,W,,,1,Cerah,Sunny,https://api-apps.bmkg.go.id/storage/icon/cuaca/cerah-am.svg,2026-09-21T04:00:00Z
33,33.74,33.74.01,33.74.01.1015,33.74.01.1015,Jawa Tengah,Kota Semarang,Semarang Tengah,Pindrikan Lor,2026-09-19T12:00:00,2026-09-21 07:00:00,2026-09-21 14:00:00,42-43,31,65,0.1,21,11.1,NW,331,SE,,,1,Cerah,Sunny,https://api-apps.bmkg.go.id/storage/icon/cuaca/cerah-am.svg,2026-09-21T07:00:00Z
33,33.74,33.74.01,33.74.01.1015,33.74.01.1015,Jawa Tengah,Kota Semarang,Semarang Tengah,Pindrikan Lor,2026-09-19T12:00:00,2026-09-21 10:00:00,2026-09-21 17:00:00,45-46,29,72,0,13,10.8,W,281,E,,,1,Cerah,Sunny,https://api-apps.bmkg.go.id/storage/icon/cuaca/cerah-am.svg,2026-09-21T10:00:00Z
33,33.74,33.74.01,33.74.01.1015,33.74.01.1015,Jawa Tengah,Kota Semarang,Semarang Tengah,Pindrikan Lor,2026-09-19T12:00:00,2026-09-21 13:00:00,2026-09-21 20:00:00,48-49,27,80,0.1,30,6.7,E,98,W,,,1,Cerah,Sunny,https://api-apps.bmkg.go.id/storage/icon/cuaca/cerah-pm.svg,2026-09-21T13:00:00Z
33,33.74,33.74.01,33.74.01.1015,33.74.01.1015,Jawa Tengah,Kota Semarang,Semarang Tengah,Pindrikan Lor,2026-09-19T12:00:00,2026-09-21 16:00:00,2026-09-21 23:00:00,51-52,27,77,0,6,6.7,SE,139,NW,,,0,Cerah,Sunny,https://api-apps.bmkg.go.id/storage/icon/cuaca/cerah-pm.svg,2026-09-21T16:00:00Z
33,33.74,33.74.02,33.74.02.1001,33.74.02.1001,Jawa Tengah,Kota Semarang,Semarang Utara,Bandarharjo,2026-09-19T12:00:00,2026-09-19 15:00:00,2026-09-19 22:00:00,2-3,27,72,0,2,4.4,E,114,W,,,0,Cerah,Sunny,https://api-apps.bmkg.go.id/storage/icon/cuaca/cerah-pm.svg,2026-09-19T15:00:00Z
33,33.74,33.74.02,33.74.02.1001,33.74.02.1001,Jawa Tengah,Kota Semarang,Semarang Utara,Bandarharjo,2026-09-19T12:00:00,2026-09-19 18:00:00,2026-09-20 01:00:00,5-6,26,72,0,0,4.7,SE,159,NW,,,0,Cerah,Sunny,https://api-apps.bmkg.go.id/storage/icon/cuaca/cerah-pm.svg,2026-09-19T18:00:00Z
33,33.74,33.74.02,33.74.02.1001,33.74.02.1001,Jawa Tengah,Kota Semarang,Semarang Utara,Bandarharjo,2026-09-19T12:00:00,2026-09-19 21:00:00,2026-09-20 04:00:00,8-9,25,72,0,0,7,SE,142,NW,,,0,Cerah,Sunny,https://api-apps.bmkg.go.id/storage/icon/cuaca/cerah-pm.svg,2026-09-19T21:00:00Z
33,33.74,33.74.02,33.74.02.1001,33.74.02.1001,Jawa Tengah,Kota Semarang,Semarang Utara,Bandarharjo,2026-09-19T12:00:00,2026-09-20 00:00:00,2026-09-20 07:00:00,11-12,28,58,0,4,8.3,E,130,W,,,0,Cerah,Sunny,https://api-apps.bmkg.go.id/storage/icon/cuaca/cerah-am.svg,2026-09-20T00:00:00Z
33,33.74,33.74.02,33.74.02.1001,33.74.02.1001,Jawa Tengah,Kota Semarang,Semarang Utara,Bandarharjo,2026-09-19T12:00:00,2026-09-20 03:00:00,2026-09-20 10:00:00,14-15,32,51,0,0,12.7,E,108,W,,,0,Cerah,Sunny,https://api-apps.bmkg.go.id/storage/icon/cuaca/cerah-am.svg,2026-09-20T03:00:00Z
33,33.74,33.74.02,33.74.02.1001,33.74.02.1001,Jawa Tengah,Kota Semarang,Semarang Utara,Bandarharjo,2026-09-19T12:00:00,2026-09-20 06:00:00,2026-09-20 13:00:00,17-18,33,56,0.1,4,8.9,NE,61,SW,,,0,Cerah,Sunny,https://api-apps.bmkg.go.id/storage/icon/cuaca/cerah-am.svg,2026-09-20T06:00:00Z
33,33.74,33.74.02,33.74.02.1001,33.74.02.1001,Jawa Tengah,Kota Semarang,Semarang Utara,Bandarharjo,2026-09-19T12:00:00,2026-09-20 09:00:00,2026-09-20 16:00:00,20-21,29,77,0,11,12.6,NW,345,SE,,,1,Cerah,Sunny,https://api-apps.bmkg.go.id/storage/icon/cuaca/cerah-am.svg,2026-09-20T09:00:00Z
33,33.74,33.74.02,33.74.02.1001,33.74.02.1001,Jawa Tengah,Kota Semarang,Semarang Utara,Bandarharjo,2026-09-19T12:00:00,2026-09-20 12:00:00,2026-09-20 19:00:00,23-24,29,77,0.2,17,8,W,285,E,,,1,Cerah,Sunny,https://api-apps.bmkg.go.id/storage/icon/cuaca/cerah-pm.svg,2026-09-20T12:00:00Z
33,33.74,33.74.02,33.74.02.1001,33.74.02.1001,Jawa Tengah,Kota Semarang,Semarang Utara,Bandarharjo,2026-09-19T12:00:00,2026-09-20 15:00:00,2026-09-20 22:00:00,26-27,27,81,0,0,3.3,SE,149,NW,,,0,Cerah,Sunny,https://api-apps.bmkg.go.id/storage/icon/cuaca/cerah-pm.svg,2026-09-20T15:00:00Z
33,33.74,33.74.02,33.74.02.1001,33.74.02.1001,Jawa Tengah,Kota Semarang,Semarang Utara,Bandarharjo,2026-09-19T12:00:00,2026-09-20 18:00:00,2026-09-21 01:00:00,29-30,26,79,0,0,6.7,E,134,W,,,0,Cerah,Sunny,https://api-apps.bmkg.go.id/storage/icon/cuaca/cerah-pm.svg,2026-09-20T18:00:00Z
33,33.74,33.74.02,33.74.02.1001,33.74.02.1001,Jawa Tengah,Kota Semarang,Semarang Utara,Bandarharjo,2026-09-19T12:00:00,2026-09-20 21:00:00,2026-09-21 04:00:00,32-33,26,74,0,0,9.3,SE,137,NW,,,0,Cerah,Sunny,https://api-apps.bmkg.go.id/storage/icon/cuaca/cerah-pm.svg,2026-09-20T21:00:00Z
33,33.74,33.74.02,33.74.02.1001,33.74.02.1001,Jawa Tengah,Kota Semarang,Semarang Utara,Bandarharjo,2026-09-19T12:00:00,2026-09-21 00:00:00,2026-09-21 07:00:00,35-36,28,63,0,0,13.1,E,134,W,,,0,Cerah,Sunny,https://api-apps.bmkg.go.id/storage/icon/cuaca/cerah-am.svg,2026-09-21T00:00:00Z
33,33.74,33.74.02,33.74.02.1001,33.74.02.1001,Jawa Tengah,Kota Semarang,Semarang Utara,Bandarharjo,2026-09-19T12:00:00,2026-09-21 03:00:00,2026-09-21 10:00:00,38-39,32,49,0,1,16.1,E,117,W,,,0,Cerah,Sunny,https://api-apps.bmkg.go.id/storage/icon/cuaca/cerah-am.svg,2026-09-21T03:00:00Z
33,33.74,33.74.02,33.74.02.1001,33.74.02.1001,Jawa Tengah,Kota Semarang,Semarang Utara,Bandarharjo,2026-09-19T12:00:00,2026-09-21 06:00:00,2026-09-21 13:00:00,41-42,32,59,0,19,12.6,E,97,W,,,1,Cerah,Sunny,https://api-apps.bmkg.go.id/storage/icon/cuaca/cerah-am.svg,2026-09-21T06:00:00Z
33,33.74,33.74.02,33.74.02.1001,33.74.02.1001,Jawa Tengah,Kota Semarang,Semarang Utara,Bandarharjo,2026-09-19T12:00:00,2026-09-21 09:00:00,2026-09-21 16:00:00,44-45,30,68,0.1,15,11.1,NW,331,SE,,,1,Cerah,Sunny,https://api-apps.bmkg.go.id/storage/icon/cuaca/cerah-am.svg,2026-09-21T09:00:00Z
33,33.74,33.74.02,33.74.02.1001,33.74.02.1001,Jawa Tengah,Kota Semarang,Semarang Utara,Bandarharjo,2026-09-19T12:00:00,2026-09-21 12:00:00,2026-09-21 19:00:00,47-48,28,77,0.2,36,10.8,W,281,E,,,1,Cerah,Sunny,https://api-apps.bmkg.go.id/storage/icon/cuaca/cerah-pm.svg,2026-09-21T12:00:00Z
33,33.74,33.74.02,33.74.02.1001,33.74.02.1001,Jawa Tengah,Kota Semarang,Semarang Utara,Bandarharjo,2026-09-19T12:00:00,2026-09-21 15:00:00,2026-09-21 22:00:00,50-51,27,82,0,8,6.7,E,98,W,,,0,Cerah,Sunny,https://api-apps.bmkg.go.id/storage/icon/cuaca/cerah-pm.svg,2026-09-21T15:00:00Z
33,33.74,33.74.02,33.74.02.1002,33.74.02.1002,Jawa Tengah,Kota Semarang,Semarang Utara,Bulu Lor,2026-09-19T12:00:00,2026-09-19 16:00:00,2026-09-19 23:00:00,3-4,26,76,0,28,4.7,SE,159,NW,,,1,Cerah,Sunny,https://api-apps.bmkg.go.id/storage/icon/cuaca/cerah-pm.svg,2026-09-19T16:00:00Z
33,33.74,33.74.02,33.74.02.1002,33.74.02.1002,Jawa Tengah,Kota Semarang,Semarang Utara,Bulu Lor,2026-09-19T12:00:00,2026-09-19 19:00:00,2026-09-20 02:00:00,6-7,25,75,0,1,7,SE,142,NW,,,0,Cerah,Sunny,https://api-apps.bmkg.go.id/storage/icon/cuaca/cerah-pm.svg,2026-09-19T19:00:00Z
33,33.74,33.74.02,33.74.02.1002,33.74.02.1002,Jawa Tengah,Kota Semarang,Semarang Utara,Bulu Lor,2026-09-19T12:00:00,2026-09-19 22:00:00,2026-09-20 05:00:00,9-10,25,70,0,0,8.3,E,130,W,,,0,Cerah,Sunny,https://api-apps.bmkg.go.id/storage/icon/cuaca/cerah-pm.svg,2026-09-19T22:00:00Z
33,33.74,33.74.02,33.74.02.1002,33.74.02.1002,Jawa Tengah,Kota Semarang,Semarang Utara,Bulu Lor,2026-09-19T12:00:00,2026-09-20 01:00:00,2026-09-20 08:00:00,12-13,30,53,0,0,12.7,E,108,W,,,0,Cerah,Sunny,https://api-apps.bmkg.go.id/storage/icon/cuaca/cerah-am.svg,2026-09-20T01:00:00Z
33,33.74,33.74.02,33.74.02.1002,33.74.02.1002,Jawa Tengah,Kota Semarang,Semarang Utara,Bulu Lor,2026-09-19T12:00:00,2026-09-20 04:00:00,2026-09-20 11:00:00,15-16,34,45,0,2,8.9,NE,61,SW,,,0,Cerah,Sunny,https://api-apps.bmkg.go.id/storage/icon/cuaca/cerah-am.svg,2026-09-20T04:00:00Z
33,33.74,33.74.02,33.74.02.1002,33.74.02.1002,Jawa Tengah,Kota Semarang,Semarang Utara,Bulu Lor,2026-09-19T12:00:00,2026-09-20 07:00:00,2026-09-20 14:00:00,18-19,31,62,0.1,17,12.6,NW,345,SE,,,1,Cerah,Sunny,https://api-apps.bmkg.go.id/storage/icon/cuaca/cerah-am.svg,2026-09-20T07:00:00Z
33,33.74,33.74.02,33.74.02.1002,33.74.02.1002,Jawa Tengah,Kota Semarang,Semarang Utara,Bulu Lor,2026-09-19T12:00:00,2026-09-20 10:00:00,2026-09-20 17:00:00,21-22,29,79,0,7,8,W,285,E,,,0,Cerah,Sunny,https://api-apps.bmkg.go.id/storage/icon/cuaca/cerah-am.svg,2026-09-20T10:00:00Z
33,33.74,33.74.02,33.74.02.1002,33.74.02.1002,Jawa Tengah,Kota Semarang,Semarang Utara,Bulu Lor,2026-09-19T12:00:00,2026-09-20 13:00:00,2026-09-20 20:00:00,24-25,28,76,0.2,1,3.3,SE,149,NW,,,0,Cerah,Sunny,https://api-apps.bmkg.go.id/storage/icon/cuaca/cerah-pm.svg,2026-09-20T13:00:00Z
33,33.74,33.74.02,33.74.02.1002,33.74.02.1002,Jawa Tengah,Kota Semarang,Semarang Utara,Bulu Lor,2026-09-19T12:00:00,2026-09-20 16:00:00,2026-09-20 23:00:00,27-28,27,80,0,0,6.7,E,134,W,,,0,Cerah,Sunny,https://api-apps.bmkg.go.id/storage/icon/cuaca/cerah-pm.svg,2026-09-20T16:00:00Z
33,33.74,33.74.02,33.74.02.1002,33.74.02.1002,Jawa Tengah,Kota Semarang,Semarang Utara,Bulu Lor,2026-09-19T12:00:00,2026-09-20 19:00:00,2026-09-21 02:00:00,30-31,26,78,0,0,9.3,SE,137,NW,,,0,Cerah,Sunny,https://api-apps.bmkg.go.id/storage/icon/cuaca/cerah-pm.svg,2026-09-20T19:00:00Z
33,33.74,33.74.02,33.74.02.1002,33.74.02.1002,Jawa Tengah,Kota Semarang,Semarang Utara,Bulu Lor,2026-09-19T12:00:00,2026-09-20 22:00:00,2026-09-21 05:00:00,33-34,26,72,0,0,13.1,E,134,W,,,0,Cerah,Sunny,https://api-apps.bmkg.go.id/storage/icon/cuaca/cerah-pm.svg,2026-09-20T22:00:00Z
33,33.74,33.74.02,33.74.02.1002,33.74.02.1002,Jawa Tengah,Kota Semarang,Semarang Utara,Bulu Lor,2026-09-19T12:00:00,2026-09-21 01:00:00,2026-09-21 08:00:00,36-37,30,56,0,0,16.1,E,117,W,,,0,Cerah,Sunny,https://api-apps.bmkg.go.id/storage/icon/cuaca/cerah-am.svg,2026-09-21T01:00:00Z
33,33.74,33.74.02,33.74.02.1002,33.74.02.1002,Jawa Tengah,Kota Semarang,Semarang Utara,Bulu Lor,2026-09-19T12:00:00,2026-09-21 04:00:00,2026-09-21 11:00:00,39-40,34,44,0,29,12.6,E,97,W,,,1,Cerah,Sunny,https://api-apps.bmkg.go.id/storage/icon/cuaca/cerah-am.svg,2026-09-21T04:00:00Z
33,33.74,33.74.02,33.74.02.1002,33.74.02.1002,Jawa Tengah,Kota Semarang,Semarang Utara,Bulu Lor,2026-09-19T12:00:00,2026-09-21 07:00:00,2026-09-21 14:00:00,42-43,31,65,0.1,21,11.1,NW,331,SE,,,1,Cerah,Sunny,https://api-apps.bmkg.go.id/storage/icon/cuaca/cerah-am.svg,2026-09-21T07:00:00Z
33,33.74,33.74.02,33.74.02.1002,33.74.02.1002,Jawa Tengah,Kota Semarang,Semarang Utara,Bulu Lor,2026-09-19T12:00:00,2026-09-21 10:00:00,2026-09-21 17:00:00,45-46,29,72,0,13,10.8,W,281,E,,,1,Cerah,Sunny,https://api-apps.bmkg.go.id/storage/icon/cuaca/cerah-am.svg,2026-09-21T10:00:00Z
33,33.74,33.74.02,33.74.02.1002,33.74.02.1002,Jawa Tengah,Kota Semarang,Semarang Utara,Bulu Lor,2026-09-19T12:00:00,2026-09-21 13:00:00,2026-09-21 20:00:00,48-49,27,80,0.1,30,6.7,E,98,W,,,1,Cerah,Sunny,https://api-apps.bmkg.go.id/storage/icon/cuaca/cerah-pm.svg,2026-09-21T13:00:00Z
33,33.74,33.74.02,33.74.02.1002,33.74.02.1002,Jawa Tengah,Kota Semarang,Semarang Utara,Bulu Lor,2026-09-19T12:00:00,2026-09-21 16:00:00,2026-09-21 23:00:00,51-52,27,77,0,6,6.7,SE,139,NW,,,0,Cerah,Sunny,https://api-apps.bmkg.go.id/storage/icon/cuaca/cerah-pm.svg,2026-09-21T16:00:00Z
33,33.74,33.74.02,33.74.02.1003,33.74.02.1003,Jawa Tengah,Kota Semarang,Semarang Utara,Plombokan,2026-09-19T12:00:00,2026-09-19 16:00:00,2026-09-19 23:00:00,3-4,26,76,0,28,4.7,SE,159,NW,,,1,Cerah,Sunny,https://api-apps.bmkg.go.id/storage/icon/cuaca/cerah-pm.svg,2026-09-19T16:00:00Z
33,33.74,33.74.02,33.74.02.1003,33.74.02.1003,Jawa Tengah,Kota Semarang,Semarang Utara,Plombokan,2026-09-19T12:00:00,2026-09-19 19:00:00,2026-09-20 02:00:00,6-7,25,75,0,1,7,SE,142,NW,,,0,Cerah,Sunny,https://api-apps.bmkg.go.id/storage/icon/cuaca/cerah-pm.svg,2026-09-19T19:00:00Z
33,33.74,33.74.02,33.74.02.1003,33.74.02.1003,Jawa Tengah,Kota Semarang,Semarang Utara,Plombokan,2026-09-19T12:00:00,2026-09-19 22:00:00,2026-09-20 05:00:00,9-10,25,70,0,0,8.3,E,130,W,,,0,Cerah,Sunny,https://api-apps.bmkg.go.id/storage/icon/cuaca/cerah-pm.svg,2026-09-19T22:00:00Z
33,33.74,33.74.02,33.74.02.1003,33.74.02.1003,Jawa Tengah,Kota Semarang,Semarang Utara,Plombokan,2026-09-19T12:00:00,2026-09-20 01:00:00,2026-09-20 08:00:00,12-13,30,53,0,0,12.7,E,108,W,,,0,Cerah,Sunny,https://api-apps.bmkg.go.id/storage/icon/cuaca/cerah-am.svg,2026-09-20T01:00:00Z
33,33.74,33.74.02,33.74.02.1003,33.74.02.1003,Jawa Tengah,Kota Semarang,Semarang Utara,Plombokan,2026-09-19T12:00:00,2026-09-20 04:00:00,2026-09-20 11:00:00,15-16,34,45,0,2,8.9,NE,61,SW,,,0,Cerah,Sunny,https://api-apps.bmkg.go.id/storage/icon/cuaca/cerah-am.svg,2026-09-20T04:00:00Z
33,33.74,33.74.02,33.74.02.1003,33.74.02.1003,Jawa Tengah,Kota Semarang,Semarang Utara,Plombokan,2026-09-19T12:00:00,2026-09-20 07:00:00,2026-09-20 14:00:00,18-19,31,62,0.1,17,12.6,NW,345,SE,,,1,Cerah,Sunny,https://api-apps.bmkg.go.id/storage/icon/cuaca/cerah-am.svg,2026-09-20T07:00:00Z
33,33.74,33.74.02,33.74.02.1003,33.74.02.1003,Jawa Tengah,Kota Semarang,Semarang Utara,Plombokan,2026-09-19T12:00:00,2026-09-20 10:00:00,2026-09-20 17:00:00,21-22,29,79,0,7,8,W,285,E,,,0,Cerah,Sunny,https://api-apps.bmkg.go.id/storage/icon/cuaca/cerah-am.svg,2026-09-20T10:00:00Z
33,33.74,33.74.02,33.74.02.1003,33.74.02.1003,Jawa Tengah,Kota Semarang,Semarang Utara,Plombokan,2026-09-19T12:00:00,2026-09-20 13:00:00,2026-09-20 20:00:00,24-25,28,76,0.2,1,3.3,SE,149,NW,,,0,Cerah,Sunny,https://api-apps.bmkg.go.id/storage/icon/cuaca/cerah-pm.svg,2026-09-20T13:00:00Z
33,33.74,33.74.02,33.74.02.1003,33.74.02.1003,Jawa Tengah,Kota Semarang,Semarang Utara,Plombokan,2026-09-19T12:00:00,2026-09-20 16:00:00,2026-09-20 23:00:00,27-28,27,80,0,0,6.7,E,134,W,,,0,Cerah,Sunny,https://api-apps.bmkg.go.id/storage/icon/cuaca/cerah-pm.svg,2026-09-20T16:00:00Z
33,33.74,33.74.02,33.74.02.1003,33.74.02.1003,Jawa Tengah,Kota Semarang,Semarang Utara,Plombokan,2026-09-19T12:00:00,2026-09-20 19:00:00,2026-09-21 02:00:00,30-31,26,78,0,0,9.3,SE,137,NW,,,0,Cerah,Sunny,https://api-apps.bmkg.go.id/storage/icon/cuaca/cerah-pm.svg,2026-09-20T19:00:00Z
33,33.74,33.74.02,33.74.02.1003,33.74.02.1003,Jawa Tengah,Kota Semarang,Semarang Utara,Plombokan,2026-09-19T12:00:00,2026-09-20 22:00:00,2026-09-21 05:00:00,33-34,26,72,0,0,13.1,E,134,W,,,0,Cerah,Sunny,https://api-apps.bmkg.go.id/storage/icon/cuaca/cerah-pm.svg,2026-09-20T22:00:00Z
33,33.74,33.74.02,33.74.02.1003,33.74.02.1003,Jawa Tengah,Kota Semarang,Semarang Utara,Plombokan,2026-09-19T12:00:00,2026-09-21 01:00:00,2026-09-21 08:00:00,36-37,30,56,0,0,16.1,E,117,W,,,0,Cerah,Sunny,https://api-apps.bmkg.go.id/storage/icon/cuaca/cerah-am.svg,2026-09-21T01:00:00Z
33,33.74,33.74.02,33.74.02.1003,33.74.02.1003,Jawa Tengah,Kota Semarang,Semarang Utara,Plombokan,2026-09-19T12:00:00,2026-09-21 04:00:00,2026-09-21 11:00:00,39-40,34,44,0,29,12.6,E,97,W,,,1,Cerah,Sunny,https://api-apps.bmkg.go.id/storage/icon/cuaca/cerah-am.svg,2026-09-21T04:00:00Z
33,33.74,33.74.02,33.74.02.1003,33.74.02.1003,Jawa Tengah,Kota Semarang,Semarang Utara,Plombokan,2026-09-19T12:00:00,2026-09-21 07:00:00,2026-09-21 14:00:00,42-43,31,65,0.1,21,11.1,NW,331,SE,,,1,Cerah,Sunny,https://api-apps.bmkg.go.id/storage/icon/cuaca/cerah-am.svg,2026-09-21T07:00:00Z
33,33.74,33.74.02,33.74.02.1003,33.74.02.1003,Jawa Tengah,Kota Semarang,Semarang Utara,Plombokan,2026-09-19T12:00:00,2026-09-21 10:00:00,2026-09-21 17:00:00,45-46,29,72,0,13,10.8,W,281,E,,,1,Cerah,Sunny,https://api-apps.bmkg.go.id/storage/icon/cuaca/cerah-am.svg,2026-09-21T10:00:00Z
33,33.74,33.74.02,33.74.02.1003,33.74.02.1003,Jawa Tengah,Kota Semarang,Semarang Utara,Plombokan,2026-09-19T12:00:00,2026-09-21 13:00:00,2026-09-21 20:00:00,48-49,27,80,0.1,30,6.7,E,98,W,,,1,Cerah,Sunny,https://api-apps.bmkg.go.id/storage/icon/cuaca/cerah-pm.svg,2026-09-21T13:00:00Z
33,33.74,33.74.02,33.74.02.1003,33.74.02.1003,Jawa Tengah,Kota Semarang,Semarang Utara,Plombokan,2026-09-19T12:00:00,2026-09-21 16:00:00,2026-09-21 23:00:00,51-52,27,77,0,6,6.7,SE,139,NW,,,0,Cerah,Sunny,https://api-apps.bmkg.go.id/storage/icon/cuaca/cerah-pm.svg,2026-09-21T16:00:00Z
33,33.74,33.74.02,33.74.02.1004,33.74.02.1004,Jawa Tengah,Kota Semarang,Semarang Utara,Purwosari,2026-09-19T12:00:00,2026-09-19 16:00:00,2026-09-19 23:00:00,3-4,26,73,0,33,4.7,SE,159,NW,,,1,Cerah,Sunny,https://api-apps.bmkg.go.id/storage/icon/cuaca/cerah-pm.svg,2026-09-19T16:00:00Z
33,33.74,33.74.02,33.74.02.1004,33.74.02.1004,Jawa Tengah,Kota Semarang,Semarang Utara,Purwosari,2026-09-19T12:00:00,2026-09-19 19:00:00,2026-09-20 02:00:00,6-7,25,74,0,1,7,SE,142,NW,,,0,Cerah,Sunny,https://api-apps.bmkg.go.id/storage/icon/cuaca/cerah-pm.svg,2026-09-19T19:00:00Z
33,33.74,33.74.02,33.74.02.1004,33.74.02.1004,Jawa Tengah,Kota Semarang,Semarang Utara,Purwosari,2026-09-19T12:00:00,2026-09-19 22:00:00,2026-09-20 05:00:00,9-10,25,69,0,0,8.3,E,130,W,,,0,Cerah,Sunny,https://api-apps.bmkg.go.id/storage/icon/cuaca/cerah-pm.svg,2026-09-19T22:00:00Z
33,33.74,33.74.02,33.74.02.1004,33.74.02.1004,Jawa Tengah,Kota Semarang,Semarang Utara,Purwosari,2026-09-19T12:00:00,2026-09-20 01:00:00,2026-09-20 08:00:00,12-13,30,53,0,0,12.7,E,108,W,,,0,Cerah,Sunny,https://api-apps.bmkg.go.id/storage/icon/cuaca/cerah-am.svg,2026-09-20T01:00:00Z
33,33.74,33.74.02,33.74.02.1004,33.74.02.1004,Jawa Tengah,Kota Semarang,Semarang Utara,Purwosari,2026-09-19T12:00:00,2026-09-20 04:00:00,2026-09-20 11:00:00,15-16,34,45,0,2,8.9,NE,61,SW,,,0,Cerah,Sunny,https://api-apps.bmkg.go.id/storage/icon/cuaca/cerah-am.svg,2026-09-20T04:00:00Z
33,33.74,33.74.02,33.74.02.1004,33.74.02.1004,Jawa Tengah,Kota Semarang,Semarang Utara,Purwosari,2026-09-19T12:00:00,2026-09-20 07:00:00,2026-09-20 14:00:00,18-19,32,60,0.1,18,12.6,NW,345,SE,,,1,Cerah,Sunny,https://api-apps.bmkg.go.id/storage/icon/cuaca/cerah-am.svg,2026-09-20T07:00:00Z
33,33.74,33.74.02,33.74.02.1004,33.74.02.1004,Jawa Tengah,Kota Semarang,Semarang Utara,Purwosari,2026-09-19T12:00:00,2026-09-20 10:00:00,2026-09-20 17:00:00,21-22,29,78,0,6,8,W,285,E,,,0,Cerah,Sunny,https://api-apps.bmkg.go.id/storage/icon/cuaca/cerah-am.svg,2026-09-20T10:00:00Z
33,33.74,33.74.02,33.74.02.1004,33.74.02.1004,Jawa Tengah,Kota Semarang,Semarang Utara,Purwosari,2026-09-19T12:00:00,2026-09-20 13:00:00,2026-09-20 20:00:00,24-25,28,78,0.2,9,3.3,SE,149,NW,,,0,Cerah,Sunny,https://api-apps.bmkg.go.id/storage/icon/cuaca/cerah-pm.svg,2026-09-20T13:00:00Z
33,33.74,33.74.02,33.74.02.1004,33.74.02.1004,Jawa Tengah,Kota Semarang,Semarang Utara,Purwosari,2026-09-19T12:00:00,2026-09-20 16:00:00,2026-09-20 23:00:00,27-28,27,81,0,0,6.7,E,134,W,,,0,Cerah,Sunny,https://api-apps.bmkg.go.id/storage/icon/cuaca/cerah-pm.svg,2026-09-20T16:00:00Z
33,33.74,33.74.02,33.74.02.1004,33.74.02.1004,Jawa Tengah,Kota Semarang,Semarang Utara,Purwosari,2026-09-19T12:00:00,2026-09-20 19:00:00,2026-09-21 02:00:00,30-31,26,78,0,0,9.3,SE,137,NW,,,0,Cerah,Sunny,https://api-apps.bmkg.go.id/storage/icon/cuaca/cerah-pm.svg,2026-09-20T19:00:00Z
33,33.74,33.74.02,33.74.02.1004,33.74.02.1004,Jawa Tengah,Kota Semarang,Semarang Utara,Purwosari,2026-09-19T12:00:00,2026-09-20 22:00:00,2026-09-21 05:00:00,33-34,25,73,0,0,13.1,E,134,W,,,0,Cerah,Sunny,https://api-apps.bmkg.go.id/storage/icon/cuaca/cerah-pm.svg,2026-09-20T22:00:00Z
33,33.74,33.74.02,33.74.02.1004,33.74.02.1004,Jawa Tengah,Kota Semarang,Semarang Utara,Purwosari,2026-09-19T12:00:00,2026-09-21 01:00:00,2026-09-21 08:00:00,36-37,30,56,0,0,16.1,E,117,W,,,0,Cerah,Sunny,https://api-apps.bmkg.go.id/storage/icon/cuaca/cerah-am.svg,2026-09-21T01:00:00Z
33,33.74,33.74.02,33.74.02.1004,33.74.02.1004,Jawa Tengah,Kota Semarang,Semarang Utara,Purwosari,2026-09-19T12:00:00,2026-09-21 04:00:00,2026-09-21 11:00:00,39-40,34,44,0,29,12.6,E,97,W,,,1,Cerah,Sunny,https://api-apps.bmkg.go.id/storage/icon/cuaca/cerah-am.svg,2026-09-21T04:00:00Z
33,33.74,33.74.02,33.74.02.1004,33.74.02.1004,Jawa Tengah,Kota Semarang,Semarang Utara,Purwosari,2026-09-19T12:00:00,2026-09-21 07:00:00,2026-09-21 14:00:00,42-43,32,62,0.1,19,11.1,NW,331,SE,,,1,Cerah,Sunny,https://api-apps.bmkg.go.id/storage/icon/cuaca/cerah-am.svg,2026-09-21T07:00:00Z
33,33.74,33.74.02,33.74.02.1004,33.74.02.1004,Jawa Tengah,Kota Semarang,Semarang Utara,Purwosari,2026-09-19T12:00:00,2026-09-21 10:00:00,2026-09-21 17:00:00,45-46,29,71,0.1,10,10.8,W,281,E,,,1,Cerah,Sunny,https://api-apps.bmkg.go.id/storage/icon/cuaca/cerah-am.svg,2026-09-21T10:00:00Z
33,33.74,33.74.02,33.74.02.1004,33.74.02.1004,Jawa Tengah,Kota Semarang,Semarang Utara,Purwosari,2026-09-19T12:00:00,2026-09-21 13:00:00,2026-09-21 20:00:00,48-49,27,82,0.2,30,6.7,E,98,W,,,1,Cerah,Sunny,https://api-apps.bmkg.go.id/storage/icon/cuaca/cerah-pm.svg,2026-09-21T13:00:00Z
33,33.74,33.74.02,33.74.02.1004,33.74.02.1004,Jawa Tengah,Kota Semarang,Semarang Utara,Purwosari,2026-09-19T12:00:00,2026-09-21 16:00:00,2026-09-21 23:00:00,51-52,26,77,0,6,6.7,SE,139,NW,,,0,Cerah,Sunny,https://api-apps.bmkg.go.id/storage/icon/cuaca/cerah-pm.svg,2026-09-21T16:00:00Z
33,33.74,33.74.02,33.74.02.1005,33.74.02.1005,Jawa Tengah,Kota Semarang,Semarang Utara,Kuningan,2026-09-19T12:00:00,2026-09-19 16:00:00,2026-09-19 23:00:00,3-4,27,70,0,30,4.7,SE,159,NW,,,1,Cerah,Sunny,https://api-apps.bmkg.go.id/storage/icon/cuaca/cerah-pm.svg,2026-09-19T16:00:00Z
33,33.74,33.74.02,33.74.02.1005,33.74.02.1005,Jawa Tengah,Kota Semarang,Semarang Utara,Kuningan,2026-09-19T12:00:00,2026-09-19 19:00:00,2026-09-20 02:00:00,6-7,26,72,0,1,7,SE,142,NW,,,0,Cerah,Sunny,https://api-apps.bmkg.go.id/storage/icon/cuaca/cerah-pm.svg,2026-09-19T19:00:00Z
33,33.74,33.74.02,33.74.02.1005,33.74.02.1005,Jawa Tengah,Kota Semarang,Semarang Utara,Kuningan,2026-09-19T12:00:00,2026-09-19 22:00:00,2026-09-20 05:00:00,9-10,26,69,0,0,8.3,E,130,W,,,0,Cerah,Sunny,https://api-apps.bmkg.go.id/storage/icon/cuaca/cerah-pm.svg,2026-09-19T22:00:00Z
33,33.74,33.74.02,33.74.02.1005,33.74.02.1005,Jawa Tengah,Kota Semarang,Semarang Utara,Kuningan,2026-09-19T12:00:00,2026-09-20 01:00:00,2026-09-20 08:00:00,12-13,30,55,0,0,12.7,E,108,W,,,0,Cerah,Sunny,https://api-apps.bmkg.go.id/storage/icon/cuaca/cerah-am.svg,2026-09-20T01:00:00Z
33,33.74,33.74.02,33.74.02.1005,33.74.02.1005,Jawa Tengah,Kota Semarang,Semarang Utara,Kuningan,2026-09-19T12:00:00,2026-09-20 04:00:00,2026-09-20 11:00:00,15-16,33,49,0,2,8.9,NE,61,SW,,,0,Cerah,Sunny,https://api-apps.bmkg.go.id/storage/icon/cuaca/cerah-am.svg,2026-09-20T04:00:00Z
33,33.74,33.74.02,33.74.02.1005,33.74.02.1005,Jawa Tengah,Kota Semarang,Semarang Utara,Kuningan,2026-09-19T12:00:00,2026-09-20 07:00:00,2026-09-20 14:00:00,18-19,31,66,0.1,16,12.6,NW,345,SE,,,1,Cerah,Sunny,https://api-apps.bmkg.go.id/storage/icon/cuaca/cerah-am.svg,2026-09-20T07:00:00Z
33,33.74,33.74.02,33.74.02.1005,33.74.02.1005,Jawa Tengah,Kota Semarang,Semarang Utara,Kuningan,2026-09-19T12:00:00,2026-09-20 10:00:00,2026-09-20 17:00:00,21-22,29,79,0,6,8,W,285,E,,,0,Cerah,Sunny,https://api-apps.bmkg.go.id/storage/icon/cuaca/cerah-am.svg,2026-09-20T10:00:00Z
33,33.74,33.74.02,33.74.02.1005,33.74.02.1005,Jawa Tengah,Kota Semarang,Semarang Utara,Kuningan,2026-09-19T12:00:00,2026-09-20 13:00:00,2026-09-20 20:00:00,24-25,28,78,0.2,6,3.3,SE,149,NW,,,0,Cerah,Sunny,https://api-apps.bmkg.go.id/storage/icon/cuaca/cerah-pm.svg,2026-09-20T13:00:00Z
33,33.74,33.74.02,33.74.02.1005,33.74.02.1005,Jawa Tengah,Kota Semarang,Semarang Utara,Kuningan,2026-09-19T12:00:00,2026-09-20 16:00:00,2026-09-20 23:00:00,27-28,27,80,0,0,6.7,E,134,W,,,0,Cerah,Sunny,https://api-apps.bmkg.go.id/storage/icon/cuaca/cerah-pm.svg,2026-09-20T16:00:00Z
33,33.74,33.74.02,33.74.02.1005,33.74.02.1005,Jawa Tengah,Kota Semarang,Semarang Utara,Kuningan,2026-09-19T12:00:00,2026-09-20 19:00:00,2026-09-21 02:00:00,30-31,26,78,0,0,9.3,SE,137,NW,,,0,Cerah,Sunny,https://api-apps.bmkg.go.id/storage/icon/cuaca/cerah-pm.svg,2026-09-20T19:00:00Z
33,33.74,33.74.02,33.74.02.1005,33.74.02.1005,Jawa Tengah,Kota Semarang,Semarang Utara,Kuningan,2026-09-19T12:00:00,2026-09-20 22:00:00,2026-09-21 05:00:00,33-34,26,74,0,0,13.1,E,134,W,,,0,Cerah,Sunny,https://api-apps.bmkg.go.id/storage/icon/cuaca/cerah-pm.svg,2026-09-20T22:00:00Z
33,33.74,33.74.02,33.74.02.1005,33.74.02.1005,Jawa Tengah,Kota Semarang,Semarang Utara,Kuningan,2026-09-19T12:00:00,2026-09-21 01:00:00,2026-09-21 08:00:00,36-37,30,58,0,0,16.1,E,117,W,,,0,Cerah,Sunny,https://api-apps.bmkg.go.id/storage/icon/cuaca/cerah-am.svg,2026-09-21T01:00:00Z
33,33.74,33.74.02,33.74.02.1005,33.74.02.1005,Jawa Tengah,Kota Semarang,Semarang Utara,Kuningan,2026-09-19T12:00:00,2026-09-21 04:00:00,2026-09-21 11:00:00,39-40,34,48,0,27,12.6,E,97,W,,,1,Cerah,Sunny,https://api-apps.bmkg.go.id/storage/icon/cuaca/cerah-am.svg,2026-09-21T04:00:00Z
33,33.74,33.74.02,33.74.02.1005,33.74.02.1005,Jawa Tengah,Kota Semarang,Semarang Utara,Kuningan,2026-09-19T12:00:00,2026-09-21 07:00:00,2026-09-21 14:00:00,42-43,31,66,0,18,11.1,NW,331,SE,,,1,Cerah,Sunny,https://api-apps.bmkg.go.id/storage/icon/cuaca/cerah-am.svg,2026-09-21T07:00:00Z
33,33.74,33.74.02,33.74.02.1005,33.74.02.1005,Jawa Tengah,Kota Semarang,Semarang Utara,Kuningan,2026-09-19T12:00:00,2026-09-21 10:00:00,2026-09-21 17:00:00,45-46,30,71,0.1,11,10.8,W,281,E,,,1,Cerah,Sunny,https://api-apps.bmkg.go.id/storage/icon/cuaca/cerah-am.svg,2026-09-21T10:00:00Z
33,33.74,33.74.02,33.74.02.1005,33.74.02.1005,Jawa Tengah,Kota Semarang,Semarang Utara,Kuningan,2026-09-19T12:00:00,2026-09-21 13:00:00,2026-09-21 20:00:00,48-49,27,83,0.2,31,6.7,E,98,W,,,1,Cerah,Sunny,https://api-apps.bmkg.go.id/storage/icon/cuaca/cerah-pm.svg,2026-09-21T13:00:00Z
33,33.74,33.74.02,33.74.02.1005,33.74.02.1005,Jawa Tengah,Kota Semarang,Semarang Utara,Kuningan,2026-09-19T12:00:00,2026-09-21 16:00:00,2026-09-21 23:00:00,51-52,27,77,0,5,6.7,SE,139,NW,,,0,Cerah,Sunny,https://api-apps.bmkg.go.id/storage/icon/cuaca/cerah-pm.svg,2026-09-21T16:00:00Z
33,33.74,33.74.02,33.74.02.1006,33.74.02.1006,Jawa Tengah,Kota Semarang,Semarang Utara,Panggung Lor,2026-09-19T12:00:00,2026-09-19 16:00:00,2026-09-19 23:00:00,3-4,27,72,0,25,4.7,SE,159,NW,,,1,Cerah,Sunny,https://api-apps.bmkg.go.id/storage/icon/cuaca/cerah-pm.svg,2026-09-19T16:00:00Z
33,33.74,33.74.02,33.74.02.1006,33.74.02.1006,Jawa Tengah,Kota Semarang,Semarang Utara,Panggung Lor,2026-09-19T12:00:00,2026-09-19 19:00:00,2026-09-20 02:00:00,6-7,26,73,0,1,7,SE,142,NW,,,0,Cerah,Sunny,https://api-apps.bmkg.go.id/storage/icon/cuaca/cerah-pm.svg,2026-09-19T19:00:00Z
33,33.74,33.74.02,33.74.02.1006,33.74.02.1006,Jawa Tengah,Kota Semarang,Semarang Utara,Panggung Lor,2026-09-19T12:00:00,2026-09-19 22:00:00,2026-09-20 05:00:00,9-10,26,70,0,0,8.3,E,130,W,,,0,Cerah,Sunny,https://api-apps.bmkg.go.id/storage/icon/cuaca/cerah-pm.svg,2026-09-19T22:00:00Z
33,33.74,33.74.02,33.74.02.1006,33.74.02.1006,Jawa Tengah,Kota Semarang,Semarang Utara,Panggung Lor,2026-09-19T12:00:00,2026-09-20 01:00:00,2026-09-20 08:00:00,12-13,30,56,0,1,12.7,E,108,W,,,0,Cerah,Sunny,https://api-apps.bmkg.go.id/storage/icon/cuaca/cerah-am.svg,2026-09-20T01:00:00Z
33,33.74,33.74.02,33.74.02.1006,33.74.02.1006,Jawa Tengah,Kota Semarang,Semarang Utara,Panggung Lor,2026-09-19T12:00:00,2026-09-20 04:00:00,2026-09-20 11:00:00,15-16,33,50,0,2,8.9,NE,61,SW,,,0,Cerah,Sunny,https://api-apps.bmkg.go.id/storage/icon/cuaca/cerah-am.svg,2026-09-20T04:00:00Z
33,33.74,33.74.02,33.74.02.1006,33.74.02.1006,Jawa Tengah,Kota Semarang,Semarang Utara,Panggung Lor,2026-09-19T12:00:00,2026-09-20 07:00:00,2026-09-20 14:00:00,18-19,30,67,0,14,12.6,NW,345,SE,,,1,Cerah,Sunny,https://api-apps.bmkg.go.id/storage/icon/cuaca/cerah-am.svg,2026-09-20T07:00:00Z
33,33.74,33.74.02,33.74.02.1006,33.74.02.1006,Jawa Tengah,Kota Semarang,Semarang Utara,Panggung Lor,2026-09-19T12:00:00,2026-09-20 10:00:00,2026-09-20 17:00:00,21-22,29,79,0,6,8,W,285,E,,,0,Cerah,Sunny,https://api-apps.bmkg.go.id/storage/icon/cuaca/cerah-am.svg,2026-09-20T10:00:00Z
33,33.74,33.74.02,33.74.02.1006,33.74.02.1006,Jawa Tengah,Kota Semarang,Semarang Utara,Panggung Lor,2026-09-19T12:00:00,2026-09-20 13:00:00,2026-09-20 20:00:00,24-25,28,76,0.2,0,3.3,SE,149,NW,,,0,Cerah,Sunny,https://api-apps.bmkg.go.id/storage/icon/cuaca/cerah-pm.svg,2026-09-20T13:00:00Z
33,33.74,33.74.02,33.74.02.1006,33.74.02.1006,Jawa Tengah,Kota Semarang,Semarang Utara,Panggung Lor,2026-09-19T12:00:00,2026-09-20 16:00:00,2026-09-20 23:00:00,27-28,27,80,0,0,6.7,E,134,W,,,0,Cerah,Sunny,https://api-apps.bmkg.go.id/storage/icon/cuaca/cerah-pm.svg,2026-09-20T16:00:00Z
33,33.74,33.74.02,33.74.02.1006,33.74.02.1006,Jawa Tengah,Kota Semarang,Semarang Utara,Panggung Lor,2026-09-19T12:00:00,2026-09-20 19:00:00,2026-09-21 02:00:00,30-31,26,77,0,1,9.3,SE,137,NW,,,0,Cerah,Sunny,https://api-apps.bmkg.go.id/storage/icon/cuaca/cerah-pm.svg,2026-09-20T19:00:00Z
33,33.74,33.74.02,33.74.02.1006,33.74.02.1006,Jawa Tengah,Kota Semarang,Semarang Utara,Panggung Lor,2026-09-19T12:00:00,2026-09-20 22:00:00,2026-09-21 05:00:00,33-34,26,73,0,0,13.1,E,134,W,,,0,Cerah,Sunny,https://api-apps.bmkg.go.id/storage/icon/cuaca/cerah-pm.svg,2026-09-20T22:00:00Z
33,33.74,33.74.02,33.74.02.1006,33.74.02.1006,Jawa Tengah,Kota Semarang,Semarang Utara,Panggung Lor,2026-09-19T12:00:00,2026-09-21 01:00:00,2026-09-21 08:00:00,36-37,30,59,0,0,16.1,E,117,W,,,0,Cerah,Sunny,https://api-apps.bmkg.go.id/storage/icon/cuaca/cerah-am.svg,2026-09-21T01:00:00Z
33,33.74,33.74.02,33.74.02.1006,33.74.02.1006,Jawa Tengah,Kota Semarang,Semarang Utara,Panggung Lor,2026-09-19T12:00:00,2026-09-21 04:00:00,2026-09-21 11:00:00,39-40,33,49,0,27,12.6,E,97,W,,,1,Cerah,Sunny,https://api-apps.bmkg.go.id/storage/icon/cuaca/cerah-am.svg,2026-09-21T04:00:00Z
33,33.74,33.74.02,33.74.02.1006,33.74.02.1006,Jawa Tengah,Kota Semarang,Semarang Utara,Panggung Lor,2026-09-19T12:00:00,2026-09-21 07:00:00,2026-09-21 14:00:00,42-43,31,68,0,19,11.1,NW,331,SE,,,1,Cerah,Sunny,https://api-apps.bmkg.go.id/storage/icon/cuaca/cerah-am.svg,2026-09-21T07:00:00Z
33,33.74,33.74.02,33.74.02.1006,33.74.02.1006,Jawa Tengah,Kota Semarang,Semarang Utara,Panggung Lor,2026-09-19T12:00:00,2026-09-21 10:00:00,2026-09-21 17:00:00,45-46,29,72,0,13,10.8,W,281,E,,,1,Cerah,Sunny,https://api-apps.bmkg.go.id/storage/icon/cuaca/cerah-am.svg,2026-09-21T10:00:00Z
33,33.74,33.74.02,33.74.02.1006,33.74.02.1006,Jawa Tengah,Kota Semarang,Semarang Utara,Panggung Lor,2026-09-19T12:00:00,2026-09-21 13:00:00,2026-09-21 20:00:00,48-49,27,81,0.1,32,6.7,E,98,W,,,1,Cerah,Sunny,https://api-apps.bmkg.go.id/storage/icon/cuaca/cerah-pm.svg,2026-09-21T13:00:00Z
33,33.74,33.74.02,33.74.02.1006,33.74.02.1006,Jawa Tengah,Kota Semarang,Semarang Utara,Panggung Lor,2026-09-19T12:00:00,2026-09-21 16:00:00,2026-09-21 23:00:00,51-52,27,76,0,6,6.7,SE,139,NW,,,0,Cerah,Sunny,https://api-apps.bmkg.go.id/storage/icon/cuaca/cerah-pm.svg,2026-09-21T16:00:00Z
33,33.74,33.74.02,33.74.02.1007,33.74.02.1007,Jawa Tengah,Kota Semarang,Semarang Utara,Panggung Kidul,2026-09-19T12:00:00,2026-09-19 16:00:00,2026-09-19 23:00:00,3-4,26,76,0,28,4.7,SE,159,NW,,,1,Cerah,Sunny,https://api-apps.bmkg.go.id/storage/icon/cuaca/cerah-pm.svg,2026-09-19T16:00:00Z
33,33.74,33.74.02,33.74.02.1007,33.74.02.1007,Jawa Tengah,Kota Semarang,Semarang Utara,Panggung Kidul,2026-09-19T12:00:00,2026-09-19 19:00:00,2026-09-20 02:00:00,6-7,25,75,0,1,7,SE,142,NW,,,0,Cerah,Sunny,https://api-apps.bmkg.go.id/storage/icon/cuaca/cerah-pm.svg,2026-09-19T19:00:00Z
33,33.74,33.74.02,33.74.02.1007,33.74.02.1007,Jawa Tengah,Kota Semarang,Semarang Utara,Panggung Kidul,2026-09-19T12:00:00,2026-09-19 22:00:00,2026-09-20 05:00:00,9-10,25,70,0,0,8.3,E,130,W,,,0,Cerah,Sunny,https://api-apps.bmkg.go.id/storage/icon/cuaca/cerah-pm.svg,2026-09-19T22:00:00Z
33,33.74,33.74.02,33.74.02.1007,33.74.02.1007,Jawa Tengah,Kota Semarang,Semarang Utara,Panggung Kidul,2026-09-19T12:00:00,2026-09-20 01:00:00,2026-09-20 08:00:00,12-13,30,53,0,0,12.7,E,108,W,,,0,Cerah,Sunny,https://api-apps.bmkg.go.id/storage/icon/cuaca/cerah-am.svg,2026-09-20T01:00:00Z
33,33.74,33.74.02,33.74.02.1007,33.74.02.1007,Jawa Tengah,Kota Semarang,Semarang Utara,Panggung Kidul,2026-09-19T12:00:00,2026-09-20 04:00:00,2026-09-20 11:00:00,15-16,34,45,0,2,8.9,NE,61,SW,,,0,Cerah,Sunny,https://api-apps.bmkg.go.id/storage/icon/cuaca/cerah-am.svg,2026-09-20T04:00:00Z
33,33.74,33.74.02,33.74.02.1007,33.74.02.1007,Jawa Tengah,Kota Semarang,Semarang Utara,Panggung Kidul,2026-09-19T12:00:00,2026-09-20 07:00:00,2026-09-20 14:00:00,18-19,31,62,0.1,17,12.6,NW,345,SE,,,1,Cerah,Sunny,https://api-apps.bmkg.go.id/storage/icon/cuaca/cerah-am.svg,2026-09-20T07:00:00Z
33,33.74,33.74.02,33.74.02.1007,33.74.02.1007,Jawa Tengah,Kota Semarang,Semarang Utara,Panggung Kidul,2026-09-19T12:00:00,2026-09-20 10:00:00,2026-09-20 17:00:00,21-22,29,79,0,7,8,W,285,E,,,0,Cerah,Sunny,https://api-apps.bmkg.go.id/storage/icon/cuaca/cerah-am.svg,2026-09-20T10:00:00Z
33,33.74,33.74.02,33.74.02.1007,33.74.02.1007,Jawa Tengah,Kota Semarang,Semarang Utara,Panggung Kidul,2026-09-19T12:00:00,2026-09-20 13:00:00,2026-09-20 20:00:00,24-25,28,76,0.2,1,3.3,SE,149,NW,,,0,Cerah,Sunny,https://api-apps.bmkg.go.id/storage/icon/cuaca/cerah-pm.svg,2026-09-20T13:00:00Z
33,33.74,33.74.02,33.74.02.1007,33.74.02.1007,Jawa Tengah,Kota Semarang,Semarang Utara,Panggung Kidul,2026-09-19T12:00:00,2026-09-20 16:00:00,2026-09-20 23:00:00,27-28,27,80,0,0,6.7,E,134,W,,,0,Cerah,Sunny,https://api-apps.bmkg.go.id/storage/icon/cuaca/cerah-pm.svg,2026-09-20T16:00:00Z
33,33.74,33.74.02,33.74.02.1007,33.74.02.1007,Jawa Tengah,Kota Semarang,Semarang Utara,Panggung Kidul,2026-09-19T12:00:00,2026-09-20 19:00:00,2026-09-21 02:00:00,30-31,26,78,0,0,9.3,SE,137,NW,,,0,Cerah,Sunny,https://api-apps.bmkg.go.id/storage/icon/cuaca/cerah-pm.svg,2026-09-20T19:00:00Z
33,33.74,33.74.02,33.74.02.1007,33.74.02.1007,Jawa Tengah,Kota Semarang,Semarang Utara,Panggung Kidul,2026-09-19T12:00:00,2026-09-20 22:00:00,2026-09-21 05:00:00,33-34,26,72,0,0,13.1,E,134,W,,,0,Cerah,Sunny,https://api-apps.bmkg.go.id/storage/icon/cuaca/cerah-pm.svg,2026-09-20T22:00:00Z
33,33.74,33.74.02,33.74.02.1007,33.74.02.1007,Jawa Tengah,Kota Semarang,Semarang Utara,Panggung Kidul,2026-09-19T12:00:00,2026-09-21 01:00:00,2026-09-21 08:00:00,36-37,30,56,0,0,16.1,E,117,W,,,0,Cerah,Sunny,https://api-apps.bmkg.go.id/storage/icon/cuaca/cerah-am.svg,2026-09-21T01:00:00Z
33,33.74,33.74.02,33.74.02.1007,33.74.02.1007,Jawa Tengah,Kota Semarang,Semarang Utara,Panggung Kidul,2026-09-19T12:00:00,2026-09-21 04:00:00,2026-09-21 11:00:00,39-40,34,44,0,29,12.6,E,97,W,,,1,Cerah,Sunny,https://api-apps.bmkg.go.id/storage/icon/cuaca/cerah-am.svg,2026-09-21T04:00:00Z
33,33.74,33.74.02,33.74.02.1007,33.74.02.1007,Jawa Tengah,Kota Semarang,Semarang Utara,Panggung Kidul,2026-09-19T12:00:00,2026-09-21 07:00:00,2026-09-21 14:00:00,42-43,31,65,0.1,21,11.1,NW,331,SE,,,1,Cerah,Sunny,https://api-apps.bmkg.go.id/storage/icon/cuaca/cerah-am.svg,2026-09-21T07:00:00Z
33,33.74,33.74.02,33.74.02.1007,33.74.02.1007,Jawa Tengah,Kota Semarang,Semarang Utara,Panggung Kidul,2026-09-19T12:00:00,2026-09-21 10:00:00,2026-09-21 17:00:00,45-46,29,72,0,13,10.8,W,281,E,,,1,Cerah,Sunny,https://api-apps.bmkg.go.id/storage/icon/cuaca/cerah-am.svg,2026-09-21T10:00:00Z
33,33.74,33.74.02,33.74.02.1007,33.74.02.1007,Jawa Tengah,Kota Semarang,Semarang Utara,Panggung Kidul,2026-09-19T12:00:00,2026-09-21 13:00:00,2026-09-21 20:00:00,48-49,27,80,0.1,30,6.7,E,98,W,,,1,Cerah,Sunny,https://api-apps.bmkg.go.id/storage/icon/cuaca/cerah-pm.svg,2026-09-21T13:00:00Z
33,33.74,33.74.02,33.74.02.1007,33.74.02.1007,Jawa Tengah,Kota Semarang,Semarang Utara,Panggung Kidul,2026-09-19T12:00:00,2026-09-21 16:00:00,2026-09-21 23:00:00,51-52,27,77,0,6,6.7,SE,139,NW,,,0,Cerah,Sunny,https://api-apps.bmkg.go.id/storage/icon/cuaca/cerah-pm.svg,2026-09-21T16:00:00Z
33,33.74,33.74.02,33.74.02.1008,33.74.02.1008,Jawa Tengah,Kota Semarang,Semarang Utara,Tanjung Mas,2026-09-19T12:00:00,2026-09-19 16:00:00,2026-09-19 23:00:00,3-4,27,70,0,30,4.7,SE,159,NW,,,1,Cerah,Sunny,https://api-apps.bmkg.go.id/storage/icon/cuaca/cerah-pm.svg,2026-09-19T16:00:00Z
33,33.74,33.74.02,33.74.02.1008,33.74.02.1008,Jawa Tengah,Kota Semarang,Semarang Utara,Tanjung Mas,2026-09-19T12:00:00,2026-09-19 19:00:00,2026-09-20 02:00:00,6-7,26,72,0,1,7,SE,142,NW,,,0,Cerah,Sunny,https://api-apps.bmkg.go.id/storage/icon/cuaca/cerah-pm.svg,2026-09-19T19:00:00Z
33,33.74,33.74.02,33.74.02.1008,33.74.02.1008,Jawa Tengah,Kota Semarang,Semarang Utara,Tanjung Mas,2026-09-19T12:00:00,2026-09-19 22:00:00,2026-09-20 05:00:00,9-10,26,69,0,0,8.3,E,130,W,,,0,Cerah,Sunny,https://api-apps.bmkg.go.id/storage/icon/cuaca/cerah-pm.svg,2026-09-19T22:00:00Z
33,33.74,33.74.02,33.74.02.1008,33.74.02.1008,Jawa Tengah,Kota Semarang,Semarang Utara,Tanjung Mas,2026-09-19T12:00:00,2026-09-20 01:00:00,2026-09-20 08:00:00,12-13,30,55,0,0,12.7,E,108,W,,,0,Cerah,Sunny,https://api-apps.bmkg.go.id/storage/icon/cuaca/cerah-am.svg,2026-09-20T01:00:00Z
33,33.74,33.74.02,33.74.02.1008,33.74.02.1008,Jawa Tengah,Kota Semarang,Semarang Utara,Tanjung Mas,2026-09-19T12:00:00,2026-09-20 04:00:00,2026-09-20 11:00:00,15-16,33,49,0,2,8.9,NE,61,SW,,,0,Cerah,Sunny,https://api-apps.bmkg.go.id/storage/icon/cuaca/cerah-am.svg,2026-09-20T04:00:00Z
33,33.74,33.74.02,33.74.02.1008,33.74.02.1008,Jawa Tengah,Kota Semarang,Semarang Utara,Tanjung Mas,2026-09-19T12:00:00,2026-09-20 07:00:00,2026-09-20 14:00:00,18-19,31,66,0.1,16,12.6,NW,345,SE,,,1,Cerah,Sunny,https://api-apps.bmkg.go.id/storage/icon/cuaca/cerah-am.svg,2026-09-20T07:00:00Z
33,33.74,33.74.02,33.74.02.1008,33.74.02.1008,Jawa Tengah,Kota Semarang,Semarang Utara,Tanjung Mas,2026-09-19T12:00:00,2026-09-20 10:00:00,2026-09-20 17:00:00,21-22,29,79,0,6,8,W,285,E,,,0,Cerah,Sunny,https://api-apps.bmkg.go.id/storage/icon/cuaca/cerah-am.svg,2026-09-20T10:00:00Z
33,33.74,33.74.02,33.74.02.1008,33.74.02.1008,Jawa Tengah,Kota Semarang,Semarang Utara,Tanjung Mas,2026-09-19T12:00:00,2026-09-20 13:00:00,2026-09-20 20:00:00,24-25,28,78,0.2,6,3.3,SE,149,NW,,,0,Cerah,Sunny,https://api-apps.bmkg.go.id/storage/icon/cuaca/cerah-pm.svg,2026-09-20T13:00:00Z
33,33.74,33.74.02,33.74.02.1008,33.74.02.1008,Jawa Tengah,Kota Semarang,Semarang Utara,Tanjung Mas,2026-09-19T12:00:00,2026-09-20 16:00:00,2026-09-20 23:00:00,27-28,27,80,0,0,6.7,E,134,W,,,0,Cerah,Sunny,https://api-apps.bmkg.go.id/storage/icon/cuaca/cerah-pm.svg,2026-09-20T16:00:00Z
33,33.74,33.74.02,33.74.02.1008,33.74.02.1008,Jawa Tengah,Kota Semarang,Semarang Utara,Tanjung Mas,2026-09-19T12:00:00,2026-09-20 19:00:00,2026-09-21 02:00:00,30-31,26,78,0,0,9.3,SE,137,NW,,,0,Cerah,Sunny,https://api-apps.bmkg.go.id/storage/icon/cuaca/cerah-pm.svg,2026-09-20T19:00:00Z
33,33.74,33.74.02,33.74.02.1008,33.74.02.1008,Jawa Tengah,Kota Semarang,Semarang Utara,Tanjung Mas,2026-09-19T12:00:00,2026-09-20 22:00:00,2026-09-21 05:00:00,33-34,26,74,0,0,13.1,E,134,W,,,0,Cerah,Sunny,https://api-apps.bmkg.go.id/storage/icon/cuaca/cerah-pm.svg,2026-09-20T22:00:00Z
33,33.74,33.74.02,33.74.02.1008,33.74.02.1008,Jawa Tengah,Kota Semarang,Semarang Utara,Tanjung Mas,2026-09-19T12:00:00,2026-09-21 01:00:00,2026-09-21 08:00:00,36-37,30,58,0,0,16.1,E,117,W,,,0,Cerah,Sunny,https://api-apps.bmkg.go.id/storage/icon/cuaca/cerah-am.svg,2026-09-21T01:00:00Z
33,33.74,33.74.02,33.74.02.1008,33.74.02.1008,Jawa Tengah,Kota Semarang,Semarang Utara,Tanjung Mas,2026-09-19T12:00:00,2026-09-21 04:00:00,2026-09-21 11:00:00,39-40,34,48,0,27,12.6,E,97,W,,,1,Cerah,Sunny,https://api-apps.bmkg.go.id/storage/icon/cuaca/cerah-am.svg,2026-09-21T04:00:00Z
33,33.74,33.74.02,33.74.02.1008,33.74.02.1008,Jawa Tengah,Kota Semarang,Semarang Utara,Tanjung Mas,2026-09-19T12:00:00,2026-09-21 07:00:00,2026-09-21 14:00:00,42-43,31,66,0,18,11.1,NW,331,SE,,,1,Cerah,Sunny,https://api-apps.bmkg.go.id/storage/icon/cuaca/cerah-am.svg,2026-09-21T07:00:00Z
33,33.74,33.74.02,33.74.02.1008,33.74.02.1008,Jawa Tengah,Kota Semarang,Semarang Utara,Tanjung Mas,2026-09-19T12:00:00,2026-09-21 10:00:00,2026-09-21 17:00:00,45-46,30,71,0.1,11,10.8,W,281,E,,,1,Cerah,Sunny,https://api-apps.bmkg.go.id/storage/icon/cuaca/cerah-am.svg,2026-09-21T10:00:00Z
33,33.74,33.74.02,33.74.02.1008,33.74.02.1008,Jawa Tengah,Kota Semarang,Semarang Utara,Tanjung Mas,2026-09-19T12:00:00,2026-09-21 13:00:00,2026-09-21 20:00:00,48-49,27,83,0.2,31,6.7,E,98,W,,,1,Cerah,Sunny,https://api-apps.bmkg.go.id/storage/icon/cuaca/cerah-pm.svg,2026-09-21T13:00:00Z
33,33.74,33.74.02,33.74.02.1008,33.74.02.1008,Jawa Tengah,Kota Semarang,Semarang Utara,Tanjung Mas,2026-09-19T12:00:00,2026-09-21 16:00:00,2026-09-21 23:00:00,51-52,27,77,0,5,6.7,SE,139,NW,,,0,Cerah,Sunny,https://api-apps.bmkg.go.id/storage/icon/cuaca/cerah-pm.svg,2026-09-21T16:00:00Z
33,33.74,33.74.02,33.74.02.1009,33.74.02.1009,Jawa Tengah,Kota Semarang,Semarang Utara,Dadapsari,2026-09-19T12:00:00,2026-09-19 16:00:00,2026-09-19 23:00:00,3-4,26,73,0,33,4.7,SE,159,NW,,,1,Cerah,Sunny,https://api-apps.bmkg.go.id/storage/icon/cuaca/cerah-pm.svg,2026-09-19T16:00:00Z
33,33.74,33.74.02,33.74.02.1009,33.74.02.1009,Jawa Tengah,Kota Semarang,Semarang Utara,Dadapsari,2026-09-19T12:00:00,2026-09-19 19:00:00,2026-09-20 02:00:00,6-7,25,74,0,1,7,SE,142,NW,,,0,Cerah,Sunny,https://api-apps.bmkg.go.id/storage/icon/cuaca/cerah-pm.svg,2026-09-19T19:00:00Z
33,33.74,33.74.02,33.74.02.1009,33.74.02.1009,Jawa Tengah,Kota Semarang,Semarang Utara,Dadapsari,2026-09-19T12:00:00,2026-09-19 22:00:00,2026-09-20 05:00:00,9-10,25,69,0,0,8.3,E,130,W,,,0,Cerah,Sunny,https://api-apps.bmkg.go.id/storage/icon/cuaca/cerah-pm.svg,2026-09-19T22:00:00Z
33,33.74,33.74.02,33.74.02.1009,33.74.02.1009,Jawa Tengah,Kota Semarang,Semarang Utara,Dadapsari,2026-09-19T12:00:00,2026-09-20 01:00:00,2026-09-20 08:00:00,12-13,30,53,0,0,12.7,E,108,W,,,0,Cerah,Sunny,https://api-apps.bmkg.go.id/storage/icon/cuaca/cerah-am.svg,2026-09-20T01:00:00Z
33,33.74,33.74.02,33.74.02.1009,33.74.02.1009,Jawa Tengah,Kota Semarang,Semarang Utara,Dadapsari,2026-09-19T12:00:00,2026-09-20 04:00:00,2026-09-20 11:00:00,15-16,34,45,0,2,8.9,NE,61,SW,,,0,Cerah,Sunny,https://api-apps.bmkg.go.id/storage/icon/cuaca/cerah-am.svg,2026-09-20T04:00:00Z
33,33.74,33.74.02,33.74.02.1009,33.74.02.1009,Jawa Tengah,Kota Semarang,Semarang Utara,Dadapsari,2026-09-19T12:00:00,2026-09-20 07:00:00,2026-09-20 14:00:00,18-19,32,60,0.1,18,12.6,NW,345,SE,,,1,Cerah,Sunny,https://api-apps.bmkg.go.id/storage/icon/cuaca/cerah-am.svg,2026-09-20T07:00:00Z
33,33.74,33.74.02,33.74.02.1009,33.74.02.1009,Jawa Tengah,Kota Semarang,Semarang Utara,Dadapsari,2026-09-19T12:00:00,2026-09-20 10:00:00,2026-09-20 17:00:00,21-22,29,78,0,6,8,W,285,E,,,0,Cerah,Sunny,https://api-apps.bmkg.go.id/storage/icon/cuaca/cerah-am.svg,2026-09-20T10:00:00Z
33,33.74,33.74.02,33.74.02.1009,33.74.02.1009,Jawa Tengah,Kota Semarang,Semarang Utara,Dadapsari,2026-09-19T12:00:00,2026-09-20 13:00:00,2026-09-20 20:00:00,24-25,28,78,0.2,9,3.3,SE,149,NW,,,0,Cerah,Sunny,https://api-apps.bmkg.go.id/storage/icon/cuaca/cerah-pm.svg,2026-09-20T13:00:00Z
33,33.74,33.74.02,33.74.02.1009,33.74.02.1009,Jawa Tengah,Kota Semarang,Semarang Utara,Dadapsari,2026-09-19T12:00:00,2026-09-20 16:00:00,2026-09-20 23:00:00,27-28,27,81,0,0,6.7,E,134,W,,,0,Cerah,Sunny,https://api-apps.bmkg.go.id/storage/icon/cuaca/cerah-pm.svg,2026-09-20T16:00:00Z
33,33.74,33.74.02,33.74.02.1009,33.74.02.1009,Jawa Tengah,Kota Semarang,Semarang Utara,Dadapsari,2026-09-19T12:00:00,2026-09-20 19:00:00,2026-09-21 02:00:00,30-31,26,78,0,0,9.3,SE,137,NW,,,0,Cerah,Sunny,https://api-apps.bmkg.go.id/storage/icon/cuaca/cerah-pm.svg,2026-09-20T19:00:00Z
33,33.74,33.74.02,33.74.02.1009,33.74.02.1009,Jawa Tengah,Kota Semarang,Semarang Utara,Dadapsari,2026-09-19T12:00:00,2026-09-20 22:00:00,2026-09-21 05:00:00,33-34,25,73,0,0,13.1,E,134,W,,,0,Cerah,Sunny,https://api-apps.bmkg.go.id/storage/icon/cuaca/cerah-pm.svg,2026-09-20T22:00:00Z
33,33.74,33.74.02,33.74.02.1009,33.74.02.1009,Jawa Tengah,Kota Semarang,Semarang Utara,Dadapsari,2026-09-19T12:00:00,2026-09-21 01:00:00,2026-09-21 08:00:00,36-37,30,56,0,0,16.1,E,117,W,,,0,Cerah,Sunny,https://api-apps.bmkg.go.id/storage/icon/cuaca/cerah-am.svg,2026-09-21T01:00:00Z
33,33.74,33.74.02,33.74.02.1009,33.74.02.1009,Jawa Tengah,Kota Semarang,Semarang Utara,Dadapsari,2026-09-19T12:00:00,2026-09-21 04:00:00,2026-09-21 11:00:00,39-40,34,44,0,29,12.6,E,97,W,,,1,Cerah,Sunny,https://api-apps.bmkg.go.id/storage/icon/cuaca/cerah-am.svg,2026-09-21T04:00:00Z
33,33.74,33.74.02,33.74.02.1009,33.74.02.1009,Jawa Tengah,Kota Semarang,Semarang Utara,Dadapsari,2026-09-19T12:00:00,2026-09-21 07:00:00,2026-09-21 14:00:00,42-43,32,62,0.1,19,11.1,NW,331,SE,,,1,Cerah,Sunny,https://api-apps.bmkg.go.id/storage/icon/cuaca/cerah-am.svg,2026-09-21T07:00:00Z
33,33.74,33.74.02,33.74.02.1009,33.74.02.1009,Jawa Tengah,Kota Semarang,Semarang Utara,Dadapsari,2026-09-19T12:00:00,2026-09-21 10:00:00,2026-09-21 17:00:00,45-46,29,71,0.1,10,10.8,W,281,E,,,1,Cerah,Sunny,https://api-apps.bmkg.go.id/storage/icon/cuaca/cerah-am.svg,2026-09-21T10:00:00Z
33,33.74,33.74.02,33.74.02.1009,33.74.02.1009,Jawa Tengah,Kota Semarang,Semarang Utara,Dadapsari,2026-09-19T12:00:00,2026-09-21 13:00:00,2026-09-21 20:00:00,48-49,27,82,0.2,30,6.7,E,98,W,,,1,Cerah,Sunny,https://api-apps.bmkg.go.id/storage/icon/cuaca/cerah-pm.svg,2026-09-21T13:00:00Z
33,33.74,33.74.02,33.74.02.1009,33.74.02.1009,Jawa Tengah,Kota Semarang,Semarang Utara,Dadapsari,2026-09-19T12:00:00,2026-09-21 16:00:00,2026-09-21 23:00:00,51-52,26,77,0,6,6.7,SE,139,NW,,,0,Cerah,Sunny,https://api-apps.bmkg.go.id/storage/icon/cuaca/cerah-pm.svg,2026-09-21T16:00:00Z
33,33.74,33.74.03,33.74.03.1001,33.74.03.1001,Jawa Tengah,Kota Semarang,Semarang Timur,Kemijen,2026-09-19T12:00:00,2026-09-19 15:00:00,2026-09-19 22:00:00,2-3,27,72,0,2,4.4,E,114,W,,,0,Cerah,Sunny,https://api-apps.bmkg.go.id/storage/icon/cuaca/cerah-pm.svg,2026-09-19T15:00:00Z
33,33.74,33.74.03,33.74.03.1001,33.74.03.1001,Jawa Tengah,Kota Semarang,Semarang Timur,Kemijen,2026-09-19T12:00:00,2026-09-19 18:00:00,2026-09-20 01:00:00,5-6,26,72,0,0,4.7,SE,159,NW,,,0,Cerah,Sunny,https://api-apps.bmkg.go.id/storage/icon/cuaca/cerah-pm.svg,2026-09-19T18:00:00Z
33,33.74,33.74.03,33.74.03.1001,33.74.03.1001,Jawa Tengah,Kota Semarang,Semarang Timur,Kemijen,2026-09-19T12:00:00,2026-09-19 21:00:00,2026-09-20 04:00:00,8-9,25,72,0,0,7,SE,142,NW,,,0,Cerah,Sunny,https://api-apps.bmkg.go.id/storage/icon/cuaca/cerah-pm.svg,2026-09-19T21:00:00Z
33,33.74,33.74.03,33.74.03.1001,33.74.03.1001,Jawa Tengah,Kota Semarang,Semarang Timur,Kemijen,2026-09-19T12:00:00,2026-09-20 00:00:00,2026-09-20 07:00:00,11-12,28,58,0,4,8.3,E,130,W,,,0,Cerah,Sunny,https://api-apps.bmkg.go.id/storage/icon/cuaca/cerah-am.svg,2026-09-20T00:00:00Z
33,33.74,33.74.03,33.74.03.1001,33.74.03.1001,Jawa Tengah,Kota Semarang,Semarang Timur,Kemijen,2026-09-19T12:00:00,2026-09-20 03:00:00,2026-09-20 10:00:00,14-15,32,51,0,0,12.7,E,108,W,,,0,Cerah,Sunny,https://api-apps.bmkg.go.id/storage/icon/cuaca/cerah-am.svg,2026-09-20T03:00:00Z
33,33.74,33.74.03,33.74.03.1001,33.74.03.1001,Jawa Tengah,Kota Semarang,Semarang Timur,Kemijen,2026-09-19T12:00:00,2026-09-20 06:00:00,2026-09-20 13:00:00,17-18,33,56,0.1,4,8.9,NE,61,SW,,,0,Cerah,Sunny,https://api-apps.bmkg.go.id/storage/icon/cuaca/cerah-am.svg,2026-09-20T06:00:00Z
33,33.74,33.74.03,33.74.03.1001,33.74.03.1001,Jawa Tengah,Kota Semarang,Semarang Timur,Kemijen,2026-09-19T12:00:00,2026-09-20 09:00:00,2026-09-20 16:00:00,20-21,29,77,0,11,12.6,NW,345,SE,,,1,Cerah,Sunny,https://api-apps.bmkg.go.id/storage/icon/cuaca/cerah-am.svg,2026-09-20T09:00:00Z
33,33.74,33.74.03,33.74.03.1001,33.74.03.1001,Jawa Tengah,Kota Semarang,Semarang Timur,Kemijen,2026-09-19T12:00:00,2026-09-20 12:00:00,2026-09-20 19:00:00,23-24,29,77,0.2,17,8,W,285,E,,,1,Cerah,Sunny,https://api-apps.bmkg.go.id/storage/icon/cuaca/cerah-pm.svg,2026-09-20T12:00:00Z
33,33.74,33.74.03,33.74.03.1001,33.74.03.1001,Jawa Tengah,Kota Semarang,Semarang Timur,Kemijen,2026-09-19T12:00:00,2026-09-20 15:00:00,2026-09-20 22:00:00,26-27,27,81,0,0,3.3,SE,149,NW,,,0,Cerah,Sunny,https://api-apps.bmkg.go.id/storage/icon/cuaca/cerah-pm.svg,2026-09-20T15:00:00Z
33,33.74,33.74.03,33.74.03.1001,33.74.03.1001,Jawa Tengah,Kota Semarang,Semarang Timur,Kemijen,2026-09-19T12:00:00,2026-09-20 18:00:00,2026-09-21 01:00:00,29-30,26,79,0,0,6.7,E,134,W,,,0,Cerah,Sunny,https://api-apps.bmkg.go.id/storage/icon/cuaca/cerah-pm.svg,2026-09-20T18:00:00Z
33,33.74,33.74.03,33.74.03.1001,33.74.03.1001,Jawa Tengah,Kota Semarang,Semarang Timur,Kemijen,2026-09-19T12:00:00,2026-09-20 21:00:00,2026-09-21 04:00:00,32-33,26,74,0,0,9.3,SE,137,NW,,,0,Cerah,Sunny,https://api-apps.bmkg.go.id/storage/icon/cuaca/cerah-pm.svg,2026-09-20T21:00:00Z
33,33.74,33.74.03,33.74.03.1001,33.74.03.1001,Jawa Tengah,Kota Semarang,Semarang Timur,Kemijen,2026-09-19T12:00:00,2026-09-21 00:00:00,2026-09-21 07:00:00,35-36,28,63,0,0,13.1,E,134,W,,,0,Cerah,Sunny,https://api-apps.bmkg.go.id/storage/icon/cuaca/cerah-am.svg,2026-09-21T00:00:00Z
33,33.74,33.74.03,33.74.03.1001,33.74.03.1001,Jawa Tengah,Kota Semarang,Semarang Timur,Kemijen,2026-09-19T12:00:00,2026-09-21 03:00:00,2026-09-21 10:00:00,38-39,32,49,0,1,16.1,E,117,W,,,0,Cerah,Sunny,https://api-apps.bmkg.go.id/storage/icon/cuaca/cerah-am.svg,2026-09-21T03:00:00Z
33,33.74,33.74.03,33.74.03.1001,33.74.03.1001,Jawa Tengah,Kota Semarang,Semarang Timur,Kemijen,2026-09-19T12:00:00,2026-09-21 06:00:00,2026-09-21 13:00:00,41-42,32,59,0,19,12.6,E,97,W,,,1,Cerah,Sunny,https://api-apps.bmkg.go.id/storage/icon/cuaca/cerah-am.svg,2026-09-21T06:00:00Z
33,33.74,33.74.03,33.74.03.1001,33.74.03.1001,Jawa Tengah,Kota Semarang,Semarang Timur,Kemijen,2026-09-19T12:00:00,2026-09-21 09:00:00,2026-09-21 16:00:00,44-45,30,68,0.1,15,11.1,NW,331,SE,,,1,Cerah,Sunny,https://api-apps.bmkg.go.id/storage/icon/cuaca/cerah-am.svg,2026-09-21T09:00:00Z
33,33.74,33.74.03,33.74.03.1001,33.74.03.1001,Jawa Tengah,Kota Semarang,Semarang Timur,Kemijen,2026-09-19T12:00:00,2026-09-21 12:00:00,2026-09-21 19:00:00,47-48,28,77,0.2,36,10.8,W,281,E,,,1,Cerah,Sunny,https://api-apps.bmkg.go.id/storage/icon/cuaca/cerah-pm.svg,2026-09-21T12:00:00Z
33,33.74,33.74.03,33.74.03.1001,33.74.03.1001,Jawa Tengah,Kota Semarang,Semarang Timur,Kemijen,2026-09-19T12:00:00,2026-09-21 15:00:00,2026-09-21 22:00:00,50-51,27,82,0,8,6.7,E,98,W,,,0,Cerah,Sunny,https://api-apps.bmkg.go.id/storage/icon/cuaca/cerah-pm.svg,2026-09-21T15:00:00Z
33,33.74,33.74.03,33.74.03.1002,33.74.03.1002,Jawa Tengah,Kota Semarang,Semarang Timur,Rejomulyo,2026-09-19T12:00:00,2026-09-19 16:00:00,2026-09-19 23:00:00,3-4,26,73,0,33,4.7,SE,159,NW,,,1,Cerah,Sunny,https://api-apps.bmkg.go.id/storage/icon/cuaca/cerah-pm.svg,2026-09-19T16:00:00Z
33,33.74,33.74.03,33.74.03.1002,33.74.03.1002,Jawa Tengah,Kota Semarang,Semarang Timur,Rejomulyo,2026-09-19T12:00:00,2026-09-19 19:00:00,2026-09-20 02:00:00,6-7,25,74,0,1,7,SE,142,NW,,,0,Cerah,Sunny,https://api-apps.bmkg.go.id/storage/icon/cuaca/cerah-pm.svg,2026-09-19T19:00:00Z
33,33.74,33.74.03,33.74.03.1002,33.74.03.1002,Jawa Tengah,Kota Semarang,Semarang Timur,Rejomulyo,2026-09-19T12:00:00,2026-09-19 22:00:00,2026-09-20 05:00:00,9-10,25,69,0,0,8.3,E,130,W,,,0,Cerah,Sunny,https://api-apps.bmkg.go.id/storage/icon/cuaca/cerah-pm.svg,2026-09-19T22:00:00Z
33,33.74,33.74.03,33.74.03.1002,33.74.03.1002,Jawa Tengah,Kota Semarang,Semarang Timur,Rejomulyo,2026-09-19T12:00:00,2026-09-20 01:00:00,2026-09-20 08:00:00,12-13,30,53,0,0,12.7,E,108,W,,,0,Cerah,Sunny,https://api-apps.bmkg.go.id/storage/icon/cuaca/cerah-am.svg,2026-09-20T01:00:00Z
33,33.74,33.74.03,33.74.03.1002,33.74.03.1002,Jawa Tengah,Kota Semarang,Semarang Timur,Rejomulyo,2026-09-19T12:00:00,2026-09-20 04:00:00,2026-09-20 11:00:00,15-16,34,45,0,2,8.9,NE,61,SW,,,0,Cerah,Sunny,https://api-apps.bmkg.go.id/storage/icon/cuaca/cerah-am.svg,2026-09-20T04:00:00Z
33,33.74,33.74.03,33.74.03.1002,33.74.03.1002,Jawa Tengah,Kota Semarang,Semarang Timur,Rejomulyo,2026-09-19T12:00:00,2026-09-20 07:00:00,2026-09-20 14:00:00,18-19,32,60,0.1,18,12.6,NW,345,SE,,,1,Cerah,Sunny,https://api-apps.bmkg.go.id/storage/icon/cuaca/cerah-am.svg,2026-09-20T07:00:00Z
33,33.74,33.74.03,33.74.03.1002,33.74.03.1002,Jawa Tengah,Kota Semarang,Semarang Timur,Rejomulyo,2026-09-19T12:00:00,2026-09-20 10:00:00,2026-09-20 17:00:00,21-22,29,78,0,6,8,W,285,E,,,0,Cerah,Sunny,https://api-apps.bmkg.go.id/storage/icon/cuaca/cerah-am.svg,2026-09-20T10:00:00Z
33,33.74,33.74.03,33.74.03.1002,33.74.03.1002,Jawa Tengah,Kota Semarang,Semarang Timur,Rejomulyo,2026-09-19T12:00:00,2026-09-20 13:00:00,2026-09-20 20:00:00,24-25,28,78,0.2,9,3.3,SE,149,NW,,,0,Cerah,Sunny,https://api-apps.bmkg.go.id/storage/icon/cuaca/cerah-pm.svg,2026-09-20T13:00:00Z
33,33.74,33.74.03,33.74.03.1002,33.74.03.1002,Jawa Tengah,Kota Semarang,Semarang Timur,Rejomulyo,2026-09-19T12:00:00,2026-09-20 16:00:00,2026-09-20 23:00:00,27-28,27,81,0,0,6.7,E,134,W,,,0,Cerah,Sunny,https://api-apps.bmkg.go.id/storage/icon/cuaca/cerah-pm.svg,2026-09-20T16:00:00Z
33,33.74,33.74.03,33.74.03.1002,33.74.03.1002,Jawa Tengah,Kota Semarang,Semarang Timur,Rejomulyo,2026-09-19T12:00:00,2026-09-20 19:00:00,2026-09-21 02:00:00,30-31,26,78,0,0,9.3,SE,137,NW,,,0,Cerah,Sunny,https://api-apps.bmkg.go.id/storage/icon/cuaca/cerah-pm.svg,2026-09-20T19:00:00Z
33,33.74,33.74.03,33.74.03.1002,33.74.03.1002,Jawa Tengah,Kota Semarang,Semarang Timur,Rejomulyo,2026-09-19T12:00:00,2026-09-20 22:00:00,2026-09-21 05:00:00,33-34,25,73,0,0,13.1,E,134,W,,,0,Cerah,Sunny,https://api-apps.bmkg.go.id/storage/icon/cuaca/cerah-pm.svg,2026-09-20T22:00:00Z
33,33.74,33.74.03,33.74.03.1002,33.74.03.1002,Jawa Tengah,Kota Semarang,Semarang Timur,Rejomulyo,2026-09-19T12:00:00,2026-09-21 01:00:00,2026-09-21 08:00:00,36-37,30,56,0,0,16.1,E,117,W,,,0,Cerah,Sunny,https://api-apps.bmkg.go.id/storage/icon/cuaca/cerah-am.svg,2026-09-21T01:00:00Z
33,33.74,33.74.03,33.74.03.1002,33.74.03.1002,Jawa Tengah,Kota Semarang,Semarang Timur,Rejomulyo,2026-09-19T12:00:00,2026-09-21 04:00:00,2026-09-21 11:00:00,39-40,34,44,0,29,12.6,E,97,W,,,1,Cerah,Sunny,https://api-apps.bmkg.go.id/storage/icon/cuaca/cerah-am.svg,2026-09-21T04:00:00Z
33,33.74,33.74.03,33.74.03.1002,33.74.03.1002,Jawa Tengah,Kota Semarang,Semarang Timur,Rejomulyo,2026-09-19T12:00:00,2026-09-21 07:00:00,2026-09-21 14:00:00,42-43,32,62,0.1,19,11.1,NW,331,SE,,,1,Cerah,Sunny,https://api-apps.bmkg.go.id/storage/icon/cuaca/cerah-am.svg,2026-09-21T07:00:00Z
33,33.74,33.74.03,33.74.03.1002,33.74.03.1002,Jawa Tengah,Kota Semarang,Semarang Timur,Rejomulyo,2026-09-19T12:00:00,2026-09-21 10:00:00,2026-09-21 17:00:00,45-46,29,71,0.1,10,10.8,W,281,E,,,1,Cerah,Sunny,https://api-apps.bmkg.go.id/storage/icon/cuaca/cerah-am.svg,2026-09-21T10:00:00Z
33,33.74,33.74.03,33.74.03.1002,33.74.03.1002,Jawa Tengah,Kota Semarang,Semarang Timur,Rejomulyo,2026-09-19T12:00:00,2026-09-21 13:00:00,2026-09-21 20:00:00,48-49,27,82,0.2,30,6.7,E,98,W,,,1,Cerah,Sunny,https://api-apps.bmkg.go.id/storage/icon/cuaca/cerah-pm.svg,2026-09-21T13:00:00Z
33,33.74,33.74.03,33.74.03.1002,33.74.03.1002,Jawa Tengah,Kota Semarang,Semarang Timur,Rejomulyo,2026-09-19T12:00:00,2026-09-21 16:00:00,2026-09-21 23:00:00,51-52,26,77,0,6,6.7,SE,139,NW,,,0,Cerah,Sunny,https://api-apps.bmkg.go.id/storage/icon/cuaca/cerah-pm.svg,2026-09-21T16:00:00Z
33,33.74,33.74.03,33.74.03.1003,33.74.03.1003,Jawa Tengah,Kota Semarang,Semarang Timur,Mlatibaru,2026-09-19T12:00:00,2026-09-19 16:00:00,2026-09-19 23:00:00,3-4,26,73,0,33,4.7,SE,159,NW,,,1,Cerah,Sunny,https://api-apps.bmkg.go.id/storage/icon/cuaca/cerah-pm.svg,2026-09-19T16:00:00Z
33,33.74,33.74.03,33.74.03.1003,33.74.03.1003,Jawa Tengah,Kota Semarang,Semarang Timur,Mlatibaru,2026-09-19T12:00:00,2026-09-19 19:00:00,2026-09-20 02:00:00,6-7,25,74,0,1,7,SE,142,NW,,,0,Cerah,Sunny,https://api-apps.bmkg.go.id/storage/icon/cuaca/cerah-pm.svg,2026-09-19T19:00:00Z
33,33.74,33.74.03,33.74.03.1003,33.74.03.1003,Jawa Tengah,Kota Semarang,Semarang Timur,Mlatibaru,2026-09-19T12:00:00,2026-09-19 22:00:00,2026-09-20 05:00:00,9-10,25,69,0,0,8.3,E,130,W,,,0,Cerah,Sunny,https://api-apps.bmkg.go.id/storage/icon/cuaca/cerah-pm.svg,2026-09-19T22:00:00Z
33,33.74,33.74.03,33.74.03.1003,33.74.03.1003,Jawa Tengah,Kota Semarang,Semarang Timur,Mlatibaru,2026-09-19T12:00:00,2026-09-20 01:00:00,2026-09-20 08:00:00,12-13,30,53,0,0,12.7,E,108,W,,,0,Cerah,Sunny,https://api-apps.bmkg.go.id/storage/icon/cuaca/cerah-am.svg,2026-09-20T01:00:00Z
33,33.74,33.74.03,33.74.03.1003,33.74.03.1003,Jawa Tengah,Kota Semarang,Semarang Timur,Mlatibaru,2026-09-19T12:00:00,2026-09-20 04:00:00,2026-09-20 11:00:00,15-16,34,45,0,2,8.9,NE,61,SW,,,0,Cerah,Sunny,https://api-apps.bmkg.go.id/storage/icon/cuaca/cerah-am.svg,2026-09-20T04:00:00Z
33,33.74,33.74.03,33.74.03.1003,33.74.03.1003,Jawa Tengah,Kota Semarang,Semarang Timur,Mlatibaru,2026-09-19T12:00:00,2026-09-20 07:00:00,2026-09-20 14:00:00,18-19,32,60,0.1,18,12.6,NW,345,SE,,,1,Cerah,Sunny,https://api-apps.bmkg.go.id/storage/icon/cuaca/cerah-am.svg,2026-09-20T07:00:00Z
33,33.74,33.74.03,33.74.03.1003,33.74.03.1003,Jawa Tengah,Kota Semarang,Semarang Timur,Mlatibaru,2026-09-19T12:00:00,2026-09-20 10:00:00,2026-09-20 17:00:00,21-22,29,78,0,6,8,W,285,E,,,0,Cerah,Sunny,https://api-apps.bmkg.go.id/storage/icon/cuaca/cerah-am.svg,2026-09-20T10:00:00Z
33,33.74,33.74.03,33.74.03.1003,33.74.03.1003,Jawa Tengah,Kota Semarang,Semarang Timur,Mlatibaru,2026-09-19T12:00:00,2026-09-20 13:00:00,2026-09-20 20:00:00,24-25,28,78,0.2,9,3.3,SE,149,NW,,,0,Cerah,Sunny,https://api-apps.bmkg.go.id/storage/icon/cuaca/cerah-pm.svg,2026-09-20T13:00:00Z
33,33.74,33.74.03,33.74.03.1003,33.74.03.1003,Jawa Tengah,Kota Semarang,Semarang Timur,Mlatibaru,2026-09-19T12:00:00,2026-09-20 16:00:00,2026-09-20 23:00:00,27-28,27,81,0,0,6.7,E,134,W,,,0,Cerah,Sunny,https://api-apps.bmkg.go.id/storage/icon/cuaca/cerah-pm.svg,2026-09-20T16:00:00Z
33,33.74,33.74.03,33.74.03.1003,33.74.03.1003,Jawa Tengah,Kota Semarang,Semarang Timur,Mlatibaru,2026-09-19T12:00:00,2026-09-20 19:00:00,2026-09-21 02:00:00,30-31,26,78,0,0,9.3,SE,137,NW,,,0,Cerah,Sunny,https://api-apps.bmkg.go.id/storage/icon/cuaca/cerah-pm.svg,2026-09-20T19:00:00Z
33,33.74,33.74.03,33.74.03.1003,33.74.03.1003,Jawa Tengah,Kota Semarang,Semarang Timur,Mlatibaru,2026-09-19T12:00:00,2026-09-20 22:00:00,2026-09-21 05:00:00,33-34,25,73,0,0,13.1,E,134,W,,,0,Cerah,Sunny,https://api-apps.bmkg.go.id/storage/icon/cuaca/cerah-pm.svg,2026-09-20T22:00:00Z
33,33.74,33.74.03,33.74.03.1003,33.74.03.1003,Jawa Tengah,Kota Semarang,Semarang Timur,Mlatibaru,2026-09-19T12:00:00,2026-09-21 01:00:00,2026-09-21 08:00:00,36-37,30,56,0,0,16.1,E,117,W,,,0,Cerah,Sunny,https://api-apps.bmkg.go.id/storage/icon/cuaca/cerah-am.svg,2026-09-21T01:00:00Z
33,33.74,33.74.03,33.74.03.1003,33.74.03.1003,Jawa Tengah,Kota Semarang,Semarang Timur,Mlatibaru,2026-09-19T12:00:00,2026-09-21 04:00:00,2026-09-21 11:00:00,39-40,34,44,0,29,12.6,E,97,W,,,1,Cerah,Sunny,https://api-apps.bmkg.go.id/storage/icon/cuaca/cerah-am.svg,2026-09-21T04:00:00Z
33,33.74,33.74.03,33.74.03.1003,33.74.03.1003,Jawa Tengah,Kota Semarang,Semarang Timur,Mlatibaru,2026-09-19T12:00:00,2026-09-21 07:00:00,2026-09-21 14:00:00,42-43,32,62,0.1,19,11.1,NW,331,SE,,,1,Cerah,Sunny,https://api-apps.bmkg.go.id/storage/icon/cuaca/cerah-am.svg,2026-09-21T07:00:00Z
33,33.74,33.74.03,33.74.03.1003,33.74.03.1003,Jawa Tengah,Kota Semarang,Semarang Timur,Mlatibaru,2026-09-19T12:00:00,2026-09-21 10:00:00,2026-09-21 17:00:00,45-46,29,71,0.1,10,10.8,W,281,E,,,1,Cerah,Sunny,https://api-apps.bmkg.go.id/storage/icon/cuaca/cerah-am.svg,2026-09-21T10:00:00Z
33,33.74,33.74.03,33.74.03.1003,33.74.03.1003,Jawa Tengah,Kota Semarang,Semarang Timur,Mlatibaru,2026-09-19T12:00:00,2026-09-21 13:00:00,2026-09-21 20:00:00,48-49,27,82,0.2,30,6.7,E,98,W,,,1,Cerah,Sunny,https://api-apps.bmkg.go.id/storage/icon/cuaca/cerah-pm.svg,2026-09-21T13:00:00Z
33,33.74,33.74.03,33.74.03.1003,33.74.03.1003,Jawa Tengah,Kota Semarang,Semarang Timur,Mlatibaru,2026-09-19T12:00:00,2026-09-21 16:00:00,2026-09-21 23:00:00,51-52,26,77,0,6,6.7,SE,139,NW,,,0,Cerah,Sunny,https://api-apps.bmkg.go.id/storage/icon/cuaca/cerah-pm.svg,2026-09-21T16:00:00Z
33,33.74,33.74.03,33.74.03.1004,33.74.03.1004,Jawa Tengah,Kota Semarang,Semarang Timur,Kebonagung,2026-09-19T12:00:00,2026-09-19 16:00:00,2026-09-19 23:00:00,3-4,26,73,0,33,4.7,SE,159,NW,,,1,Cerah,Sunny,https://api-apps.bmkg.go.id/storage/icon/cuaca/cerah-pm.svg,2026-09-19T16:00:00Z
33,33.74,33.74.03,33.74.03.1004,33.74.03.1004,Jawa Tengah,Kota Semarang,Semarang Timur,Kebonagung,2026-09-19T12:00:00,2026-09-19 19:00:00,2026-09-20 02:00:00,6-7,25,74,0,1,7,SE,142,NW,,,0,Cerah,Sunny,https://api-apps.bmkg.go.id/storage/icon/cuaca/cerah-pm.svg,2026-09-19T19:00:00Z
33,33.74,33.74.03,33.74.03.1004,33.74.03.1004,Jawa Tengah,Kota Semarang,Semarang Timur,Kebonagung,2026-09-19T12:00:00,2026-09-19 22:00:00,2026-09-20 05:00:00,9-10,25,69,0,0,8.3,E,130,W,,,0,Cerah,Sunny,https://api-apps.bmkg.go.id/storage/icon/cuaca/cerah-pm.svg,2026-09-19T22:00:00Z
33,33.74,33.74.03,33.74.03.1004,33.74.03.1004,Jawa Tengah,Kota Semarang,Semarang Timur,Kebonagung,2026-09-19T12:00:00,2026-09-20 01:00:00,2026-09-20 08:00:00,12-13,30,53,0,0,12.7,E,108,W,,,0,Cerah,Sunny,https://api-apps.bmkg.go.id/storage/icon/cuaca/cerah-am.svg,2026-09-20T01:00:00Z
33,33.74,33.74.03,33.74.03.1004,33.74.03.1004,Jawa Tengah,Kota Semarang,Semarang Timur,Kebonagung,2026-09-19T12:00:00,2026-09-20 04:00:00,2026-09-20 11:00:00,15-16,34,45,0,2,8.9,NE,61,SW,,,0,Cerah,Sunny,https://api-apps.bmkg.go.id/storage/icon/cuaca/cerah-am.svg,2026-09-20T04:00:00Z
33,33.74,33.74.03,33.74.03.1004,33.74.03.1004,Jawa Tengah,Kota Semarang,Semarang Timur,Kebonagung,2026-09-19T12:00:00,2026-09-20 07:00:00,2026-09-20 14:00:00,18-19,32,60,0.1,18,12.6,NW,345,SE,,,1,Cerah,Sunny,https://api-apps.bmkg.go.id/storage/icon/cuaca/cerah-am.svg,2026-09-20T07:00:00Z
33,33.74,33.74.03,33.74.03.1004,33.74.03.1004,Jawa Tengah,Kota Semarang,Semarang Timur,Kebonagung,2026-09-19T12:00:00,2026-09-20 10:00:00,2026-09-20 17:00:00,21-22,29,78,0,6,8,W,285,E,,,0,Cerah,Sunny,https://api-apps.bmkg.go.id/storage/icon/cuaca/cerah-am.svg,2026-09-20T10:00:00Z
33,33.74,33.74.03,33.74.03.1004,33.74.03.1004,Jawa Tengah,Kota Semarang,Semarang Timur,Kebonagung,2026-09-19T12:00:00,2026-09-20 13:00:00,2026-09-20 20:00:00,24-25,28,78,0.2,9,3.3,SE,149,NW,,,0,Cerah,Sunny,https://api-apps.bmkg.go.id/storage/icon/cuaca/cerah-pm.svg,2026-09-20T13:00:00Z
33,33.74,33.74.03,33.74.03.1004,33.74.03.1004,Jawa Tengah,Kota Semarang,Semarang Timur,Kebonagung,2026-09-19T12:00:00,2026-09-20 16:00:00,2026-09-20 23:00:00,27-28,27,81,0,0,6.7,E,134,W,,,0,Cerah,Sunny,https://api-apps.bmkg.go.id/storage/icon/cuaca/cerah-pm.svg,2026-09-20T16:00:00Z
33,33.74,33.74.03,33.74.03.1004,33.74.03.1004,Jawa Tengah,Kota Semarang,Semarang Timur,Kebonagung,2026-09-19T12:00:00,2026-09-20 19:00:00,2026-09-21 02:00:00,30-31,26,78,0,0,9.3,SE,137,NW,,,0,Cerah,Sunny,https://api-apps.bmkg.go.id/storage/icon/cuaca/cerah-pm.svg,2026-09-20T19:00:00Z
33,33.74,33.74.03,33.74.03.1004,33.74.03.1004,Jawa Tengah,Kota Semarang,Semarang Timur,Kebonagung,2026-09-19T12:00:00,2026-09-20 22:00:00,2026-09-21 05:00:00,33-34,25,73,0,0,13.1,E,134,W,,,0,Cerah,Sunny,https://api-apps.bmkg.go.id/storage/icon/cuaca/cerah-pm.svg,2026-09-20T22:00:00Z
33,33.74,33.74.03,33.74.03.1004,33.74.03.1004,Jawa Tengah,Kota Semarang,Semarang Timur,Kebonagung,2026-09-19T12:00:00,2026-09-21 01:00:00,2026-09-21 08:00:00,36-37,30,56,0,0,16.1,E,117,W,,,0,Cerah,Sunny,https://api-apps.bmkg.go.id/storage/icon/cuaca/cerah-am.svg,2026-09-21T01:00:00Z
33,33.74,33.74.03,33.74.03.1004,33.74.03.1004,Jawa Tengah,Kota Semarang,Semarang Timur,Kebonagung,2026-09-19T12:00:00,2026-09-21 04:00:00,2026-09-21 11:00:00,39-40,34,44,0,29,12.6,E,97,W,,,1,Cerah,Sunny,https://api-apps.bmkg.go.id/storage/icon/cuaca/cerah-am.svg,2026-09-21T04:00:00Z
33,33.74,33.74.03,33.74.03.1004,33.74.03.1004,Jawa Tengah,Kota Semarang,Semarang Timur,Kebonagung,2026-09-19T12:00:00,2026-09-21 07:00:00,2026-09-21 14:00:00,42-43,32,62,0.1,19,11.1,NW,331,SE,,,1,Cerah,Sunny,https://api-apps.bmkg.go.id/storage/icon/cuaca/cerah-am.svg,2026-09-21T07:00:00Z
33,33.74,33.74.03,33.74.03.1004,33.74.03.1004,Jawa Tengah,Kota Semarang,Semarang Timur,Kebonagung,2026-09-19T12:00:00,2026-09-21 10:00:00,2026-09-21 17:00:00,45-46,29,71,0.1,10,10.8,W,281,E,,,1,Cerah,Sunny,https://api-apps.bmkg.go.id/storage/icon/cuaca/cerah-am.svg,2026-09-21T10:00:00Z
33,33.74,33.74.03,33.74.03.1004,33.74.03.1004,Jawa Tengah,Kota Semarang,Semarang Timur,Kebonagung,2026-09-19T12:00:00,2026-09-21 13:00:00,2026-09-21 20:00:00,48-49,27,82,0.2,30,6.7,E,98,W,,,1,Cerah,Sunny,https://api-apps.bmkg.go.id/storage/icon/cuaca/cerah-pm.svg,2026-09-21T13:00:00Z
33,33.74,33.74.03,33.74.03.1004,33.74.03.1004,Jawa Tengah,Kota Semarang,Semarang Timur,Kebonagung,2026-09-19T12:00:00,2026-09-21 16:00:00,2026-09-21 23:00:00,51-52,26,77,0,6,6.7,SE,139,NW,,,0,Cerah,Sunny,https://api-apps.bmkg.go.id/storage/icon/cuaca/cerah-pm.svg,2026-09-21T16:00:00Z
33,33.74,33.74.03,33.74.03.1005,33.74.03.1005,Jawa Tengah,Kota Semarang,Semarang Timur,Mlatiharjo,2026-09-19T12:00:00,2026-09-19 16:00:00,2026-09-19 23:00:00,3-4,26,69,0,39,7.4,E,134,W,,,1,Cerah,Sunny,https://api-apps.bmkg.go.id/storage/icon/cuaca/cerah-pm.svg,2026-09-19T16:00:00Z
33,33.74,33.74.03,33.74.03.1005,33.74.03.1005,Jawa Tengah,Kota Semarang,Semarang Timur,Mlatiharjo,2026-09-19T12:00:00,2026-09-19 19:00:00,2026-09-20 02:00:00,6-7,25,73,0,1,9.1,SE,135,NW,,,0,Cerah,Sunny,https://api-apps.bmkg.go.id/storage/icon/cuaca/cerah-pm.svg,2026-09-19T19:00:00Z
33,33.74,33.74.03,33.74.03.1005,33.74.03.1005,Jawa Tengah,Kota Semarang,Semarang Timur,Mlatiharjo,2026-09-19T12:00:00,2026-09-19 22:00:00,2026-09-20 05:00:00,9-10,25,69,0,0,9.6,SE,142,NW,,,0,Cerah,Sunny,https://api-apps.bmkg.go.id/storage/icon/cuaca/cerah-pm.svg,2026-09-19T22:00:00Z
33,33.74,33.74.03,33.74.03.1005,33.74.03.1005,Jawa Tengah,Kota Semarang,Semarang Timur,Mlatiharjo,2026-09-19T12:00:00,2026-09-20 01:00:00,2026-09-20 08:00:00,12-13,30,53,0,0,13.2,E,125,W,,,0,Cerah,Sunny,https://api-apps.bmkg.go.id/storage/icon/cuaca/cerah-am.svg,2026-09-20T01:00:00Z
33,33.74,33.74.03,33.74.03.1005,33.74.03.1005,Jawa Tengah,Kota Semarang,Semarang Timur,Mlatiharjo,2026-09-19T12:00:00,2026-09-20 04:00:00,2026-09-20 11:00:00,15-16,34,45,0,2,12.1,E,108,W,,,0,Cerah,Sunny,https://api-apps.bmkg.go.id/storage/icon/cuaca/cerah-am.svg,2026-09-20T04:00:00Z
33,33.74,33.74.03,33.74.03.1005,33.74.03.1005,Jawa Tengah,Kota Semarang,Semarang Timur,Mlatiharjo,2026-09-19T12:00:00,2026-09-20 07:00:00,2026-09-20 14:00:00,18-19,32,58,0.1,20,13.9,NW,324,SE,,,1,Cerah,Sunny,https://api-apps.bmkg.go.id/storage/icon/cuaca/cerah-am.svg,2026-09-20T07:00:00Z
33,33.74,33.74.03,33.74.03.1005,33.74.03.1005,Jawa Tengah,Kota Semarang,Semarang Timur,Mlatiharjo,2026-09-19T12:00:00,2026-09-20 10:00:00,2026-09-20 17:00:00,21-22,29,78,0,5,4,W,284,E,,,0,Cerah,Sunny,https://api-apps.bmkg.go.id/storage/icon/cuaca/cerah-am.svg,2026-09-20T10:00:00Z
33,33.74,33.74.03,33.74.03.1005,33.74.03.1005,Jawa Tengah,Kota Semarang,Semarang Timur,Mlatiharjo,2026-09-19T12:00:00,2026-09-20 13:00:00,2026-09-20 20:00:00,24-25,28,79,0.2,18,0.8,SW,255,NE,,,1,Cerah,Sunny,https://api-apps.bmkg.go.id/storage/icon/cuaca/cerah-pm.svg,2026-09-20T13:00:00Z
33,33.74,33.74.03,33.74.03.1005,33.74.03.1005,Jawa Tengah,Kota Semarang,Semarang Timur,Mlatiharjo,2026-09-19T12:00:00,2026-09-20 16:00:00,2026-09-20 23:00:00,27-28,27,81,0,0,7,SE,142,NW,,,0,Cerah,Sunny,https://api-apps.bmkg.go.id/storage/icon/cuaca/cerah-pm.svg,2026-09-20T16:00:00Z
33,33.74,33.74.03,33.74.03.1005,33.74.03.1005,Jawa Tengah,Kota Semarang,Semarang Timur,Mlatiharjo,2026-09-19T12:00:00,2026-09-20 19:00:00,2026-09-21 02:00:00,30-31,26,78,0,0,8.3,SE,147,NW,,,0,Cerah,Sunny,https://api-apps.bmkg.go.id/storage/icon/cuaca/cerah-pm.svg,2026-09-20T19:00:00Z
33,33.74,33.74.03,33.74.03.1005,33.74.03.1005,Jawa Tengah,Kota Semarang,Semarang Timur,Mlatiharjo,2026-09-19T12:00:00,2026-09-20 22:00:00,2026-09-21 05:00:00,33-34,25,74,0,0,12.8,SE,144,NW,,,0,Cerah,Sunny,https://api-apps.bmkg.go.id/storage/icon/cuaca/cerah-pm.svg,2026-09-20T22:00:00Z
33,33.74,33.74.03,33.74.03.1005,33.74.03.1005,Jawa Tengah,Kota Semarang,Semarang Timur,Mlatiharjo,2026-09-19T12:00:00,2026-09-21 01:00:00,2026-09-21 08:00:00,36-37,30,56,0,0,14.5,E,126,W,,,0,Cerah,Sunny,https://api-apps.bmkg.go.id/storage/icon/cuaca/cerah-am.svg,2026-09-21T01:00:00Z
33,33.74,33.74.03,33.74.03.1005,33.74.03.1005,Jawa Tengah,Kota Semarang,Semarang Timur,Mlatiharjo,2026-09-19T12:00:00,2026-09-21 04:00:00,2026-09-21 11:00:00,39-40,34,44,0,29,11.7,E,120,W,,,1,Cerah,Sunny,https://api-apps.bmkg.go.id/storage/icon/cuaca/cerah-am.svg,2026-09-21T04:00:00Z
33,33.74,33.74.03,33.74.03.1005,33.74.03.1005,Jawa Tengah,Kota Semarang,Semarang Timur,Mlatiharjo,2026-09-19T12:00:00,2026-09-21 07:00:00,2026-09-21 14:00:00,42-43,32,59,0.1,17,11.3,NW,316,SE,,,1,Cerah,Sunny,https://api-apps.bmkg.go.id/storage/icon/cuaca/cerah-am.svg,2026-09-21T07:00:00Z
33,33.74,33.74.03,33.74.03.1005,33.74.03.1005,Jawa Tengah,Kota Semarang,Semarang Timur,Mlatiharjo,2026-09-19T12:00:00,2026-09-21 10:00:00,2026-09-21 17:00:00,45-46,30,70,0.1,7,3.7,NW,316,SE,,,0,Cerah,Sunny,https://api-apps.bmkg.go.id/storage/icon/cuaca/cerah-am.svg,2026-09-21T10:00:00Z
33,33.74,33.74.03,33.74.03.1005,33.74.03.1005,Jawa Tengah,Kota Semarang,Semarang Timur,Mlatiharjo,2026-09-19T12:00:00,2026-09-21 13:00:00,2026-09-21 20:00:00,48-49,26,85,0.3,30,5.7,NE,74,SW,,,1,Cerah,Sunny,https://api-apps.bmkg.go.id/storage/icon/cuaca/cerah-pm.svg,2026-09-21T13:00:00Z
33,33.74,33.74.03,33.74.03.1005,33.74.03.1005,Jawa Tengah,Kota Semarang,Semarang Timur,Mlatiharjo,2026-09-19T12:00:00,2026-09-21 16:00:00,2026-09-21 23:00:00,51-52,26,77,0,5,11.1,E,129,W,,,0,Cerah,Sunny,https://api-apps.bmkg.go.id/storage/icon/cuaca/cerah-pm.svg,2026-09-21T16:00:00Z
33,33.74,33.74.03,33.74.03.1006,33.74.03.1006,Jawa Tengah,Kota Semarang,Semarang Timur,Bugangan,2026-09-19T12:00:00,2026-09-19 16:00:00,2026-09-19 23:00:00,3-4,26,69,0,39,7.4,E,134,W,,,1,Cerah,Sunny,https://api-apps.bmkg.go.id/storage/icon/cuaca/cerah-pm.svg,2026-09-19T16:00:00Z
33,33.74,33.74.03,33.74.03.1006,33.74.03.1006,Jawa Tengah,Kota Semarang,Semarang Timur,Bugangan,2026-09-19T12:00:00,2026-09-19 19:00:00,2026-09-20 02:00:00,6-7,25,73,0,1,9.1,SE,135,NW,,,0,Cerah,Sunny,https://api-apps.bmkg.go.id/storage/icon/cuaca/cerah-pm.svg,2026-09-19T19:00:00Z
33,33.74,33.74.03,33.74.03.1006,33.74.03.1006,Jawa Tengah,Kota Semarang,Semarang Timur,Bugangan,2026-09-19T12:00:00,2026-09-19 22:00:00,2026-09-20 05:00:00,9-10,25,69,0,0,9.6,SE,142,NW,,,0,Cerah,Sunny,https://api-apps.bmkg.go.id/storage/icon/cuaca/cerah-pm.svg,2026-09-19T22:00:00Z
33,33.74,33.74.03,33.74.03.1006,33.74.03.1006,Jawa Tengah,Kota Semarang,Semarang Timur,Bugangan,2026-09-19T12:00:00,2026-09-20 01:00:00,2026-09-20 08:00:00,12-13,30,53,0,0,13.2,E,125,W,,,0,Cerah,Sunny,https://api-apps.bmkg.go.id/storage/icon/cuaca/cerah-am.svg,2026-09-20T01:00:00Z
33,33.74,33.74.03,33.74.03.1006,33.74.03.1006,Jawa Tengah,Kota Semarang,Semarang Timur,Bugangan,2026-09-19T12:00:00,2026-09-20 04:00:00,2026-09-20 11:00:00,15-16,34,45,0,2,12.1,E,108,W,,,0,Cerah,Sunny,https://api-apps.bmkg.go.id/storage/icon/cuaca/cerah-am.svg,2026-09-20T04:00:00Z
33,33.74,33.74.03,33.74.03.1006,33.74.03.1006,Jawa Tengah,Kota Semarang,Semarang Timur,Bugangan,2026-09-19T12:00:00,2026-09-20 07:00:00,2026-09-20 14:00:00,18-19,32,58,0.1,20,13.9,NW,324,SE,,,1,Cerah,Sunny,https://api-apps.bmkg.go.id/storage/icon/cuaca/cerah-am.svg,2026-09-20T07:00:00Z
33,33.74,33.74.03,33.74.03.1006,33.74.03.1006,Jawa Tengah,Kota Semarang,Semarang Timur,Bugangan,2026-09-19T12:00:00,2026-09-20 10:00:00,2026-09-20 17:00:00,21-22,29,78,0,5,4,W,284,E,,,0,Cerah,Sunny,https://api-apps.bmkg.go.id/storage/icon/cuaca/cerah-am.svg,2026-09-20T10:00:00Z
33,33.74,33.74.03,33.74.03.1006,33.74.03.1006,Jawa Tengah,Kota Semarang,Semarang Timur,Bugangan,2026-09-19T12:00:00,2026-09-20 13:00:00,2026-09-20 20:00:00,24-25,28,79,0.2,18,0.8,SW,255,NE,,,1,Cerah,Sunny,https://api-apps.bmkg.go.id/storage/icon/cuaca/cerah-pm.svg,2026-09-20T13:00:00Z
33,33.74,33.74.03,33.74.03.1006,33.74.03.1006,Jawa Tengah,Kota Semarang,Semarang Timur,Bugangan,2026-09-19T12:00:00,2026-09-20 16:00:00,2026-09-20 23:00:00,27-28,27,81,0,0,7,SE,142,NW,,,0,Cerah,Sunny,https://api-apps.bmkg.go.id/storage/icon/cuaca/cerah-pm.svg,2026-09-20T16:00:00Z
33,33.74,33.74.03,33.74.03.1006,33.74.03.1006,Jawa Tengah,Kota Semarang,Semarang Timur,Bugangan,2026-09-19T12:00:00,2026-09-20 19:00:00,2026-09-21 02:00:00,30-31,26,78,0,0,8.3,SE,147,NW,,,0,Cerah,Sunny,https://api-apps.bmkg.go.id/storage/icon/cuaca/cerah-pm.svg,2026-09-20T19:00:00Z
33,33.74,33.74.03,33.74.03.1006,33.74.03.1006,Jawa Tengah,Kota Semarang,Semarang Timur,Bugangan,2026-09-19T12:00:00,2026-09-20 22:00:00,2026-09-21 05:00:00,33-34,25,74,0,0,12.8,SE,144,NW,,,0,Cerah,Sunny,https://api-apps.bmkg.go.id/storage/icon/cuaca/cerah-pm.svg,2026-09-20T22:00:00Z
33,33.74,33.74.03,33.74.03.1006,33.74.03.1006,Jawa Tengah,Kota Semarang,Semarang Timur,Bugangan,2026-09-19T12:00:00,2026-09-21 01:00:00,2026-09-21 08:00:00,36-37,30,56,0,0,14.5,E,126,W,,,0,Cerah,Sunny,https://api-apps.bmkg.go.id/storage/icon/cuaca/cerah-am.svg,2026-09-21T01:00:00Z
33,33.74,33.74.03,33.74.03.1006,33.74.03.1006,Jawa Tengah,Kota Semarang,Semarang Timur,Bugangan,2026-09-19T12:00:00,2026-09-21 04:00:00,2026-09-21 11:00:00,39-40,34,44,0,29,11.7,E,120,W,,,1,Cerah,Sunny,https://api-apps.bmkg.go.id/storage/icon/cuaca/cerah-am.svg,2026-09-21T04:00:00Z
33,33.74,33.74.03,33.74.03.1006,33.74.03.1006,Jawa Tengah,Kota Semarang,Semarang Timur,Bugangan,2026-09-19T12:00:00,2026-09-21 07:00:00,2026-09-21 14:00:00,42-43,32,59,0.1,17,11.3,NW,316,SE,,,1,Cerah,Sunny,https://api-apps.bmkg.go.id/storage/icon/cuaca/cerah-am.svg,2026-09-21T07:00:00Z
33,33.74,33.74.03,33.74.03.1006,33.74.03.1006,Jawa Tengah,Kota Semarang,Semarang Timur,Bugangan,2026-09-19T12:00:00,2026-09-21 10:00:00,2026-09-21 17:00:00,45-46,30,70,0.1,7,3.7,NW,316,SE,,,0,Cerah,Sunny,https://api-apps.bmkg.go.id/storage/icon/cuaca/cerah-am.svg,2026-09-21T10:00:00Z
33,33.74,33.74.03,33.74.03.1006,33.74.03.1006,Jawa Tengah,Kota Semarang,Semarang Timur,Bugangan,2026-09-19T12:00:00,2026-09-21 13:00:00,2026-09-21 20:00:00,48-49,26,85,0.3,30,5.7,NE,74,SW,,,1,Cerah,Sunny,https://api-apps.bmkg.go.id/storage/icon/cuaca/cerah-pm.svg,2026-09-21T13:00:00Z
33,33.74,33.74.03,33.74.03.1006,33.74.03.1006,Jawa Tengah,Kota Semarang,Semarang Timur,Bugangan,2026-09-19T12:00:00,2026-09-21 16:00:00,2026-09-21 23:00:00,51-52,26,77,0,5,11.1,E,129,W,,,0,Cerah,Sunny,https://api-apps.bmkg.go.id/storage/icon/cuaca/cerah-pm.svg,2026-09-21T16:00:00Z
33,33.74,33.74.03,33.74.03.1007,33.74.03.1007,Jawa Tengah,Kota Semarang,Semarang Timur,Sarirejo,2026-09-19T12:00:00,2026-09-19 16:00:00,2026-09-19 23:00:00,3-4,26,73,0,33,4.7,SE,159,NW,,,1,Cerah,Sunny,https://api-apps.bmkg.go.id/storage/icon/cuaca/cerah-pm.svg,2026-09-19T16:00:00Z
33,33.74,33.74.03,33.74.03.1007,33.74.03.1007,Jawa Tengah,Kota Semarang,Semarang Timur,Sarirejo,2026-09-19T12:00:00,2026-09-19 19:00:00,2026-09-20 02:00:00,6-7,25,74,0,1,7,SE,142,NW,,,0,Cerah,Sunny,https://api-apps.bmkg.go.id/storage/icon/cuaca/cerah-pm.svg,2026-09-19T19:00:00Z
33,33.74,33.74.03,33.74.03.1007,33.74.03.1007,Jawa Tengah,Kota Semarang,Semarang Timur,Sarirejo,2026-09-19T12:00:00,2026-09-19 22:00:00,2026-09-20 05:00:00,9-10,25,69,0,0,8.3,E,130,W,,,0,Cerah,Sunny,https://api-apps.bmkg.go.id/storage/icon/cuaca/cerah-pm.svg,2026-09-19T22:00:00Z
33,33.74,33.74.03,33.74.03.1007,33.74.03.1007,Jawa Tengah,Kota Semarang,Semarang Timur,Sarirejo,2026-09-19T12:00:00,2026-09-20 01:00:00,2026-09-20 08:00:00,12-13,30,53,0,0,12.7,E,108,W,,,0,Cerah,Sunny,https://api-apps.bmkg.go.id/storage/icon/cuaca/cerah-am.svg,2026-09-20T01:00:00Z
33,33.74,33.74.03,33.74.03.1007,33.74.03.1007,Jawa Tengah,Kota Semarang,Semarang Timur,Sarirejo,2026-09-19T12:00:00,2026-09-20 04:00:00,2026-09-20 11:00:00,15-16,34,45,0,2,8.9,NE,61,SW,,,0,Cerah,Sunny,https://api-apps.bmkg.go.id/storage/icon/cuaca/cerah-am.svg,2026-09-20T04:00:00Z
33,33.74,33.74.03,33.74.03.1007,33.74.03.1007,Jawa Tengah,Kota Semarang,Semarang Timur,Sarirejo,2026-09-19T12:00:00,2026-09-20 07:00:00,2026-09-20 14:00:00,18-19,32,60,0.1,18,12.6,NW,345,SE,,,1,Cerah,Sunny,https://api-apps.bmkg.go.id/storage/icon/cuaca/cerah-am.svg,2026-09-20T07:00:00Z
33,33.74,33.74.03,33.74.03.1007,33.74.03.1007,Jawa Tengah,Kota Semarang,Semarang Timur,Sarirejo,2026-09-19T12:00:00,2026-09-20 10:00:00,2026-09-20 17:00:00,21-22,29,78,0,6,8,W,285,E,,,0,Cerah,Sunny,https://api-apps.bmkg.go.id/storage/icon/cuaca/cerah-am.svg,2026-09-20T10:00:00Z
33,33.74,33.74.03,33.74.03.1007,33.74.03.1007,Jawa Tengah,Kota Semarang,Semarang Timur,Sarirejo,2026-09-19T12:00:00,2026-09-20 13:00:00,2026-09-20 20:00:00,24-25,28,78,0.2,9,3.3,SE,149,NW,,,0,Cerah,Sunny,https://api-apps.bmkg.go.id/storage/icon/cuaca/cerah-pm.svg,2026-09-20T13:00:00Z
33,33.74,33.74.03,33.74.03.1007,33.74.03.1007,Jawa Tengah,Kota Semarang,Semarang Timur,Sarirejo,2026-09-19T12:00:00,2026-09-20 16:00:00,2026-09-20 23:00:00,27-28,27,81,0,0,6.7,E,134,W,,,0,Cerah,Sunny,https://api-apps.bmkg.go.id/storage/icon/cuaca/cerah-pm.svg,2026-09-20T16:00:00Z
33,33.74,33.74.03,33.74.03.1007,33.74.03.1007,Jawa Tengah,Kota Semarang,Semarang Timur,Sarirejo,2026-09-19T12:00:00,2026-09-20 19:00:00,2026-09-21 02:00:00,30-31,26,78,0,0,9.3,SE,137,NW,,,0,Cerah,Sunny,https://api-apps.bmkg.go.id/storage/icon/cuaca/cerah-pm.svg,2026-09-20T19:00:00Z
33,33.74,33.74.03,33.74.03.1007,33.74.03.1007,Jawa Tengah,Kota Semarang,Semarang Timur,Sarirejo,2026-09-19T12:00:00,2026-09-20 22:00:00,2026-09-21 05:00:00,33-34,25,73,0,0,13.1,E,134,W,,,0,Cerah,Sunny,https://api-apps.bmkg.go.id/storage/icon/cuaca/cerah-pm.svg,2026-09-20T22:00:00Z
33,33.74,33.74.03,33.74.03.1007,33.74.03.1007,Jawa Tengah,Kota Semarang,Semarang Timur,Sarirejo,2026-09-19T12:00:00,2026-09-21 01:00:00,2026-09-21 08:00:00,36-37,30,56,0,0,16.1,E,117,W,,,0,Cerah,Sunny,https://api-apps.bmkg.go.id/storage/icon/cuaca/cerah-am.svg,2026-09-21T01:00:00Z
33,33.74,33.74.03,33.74.03.1007,33.74.03.1007,Jawa Tengah,Kota Semarang,Semarang Timur,Sarirejo,2026-09-19T12:00:00,2026-09-21 04:00:00,2026-09-21 11:00:00,39-40,34,44,0,29,12.6,E,97,W,,,1,Cerah,Sunny,https://api-apps.bmkg.go.id/storage/icon/cuaca/cerah-am.svg,2026-09-21T04:00:00Z
33,33.74,33.74.03,33.74.03.1007,33.74.03.1007,Jawa Tengah,Kota Semarang,Semarang Timur,Sarirejo,2026-09-19T12:00:00,2026-09-21 07:00:00,2026-09-21 14:00:00,42-43,32,62,0.1,19,11.1,NW,331,SE,,,1,Cerah,Sunny,https://api-apps.bmkg.go.id/storage/icon/cuaca/cerah-am.svg,2026-09-21T07:00:00Z
33,33.74,33.74.03,33.74.03.1007,33.74.03.1007,Jawa Tengah,Kota Semarang,Semarang Timur,Sarirejo,2026-09-19T12:00:00,2026-09-21 10:00:00,2026-09-21 17:00:00,45-46,29,71,0.1,10,10.8,W,281,E,,,1,Cerah,Sunny,https://api-apps.bmkg.go.id/storage/icon/cuaca/cerah-am.svg,2026-09-21T10:00:00Z
33,33.74,33.74.03,33.74.03.1007,33.74.03.1007,Jawa Tengah,Kota Semarang,Semarang Timur,Sarirejo,2026-09-19T12:00:00,2026-09-21 13:00:00,2026-09-21 20:00:00,48-49,27,82,0.2,30,6.7,E,98,W,,,1,Cerah,Sunny,https://api-apps.bmkg.go.id/storage/icon/cuaca/cerah-pm.svg,2026-09-21T13:00:00Z
33,33.74,33.74.03,33.74.03.1007,33.74.03.1007,Jawa Tengah,Kota Semarang,Semarang Timur,Sarirejo,2026-09-19T12:00:00,2026-09-21 16:00:00,2026-09-21 23:00:00,51-52,26,77,0,6,6.7,SE,139,NW,,,0,Cerah,Sunny,https://api-apps.bmkg.go.id/storage/icon/cuaca/cerah-pm.svg,2026-09-21T16:00:00Z
33,33.74,33.74.03,33.74.03.1008,33.74.03.1008,Jawa Tengah,Kota Semarang,Semarang Timur,Rejosari,2026-09-19T12:00:00,2026-09-19 16:00:00,2026-09-19 23:00:00,3-4,26,69,0,39,7.4,E,134,W,,,1,Cerah,Sunny,https://api-apps.bmkg.go.id/storage/icon/cuaca/cerah-pm.svg,2026-09-19T16:00:00Z
33,33.74,33.74.03,33.74.03.1008,33.74.03.1008,Jawa Tengah,Kota Semarang,Semarang Timur,Rejosari,2026-09-19T12:00:00,2026-09-19 19:00:00,2026-09-20 02:00:00,6-7,25,73,0,1,9.1,SE,135,NW,,,0,Cerah,Sunny,https://api-apps.bmkg.go.id/storage/icon/cuaca/cerah-pm.svg,2026-09-19T19:00:00Z
33,33.74,33.74.03,33.74.03.1008,33.74.03.1008,Jawa Tengah,Kota Semarang,Semarang Timur,Rejosari,2026-09-19T12:00:00,2026-09-19 22:00:00,2026-09-20 05:00:00,9-10,25,69,0,0,9.6,SE,142,NW,,,0,Cerah,Sunny,https://api-apps.bmkg.go.id/storage/icon/cuaca/cerah-pm.svg,2026-09-19T22:00:00Z
33,33.74,33.74.03,33.74.03.1008,33.74.03.1008,Jawa Tengah,Kota Semarang,Semarang Timur,Rejosari,2026-09-19T12:00:00,2026-09-20 01:00:00,2026-09-20 08:00:00,12-13,30,53,0,0,13.2,E,125,W,,,0,Cerah,Sunny,https://api-apps.bmkg.go.id/storage/icon/cuaca/cerah-am.svg,2026-09-20T01:00:00Z
33,33.74,33.74.03,33.74.03.1008,33.74.03.1008,Jawa Tengah,Kota Semarang,Semarang Timur,Rejosari,2026-09-19T12:00:00,2026-09-20 04:00:00,2026-09-20 11:00:00,15-16,34,45,0,2,12.1,E,108,W,,,0,Cerah,Sunny,https://api-apps.bmkg.go.id/storage/icon/cuaca/cerah-am.svg,2026-09-20T04:00:00Z
33,33.74,33.74.03,33.74.03.1008,33.74.03.1008,Jawa Tengah,Kota Semarang,Semarang Timur,Rejosari,2026-09-19T12:00:00,2026-09-20 07:00:00,2026-09-20 14:00:00,18-19,32,58,0.1,20,13.9,NW,324,SE,,,1,Cerah,Sunny,https://api-apps.bmkg.go.id/storage/icon/cuaca/cerah-am.svg,2026-09-20T07:00:00Z
33,33.74,33.74.03,33.74.03.1008,33.74.03.1008,Jawa Tengah,Kota Semarang,Semarang Timur,Rejosari,2026-09-19T12:00:00,2026-09-20 10:00:00,2026-09-20 17:00:00,21-22,29,78,0,5,4,W,284,E,,,0,Cerah,Sunny,https://api-apps.bmkg.go.id/storage/icon/cuaca/cerah-am.svg,2026-09-20T10:00:00Z
33,33.74,33.74.03,33.74.03.1008,33.74.03.1008,Jawa Tengah,Kota Semarang,Semarang Timur,Rejosari,2026-09-19T12:00:00,2026-09-20 13:00:00,2026-09-20 20:00:00,24-25,28,79,0.2,18,0.8,SW,255,NE,,,1,Cerah,Sunny,https://api-apps.bmkg.go.id/storage/icon/cuaca/cerah-pm.svg,2026-09-20T13:00:00Z
33,33.74,33.74.03,33.74.03.1008,33.74.03.1008,Jawa Tengah,Kota Semarang,Semarang Timur,Rejosari,2026-09-19T12:00:00,2026-09-20 16:00:00,2026-09-20 23:00:00,27-28,27,81,0,0,7,SE,142,NW,,,0,Cerah,Sunny,https://api-apps.bmkg.go.id/storage/icon/cuaca/cerah-pm.svg,2026-09-20T16:00:00Z
33,33.74,33.74.03,33.74.03.1008,33.74.03.1008,Jawa Tengah,Kota Semarang,Semarang Timur,Rejosari,2026-09-19T12:00:00,2026-09-20 19:00:00,2026-09-21 02:00:00,30-31,26,78,0,0,8.3,SE,147,NW,,,0,Cerah,Sunny,https://api-apps.bmkg.go.id/storage/icon/cuaca/cerah-pm.svg,2026-09-20T19:00:00Z
33,33.74,33.74.03,33.74.03.1008,33.74.03.1008,Jawa Tengah,Kota Semarang,Semarang Timur,Rejosari,2026-09-19T12:00:00,2026-09-20 22:00:00,2026-09-21 05:00:00,33-34,25,74,0,0,12.8,SE,144,NW,,,0,Cerah,Sunny,https://api-apps.bmkg.go.id/storage/icon/cuaca/cerah-pm.svg,2026-09-20T22:00:00Z
33,33.74,33.74.03,33.74.03.1008,33.74.03.1008,Jawa Tengah,Kota Semarang,Semarang Timur,Rejosari,2026-09-19T12:00:00,2026-09-21 01:00:00,2026-09-21 08:00:00,36-37,30,56,0,0,14.5,E,126,W,,,0,Cerah,Sunny,https://api-apps.bmkg.go.id/storage/icon/cuaca/cerah-am.svg,2026-09-21T01:00:00Z
33,33.74,33.74.03,33.74.03.1008,33.74.03.1008,Jawa Tengah,Kota Semarang,Semarang Timur,Rejosari,2026-09-19T12:00:00,2026-09-21 04:00:00,2026-09-21 11:00:00,39-40,34,44,0,29,11.7,E,120,W,,,1,Cerah,Sunny,https://api-apps.bmkg.go.id/storage/icon/cuaca/cerah-am.svg,2026-09-21T04:00:00Z
33,33.74,33.74.03,33.74.03.1008,33.74.03.1008,Jawa Tengah,Kota Semarang,Semarang Timur,Rejosari,2026-09-19T12:00:00,2026-09-21 07:00:00,2026-09-21 14:00:00,42-43,32,59,0.1,17,11.3,NW,316,SE,,,1,Cerah,Sunny,https://api-apps.bmkg.go.id/storage/icon/cuaca/cerah-am.svg,2026-09-21T07:00:00Z
33,33.74,33.74.03,33.74.03.1008,33.74.03.1008,Jawa Tengah,Kota Semarang,Semarang Timur,Rejosari,2026-09-19T12:00:00,2026-09-21 10:00:00,2026-09-21 17:00:00,45-46,30,70,0.1,7,3.7,NW,316,SE,,,0,Cerah,Sunny,https://api-apps.bmkg.go.id/storage/icon/cuaca/cerah-am.svg,2026-09-21T10:00:00Z
33,33.74,33.74.03,33.74.03.1008,33.74.03.1008,Jawa Tengah,Kota Semarang,Semarang Timur,Rejosari,2026-09-19T12:00:00,2026-09-21 13:00:00,2026-09-21 20:00:00,48-49,26,85,0.3,30,5.7,NE,74,SW,,,1,Cerah,Sunny,https://api-apps.bmkg.go.id/storage/icon/cuaca/cerah-pm.svg,2026-09-21T13:00:00Z
33,33.74,33.74.03,33.74.03.1008,33.74.03.1008,Jawa Tengah,Kota Semarang,Semarang Timur,Rejosari,2026-09-19T12:00:00,2026-09-21 16:00:00,2026-09-21 23:00:00,51-52,26,77,0,5,11.1,E,129,W,,,0,Cerah,Sunny,https://api-apps.bmkg.go.id/storage/icon/cuaca/cerah-pm.svg,2026-09-21T16:00:00Z
33,33.74,33.74.03,33.74.03.1009,33.74.03.1009,Jawa Tengah,Kota Semarang,Semarang Timur,Karangturi,2026-09-19T12:00:00,2026-09-19 16:00:00,2026-09-19 23:00:00,3-4,26,76,0,37,4.7,SE,159,NW,,,1,Cerah,Sunny,https://api-apps.bmkg.go.id/storage/icon/cuaca/cerah-pm.svg,2026-09-19T16:00:00Z
33,33.74,33.74.03,33.74.03.1009,33.74.03.1009,Jawa Tengah,Kota Semarang,Semarang Timur,Karangturi,2026-09-19T12:00:00,2026-09-19 19:00:00,2026-09-20 02:00:00,6-7,25,76,0,1,7,SE,142,NW,,,0,Cerah,Sunny,https://api-apps.bmkg.go.id/storage/icon/cuaca/cerah-pm.svg,2026-09-19T19:00:00Z
33,33.74,33.74.03,33.74.03.1009,33.74.03.1009,Jawa Tengah,Kota Semarang,Semarang Timur,Karangturi,2026-09-19T12:00:00,2026-09-19 22:00:00,2026-09-20 05:00:00,9-10,25,69,0,0,8.3,E,130,W,,,0,Cerah,Sunny,https://api-apps.bmkg.go.id/storage/icon/cuaca/cerah-pm.svg,2026-09-19T22:00:00Z
33,33.74,33.74.03,33.74.03.1009,33.74.03.1009,Jawa Tengah,Kota Semarang,Semarang Timur,Karangturi,2026-09-19T12:00:00,2026-09-20 01:00:00,2026-09-20 08:00:00,12-13,30,51,0,0,12.7,E,108,W,,,0,Cerah,Sunny,https://api-apps.bmkg.go.id/storage/icon/cuaca/cerah-am.svg,2026-09-20T01:00:00Z
33,33.74,33.74.03,33.74.03.1009,33.74.03.1009,Jawa Tengah,Kota Semarang,Semarang Timur,Karangturi,2026-09-19T12:00:00,2026-09-20 04:00:00,2026-09-20 11:00:00,15-16,35,40,0,2,8.9,NE,61,SW,,,0,Cerah,Sunny,https://api-apps.bmkg.go.id/storage/icon/cuaca/cerah-am.svg,2026-09-20T04:00:00Z
33,33.74,33.74.03,33.74.03.1009,33.74.03.1009,Jawa Tengah,Kota Semarang,Semarang Timur,Karangturi,2026-09-19T12:00:00,2026-09-20 07:00:00,2026-09-20 14:00:00,18-19,32,55,0.1,21,12.6,NW,345,SE,,,1,Cerah,Sunny,https://api-apps.bmkg.go.id/storage/icon/cuaca/cerah-am.svg,2026-09-20T07:00:00Z
33,33.74,33.74.03,33.74.03.1009,33.74.03.1009,Jawa Tengah,Kota Semarang,Semarang Timur,Karangturi,2026-09-19T12:00:00,2026-09-20 10:00:00,2026-09-20 17:00:00,21-22,29,78,0,6,8,W,285,E,,,0,Cerah,Sunny,https://api-apps.bmkg.go.id/storage/icon/cuaca/cerah-am.svg,2026-09-20T10:00:00Z
33,33.74,33.74.03,33.74.03.1009,33.74.03.1009,Jawa Tengah,Kota Semarang,Semarang Timur,Karangturi,2026-09-19T12:00:00,2026-09-20 13:00:00,2026-09-20 20:00:00,24-25,27,78,0.2,13,3.3,SE,149,NW,,,1,Cerah,Sunny,https://api-apps.bmkg.go.id/storage/icon/cuaca/cerah-pm.svg,2026-09-20T13:00:00Z
33,33.74,33.74.03,33.74.03.1009,33.74.03.1009,Jawa Tengah,Kota Semarang,Semarang Timur,Karangturi,2026-09-19T12:00:00,2026-09-20 16:00:00,2026-09-20 23:00:00,27-28,26,81,0,0,6.7,E,134,W,,,0,Cerah,Sunny,https://api-apps.bmkg.go.id/storage/icon/cuaca/cerah-pm.svg,2026-09-20T16:00:00Z
33,33.74,33.74.03,33.74.03.1009,33.74.03.1009,Jawa Tengah,Kota Semarang,Semarang Timur,Karangturi,2026-09-19T12:00:00,2026-09-20 19:00:00,2026-09-21 02:00:00,30-31,26,79,0,0,9.3,SE,137,NW,,,0,Cerah,Sunny,https://api-apps.bmkg.go.id/storage/icon/cuaca/cerah-pm.svg,2026-09-20T19:00:00Z
33,33.74,33.74.03,33.74.03.1009,33.74.03.1009,Jawa Tengah,Kota Semarang,Semarang Timur,Karangturi,2026-09-19T12:00:00,2026-09-20 22:00:00,2026-09-21 05:00:00,33-34,25,72,0,0,13.1,E,134,W,,,0,Cerah,Sunny,https://api-apps.bmkg.go.id/storage/icon/cuaca/cerah-pm.svg,2026-09-20T22:00:00Z
33,33.74,33.74.03,33.74.03.1009,33.74.03.1009,Jawa Tengah,Kota Semarang,Semarang Timur,Karangturi,2026-09-19T12:00:00,2026-09-21 01:00:00,2026-09-21 08:00:00,36-37,30,53,0,0,16.1,E,117,W,,,0,Cerah,Sunny,https://api-apps.bmkg.go.id/storage/icon/cuaca/cerah-am.svg,2026-09-21T01:00:00Z
33,33.74,33.74.03,33.74.03.1009,33.74.03.1009,Jawa Tengah,Kota Semarang,Semarang Timur,Karangturi,2026-09-19T12:00:00,2026-09-21 04:00:00,2026-09-21 11:00:00,39-40,35,40,0,31,12.6,E,97,W,,,1,Cerah,Sunny,https://api-apps.bmkg.go.id/storage/icon/cuaca/cerah-am.svg,2026-09-21T04:00:00Z
33,33.74,33.74.03,33.74.03.1009,33.74.03.1009,Jawa Tengah,Kota Semarang,Semarang Timur,Karangturi,2026-09-19T12:00:00,2026-09-21 07:00:00,2026-09-21 14:00:00,42-43,32,57,0.1,20,11.1,NW,331,SE,,,1,Cerah,Sunny,https://api-apps.bmkg.go.id/storage/icon/cuaca/cerah-am.svg,2026-09-21T07:00:00Z
33,33.74,33.74.03,33.74.03.1009,33.74.03.1009,Jawa Tengah,Kota Semarang,Semarang Timur,Karangturi,2026-09-19T12:00:00,2026-09-21 10:00:00,2026-09-21 17:00:00,45-46,29,71,0.1,10,10.8,W,281,E,,,0,Cerah,Sunny,https://api-apps.bmkg.go.id/storage/icon/cuaca/cerah-am.svg,2026-09-21T10:00:00Z
33,33.74,33.74.03,33.74.03.1009,33.74.03.1009,Jawa Tengah,Kota Semarang,Semarang Timur,Karangturi,2026-09-19T12:00:00,2026-09-21 13:00:00,2026-09-21 20:00:00,48-49,27,81,0.1,28,6.7,E,98,W,,,1,Cerah,Sunny,https://api-apps.bmkg.go.id/storage/icon/cuaca/cerah-pm.svg,2026-09-21T13:00:00Z
33,33.74,33.74.03,33.74.03.1009,33.74.03.1009,Jawa Tengah,Kota Semarang,Semarang Timur,Karangturi,2026-09-19T12:00:00,2026-09-21 16:00:00,2026-09-21 23:00:00,51-52,26,77,0,6,6.7,SE,139,NW,,,0,Cerah,Sunny,https://api-apps.bmkg.go.id/storage/icon/cuaca/cerah-pm.svg,2026-09-21T16:00:00Z
33,33.74,33.74.03,33.74.03.1010,33.74.03.1010,Jawa Tengah,Kota Semarang,Semarang Timur,Karangtempel,2026-09-19T12:00:00,2026-09-19 16:00:00,2026-09-19 23:00:00,3-4,26,76,0,37,4.7,SE,159,NW,,,1,Cerah,Sunny,https://api-apps.bmkg.go.id/storage/icon/cuaca/cerah-pm.svg,2026-09-19T16:00:00Z
33,33.74,33.74.03,33.74.03.1010,33.74.03.1010,Jawa Tengah,Kota Semarang,Semarang Timur,Karangtempel,2026-09-19T12:00:00,2026-09-19 19:00:00,2026-09-20 02:00:00,6-7,25,76,0,1,7,SE,142,NW,,,0,Cerah,Sunny,https://api-apps.bmkg.go.id/storage/icon/cuaca/cerah-pm.svg,2026-09-19T19:00:00Z
33,33.74,33.74.03,33.74.03.1010,33.74.03.1010,Jawa Tengah,Kota Semarang,Semarang Timur,Karangtempel,2026-09-19T12:00:00,2026-09-19 22:00:00,2026-09-20 05:00:00,9-10,25,69,0,0,8.3,E,130,W,,,0,Cerah,Sunny,https://api-apps.bmkg.go.id/storage/icon/cuaca/cerah-pm.svg,2026-09-19T22:00:00Z
33,33.74,33.74.03,33.74.03.1010,33.74.03.1010,Jawa Tengah,Kota Semarang,Semarang Timur,Karangtempel,2026-09-19T12:00:00,2026-09-20 01:00:00,2026-09-20 08:00:00,12-13,30,51,0,0,12.7,E,108,W,,,0,Cerah,Sunny,https://api-apps.bmkg.go.id/storage/icon/cuaca/cerah-am.svg,2026-09-20T01:00:00Z
33,33.74,33.74.03,33.74.03.1010,33.74.03.1010,Jawa Tengah,Kota Semarang,Semarang Timur,Karangtempel,2026-09-19T12:00:00,2026-09-20 04:00:00,2026-09-20 11:00:00,15-16,35,40,0,2,8.9,NE,61,SW,,,0,Cerah,Sunny,https://api-apps.bmkg.go.id/storage/icon/cuaca/cerah-am.svg,2026-09-20T04:00:00Z
33,33.74,33.74.03,33.74.03.1010,33.74.03.1010,Jawa Tengah,Kota Semarang,Semarang Timur,Karangtempel,2026-09-19T12:00:00,2026-09-20 07:00:00,2026-09-20 14:00:00,18-19,32,55,0.1,21,12.6,NW,345,SE,,,1,Cerah,Sunny,https://api-apps.bmkg.go.id/storage/icon/cuaca/cerah-am.svg,2026-09-20T07:00:00Z
33,33.74,33.74.03,33.74.03.1010,33.74.03.1010,Jawa Tengah,Kota Semarang,Semarang Timur,Karangtempel,2026-09-19T12:00:00,2026-09-20 10:00:00,2026-09-20 17:00:00,21-22,29,78,0,6,8,W,285,E,,,0,Cerah,Sunny,https://api-apps.bmkg.go.id/storage/icon/cuaca/cerah-am.svg,2026-09-20T10:00:00Z
33,33.74,33.74.03,33.74.03.1010,33.74.03.1010,Jawa Tengah,Kota Semarang,Semarang Timur,Karangtempel,2026-09-19T12:00:00,2026-09-20 13:00:00,2026-09-20 20:00:00,24-25,27,78,0.2,13,3.3,SE,149,NW,,,1,Cerah,Sunny,https://api-apps.bmkg.go.id/storage/icon/cuaca/cerah-pm.svg,2026-09-20T13:00:00Z
33,33.74,33.74.03,33.74.03.1010,33.74.03.1010,Jawa Tengah,Kota Semarang,Semarang Timur,Karangtempel,2026-09-19T12:00:00,2026-09-20 16:00:00,2026-09-20 23:00:00,27-28,26,81,0,0,6.7,E,134,W,,,0,Cerah,Sunny,https://api-apps.bmkg.go.id/storage/icon/cuaca/cerah-pm.svg,2026-09-20T16:00:00Z
33,33.74,33.74.03,33.74.03.1010,33.74.03.1010,Jawa Tengah,Kota Semarang,Semarang Timur,Karangtempel,2026-09-19T12:00:00,2026-09-20 19:00:00,2026-09-21 02:00:00,30-31,26,79,0,0,9.3,SE,137,NW,,,0,Cerah,Sunny,https://api-apps.bmkg.go.id/storage/icon/cuaca/cerah-pm.svg,2026-09-20T19:00:00Z
33,33.74,33.74.03,33.74.03.1010,33.74.03.1010,Jawa Tengah,Kota Semarang,Semarang Timur,Karangtempel,2026-09-19T12:00:00,2026-09-20 22:00:00,2026-09-21 05:00:00,33-34,25,72,0,0,13.1,E,134,W,,,0,Cerah,Sunny,https://api-apps.bmkg.go.id/storage/icon/cuaca/cerah-pm.svg,2026-09-20T22:00:00Z
33,33.74,33.74.03,33.74.03.1010,33.74.03.1010,Jawa Tengah,Kota Semarang,Semarang Timur,Karangtempel,2026-09-19T12:00:00,2026-09-21 01:00:00,2026-09-21 08:00:00,36-37,30,53,0,0,16.1,E,117,W,,,0,Cerah,Sunny,https://api-apps.bmkg.go.id/storage/icon/cuaca/cerah-am.svg,2026-09-21T01:00:00Z
33,33.74,33.74.03,33.74.03.1010,33.74.03.1010,Jawa Tengah,Kota Semarang,Semarang Timur,Karangtempel,2026-09-19T12:00:00,2026-09-21 04:00:00,2026-09-21 11:00:00,39-40,35,40,0,31,12.6,E,97,W,,,1,Cerah,Sunny,https://api-apps.bmkg.go.id/storage/icon/cuaca/cerah-am.svg,2026-09-21T04:00:00Z
33,33.74,33.74.03,33.74.03.1010,33.74.03.1010,Jawa Tengah,Kota Semarang,Semarang Timur,Karangtempel,2026-09-19T12:00:00,2026-09-21 07:00:00,2026-09-21 14:00:00,42-43,32,57,0.1,20,11.1,NW,331,SE,,,1,Cerah,Sunny,https://api-apps.bmkg.go.id/storage/icon/cuaca/cerah-am.svg,2026-09-21T07:00:00Z
33,33.74,33.74.03,33.74.03.1010,33.74.03.1010,Jawa Tengah,Kota Semarang,Semarang Timur,Karangtempel,2026-09-19T12:00:00,2026-09-21 10:00:00,2026-09-21 17:00:00,45-46,29,71,0.1,10,10.8,W,281,E,,,0,Cerah,Sunny,https://api-apps.bmkg.go.id/storage/icon/cuaca/cerah-am.svg,2026-09-21T10:00:00Z
33,33.74,33.74.03,33.74.03.1010,33.74.03.1010,Jawa Tengah,Kota Semarang,Semarang Timur,Karangtempel,2026-09-19T12:00:00,2026-09-21 13:00:00,2026-09-21 20:00:00,48-49,27,81,0.1,28,6.7,E,98,W,,,1,Cerah,Sunny,https://api-apps.bmkg.go.id/storage/icon/cuaca/cerah-pm.svg,2026-09-21T13:00:00Z
33,33.74,33.74.03,33.74.03.1010,33.74.03.1010,Jawa Tengah,Kota Semarang,Semarang Timur,Karangtempel,2026-09-19T12:00:00,2026-09-21 16:00:00,2026-09-21 23:00:00,51-52,26,77,0,6,6.7,SE,139,NW,,,0,Cerah,Sunny,https://api-apps.bmkg.go.id/storage/icon/cuaca/cerah-pm.svg,2026-09-21T16:00:00Z
33,33.74,33.74.04,33.74.04.1001,33.74.04.1001,Jawa Tengah,Kota Semarang,Gayamsari,Tambakrejo,2026-09-19T12:00:00,2026-09-19 16:00:00,2026-09-19 23:00:00,3-4,27,67,0,34,7.4,E,134,W,,,1,Cerah,Sunny,https://api-apps.bmkg.go.id/storage/icon/cuaca/cerah-pm.svg,2026-09-19T16:00:00Z
33,33.74,33.74.04,33.74.04.1001,33.74.04.1001,Jawa Tengah,Kota Semarang,Gayamsari,Tambakrejo,2026-09-19T12:00:00,2026-09-19 19:00:00,2026-09-20 02:00:00,6-7,26,71,0,0,9.1,SE,135,NW,,,0,Cerah,Sunny,https://api-apps.bmkg.go.id/storage/icon/cuaca/cerah-pm.svg,2026-09-19T19:00:00Z
33,33.74,33.74.04,33.74.04.1001,33.74.04.1001,Jawa Tengah,Kota Semarang,Gayamsari,Tambakrejo,2026-09-19T12:00:00,2026-09-19 22:00:00,2026-09-20 05:00:00,9-10,25,69,0,0,9.6,SE,142,NW,,,0,Cerah,Sunny,https://api-apps.bmkg.go.id/storage/icon/cuaca/cerah-pm.svg,2026-09-19T22:00:00Z
33,33.74,33.74.04,33.74.04.1001,33.74.04.1001,Jawa Tengah,Kota Semarang,Gayamsari,Tambakrejo,2026-09-19T12:00:00,2026-09-20 01:00:00,2026-09-20 08:00:00,12-13,30,55,0,0,13.2,E,125,W,,,0,Cerah,Sunny,https://api-apps.bmkg.go.id/storage/icon/cuaca/cerah-am.svg,2026-09-20T01:00:00Z
33,33.74,33.74.04,33.74.04.1001,33.74.04.1001,Jawa Tengah,Kota Semarang,Gayamsari,Tambakrejo,2026-09-19T12:00:00,2026-09-20 04:00:00,2026-09-20 11:00:00,15-16,33,49,0,2,12.1,E,108,W,,,0,Cerah,Sunny,https://api-apps.bmkg.go.id/storage/icon/cuaca/cerah-am.svg,2026-09-20T04:00:00Z
33,33.74,33.74.04,33.74.04.1001,33.74.04.1001,Jawa Tengah,Kota Semarang,Gayamsari,Tambakrejo,2026-09-19T12:00:00,2026-09-20 07:00:00,2026-09-20 14:00:00,18-19,31,64,0.1,17,13.9,NW,324,SE,,,1,Cerah,Sunny,https://api-apps.bmkg.go.id/storage/icon/cuaca/cerah-am.svg,2026-09-20T07:00:00Z
33,33.74,33.74.04,33.74.04.1001,33.74.04.1001,Jawa Tengah,Kota Semarang,Gayamsari,Tambakrejo,2026-09-19T12:00:00,2026-09-20 10:00:00,2026-09-20 17:00:00,21-22,29,78,0,5,4,W,284,E,,,0,Cerah,Sunny,https://api-apps.bmkg.go.id/storage/icon/cuaca/cerah-am.svg,2026-09-20T10:00:00Z
33,33.74,33.74.04,33.74.04.1001,33.74.04.1001,Jawa Tengah,Kota Semarang,Gayamsari,Tambakrejo,2026-09-19T12:00:00,2026-09-20 13:00:00,2026-09-20 20:00:00,24-25,28,79,0.2,14,0.8,SW,255,NE,,,1,Cerah,Sunny,https://api-apps.bmkg.go.id/storage/icon/cuaca/cerah-pm.svg,2026-09-20T13:00:00Z
33,33.74,33.74.04,33.74.04.1001,33.74.04.1001,Jawa Tengah,Kota Semarang,Gayamsari,Tambakrejo,2026-09-19T12:00:00,2026-09-20 16:00:00,2026-09-20 23:00:00,27-28,27,81,0,0,7,SE,142,NW,,,0,Cerah,Sunny,https://api-apps.bmkg.go.id/storage/icon/cuaca/cerah-pm.svg,2026-09-20T16:00:00Z
33,33.74,33.74.04,33.74.04.1001,33.74.04.1001,Jawa Tengah,Kota Semarang,Gayamsari,Tambakrejo,2026-09-19T12:00:00,2026-09-20 19:00:00,2026-09-21 02:00:00,30-31,26,78,0,0,8.3,SE,147,NW,,,0,Cerah,Sunny,https://api-apps.bmkg.go.id/storage/icon/cuaca/cerah-pm.svg,2026-09-20T19:00:00Z
33,33.74,33.74.04,33.74.04.1001,33.74.04.1001,Jawa Tengah,Kota Semarang,Gayamsari,Tambakrejo,2026-09-19T12:00:00,2026-09-20 22:00:00,2026-09-21 05:00:00,33-34,25,75,0,0,12.8,SE,144,NW,,,0,Cerah,Sunny,https://api-apps.bmkg.go.id/storage/icon/cuaca/cerah-pm.svg,2026-09-20T22:00:00Z
33,33.74,33.74.04,33.74.04.1001,33.74.04.1001,Jawa Tengah,Kota Semarang,Gayamsari,Tambakrejo,2026-09-19T12:00:00,2026-09-21 01:00:00,2026-09-21 08:00:00,36-37,30,58,0,0,14.5,E,126,W,,,0,Cerah,Sunny,https://api-apps.bmkg.go.id/storage/icon/cuaca/cerah-am.svg,2026-09-21T01:00:00Z
33,33.74,33.74.04,33.74.04.1001,33.74.04.1001,Jawa Tengah,Kota Semarang,Gayamsari,Tambakrejo,2026-09-19T12:00:00,2026-09-21 04:00:00,2026-09-21 11:00:00,39-40,34,48,0,27,11.7,E,120,W,,,1,Cerah,Sunny,https://api-apps.bmkg.go.id/storage/icon/cuaca/cerah-am.svg,2026-09-21T04:00:00Z
33,33.74,33.74.04,33.74.04.1001,33.74.04.1001,Jawa Tengah,Kota Semarang,Gayamsari,Tambakrejo,2026-09-19T12:00:00,2026-09-21 07:00:00,2026-09-21 14:00:00,42-43,31,64,0,17,11.3,NW,316,SE,,,1,Cerah,Sunny,https://api-apps.bmkg.go.id/storage/icon/cuaca/cerah-am.svg,2026-09-21T07:00:00Z
33,33.74,33.74.04,33.74.04.1001,33.74.04.1001,Jawa Tengah,Kota Semarang,Gayamsari,Tambakrejo,2026-09-19T12:00:00,2026-09-21 10:00:00,2026-09-21 17:00:00,45-46,30,70,0.1,8,3.7,NW,316,SE,,,0,Cerah,Sunny,https://api-apps.bmkg.go.id/storage/icon/cuaca/cerah-am.svg,2026-09-21T10:00:00Z
33,33.74,33.74.04,33.74.04.1001,33.74.04.1001,Jawa Tengah,Kota Semarang,Gayamsari,Tambakrejo,2026-09-19T12:00:00,2026-09-21 13:00:00,2026-09-21 20:00:00,48-49,26,85,0.4,30,5.7,NE,74,SW,,,1,Cerah,Sunny,https://api-apps.bmkg.go.id/storage/icon/cuaca/cerah-pm.svg,2026-09-21T13:00:00Z
33,33.74,33.74.04,33.74.04.1001,33.74.04.1001,Jawa Tengah,Kota Semarang,Gayamsari,Tambakrejo,2026-09-19T12:00:00,2026-09-21 16:00:00,2026-09-21 23:00:00,51-52,26,77,0,5,11.1,E,129,W,,,0,Cerah,Sunny,https://api-apps.bmkg.go.id/storage/icon/cuaca/cerah-pm.svg,2026-09-21T16:00:00Z
33,33.74,33.74.04,33.74.04.1002,33.74.04.1002,Jawa Tengah,Kota Semarang,Gayamsari,Kaligawe,2026-09-19T12:00:00,2026-09-19 16:00:00,2026-09-19 23:00:00,3-4,27,67,0,34,7.4,E,134,W,,,1,Cerah,Sunny,https://api-apps.bmkg.go.id/storage/icon/cuaca/cerah-pm.svg,2026-09-19T16:00:00Z
33,33.74,33.74.04,33.74.04.1002,33.74.04.1002,Jawa Tengah,Kota Semarang,Gayamsari,Kaligawe,2026-09-19T12:00:00,2026-09-19 19:00:00,2026-09-20 02:00:00,6-7,26,71,0,0,9.1,SE,135,NW,,,0,Cerah,Sunny,https://api-apps.bmkg.go.id/storage/icon/cuaca/cerah-pm.svg,2026-09-19T19:00:00Z
33,33.74,33.74.04,33.74.04.1002,33.74.04.1002,Jawa Tengah,Kota Semarang,Gayamsari,Kaligawe,2026-09-19T12:00:00,2026-09-19 22:00:00,2026-09-20 05:00:00,9-10,25,69,0,0,9.6,SE,142,NW,,,0,Cerah,Sunny,https://api-apps.bmkg.go.id/storage/icon/cuaca/cerah-pm.svg,2026-09-19T22:00:00Z
33,33.74,33.74.04,33.74.04.1002,33.74.04.1002,Jawa Tengah,Kota Semarang,Gayamsari,Kaligawe,2026-09-19T12:00:00,2026-09-20 01:00:00,2026-09-20 08:00:00,12-13,30,55,0,0,13.2,E,125,W,,,0,Cerah,Sunny,https://api-apps.bmkg.go.id/storage/icon/cuaca/cerah-am.svg,2026-09-20T01:00:00Z
33,33.74,33.74.04,33.74.04.1002,33.74.04.1002,Jawa Tengah,Kota Semarang,Gayamsari,Kaligawe,2026-09-19T12:00:00,2026-09-20 04:00:00,2026-09-20 11:00:00,15-16,33,49,0,2,12.1,E,108,W,,,0,Cerah,Sunny,https://api-apps.bmkg.go.id/storage/icon/cuaca/cerah-am.svg,2026-09-20T04:00:00Z
33,33.74,33.74.04,33.74.04.1002,33.74.04.1002,Jawa Tengah,Kota Semarang,Gayamsari,Kaligawe,2026-09-19T12:00:00,2026-09-20 07:00:00,2026-09-20 14:00:00,18-19,31,64,0.1,17,13.9,NW,324,SE,,,1,Cerah,Sunny,https://api-apps.bmkg.go.id/storage/icon/cuaca/cerah-am.svg,2026-09-20T07:00:00Z
33,33.74,33.74.04,33.74.04.1002,33.74.04.1002,Jawa Tengah,Kota Semarang,Gayamsari,Kaligawe,2026-09-19T12:00:00,2026-09-20 10:00:00,2026-09-20 17:00:00,21-22,29,78,0,5,4,W,284,E,,,0,Cerah,Sunny,https://api-apps.bmkg.go.id/storage/icon/cuaca/cerah-am.svg,2026-09-20T10:00:00Z
33,33.74,33.74.04,33.74.04.1002,33.74.04.1002,Jawa Tengah,Kota Semarang,Gayamsari,Kaligawe,2026-09-19T12:00:00,2026-09-20 13:00:00,2026-09-20 20:00:00,24-25,28,79,0.2,14,0.8,SW,255,NE,,,1,Cerah,Sunny,https://api-apps.bmkg.go.id/storage/icon/cuaca/cerah-pm.svg,2026-09-20T13:00:00Z
33,33.74,33.74.04,33.74.04.1002,33.74.04.1002,Jawa Tengah,Kota Semarang,Gayamsari,Kaligawe,2026-09-19T12:00:00,2026-09-20 16:00:00,2026-09-20 23:00:00,27-28,27,81,0,0,7,SE,142,NW,,,0,Cerah,Sunny,https://api-apps.bmkg.go.id/storage/icon/cuaca/cerah-pm.svg,2026-09-20T16:00:00Z
33,33.74,33.74.04,33.74.04.1002,33.74.04.1002,Jawa Tengah,Kota Semarang,Gayamsari,Kaligawe,2026-09-19T12:00:00,2026-09-20 19:00:00,2026-09-21 02:00:00,30-31,26,78,0,0,8.3,SE,147,NW,,,0,Cerah,Sunny,https://api-apps.bmkg.go.id/storage/icon/cuaca/cerah-pm.svg,2026-09-20T19:00:00Z
33,33.74,33.74.04,33.74.04.1002,33.74.04.1002,Jawa Tengah,Kota Semarang,Gayamsari,Kaligawe,2026-09-19T12:00:00,2026-09-20 22:00:00,2026-09-21 05:00:00,33-34,25,75,0,0,12.8,SE,144,NW,,,0,Cerah,Sunny,https://api-apps.bmkg.go.id/storage/icon/cuaca/cerah-pm.svg,2026-09-20T22:00:00Z
33,33.74,33.74.04,33.74.04.1002,33.74.04.1002,Jawa Tengah,Kota Semarang,Gayamsari,Kaligawe,2026-09-19T12:00:00,2026-09-21 01:00:00,2026-09-21 08:00:00,36-37,30,58,0,0,14.5,E,126,W,,,0,Cerah,Sunny,https://api-apps.bmkg.go.id/storage/icon/cuaca/cerah-am.svg,2026-09-21T01:00:00Z
33,33.74,33.74.04,33.74.04.1002,33.74.04.1002,Jawa Tengah,Kota Semarang,Gayamsari,Kaligawe,2026-09-19T12:00:00,2026-09-21 04:00:00,2026-09-21 11:00:00,39-40,34,48,0,27,11.7,E,120,W,,,1,Cerah,Sunny,https://api-apps.bmkg.go.id/storage/icon/cuaca/cerah-am.svg,2026-09-21T04:00:00Z
33,33.74,33.74.04,33.74.04.1002,33.74.04.1002,Jawa Tengah,Kota Semarang,Gayamsari,Kaligawe,2026-09-19T12:00:00,2026-09-21 07:00:00,2026-09-21 14:00:00,42-43,31,64,0,17,11.3,NW,316,SE,,,1,Cerah,Sunny,https://api-apps.bmkg.go.id/storage/icon/cuaca/cerah-am.svg,2026-09-21T07:00:00Z
33,33.74,33.74.04,33.74.04.1002,33.74.04.1002,Jawa Tengah,Kota Semarang,Gayamsari,Kaligawe,2026-09-19T12:00:00,2026-09-21 10:00:00,2026-09-21 17:00:00,45-46,30,70,0.1,8,3.7,NW,316,SE,,,0,Cerah,Sunny,https://api-apps.bmkg.go.id/storage/icon/cuaca/cerah-am.svg,2026-09-21T10:00:00Z
33,33.74,33.74.04,33.74.04.1002,33.74.04.1002,Jawa Tengah,Kota Semarang,Gayamsari,Kaligawe,2026-09-19T12:00:00,2026-09-21 13:00:00,2026-09-21 20:00:00,48-49,26,85,0.4,30,5.7,NE,74,SW,,,1,Cerah,Sunny,https://api-apps.bmkg.go.id/storage/icon/cuaca/cerah-pm.svg,2026-09-21T13:00:00Z
33,33.74,33.74.04,33.74.04.1002,33.74.04.1002,Jawa Tengah,Kota Semarang,Gayamsari,Kaligawe,2026-09-19T12:00:00,2026-09-21 16:00:00,2026-09-21 23:00:00,51-52,26,77,0,5,11.1,E,129,W,,,0,Cerah,Sunny,https://api-apps.bmkg.go.id/storage/icon/cuaca/cerah-pm.svg,2026-09-21T16:00:00Z
33,33.74,33.74.04,33.74.04.1003,33.74.04.1003,Jawa Tengah,Kota Semarang,Gayamsari,Sawah Besar,2026-09-19T12:00:00,2026-09-19 16:00:00,2026-09-19 23:00:00,3-4,26,69,0,39,7.4,E,134,W,,,1,Cerah,Sunny,https://api-apps.bmkg.go.id/storage/icon/cuaca/cerah-pm.svg,2026-09-19T16:00:00Z
33,33.74,33.74.04,33.74.04.1003,33.74.04.1003,Jawa Tengah,Kota Semarang,Gayamsari,Sawah Besar,2026-09-19T12:00:00,2026-09-19 19:00:00,2026-09-20 02:00:00,6-7,25,73,0,1,9.1,SE,135,NW,,,0,Cerah,Sunny,https://api-apps.bmkg.go.id/storage/icon/cuaca/cerah-pm.svg,2026-09-19T19:00:00Z
33,33.74,33.74.04,33.74.04.1003,33.74.04.1003,Jawa Tengah,Kota Semarang,Gayamsari,Sawah Besar,2026-09-19T12:00:00,2026-09-19 22:00:00,2026-09-20 05:00:00,9-10,25,69,0,0,9.6,SE,142,NW,,,0,Cerah,Sunny,https://api-apps.bmkg.go.id/storage/icon/cuaca/cerah-pm.svg,2026-09-19T22:00:00Z
33,33.74,33.74.04,33.74.04.1003,33.74.04.1003,Jawa Tengah,Kota Semarang,Gayamsari,Sawah Besar,2026-09-19T12:00:00,2026-09-20 01:00:00,2026-09-20 08:00:00,12-13,30,53,0,0,13.2,E,125,W,,,0,Cerah,Sunny,https://api-apps.bmkg.go.id/storage/icon/cuaca/cerah-am.svg,2026-09-20T01:00:00Z
33,33.74,33.74.04,33.74.04.1003,33.74.04.1003,Jawa Tengah,Kota Semarang,Gayamsari,Sawah Besar,2026-09-19T12:00:00,2026-09-20 04:00:00,2026-09-20 11:00:00,15-16,34,45,0,2,12.1,E,108,W,,,0,Cerah,Sunny,https://api-apps.bmkg.go.id/storage/icon/cuaca/cerah-am.svg,2026-09-20T04:00:00Z
33,33.74,33.74.04,33.74.04.1003,33.74.04.1003,Jawa Tengah,Kota Semarang,Gayamsari,Sawah Besar,2026-09-19T12:00:00,2026-09-20 07:00:00,2026-09-20 14:00:00,18-19,32,58,0.1,20,13.9,NW,324,SE,,,1,Cerah,Sunny,https://api-apps.bmkg.go.id/storage/icon/cuaca/cerah-am.svg,2026-09-20T07:00:00Z
33,33.74,33.74.04,33.74.04.1003,33.74.04.1003,Jawa Tengah,Kota Semarang,Gayamsari,Sawah Besar,2026-09-19T12:00:00,2026-09-20 10:00:00,2026-09-20 17:00:00,21-22,29,78,0,5,4,W,284,E,,,0,Cerah,Sunny,https://api-apps.bmkg.go.id/storage/icon/cuaca/cerah-am.svg,2026-09-20T10:00:00Z
33,33.74,33.74.04,33.74.04.1003,33.74.04.1003,Jawa Tengah,Kota Semarang,Gayamsari,Sawah Besar,2026-09-19T12:00:00,2026-09-20 13:00:00,2026-09-20 20:00:00,24-25,28,79,0.2,18,0.8,SW,255,NE,,,1,Cerah,Sunny,https://api-apps.bmkg.go.id/storage/icon/cuaca/cerah-pm.svg,2026-09-20T13:00:00Z
33,33.74,33.74.04,33.74.04.1003,33.74.04.1003,Jawa Tengah,Kota Semarang,Gayamsari,Sawah Besar,2026-09-19T12:00:00,2026-09-20 16:00:00,2026-09-20 23:00:00,27-28,27,81,0,0,7,SE,142,NW,,,0,Cerah,Sunny,https://api-apps.bmkg.go.id/storage/icon/cuaca/cerah-pm.svg,2026-09-20T16:00:00Z
33,33.74,33.74.04,33.74.04.1003,33.74.04.1003,Jawa Tengah,Kota Semarang,Gayamsari,Sawah Besar,2026-09-19T12:00:00,2026-09-20 19:00:00,2026-09-21 02:00:00,30-31,26,78,0,0,8.3,SE,147,NW,,,0,Cerah,Sunny,https://api-apps.bmkg.go.id/storage/icon/cuaca/cerah-pm.svg,2026-09-20T19:00:00Z
33,33.74,33.74.04,33.74.04.1003,33.74.04.1003,Jawa Tengah,Kota Semarang,Gayamsari,Sawah Besar,2026-09-19T12:00:00,2026-09-20 22:00:00,2026-09-21 05:00:00,33-34,25,74,0,0,12.8,SE,144,NW,,,0,Cerah,Sunny,https://api-apps.bmkg.go.id/storage/icon/cuaca/cerah-pm.svg,2026-09-20T22:00:00Z
33,33.74,33.74.04,33.74.04.1003,33.74.04.1003,Jawa Tengah,Kota Semarang,Gayamsari,Sawah Besar,2026-09-19T12:00:00,2026-09-21 01:00:00,2026-09-21 08:00:00,36-37,30,56,0,0,14.5,E,126,W,,,0,Cerah,Sunny,https://api-apps.bmkg.go.id/storage/icon/cuaca/cerah-am.svg,2026-09-21T01:00:00Z
33,33.74,33.74.04,33.74.04.1003,33.74.04.1003,Jawa Tengah,Kota Semarang,Gayamsari,Sawah Besar,2026-09-19T12:00:00,2026-09-21 04:00:00,2026-09-21 11:00:00,39-40,34,44,0,29,11.7,E,120,W,,,1,Cerah,Sunny,https://api-apps.bmkg.go.id/storage/icon/cuaca/cerah-am.svg,2026-09-21T04:00:00Z
33,33.74,33.74.04,33.74.04.1003,33.74.04.1003,Jawa Tengah,Kota Semarang,Gayamsari,Sawah Besar,2026-09-19T12:00:00,2026-09-21 07:00:00,2026-09-21 14:00:00,42-43,32,59,0.1,17,11.3,NW,316,SE,,,1,Cerah,Sunny,https://api-apps.bmkg.go.id/storage/icon/cuaca/cerah-am.svg,2026-09-21T07:00:00Z
33,33.74,33.74.04,33.74.04.1003,33.74.04.1003,Jawa Tengah,Kota Semarang,Gayamsari,Sawah Besar,2026-09-19T12:00:00,2026-09-21 10:00:00,2026-09-21 17:00:00,45-46,30,70,0.1,7,3.7,NW,316,SE,,,0,Cerah,Sunny,https://api-apps.bmkg.go.id/storage/icon/cuaca/cerah-am.svg,2026-09-21T10:00:00Z
33,33.74,33.74.04,33.74.04.1003,33.74.04.1003,Jawa Tengah,Kota Semarang,Gayamsari,Sawah Besar,2026-09-19T12:00:00,2026-09-21 13:00:00,2026-09-21 20:00:00,48-49,26,85,0.3,30,5.7,NE,74,SW,,,1,Cerah,Sunny,https://api-apps.bmkg.go.id/storage/icon/cuaca/cerah-pm.svg,2026-09-21T13:00:00Z
33,33.74,33.74.04,33.74.04.1003,33.74.04.1003,Jawa Tengah,Kota Semarang,Gayamsari,Sawah Besar,2026-09-19T12:00:00,2026-09-21 16:00:00,2026-09-21 23:00:00,51-52,26,77,0,5,11.1,E,129,W,,,0,Cerah,Sunny,https://api-apps.bmkg.go.id/storage/icon/cuaca/cerah-pm.svg,2026-09-21T16:00:00Z
33,33.74,33.74.04,33.74.04.1004,33.74.04.1004,Jawa Tengah,Kota Semarang,Gayamsari,Sambirejo,2026-09-19T12:00:00,2026-09-19 15:00:00,2026-09-19 22:00:00,2-3,27,71,0,3,8.9,E,106,W,,,0,Cerah,Sunny,https://api-apps.bmkg.go.id/storage/icon/cuaca/cerah-pm.svg,2026-09-19T15:00:00Z
33,33.74,33.74.04,33.74.04.1004,33.74.04.1004,Jawa Tengah,Kota Semarang,Gayamsari,Sambirejo,2026-09-19T12:00:00,2026-09-19 18:00:00,2026-09-20 01:00:00,5-6,25,73,0,0,7.4,E,134,W,,,0,Cerah,Sunny,https://api-apps.bmkg.go.id/storage/icon/cuaca/cerah-pm.svg,2026-09-19T18:00:00Z
33,33.74,33.74.04,33.74.04.1004,33.74.04.1004,Jawa Tengah,Kota Semarang,Gayamsari,Sambirejo,2026-09-19T12:00:00,2026-09-19 21:00:00,2026-09-20 04:00:00,8-9,25,72,0,0,9.1,SE,135,NW,,,0,Cerah,Sunny,https://api-apps.bmkg.go.id/storage/icon/cuaca/cerah-pm.svg,2026-09-19T21:00:00Z
33,33.74,33.74.04,33.74.04.1004,33.74.04.1004,Jawa Tengah,Kota Semarang,Gayamsari,Sambirejo,2026-09-19T12:00:00,2026-09-20 00:00:00,2026-09-20 07:00:00,11-12,29,55,0,4,9.6,SE,142,NW,,,0,Cerah,Sunny,https://api-apps.bmkg.go.id/storage/icon/cuaca/cerah-am.svg,2026-09-20T00:00:00Z
33,33.74,33.74.04,33.74.04.1004,33.74.04.1004,Jawa Tengah,Kota Semarang,Gayamsari,Sambirejo,2026-09-19T12:00:00,2026-09-20 03:00:00,2026-09-20 10:00:00,14-15,33,47,0,0,13.2,E,125,W,,,0,Cerah,Sunny,https://api-apps.bmkg.go.id/storage/icon/cuaca/cerah-am.svg,2026-09-20T03:00:00Z
33,33.74,33.74.04,33.74.04.1004,33.74.04.1004,Jawa Tengah,Kota Semarang,Gayamsari,Sambirejo,2026-09-19T12:00:00,2026-09-20 06:00:00,2026-09-20 13:00:00,17-18,34,47,0.1,4,12.1,E,108,W,,,0,Cerah,Sunny,https://api-apps.bmkg.go.id/storage/icon/cuaca/cerah-am.svg,2026-09-20T06:00:00Z
33,33.74,33.74.04,33.74.04.1004,33.74.04.1004,Jawa Tengah,Kota Semarang,Gayamsari,Sambirejo,2026-09-19T12:00:00,2026-09-20 09:00:00,2026-09-20 16:00:00,20-21,29,74,0,12,13.9,NW,324,SE,,,1,Cerah,Sunny,https://api-apps.bmkg.go.id/storage/icon/cuaca/cerah-am.svg,2026-09-20T09:00:00Z
33,33.74,33.74.04,33.74.04.1004,33.74.04.1004,Jawa Tengah,Kota Semarang,Gayamsari,Sambirejo,2026-09-19T12:00:00,2026-09-20 12:00:00,2026-09-20 19:00:00,23-24,28,77,0.2,24,4,W,284,E,,,1,Cerah,Sunny,https://api-apps.bmkg.go.id/storage/icon/cuaca/cerah-pm.svg,2026-09-20T12:00:00Z
33,33.74,33.74.04,33.74.04.1004,33.74.04.1004,Jawa Tengah,Kota Semarang,Gayamsari,Sambirejo,2026-09-19T12:00:00,2026-09-20 15:00:00,2026-09-20 22:00:00,26-27,27,83,0,0,0.8,SW,255,NE,,,0,Cerah,Sunny,https://api-apps.bmkg.go.id/storage/icon/cuaca/cerah-pm.svg,2026-09-20T15:00:00Z
33,33.74,33.74.04,33.74.04.1004,33.74.04.1004,Jawa Tengah,Kota Semarang,Gayamsari,Sambirejo,2026-09-19T12:00:00,2026-09-20 18:00:00,2026-09-21 01:00:00,29-30,26,80,0,0,7,SE,142,NW,,,0,Cerah,Sunny,https://api-apps.bmkg.go.id/storage/icon/cuaca/cerah-pm.svg,2026-09-20T18:00:00Z
33,33.74,33.74.04,33.74.04.1004,33.74.04.1004,Jawa Tengah,Kota Semarang,Gayamsari,Sambirejo,2026-09-19T12:00:00,2026-09-20 21:00:00,2026-09-21 04:00:00,32-33,25,76,0,0,8.3,SE,147,NW,,,0,Cerah,Sunny,https://api-apps.bmkg.go.id/storage/icon/cuaca/cerah-pm.svg,2026-09-20T21:00:00Z
33,33.74,33.74.04,33.74.04.1004,33.74.04.1004,Jawa Tengah,Kota Semarang,Gayamsari,Sambirejo,2026-09-19T12:00:00,2026-09-21 00:00:00,2026-09-21 07:00:00,35-36,29,60,0,0,12.8,SE,144,NW,,,0,Cerah,Sunny,https://api-apps.bmkg.go.id/storage/icon/cuaca/cerah-am.svg,2026-09-21T00:00:00Z
33,33.74,33.74.04,33.74.04.1004,33.74.04.1004,Jawa Tengah,Kota Semarang,Gayamsari,Sambirejo,2026-09-19T12:00:00,2026-09-21 03:00:00,2026-09-21 10:00:00,38-39,33,45,0,1,14.5,E,126,W,,,0,Cerah,Sunny,https://api-apps.bmkg.go.id/storage/icon/cuaca/cerah-am.svg,2026-09-21T03:00:00Z
33,33.74,33.74.04,33.74.04.1004,33.74.04.1004,Jawa Tengah,Kota Semarang,Gayamsari,Sambirejo,2026-09-19T12:00:00,2026-09-21 06:00:00,2026-09-21 13:00:00,41-42,34,50,0.1,16,11.7,E,120,W,,,1,Cerah,Sunny,https://api-apps.bmkg.go.id/storage/icon/cuaca/cerah-am.svg,2026-09-21T06:00:00Z
33,33.74,33.74.04,33.74.04.1004,33.74.04.1004,Jawa Tengah,Kota Semarang,Gayamsari,Sambirejo,2026-09-19T12:00:00,2026-09-21 09:00:00,2026-09-21 16:00:00,44-45,30,67,0.1,11,11.3,NW,316,SE,,,1,Cerah,Sunny,https://api-apps.bmkg.go.id/storage/icon/cuaca/cerah-am.svg,2026-09-21T09:00:00Z
33,33.74,33.74.04,33.74.04.1004,33.74.04.1004,Jawa Tengah,Kota Semarang,Gayamsari,Sambirejo,2026-09-19T12:00:00,2026-09-21 12:00:00,2026-09-21 19:00:00,47-48,28,79,0.3,54,3.7,NW,316,SE,,,1,Cerah,Sunny,https://api-apps.bmkg.go.id/storage/icon/cuaca/cerah-pm.svg,2026-09-21T12:00:00Z
33,33.74,33.74.04,33.74.04.1004,33.74.04.1004,Jawa Tengah,Kota Semarang,Gayamsari,Sambirejo,2026-09-19T12:00:00,2026-09-21 15:00:00,2026-09-21 22:00:00,50-51,27,83,0,7,5.7,NE,74,SW,,,0,Cerah,Sunny,https://api-apps.bmkg.go.id/storage/icon/cuaca/cerah-pm.svg,2026-09-21T15:00:00Z
33,33.74,33.74.04,33.74.04.1005,33.74.04.1005,Jawa Tengah,Kota Semarang,Gayamsari,Siwalan,2026-09-19T12:00:00,2026-09-19 16:00:00,2026-09-19 23:00:00,3-4,26,69,0,39,7.4,E,134,W,,,1,Cerah,Sunny,https://api-apps.bmkg.go.id/storage/icon/cuaca/cerah-pm.svg,2026-09-19T16:00:00Z
33,33.74,33.74.04,33.74.04.1005,33.74.04.1005,Jawa Tengah,Kota Semarang,Gayamsari,Siwalan,2026-09-19T12:00:00,2026-09-19 19:00:00,2026-09-20 02:00:00,6-7,25,73,0,1,9.1,SE,135,NW,,,0,Cerah,Sunny,https://api-apps.bmkg.go.id/storage/icon/cuaca/cerah-pm.svg,2026-09-19T19:00:00Z
33,33.74,33.74.04,33.74.04.1005,33.74.04.1005,Jawa Tengah,Kota Semarang,Gayamsari,Siwalan,2026-09-19T12:00:00,2026-09-19 22:00:00,2026-09-20 05:00:00,9-10,25,69,0,0,9.6,SE,142,NW,,,0,Cerah,Sunny,https://api-apps.bmkg.go.id/storage/icon/cuaca/cerah-pm.svg,2026-09-19T22:00:00Z
33,33.74,33.74.04,33.74.04.1005,33.74.04.1005,Jawa Tengah,Kota Semarang,Gayamsari,Siwalan,2026-09-19T12:00:00,2026-09-20 01:00:00,2026-09-20 08:00:00,12-13,30,53,0,0,13.2,E,125,W,,,0,Cerah,Sunny,https://api-apps.bmkg.go.id/storage/icon/cuaca/cerah-am.svg,2026-09-20T01:00:00Z
33,33.74,33.74.04,33.74.04.1005,33.74.04.1005,Jawa Tengah,Kota Semarang,Gayamsari,Siwalan,2026-09-19T12:00:00,2026-09-20 04:00:00,2026-09-20 11:00:00,15-16,34,45,0,2,12.1,E,108,W,,,0,Cerah,Sunny,https://api-apps.bmkg.go.id/storage/icon/cuaca/cerah-am.svg,2026-09-20T04:00:00Z
33,33.74,33.74.04,33.74.04.1005,33.74.04.1005,Jawa Tengah,Kota Semarang,Gayamsari,Siwalan,2026-09-19T12:00:00,2026-09-20 07:00:00,2026-09-20 14:00:00,18-19,32,58,0.1,20,13.9,NW,324,SE,,,1,Cerah,Sunny,https://api-apps.bmkg.go.id/storage/icon/cuaca/cerah-am.svg,2026-09-20T07:00:00Z
33,33.74,33.74.04,33.74.04.1005,33.74.04.1005,Jawa Tengah,Kota Semarang,Gayamsari,Siwalan,2026-09-19T12:00:00,2026-09-20 10:00:00,2026-09-20 17:00:00,21-22,29,78,0,5,4,W,284,E,,,0,Cerah,Sunny,https://api-apps.bmkg.go.id/storage/icon/cuaca/cerah-am.svg,2026-09-20T10:00:00Z
33,33.74,33.74.04,33.74.04.1005,33.74.04.1005,Jawa Tengah,Kota Semarang,Gayamsari,Siwalan,2026-09-19T12:00:00,2026-09-20 13:00:00,2026-09-20 20:00:00,24-25,28,79,0.2,18,0.8,SW,255,NE,,,1,Cerah,Sunny,https://api-apps.bmkg.go.id/storage/icon/cuaca/cerah-pm.svg,2026-09-20T13:00:00Z
33,33.74,33.74.04,33.74.04.1005,33.74.04.1005,Jawa Tengah,Kota Semarang,Gayamsari,Siwalan,2026-09-19T12:00:00,2026-09-20 16:00:00,2026-09-20 23:00:00,27-28,27,81,0,0,7,SE,142,NW,,,0,Cerah,Sunny,https://api-apps.bmkg.go.id/storage/icon/cuaca/cerah-pm.svg,2026-09-20T16:00:00Z
33,33.74,33.74.04,33.74.04.1005,33.74.04.1005,Jawa Tengah,Kota Semarang,Gayamsari,Siwalan,2026-09-19T12:00:00,2026-09-20 19:00:00,2026-09-21 02:00:00,30-31,26,78,0,0,8.3,SE,147,NW,,,0,Cerah,Sunny,https://api-apps.bmkg.go.id/storage/icon/cuaca/cerah-pm.svg,2026-09-20T19:00:00Z
33,33.74,33.74.04,33.74.04.1005,33.74.04.1005,Jawa Tengah,Kota Semarang,Gayamsari,Siwalan,2026-09-19T12:00:00,2026-09-20 22:00:00,2026-09-21 05:00:00,33-34,25,74,0,0,12.8,SE,144,NW,,,0,Cerah,Sunny,https://api-apps.bmkg.go.id/storage/icon/cuaca/cerah-pm.svg,2026-09-20T22:00:00Z
33,33.74,33.74.04,33.74.04.1005,33.74.04.1005,Jawa Tengah,Kota Semarang,Gayamsari,Siwalan,2026-09-19T12:00:00,2026-09-21 01:00:00,2026-09-21 08:00:00,36-37,30,56,0,0,14.5,E,126,W,,,0,Cerah,Sunny,https://api-apps.bmkg.go.id/storage/icon/cuaca/cerah-am.svg,2026-09-21T01:00:00Z
33,33.74,33.74.04,33.74.04.1005,33.74.04.1005,Jawa Tengah,Kota Semarang,Gayamsari,Siwalan,2026-09-19T12:00:00,2026-09-21 04:00:00,2026-09-21 11:00:00,39-40,34,44,0,29,11.7,E,120,W,,,1,Cerah,Sunny,https://api-apps.bmkg.go.id/storage/icon/cuaca/cerah-am.svg,2026-09-21T04:00:00Z
33,33.74,33.74.04,33.74.04.1005,33.74.04.1005,Jawa Tengah,Kota Semarang,Gayamsari,Siwalan,2026-09-19T12:00:00,2026-09-21 07:00:00,2026-09-21 14:00:00,42-43,32,59,0.1,17,11.3,NW,316,SE,,,1,Cerah,Sunny,https://api-apps.bmkg.go.id/storage/icon/cuaca/cerah-am.svg,2026-09-21T07:00:00Z
33,33.74,33.74.04,33.74.04.1005,33.74.04.1005,Jawa Tengah,Kota Semarang,Gayamsari,Siwalan,2026-09-19T12:00:00,2026-09-21 10:00:00,2026-09-21 17:00:00,45-46,30,70,0.1,7,3.7,NW,316,SE,,,0,Cerah,Sunny,https://api-apps.bmkg.go.id/storage/icon/cuaca/cerah-am.svg,2026-09-21T10:00:00Z
33,33.74,33.74.04,33.74.04.1005,33.74.04.1005,Jawa Tengah,Kota Semarang,Gayamsari,Siwalan,2026-09-19T12:00:00,2026-09-21 13:00:00,2026-09-21 20:00:00,48-49,26,85,0.3,30,5.7,NE,74,SW,,,1,Cerah,Sunny,https://api-apps.bmkg.go.id/storage/icon/cuaca/cerah-pm.svg,2026-09-21T13:00:00Z
33,33.74,33.74.04,33.74.04.1005,33.74.04.1005,Jawa Tengah,Kota Semarang,Gayamsari,Siwalan,2026-09-19T12:00:00,2026-09-21 16:00:00,2026-09-21 23:00:00,51-52,26,77,0,5,11.1,E,129,W,,,0,Cerah,Sunny,https://api-apps.bmkg.go.id/storage/icon/cuaca/cerah-pm.svg,2026-09-21T16:00:00Z
33,33.74,33.74.04,33.74.04.1006,33.74.04.1006,Jawa Tengah,Kota Semarang,Gayamsari,Pandean Lamper,2026-09-19T12:00:00,2026-09-19 16:00:00,2026-09-19 23:00:00,3-4,26,72,0,44,7.4,E,134,W,,,1,Cerah,Sunny,https://api-apps.bmkg.go.id/storage/icon/cuaca/cerah-pm.svg,2026-09-19T16:00:00Z
33,33.74,33.74.04,33.74.04.1006,33.74.04.1006,Jawa Tengah,Kota Semarang,Gayamsari,Pandean Lamper,2026-09-19T12:00:00,2026-09-19 19:00:00,2026-09-20 02:00:00,6-7,25,74,0,1,9.1,SE,135,NW,,,0,Cerah,Sunny,https://api-apps.bmkg.go.id/storage/icon/cuaca/cerah-pm.svg,2026-09-19T19:00:00Z
33,33.74,33.74.04,33.74.04.1006,33.74.04.1006,Jawa Tengah,Kota Semarang,Gayamsari,Pandean Lamper,2026-09-19T12:00:00,2026-09-19 22:00:00,2026-09-20 05:00:00,9-10,25,68,0,0,9.6,SE,142,NW,,,0,Cerah,Sunny,https://api-apps.bmkg.go.id/storage/icon/cuaca/cerah-pm.svg,2026-09-19T22:00:00Z
33,33.74,33.74.04,33.74.04.1006,33.74.04.1006,Jawa Tengah,Kota Semarang,Gayamsari,Pandean Lamper,2026-09-19T12:00:00,2026-09-20 01:00:00,2026-09-20 08:00:00,12-13,30,51,0,0,13.2,E,125,W,,,0,Cerah,Sunny,https://api-apps.bmkg.go.id/storage/icon/cuaca/cerah-am.svg,2026-09-20T01:00:00Z
33,33.74,33.74.04,33.74.04.1006,33.74.04.1006,Jawa Tengah,Kota Semarang,Gayamsari,Pandean Lamper,2026-09-19T12:00:00,2026-09-20 04:00:00,2026-09-20 11:00:00,15-16,35,40,0,2,12.1,E,108,W,,,0,Cerah,Sunny,https://api-apps.bmkg.go.id/storage/icon/cuaca/cerah-am.svg,2026-09-20T04:00:00Z
33,33.74,33.74.04,33.74.04.1006,33.74.04.1006,Jawa Tengah,Kota Semarang,Gayamsari,Pandean Lamper,2026-09-19T12:00:00,2026-09-20 07:00:00,2026-09-20 14:00:00,18-19,33,52,0.1,23,13.9,NW,324,SE,,,1,Cerah,Sunny,https://api-apps.bmkg.go.id/storage/icon/cuaca/cerah-am.svg,2026-09-20T07:00:00Z
33,33.74,33.74.04,33.74.04.1006,33.74.04.1006,Jawa Tengah,Kota Semarang,Gayamsari,Pandean Lamper,2026-09-19T12:00:00,2026-09-20 10:00:00,2026-09-20 17:00:00,21-22,29,77,0,6,4,W,284,E,,,0,Cerah,Sunny,https://api-apps.bmkg.go.id/storage/icon/cuaca/cerah-am.svg,2026-09-20T10:00:00Z
33,33.74,33.74.04,33.74.04.1006,33.74.04.1006,Jawa Tengah,Kota Semarang,Gayamsari,Pandean Lamper,2026-09-19T12:00:00,2026-09-20 13:00:00,2026-09-20 20:00:00,24-25,27,80,0.2,21,0.8,SW,255,NE,,,1,Cerah,Sunny,https://api-apps.bmkg.go.id/storage/icon/cuaca/cerah-pm.svg,2026-09-20T13:00:00Z
33,33.74,33.74.04,33.74.04.1006,33.74.04.1006,Jawa Tengah,Kota Semarang,Gayamsari,Pandean Lamper,2026-09-19T12:00:00,2026-09-20 16:00:00,2026-09-20 23:00:00,27-28,26,81,0,0,7,SE,142,NW,,,0,Cerah,Sunny,https://api-apps.bmkg.go.id/storage/icon/cuaca/cerah-pm.svg,2026-09-20T16:00:00Z
33,33.74,33.74.04,33.74.04.1006,33.74.04.1006,Jawa Tengah,Kota Semarang,Gayamsari,Pandean Lamper,2026-09-19T12:00:00,2026-09-20 19:00:00,2026-09-21 02:00:00,30-31,25,79,0,0,8.3,SE,147,NW,,,0,Cerah,Sunny,https://api-apps.bmkg.go.id/storage/icon/cuaca/cerah-pm.svg,2026-09-20T19:00:00Z
33,33.74,33.74.04,33.74.04.1006,33.74.04.1006,Jawa Tengah,Kota Semarang,Gayamsari,Pandean Lamper,2026-09-19T12:00:00,2026-09-20 22:00:00,2026-09-21 05:00:00,33-34,25,72,0,0,12.8,SE,144,NW,,,0,Cerah,Sunny,https://api-apps.bmkg.go.id/storage/icon/cuaca/cerah-pm.svg,2026-09-20T22:00:00Z
33,33.74,33.74.04,33.74.04.1006,33.74.04.1006,Jawa Tengah,Kota Semarang,Gayamsari,Pandean Lamper,2026-09-19T12:00:00,2026-09-21 01:00:00,2026-09-21 08:00:00,36-37,30,53,0,0,14.5,E,126,W,,,0,Cerah,Sunny,https://api-apps.bmkg.go.id/storage/icon/cuaca/cerah-am.svg,2026-09-21T01:00:00Z
33,33.74,33.74.04,33.74.04.1006,33.74.04.1006,Jawa Tengah,Kota Semarang,Gayamsari,Pandean Lamper,2026-09-19T12:00:00,2026-09-21 04:00:00,2026-09-21 11:00:00,39-40,35,40,0,31,11.7,E,120,W,,,1,Cerah,Sunny,https://api-apps.bmkg.go.id/storage/icon/cuaca/cerah-am.svg,2026-09-21T04:00:00Z
33,33.74,33.74.04,33.74.04.1006,33.74.04.1006,Jawa Tengah,Kota Semarang,Gayamsari,Pandean Lamper,2026-09-19T12:00:00,2026-09-21 07:00:00,2026-09-21 14:00:00,42-43,33,54,0.1,17,11.3,NW,316,SE,,,1,Cerah,Sunny,https://api-apps.bmkg.go.id/storage/icon/cuaca/cerah-am.svg,2026-09-21T07:00:00Z
33,33.74,33.74.04,33.74.04.1006,33.74.04.1006,Jawa Tengah,Kota Semarang,Gayamsari,Pandean Lamper,2026-09-19T12:00:00,2026-09-21 10:00:00,2026-09-21 17:00:00,45-46,30,69,0.1,6,3.7,NW,316,SE,,,0,Cerah,Sunny,https://api-apps.bmkg.go.id/storage/icon/cuaca/cerah-am.svg,2026-09-21T10:00:00Z
33,33.74,33.74.04,33.74.04.1006,33.74.04.1006,Jawa Tengah,Kota Semarang,Gayamsari,Pandean Lamper,2026-09-19T12:00:00,2026-09-21 13:00:00,2026-09-21 20:00:00,48-49,26,84,0.2,29,5.7,NE,74,SW,,,1,Cerah,Sunny,https://api-apps.bmkg.go.id/storage/icon/cuaca/cerah-pm.svg,2026-09-21T13:00:00Z
33,33.74,33.74.04,33.74.04.1006,33.74.04.1006,Jawa Tengah,Kota Semarang,Gayamsari,Pandean Lamper,2026-09-19T12:00:00,2026-09-21 16:00:00,2026-09-21 23:00:00,51-52,26,77,0,6,11.1,E,129,W,,,0,Cerah,Sunny,https://api-apps.bmkg.go.id/storage/icon/cuaca/cerah-pm.svg,2026-09-21T16:00:00Z
33,33.74,33.74.04,33.74.04.1007,33.74.04.1007,Jawa Tengah,Kota Semarang,Gayamsari,Gayamsari,2026-09-19T12:00:00,2026-09-19 16:00:00,2026-09-19 23:00:00,3-4,26,72,0,44,7.4,E,134,W,,,1,Cerah,Sunny,https://api-apps.bmkg.go.id/storage/icon/cuaca/cerah-pm.svg,2026-09-19T16:00:00Z
33,33.74,33.74.04,33.74.04.1007,33.74.04.1007,Jawa Tengah,Kota Semarang,Gayamsari,Gayamsari,2026-09-19T12:00:00,2026-09-19 19:00:00,2026-09-20 02:00:00,6-7,25,74,0,1,9.1,SE,135,NW,,,0,Cerah,Sunny,https://api-apps.bmkg.go.id/storage/icon/cuaca/cerah-pm.svg,2026-09-19T19:00:00Z
33,33.74,33.74.04,33.74.04.1007,33.74.04.1007,Jawa Tengah,Kota Semarang,Gayamsari,Gayamsari,2026-09-19T12:00:00,2026-09-19 22:00:00,2026-09-20 05:00:00,9-10,25,68,0,0,9.6,SE,142,NW,,,0,Cerah,Sunny,https://api-apps.bmkg.go.id/storage/icon/cuaca/cerah-pm.svg,2026-09-19T22:00:00Z
33,33.74,33.74.04,33.74.04.1007,33.74.04.1007,Jawa Tengah,Kota Semarang,Gayamsari,Gayamsari,2026-09-19T12:00:00,2026-09-20 01:00:00,2026-09-20 08:00:00,12-13,30,51,0,0,13.2,E,125,W,,,0,Cerah,Sunny,https://api-apps.bmkg.go.id/storage/icon/cuaca/cerah-am.svg,2026-09-20T01:00:00Z
33,33.74,33.74.04,33.74.04.1007,33.74.04.1007,Jawa Tengah,Kota Semarang,Gayamsari,Gayamsari,2026-09-19T12:00:00,2026-09-20 04:00:00,2026-09-20 11:00:00,15-16,35,40,0,2,12.1,E,108,W,,,0,Cerah,Sunny,https://api-apps.bmkg.go.id/storage/icon/cuaca/cerah-am.svg,2026-09-20T04:00:00Z
33,33.74,33.74.04,33.74.04.1007,33.74.04.1007,Jawa Tengah,Kota Semarang,Gayamsari,Gayamsari,2026-09-19T12:00:00,2026-09-20 07:00:00,2026-09-20 14:00:00,18-19,33,52,0.1,23,13.9,NW,324,SE,,,1,Cerah,Sunny,https://api-apps.bmkg.go.id/storage/icon/cuaca/cerah-am.svg,2026-09-20T07:00:00Z
33,33.74,33.74.04,33.74.04.1007,33.74.04.1007,Jawa Tengah,Kota Semarang,Gayamsari,Gayamsari,2026-09-19T12:00:00,2026-09-20 10:00:00,2026-09-20 17:00:00,21-22,29,77,0,6,4,W,284,E,,,0,Cerah,Sunny,https://api-apps.bmkg.go.id/storage/icon/cuaca/cerah-am.svg,2026-09-20T10:00:00Z
33,33.74,33.74.04,33.74.04.1007,33.74.04.1007,Jawa Tengah,Kota Semarang,Gayamsari,Gayamsari,2026-09-19T12:00:00,2026-09-20 13:00:00,2026-09-20 20:00:00,24-25,27,80,0.2,21,0.8,SW,255,NE,,,1,Cerah,Sunny,https://api-apps.bmkg.go.id/storage/icon/cuaca/cerah-pm.svg,2026-09-20T13:00:00Z
33,33.74,33.74.04,33.74.04.1007,33.74.04.1007,Jawa Tengah,Kota Semarang,Gayamsari,Gayamsari,2026-09-19T12:00:00,2026-09-20 16:00:00,2026-09-20 23:00:00,27-28,26,81,0,0,7,SE,142,NW,,,0,Cerah,Sunny,https://api-apps.bmkg.go.id/storage/icon/cuaca/cerah-pm.svg,2026-09-20T16:00:00Z
33,33.74,33.74.04,33.74.04.1007,33.74.04.1007,Jawa Tengah,Kota Semarang,Gayamsari,Gayamsari,2026-09-19T12:00:00,2026-09-20 19:00:00,2026-09-21 02:00:00,30-31,25,79,0,0,8.3,SE,147,NW,,,0,Cerah,Sunny,https://api-apps.bmkg.go.id/storage/icon/cuaca/cerah-pm.svg,2026-09-20T19:00:00Z
33,33.74,33.74.04,33.74.04.1007,33.74.04.1007,Jawa Tengah,Kota Semarang,Gayamsari,Gayamsari,2026-09-19T12:00:00,2026-09-20 22:00:00,2026-09-21 05:00:00,33-34,25,72,0,0,12.8,SE,144,NW,,,0,Cerah,Sunny,https://api-apps.bmkg.go.id/storage/icon/cuaca/cerah-pm.svg,2026-09-20T22:00:00Z
33,33.74,33.74.04,33.74.04.1007,33.74.04.1007,Jawa Tengah,Kota Semarang,Gayamsari,Gayamsari,2026-09-19T12:00:00,2026-09-21 01:00:00,2026-09-21 08:00:00,36-37,30,53,0,0,14.5,E,126,W,,,0,Cerah,Sunny,https://api-apps.bmkg.go.id/storage/icon/cuaca/cerah-am.svg,2026-09-21T01:00:00Z
33,33.74,33.74.04,33.74.04.1007,33.74.04.1007,Jawa Tengah,Kota Semarang,Gayamsari,Gayamsari,2026-09-19T12:00:00,2026-09-21 04:00:00,2026-09-21 11:00:00,39-40,35,40,0,31,11.7,E,120,W,,,1,Cerah,Sunny,https://api-apps.bmkg.go.id/storage/icon/cuaca/cerah-am.svg,2026-09-21T04:00:00Z
33,33.74,33.74.04,33.74.04.1007,33.74.04.1007,Jawa Tengah,Kota Semarang,Gayamsari,Gayamsari,2026-09-19T12:00:00,2026-09-21 07:00:00,2026-09-21 14:00:00,42-43,33,54,0.1,17,11.3,NW,316,SE,,,1,Cerah,Sunny,https://api-apps.bmkg.go.id/storage/icon/cuaca/cerah-am.svg,2026-09-21T07:00:00Z
33,33.74,33.74.04,33.74.04.1007,33.74.04.1007,Jawa Tengah,Kota Semarang,Gayamsari,Gayamsari,2026-09-19T12:00:00,2026-09-21 10:00:00,2026-09-21 17:00:00,45-46,30,69,0.1,6,3.7,NW,316,SE,,,0,Cerah,Sunny,https://api-apps.bmkg.go.id/storage/icon/cuaca/cerah-am.svg,2026-09-21T10:00:00Z
33,33.74,33.74.04,33.74.04.1007,33.74.04.1007,Jawa Tengah,Kota Semarang,Gayamsari,Gayamsari,2026-09-19T12:00:00,2026-09-21 13:00:00,2026-09-21 20:00:00,48-49,26,84,0.2,29,5.7,NE,74,SW,,,1,Cerah,Sunny,https://api-apps.bmkg.go.id/storage/icon/cuaca/cerah-pm.svg,2026-09-21T13:00:00Z
33,33.74,33.74.04,33.74.04.1007,33.74.04.1007,Jawa Tengah,Kota Semarang,Gayamsari,Gayamsari,2026-09-19T12:00:00,2026-09-21 16:00:00,2026-09-21 23:00:00,51-52,26,77,0,6,11.1,E,129,W,,,0,Cerah,Sunny,https://api-apps.bmkg.go.id/storage/icon/cuaca/cerah-pm.svg,2026-09-21T16:00:00Z
33,33.74,33.74.05,33.74.05.1001,33.74.05.1001,Jawa Tengah,Kota Semarang,Genuk,Sembungharjo,2026-09-19T12:00:00,2026-09-19 16:00:00,2026-09-19 23:00:00,3-4,26,63,0,50,7.4,E,134,W,,,1,Cerah,Sunny,https://api-apps.bmkg.go.id/storage/icon/cuaca/cerah-pm.svg,2026-09-19T16:00:00Z
33,33.74,33.74.05,33.74.05.1001,33.74.05.1001,Jawa Tengah,Kota Semarang,Genuk,Sembungharjo,2026-09-19T12:00:00,2026-09-19 19:00:00,2026-09-20 02:00:00,6-7,25,70,0,0,9.1,SE,135,NW,,,0,Cerah,Sunny,https://api-apps.bmkg.go.id/storage/icon/cuaca/cerah-pm.svg,2026-09-19T19:00:00Z
33,33.74,33.74.05,33.74.05.1001,33.74.05.1001,Jawa Tengah,Kota Semarang,Genuk,Sembungharjo,2026-09-19T12:00:00,2026-09-19 22:00:00,2026-09-20 05:00:00,9-10,25,67,0,0,9.6,SE,142,NW,,,0,Cerah,Sunny,https://api-apps.bmkg.go.id/storage/icon/cuaca/cerah-pm.svg,2026-09-19T22:00:00Z
33,33.74,33.74.05,33.74.05.1001,33.74.05.1001,Jawa Tengah,Kota Semarang,Genuk,Sembungharjo,2026-09-19T12:00:00,2026-09-20 01:00:00,2026-09-20 08:00:00,12-13,30,53,0,0,13.2,E,125,W,,,0,Cerah,Sunny,https://api-apps.bmkg.go.id/storage/icon/cuaca/cerah-am.svg,2026-09-20T01:00:00Z
33,33.74,33.74.05,33.74.05.1001,33.74.05.1001,Jawa Tengah,Kota Semarang,Genuk,Sembungharjo,2026-09-19T12:00:00,2026-09-20 04:00:00,2026-09-20 11:00:00,15-16,35,44,0,1,12.1,E,108,W,,,0,Cerah,Sunny,https://api-apps.bmkg.go.id/storage/icon/cuaca/cerah-am.svg,2026-09-20T04:00:00Z
33,33.74,33.74.05,33.74.05.1001,33.74.05.1001,Jawa Tengah,Kota Semarang,Genuk,Sembungharjo,2026-09-19T12:00:00,2026-09-20 07:00:00,2026-09-20 14:00:00,18-19,33,54,0.1,24,13.9,NW,324,SE,,,1,Cerah,Sunny,https://api-apps.bmkg.go.id/storage/icon/cuaca/cerah-am.svg,2026-09-20T07:00:00Z
33,33.74,33.74.05,33.74.05.1001,33.74.05.1001,Jawa Tengah,Kota Semarang,Genuk,Sembungharjo,2026-09-19T12:00:00,2026-09-20 10:00:00,2026-09-20 17:00:00,21-22,29,77,0,4,4,W,284,E,,,0,Cerah,Sunny,https://api-apps.bmkg.go.id/storage/icon/cuaca/cerah-am.svg,2026-09-20T10:00:00Z
33,33.74,33.74.05,33.74.05.1001,33.74.05.1001,Jawa Tengah,Kota Semarang,Genuk,Sembungharjo,2026-09-19T12:00:00,2026-09-20 13:00:00,2026-09-20 20:00:00,24-25,28,83,0.2,34,0.8,SW,255,NE,,,1,Cerah,Sunny,https://api-apps.bmkg.go.id/storage/icon/cuaca/cerah-pm.svg,2026-09-20T13:00:00Z
33,33.74,33.74.05,33.74.05.1001,33.74.05.1001,Jawa Tengah,Kota Semarang,Genuk,Sembungharjo,2026-09-19T12:00:00,2026-09-20 16:00:00,2026-09-20 23:00:00,27-28,27,81,0,0,7,SE,142,NW,,,0,Cerah,Sunny,https://api-apps.bmkg.go.id/storage/icon/cuaca/cerah-pm.svg,2026-09-20T16:00:00Z
33,33.74,33.74.05,33.74.05.1001,33.74.05.1001,Jawa Tengah,Kota Semarang,Genuk,Sembungharjo,2026-09-19T12:00:00,2026-09-20 19:00:00,2026-09-21 02:00:00,30-31,25,79,0,0,8.3,SE,147,NW,,,0,Cerah,Sunny,https://api-apps.bmkg.go.id/storage/icon/cuaca/cerah-pm.svg,2026-09-20T19:00:00Z
33,33.74,33.74.05,33.74.05.1001,33.74.05.1001,Jawa Tengah,Kota Semarang,Genuk,Sembungharjo,2026-09-19T12:00:00,2026-09-20 22:00:00,2026-09-21 05:00:00,33-34,25,75,0,0,12.8,SE,144,NW,,,0,Cerah,Sunny,https://api-apps.bmkg.go.id/storage/icon/cuaca/cerah-pm.svg,2026-09-20T22:00:00Z
33,33.74,33.74.05,33.74.05.1001,33.74.05.1001,Jawa Tengah,Kota Semarang,Genuk,Sembungharjo,2026-09-19T12:00:00,2026-09-21 01:00:00,2026-09-21 08:00:00,36-37,30,55,0,0,14.5,E,126,W,,,0,Cerah,Sunny,https://api-apps.bmkg.go.id/storage/icon/cuaca/cerah-am.svg,2026-09-21T01:00:00Z
33,33.74,33.74.05,33.74.05.1001,33.74.05.1001,Jawa Tengah,Kota Semarang,Genuk,Sembungharjo,2026-09-19T12:00:00,2026-09-21 04:00:00,2026-09-21 11:00:00,39-40,35,43,0,29,11.7,E,120,W,,,1,Cerah,Sunny,https://api-apps.bmkg.go.id/storage/icon/cuaca/cerah-am.svg,2026-09-21T04:00:00Z
33,33.74,33.74.05,33.74.05.1001,33.74.05.1001,Jawa Tengah,Kota Semarang,Genuk,Sembungharjo,2026-09-19T12:00:00,2026-09-21 07:00:00,2026-09-21 14:00:00,42-43,33,53,0.1,14,11.3,NW,316,SE,,,1,Cerah,Sunny,https://api-apps.bmkg.go.id/storage/icon/cuaca/cerah-am.svg,2026-09-21T07:00:00Z
33,33.74,33.74.05,33.74.05.1001,33.74.05.1001,Jawa Tengah,Kota Semarang,Genuk,Sembungharjo,2026-09-19T12:00:00,2026-09-21 10:00:00,2026-09-21 17:00:00,45-46,30,67,0.2,1,3.7,NW,316,SE,,,0,Cerah,Sunny,https://api-apps.bmkg.go.id/storage/icon/cuaca/cerah-am.svg,2026-09-21T10:00:00Z
33,33.74,33.74.05,33.74.05.1001,33.74.05.1001,Jawa Tengah,Kota Semarang,Genuk,Sembungharjo,2026-09-19T12:00:00,2026-09-21 13:00:00,2026-09-21 20:00:00,48-49,26,89,0.6,30,5.7,NE,74,SW,,,1,Cerah,Sunny,https://api-apps.bmkg.go.id/storage/icon/cuaca/cerah-pm.svg,2026-09-21T13:00:00Z
33,33.74,33.74.05,33.74.05.1001,33.74.05.1001,Jawa Tengah,Kota Semarang,Genuk,Sembungharjo,2026-09-19T12:00:00,2026-09-21 16:00:00,2026-09-21 23:00:00,51-52,26,77,0,4,11.1,E,129,W,,,0,Cerah,Sunny,https://api-apps.bmkg.go.id/storage/icon/cuaca/cerah-pm.svg,2026-09-21T16:00:00Z
33,33.74,33.74.05,33.74.05.1002,33.74.05.1002,Jawa Tengah,Kota Semarang,Genuk,Kudu,2026-09-19T12:00:00,2026-09-19 16:00:00,2026-09-19 23:00:00,3-4,26,63,0,50,7.4,E,134,W,,,1,Cerah,Sunny,https://api-apps.bmkg.go.id/storage/icon/cuaca/cerah-pm.svg,2026-09-19T16:00:00Z
33,33.74,33.74.05,33.74.05.1002,33.74.05.1002,Jawa Tengah,Kota Semarang,Genuk,Kudu,2026-09-19T12:00:00,2026-09-19 19:00:00,2026-09-20 02:00:00,6-7,25,70,0,0,9.1,SE,135,NW,,,0,Cerah,Sunny,https://api-apps.bmkg.go.id/storage/icon/cuaca/cerah-pm.svg,2026-09-19T19:00:00Z
33,33.74,33.74.05,33.74.05.1002,33.74.05.1002,Jawa Tengah,Kota Semarang,Genuk,Kudu,2026-09-19T12:00:00,2026-09-19 22:00:00,2026-09-20 05:00:00,9-10,25,67,0,0,9.6,SE,142,NW,,,0,Cerah,Sunny,https://api-apps.bmkg.go.id/storage/icon/cuaca/cerah-pm.svg,2026-09-19T22:00:00Z
33,33.74,33.74.05,33.74.05.1002,33.74.05.1002,Jawa Tengah,Kota Semarang,Genuk,Kudu,2026-09-19T12:00:00,2026-09-20 01:00:00,2026-09-20 08:00:00,12-13,30,53,0,0,13.2,E,125,W,,,0,Cerah,Sunny,https://api-apps.bmkg.go.id/storage/icon/cuaca/cerah-am.svg,2026-09-20T01:00:00Z
33,33.74,33.74.05,33.74.05.1002,33.74.05.1002,Jawa Tengah,Kota Semarang,Genuk,Kudu,2026-09-19T12:00:00,2026-09-20 04:00:00,2026-09-20 11:00:00,15-16,35,44,0,1,12.1,E,108,W,,,0,Cerah,Sunny,https://api-apps.bmkg.go.id/storage/icon/cuaca/cerah-am.svg,2026-09-20T04:00:00Z
33,33.74,33.74.05,33.74.05.1002,33.74.05.1002,Jawa Tengah,Kota Semarang,Genuk,Kudu,2026-09-19T12:00:00,2026-09-20 07:00:00,2026-09-20 14:00:00,18-19,33,54,0.1,24,13.9,NW,324,SE,,,1,Cerah,Sunny,https://api-apps.bmkg.go.id/storage/icon/cuaca/cerah-am.svg,2026-09-20T07:00:00Z
33,33.74,33.74.05,33.74.05.1002,33.74.05.1002,Jawa Tengah,Kota Semarang,Genuk,Kudu,2026-09-19T12:00:00,2026-09-20 10:00:00,2026-09-20 17:00:00,21-22,29,77,0,4,4,W,284,E,,,0,Cerah,Sunny,https://api-apps.bmkg.go.id/storage/icon/cuaca/cerah-am.svg,2026-09-20T10:00:00Z
33,33.74,33.74.05,33.74.05.1002,33.74.05.1002,Jawa Tengah,Kota Semarang,Genuk,Kudu,2026-09-19T12:00:00,2026-09-20 13:00:00,2026-09-20 20:00:00,24-25,28,83,0.2,34,0.8,SW,255,NE,,,1,Cerah,Sunny,https://api-apps.bmkg.go.id/storage/icon/cuaca/cerah-pm.svg,2026-09-20T13:00:00Z
33,33.74,33.74.05,33.74.05.1002,33.74.05.1002,Jawa Tengah,Kota Semarang,Genuk,Kudu,2026-09-19T12:00:00,2026-09-20 16:00:00,2026-09-20 23:00:00,27-28,27,81,0,0,7,SE,142,NW,,,0,Cerah,Sunny,https://api-apps.bmkg.go.id/storage/icon/cuaca/cerah-pm.svg,2026-09-20T16:00:00Z
33,33.74,33.74.05,33.74.05.1002,33.74.05.1002,Jawa Tengah,Kota Semarang,Genuk,Kudu,2026-09-19T12:00:00,2026-09-20 19:00:00,2026-09-21 02:00:00,30-31,25,79,0,0,8.3,SE,147,NW,,,0,Cerah,Sunny,https://api-apps.bmkg.go.id/storage/icon/cuaca/cerah-pm.svg,2026-09-20T19:00:00Z
33,33.74,33.74.05,33.74.05.1002,33.74.05.1002,Jawa Tengah,Kota Semarang,Genuk,Kudu,2026-09-19T12:00:00,2026-09-20 22:00:00,2026-09-21 05:00:00,33-34,25,75,0,0,12.8,SE,144,NW,,,0,Cerah,Sunny,https://api-apps.bmkg.go.id/storage/icon/cuaca/cerah-pm.svg,2026-09-20T22:00:00Z
33,33.74,33.74.05,33.74.05.1002,33.74.05.1002,Jawa Tengah,Kota Semarang,Genuk,Kudu,2026-09-19T12:00:00,2026-09-21 01:00:00,2026-09-21 08:00:00,36-37,30,55,0,0,14.5,E,126,W,,,0,Cerah,Sunny,https://api-apps.bmkg.go.id/storage/icon/cuaca/cerah-am.svg,2026-09-21T01:00:00Z
33,33.74,33.74.05,33.74.05.1002,33.74.05.1002,Jawa Tengah,Kota Semarang,Genuk,Kudu,2026-09-19T12:00:00,2026-09-21 04:00:00,2026-09-21 11:00:00,39-40,35,43,0,29,11.7,E,120,W,,,1,Cerah,Sunny,https://api-apps.bmkg.go.id/storage/icon/cuaca/cerah-am.svg,2026-09-21T04:00:00Z
33,33.74,33.74.05,33.74.05.1002,33.74.05.1002,Jawa Tengah,Kota Semarang,Genuk,Kudu,2026-09-19T12:00:00,2026-09-21 07:00:00,2026-09-21 14:00:00,42-43,33,53,0.1,14,11.3,NW,316,SE,,,1,Cerah,Sunny,https://api-apps.bmkg.go.id/storage/icon/cuaca/cerah-am.svg,2026-09-21T07:00:00Z
33,33.74,33.74.05,33.74.05.1002,33.74.05.1002,Jawa Tengah,Kota Semarang,Genuk,Kudu,2026-09-19T12:00:00,2026-09-21 10:00:00,2026-09-21 17:00:00,45-46,30,67,0.2,1,3.7,NW,316,SE,,,0,Cerah,Sunny,https://api-apps.bmkg.go.id/storage/icon/cuaca/cerah-am.svg,2026-09-21T10:00:00Z
33,33.74,33.74.05,33.74.05.1002,33.74.05.1002,Jawa Tengah,Kota Semarang,Genuk,Kudu,2026-09-19T12:00:00,2026-09-21 13:00:00,2026-09-21 20:00:00,48-49,26,89,0.6,30,5.7,NE,74,SW,,,1,Cerah,Sunny,https://api-apps.bmkg.go.id/storage/icon/cuaca/cerah-pm.svg,2026-09-21T13:00:00Z
33,33.74,33.74.05,33.74.05.1002,33.74.05.1002,Jawa Tengah,Kota Semarang,Genuk,Kudu,2026-09-19T12:00:00,2026-09-21 16:00:00,2026-09-21 23:00:00,51-52,26,77,0,4,11.1,E,129,W,,,0,Cerah,Sunny,https://api-apps.bmkg.go.id/storage/icon/cuaca/cerah-pm.svg,2026-09-21T16:00:00Z
33,33.74,33.74.05,33.74.05.1003,33.74.05.1003,Jawa Tengah,Kota Semarang,Genuk,Karangroto,2026-09-19T12:00:00,2026-09-19 16:00:00,2026-09-19 23:00:00,3-4,26,63,0,50,7.4,E,134,W,,,1,Cerah,Sunny,https://api-apps.bmkg.go.id/storage/icon/cuaca/cerah-pm.svg,2026-09-19T16:00:00Z
33,33.74,33.74.05,33.74.05.1003,33.74.05.1003,Jawa Tengah,Kota Semarang,Genuk,Karangroto,2026-09-19T12:00:00,2026-09-19 19:00:00,2026-09-20 02:00:00,6-7,25,70,0,0,9.1,SE,135,NW,,,0,Cerah,Sunny,https://api-apps.bmkg.go.id/storage/icon/cuaca/cerah-pm.svg,2026-09-19T19:00:00Z
33,33.74,33.74.05,33.74.05.1003,33.74.05.1003,Jawa Tengah,Kota Semarang,Genuk,Karangroto,2026-09-19T12:00:00,2026-09-19 22:00:00,2026-09-20 05:00:00,9-10,25,67,0,0,9.6,SE,142,NW,,,0,Cerah,Sunny,https://api-apps.bmkg.go.id/storage/icon/cuaca/cerah-pm.svg,2026-09-19T22:00:00Z
33,33.74,33.74.05,33.74.05.1003,33.74.05.1003,Jawa Tengah,Kota Semarang,Genuk,Karangroto,2026-09-19T12:00:00,2026-09-20 01:00:00,2026-09-20 08:00:00,12-13,30,53,0,0,13.2,E,125,W,,,0,Cerah,Sunny,https://api-apps.bmkg.go.id/storage/icon/cuaca/cerah-am.svg,2026-09-20T01:00:00Z
33,33.74,33.74.05,33.74.05.1003,33.74.05.1003,Jawa Tengah,Kota Semarang,Genuk,Karangroto,2026-09-19T12:00:00,2026-09-20 04:00:00,2026-09-20 11:00:00,15-16,35,44,0,1,12.1,E,108,W,,,0,Cerah,Sunny,https://api-apps.bmkg.go.id/storage/icon/cuaca/cerah-am.svg,2026-09-20T04:00:00Z
33,33.74,33.74.05,33.74.05.1003,33.74.05.1003,Jawa Tengah,Kota Semarang,Genuk,Karangroto,2026-09-19T12:00:00,2026-09-20 07:00:00,2026-09-20 14:00:00,18-19,33,54,0.1,24,13.9,NW,324,SE,,,1,Cerah,Sunny,https://api-apps.bmkg.go.id/storage/icon/cuaca/cerah-am.svg,2026-09-20T07:00:00Z
33,33.74,33.74.05,33.74.05.1003,33.74.05.1003,Jawa Tengah,Kota Semarang,Genuk,Karangroto,2026-09-19T12:00:00,2026-09-20 10:00:00,2026-09-20 17:00:00,21-22,29,77,0,4,4,W,284,E,,,0,Cerah,Sunny,https://api-apps.bmkg.go.id/storage/icon/cuaca/cerah-am.svg,2026-09-20T10:00:00Z
33,33.74,33.74.05,33.74.05.1003,33.74.05.1003,Jawa Tengah,Kota Semarang,Genuk,Karangroto,2026-09-19T12:00:00,2026-09-20 13:00:00,2026-09-20 20:00:00,24-25,28,83,0.2,34,0.8,SW,255,NE,,,1,Cerah,Sunny,https://api-apps.bmkg.go.id/storage/icon/cuaca/cerah-pm.svg,2026-09-20T13:00:00Z
33,33.74,33.74.05,33.74.05.1003,33.74.05.1003,Jawa Tengah,Kota Semarang,Genuk,Karangroto,2026-09-19T12:00:00,2026-09-20 16:00:00,2026-09-20 23:00:00,27-28,27,81,0,0,7,SE,142,NW,,,0,Cerah,Sunny,https://api-apps.bmkg.go.id/storage/icon/cuaca/cerah-pm.svg,2026-09-20T16:00:00Z
33,33.74,33.74.05,33.74.05.1003,33.74.05.1003,Jawa Tengah,Kota Semarang,Genuk,Karangroto,2026-09-19T12:00:00,2026-09-20 19:00:00,2026-09-21 02:00:00,30-31,25,79,0,0,8.3,SE,147,NW,,,0,Cerah,Sunny,https://api-apps.bmkg.go.id/storage/icon/cuaca/cerah-pm.svg,2026-09-20T19:00:00Z
33,33.74,33.74.05,33.74.05.1003,33.74.05.1003,Jawa Tengah,Kota Semarang,Genuk,Karangroto,2026-09-19T12:00:00,2026-09-20 22:00:00,2026-09-21 05:00:00,33-34,25,75,0,0,12.8,SE,144,NW,,,0,Cerah,Sunny,https://api-apps.bmkg.go.id/storage/icon/cuaca/cerah-pm.svg,2026-09-20T22:00:00Z
33,33.74,33.74.05,33.74.05.1003,33.74.05.1003,Jawa Tengah,Kota Semarang,Genuk,Karangroto,2026-09-19T12:00:00,2026-09-21 01:00:00,2026-09-21 08:00:00,36-37,30,55,0,0,14.5,E,126,W,,,0,Cerah,Sunny,https://api-apps.bmkg.go.id/storage/icon/cuaca/cerah-am.svg,2026-09-21T01:00:00Z
33,33.74,33.74.05,33.74.05.1003,33.74.05.1003,Jawa Tengah,Kota Semarang,Genuk,Karangroto,2026-09-19T12:00:00,2026-09-21 04:00:00,2026-09-21 11:00:00,39-40,35,43,0,29,11.7,E,120,W,,,1,Cerah,Sunny,https://api-apps.bmkg.go.id/storage/icon/cuaca/cerah-am.svg,2026-09-21T04:00:00Z
33,33.74,33.74.05,33.74.05.1003,33.74.05.1003,Jawa Tengah,Kota Semarang,Genuk,Karangroto,2026-09-19T12:00:00,2026-09-21 07:00:00,2026-09-21 14:00:00,42-43,33,53,0.1,14,11.3,NW,316,SE,,,1,Cerah,Sunny,https://api-apps.bmkg.go.id/storage/icon/cuaca/cerah-am.svg,2026-09-21T07:00:00Z
33,33.74,33.74.05,33.74.05.1003,33.74.05.1003,Jawa Tengah,Kota Semarang,Genuk,Karangroto,2026-09-19T12:00:00,2026-09-21 10:00:00,2026-09-21 17:00:00,45-46,30,67,0.2,1,3.7,NW,316,SE,,,0,Cerah,Sunny,https://api-apps.bmkg.go.id/storage/icon/cuaca/cerah-am.svg,2026-09-21T10:00:00Z
33,33.74,33.74.05,33.74.05.1003,33.74.05.1003,Jawa Tengah,Kota Semarang,Genuk,Karangroto,2026-09-19T12:00:00,2026-09-21 13:00:00,2026-09-21 20:00:00,48-49,26,89,0.6,30,5.7,NE,74,SW,,,1,Cerah,Sunny,https://api-apps.bmkg.go.id/storage/icon/cuaca/cerah-pm.svg,2026-09-21T13:00:00Z
33,33.74,33.74.05,33.74.05.1003,33.74.05.1003,Jawa Tengah,Kota Semarang,Genuk,Karangroto,2026-09-19T12:00:00,2026-09-21 16:00:00,2026-09-21 23:00:00,51-52,26,77,0,4,11.1,E,129,W,,,0,Cerah,Sunny,https://api-apps.bmkg.go.id/storage/icon/cuaca/cerah-pm.svg,2026-09-21T16:00:00Z
33,33.74,33.74.05,33.74.05.1004,33.74.05.1004,Jawa Tengah,Kota Semarang,Genuk,Genuksari,2026-09-19T12:00:00,2026-09-19 15:00:00,2026-09-19 22:00:00,2-3,27,68,0,4,8.9,E,106,W,,,0,Cerah,Sunny,https://api-apps.bmkg.go.id/storage/icon/cuaca/cerah-pm.svg,2026-09-19T15:00:00Z
33,33.74,33.74.05,33.74.05.1004,33.74.05.1004,Jawa Tengah,Kota Semarang,Genuk,Genuksari,2026-09-19T12:00:00,2026-09-19 18:00:00,2026-09-20 01:00:00,5-6,25,71,0,0,7.4,E,134,W,,,0,Cerah,Sunny,https://api-apps.bmkg.go.id/storage/icon/cuaca/cerah-pm.svg,2026-09-19T18:00:00Z
33,33.74,33.74.05,33.74.05.1004,33.74.05.1004,Jawa Tengah,Kota Semarang,Genuk,Genuksari,2026-09-19T12:00:00,2026-09-19 21:00:00,2026-09-20 04:00:00,8-9,25,71,0,0,9.1,SE,135,NW,,,0,Cerah,Sunny,https://api-apps.bmkg.go.id/storage/icon/cuaca/cerah-pm.svg,2026-09-19T21:00:00Z
33,33.74,33.74.05,33.74.05.1004,33.74.05.1004,Jawa Tengah,Kota Semarang,Genuk,Genuksari,2026-09-19T12:00:00,2026-09-20 00:00:00,2026-09-20 07:00:00,11-12,29,55,0,4,9.6,SE,142,NW,,,0,Cerah,Sunny,https://api-apps.bmkg.go.id/storage/icon/cuaca/cerah-am.svg,2026-09-20T00:00:00Z
33,33.74,33.74.05,33.74.05.1004,33.74.05.1004,Jawa Tengah,Kota Semarang,Genuk,Genuksari,2026-09-19T12:00:00,2026-09-20 03:00:00,2026-09-20 10:00:00,14-15,33,47,0,0,13.2,E,125,W,,,0,Cerah,Sunny,https://api-apps.bmkg.go.id/storage/icon/cuaca/cerah-am.svg,2026-09-20T03:00:00Z
33,33.74,33.74.05,33.74.05.1004,33.74.05.1004,Jawa Tengah,Kota Semarang,Genuk,Genuksari,2026-09-19T12:00:00,2026-09-20 06:00:00,2026-09-20 13:00:00,17-18,34,46,0.1,3,12.1,E,108,W,,,0,Cerah,Sunny,https://api-apps.bmkg.go.id/storage/icon/cuaca/cerah-am.svg,2026-09-20T06:00:00Z
33,33.74,33.74.05,33.74.05.1004,33.74.05.1004,Jawa Tengah,Kota Semarang,Genuk,Genuksari,2026-09-19T12:00:00,2026-09-20 09:00:00,2026-09-20 16:00:00,20-21,29,74,0,11,13.9,NW,324,SE,,,1,Cerah,Sunny,https://api-apps.bmkg.go.id/storage/icon/cuaca/cerah-am.svg,2026-09-20T09:00:00Z
33,33.74,33.74.05,33.74.05.1004,33.74.05.1004,Jawa Tengah,Kota Semarang,Genuk,Genuksari,2026-09-19T12:00:00,2026-09-20 12:00:00,2026-09-20 19:00:00,23-24,28,78,0.2,31,4,W,284,E,,,1,Cerah,Sunny,https://api-apps.bmkg.go.id/storage/icon/cuaca/cerah-pm.svg,2026-09-20T12:00:00Z
33,33.74,33.74.05,33.74.05.1004,33.74.05.1004,Jawa Tengah,Kota Semarang,Genuk,Genuksari,2026-09-19T12:00:00,2026-09-20 15:00:00,2026-09-20 22:00:00,26-27,27,84,0,0,0.8,SW,255,NE,,,0,Cerah,Sunny,https://api-apps.bmkg.go.id/storage/icon/cuaca/cerah-pm.svg,2026-09-20T15:00:00Z
33,33.74,33.74.05,33.74.05.1004,33.74.05.1004,Jawa Tengah,Kota Semarang,Genuk,Genuksari,2026-09-19T12:00:00,2026-09-20 18:00:00,2026-09-21 01:00:00,29-30,26,79,0,0,7,SE,142,NW,,,0,Cerah,Sunny,https://api-apps.bmkg.go.id/storage/icon/cuaca/cerah-pm.svg,2026-09-20T18:00:00Z
33,33.74,33.74.05,33.74.05.1004,33.74.05.1004,Jawa Tengah,Kota Semarang,Genuk,Genuksari,2026-09-19T12:00:00,2026-09-20 21:00:00,2026-09-21 04:00:00,32-33,25,77,0,1,8.3,SE,147,NW,,,0,Cerah,Sunny,https://api-apps.bmkg.go.id/storage/icon/cuaca/cerah-pm.svg,2026-09-20T21:00:00Z
33,33.74,33.74.05,33.74.05.1004,33.74.05.1004,Jawa Tengah,Kota Semarang,Genuk,Genuksari,2026-09-19T12:00:00,2026-09-21 00:00:00,2026-09-21 07:00:00,35-36,29,60,0,0,12.8,SE,144,NW,,,0,Cerah,Sunny,https://api-apps.bmkg.go.id/storage/icon/cuaca/cerah-am.svg,2026-09-21T00:00:00Z
33,33.74,33.74.05,33.74.05.1004,33.74.05.1004,Jawa Tengah,Kota Semarang,Genuk,Genuksari,2026-09-19T12:00:00,2026-09-21 03:00:00,2026-09-21 10:00:00,38-39,33,45,0,0,14.5,E,126,W,,,0,Cerah,Sunny,https://api-apps.bmkg.go.id/storage/icon/cuaca/cerah-am.svg,2026-09-21T03:00:00Z
33,33.74,33.74.05,33.74.05.1004,33.74.05.1004,Jawa Tengah,Kota Semarang,Genuk,Genuksari,2026-09-19T12:00:00,2026-09-21 06:00:00,2026-09-21 13:00:00,41-42,34,48,0.1,15,11.7,E,120,W,,,1,Cerah,Sunny,https://api-apps.bmkg.go.id/storage/icon/cuaca/cerah-am.svg,2026-09-21T06:00:00Z
33,33.74,33.74.05,33.74.05.1004,33.74.05.1004,Jawa Tengah,Kota Semarang,Genuk,Genuksari,2026-09-19T12:00:00,2026-09-21 09:00:00,2026-09-21 16:00:00,44-45,30,66,0.2,7,11.3,NW,316,SE,,,0,Cerah,Sunny,https://api-apps.bmkg.go.id/storage/icon/cuaca/cerah-am.svg,2026-09-21T09:00:00Z
33,33.74,33.74.05,33.74.05.1004,33.74.05.1004,Jawa Tengah,Kota Semarang,Genuk,Genuksari,2026-09-19T12:00:00,2026-09-21 12:00:00,2026-09-21 19:00:00,47-48,27,81,0.4,71,3.7,NW,316,SE,,,2,Cerah Berawan,Partly Cloudy,https://api-apps.bmkg.go.id/storage/icon/cuaca/cerah berawan-pm.svg,2026-09-21T12:00:00Z
33,33.74,33.74.05,33.74.05.1004,33.74.05.1004,Jawa Tengah,Kota Semarang,Genuk,Genuksari,2026-09-19T12:00:00,2026-09-21 15:00:00,2026-09-21 22:00:00,50-51,27,84,0,6,5.7,NE,74,SW,,,0,Cerah,Sunny,https://api-apps.bmkg.go.id/storage/icon/cuaca/cerah-pm.svg,2026-09-21T15:00:00Z
33,33.74,33.74.05,33.74.05.1005,33.74.05.1005,Jawa Tengah,Kota Semarang,Genuk,Banjardowo,2026-09-19T12:00:00,2026-09-19 16:00:00,2026-09-19 23:00:00,3-4,27,65,0,39,7.4,E,134,W,,,1,Cerah,Sunny,https://api-apps.bmkg.go.id/storage/icon/cuaca/cerah-pm.svg,2026-09-19T16:00:00Z
33,33.74,33.74.05,33.74.05.1005,33.74.05.1005,Jawa Tengah,Kota Semarang,Genuk,Banjardowo,2026-09-19T12:00:00,2026-09-19 19:00:00,2026-09-20 02:00:00,6-7,25,70,0,0,9.1,SE,135,NW,,,0,Cerah,Sunny,https://api-apps.bmkg.go.id/storage/icon/cuaca/cerah-pm.svg,2026-09-19T19:00:00Z
33,33.74,33.74.05,33.74.05.1005,33.74.05.1005,Jawa Tengah,Kota Semarang,Genuk,Banjardowo,2026-09-19T12:00:00,2026-09-19 22:00:00,2026-09-20 05:00:00,9-10,25,69,0,0,9.6,SE,142,NW,,,0,Cerah,Sunny,https://api-apps.bmkg.go.id/storage/icon/cuaca/cerah-pm.svg,2026-09-19T22:00:00Z
33,33.74,33.74.05,33.74.05.1005,33.74.05.1005,Jawa Tengah,Kota Semarang,Genuk,Banjardowo,2026-09-19T12:00:00,2026-09-20 01:00:00,2026-09-20 08:00:00,12-13,30,55,0,0,13.2,E,125,W,,,0,Cerah,Sunny,https://api-apps.bmkg.go.id/storage/icon/cuaca/cerah-am.svg,2026-09-20T01:00:00Z
33,33.74,33.74.05,33.74.05.1005,33.74.05.1005,Jawa Tengah,Kota Semarang,Genuk,Banjardowo,2026-09-19T12:00:00,2026-09-20 04:00:00,2026-09-20 11:00:00,15-16,34,48,0,1,12.1,E,108,W,,,0,Cerah,Sunny,https://api-apps.bmkg.go.id/storage/icon/cuaca/cerah-am.svg,2026-09-20T04:00:00Z
33,33.74,33.74.05,33.74.05.1005,33.74.05.1005,Jawa Tengah,Kota Semarang,Genuk,Banjardowo,2026-09-19T12:00:00,2026-09-20 07:00:00,2026-09-20 14:00:00,18-19,31,62,0.1,19,13.9,NW,324,SE,,,1,Cerah,Sunny,https://api-apps.bmkg.go.id/storage/icon/cuaca/cerah-am.svg,2026-09-20T07:00:00Z
33,33.74,33.74.05,33.74.05.1005,33.74.05.1005,Jawa Tengah,Kota Semarang,Genuk,Banjardowo,2026-09-19T12:00:00,2026-09-20 10:00:00,2026-09-20 17:00:00,21-22,29,78,0,5,4,W,284,E,,,0,Cerah,Sunny,https://api-apps.bmkg.go.id/storage/icon/cuaca/cerah-am.svg,2026-09-20T10:00:00Z
33,33.74,33.74.05,33.74.05.1005,33.74.05.1005,Jawa Tengah,Kota Semarang,Genuk,Banjardowo,2026-09-19T12:00:00,2026-09-20 13:00:00,2026-09-20 20:00:00,24-25,28,80,0.2,22,0.8,SW,255,NE,,,1,Cerah,Sunny,https://api-apps.bmkg.go.id/storage/icon/cuaca/cerah-pm.svg,2026-09-20T13:00:00Z
33,33.74,33.74.05,33.74.05.1005,33.74.05.1005,Jawa Tengah,Kota Semarang,Genuk,Banjardowo,2026-09-19T12:00:00,2026-09-20 16:00:00,2026-09-20 23:00:00,27-28,27,81,0,0,7,SE,142,NW,,,0,Cerah,Sunny,https://api-apps.bmkg.go.id/storage/icon/cuaca/cerah-pm.svg,2026-09-20T16:00:00Z
33,33.74,33.74.05,33.74.05.1005,33.74.05.1005,Jawa Tengah,Kota Semarang,Genuk,Banjardowo,2026-09-19T12:00:00,2026-09-20 19:00:00,2026-09-21 02:00:00,30-31,26,78,0,0,8.3,SE,147,NW,,,0,Cerah,Sunny,https://api-apps.bmkg.go.id/storage/icon/cuaca/cerah-pm.svg,2026-09-20T19:00:00Z
33,33.74,33.74.05,33.74.05.1005,33.74.05.1005,Jawa Tengah,Kota Semarang,Genuk,Banjardowo,2026-09-19T12:00:00,2026-09-20 22:00:00,2026-09-21 05:00:00,33-34,25,76,0,0,12.8,SE,144,NW,,,0,Cerah,Sunny,https://api-apps.bmkg.go.id/storage/icon/cuaca/cerah-pm.svg,2026-09-20T22:00:00Z
33,33.74,33.74.05,33.74.05.1005,33.74.05.1005,Jawa Tengah,Kota Semarang,Genuk,Banjardowo,2026-09-19T12:00:00,2026-09-21 01:00:00,2026-09-21 08:00:00,36-37,30,58,0,0,14.5,E,126,W,,,0,Cerah,Sunny,https://api-apps.bmkg.go.id/storage/icon/cuaca/cerah-am.svg,2026-09-21T01:00:00Z
33,33.74,33.74.05,33.74.05.1005,33.74.05.1005,Jawa Tengah,Kota Semarang,Genuk,Banjardowo,2026-09-19T12:00:00,2026-09-21 04:00:00,2026-09-21 11:00:00,39-40,34,48,0,26,11.7,E,120,W,,,1,Cerah,Sunny,https://api-apps.bmkg.go.id/storage/icon/cuaca/cerah-am.svg,2026-09-21T04:00:00Z
33,33.74,33.74.05,33.74.05.1005,33.74.05.1005,Jawa Tengah,Kota Semarang,Genuk,Banjardowo,2026-09-19T12:00:00,2026-09-21 07:00:00,2026-09-21 14:00:00,42-43,32,61,0.1,16,11.3,NW,316,SE,,,1,Cerah,Sunny,https://api-apps.bmkg.go.id/storage/icon/cuaca/cerah-am.svg,2026-09-21T07:00:00Z
33,33.74,33.74.05,33.74.05.1005,33.74.05.1005,Jawa Tengah,Kota Semarang,Genuk,Banjardowo,2026-09-19T12:00:00,2026-09-21 10:00:00,2026-09-21 17:00:00,45-46,30,69,0.2,6,3.7,NW,316,SE,,,0,Cerah,Sunny,https://api-apps.bmkg.go.id/storage/icon/cuaca/cerah-am.svg,2026-09-21T10:00:00Z
33,33.74,33.74.05,33.74.05.1005,33.74.05.1005,Jawa Tengah,Kota Semarang,Genuk,Banjardowo,2026-09-19T12:00:00,2026-09-21 13:00:00,2026-09-21 20:00:00,48-49,26,87,0.5,29,5.7,NE,74,SW,,,1,Cerah,Sunny,https://api-apps.bmkg.go.id/storage/icon/cuaca/cerah-pm.svg,2026-09-21T13:00:00Z
33,33.74,33.74.05,33.74.05.1005,33.74.05.1005,Jawa Tengah,Kota Semarang,Genuk,Banjardowo,2026-09-19T12:00:00,2026-09-21 16:00:00,2026-09-21 23:00:00,51-52,26,77,0,4,11.1,E,129,W,,,0,Cerah,Sunny,https://api-apps.bmkg.go.id/storage/icon/cuaca/cerah-pm.svg,2026-09-21T16:00:00Z
33,33.74,33.74.05,33.74.05.1006,33.74.05.1006,Jawa Tengah,Kota Semarang,Genuk,Gebangsari,2026-09-19T12:00:00,2026-09-19 16:00:00,2026-09-19 23:00:00,3-4,26,66,0,44,7.4,E,134,W,,,1,Cerah,Sunny,https://api-apps.bmkg.go.id/storage/icon/cuaca/cerah-pm.svg,2026-09-19T16:00:00Z
33,33.74,33.74.05,33.74.05.1006,33.74.05.1006,Jawa Tengah,Kota Semarang,Genuk,Gebangsari,2026-09-19T12:00:00,2026-09-19 19:00:00,2026-09-20 02:00:00,6-7,25,71,0,0,9.1,SE,135,NW,,,0,Cerah,Sunny,https://api-apps.bmkg.go.id/storage/icon/cuaca/cerah-pm.svg,2026-09-19T19:00:00Z
33,33.74,33.74.05,33.74.05.1006,33.74.05.1006,Jawa Tengah,Kota Semarang,Genuk,Gebangsari,2026-09-19T12:00:00,2026-09-19 22:00:00,2026-09-20 05:00:00,9-10,25,68,0,0,9.6,SE,142,NW,,,0,Cerah,Sunny,https://api-apps.bmkg.go.id/storage/icon/cuaca/cerah-pm.svg,2026-09-19T22:00:00Z
33,33.74,33.74.05,33.74.05.1006,33.74.05.1006,Jawa Tengah,Kota Semarang,Genuk,Gebangsari,2026-09-19T12:00:00,2026-09-20 01:00:00,2026-09-20 08:00:00,12-13,30,53,0,0,13.2,E,125,W,,,0,Cerah,Sunny,https://api-apps.bmkg.go.id/storage/icon/cuaca/cerah-am.svg,2026-09-20T01:00:00Z
33,33.74,33.74.05,33.74.05.1006,33.74.05.1006,Jawa Tengah,Kota Semarang,Genuk,Gebangsari,2026-09-19T12:00:00,2026-09-20 04:00:00,2026-09-20 11:00:00,15-16,34,44,0,2,12.1,E,108,W,,,0,Cerah,Sunny,https://api-apps.bmkg.go.id/storage/icon/cuaca/cerah-am.svg,2026-09-20T04:00:00Z
33,33.74,33.74.05,33.74.05.1006,33.74.05.1006,Jawa Tengah,Kota Semarang,Genuk,Gebangsari,2026-09-19T12:00:00,2026-09-20 07:00:00,2026-09-20 14:00:00,18-19,32,56,0.1,22,13.9,NW,324,SE,,,1,Cerah,Sunny,https://api-apps.bmkg.go.id/storage/icon/cuaca/cerah-am.svg,2026-09-20T07:00:00Z
33,33.74,33.74.05,33.74.05.1006,33.74.05.1006,Jawa Tengah,Kota Semarang,Genuk,Gebangsari,2026-09-19T12:00:00,2026-09-20 10:00:00,2026-09-20 17:00:00,21-22,29,78,0,5,4,W,284,E,,,0,Cerah,Sunny,https://api-apps.bmkg.go.id/storage/icon/cuaca/cerah-am.svg,2026-09-20T10:00:00Z
33,33.74,33.74.05,33.74.05.1006,33.74.05.1006,Jawa Tengah,Kota Semarang,Genuk,Gebangsari,2026-09-19T12:00:00,2026-09-20 13:00:00,2026-09-20 20:00:00,24-25,28,81,0.2,26,0.8,SW,255,NE,,,1,Cerah,Sunny,https://api-apps.bmkg.go.id/storage/icon/cuaca/cerah-pm.svg,2026-09-20T13:00:00Z
33,33.74,33.74.05,33.74.05.1006,33.74.05.1006,Jawa Tengah,Kota Semarang,Genuk,Gebangsari,2026-09-19T12:00:00,2026-09-20 16:00:00,2026-09-20 23:00:00,27-28,27,81,0,0,7,SE,142,NW,,,0,Cerah,Sunny,https://api-apps.bmkg.go.id/storage/icon/cuaca/cerah-pm.svg,2026-09-20T16:00:00Z
33,33.74,33.74.05,33.74.05.1006,33.74.05.1006,Jawa Tengah,Kota Semarang,Genuk,Gebangsari,2026-09-19T12:00:00,2026-09-20 19:00:00,2026-09-21 02:00:00,30-31,25,79,0,0,8.3,SE,147,NW,,,0,Cerah,Sunny,https://api-apps.bmkg.go.id/storage/icon/cuaca/cerah-pm.svg,2026-09-20T19:00:00Z
33,33.74,33.74.05,33.74.05.1006,33.74.05.1006,Jawa Tengah,Kota Semarang,Genuk,Gebangsari,2026-09-19T12:00:00,2026-09-20 22:00:00,2026-09-21 05:00:00,33-34,25,75,0,0,12.8,SE,144,NW,,,0,Cerah,Sunny,https://api-apps.bmkg.go.id/storage/icon/cuaca/cerah-pm.svg,2026-09-20T22:00:00Z
33,33.74,33.74.05,33.74.05.1006,33.74.05.1006,Jawa Tengah,Kota Semarang,Genuk,Gebangsari,2026-09-19T12:00:00,2026-09-21 01:00:00,2026-09-21 08:00:00,36-37,30,55,0,0,14.5,E,126,W,,,0,Cerah,Sunny,https://api-apps.bmkg.go.id/storage/icon/cuaca/cerah-am.svg,2026-09-21T01:00:00Z
33,33.74,33.74.05,33.74.05.1006,33.74.05.1006,Jawa Tengah,Kota Semarang,Genuk,Gebangsari,2026-09-19T12:00:00,2026-09-21 04:00:00,2026-09-21 11:00:00,39-40,35,44,0,29,11.7,E,120,W,,,1,Cerah,Sunny,https://api-apps.bmkg.go.id/storage/icon/cuaca/cerah-am.svg,2026-09-21T04:00:00Z
33,33.74,33.74.05,33.74.05.1006,33.74.05.1006,Jawa Tengah,Kota Semarang,Genuk,Gebangsari,2026-09-19T12:00:00,2026-09-21 07:00:00,2026-09-21 14:00:00,42-43,33,56,0.1,15,11.3,NW,316,SE,,,1,Cerah,Sunny,https://api-apps.bmkg.go.id/storage/icon/cuaca/cerah-am.svg,2026-09-21T07:00:00Z
33,33.74,33.74.05,33.74.05.1006,33.74.05.1006,Jawa Tengah,Kota Semarang,Genuk,Gebangsari,2026-09-19T12:00:00,2026-09-21 10:00:00,2026-09-21 17:00:00,45-46,30,69,0.2,4,3.7,NW,316,SE,,,0,Cerah,Sunny,https://api-apps.bmkg.go.id/storage/icon/cuaca/cerah-am.svg,2026-09-21T10:00:00Z
33,33.74,33.74.05,33.74.05.1006,33.74.05.1006,Jawa Tengah,Kota Semarang,Genuk,Gebangsari,2026-09-19T12:00:00,2026-09-21 13:00:00,2026-09-21 20:00:00,48-49,26,87,0.4,30,5.7,NE,74,SW,,,1,Cerah,Sunny,https://api-apps.bmkg.go.id/storage/icon/cuaca/cerah-pm.svg,2026-09-21T13:00:00Z
33,33.74,33.74.05,33.74.05.1006,33.74.05.1006,Jawa Tengah,Kota Semarang,Genuk,Gebangsari,2026-09-19T12:00:00,2026-09-21 16:00:00,2026-09-21 23:00:00,51-52,26,77,0,5,11.1,E,129,W,,,0,Cerah,Sunny,https://api-apps.bmkg.go.id/storage/icon/cuaca/cerah-pm.svg,2026-09-21T16:00:00Z
33,33.74,33.74.05,33.74.05.1007,33.74.05.1007,Jawa Tengah,Kota Semarang,Genuk,Trimulyo,2026-09-19T12:00:00,2026-09-19 16:00:00,2026-09-19 23:00:00,3-4,27,65,0,39,7.4,E,134,W,,,1,Cerah,Sunny,https://api-apps.bmkg.go.id/storage/icon/cuaca/cerah-pm.svg,2026-09-19T16:00:00Z
33,33.74,33.74.05,33.74.05.1007,33.74.05.1007,Jawa Tengah,Kota Semarang,Genuk,Trimulyo,2026-09-19T12:00:00,2026-09-19 19:00:00,2026-09-20 02:00:00,6-7,25,70,0,0,9.1,SE,135,NW,,,0,Cerah,Sunny,https://api-apps.bmkg.go.id/storage/icon/cuaca/cerah-pm.svg,2026-09-19T19:00:00Z
33,33.74,33.74.05,33.74.05.1007,33.74.05.1007,Jawa Tengah,Kota Semarang,Genuk,Trimulyo,2026-09-19T12:00:00,2026-09-19 22:00:00,2026-09-20 05:00:00,9-10,25,69,0,0,9.6,SE,142,NW,,,0,Cerah,Sunny,https://api-apps.bmkg.go.id/storage/icon/cuaca/cerah-pm.svg,2026-09-19T22:00:00Z
33,33.74,33.74.05,33.74.05.1007,33.74.05.1007,Jawa Tengah,Kota Semarang,Genuk,Trimulyo,2026-09-19T12:00:00,2026-09-20 01:00:00,2026-09-20 08:00:00,12-13,30,55,0,0,13.2,E,125,W,,,0,Cerah,Sunny,https://api-apps.bmkg.go.id/storage/icon/cuaca/cerah-am.svg,2026-09-20T01:00:00Z
33,33.74,33.74.05,33.74.05.1007,33.74.05.1007,Jawa Tengah,Kota Semarang,Genuk,Trimulyo,2026-09-19T12:00:00,2026-09-20 04:00:00,2026-09-20 11:00:00,15-16,34,48,0,1,12.1,E,108,W,,,0,Cerah,Sunny,https://api-apps.bmkg.go.id/storage/icon/cuaca/cerah-am.svg,2026-09-20T04:00:00Z
33,33.74,33.74.05,33.74.05.1007,33.74.05.1007,Jawa Tengah,Kota Semarang,Genuk,Trimulyo,2026-09-19T12:00:00,2026-09-20 07:00:00,2026-09-20 14:00:00,18-19,31,62,0.1,19,13.9,NW,324,SE,,,1,Cerah,Sunny,https://api-apps.bmkg.go.id/storage/icon/cuaca/cerah-am.svg,2026-09-20T07:00:00Z
33,33.74,33.74.05,33.74.05.1007,33.74.05.1007,Jawa Tengah,Kota Semarang,Genuk,Trimulyo,2026-09-19T12:00:00,2026-09-20 10:00:00,2026-09-20 17:00:00,21-22,29,78,0,5,4,W,284,E,,,0,Cerah,Sunny,https://api-apps.bmkg.go.id/storage/icon/cuaca/cerah-am.svg,2026-09-20T10:00:00Z
33,33.74,33.74.05,33.74.05.1007,33.74.05.1007,Jawa Tengah,Kota Semarang,Genuk,Trimulyo,2026-09-19T12:00:00,2026-09-20 13:00:00,2026-09-20 20:00:00,24-25,28,80,0.2,22,0.8,SW,255,NE,,,1,Cerah,Sunny,https://api-apps.bmkg.go.id/storage/icon/cuaca/cerah-pm.svg,2026-09-20T13:00:00Z
33,33.74,33.74.05,33.74.05.1007,33.74.05.1007,Jawa Tengah,Kota Semarang,Genuk,Trimulyo,2026-09-19T12:00:00,2026-09-20 16:00:00,2026-09-20 23:00:00,27-28,27,81,0,0,7,SE,142,NW,,,0,Cerah,Sunny,https://api-apps.bmkg.go.id/storage/icon/cuaca/cerah-pm.svg,2026-09-20T16:00:00Z
33,33.74,33.74.05,33.74.05.1007,33.74.05.1007,Jawa Tengah,Kota Semarang,Genuk,Trimulyo,2026-09-19T12:00:00,2026-09-20 19:00:00,2026-09-21 02:00:00,30-31,26,78,0,0,8.3,SE,147,NW,,,0,Cerah,Sunny,https://api-apps.bmkg.go.id/storage/icon/cuaca/cerah-pm.svg,2026-09-20T19:00:00Z
33,33.74,33.74.05,33.74.05.1007,33.74.05.1007,Jawa Tengah,Kota Semarang,Genuk,Trimulyo,2026-09-19T12:00:00,2026-09-20 22:00:00,2026-09-21 05:00:00,33-34,25,76,0,0,12.8,SE,144,NW,,,0,Cerah,Sunny,https://api-apps.bmkg.go.id/storage/icon/cuaca/cerah-pm.svg,2026-09-20T22:00:00Z
33,33.74,33.74.05,33.74.05.1007,33.74.05.1007,Jawa Tengah,Kota Semarang,Genuk,Trimulyo,2026-09-19T12:00:00,2026-09-21 01:00:00,2026-09-21 08:00:00,36-37,30,58,0,0,14.5,E,126,W,,,0,Cerah,Sunny,https://api-apps.bmkg.go.id/storage/icon/cuaca/cerah-am.svg,2026-09-21T01:00:00Z
33,33.74,33.74.05,33.74.05.1007,33.74.05.1007,Jawa Tengah,Kota Semarang,Genuk,Trimulyo,2026-09-19T12:00:00,2026-09-21 04:00:00,2026-09-21 11:00:00,39-40,34,48,0,26,11.7,E,120,W,,,1,Cerah,Sunny,https://api-apps.bmkg.go.id/storage/icon/cuaca/cerah-am.svg,2026-09-21T04:00:00Z
33,33.74,33.74.05,33.74.05.1007,33.74.05.1007,Jawa Tengah,Kota Semarang,Genuk,Trimulyo,2026-09-19T12:00:00,2026-09-21 07:00:00,2026-09-21 14:00:00,42-43,32,61,0.1,16,11.3,NW,316,SE,,,1,Cerah,Sunny,https://api-apps.bmkg.go.id/storage/icon/cuaca/cerah-am.svg,2026-09-21T07:00:00Z
33,33.74,33.74.05,33.74.05.1007,33.74.05.1007,Jawa Tengah,Kota Semarang,Genuk,Trimulyo,2026-09-19T12:00:00,2026-09-21 10:00:00,2026-09-21 17:00:00,45-46,30,69,0.2,6,3.7,NW,316,SE,,,0,Cerah,Sunny,https://api-apps.bmkg.go.id/storage/icon/cuaca/cerah-am.svg,2026-09-21T10:00:00Z
33,33.74,33.74.05,33.74.05.1007,33.74.05.1007,Jawa Tengah,Kota Semarang,Genuk,Trimulyo,2026-09-19T12:00:00,2026-09-21 13:00:00,2026-09-21 20:00:00,48-49,26,87,0.5,29,5.7,NE,74,SW,,,1,Cerah,Sunny,https://api-apps.bmkg.go.id/storage/icon/cuaca/cerah-pm.svg,2026-09-21T13:00:00Z
33,33.74,33.74.05,33.74.05.1007,33.74.05.1007,Jawa Tengah,Kota Semarang,Genuk,Trimulyo,2026-09-19T12:00:00,2026-09-21 16:00:00,2026-09-21 23:00:00,51-52,26,77,0,4,11.1,E,129,W,,,0,Cerah,Sunny,https://api-apps.bmkg.go.id/storage/icon/cuaca/cerah-pm.svg,2026-09-21T16:00:00Z
33,33.74,33.74.05,33.74.05.1008,33.74.05.1008,Jawa Tengah,Kota Semarang,Genuk,Penggaron Lor,2026-09-19T12:00:00,2026-09-19 16:00:00,2026-09-19 23:00:00,3-4,26,63,0,50,7.4,E,134,W,,,1,Cerah,Sunny,https://api-apps.bmkg.go.id/storage/icon/cuaca/cerah-pm.svg,2026-09-19T16:00:00Z
33,33.74,33.74.05,33.74.05.1008,33.74.05.1008,Jawa Tengah,Kota Semarang,Genuk,Penggaron Lor,2026-09-19T12:00:00,2026-09-19 19:00:00,2026-09-20 02:00:00,6-7,25,70,0,0,9.1,SE,135,NW,,,0,Cerah,Sunny,https://api-apps.bmkg.go.id/storage/icon/cuaca/cerah-pm.svg,2026-09-19T19:00:00Z
33,33.74,33.74.05,33.74.05.1008,33.74.05.1008,Jawa Tengah,Kota Semarang,Genuk,Penggaron Lor,2026-09-19T12:00:00,2026-09-19 22:00:00,2026-09-20 05:00:00,9-10,25,67,0,0,9.6,SE,142,NW,,,0,Cerah,Sunny,https://api-apps.bmkg.go.id/storage/icon/cuaca/cerah-pm.svg,2026-09-19T22:00:00Z
33,33.74,33.74.05,33.74.05.1008,33.74.05.1008,Jawa Tengah,Kota Semarang,Genuk,Penggaron Lor,2026-09-19T12:00:00,2026-09-20 01:00:00,2026-09-20 08:00:00,12-13,30,53,0,0,13.2,E,125,W,,,0,Cerah,Sunny,https://api-apps.bmkg.go.id/storage/icon/cuaca/cerah-am.svg,2026-09-20T01:00:00Z
33,33.74,33.74.05,33.74.05.1008,33.74.05.1008,Jawa Tengah,Kota Semarang,Genuk,Penggaron Lor,2026-09-19T12:00:00,2026-09-20 04:00:00,2026-09-20 11:00:00,15-16,35,44,0,1,12.1,E,108,W,,,0,Cerah,Sunny,https://api-apps.bmkg.go.id/storage/icon/cuaca/cerah-am.svg,2026-09-20T04:00:00Z
33,33.74,33.74.05,33.74.05.1008,33.74.05.1008,Jawa Tengah,Kota Semarang,Genuk,Penggaron Lor,2026-09-19T12:00:00,2026-09-20 07:00:00,2026-09-20 14:00:00,18-19,33,54,0.1,24,13.9,NW,324,SE,,,1,Cerah,Sunny,https://api-apps.bmkg.go.id/storage/icon/cuaca/cerah-am.svg,2026-09-20T07:00:00Z
33,33.74,33.74.05,33.74.05.1008,33.74.05.1008,Jawa Tengah,Kota Semarang,Genuk,Penggaron Lor,2026-09-19T12:00:00,2026-09-20 10:00:00,2026-09-20 17:00:00,21-22,29,77,0,4,4,W,284,E,,,0,Cerah,Sunny,https://api-apps.bmkg.go.id/storage/icon/cuaca/cerah-am.svg,2026-09-20T10:00:00Z
33,33.74,33.74.05,33.74.05.1008,33.74.05.1008,Jawa Tengah,Kota Semarang,Genuk,Penggaron Lor,2026-09-19T12:00:00,2026-09-20 13:00:00,2026-09-20 20:00:00,24-25,28,83,0.2,34,0.8,SW,255,NE,,,1,Cerah,Sunny,https://api-apps.bmkg.go.id/storage/icon/cuaca/cerah-pm.svg,2026-09-20T13:00:00Z
33,33.74,33.74.05,33.74.05.1008,33.74.05.1008,Jawa Tengah,Kota Semarang,Genuk,Penggaron Lor,2026-09-19T12:00:00,2026-09-20 16:00:00,2026-09-20 23:00:00,27-28,27,81,0,0,7,SE,142,NW,,,0,Cerah,Sunny,https://api-apps.bmkg.go.id/storage/icon/cuaca/cerah-pm.svg,2026-09-20T16:00:00Z
33,33.74,33.74.05,33.74.05.1008,33.74.05.1008,Jawa Tengah,Kota Semarang,Genuk,Penggaron Lor,2026-09-19T12:00:00,2026-09-20 19:00:00,2026-09-21 02:00:00,30-31,25,79,0,0,8.3,SE,147,NW,,,0,Cerah,Sunny,https://api-apps.bmkg.go.id/storage/icon/cuaca/cerah-pm.svg,2026-09-20T19:00:00Z
33,33.74,33.74.05,33.74.05.1008,33.74.05.1008,Jawa Tengah,Kota Semarang,Genuk,Penggaron Lor,2026-09-19T12:00:00,2026-09-20 22:00:00,2026-09-21 05:00:00,33-34,25,75,0,0,12.8,SE,144,NW,,,0,Cerah,Sunny,https://api-apps.bmkg.go.id/storage/icon/cuaca/cerah-pm.svg,2026-09-20T22:00:00Z
33,33.74,33.74.05,33.74.05.1008,33.74.05.1008,Jawa Tengah,Kota Semarang,Genuk,Penggaron Lor,2026-09-19T12:00:00,2026-09-21 01:00:00,2026-09-21 08:00:00,36-37,30,55,0,0,14.5,E,126,W,,,0,Cerah,Sunny,https://api-apps.bmkg.go.id/storage/icon/cuaca/cerah-am.svg,2026-09-21T01:00:00Z
33,33.74,33.74.05,33.74.05.1008,33.74.05.1008,Jawa Tengah,Kota Semarang,Genuk,Penggaron Lor,2026-09-19T12:00:00,2026-09-21 04:00:00,2026-09-21 11:00:00,39-40,35,43,0,29,11.7,E,120,W,,,1,Cerah,Sunny,https://api-apps.bmkg.go.id/storage/icon/cuaca/cerah-am.svg,2026-09-21T04:00:00Z
33,33.74,33.74.05,33.74.05.1008,33.74.05.1008,Jawa Tengah,Kota Semarang,Genuk,Penggaron Lor,2026-09-19T12:00:00,2026-09-21 07:00:00,2026-09-21 14:00:00,42-43,33,53,0.1,14,11.3,NW,316,SE,,,1,Cerah,Sunny,https://api-apps.bmkg.go.id/storage/icon/cuaca/cerah-am.svg,2026-09-21T07:00:00Z
33,33.74,33.74.05,33.74.05.1008,33.74.05.1008,Jawa Tengah,Kota Semarang,Genuk,Penggaron Lor,2026-09-19T12:00:00,2026-09-21 10:00:00,2026-09-21 17:00:00,45-46,30,67,0.2,1,3.7,NW,316,SE,,,0,Cerah,Sunny,https://api-apps.bmkg.go.id/storage/icon/cuaca/cerah-am.svg,2026-09-21T10:00:00Z
33,33.74,33.74.05,33.74.05.1008,33.74.05.1008,Jawa Tengah,Kota Semarang,Genuk,Penggaron Lor,2026-09-19T12:00:00,2026-09-21 13:00:00,2026-09-21 20:00:00,48-49,26,89,0.6,30,5.7,NE,74,SW,,,1,Cerah,Sunny,https://api-apps.bmkg.go.id/storage/icon/cuaca/cerah-pm.svg,2026-09-21T13:00:00Z
33,33.74,33.74.05,33.74.05.1008,33.74.05.1008,Jawa Tengah,Kota Semarang,Genuk,Penggaron Lor,2026-09-19T12:00:00,2026-09-21 16:00:00,2026-09-21 23:00:00,51-52,26,77,0,4,11.1,E,129,W,,,0,Cerah,Sunny,https://api-apps.bmkg.go.id/storage/icon/cuaca/cerah-pm.svg,2026-09-21T16:00:00Z
33,33.74,33.74.05,33.74.05.1009,33.74.05.1009,Jawa Tengah,Kota Semarang,Genuk,Muktiharjo Lor,2026-09-19T12:00:00,2026-09-19 16:00:00,2026-09-19 23:00:00,3-4,27,67,0,34,7.4,E,134,W,,,1,Cerah,Sunny,https://api-apps.bmkg.go.id/storage/icon/cuaca/cerah-pm.svg,2026-09-19T16:00:00Z
33,33.74,33.74.05,33.74.05.1009,33.74.05.1009,Jawa Tengah,Kota Semarang,Genuk,Muktiharjo Lor,2026-09-19T12:00:00,2026-09-19 19:00:00,2026-09-20 02:00:00,6-7,26,71,0,0,9.1,SE,135,NW,,,0,Cerah,Sunny,https://api-apps.bmkg.go.id/storage/icon/cuaca/cerah-pm.svg,2026-09-19T19:00:00Z
33,33.74,33.74.05,33.74.05.1009,33.74.05.1009,Jawa Tengah,Kota Semarang,Genuk,Muktiharjo Lor,2026-09-19T12:00:00,2026-09-19 22:00:00,2026-09-20 05:00:00,9-10,25,69,0,0,9.6,SE,142,NW,,,0,Cerah,Sunny,https://api-apps.bmkg.go.id/storage/icon/cuaca/cerah-pm.svg,2026-09-19T22:00:00Z
33,33.74,33.74.05,33.74.05.1009,33.74.05.1009,Jawa Tengah,Kota Semarang,Genuk,Muktiharjo Lor,2026-09-19T12:00:00,2026-09-20 01:00:00,2026-09-20 08:00:00,12-13,30,55,0,0,13.2,E,125,W,,,0,Cerah,Sunny,https://api-apps.bmkg.go.id/storage/icon/cuaca/cerah-am.svg,2026-09-20T01:00:00Z
33,33.74,33.74.05,33.74.05.1009,33.74.05.1009,Jawa Tengah,Kota Semarang,Genuk,Muktiharjo Lor,2026-09-19T12:00:00,2026-09-20 04:00:00,2026-09-20 11:00:00,15-16,33,49,0,2,12.1,E,108,W,,,0,Cerah,Sunny,https://api-apps.bmkg.go.id/storage/icon/cuaca/cerah-am.svg,2026-09-20T04:00:00Z
33,33.74,33.74.05,33.74.05.1009,33.74.05.1009,Jawa Tengah,Kota Semarang,Genuk,Muktiharjo Lor,2026-09-19T12:00:00,2026-09-20 07:00:00,2026-09-20 14:00:00,18-19,31,64,0.1,17,13.9,NW,324,SE,,,1,Cerah,Sunny,https://api-apps.bmkg.go.id/storage/icon/cuaca/cerah-am.svg,2026-09-20T07:00:00Z
33,33.74,33.74.05,33.74.05.1009,33.74.05.1009,Jawa Tengah,Kota Semarang,Genuk,Muktiharjo Lor,2026-09-19T12:00:00,2026-09-20 10:00:00,2026-09-20 17:00:00,21-22,29,78,0,5,4,W,284,E,,,0,Cerah,Sunny,https://api-apps.bmkg.go.id/storage/icon/cuaca/cerah-am.svg,2026-09-20T10:00:00Z
33,33.74,33.74.05,33.74.05.1009,33.74.05.1009,Jawa Tengah,Kota Semarang,Genuk,Muktiharjo Lor,2026-09-19T12:00:00,2026-09-20 13:00:00,2026-09-20 20:00:00,24-25,28,79,0.2,14,0.8,SW,255,NE,,,1,Cerah,Sunny,https://api-apps.bmkg.go.id/storage/icon/cuaca/cerah-pm.svg,2026-09-20T13:00:00Z
33,33.74,33.74.05,33.74.05.1009,33.74.05.1009,Jawa Tengah,Kota Semarang,Genuk,Muktiharjo Lor,2026-09-19T12:00:00,2026-09-20 16:00:00,2026-09-20 23:00:00,27-28,27,81,0,0,7,SE,142,NW,,,0,Cerah,Sunny,https://api-apps.bmkg.go.id/storage/icon/cuaca/cerah-pm.svg,2026-09-20T16:00:00Z
33,33.74,33.74.05,33.74.05.1009,33.74.05.1009,Jawa Tengah,Kota Semarang,Genuk,Muktiharjo Lor,2026-09-19T12:00:00,2026-09-20 19:00:00,2026-09-21 02:00:00,30-31,26,78,0,0,8.3,SE,147,NW,,,0,Cerah,Sunny,https://api-apps.bmkg.go.id/storage/icon/cuaca/cerah-pm.svg,2026-09-20T19:00:00Z
33,33.74,33.74.05,33.74.05.1009,33.74.05.1009,Jawa Tengah,Kota Semarang,Genuk,Muktiharjo Lor,2026-09-19T12:00:00,2026-09-20 22:00:00,2026-09-21 05:00:00,33-34,25,75,0,0,12.8,SE,144,NW,,,0,Cerah,Sunny,https://api-apps.bmkg.go.id/storage/icon/cuaca/cerah-pm.svg,2026-09-20T22:00:00Z
33,33.74,33.74.05,33.74.05.1009,33.74.05.1009,Jawa Tengah,Kota Semarang,Genuk,Muktiharjo Lor,2026-09-19T12:00:00,2026-09-21 01:00:00,2026-09-21 08:00:00,36-37,30,58,0,0,14.5,E,126,W,,,0,Cerah,Sunny,https://api-apps.bmkg.go.id/storage/icon/cuaca/cerah-am.svg,2026-09-21T01:00:00Z
33,33.74,33.74.05,33.74.05.1009,33.74.05.1009,Jawa Tengah,Kota Semarang,Genuk,Muktiharjo Lor,2026-09-19T12:00:00,2026-09-21 04:00:00,2026-09-21 11:00:00,39-40,34,48,0,27,11.7,E,120,W,,,1,Cerah,Sunny,https://api-apps.bmkg.go.id/storage/icon/cuaca/cerah-am.svg,2026-09-21T04:00:00Z
33,33.74,33.74.05,33.74.05.1009,33.74.05.1009,Jawa Tengah,Kota Semarang,Genuk,Muktiharjo Lor,2026-09-19T12:00:00,2026-09-21 07:00:00,2026-09-21 14:00:00,42-43,31,64,0,17,11.3,NW,316,SE,,,1,Cerah,Sunny,https://api-apps.bmkg.go.id/storage/icon/cuaca/cerah-am.svg,2026-09-21T07:00:00Z
33,33.74,33.74.05,33.74.05.1009,33.74.05.1009,Jawa Tengah,Kota Semarang,Genuk,Muktiharjo Lor,2026-09-19T12:00:00,2026-09-21 10:00:00,2026-09-21 17:00:00,45-46,30,70,0.1,8,3.7,NW,316,SE,,,0,Cerah,Sunny,https://api-apps.bmkg.go.id/storage/icon/cuaca/cerah-am.svg,2026-09-21T10:00:00Z
33,33.74,33.74.05,33.74.05.1009,33.74.05.1009,Jawa Tengah,Kota Semarang,Genuk,Muktiharjo Lor,2026-09-19T12:00:00,2026-09-21 13:00:00,2026-09-21 20:00:00,48-49,26,85,0.4,30,5.7,NE,74,SW,,,1,Cerah,Sunny,https://api-apps.bmkg.go.id/storage/icon/cuaca/cerah-pm.svg,2026-09-21T13:00:00Z
33,33.74,33.74.05,33.74.05.1009,33.74.05.1009,Jawa Tengah,Kota Semarang,Genuk,Muktiharjo Lor,2026-09-19T12:00:00,2026-09-21 16:00:00,2026-09-21 23:00:00,51-52,26,77,0,5,11.1,E,129,W,,,0,Cerah,Sunny,https://api-apps.bmkg.go.id/storage/icon/cuaca/cerah-pm.svg,2026-09-21T16:00:00Z
33,33.74,33.74.05,33.74.05.1010,33.74.05.1010,Jawa Tengah,Kota Semarang,Genuk,Bangetayu Kulon,2026-09-19T12:00:00,2026-09-19 16:00:00,2026-09-19 23:00:00,3-4,26,66,0,44,7.4,E,134,W,,,1,Cerah,Sunny,https://api-apps.bmkg.go.id/storage/icon/cuaca/cerah-pm.svg,2026-09-19T16:00:00Z
33,33.74,33.74.05,33.74.05.1010,33.74.05.1010,Jawa Tengah,Kota Semarang,Genuk,Bangetayu Kulon,2026-09-19T12:00:00,2026-09-19 19:00:00,2026-09-20 02:00:00,6-7,25,71,0,0,9.1,SE,135,NW,,,0,Cerah,Sunny,https://api-apps.bmkg.go.id/storage/icon/cuaca/cerah-pm.svg,2026-09-19T19:00:00Z
33,33.74,33.74.05,33.74.05.1010,33.74.05.1010,Jawa Tengah,Kota Semarang,Genuk,Bangetayu Kulon,2026-09-19T12:00:00,2026-09-19 22:00:00,2026-09-20 05:00:00,9-10,25,68,0,0,9.6,SE,142,NW,,,0,Cerah,Sunny,https://api-apps.bmkg.go.id/storage/icon/cuaca/cerah-pm.svg,2026-09-19T22:00:00Z
33,33.74,33.74.05,33.74.05.1010,33.74.05.1010,Jawa Tengah,Kota Semarang,Genuk,Bangetayu Kulon,2026-09-19T12:00:00,2026-09-20 01:00:00,2026-09-20 08:00:00,12-13,30,53,0,0,13.2,E,125,W,,,0,Cerah,Sunny,https://api-apps.bmkg.go.id/storage/icon/cuaca/cerah-am.svg,2026-09-20T01:00:00Z
33,33.74,33.74.05,33.74.05.1010,33.74.05.1010,Jawa Tengah,Kota Semarang,Genuk,Bangetayu Kulon,2026-09-19T12:00:00,2026-09-20 04:00:00,2026-09-20 11:00:00,15-16,34,44,0,2,12.1,E,108,W,,,0,Cerah,Sunny,https://api-apps.bmkg.go.id/storage/icon/cuaca/cerah-am.svg,2026-09-20T04:00:00Z
33,33.74,33.74.05,33.74.05.1010,33.74.05.1010,Jawa Tengah,Kota Semarang,Genuk,Bangetayu Kulon,2026-09-19T12:00:00,2026-09-20 07:00:00,2026-09-20 14:00:00,18-19,32,56,0.1,22,13.9,NW,324,SE,,,1,Cerah,Sunny,https://api-apps.bmkg.go.id/storage/icon/cuaca/cerah-am.svg,2026-09-20T07:00:00Z
33,33.74,33.74.05,33.74.05.1010,33.74.05.1010,Jawa Tengah,Kota Semarang,Genuk,Bangetayu Kulon,2026-09-19T12:00:00,2026-09-20 10:00:00,2026-09-20 17:00:00,21-22,29,78,0,5,4,W,284,E,,,0,Cerah,Sunny,https://api-apps.bmkg.go.id/storage/icon/cuaca/cerah-am.svg,2026-09-20T10:00:00Z
33,33.74,33.74.05,33.74.05.1010,33.74.05.1010,Jawa Tengah,Kota Semarang,Genuk,Bangetayu Kulon,2026-09-19T12:00:00,2026-09-20 13:00:00,2026-09-20 20:00:00,24-25,28,81,0.2,26,0.8,SW,255,NE,,,1,Cerah,Sunny,https://api-apps.bmkg.go.id/storage/icon/cuaca/cerah-pm.svg,2026-09-20T13:00:00Z
33,33.74,33.74.05,33.74.05.1010,33.74.05.1010,Jawa Tengah,Kota Semarang,Genuk,Bangetayu Kulon,2026-09-19T12:00:00,2026-09-20 16:00:00,2026-09-20 23:00:00,27-28,27,81,0,0,7,SE,142,NW,,,0,Cerah,Sunny,https://api-apps.bmkg.go.id/storage/icon/cuaca/cerah-pm.svg,2026-09-20T16:00:00Z
33,33.74,33.74.05,33.74.05.1010,33.74.05.1010,Jawa Tengah,Kota Semarang,Genuk,Bangetayu Kulon,2026-09-19T12:00:00,2026-09-20 19:00:00,2026-09-21 02:00:00,30-31,25,79,0,0,8.3,SE,147,NW,,,0,Cerah,Sunny,https://api-apps.bmkg.go.id/storage/icon/cuaca/cerah-pm.svg,2026-09-20T19:00:00Z
33,33.74,33.74.05,33.74.05.1010,33.74.05.1010,Jawa Tengah,Kota Semarang,Genuk,Bangetayu Kulon,2026-09-19T12:00:00,2026-09-20 22:00:00,2026-09-21 05:00:00,33-34,25,75,0,0,12.8,SE,144,NW,,,0,Cerah,Sunny,https://api-apps.bmkg.go.id/storage/icon/cuaca/cerah-pm.svg,2026-09-20T22:00:00Z
33,33.74,33.74.05,33.74.05.1010,33.74.05.1010,Jawa Tengah,Kota Semarang,Genuk,Bangetayu Kulon,2026-09-19T12:00:00,2026-09-21 01:00:00,2026-09-21 08:00:00,36-37,30,55,0,0,14.5,E,126,W,,,0,Cerah,Sunny,https://api-apps.bmkg.go.id/storage/icon/cuaca/cerah-am.svg,2026-09-21T01:00:00Z
33,33.74,33.74.05,33.74.05.1010,33.74.05.1010,Jawa Tengah,Kota Semarang,Genuk,Bangetayu Kulon,2026-09-19T12:00:00,2026-09-21 04:00:00,2026-09-21 11:00:00,39-40,35,44,0,29,11.7,E,120,W,,,1,Cerah,Sunny,https://api-apps.bmkg.go.id/storage/icon/cuaca/cerah-am.svg,2026-09-21T04:00:00Z
33,33.74,33.74.05,33.74.05.1010,33.74.05.1010,Jawa Tengah,Kota Semarang,Genuk,Bangetayu Kulon,2026-09-19T12:00:00,2026-09-21 07:00:00,2026-09-21 14:00:00,42-43,33,56,0.1,15,11.3,NW,316,SE,,,1,Cerah,Sunny,https://api-apps.bmkg.go.id/storage/icon/cuaca/cerah-am.svg,2026-09-21T07:00:00Z
33,33.74,33.74.05,33.74.05.1010,33.74.05.1010,Jawa Tengah,Kota Semarang,Genuk,Bangetayu Kulon,2026-09-19T12:00:00,2026-09-21 10:00:00,2026-09-21 17:00:00,45-46,30,69,0.2,4,3.7,NW,316,SE,,,0,Cerah,Sunny,https://api-apps.bmkg.go.id/storage/icon/cuaca/cerah-am.svg,2026-09-21T10:00:00Z
33,33.74,33.74.05,33.74.05.1010,33.74.05.1010,Jawa Tengah,Kota Semarang,Genuk,Bangetayu Kulon,2026-09-19T12:00:00,2026-09-21 13:00:00,2026-09-21 20:00:00,48-49,26,87,0.4,30,5.7,NE,74,SW,,,1,Cerah,Sunny,https://api-apps.bmkg.go.id/storage/icon/cuaca/cerah-pm.svg,2026-09-21T13:00:00Z
33,33.74,33.74.05,33.74.05.1010,33.74.05.1010,Jawa Tengah,Kota Semarang,Genuk,Bangetayu Kulon,2026-09-19T12:00:00,2026-09-21 16:00:00,2026-09-21 23:00:00,51-52,26,77,0,5,11.1,E,129,W,,,0,Cerah,Sunny,https://api-apps.bmkg.go.id/storage/icon/cuaca/cerah-pm.svg,2026-09-21T16:00:00Z
33,33.74,33.74.05,33.74.05.1011,33.74.05.1011,Jawa Tengah,Kota Semarang,Genuk,Bangetayu Wetan,2026-09-19T12:00:00,2026-09-19 15:00:00,2026-09-19 22:00:00,2-3,27,68,0,4,8.9,E,106,W,,,0,Cerah,Sunny,https://api-apps.bmkg.go.id/storage/icon/cuaca/cerah-pm.svg,2026-09-19T15:00:00Z
33,33.74,33.74.05,33.74.05.1011,33.74.05.1011,Jawa Tengah,Kota Semarang,Genuk,Bangetayu Wetan,2026-09-19T12:00:00,2026-09-19 18:00:00,2026-09-20 01:00:00,5-6,25,71,0,0,7.4,E,134,W,,,0,Cerah,Sunny,https://api-apps.bmkg.go.id/storage/icon/cuaca/cerah-pm.svg,2026-09-19T18:00:00Z
33,33.74,33.74.05,33.74.05.1011,33.74.05.1011,Jawa Tengah,Kota Semarang,Genuk,Bangetayu Wetan,2026-09-19T12:00:00,2026-09-19 21:00:00,2026-09-20 04:00:00,8-9,25,71,0,0,9.1,SE,135,NW,,,0,Cerah,Sunny,https://api-apps.bmkg.go.id/storage/icon/cuaca/cerah-pm.svg,2026-09-19T21:00:00Z
33,33.74,33.74.05,33.74.05.1011,33.74.05.1011,Jawa Tengah,Kota Semarang,Genuk,Bangetayu Wetan,2026-09-19T12:00:00,2026-09-20 00:00:00,2026-09-20 07:00:00,11-12,29,55,0,4,9.6,SE,142,NW,,,0,Cerah,Sunny,https://api-apps.bmkg.go.id/storage/icon/cuaca/cerah-am.svg,2026-09-20T00:00:00Z
33,33.74,33.74.05,33.74.05.1011,33.74.05.1011,Jawa Tengah,Kota Semarang,Genuk,Bangetayu Wetan,2026-09-19T12:00:00,2026-09-20 03:00:00,2026-09-20 10:00:00,14-15,33,47,0,0,13.2,E,125,W,,,0,Cerah,Sunny,https://api-apps.bmkg.go.id/storage/icon/cuaca/cerah-am.svg,2026-09-20T03:00:00Z
33,33.74,33.74.05,33.74.05.1011,33.74.05.1011,Jawa Tengah,Kota Semarang,Genuk,Bangetayu Wetan,2026-09-19T12:00:00,2026-09-20 06:00:00,2026-09-20 13:00:00,17-18,34,46,0.1,3,12.1,E,108,W,,,0,Cerah,Sunny,https://api-apps.bmkg.go.id/storage/icon/cuaca/cerah-am.svg,2026-09-20T06:00:00Z
33,33.74,33.74.05,33.74.05.1011,33.74.05.1011,Jawa Tengah,Kota Semarang,Genuk,Bangetayu Wetan,2026-09-19T12:00:00,2026-09-20 09:00:00,2026-09-20 16:00:00,20-21,29,74,0,11,13.9,NW,324,SE,,,1,Cerah,Sunny,https://api-apps.bmkg.go.id/storage/icon/cuaca/cerah-am.svg,2026-09-20T09:00:00Z
33,33.74,33.74.05,33.74.05.1011,33.74.05.1011,Jawa Tengah,Kota Semarang,Genuk,Bangetayu Wetan,2026-09-19T12:00:00,2026-09-20 12:00:00,2026-09-20 19:00:00,23-24,28,78,0.2,31,4,W,284,E,,,1,Cerah,Sunny,https://api-apps.bmkg.go.id/storage/icon/cuaca/cerah-pm.svg,2026-09-20T12:00:00Z
33,33.74,33.74.05,33.74.05.1011,33.74.05.1011,Jawa Tengah,Kota Semarang,Genuk,Bangetayu Wetan,2026-09-19T12:00:00,2026-09-20 15:00:00,2026-09-20 22:00:00,26-27,27,84,0,0,0.8,SW,255,NE,,,0,Cerah,Sunny,https://api-apps.bmkg.go.id/storage/icon/cuaca/cerah-pm.svg,2026-09-20T15:00:00Z
33,33.74,33.74.05,33.74.05.1011,33.74.05.1011,Jawa Tengah,Kota Semarang,Genuk,Bangetayu Wetan,2026-09-19T12:00:00,2026-09-20 18:00:00,2026-09-21 01:00:00,29-30,26,79,0,0,7,SE,142,NW,,,0,Cerah,Sunny,https://api-apps.bmkg.go.id/storage/icon/cuaca/cerah-pm.svg,2026-09-20T18:00:00Z
33,33.74,33.74.05,33.74.05.1011,33.74.05.1011,Jawa Tengah,Kota Semarang,Genuk,Bangetayu Wetan,2026-09-19T12:00:00,2026-09-20 21:00:00,2026-09-21 04:00:00,32-33,25,77,0,1,8.3,SE,147,NW,,,0,Cerah,Sunny,https://api-apps.bmkg.go.id/storage/icon/cuaca/cerah-pm.svg,2026-09-20T21:00:00Z
33,33.74,33.74.05,33.74.05.1011,33.74.05.1011,Jawa Tengah,Kota Semarang,Genuk,Bangetayu Wetan,2026-09-19T12:00:00,2026-09-21 00:00:00,2026-09-21 07:00:00,35-36,29,60,0,0,12.8,SE,144,NW,,,0,Cerah,Sunny,https://api-apps.bmkg.go.id/storage/icon/cuaca/cerah-am.svg,2026-09-21T00:00:00Z
33,33.74,33.74.05,33.74.05.1011,33.74.05.1011,Jawa Tengah,Kota Semarang,Genuk,Bangetayu Wetan,2026-09-19T12:00:00,2026-09-21 03:00:00,2026-09-21 10:00:00,38-39,33,45,0,0,14.5,E,126,W,,,0,Cerah,Sunny,https://api-apps.bmkg.go.id/storage/icon/cuaca/cerah-am.svg,2026-09-21T03:00:00Z
33,33.74,33.74.05,33.74.05.1011,33.74.05.1011,Jawa Tengah,Kota Semarang,Genuk,Bangetayu Wetan,2026-09-19T12:00:00,2026-09-21 06:00:00,2026-09-21 13:00:00,41-42,34,48,0.1,15,11.7,E,120,W,,,1,Cerah,Sunny,https://api-apps.bmkg.go.id/storage/icon/cuaca/cerah-am.svg,2026-09-21T06:00:00Z
33,33.74,33.74.05,33.74.05.1011,33.74.05.1011,Jawa Tengah,Kota Semarang,Genuk,Bangetayu Wetan,2026-09-19T12:00:00,2026-09-21 09:00:00,2026-09-21 16:00:00,44-45,30,66,0.2,7,11.3,NW,316,SE,,,0,Cerah,Sunny,https://api-apps.bmkg.go.id/storage/icon/cuaca/cerah-am.svg,2026-09-21T09:00:00Z
33,33.74,33.74.05,33.74.05.1011,33.74.05.1011,Jawa Tengah,Kota Semarang,Genuk,Bangetayu Wetan,2026-09-19T12:00:00,2026-09-21 12:00:00,2026-09-21 19:00:00,47-48,27,81,0.4,71,3.7,NW,316,SE,,,2,Cerah Berawan,Partly Cloudy,https://api-apps.bmkg.go.id/storage/icon/cuaca/cerah berawan-pm.svg,2026-09-21T12:00:00Z
33,33.74,33.74.05,33.74.05.1011,33.74.05.1011,Jawa Tengah,Kota Semarang,Genuk,Bangetayu Wetan,2026-09-19T12:00:00,2026-09-21 15:00:00,2026-09-21 22:00:00,50-51,27,84,0,6,5.7,NE,74,SW,,,0,Cerah,Sunny,https://api-apps.bmkg.go.id/storage/icon/cuaca/cerah-pm.svg,2026-09-21T15:00:00Z
33,33.74,33.74.05,33.74.05.1012,33.74.05.1012,Jawa Tengah,Kota Semarang,Genuk,Terboyo Kulon,2026-09-19T12:00:00,2026-09-19 16:00:00,2026-09-19 23:00:00,3-4,27,67,0,34,7.4,E,134,W,,,1,Cerah,Sunny,https://api-apps.bmkg.go.id/storage/icon/cuaca/cerah-pm.svg,2026-09-19T16:00:00Z
33,33.74,33.74.05,33.74.05.1012,33.74.05.1012,Jawa Tengah,Kota Semarang,Genuk,Terboyo Kulon,2026-09-19T12:00:00,2026-09-19 19:00:00,2026-09-20 02:00:00,6-7,26,71,0,0,9.1,SE,135,NW,,,0,Cerah,Sunny,https://api-apps.bmkg.go.id/storage/icon/cuaca/cerah-pm.svg,2026-09-19T19:00:00Z
33,33.74,33.74.05,33.74.05.1012,33.74.05.1012,Jawa Tengah,Kota Semarang,Genuk,Terboyo Kulon,2026-09-19T12:00:00,2026-09-19 22:00:00,2026-09-20 05:00:00,9-10,25,69,0,0,9.6,SE,142,NW,,,0,Cerah,Sunny,https://api-apps.bmkg.go.id/storage/icon/cuaca/cerah-pm.svg,2026-09-19T22:00:00Z
33,33.74,33.74.05,33.74.05.1012,33.74.05.1012,Jawa Tengah,Kota Semarang,Genuk,Terboyo Kulon,2026-09-19T12:00:00,2026-09-20 01:00:00,2026-09-20 08:00:00,12-13,30,55,0,0,13.2,E,125,W,,,0,Cerah,Sunny,https://api-apps.bmkg.go.id/storage/icon/cuaca/cerah-am.svg,2026-09-20T01:00:00Z
33,33.74,33.74.05,33.74.05.1012,33.74.05.1012,Jawa Tengah,Kota Semarang,Genuk,Terboyo Kulon,2026-09-19T12:00:00,2026-09-20 04:00:00,2026-09-20 11:00:00,15-16,33,49,0,2,12.1,E,108,W,,,0,Cerah,Sunny,https://api-apps.bmkg.go.id/storage/icon/cuaca/cerah-am.svg,2026-09-20T04:00:00Z
33,33.74,33.74.05,33.74.05.1012,33.74.05.1012,Jawa Tengah,Kota Semarang,Genuk,Terboyo Kulon,2026-09-19T12:00:00,2026-09-20 07:00:00,2026-09-20 14:00:00,18-19,31,64,0.1,17,13.9,NW,324,SE,,,1,Cerah,Sunny,https://api-apps.bmkg.go.id/storage/icon/cuaca/cerah-am.svg,2026-09-20T07:00:00Z
33,33.74,33.74.05,33.74.05.1012,33.74.05.1012,Jawa Tengah,Kota Semarang,Genuk,Terboyo Kulon,2026-09-19T12:00:00,2026-09-20 10:00:00,2026-09-20 17:00:00,21-22,29,78,0,5,4,W,284,E,,,0,Cerah,Sunny,https://api-apps.bmkg.go.id/storage/icon/cuaca/cerah-am.svg,2026-09-20T10:00:00Z
33,33.74,33.74.05,33.74.05.1012,33.74.05.1012,Jawa Tengah,Kota Semarang,Genuk,Terboyo Kulon,2026-09-19T12:00:00,2026-09-20 13:00:00,2026-09-20 20:00:00,24-25,28,79,0.2,14,0.8,SW,255,NE,,,1,Cerah,Sunny,https://api-apps.bmkg.go.id/storage/icon/cuaca/cerah-pm.svg,2026-09-20T13:00:00Z
33,33.74,33.74.05,33.74.05.1012,33.74.05.1012,Jawa Tengah,Kota Semarang,Genuk,Terboyo Kulon,2026-09-19T12:00:00,2026-09-20 16:00:00,2026-09-20 23:00:00,27-28,27,81,0,0,7,SE,142,NW,,,0,Cerah,Sunny,https://api-apps.bmkg.go.id/storage/icon/cuaca/cerah-pm.svg,2026-09-20T16:00:00Z
33,33.74,33.74.05,33.74.05.1012,33.74.05.1012,Jawa Tengah,Kota Semarang,Genuk,Terboyo Kulon,2026-09-19T12:00:00,2026-09-20 19:00:00,2026-09-21 02:00:00,30-31,26,78,0,0,8.3,SE,147,NW,,,0,Cerah,Sunny,https://api-apps.bmkg.go.id/storage/icon/cuaca/cerah-pm.svg,2026-09-20T19:00:00Z
33,33.74,33.74.05,33.74.05.1012,33.74.05.1012,Jawa Tengah,Kota Semarang,Genuk,Terboyo Kulon,2026-09-19T12:00:00,2026-09-20 22:00:00,2026-09-21 05:00:00,33-34,25,75,0,0,12.8,SE,144,NW,,,0,Cerah,Sunny,https://api-apps.bmkg.go.id/storage/icon/cuaca/cerah-pm.svg,2026-09-20T22:00:00Z
33,33.74,33.74.05,33.74.05.1012,33.74.05.1012,Jawa Tengah,Kota Semarang,Genuk,Terboyo Kulon,2026-09-19T12:00:00,2026-09-21 01:00:00,2026-09-21 08:00:00,36-37,30,58,0,0,14.5,E,126,W,,,0,Cerah,Sunny,https://api-apps.bmkg.go.id/storage/icon/cuaca/cerah-am.svg,2026-09-21T01:00:00Z
33,33.74,33.74.05,33.74.05.1012,33.74.05.1012,Jawa Tengah,Kota Semarang,Genuk,Terboyo Kulon,2026-09-19T12:00:00,2026-09-21 04:00:00,2026-09-21 11:00:00,39-40,34,48,0,27,11.7,E,120,W,,,1,Cerah,Sunny,https://api-apps.bmkg.go.id/storage/icon/cuaca/cerah-am.svg,2026-09-21T04:00:00Z
33,33.74,33.74.05,33.74.05.1012,33.74.05.1012,Jawa Tengah,Kota Semarang,Genuk,Terboyo Kulon,2026-09-19T12:00:00,2026-09-21 07:00:00,2026-09-21 14:00:00,42-43,31,64,0,17,11.3,NW,316,SE,,,1,Cerah,Sunny,https://api-apps.bmkg.go.id/storage/icon/cuaca/cerah-am.svg,2026-09-21T07:00:00Z
33,33.74,33.74.05,33.74.05.1012,33.74.05.1012,Jawa Tengah,Kota Semarang,Genuk,Terboyo Kulon,2026-09-19T12:00:00,2026-09-21 10:00:00,2026-09-21 17:00:00,45-46,30,70,0.1,8,3.7,NW,316,SE,,,0,Cerah,Sunny,https://api-apps.bmkg.go.id/storage/icon/cuaca/cerah-am.svg,2026-09-21T10:00:00Z
33,33.74,33.74.05,33.74.05.1012,33.74.05.1012,Jawa Tengah,Kota Semarang,Genuk,Terboyo Kulon,2026-09-19T12:00:00,2026-09-21 13:00:00,2026-09-21 20:00:00,48-49,26,85,0.4,30,5.7,NE,74,SW,,,1,Cerah,Sunny,https://api-apps.bmkg.go.id/storage/icon/cuaca/cerah-pm.svg,2026-09-21T13:00:00Z
33,33.74,33.74.05,33.74.05.1012,33.74.05.1012,Jawa Tengah,Kota Semarang,Genuk,Terboyo Kulon,2026-09-19T12:00:00,2026-09-21 16:00:00,2026-09-21 23:00:00,51-52,26,77,0,5,11.1,E,129,W,,,0,Cerah,Sunny,https://api-apps.bmkg.go.id/storage/icon/cuaca/cerah-pm.svg,2026-09-21T16:00:00Z
33,33.74,33.74.05,33.74.05.1013,33.74.05.1013,Jawa Tengah,Kota Semarang,Genuk,Terboyo Wetan,2026-09-19T12:00:00,2026-09-19 16:00:00,2026-09-19 23:00:00,3-4,27,65,0,39,7.4,E,134,W,,,1,Cerah,Sunny,https://api-apps.bmkg.go.id/storage/icon/cuaca/cerah-pm.svg,2026-09-19T16:00:00Z
33,33.74,33.74.05,33.74.05.1013,33.74.05.1013,Jawa Tengah,Kota Semarang,Genuk,Terboyo Wetan,2026-09-19T12:00:00,2026-09-19 19:00:00,2026-09-20 02:00:00,6-7,25,70,0,0,9.1,SE,135,NW,,,0,Cerah,Sunny,https://api-apps.bmkg.go.id/storage/icon/cuaca/cerah-pm.svg,2026-09-19T19:00:00Z
33,33.74,33.74.05,33.74.05.1013,33.74.05.1013,Jawa Tengah,Kota Semarang,Genuk,Terboyo Wetan,2026-09-19T12:00:00,2026-09-19 22:00:00,2026-09-20 05:00:00,9-10,25,69,0,0,9.6,SE,142,NW,,,0,Cerah,Sunny,https://api-apps.bmkg.go.id/storage/icon/cuaca/cerah-pm.svg,2026-09-19T22:00:00Z
33,33.74,33.74.05,33.74.05.1013,33.74.05.1013,Jawa Tengah,Kota Semarang,Genuk,Terboyo Wetan,2026-09-19T12:00:00,2026-09-20 01:00:00,2026-09-20 08:00:00,12-13,30,55,0,0,13.2,E,125,W,,,0,Cerah,Sunny,https://api-apps.bmkg.go.id/storage/icon/cuaca/cerah-am.svg,2026-09-20T01:00:00Z
33,33.74,33.74.05,33.74.05.1013,33.74.05.1013,Jawa Tengah,Kota Semarang,Genuk,Terboyo Wetan,2026-09-19T12:00:00,2026-09-20 04:00:00,2026-09-20 11:00:00,15-16,34,48,0,1,12.1,E,108,W,,,0,Cerah,Sunny,https://api-apps.bmkg.go.id/storage/icon/cuaca/cerah-am.svg,2026-09-20T04:00:00Z
33,33.74,33.74.05,33.74.05.1013,33.74.05.1013,Jawa Tengah,Kota Semarang,Genuk,Terboyo Wetan,2026-09-19T12:00:00,2026-09-20 07:00:00,2026-09-20 14:00:00,18-19,31,62,0.1,19,13.9,NW,324,SE,,,1,Cerah,Sunny,https://api-apps.bmkg.go.id/storage/icon/cuaca/cerah-am.svg,2026-09-20T07:00:00Z
33,33.74,33.74.05,33.74.05.1013,33.74.05.1013,Jawa Tengah,Kota Semarang,Genuk,Terboyo Wetan,2026-09-19T12:00:00,2026-09-20 10:00:00,2026-09-20 17:00:00,21-22,29,78,0,5,4,W,284,E,,,0,Cerah,Sunny,https://api-apps.bmkg.go.id/storage/icon/cuaca/cerah-am.svg,2026-09-20T10:00:00Z
33,33.74,33.74.05,33.74.05.1013,33.74.05.1013,Jawa Tengah,Kota Semarang,Genuk,Terboyo Wetan,2026-09-19T12:00:00,2026-09-20 13:00:00,2026-09-20 20:00:00,24-25,28,80,0.2,22,0.8,SW,255,NE,,,1,Cerah,Sunny,https://api-apps.bmkg.go.id/storage/icon/cuaca/cerah-pm.svg,2026-09-20T13:00:00Z
33,33.74,33.74.05,33.74.05.1013,33.74.05.1013,Jawa Tengah,Kota Semarang,Genuk,Terboyo Wetan,2026-09-19T12:00:00,2026-09-20 16:00:00,2026-09-20 23:00:00,27-28,27,81,0,0,7,SE,142,NW,,,0,Cerah,Sunny,https://api-apps.bmkg.go.id/storage/icon/cuaca/cerah-pm.svg,2026-09-20T16:00:00Z
33,33.74,33.74.05,33.74.05.1013,33.74.05.1013,Jawa Tengah,Kota Semarang,Genuk,Terboyo Wetan,2026-09-19T12:00:00,2026-09-20 19:00:00,2026-09-21 02:00:00,30-31,26,78,0,0,8.3,SE,147,NW,,,0,Cerah,Sunny,https://api-apps.bmkg.go.id/storage/icon/cuaca/cerah-pm.svg,2026-09-20T19:00:00Z
33,33.74,33.74.05,33.74.05.1013,33.74.05.1013,Jawa Tengah,Kota Semarang,Genuk,Terboyo Wetan,2026-09-19T12:00:00,2026-09-20 22:00:00,2026-09-21 05:00:00,33-34,25,76,0,0,12.8,SE,144,NW,,,0,Cerah,Sunny,https://api-apps.bmkg.go.id/storage/icon/cuaca/cerah-pm.svg,2026-09-20T22:00:00Z
33,33.74,33.74.05,33.74.05.1013,33.74.05.1013,Jawa Tengah,Kota Semarang,Genuk,Terboyo Wetan,2026-09-19T12:00:00,2026-09-21 01:00:00,2026-09-21 08:00:00,36-37,30,58,0,0,14.5,E,126,W,,,0,Cerah,Sunny,https://api-apps.bmkg.go.id/storage/icon/cuaca/cerah-am.svg,2026-09-21T01:00:00Z
33,33.74,33.74.05,33.74.05.1013,33.74.05.1013,Jawa Tengah,Kota Semarang,Genuk,Terboyo Wetan,2026-09-19T12:00:00,2026-09-21 04:00:00,2026-09-21 11:00:00,39-40,34,48,0,26,11.7,E,120,W,,,1,Cerah,Sunny,https://api-apps.bmkg.go.id/storage/icon/cuaca/cerah-am.svg,2026-09-21T04:00:00Z
33,33.74,33.74.05,33.74.05.1013,33.74.05.1013,Jawa Tengah,Kota Semarang,Genuk,Terboyo Wetan,2026-09-19T12:00:00,2026-09-21 07:00:00,2026-09-21 14:00:00,42-43,32,61,0.1,16,11.3,NW,316,SE,,,1,Cerah,Sunny,https://api-apps.bmkg.go.id/storage/icon/cuaca/cerah-am.svg,2026-09-21T07:00:00Z
33,33.74,33.74.05,33.74.05.1013,33.74.05.1013,Jawa Tengah,Kota Semarang,Genuk,Terboyo Wetan,2026-09-19T12:00:00,2026-09-21 10:00:00,2026-09-21 17:00:00,45-46,30,69,0.2,6,3.7,NW,316,SE,,,0,Cerah,Sunny,https://api-apps.bmkg.go.id/storage/icon/cuaca/cerah-am.svg,2026-09-21T10:00:00Z
33,33.74,33.74.05,33.74.05.1013,33.74.05.1013,Jawa Tengah,Kota Semarang,Genuk,Terboyo Wetan,2026-09-19T12:00:00,2026-09-21 13:00:00,2026-09-21 20:00:00,48-49,26,87,0.5,29,5.7,NE,74,SW,,,1,Cerah,Sunny,https://api-apps.bmkg.go.id/storage/icon/cuaca/cerah-pm.svg,2026-09-21T13:00:00Z
33,33.74,33.74.05,33.74.05.1013,33.74.05.1013,Jawa Tengah,Kota Semarang,Genuk,Terboyo Wetan,2026-09-19T12:00:00,2026-09-21 16:00:00,2026-09-21 23:00:00,51-52,26,77,0,4,11.1,E,129,W,,,0,Cerah,Sunny,https://api-apps.bmkg.go.id/storage/icon/cuaca/cerah-pm.svg,2026-09-21T16:00:00Z
33,33.74,33.74.06,33.74.06.1001,33.74.06.1001,Jawa Tengah,Kota Semarang,Pedurungan,Penggaron Kidul,2026-09-19T12:00:00,2026-09-19 15:00:00,2026-09-19 22:00:00,2-3,27,64,0,4,8.9,E,106,W,,,0,Cerah,Sunny,https://api-apps.bmkg.go.id/storage/icon/cuaca/cerah-pm.svg,2026-09-19T15:00:00Z
33,33.74,33.74.06,33.74.06.1001,33.74.06.1001,Jawa Tengah,Kota Semarang,Pedurungan,Penggaron Kidul,2026-09-19T12:00:00,2026-09-19 18:00:00,2026-09-20 01:00:00,5-6,25,71,0,0,7.4,E,134,W,,,0,Cerah,Sunny,https://api-apps.bmkg.go.id/storage/icon/cuaca/cerah-pm.svg,2026-09-19T18:00:00Z
33,33.74,33.74.06,33.74.06.1001,33.74.06.1001,Jawa Tengah,Kota Semarang,Pedurungan,Penggaron Kidul,2026-09-19T12:00:00,2026-09-19 21:00:00,2026-09-20 04:00:00,8-9,24,70,0,0,9.1,SE,135,NW,,,0,Cerah,Sunny,https://api-apps.bmkg.go.id/storage/icon/cuaca/cerah-pm.svg,2026-09-19T21:00:00Z
33,33.74,33.74.06,33.74.06.1001,33.74.06.1001,Jawa Tengah,Kota Semarang,Pedurungan,Penggaron Kidul,2026-09-19T12:00:00,2026-09-20 00:00:00,2026-09-20 07:00:00,11-12,29,53,0,4,9.6,SE,142,NW,,,0,Cerah,Sunny,https://api-apps.bmkg.go.id/storage/icon/cuaca/cerah-am.svg,2026-09-20T00:00:00Z
33,33.74,33.74.06,33.74.06.1001,33.74.06.1001,Jawa Tengah,Kota Semarang,Pedurungan,Penggaron Kidul,2026-09-19T12:00:00,2026-09-20 03:00:00,2026-09-20 10:00:00,14-15,34,43,0,0,13.2,E,125,W,,,0,Cerah,Sunny,https://api-apps.bmkg.go.id/storage/icon/cuaca/cerah-am.svg,2026-09-20T03:00:00Z
33,33.74,33.74.06,33.74.06.1001,33.74.06.1001,Jawa Tengah,Kota Semarang,Pedurungan,Penggaron Kidul,2026-09-19T12:00:00,2026-09-20 06:00:00,2026-09-20 13:00:00,17-18,36,37,0.1,2,12.1,E,108,W,,,0,Cerah,Sunny,https://api-apps.bmkg.go.id/storage/icon/cuaca/cerah-am.svg,2026-09-20T06:00:00Z
33,33.74,33.74.06,33.74.06.1001,33.74.06.1001,Jawa Tengah,Kota Semarang,Pedurungan,Penggaron Kidul,2026-09-19T12:00:00,2026-09-20 09:00:00,2026-09-20 16:00:00,20-21,30,71,0,12,13.9,NW,324,SE,,,1,Cerah,Sunny,https://api-apps.bmkg.go.id/storage/icon/cuaca/cerah-am.svg,2026-09-20T09:00:00Z
33,33.74,33.74.06,33.74.06.1001,33.74.06.1001,Jawa Tengah,Kota Semarang,Pedurungan,Penggaron Kidul,2026-09-19T12:00:00,2026-09-20 12:00:00,2026-09-20 19:00:00,23-24,28,80,0.2,40,4,W,284,E,,,1,Cerah,Sunny,https://api-apps.bmkg.go.id/storage/icon/cuaca/cerah-pm.svg,2026-09-20T12:00:00Z
33,33.74,33.74.06,33.74.06.1001,33.74.06.1001,Jawa Tengah,Kota Semarang,Pedurungan,Penggaron Kidul,2026-09-19T12:00:00,2026-09-20 15:00:00,2026-09-20 22:00:00,26-27,27,85,0,0,0.8,SW,255,NE,,,0,Cerah,Sunny,https://api-apps.bmkg.go.id/storage/icon/cuaca/cerah-pm.svg,2026-09-20T15:00:00Z
33,33.74,33.74.06,33.74.06.1001,33.74.06.1001,Jawa Tengah,Kota Semarang,Pedurungan,Penggaron Kidul,2026-09-19T12:00:00,2026-09-20 18:00:00,2026-09-21 01:00:00,29-30,25,80,0,0,7,SE,142,NW,,,0,Cerah,Sunny,https://api-apps.bmkg.go.id/storage/icon/cuaca/cerah-pm.svg,2026-09-20T18:00:00Z
33,33.74,33.74.06,33.74.06.1001,33.74.06.1001,Jawa Tengah,Kota Semarang,Pedurungan,Penggaron Kidul,2026-09-19T12:00:00,2026-09-20 21:00:00,2026-09-21 04:00:00,32-33,24,79,0,0,8.3,SE,147,NW,,,0,Cerah,Sunny,https://api-apps.bmkg.go.id/storage/icon/cuaca/cerah-pm.svg,2026-09-20T21:00:00Z
33,33.74,33.74.06,33.74.06.1001,33.74.06.1001,Jawa Tengah,Kota Semarang,Pedurungan,Penggaron Kidul,2026-09-19T12:00:00,2026-09-21 00:00:00,2026-09-21 07:00:00,35-36,29,58,0,0,12.8,SE,144,NW,,,0,Cerah,Sunny,https://api-apps.bmkg.go.id/storage/icon/cuaca/cerah-am.svg,2026-09-21T00:00:00Z
33,33.74,33.74.06,33.74.06.1001,33.74.06.1001,Jawa Tengah,Kota Semarang,Pedurungan,Penggaron Kidul,2026-09-19T12:00:00,2026-09-21 03:00:00,2026-09-21 10:00:00,38-39,34,42,0,0,14.5,E,126,W,,,0,Cerah,Sunny,https://api-apps.bmkg.go.id/storage/icon/cuaca/cerah-am.svg,2026-09-21T03:00:00Z
33,33.74,33.74.06,33.74.06.1001,33.74.06.1001,Jawa Tengah,Kota Semarang,Pedurungan,Penggaron Kidul,2026-09-19T12:00:00,2026-09-21 06:00:00,2026-09-21 13:00:00,41-42,36,39,0.1,12,11.7,E,120,W,,,1,Cerah,Sunny,https://api-apps.bmkg.go.id/storage/icon/cuaca/cerah-am.svg,2026-09-21T06:00:00Z
33,33.74,33.74.06,33.74.06.1001,33.74.06.1001,Jawa Tengah,Kota Semarang,Pedurungan,Penggaron Kidul,2026-09-19T12:00:00,2026-09-21 09:00:00,2026-09-21 16:00:00,44-45,31,64,0.2,1,11.3,NW,316,SE,,,0,Cerah,Sunny,https://api-apps.bmkg.go.id/storage/icon/cuaca/cerah-am.svg,2026-09-21T09:00:00Z
33,33.74,33.74.06,33.74.06.1001,33.74.06.1001,Jawa Tengah,Kota Semarang,Pedurungan,Penggaron Kidul,2026-09-19T12:00:00,2026-09-21 12:00:00,2026-09-21 19:00:00,47-48,27,83,0.5,92,3.7,NW,316,SE,,,3,Berawan,Mostly Cloudy,https://api-apps.bmkg.go.id/storage/icon/cuaca/berawan-pm.svg,2026-09-21T12:00:00Z
33,33.74,33.74.06,33.74.06.1001,33.74.06.1001,Jawa Tengah,Kota Semarang,Pedurungan,Penggaron Kidul,2026-09-19T12:00:00,2026-09-21 15:00:00,2026-09-21 22:00:00,50-51,26,85,0,4,5.7,NE,74,SW,,,0,Cerah,Sunny,https://api-apps.bmkg.go.id/storage/icon/cuaca/cerah-pm.svg,2026-09-21T15:00:00Z
33,33.74,33.74.06,33.74.06.1002,33.74.06.1002,Jawa Tengah,Kota Semarang,Pedurungan,Tlogomulyo,2026-09-19T12:00:00,2026-09-19 16:00:00,2026-09-19 23:00:00,3-4,26,68,0,50,7.4,E,134,W,,,1,Cerah,Sunny,https://api-apps.bmkg.go.id/storage/icon/cuaca/cerah-pm.svg,2026-09-19T16:00:00Z
33,33.74,33.74.06,33.74.06.1002,33.74.06.1002,Jawa Tengah,Kota Semarang,Pedurungan,Tlogomulyo,2026-09-19T12:00:00,2026-09-19 19:00:00,2026-09-20 02:00:00,6-7,25,73,0,0,9.1,SE,135,NW,,,0,Cerah,Sunny,https://api-apps.bmkg.go.id/storage/icon/cuaca/cerah-pm.svg,2026-09-19T19:00:00Z
33,33.74,33.74.06,33.74.06.1002,33.74.06.1002,Jawa Tengah,Kota Semarang,Pedurungan,Tlogomulyo,2026-09-19T12:00:00,2026-09-19 22:00:00,2026-09-20 05:00:00,9-10,25,67,0,0,9.6,SE,142,NW,,,0,Cerah,Sunny,https://api-apps.bmkg.go.id/storage/icon/cuaca/cerah-pm.svg,2026-09-19T22:00:00Z
33,33.74,33.74.06,33.74.06.1002,33.74.06.1002,Jawa Tengah,Kota Semarang,Pedurungan,Tlogomulyo,2026-09-19T12:00:00,2026-09-20 01:00:00,2026-09-20 08:00:00,12-13,31,51,0,0,13.2,E,125,W,,,0,Cerah,Sunny,https://api-apps.bmkg.go.id/storage/icon/cuaca/cerah-am.svg,2026-09-20T01:00:00Z
33,33.74,33.74.06,33.74.06.1002,33.74.06.1002,Jawa Tengah,Kota Semarang,Pedurungan,Tlogomulyo,2026-09-19T12:00:00,2026-09-20 04:00:00,2026-09-20 11:00:00,15-16,35,40,0,2,12.1,E,108,W,,,0,Cerah,Sunny,https://api-apps.bmkg.go.id/storage/icon/cuaca/cerah-am.svg,2026-09-20T04:00:00Z
33,33.74,33.74.06,33.74.06.1002,33.74.06.1002,Jawa Tengah,Kota Semarang,Pedurungan,Tlogomulyo,2026-09-19T12:00:00,2026-09-20 07:00:00,2026-09-20 14:00:00,18-19,33,50,0.1,25,13.9,NW,324,SE,,,1,Cerah,Sunny,https://api-apps.bmkg.go.id/storage/icon/cuaca/cerah-am.svg,2026-09-20T07:00:00Z
33,33.74,33.74.06,33.74.06.1002,33.74.06.1002,Jawa Tengah,Kota Semarang,Pedurungan,Tlogomulyo,2026-09-19T12:00:00,2026-09-20 10:00:00,2026-09-20 17:00:00,21-22,29,77,0,5,4,W,284,E,,,0,Cerah,Sunny,https://api-apps.bmkg.go.id/storage/icon/cuaca/cerah-am.svg,2026-09-20T10:00:00Z
33,33.74,33.74.06,33.74.06.1002,33.74.06.1002,Jawa Tengah,Kota Semarang,Pedurungan,Tlogomulyo,2026-09-19T12:00:00,2026-09-20 13:00:00,2026-09-20 20:00:00,24-25,28,82,0.2,30,0.8,SW,255,NE,,,1,Cerah,Sunny,https://api-apps.bmkg.go.id/storage/icon/cuaca/cerah-pm.svg,2026-09-20T13:00:00Z
33,33.74,33.74.06,33.74.06.1002,33.74.06.1002,Jawa Tengah,Kota Semarang,Pedurungan,Tlogomulyo,2026-09-19T12:00:00,2026-09-20 16:00:00,2026-09-20 23:00:00,27-28,26,81,0,0,7,SE,142,NW,,,0,Cerah,Sunny,https://api-apps.bmkg.go.id/storage/icon/cuaca/cerah-pm.svg,2026-09-20T16:00:00Z
33,33.74,33.74.06,33.74.06.1002,33.74.06.1002,Jawa Tengah,Kota Semarang,Pedurungan,Tlogomulyo,2026-09-19T12:00:00,2026-09-20 19:00:00,2026-09-21 02:00:00,30-31,25,80,0,0,8.3,SE,147,NW,,,0,Cerah,Sunny,https://api-apps.bmkg.go.id/storage/icon/cuaca/cerah-pm.svg,2026-09-20T19:00:00Z
33,33.74,33.74.06,33.74.06.1002,33.74.06.1002,Jawa Tengah,Kota Semarang,Pedurungan,Tlogomulyo,2026-09-19T12:00:00,2026-09-20 22:00:00,2026-09-21 05:00:00,33-34,25,73,0,0,12.8,SE,144,NW,,,0,Cerah,Sunny,https://api-apps.bmkg.go.id/storage/icon/cuaca/cerah-pm.svg,2026-09-20T22:00:00Z
33,33.74,33.74.06,33.74.06.1002,33.74.06.1002,Jawa Tengah,Kota Semarang,Pedurungan,Tlogomulyo,2026-09-19T12:00:00,2026-09-21 01:00:00,2026-09-21 08:00:00,36-37,30,53,0,0,14.5,E,126,W,,,0,Cerah,Sunny,https://api-apps.bmkg.go.id/storage/icon/cuaca/cerah-am.svg,2026-09-21T01:00:00Z
33,33.74,33.74.06,33.74.06.1002,33.74.06.1002,Jawa Tengah,Kota Semarang,Pedurungan,Tlogomulyo,2026-09-19T12:00:00,2026-09-21 04:00:00,2026-09-21 11:00:00,39-40,35,40,0,32,11.7,E,120,W,,,1,Cerah,Sunny,https://api-apps.bmkg.go.id/storage/icon/cuaca/cerah-am.svg,2026-09-21T04:00:00Z
33,33.74,33.74.06,33.74.06.1002,33.74.06.1002,Jawa Tengah,Kota Semarang,Pedurungan,Tlogomulyo,2026-09-19T12:00:00,2026-09-21 07:00:00,2026-09-21 14:00:00,42-43,34,51,0.1,14,11.3,NW,316,SE,,,1,Cerah,Sunny,https://api-apps.bmkg.go.id/storage/icon/cuaca/cerah-am.svg,2026-09-21T07:00:00Z
33,33.74,33.74.06,33.74.06.1002,33.74.06.1002,Jawa Tengah,Kota Semarang,Pedurungan,Tlogomulyo,2026-09-19T12:00:00,2026-09-21 10:00:00,2026-09-21 17:00:00,45-46,30,68,0.2,2,3.7,NW,316,SE,,,0,Cerah,Sunny,https://api-apps.bmkg.go.id/storage/icon/cuaca/cerah-am.svg,2026-09-21T10:00:00Z
33,33.74,33.74.06,33.74.06.1002,33.74.06.1002,Jawa Tengah,Kota Semarang,Pedurungan,Tlogomulyo,2026-09-19T12:00:00,2026-09-21 13:00:00,2026-09-21 20:00:00,48-49,26,86,0.4,31,5.7,NE,74,SW,,,1,Cerah,Sunny,https://api-apps.bmkg.go.id/storage/icon/cuaca/cerah-pm.svg,2026-09-21T13:00:00Z
33,33.74,33.74.06,33.74.06.1002,33.74.06.1002,Jawa Tengah,Kota Semarang,Pedurungan,Tlogomulyo,2026-09-19T12:00:00,2026-09-21 16:00:00,2026-09-21 23:00:00,51-52,26,76,0,5,11.1,E,129,W,,,0,Cerah,Sunny,https://api-apps.bmkg.go.id/storage/icon/cuaca/cerah-pm.svg,2026-09-21T16:00:00Z
33,33.74,33.74.06,33.74.06.1003,33.74.06.1003,Jawa Tengah,Kota Semarang,Pedurungan,Tlogosari Wetan,2026-09-19T12:00:00,2026-09-19 16:00:00,2026-09-19 23:00:00,3-4,26,68,0,50,7.4,E,134,W,,,1,Cerah,Sunny,https://api-apps.bmkg.go.id/storage/icon/cuaca/cerah-pm.svg,2026-09-19T16:00:00Z
33,33.74,33.74.06,33.74.06.1003,33.74.06.1003,Jawa Tengah,Kota Semarang,Pedurungan,Tlogosari Wetan,2026-09-19T12:00:00,2026-09-19 19:00:00,2026-09-20 02:00:00,6-7,25,73,0,0,9.1,SE,135,NW,,,0,Cerah,Sunny,https://api-apps.bmkg.go.id/storage/icon/cuaca/cerah-pm.svg,2026-09-19T19:00:00Z
33,33.74,33.74.06,33.74.06.1003,33.74.06.1003,Jawa Tengah,Kota Semarang,Pedurungan,Tlogosari Wetan,2026-09-19T12:00:00,2026-09-19 22:00:00,2026-09-20 05:00:00,9-10,25,67,0,0,9.6,SE,142,NW,,,0,Cerah,Sunny,https://api-apps.bmkg.go.id/storage/icon/cuaca/cerah-pm.svg,2026-09-19T22:00:00Z
33,33.74,33.74.06,33.74.06.1003,33.74.06.1003,Jawa Tengah,Kota Semarang,Pedurungan,Tlogosari Wetan,2026-09-19T12:00:00,2026-09-20 01:00:00,2026-09-20 08:00:00,12-13,31,51,0,0,13.2,E,125,W,,,0,Cerah,Sunny,https://api-apps.bmkg.go.id/storage/icon/cuaca/cerah-am.svg,2026-09-20T01:00:00Z
33,33.74,33.74.06,33.74.06.1003,33.74.06.1003,Jawa Tengah,Kota Semarang,Pedurungan,Tlogosari Wetan,2026-09-19T12:00:00,2026-09-20 04:00:00,2026-09-20 11:00:00,15-16,35,40,0,2,12.1,E,108,W,,,0,Cerah,Sunny,https://api-apps.bmkg.go.id/storage/icon/cuaca/cerah-am.svg,2026-09-20T04:00:00Z
33,33.74,33.74.06,33.74.06.1003,33.74.06.1003,Jawa Tengah,Kota Semarang,Pedurungan,Tlogosari Wetan,2026-09-19T12:00:00,2026-09-20 07:00:00,2026-09-20 14:00:00,18-19,33,50,0.1,25,13.9,NW,324,SE,,,1,Cerah,Sunny,https://api-apps.bmkg.go.id/storage/icon/cuaca/cerah-am.svg,2026-09-20T07:00:00Z
33,33.74,33.74.06,33.74.06.1003,33.74.06.1003,Jawa Tengah,Kota Semarang,Pedurungan,Tlogosari Wetan,2026-09-19T12:00:00,2026-09-20 10:00:00,2026-09-20 17:00:00,21-22,29,77,0,5,4,W,284,E,,,0,Cerah,Sunny,https://api-apps.bmkg.go.id/storage/icon/cuaca/cerah-am.svg,2026-09-20T10:00:00Z
33,33.74,33.74.06,33.74.06.1003,33.74.06.1003,Jawa Tengah,Kota Semarang,Pedurungan,Tlogosari Wetan,2026-09-19T12:00:00,2026-09-20 13:00:00,2026-09-20 20:00:00,24-25,28,82,0.2,30,0.8,SW,255,NE,,,1,Cerah,Sunny,https://api-apps.bmkg.go.id/storage/icon/cuaca/cerah-pm.svg,2026-09-20T13:00:00Z
33,33.74,33.74.06,33.74.06.1003,33.74.06.1003,Jawa Tengah,Kota Semarang,Pedurungan,Tlogosari Wetan,2026-09-19T12:00:00,2026-09-20 16:00:00,2026-09-20 23:00:00,27-28,26,81,0,0,7,SE,142,NW,,,0,Cerah,Sunny,https://api-apps.bmkg.go.id/storage/icon/cuaca/cerah-pm.svg,2026-09-20T16:00:00Z
33,33.74,33.74.06,33.74.06.1003,33.74.06.1003,Jawa Tengah,Kota Semarang,Pedurungan,Tlogosari Wetan,2026-09-19T12:00:00,2026-09-20 19:00:00,2026-09-21 02:00:00,30-31,25,80,0,0,8.3,SE,147,NW,,,0,Cerah,Sunny,https://api-apps.bmkg.go.id/storage/icon/cuaca/cerah-pm.svg,2026-09-20T19:00:00Z
33,33.74,33.74.06,33.74.06.1003,33.74.06.1003,Jawa Tengah,Kota Semarang,Pedurungan,Tlogosari Wetan,2026-09-19T12:00:00,2026-09-20 22:00:00,2026-09-21 05:00:00,33-34,25,73,0,0,12.8,SE,144,NW,,,0,Cerah,Sunny,https://api-apps.bmkg.go.id/storage/icon/cuaca/cerah-pm.svg,2026-09-20T22:00:00Z
33,33.74,33.74.06,33.74.06.1003,33.74.06.1003,Jawa Tengah,Kota Semarang,Pedurungan,Tlogosari Wetan,2026-09-19T12:00:00,2026-09-21 01:00:00,2026-09-21 08:00:00,36-37,30,53,0,0,14.5,E,126,W,,,0,Cerah,Sunny,https://api-apps.bmkg.go.id/storage/icon/cuaca/cerah-am.svg,2026-09-21T01:00:00Z
33,33.74,33.74.06,33.74.06.1003,33.74.06.1003,Jawa Tengah,Kota Semarang,Pedurungan,Tlogosari Wetan,2026-09-19T12:00:00,2026-09-21 04:00:00,2026-09-21 11:00:00,39-40,35,40,0,32,11.7,E,120,W,,,1,Cerah,Sunny,https://api-apps.bmkg.go.id/storage/icon/cuaca/cerah-am.svg,2026-09-21T04:00:00Z
33,33.74,33.74.06,33.74.06.1003,33.74.06.1003,Jawa Tengah,Kota Semarang,Pedurungan,Tlogosari Wetan,2026-09-19T12:00:00,2026-09-21 07:00:00,2026-09-21 14:00:00,42-43,34,51,0.1,14,11.3,NW,316,SE,,,1,Cerah,Sunny,https://api-apps.bmkg.go.id/storage/icon/cuaca/cerah-am.svg,2026-09-21T07:00:00Z
33,33.74,33.74.06,33.74.06.1003,33.74.06.1003,Jawa Tengah,Kota Semarang,Pedurungan,Tlogosari Wetan,2026-09-19T12:00:00,2026-09-21 10:00:00,2026-09-21 17:00:00,45-46,30,68,0.2,2,3.7,NW,316,SE,,,0,Cerah,Sunny,https://api-apps.bmkg.go.id/storage/icon/cuaca/cerah-am.svg,2026-09-21T10:00:00Z
33,33.74,33.74.06,33.74.06.1003,33.74.06.1003,Jawa Tengah,Kota Semarang,Pedurungan,Tlogosari Wetan,2026-09-19T12:00:00,2026-09-21 13:00:00,2026-09-21 20:00:00,48-49,26,86,0.4,31,5.7,NE,74,SW,,,1,Cerah,Sunny,https://api-apps.bmkg.go.id/storage/icon/cuaca/cerah-pm.svg,2026-09-21T13:00:00Z
33,33.74,33.74.06,33.74.06.1003,33.74.06.1003,Jawa Tengah,Kota Semarang,Pedurungan,Tlogosari Wetan,2026-09-19T12:00:00,2026-09-21 16:00:00,2026-09-21 23:00:00,51-52,26,76,0,5,11.1,E,129,W,,,0,Cerah,Sunny,https://api-apps.bmkg.go.id/storage/icon/cuaca/cerah-pm.svg,2026-09-21T16:00:00Z
33,33.74,33.74.06,33.74.06.1004,33.74.06.1004,Jawa Tengah,Kota Semarang,Pedurungan,Tlogosari Kulon,2026-09-19T12:00:00,2026-09-19 16:00:00,2026-09-19 23:00:00,3-4,26,69,0,39,7.4,E,134,W,,,1,Cerah,Sunny,https://api-apps.bmkg.go.id/storage/icon/cuaca/cerah-pm.svg,2026-09-19T16:00:00Z
33,33.74,33.74.06,33.74.06.1004,33.74.06.1004,Jawa Tengah,Kota Semarang,Pedurungan,Tlogosari Kulon,2026-09-19T12:00:00,2026-09-19 19:00:00,2026-09-20 02:00:00,6-7,25,73,0,1,9.1,SE,135,NW,,,0,Cerah,Sunny,https://api-apps.bmkg.go.id/storage/icon/cuaca/cerah-pm.svg,2026-09-19T19:00:00Z
33,33.74,33.74.06,33.74.06.1004,33.74.06.1004,Jawa Tengah,Kota Semarang,Pedurungan,Tlogosari Kulon,2026-09-19T12:00:00,2026-09-19 22:00:00,2026-09-20 05:00:00,9-10,25,69,0,0,9.6,SE,142,NW,,,0,Cerah,Sunny,https://api-apps.bmkg.go.id/storage/icon/cuaca/cerah-pm.svg,2026-09-19T22:00:00Z
33,33.74,33.74.06,33.74.06.1004,33.74.06.1004,Jawa Tengah,Kota Semarang,Pedurungan,Tlogosari Kulon,2026-09-19T12:00:00,2026-09-20 01:00:00,2026-09-20 08:00:00,12-13,30,53,0,0,13.2,E,125,W,,,0,Cerah,Sunny,https://api-apps.bmkg.go.id/storage/icon/cuaca/cerah-am.svg,2026-09-20T01:00:00Z
33,33.74,33.74.06,33.74.06.1004,33.74.06.1004,Jawa Tengah,Kota Semarang,Pedurungan,Tlogosari Kulon,2026-09-19T12:00:00,2026-09-20 04:00:00,2026-09-20 11:00:00,15-16,34,45,0,2,12.1,E,108,W,,,0,Cerah,Sunny,https://api-apps.bmkg.go.id/storage/icon/cuaca/cerah-am.svg,2026-09-20T04:00:00Z
33,33.74,33.74.06,33.74.06.1004,33.74.06.1004,Jawa Tengah,Kota Semarang,Pedurungan,Tlogosari Kulon,2026-09-19T12:00:00,2026-09-20 07:00:00,2026-09-20 14:00:00,18-19,32,58,0.1,20,13.9,NW,324,SE,,,1,Cerah,Sunny,https://api-apps.bmkg.go.id/storage/icon/cuaca/cerah-am.svg,2026-09-20T07:00:00Z
33,33.74,33.74.06,33.74.06.1004,33.74.06.1004,Jawa Tengah,Kota Semarang,Pedurungan,Tlogosari Kulon,2026-09-19T12:00:00,2026-09-20 10:00:00,2026-09-20 17:00:00,21-22,29,78,0,5,4,W,284,E,,,0,Cerah,Sunny,https://api-apps.bmkg.go.id/storage/icon/cuaca/cerah-am.svg,2026-09-20T10:00:00Z
33,33.74,33.74.06,33.74.06.1004,33.74.06.1004,Jawa Tengah,Kota Semarang,Pedurungan,Tlogosari Kulon,2026-09-19T12:00:00,2026-09-20 13:00:00,2026-09-20 20:00:00,24-25,28,79,0.2,18,0.8,SW,255,NE,,,1,Cerah,Sunny,https://api-apps.bmkg.go.id/storage/icon/cuaca/cerah-pm.svg,2026-09-20T13:00:00Z
33,33.74,33.74.06,33.74.06.1004,33.74.06.1004,Jawa Tengah,Kota Semarang,Pedurungan,Tlogosari Kulon,2026-09-19T12:00:00,2026-09-20 16:00:00,2026-09-20 23:00:00,27-28,27,81,0,0,7,SE,142,NW,,,0,Cerah,Sunny,https://api-apps.bmkg.go.id/storage/icon/cuaca/cerah-pm.svg,2026-09-20T16:00:00Z
33,33.74,33.74.06,33.74.06.1004,33.74.06.1004,Jawa Tengah,Kota Semarang,Pedurungan,Tlogosari Kulon,2026-09-19T12:00:00,2026-09-20 19:00:00,2026-09-21 02:00:00,30-31,26,78,0,0,8.3,SE,147,NW,,,0,Cerah,Sunny,https://api-apps.bmkg.go.id/storage/icon/cuaca/cerah-pm.svg,2026-09-20T19:00:00Z
33,33.74,33.74.06,33.74.06.1004,33.74.06.1004,Jawa Tengah,Kota Semarang,Pedurungan,Tlogosari Kulon,2026-09-19T12:00:00,2026-09-20 22:00:00,2026-09-21 05:00:00,33-34,25,74,0,0,12.8,SE,144,NW,,,0,Cerah,Sunny,https://api-apps.bmkg.go.id/storage/icon/cuaca/cerah-pm.svg,2026-09-20T22:00:00Z
33,33.74,33.74.06,33.74.06.1004,33.74.06.1004,Jawa Tengah,Kota Semarang,Pedurungan,Tlogosari Kulon,2026-09-19T12:00:00,2026-09-21 01:00:00,2026-09-21 08:00:00,36-37,30,56,0,0,14.5,E,126,W,,,0,Cerah,Sunny,https://api-apps.bmkg.go.id/storage/icon/cuaca/cerah-am.svg,2026-09-21T01:00:00Z
33,33.74,33.74.06,33.74.06.1004,33.74.06.1004,Jawa Tengah,Kota Semarang,Pedurungan,Tlogosari Kulon,2026-09-19T12:00:00,2026-09-21 04:00:00,2026-09-21 11:00:00,39-40,34,44,0,29,11.7,E,120,W,,,1,Cerah,Sunny,https://api-apps.bmkg.go.id/storage/icon/cuaca/cerah-am.svg,2026-09-21T04:00:00Z
33,33.74,33.74.06,33.74.06.1004,33.74.06.1004,Jawa Tengah,Kota Semarang,Pedurungan,Tlogosari Kulon,2026-09-19T12:00:00,2026-09-21 07:00:00,2026-09-21 14:00:00,42-43,32,59,0.1,17,11.3,NW,316,SE,,,1,Cerah,Sunny,https://api-apps.bmkg.go.id/storage/icon/cuaca/cerah-am.svg,2026-09-21T07:00:00Z
33,33.74,33.74.06,33.74.06.1004,33.74.06.1004,Jawa Tengah,Kota Semarang,Pedurungan,Tlogosari Kulon,2026-09-19T12:00:00,2026-09-21 10:00:00,2026-09-21 17:00:00,45-46,30,70,0.1,7,3.7,NW,316,SE,,,0,Cerah,Sunny,https://api-apps.bmkg.go.id/storage/icon/cuaca/cerah-am.svg,2026-09-21T10:00:00Z
33,33.74,33.74.06,33.74.06.1004,33.74.06.1004,Jawa Tengah,Kota Semarang,Pedurungan,Tlogosari Kulon,2026-09-19T12:00:00,2026-09-21 13:00:00,2026-09-21 20:00:00,48-49,26,85,0.3,30,5.7,NE,74,SW,,,1,Cerah,Sunny,https://api-apps.bmkg.go.id/storage/icon/cuaca/cerah-pm.svg,2026-09-21T13:00:00Z
33,33.74,33.74.06,33.74.06.1004,33.74.06.1004,Jawa Tengah,Kota Semarang,Pedurungan,Tlogosari Kulon,2026-09-19T12:00:00,2026-09-21 16:00:00,2026-09-21 23:00:00,51-52,26,77,0,5,11.1,E,129,W,,,0,Cerah,Sunny,https://api-apps.bmkg.go.id/storage/icon/cuaca/cerah-pm.svg,2026-09-21T16:00:00Z
33,33.74,33.74.06,33.74.06.1005,33.74.06.1005,Jawa Tengah,Kota Semarang,Pedurungan,Muktiharjo Kidul,2026-09-19T12:00:00,2026-09-19 16:00:00,2026-09-19 23:00:00,3-4,26,69,0,39,7.4,E,134,W,,,1,Cerah,Sunny,https://api-apps.bmkg.go.id/storage/icon/cuaca/cerah-pm.svg,2026-09-19T16:00:00Z
33,33.74,33.74.06,33.74.06.1005,33.74.06.1005,Jawa Tengah,Kota Semarang,Pedurungan,Muktiharjo Kidul,2026-09-19T12:00:00,2026-09-19 19:00:00,2026-09-20 02:00:00,6-7,25,73,0,1,9.1,SE,135,NW,,,0,Cerah,Sunny,https://api-apps.bmkg.go.id/storage/icon/cuaca/cerah-pm.svg,2026-09-19T19:00:00Z
33,33.74,33.74.06,33.74.06.1005,33.74.06.1005,Jawa Tengah,Kota Semarang,Pedurungan,Muktiharjo Kidul,2026-09-19T12:00:00,2026-09-19 22:00:00,2026-09-20 05:00:00,9-10,25,69,0,0,9.6,SE,142,NW,,,0,Cerah,Sunny,https://api-apps.bmkg.go.id/storage/icon/cuaca/cerah-pm.svg,2026-09-19T22:00:00Z
33,33.74,33.74.06,33.74.06.1005,33.74.06.1005,Jawa Tengah,Kota Semarang,Pedurungan,Muktiharjo Kidul,2026-09-19T12:00:00,2026-09-20 01:00:00,2026-09-20 08:00:00,12-13,30,53,0,0,13.2,E,125,W,,,0,Cerah,Sunny,https://api-apps.bmkg.go.id/storage/icon/cuaca/cerah-am.svg,2026-09-20T01:00:00Z
33,33.74,33.74.06,33.74.06.1005,33.74.06.1005,Jawa Tengah,Kota Semarang,Pedurungan,Muktiharjo Kidul,2026-09-19T12:00:00,2026-09-20 04:00:00,2026-09-20 11:00:00,15-16,34,45,0,2,12.1,E,108,W,,,0,Cerah,Sunny,https://api-apps.bmkg.go.id/storage/icon/cuaca/cerah-am.svg,2026-09-20T04:00:00Z
33,33.74,33.74.06,33.74.06.1005,33.74.06.1005,Jawa Tengah,Kota Semarang,Pedurungan,Muktiharjo Kidul,2026-09-19T12:00:00,2026-09-20 07:00:00,2026-09-20 14:00:00,18-19,32,58,0.1,20,13.9,NW,324,SE,,,1,Cerah,Sunny,https://api-apps.bmkg.go.id/storage/icon/cuaca/cerah-am.svg,2026-09-20T07:00:00Z
33,33.74,33.74.06,33.74.06.1005,33.74.06.1005,Jawa Tengah,Kota Semarang,Pedurungan,Muktiharjo Kidul,2026-09-19T12:00:00,2026-09-20 10:00:00,2026-09-20 17:00:00,21-22,29,78,0,5,4,W,284,E,,,0,Cerah,Sunny,https://api-apps.bmkg.go.id/storage/icon/cuaca/cerah-am.svg,2026-09-20T10:00:00Z
33,33.74,33.74.06,33.74.06.1005,33.74.06.1005,Jawa Tengah,Kota Semarang,Pedurungan,Muktiharjo Kidul,2026-09-19T12:00:00,2026-09-20 13:00:00,2026-09-20 20:00:00,24-25,28,79,0.2,18,0.8,SW,255,NE,,,1,Cerah,Sunny,https://api-apps.bmkg.go.id/storage/icon/cuaca/cerah-pm.svg,2026-09-20T13:00:00Z
33,33.74,33.74.06,33.74.06.1005,33.74.06.1005,Jawa Tengah,Kota Semarang,Pedurungan,Muktiharjo Kidul,2026-09-19T12:00:00,2026-09-20 16:00:00,2026-09-20 23:00:00,27-28,27,81,0,0,7,SE,142,NW,,,0,Cerah,Sunny,https://api-apps.bmkg.go.id/storage/icon/cuaca/cerah-pm.svg,2026-09-20T16:00:00Z
33,33.74,33.74.06,33.74.06.1005,33.74.06.1005,Jawa Tengah,Kota Semarang,Pedurungan,Muktiharjo Kidul,2026-09-19T12:00:00,2026-09-20 19:00:00,2026-09-21 02:00:00,30-31,26,78,0,0,8.3,SE,147,NW,,,0,Cerah,Sunny,https://api-apps.bmkg.go.id/storage/icon/cuaca/cerah-pm.svg,2026-09-20T19:00:00Z
33,33.74,33.74.06,33.74.06.1005,33.74.06.1005,Jawa Tengah,Kota Semarang,Pedurungan,Muktiharjo Kidul,2026-09-19T12:00:00,2026-09-20 22:00:00,2026-09-21 05:00:00,33-34,25,74,0,0,12.8,SE,144,NW,,,0,Cerah,Sunny,https://api-apps.bmkg.go.id/storage/icon/cuaca/cerah-pm.svg,2026-09-20T22:00:00Z
33,33.74,33.74.06,33.74.06.1005,33.74.06.1005,Jawa Tengah,Kota Semarang,Pedurungan,Muktiharjo Kidul,2026-09-19T12:00:00,2026-09-21 01:00:00,2026-09-21 08:00:00,36-37,30,56,0,0,14.5,E,126,W,,,0,Cerah,Sunny,https://api-apps.bmkg.go.id/storage/icon/cuaca/cerah-am.svg,2026-09-21T01:00:00Z
33,33.74,33.74.06,33.74.06.1005,33.74.06.1005,Jawa Tengah,Kota Semarang,Pedurungan,Muktiharjo Kidul,2026-09-19T12:00:00,2026-09-21 04:00:00,2026-09-21 11:00:00,39-40,34,44,0,29,11.7,E,120,W,,,1,Cerah,Sunny,https://api-apps.bmkg.go.id/storage/icon/cuaca/cerah-am.svg,2026-09-21T04:00:00Z
33,33.74,33.74.06,33.74.06.1005,33.74.06.1005,Jawa Tengah,Kota Semarang,Pedurungan,Muktiharjo Kidul,2026-09-19T12:00:00,2026-09-21 07:00:00,2026-09-21 14:00:00,42-43,32,59,0.1,17,11.3,NW,316,SE,,,1,Cerah,Sunny,https://api-apps.bmkg.go.id/storage/icon/cuaca/cerah-am.svg,2026-09-21T07:00:00Z
33,33.74,33.74.06,33.74.06.1005,33.74.06.1005,Jawa Tengah,Kota Semarang,Pedurungan,Muktiharjo Kidul,2026-09-19T12:00:00,2026-09-21 10:00:00,2026-09-21 17:00:00,45-46,30,70,0.1,7,3.7,NW,316,SE,,,0,Cerah,Sunny,https://api-apps.bmkg.go.id/storage/icon/cuaca/cerah-am.svg,2026-09-21T10:00:00Z
33,33.74,33.74.06,33.74.06.1005,33.74.06.1005,Jawa Tengah,Kota Semarang,Pedurungan,Muktiharjo Kidul,2026-09-19T12:00:00,2026-09-21 13:00:00,2026-09-21 20:00:00,48-49,26,85,0.3,30,5.7,NE,74,SW,,,1,Cerah,Sunny,https://api-apps.bmkg.go.id/storage/icon/cuaca/cerah-pm.svg,2026-09-21T13:00:00Z
33,33.74,33.74.06,33.74.06.1005,33.74.06.1005,Jawa Tengah,Kota Semarang,Pedurungan,Muktiharjo Kidul,2026-09-19T12:00:00,2026-09-21 16:00:00,2026-09-21 23:00:00,51-52,26,77,0,5,11.1,E,129,W,,,0,Cerah,Sunny,https://api-apps.bmkg.go.id/storage/icon/cuaca/cerah-pm.svg,2026-09-21T16:00:00Z
33,33.74,33.74.06,33.74.06.1006,33.74.06.1006,Jawa Tengah,Kota Semarang,Pedurungan,Plamongansari,2026-09-19T12:00:00,2026-09-19 16:00:00,2026-09-19 23:00:00,3-4,26,68,0,47,7.4,E,134,W,,,1,Cerah,Sunny,https://api-apps.bmkg.go.id/storage/icon/cuaca/cerah-pm.svg,2026-09-19T16:00:00Z
33,33.74,33.74.06,33.74.06.1006,33.74.06.1006,Jawa Tengah,Kota Semarang,Pedurungan,Plamongansari,2026-09-19T12:00:00,2026-09-19 19:00:00,2026-09-20 02:00:00,6-7,24,74,0,0,9.1,SE,135,NW,,,0,Cerah,Sunny,https://api-apps.bmkg.go.id/storage/icon/cuaca/cerah-pm.svg,2026-09-19T19:00:00Z
33,33.74,33.74.06,33.74.06.1006,33.74.06.1006,Jawa Tengah,Kota Semarang,Pedurungan,Plamongansari,2026-09-19T12:00:00,2026-09-19 22:00:00,2026-09-20 05:00:00,9-10,24,67,0,0,9.6,SE,142,NW,,,0,Cerah,Sunny,https://api-apps.bmkg.go.id/storage/icon/cuaca/cerah-pm.svg,2026-09-19T22:00:00Z
33,33.74,33.74.06,33.74.06.1006,33.74.06.1006,Jawa Tengah,Kota Semarang,Pedurungan,Plamongansari,2026-09-19T12:00:00,2026-09-20 01:00:00,2026-09-20 08:00:00,12-13,30,52,0,0,13.2,E,125,W,,,0,Cerah,Sunny,https://api-apps.bmkg.go.id/storage/icon/cuaca/cerah-am.svg,2026-09-20T01:00:00Z
33,33.74,33.74.06,33.74.06.1006,33.74.06.1006,Jawa Tengah,Kota Semarang,Pedurungan,Plamongansari,2026-09-19T12:00:00,2026-09-20 04:00:00,2026-09-20 11:00:00,15-16,35,42,0,3,12.1,E,108,W,,,0,Cerah,Sunny,https://api-apps.bmkg.go.id/storage/icon/cuaca/cerah-am.svg,2026-09-20T04:00:00Z
33,33.74,33.74.06,33.74.06.1006,33.74.06.1006,Jawa Tengah,Kota Semarang,Pedurungan,Plamongansari,2026-09-19T12:00:00,2026-09-20 07:00:00,2026-09-20 14:00:00,18-19,34,46,0.1,22,13.9,NW,324,SE,,,1,Cerah,Sunny,https://api-apps.bmkg.go.id/storage/icon/cuaca/cerah-am.svg,2026-09-20T07:00:00Z
33,33.74,33.74.06,33.74.06.1006,33.74.06.1006,Jawa Tengah,Kota Semarang,Pedurungan,Plamongansari,2026-09-19T12:00:00,2026-09-20 10:00:00,2026-09-20 17:00:00,21-22,29,76,0,5,4,W,284,E,,,0,Cerah,Sunny,https://api-apps.bmkg.go.id/storage/icon/cuaca/cerah-am.svg,2026-09-20T10:00:00Z
33,33.74,33.74.06,33.74.06.1006,33.74.06.1006,Jawa Tengah,Kota Semarang,Pedurungan,Plamongansari,2026-09-19T12:00:00,2026-09-20 13:00:00,2026-09-20 20:00:00,24-25,27,85,0.2,34,0.8,SW,255,NE,,,1,Cerah,Sunny,https://api-apps.bmkg.go.id/storage/icon/cuaca/cerah-pm.svg,2026-09-20T13:00:00Z
33,33.74,33.74.06,33.74.06.1006,33.74.06.1006,Jawa Tengah,Kota Semarang,Pedurungan,Plamongansari,2026-09-19T12:00:00,2026-09-20 16:00:00,2026-09-20 23:00:00,27-28,26,83,0,0,7,SE,142,NW,,,0,Cerah,Sunny,https://api-apps.bmkg.go.id/storage/icon/cuaca/cerah-pm.svg,2026-09-20T16:00:00Z
33,33.74,33.74.06,33.74.06.1006,33.74.06.1006,Jawa Tengah,Kota Semarang,Pedurungan,Plamongansari,2026-09-19T12:00:00,2026-09-20 19:00:00,2026-09-21 02:00:00,30-31,25,82,0,0,8.3,SE,147,NW,,,0,Cerah,Sunny,https://api-apps.bmkg.go.id/storage/icon/cuaca/cerah-pm.svg,2026-09-20T19:00:00Z
33,33.74,33.74.06,33.74.06.1006,33.74.06.1006,Jawa Tengah,Kota Semarang,Pedurungan,Plamongansari,2026-09-19T12:00:00,2026-09-20 22:00:00,2026-09-21 05:00:00,33-34,24,75,0,0,12.8,SE,144,NW,,,0,Cerah,Sunny,https://api-apps.bmkg.go.id/storage/icon/cuaca/cerah-pm.svg,2026-09-20T22:00:00Z
33,33.74,33.74.06,33.74.06.1006,33.74.06.1006,Jawa Tengah,Kota Semarang,Pedurungan,Plamongansari,2026-09-19T12:00:00,2026-09-21 01:00:00,2026-09-21 08:00:00,36-37,30,54,0,0,14.5,E,126,W,,,0,Cerah,Sunny,https://api-apps.bmkg.go.id/storage/icon/cuaca/cerah-am.svg,2026-09-21T01:00:00Z
33,33.74,33.74.06,33.74.06.1006,33.74.06.1006,Jawa Tengah,Kota Semarang,Pedurungan,Plamongansari,2026-09-19T12:00:00,2026-09-21 04:00:00,2026-09-21 11:00:00,39-40,35,41,0,33,11.7,E,120,W,,,1,Cerah,Sunny,https://api-apps.bmkg.go.id/storage/icon/cuaca/cerah-am.svg,2026-09-21T04:00:00Z
33,33.74,33.74.06,33.74.06.1006,33.74.06.1006,Jawa Tengah,Kota Semarang,Pedurungan,Plamongansari,2026-09-19T12:00:00,2026-09-21 07:00:00,2026-09-21 14:00:00,42-43,34,46,0.1,16,11.3,NW,316,SE,,,1,Cerah,Sunny,https://api-apps.bmkg.go.id/storage/icon/cuaca/cerah-am.svg,2026-09-21T07:00:00Z
33,33.74,33.74.06,33.74.06.1006,33.74.06.1006,Jawa Tengah,Kota Semarang,Pedurungan,Plamongansari,2026-09-19T12:00:00,2026-09-21 10:00:00,2026-09-21 17:00:00,45-46,30,67,0.2,3,3.7,NW,316,SE,,,0,Cerah,Sunny,https://api-apps.bmkg.go.id/storage/icon/cuaca/cerah-am.svg,2026-09-21T10:00:00Z
33,33.74,33.74.06,33.74.06.1006,33.74.06.1006,Jawa Tengah,Kota Semarang,Pedurungan,Plamongansari,2026-09-19T12:00:00,2026-09-21 13:00:00,2026-09-21 20:00:00,48-49,26,88,0.4,29,5.7,NE,74,SW,,,1,Cerah,Sunny,https://api-apps.bmkg.go.id/storage/icon/cuaca/cerah-pm.svg,2026-09-21T13:00:00Z
33,33.74,33.74.06,33.74.06.1006,33.74.06.1006,Jawa Tengah,Kota Semarang,Pedurungan,Plamongansari,2026-09-19T12:00:00,2026-09-21 16:00:00,2026-09-21 23:00:00,51-52,26,79,0,5,11.1,E,129,W,,,0,Cerah,Sunny,https://api-apps.bmkg.go.id/storage/icon/cuaca/cerah-pm.svg,2026-09-21T16:00:00Z
33,33.74,33.74.06,33.74.06.1007,33.74.06.1007,Jawa Tengah,Kota Semarang,Pedurungan,Gemah,2026-09-19T12:00:00,2026-09-19 16:00:00,2026-09-19 23:00:00,3-4,26,68,0,50,7.4,E,134,W,,,1,Cerah,Sunny,https://api-apps.bmkg.go.id/storage/icon/cuaca/cerah-pm.svg,2026-09-19T16:00:00Z
33,33.74,33.74.06,33.74.06.1007,33.74.06.1007,Jawa Tengah,Kota Semarang,Pedurungan,Gemah,2026-09-19T12:00:00,2026-09-19 19:00:00,2026-09-20 02:00:00,6-7,25,73,0,0,9.1,SE,135,NW,,,0,Cerah,Sunny,https://api-apps.bmkg.go.id/storage/icon/cuaca/cerah-pm.svg,2026-09-19T19:00:00Z
33,33.74,33.74.06,33.74.06.1007,33.74.06.1007,Jawa Tengah,Kota Semarang,Pedurungan,Gemah,2026-09-19T12:00:00,2026-09-19 22:00:00,2026-09-20 05:00:00,9-10,25,67,0,0,9.6,SE,142,NW,,,0,Cerah,Sunny,https://api-apps.bmkg.go.id/storage/icon/cuaca/cerah-pm.svg,2026-09-19T22:00:00Z
33,33.74,33.74.06,33.74.06.1007,33.74.06.1007,Jawa Tengah,Kota Semarang,Pedurungan,Gemah,2026-09-19T12:00:00,2026-09-20 01:00:00,2026-09-20 08:00:00,12-13,31,51,0,0,13.2,E,125,W,,,0,Cerah,Sunny,https://api-apps.bmkg.go.id/storage/icon/cuaca/cerah-am.svg,2026-09-20T01:00:00Z
33,33.74,33.74.06,33.74.06.1007,33.74.06.1007,Jawa Tengah,Kota Semarang,Pedurungan,Gemah,2026-09-19T12:00:00,2026-09-20 04:00:00,2026-09-20 11:00:00,15-16,35,40,0,2,12.1,E,108,W,,,0,Cerah,Sunny,https://api-apps.bmkg.go.id/storage/icon/cuaca/cerah-am.svg,2026-09-20T04:00:00Z
33,33.74,33.74.06,33.74.06.1007,33.74.06.1007,Jawa Tengah,Kota Semarang,Pedurungan,Gemah,2026-09-19T12:00:00,2026-09-20 07:00:00,2026-09-20 14:00:00,18-19,33,50,0.1,25,13.9,NW,324,SE,,,1,Cerah,Sunny,https://api-apps.bmkg.go.id/storage/icon/cuaca/cerah-am.svg,2026-09-20T07:00:00Z
33,33.74,33.74.06,33.74.06.1007,33.74.06.1007,Jawa Tengah,Kota Semarang,Pedurungan,Gemah,2026-09-19T12:00:00,2026-09-20 10:00:00,2026-09-20 17:00:00,21-22,29,77,0,5,4,W,284,E,,,0,Cerah,Sunny,https://api-apps.bmkg.go.id/storage/icon/cuaca/cerah-am.svg,2026-09-20T10:00:00Z
33,33.74,33.74.06,33.74.06.1007,33.74.06.1007,Jawa Tengah,Kota Semarang,Pedurungan,Gemah,2026-09-19T12:00:00,2026-09-20 13:00:00,2026-09-20 20:00:00,24-25,28,82,0.2,30,0.8,SW,255,NE,,,1,Cerah,Sunny,https://api-apps.bmkg.go.id/storage/icon/cuaca/cerah-pm.svg,2026-09-20T13:00:00Z
33,33.74,33.74.06,33.74.06.1007,33.74.06.1007,Jawa Tengah,Kota Semarang,Pedurungan,Gemah,2026-09-19T12:00:00,2026-09-20 16:00:00,2026-09-20 23:00:00,27-28,26,81,0,0,7,SE,142,NW,,,0,Cerah,Sunny,https://api-apps.bmkg.go.id/storage/icon/cuaca/cerah-pm.svg,2026-09-20T16:00:00Z
33,33.74,33.74.06,33.74.06.1007,33.74.06.1007,Jawa Tengah,Kota Semarang,Pedurungan,Gemah,2026-09-19T12:00:00,2026-09-20 19:00:00,2026-09-21 02:00:00,30-31,25,80,0,0,8.3,SE,147,NW,,,0,Cerah,Sunny,https://api-apps.bmkg.go.id/storage/icon/cuaca/cerah-pm.svg,2026-09-20T19:00:00Z
33,33.74,33.74.06,33.74.06.1007,33.74.06.1007,Jawa Tengah,Kota Semarang,Pedurungan,Gemah,2026-09-19T12:00:00,2026-09-20 22:00:00,2026-09-21 05:00:00,33-34,25,73,0,0,12.8,SE,144,NW,,,0,Cerah,Sunny,https://api-apps.bmkg.go.id/storage/icon/cuaca/cerah-pm.svg,2026-09-20T22:00:00Z
33,33.74,33.74.06,33.74.06.1007,33.74.06.1007,Jawa Tengah,Kota Semarang,Pedurungan,Gemah,2026-09-19T12:00:00,2026-09-21 01:00:00,2026-09-21 08:00:00,36-37,30,53,0,0,14.5,E,126,W,,,0,Cerah,Sunny,https://api-apps.bmkg.go.id/storage/icon/cuaca/cerah-am.svg,2026-09-21T01:00:00Z
33,33.74,33.74.06,33.74.06.1007,33.74.06.1007,Jawa Tengah,Kota Semarang,Pedurungan,Gemah,2026-09-19T12:00:00,2026-09-21 04:00:00,2026-09-21 11:00:00,39-40,35,40,0,32,11.7,E,120,W,,,1,Cerah,Sunny,https://api-apps.bmkg.go.id/storage/icon/cuaca/cerah-am.svg,2026-09-21T04:00:00Z
33,33.74,33.74.06,33.74.06.1007,33.74.06.1007,Jawa Tengah,Kota Semarang,Pedurungan,Gemah,2026-09-19T12:00:00,2026-09-21 07:00:00,2026-09-21 14:00:00,42-43,34,51,0.1,14,11.3,NW,316,SE,,,1,Cerah,Sunny,https://api-apps.bmkg.go.id/storage/icon/cuaca/cerah-am.svg,2026-09-21T07:00:00Z
33,33.74,33.74.06,33.74.06.1007,33.74.06.1007,Jawa Tengah,Kota Semarang,Pedurungan,Gemah,2026-09-19T12:00:00,2026-09-21 10:00:00,2026-09-21 17:00:00,45-46,30,68,0.2,2,3.7,NW,316,SE,,,0,Cerah,Sunny,https://api-apps.bmkg.go.id/storage/icon/cuaca/cerah-am.svg,2026-09-21T10:00:00Z
33,33.74,33.74.06,33.74.06.1007,33.74.06.1007,Jawa Tengah,Kota Semarang,Pedurungan,Gemah,2026-09-19T12:00:00,2026-09-21 13:00:00,2026-09-21 20:00:00,48-49,26,86,0.4,31,5.7,NE,74,SW,,,1,Cerah,Sunny,https://api-apps.bmkg.go.id/storage/icon/cuaca/cerah-pm.svg,2026-09-21T13:00:00Z
33,33.74,33.74.06,33.74.06.1007,33.74.06.1007,Jawa Tengah,Kota Semarang,Pedurungan,Gemah,2026-09-19T12:00:00,2026-09-21 16:00:00,2026-09-21 23:00:00,51-52,26,76,0,5,11.1,E,129,W,,,0,Cerah,Sunny,https://api-apps.bmkg.go.id/storage/icon/cuaca/cerah-pm.svg,2026-09-21T16:00:00Z
33,33.74,33.74.06,33.74.06.1008,33.74.06.1008,Jawa Tengah,Kota Semarang,Pedurungan,Pedurungan Kidul,2026-09-19T12:00:00,2026-09-19 16:00:00,2026-09-19 23:00:00,3-4,25,71,0,42,7.4,E,134,W,,,1,Cerah,Sunny,https://api-apps.bmkg.go.id/storage/icon/cuaca/cerah-pm.svg,2026-09-19T16:00:00Z
33,33.74,33.74.06,33.74.06.1008,33.74.06.1008,Jawa Tengah,Kota Semarang,Pedurungan,Pedurungan Kidul,2026-09-19T12:00:00,2026-09-19 19:00:00,2026-09-20 02:00:00,6-7,24,76,0,0,9.1,SE,135,NW,,,0,Cerah,Sunny,https://api-apps.bmkg.go.id/storage/icon/cuaca/cerah-pm.svg,2026-09-19T19:00:00Z
33,33.74,33.74.06,33.74.06.1008,33.74.06.1008,Jawa Tengah,Kota Semarang,Pedurungan,Pedurungan Kidul,2026-09-19T12:00:00,2026-09-19 22:00:00,2026-09-20 05:00:00,9-10,24,69,0,0,9.6,SE,142,NW,,,0,Cerah,Sunny,https://api-apps.bmkg.go.id/storage/icon/cuaca/cerah-pm.svg,2026-09-19T22:00:00Z
33,33.74,33.74.06,33.74.06.1008,33.74.06.1008,Jawa Tengah,Kota Semarang,Pedurungan,Pedurungan Kidul,2026-09-19T12:00:00,2026-09-20 01:00:00,2026-09-20 08:00:00,12-13,30,52,0,0,13.2,E,125,W,,,0,Cerah,Sunny,https://api-apps.bmkg.go.id/storage/icon/cuaca/cerah-am.svg,2026-09-20T01:00:00Z
33,33.74,33.74.06,33.74.06.1008,33.74.06.1008,Jawa Tengah,Kota Semarang,Pedurungan,Pedurungan Kidul,2026-09-19T12:00:00,2026-09-20 04:00:00,2026-09-20 11:00:00,15-16,34,42,0,4,12.1,E,108,W,,,0,Cerah,Sunny,https://api-apps.bmkg.go.id/storage/icon/cuaca/cerah-am.svg,2026-09-20T04:00:00Z
33,33.74,33.74.06,33.74.06.1008,33.74.06.1008,Jawa Tengah,Kota Semarang,Pedurungan,Pedurungan Kidul,2026-09-19T12:00:00,2026-09-20 07:00:00,2026-09-20 14:00:00,18-19,33,49,0.1,21,13.9,NW,324,SE,,,1,Cerah,Sunny,https://api-apps.bmkg.go.id/storage/icon/cuaca/cerah-am.svg,2026-09-20T07:00:00Z
33,33.74,33.74.06,33.74.06.1008,33.74.06.1008,Jawa Tengah,Kota Semarang,Pedurungan,Pedurungan Kidul,2026-09-19T12:00:00,2026-09-20 10:00:00,2026-09-20 17:00:00,21-22,28,77,0,6,4,W,284,E,,,0,Cerah,Sunny,https://api-apps.bmkg.go.id/storage/icon/cuaca/cerah-am.svg,2026-09-20T10:00:00Z
33,33.74,33.74.06,33.74.06.1008,33.74.06.1008,Jawa Tengah,Kota Semarang,Pedurungan,Pedurungan Kidul,2026-09-19T12:00:00,2026-09-20 13:00:00,2026-09-20 20:00:00,24-25,27,84,0.2,28,0.8,SW,255,NE,,,1,Cerah,Sunny,https://api-apps.bmkg.go.id/storage/icon/cuaca/cerah-pm.svg,2026-09-20T13:00:00Z
33,33.74,33.74.06,33.74.06.1008,33.74.06.1008,Jawa Tengah,Kota Semarang,Pedurungan,Pedurungan Kidul,2026-09-19T12:00:00,2026-09-20 16:00:00,2026-09-20 23:00:00,27-28,26,83,0,0,7,SE,142,NW,,,0,Cerah,Sunny,https://api-apps.bmkg.go.id/storage/icon/cuaca/cerah-pm.svg,2026-09-20T16:00:00Z
33,33.74,33.74.06,33.74.06.1008,33.74.06.1008,Jawa Tengah,Kota Semarang,Pedurungan,Pedurungan Kidul,2026-09-19T12:00:00,2026-09-20 19:00:00,2026-09-21 02:00:00,30-31,25,82,0,0,8.3,SE,147,NW,,,0,Cerah,Sunny,https://api-apps.bmkg.go.id/storage/icon/cuaca/cerah-pm.svg,2026-09-20T19:00:00Z
33,33.74,33.74.06,33.74.06.1008,33.74.06.1008,Jawa Tengah,Kota Semarang,Pedurungan,Pedurungan Kidul,2026-09-19T12:00:00,2026-09-20 22:00:00,2026-09-21 05:00:00,33-34,25,75,0,0,12.8,SE,144,NW,,,0,Cerah,Sunny,https://api-apps.bmkg.go.id/storage/icon/cuaca/cerah-pm.svg,2026-09-20T22:00:00Z
33,33.74,33.74.06,33.74.06.1008,33.74.06.1008,Jawa Tengah,Kota Semarang,Pedurungan,Pedurungan Kidul,2026-09-19T12:00:00,2026-09-21 01:00:00,2026-09-21 08:00:00,36-37,30,54,0,0,14.5,E,126,W,,,0,Cerah,Sunny,https://api-apps.bmkg.go.id/storage/icon/cuaca/cerah-am.svg,2026-09-21T01:00:00Z
33,33.74,33.74.06,33.74.06.1008,33.74.06.1008,Jawa Tengah,Kota Semarang,Pedurungan,Pedurungan Kidul,2026-09-19T12:00:00,2026-09-21 04:00:00,2026-09-21 11:00:00,39-40,35,42,0,32,11.7,E,120,W,,,1,Cerah,Sunny,https://api-apps.bmkg.go.id/storage/icon/cuaca/cerah-am.svg,2026-09-21T04:00:00Z
33,33.74,33.74.06,33.74.06.1008,33.74.06.1008,Jawa Tengah,Kota Semarang,Pedurungan,Pedurungan Kidul,2026-09-19T12:00:00,2026-09-21 07:00:00,2026-09-21 14:00:00,42-43,33,49,0.1,19,11.3,NW,316,SE,,,1,Cerah,Sunny,https://api-apps.bmkg.go.id/storage/icon/cuaca/cerah-am.svg,2026-09-21T07:00:00Z
33,33.74,33.74.06,33.74.06.1008,33.74.06.1008,Jawa Tengah,Kota Semarang,Pedurungan,Pedurungan Kidul,2026-09-19T12:00:00,2026-09-21 10:00:00,2026-09-21 17:00:00,45-46,29,69,0.1,6,3.7,NW,316,SE,,,0,Cerah,Sunny,https://api-apps.bmkg.go.id/storage/icon/cuaca/cerah-am.svg,2026-09-21T10:00:00Z
33,33.74,33.74.06,33.74.06.1008,33.74.06.1008,Jawa Tengah,Kota Semarang,Pedurungan,Pedurungan Kidul,2026-09-19T12:00:00,2026-09-21 13:00:00,2026-09-21 20:00:00,48-49,26,87,0.3,29,5.7,NE,74,SW,,,1,Cerah,Sunny,https://api-apps.bmkg.go.id/storage/icon/cuaca/cerah-pm.svg,2026-09-21T13:00:00Z
33,33.74,33.74.06,33.74.06.1008,33.74.06.1008,Jawa Tengah,Kota Semarang,Pedurungan,Pedurungan Kidul,2026-09-19T12:00:00,2026-09-21 16:00:00,2026-09-21 23:00:00,51-52,26,79,0,6,11.1,E,129,W,,,0,Cerah,Sunny,https://api-apps.bmkg.go.id/storage/icon/cuaca/cerah-pm.svg,2026-09-21T16:00:00Z
33,33.74,33.74.06,33.74.06.1009,33.74.06.1009,Jawa Tengah,Kota Semarang,Pedurungan,Pedurungan Lor,2026-09-19T12:00:00,2026-09-19 16:00:00,2026-09-19 23:00:00,3-4,26,68,0,50,7.4,E,134,W,,,1,Cerah,Sunny,https://api-apps.bmkg.go.id/storage/icon/cuaca/cerah-pm.svg,2026-09-19T16:00:00Z
33,33.74,33.74.06,33.74.06.1009,33.74.06.1009,Jawa Tengah,Kota Semarang,Pedurungan,Pedurungan Lor,2026-09-19T12:00:00,2026-09-19 19:00:00,2026-09-20 02:00:00,6-7,25,73,0,0,9.1,SE,135,NW,,,0,Cerah,Sunny,https://api-apps.bmkg.go.id/storage/icon/cuaca/cerah-pm.svg,2026-09-19T19:00:00Z
33,33.74,33.74.06,33.74.06.1009,33.74.06.1009,Jawa Tengah,Kota Semarang,Pedurungan,Pedurungan Lor,2026-09-19T12:00:00,2026-09-19 22:00:00,2026-09-20 05:00:00,9-10,25,67,0,0,9.6,SE,142,NW,,,0,Cerah,Sunny,https://api-apps.bmkg.go.id/storage/icon/cuaca/cerah-pm.svg,2026-09-19T22:00:00Z
33,33.74,33.74.06,33.74.06.1009,33.74.06.1009,Jawa Tengah,Kota Semarang,Pedurungan,Pedurungan Lor,2026-09-19T12:00:00,2026-09-20 01:00:00,2026-09-20 08:00:00,12-13,31,51,0,0,13.2,E,125,W,,,0,Cerah,Sunny,https://api-apps.bmkg.go.id/storage/icon/cuaca/cerah-am.svg,2026-09-20T01:00:00Z
33,33.74,33.74.06,33.74.06.1009,33.74.06.1009,Jawa Tengah,Kota Semarang,Pedurungan,Pedurungan Lor,2026-09-19T12:00:00,2026-09-20 04:00:00,2026-09-20 11:00:00,15-16,35,40,0,2,12.1,E,108,W,,,0,Cerah,Sunny,https://api-apps.bmkg.go.id/storage/icon/cuaca/cerah-am.svg,2026-09-20T04:00:00Z
33,33.74,33.74.06,33.74.06.1009,33.74.06.1009,Jawa Tengah,Kota Semarang,Pedurungan,Pedurungan Lor,2026-09-19T12:00:00,2026-09-20 07:00:00,2026-09-20 14:00:00,18-19,33,50,0.1,25,13.9,NW,324,SE,,,1,Cerah,Sunny,https://api-apps.bmkg.go.id/storage/icon/cuaca/cerah-am.svg,2026-09-20T07:00:00Z
33,33.74,33.74.06,33.74.06.1009,33.74.06.1009,Jawa Tengah,Kota Semarang,Pedurungan,Pedurungan Lor,2026-09-19T12:00:00,2026-09-20 10:00:00,2026-09-20 17:00:00,21-22,29,77,0,5,4,W,284,E,,,0,Cerah,Sunny,https://api-apps.bmkg.go.id/storage/icon/cuaca/cerah-am.svg,2026-09-20T10:00:00Z
33,33.74,33.74.06,33.74.06.1009,33.74.06.1009,Jawa Tengah,Kota Semarang,Pedurungan,Pedurungan Lor,2026-09-19T12:00:00,2026-09-20 13:00:00,2026-09-20 20:00:00,24-25,28,82,0.2,30,0.8,SW,255,NE,,,1,Cerah,Sunny,https://api-apps.bmkg.go.id/storage/icon/cuaca/cerah-pm.svg,2026-09-20T13:00:00Z
33,33.74,33.74.06,33.74.06.1009,33.74.06.1009,Jawa Tengah,Kota Semarang,Pedurungan,Pedurungan Lor,2026-09-19T12:00:00,2026-09-20 16:00:00,2026-09-20 23:00:00,27-28,26,81,0,0,7,SE,142,NW,,,0,Cerah,Sunny,https://api-apps.bmkg.go.id/storage/icon/cuaca/cerah-pm.svg,2026-09-20T16:00:00Z
33,33.74,33.74.06,33.74.06.1009,33.74.06.1009,Jawa Tengah,Kota Semarang,Pedurungan,Pedurungan Lor,2026-09-19T12:00:00,2026-09-20 19:00:00,2026-09-21 02:00:00,30-31,25,80,0,0,8.3,SE,147,NW,,,0,Cerah,Sunny,https://api-apps.bmkg.go.id/storage/icon/cuaca/cerah-pm.svg,2026-09-20T19:00:00Z
33,33.74,33.74.06,33.74.06.1009,33.74.06.1009,Jawa Tengah,Kota Semarang,Pedurungan,Pedurungan Lor,2026-09-19T12:00:00,2026-09-20 22:00:00,2026-09-21 05:00:00,33-34,25,73,0,0,12.8,SE,144,NW,,,0,Cerah,Sunny,https://api-apps.bmkg.go.id/storage/icon/cuaca/cerah-pm.svg,2026-09-20T22:00:00Z
33,33.74,33.74.06,33.74.06.1009,33.74.06.1009,Jawa Tengah,Kota Semarang,Pedurungan,Pedurungan Lor,2026-09-19T12:00:00,2026-09-21 01:00:00,2026-09-21 08:00:00,36-37,30,53,0,0,14.5,E,126,W,,,0,Cerah,Sunny,https://api-apps.bmkg.go.id/storage/icon/cuaca/cerah-am.svg,2026-09-21T01:00:00Z
33,33.74,33.74.06,33.74.06.1009,33.74.06.1009,Jawa Tengah,Kota Semarang,Pedurungan,Pedurungan Lor,2026-09-19T12:00:00,2026-09-21 04:00:00,2026-09-21 11:00:00,39-40,35,40,0,32,11.7,E,120,W,,,1,Cerah,Sunny,https://api-apps.bmkg.go.id/storage/icon/cuaca/cerah-am.svg,2026-09-21T04:00:00Z
33,33.74,33.74.06,33.74.06.1009,33.74.06.1009,Jawa Tengah,Kota Semarang,Pedurungan,Pedurungan Lor,2026-09-19T12:00:00,2026-09-21 07:00:00,2026-09-21 14:00:00,42-43,34,51,0.1,14,11.3,NW,316,SE,,,1,Cerah,Sunny,https://api-apps.bmkg.go.id/storage/icon/cuaca/cerah-am.svg,2026-09-21T07:00:00Z
33,33.74,33.74.06,33.74.06.1009,33.74.06.1009,Jawa Tengah,Kota Semarang,Pedurungan,Pedurungan Lor,2026-09-19T12:00:00,2026-09-21 10:00:00,2026-09-21 17:00:00,45-46,30,68,0.2,2,3.7,NW,316,SE,,,0,Cerah,Sunny,https://api-apps.bmkg.go.id/storage/icon/cuaca/cerah-am.svg,2026-09-21T10:00:00Z
33,33.74,33.74.06,33.74.06.1009,33.74.06.1009,Jawa Tengah,Kota Semarang,Pedurungan,Pedurungan Lor,2026-09-19T12:00:00,2026-09-21 13:00:00,2026-09-21 20:00:00,48-49,26,86,0.4,31,5.7,NE,74,SW,,,1,Cerah,Sunny,https://api-apps.bmkg.go.id/storage/icon/cuaca/cerah-pm.svg,2026-09-21T13:00:00Z
33,33.74,33.74.06,33.74.06.1009,33.74.06.1009,Jawa Tengah,Kota Semarang,Pedurungan,Pedurungan Lor,2026-09-19T12:00:00,2026-09-21 16:00:00,2026-09-21 23:00:00,51-52,26,76,0,5,11.1,E,129,W,,,0,Cerah,Sunny,https://api-apps.bmkg.go.id/storage/icon/cuaca/cerah-pm.svg,2026-09-21T16:00:00Z
33,33.74,33.74.06,33.74.06.1010,33.74.06.1010,Jawa Tengah,Kota Semarang,Pedurungan,Pedurungan Tengah,2026-09-19T12:00:00,2026-09-19 16:00:00,2026-09-19 23:00:00,3-4,26,68,0,50,7.4,E,134,W,,,1,Cerah,Sunny,https://api-apps.bmkg.go.id/storage/icon/cuaca/cerah-pm.svg,2026-09-19T16:00:00Z
33,33.74,33.74.06,33.74.06.1010,33.74.06.1010,Jawa Tengah,Kota Semarang,Pedurungan,Pedurungan Tengah,2026-09-19T12:00:00,2026-09-19 19:00:00,2026-09-20 02:00:00,6-7,25,73,0,0,9.1,SE,135,NW,,,0,Cerah,Sunny,https://api-apps.bmkg.go.id/storage/icon/cuaca/cerah-pm.svg,2026-09-19T19:00:00Z
33,33.74,33.74.06,33.74.06.1010,33.74.06.1010,Jawa Tengah,Kota Semarang,Pedurungan,Pedurungan Tengah,2026-09-19T12:00:00,2026-09-19 22:00:00,2026-09-20 05:00:00,9-10,25,67,0,0,9.6,SE,142,NW,,,0,Cerah,Sunny,https://api-apps.bmkg.go.id/storage/icon/cuaca/cerah-pm.svg,2026-09-19T22:00:00Z
33,33.74,33.74.06,33.74.06.1010,33.74.06.1010,Jawa Tengah,Kota Semarang,Pedurungan,Pedurungan Tengah,2026-09-19T12:00:00,2026-09-20 01:00:00,2026-09-20 08:00:00,12-13,31,51,0,0,13.2,E,125,W,,,0,Cerah,Sunny,https://api-apps.bmkg.go.id/storage/icon/cuaca/cerah-am.svg,2026-09-20T01:00:00Z
33,33.74,33.74.06,33.74.06.1010,33.74.06.1010,Jawa Tengah,Kota Semarang,Pedurungan,Pedurungan Tengah,2026-09-19T12:00:00,2026-09-20 04:00:00,2026-09-20 11:00:00,15-16,35,40,0,2,12.1,E,108,W,,,0,Cerah,Sunny,https://api-apps.bmkg.go.id/storage/icon/cuaca/cerah-am.svg,2026-09-20T04:00:00Z
33,33.74,33.74.06,33.74.06.1010,33.74.06.1010,Jawa Tengah,Kota Semarang,Pedurungan,Pedurungan Tengah,2026-09-19T12:00:00,2026-09-20 07:00:00,2026-09-20 14:00:00,18-19,33,50,0.1,25,13.9,NW,324,SE,,,1,Cerah,Sunny,https://api-apps.bmkg.go.id/storage/icon/cuaca/cerah-am.svg,2026-09-20T07:00:00Z
33,33.74,33.74.06,33.74.06.1010,33.74.06.1010,Jawa Tengah,Kota Semarang,Pedurungan,Pedurungan Tengah,2026-09-19T12:00:00,2026-09-20 10:00:00,2026-09-20 17:00:00,21-22,29,77,0,5,4,W,284,E,,,0,Cerah,Sunny,https://api-apps.bmkg.go.id/storage/icon/cuaca/cerah-am.svg,2026-09-20T10:00:00Z
33,33.74,33.74.06,33.74.06.1010,33.74.06.1010,Jawa Tengah,Kota Semarang,Pedurungan,Pedurungan Tengah,2026-09-19T12:00:00,2026-09-20 13:00:00,2026-09-20 20:00:00,24-25,28,82,0.2,30,0.8,SW,255,NE,,,1,Cerah,Sunny,https://api-apps.bmkg.go.id/storage/icon/cuaca/cerah-pm.svg,2026-09-20T13:00:00Z
33,33.74,33.74.06,33.74.06.1010,33.74.06.1010,Jawa Tengah,Kota Semarang,Pedurungan,Pedurungan Tengah,2026-09-19T12:00:00,2026-09-20 16:00:00,2026-09-20 23:00:00,27-28,26,81,0,0,7,SE,142,NW,,,0,Cerah,Sunny,https://api-apps.bmkg.go.id/storage/icon/cuaca/cerah-pm.svg,2026-09-20T16:00:00Z
33,33.74,33.74.06,33.74.06.1010,33.74.06.1010,Jawa Tengah,Kota Semarang,Pedurungan,Pedurungan Tengah,2026-09-19T12:00:00,2026-09-20 19:00:00,2026-09-21 02:00:00,30-31,25,80,0,0,8.3,SE,147,NW,,,0,Cerah,Sunny,https://api-apps.bmkg.go.id/storage/icon/cuaca/cerah-pm.svg,2026-09-20T19:00:00Z
33,33.74,33.74.06,33.74.06.1010,33.74.06.1010,Jawa Tengah,Kota Semarang,Pedurungan,Pedurungan Tengah,2026-09-19T12:00:00,2026-09-20 22:00:00,2026-09-21 05:00:00,33-34,25,73,0,0,12.8,SE,144,NW,,,0,Cerah,Sunny,https://api-apps.bmkg.go.id/storage/icon/cuaca/cerah-pm.svg,2026-09-20T22:00:00Z
33,33.74,33.74.06,33.74.06.1010,33.74.06.1010,Jawa Tengah,Kota Semarang,Pedurungan,Pedurungan Tengah,2026-09-19T12:00:00,2026-09-21 01:00:00,2026-09-21 08:00:00,36-37,30,53,0,0,14.5,E,126,W,,,0,Cerah,Sunny,https://api-apps.bmkg.go.id/storage/icon/cuaca/cerah-am.svg,2026-09-21T01:00:00Z
33,33.74,33.74.06,33.74.06.1010,33.74.06.1010,Jawa Tengah,Kota Semarang,Pedurungan,Pedurungan Tengah,2026-09-19T12:00:00,2026-09-21 04:00:00,2026-09-21 11:00:00,39-40,35,40,0,32,11.7,E,120,W,,,1,Cerah,Sunny,https://api-apps.bmkg.go.id/storage/icon/cuaca/cerah-am.svg,2026-09-21T04:00:00Z
33,33.74,33.74.06,33.74.06.1010,33.74.06.1010,Jawa Tengah,Kota Semarang,Pedurungan,Pedurungan Tengah,2026-09-19T12:00:00,2026-09-21 07:00:00,2026-09-21 14:00:00,42-43,34,51,0.1,14,11.3,NW,316,SE,,,1,Cerah,Sunny,https://api-apps.bmkg.go.id/storage/icon/cuaca/cerah-am.svg,2026-09-21T07:00:00Z
33,33.74,33.74.06,33.74.06.1010,33.74.06.1010,Jawa Tengah,Kota Semarang,Pedurungan,Pedurungan Tengah,2026-09-19T12:00:00,2026-09-21 10:00:00,2026-09-21 17:00:00,45-46,30,68,0.2,2,3.7,NW,316,SE,,,0,Cerah,Sunny,https://api-apps.bmkg.go.id/storage/icon/cuaca/cerah-am.svg,2026-09-21T10:00:00Z
33,33.74,33.74.06,33.74.06.1010,33.74.06.1010,Jawa Tengah,Kota Semarang,Pedurungan,Pedurungan Tengah,2026-09-19T12:00:00,2026-09-21 13:00:00,2026-09-21 20:00:00,48-49,26,86,0.4,31,5.7,NE,74,SW,,,1,Cerah,Sunny,https://api-apps.bmkg.go.id/storage/icon/cuaca/cerah-pm.svg,2026-09-21T13:00:00Z
33,33.74,33.74.06,33.74.06.1010,33.74.06.1010,Jawa Tengah,Kota Semarang,Pedurungan,Pedurungan Tengah,2026-09-19T12:00:00,2026-09-21 16:00:00,2026-09-21 23:00:00,51-52,26,76,0,5,11.1,E,129,W,,,0,Cerah,Sunny,https://api-apps.bmkg.go.id/storage/icon/cuaca/cerah-pm.svg,2026-09-21T16:00:00Z
33,33.74,33.74.06,33.74.06.1011,33.74.06.1011,Jawa Tengah,Kota Semarang,Pedurungan,Palebon,2026-09-19T12:00:00,2026-09-19 15:00:00,2026-09-19 22:00:00,2-3,27,68,0,3,8.9,E,106,W,,,0,Cerah,Sunny,https://api-apps.bmkg.go.id/storage/icon/cuaca/cerah-pm.svg,2026-09-19T15:00:00Z
33,33.74,33.74.06,33.74.06.1011,33.74.06.1011,Jawa Tengah,Kota Semarang,Pedurungan,Palebon,2026-09-19T12:00:00,2026-09-19 18:00:00,2026-09-20 01:00:00,5-6,25,73,0,0,7.4,E,134,W,,,0,Cerah,Sunny,https://api-apps.bmkg.go.id/storage/icon/cuaca/cerah-pm.svg,2026-09-19T18:00:00Z
33,33.74,33.74.06,33.74.06.1011,33.74.06.1011,Jawa Tengah,Kota Semarang,Pedurungan,Palebon,2026-09-19T12:00:00,2026-09-19 21:00:00,2026-09-20 04:00:00,8-9,24,71,0,0,9.1,SE,135,NW,,,0,Cerah,Sunny,https://api-apps.bmkg.go.id/storage/icon/cuaca/cerah-pm.svg,2026-09-19T21:00:00Z
33,33.74,33.74.06,33.74.06.1011,33.74.06.1011,Jawa Tengah,Kota Semarang,Pedurungan,Palebon,2026-09-19T12:00:00,2026-09-20 00:00:00,2026-09-20 07:00:00,11-12,29,53,0,4,9.6,SE,142,NW,,,0,Cerah,Sunny,https://api-apps.bmkg.go.id/storage/icon/cuaca/cerah-am.svg,2026-09-20T00:00:00Z
33,33.74,33.74.06,33.74.06.1011,33.74.06.1011,Jawa Tengah,Kota Semarang,Pedurungan,Palebon,2026-09-19T12:00:00,2026-09-20 03:00:00,2026-09-20 10:00:00,14-15,34,43,0,0,13.2,E,125,W,,,0,Cerah,Sunny,https://api-apps.bmkg.go.id/storage/icon/cuaca/cerah-am.svg,2026-09-20T03:00:00Z
33,33.74,33.74.06,33.74.06.1011,33.74.06.1011,Jawa Tengah,Kota Semarang,Pedurungan,Palebon,2026-09-19T12:00:00,2026-09-20 06:00:00,2026-09-20 13:00:00,17-18,36,38,0.1,4,12.1,E,108,W,,,0,Cerah,Sunny,https://api-apps.bmkg.go.id/storage/icon/cuaca/cerah-am.svg,2026-09-20T06:00:00Z
33,33.74,33.74.06,33.74.06.1011,33.74.06.1011,Jawa Tengah,Kota Semarang,Pedurungan,Palebon,2026-09-19T12:00:00,2026-09-20 09:00:00,2026-09-20 16:00:00,20-21,29,72,0,13,13.9,NW,324,SE,,,1,Cerah,Sunny,https://api-apps.bmkg.go.id/storage/icon/cuaca/cerah-am.svg,2026-09-20T09:00:00Z
33,33.74,33.74.06,33.74.06.1011,33.74.06.1011,Jawa Tengah,Kota Semarang,Pedurungan,Palebon,2026-09-19T12:00:00,2026-09-20 12:00:00,2026-09-20 19:00:00,23-24,28,78,0.2,32,4,W,284,E,,,1,Cerah,Sunny,https://api-apps.bmkg.go.id/storage/icon/cuaca/cerah-pm.svg,2026-09-20T12:00:00Z
33,33.74,33.74.06,33.74.06.1011,33.74.06.1011,Jawa Tengah,Kota Semarang,Pedurungan,Palebon,2026-09-19T12:00:00,2026-09-20 15:00:00,2026-09-20 22:00:00,26-27,27,84,0,0,0.8,SW,255,NE,,,0,Cerah,Sunny,https://api-apps.bmkg.go.id/storage/icon/cuaca/cerah-pm.svg,2026-09-20T15:00:00Z
33,33.74,33.74.06,33.74.06.1011,33.74.06.1011,Jawa Tengah,Kota Semarang,Pedurungan,Palebon,2026-09-19T12:00:00,2026-09-20 18:00:00,2026-09-21 01:00:00,29-30,25,80,0,0,7,SE,142,NW,,,0,Cerah,Sunny,https://api-apps.bmkg.go.id/storage/icon/cuaca/cerah-pm.svg,2026-09-20T18:00:00Z
33,33.74,33.74.06,33.74.06.1011,33.74.06.1011,Jawa Tengah,Kota Semarang,Pedurungan,Palebon,2026-09-19T12:00:00,2026-09-20 21:00:00,2026-09-21 04:00:00,32-33,25,77,0,0,8.3,SE,147,NW,,,0,Cerah,Sunny,https://api-apps.bmkg.go.id/storage/icon/cuaca/cerah-pm.svg,2026-09-20T21:00:00Z
33,33.74,33.74.06,33.74.06.1011,33.74.06.1011,Jawa Tengah,Kota Semarang,Pedurungan,Palebon,2026-09-19T12:00:00,2026-09-21 00:00:00,2026-09-21 07:00:00,35-36,29,58,0,0,12.8,SE,144,NW,,,0,Cerah,Sunny,https://api-apps.bmkg.go.id/storage/icon/cuaca/cerah-am.svg,2026-09-21T00:00:00Z
33,33.74,33.74.06,33.74.06.1011,33.74.06.1011,Jawa Tengah,Kota Semarang,Pedurungan,Palebon,2026-09-19T12:00:00,2026-09-21 03:00:00,2026-09-21 10:00:00,38-39,34,42,0,0,14.5,E,126,W,,,0,Cerah,Sunny,https://api-apps.bmkg.go.id/storage/icon/cuaca/cerah-am.svg,2026-09-21T03:00:00Z
33,33.74,33.74.06,33.74.06.1011,33.74.06.1011,Jawa Tengah,Kota Semarang,Pedurungan,Palebon,2026-09-19T12:00:00,2026-09-21 06:00:00,2026-09-21 13:00:00,41-42,36,41,0.1,13,11.7,E,120,W,,,1,Cerah,Sunny,https://api-apps.bmkg.go.id/storage/icon/cuaca/cerah-am.svg,2026-09-21T06:00:00Z
33,33.74,33.74.06,33.74.06.1011,33.74.06.1011,Jawa Tengah,Kota Semarang,Pedurungan,Palebon,2026-09-19T12:00:00,2026-09-21 09:00:00,2026-09-21 16:00:00,44-45,30,65,0.2,5,11.3,NW,316,SE,,,0,Cerah,Sunny,https://api-apps.bmkg.go.id/storage/icon/cuaca/cerah-am.svg,2026-09-21T09:00:00Z
33,33.74,33.74.06,33.74.06.1011,33.74.06.1011,Jawa Tengah,Kota Semarang,Pedurungan,Palebon,2026-09-19T12:00:00,2026-09-21 12:00:00,2026-09-21 19:00:00,47-48,27,81,0.4,74,3.7,NW,316,SE,,,2,Cerah Berawan,Partly Cloudy,https://api-apps.bmkg.go.id/storage/icon/cuaca/cerah berawan-pm.svg,2026-09-21T12:00:00Z
33,33.74,33.74.06,33.74.06.1011,33.74.06.1011,Jawa Tengah,Kota Semarang,Pedurungan,Palebon,2026-09-19T12:00:00,2026-09-21 15:00:00,2026-09-21 22:00:00,50-51,26,84,0,5,5.7,NE,74,SW,,,0,Cerah,Sunny,https://api-apps.bmkg.go.id/storage/icon/cuaca/cerah-pm.svg,2026-09-21T15:00:00Z
33,33.74,33.74.06,33.74.06.1012,33.74.06.1012,Jawa Tengah,Kota Semarang,Pedurungan,Kalicari,2026-09-19T12:00:00,2026-09-19 16:00:00,2026-09-19 23:00:00,3-4,26,72,0,44,7.4,E,134,W,,,1,Cerah,Sunny,https://api-apps.bmkg.go.id/storage/icon/cuaca/cerah-pm.svg,2026-09-19T16:00:00Z
33,33.74,33.74.06,33.74.06.1012,33.74.06.1012,Jawa Tengah,Kota Semarang,Pedurungan,Kalicari,2026-09-19T12:00:00,2026-09-19 19:00:00,2026-09-20 02:00:00,6-7,25,74,0,1,9.1,SE,135,NW,,,0,Cerah,Sunny,https://api-apps.bmkg.go.id/storage/icon/cuaca/cerah-pm.svg,2026-09-19T19:00:00Z
33,33.74,33.74.06,33.74.06.1012,33.74.06.1012,Jawa Tengah,Kota Semarang,Pedurungan,Kalicari,2026-09-19T12:00:00,2026-09-19 22:00:00,2026-09-20 05:00:00,9-10,25,68,0,0,9.6,SE,142,NW,,,0,Cerah,Sunny,https://api-apps.bmkg.go.id/storage/icon/cuaca/cerah-pm.svg,2026-09-19T22:00:00Z
33,33.74,33.74.06,33.74.06.1012,33.74.06.1012,Jawa Tengah,Kota Semarang,Pedurungan,Kalicari,2026-09-19T12:00:00,2026-09-20 01:00:00,2026-09-20 08:00:00,12-13,30,51,0,0,13.2,E,125,W,,,0,Cerah,Sunny,https://api-apps.bmkg.go.id/storage/icon/cuaca/cerah-am.svg,2026-09-20T01:00:00Z
33,33.74,33.74.06,33.74.06.1012,33.74.06.1012,Jawa Tengah,Kota Semarang,Pedurungan,Kalicari,2026-09-19T12:00:00,2026-09-20 04:00:00,2026-09-20 11:00:00,15-16,35,40,0,2,12.1,E,108,W,,,0,Cerah,Sunny,https://api-apps.bmkg.go.id/storage/icon/cuaca/cerah-am.svg,2026-09-20T04:00:00Z
33,33.74,33.74.06,33.74.06.1012,33.74.06.1012,Jawa Tengah,Kota Semarang,Pedurungan,Kalicari,2026-09-19T12:00:00,2026-09-20 07:00:00,2026-09-20 14:00:00,18-19,33,52,0.1,23,13.9,NW,324,SE,,,1,Cerah,Sunny,https://api-apps.bmkg.go.id/storage/icon/cuaca/cerah-am.svg,2026-09-20T07:00:00Z
33,33.74,33.74.06,33.74.06.1012,33.74.06.1012,Jawa Tengah,Kota Semarang,Pedurungan,Kalicari,2026-09-19T12:00:00,2026-09-20 10:00:00,2026-09-20 17:00:00,21-22,29,77,0,6,4,W,284,E,,,0,Cerah,Sunny,https://api-apps.bmkg.go.id/storage/icon/cuaca/cerah-am.svg,2026-09-20T10:00:00Z
33,33.74,33.74.06,33.74.06.1012,33.74.06.1012,Jawa Tengah,Kota Semarang,Pedurungan,Kalicari,2026-09-19T12:00:00,2026-09-20 13:00:00,2026-09-20 20:00:00,24-25,27,80,0.2,21,0.8,SW,255,NE,,,1,Cerah,Sunny,https://api-apps.bmkg.go.id/storage/icon/cuaca/cerah-pm.svg,2026-09-20T13:00:00Z
33,33.74,33.74.06,33.74.06.1012,33.74.06.1012,Jawa Tengah,Kota Semarang,Pedurungan,Kalicari,2026-09-19T12:00:00,2026-09-20 16:00:00,2026-09-20 23:00:00,27-28,26,81,0,0,7,SE,142,NW,,,0,Cerah,Sunny,https://api-apps.bmkg.go.id/storage/icon/cuaca/cerah-pm.svg,2026-09-20T16:00:00Z
33,33.74,33.74.06,33.74.06.1012,33.74.06.1012,Jawa Tengah,Kota Semarang,Pedurungan,Kalicari,2026-09-19T12:00:00,2026-09-20 19:00:00,2026-09-21 02:00:00,30-31,25,79,0,0,8.3,SE,147,NW,,,0,Cerah,Sunny,https://api-apps.bmkg.go.id/storage/icon/cuaca/cerah-pm.svg,2026-09-20T19:00:00Z
33,33.74,33.74.06,33.74.06.1012,33.74.06.1012,Jawa Tengah,Kota Semarang,Pedurungan,Kalicari,2026-09-19T12:00:00,2026-09-20 22:00:00,2026-09-21 05:00:00,33-34,25,72,0,0,12.8,SE,144,NW,,,0,Cerah,Sunny,https://api-apps.bmkg.go.id/storage/icon/cuaca/cerah-pm.svg,2026-09-20T22:00:00Z
33,33.74,33.74.06,33.74.06.1012,33.74.06.1012,Jawa Tengah,Kota Semarang,Pedurungan,Kalicari,2026-09-19T12:00:00,2026-09-21 01:00:00,2026-09-21 08:00:00,36-37,30,53,0,0,14.5,E,126,W,,,0,Cerah,Sunny,https://api-apps.bmkg.go.id/storage/icon/cuaca/cerah-am.svg,2026-09-21T01:00:00Z
33,33.74,33.74.06,33.74.06.1012,33.74.06.1012,Jawa Tengah,Kota Semarang,Pedurungan,Kalicari,2026-09-19T12:00:00,2026-09-21 04:00:00,2026-09-21 11:00:00,39-40,35,40,0,31,11.7,E,120,W,,,1,Cerah,Sunny,https://api-apps.bmkg.go.id/storage/icon/cuaca/cerah-am.svg,2026-09-21T04:00:00Z
33,33.74,33.74.06,33.74.06.1012,33.74.06.1012,Jawa Tengah,Kota Semarang,Pedurungan,Kalicari,2026-09-19T12:00:00,2026-09-21 07:00:00,2026-09-21 14:00:00,42-43,33,54,0.1,17,11.3,NW,316,SE,,,1,Cerah,Sunny,https://api-apps.bmkg.go.id/storage/icon/cuaca/cerah-am.svg,2026-09-21T07:00:00Z
33,33.74,33.74.06,33.74.06.1012,33.74.06.1012,Jawa Tengah,Kota Semarang,Pedurungan,Kalicari,2026-09-19T12:00:00,2026-09-21 10:00:00,2026-09-21 17:00:00,45-46,30,69,0.1,6,3.7,NW,316,SE,,,0,Cerah,Sunny,https://api-apps.bmkg.go.id/storage/icon/cuaca/cerah-am.svg,2026-09-21T10:00:00Z
33,33.74,33.74.06,33.74.06.1012,33.74.06.1012,Jawa Tengah,Kota Semarang,Pedurungan,Kalicari,2026-09-19T12:00:00,2026-09-21 13:00:00,2026-09-21 20:00:00,48-49,26,84,0.2,29,5.7,NE,74,SW,,,1,Cerah,Sunny,https://api-apps.bmkg.go.id/storage/icon/cuaca/cerah-pm.svg,2026-09-21T13:00:00Z
33,33.74,33.74.06,33.74.06.1012,33.74.06.1012,Jawa Tengah,Kota Semarang,Pedurungan,Kalicari,2026-09-19T12:00:00,2026-09-21 16:00:00,2026-09-21 23:00:00,51-52,26,77,0,6,11.1,E,129,W,,,0,Cerah,Sunny,https://api-apps.bmkg.go.id/storage/icon/cuaca/cerah-pm.svg,2026-09-21T16:00:00Z
33,33.74,33.74.07,33.74.07.1001,33.74.07.1001,Jawa Tengah,Kota Semarang,Semarang Selatan,Randusari,2026-09-19T12:00:00,2026-09-19 15:00:00,2026-09-19 22:00:00,2-3,26,80,0,3,4.4,E,114,W,,,0,Cerah,Sunny,https://api-apps.bmkg.go.id/storage/icon/cuaca/cerah-pm.svg,2026-09-19T15:00:00Z
33,33.74,33.74.07,33.74.07.1001,33.74.07.1001,Jawa Tengah,Kota Semarang,Semarang Selatan,Randusari,2026-09-19T12:00:00,2026-09-19 18:00:00,2026-09-20 01:00:00,5-6,25,81,0,0,4.7,SE,159,NW,,,0,Cerah,Sunny,https://api-apps.bmkg.go.id/storage/icon/cuaca/cerah-pm.svg,2026-09-19T18:00:00Z
33,33.74,33.74.07,33.74.07.1001,33.74.07.1001,Jawa Tengah,Kota Semarang,Semarang Selatan,Randusari,2026-09-19T12:00:00,2026-09-19 21:00:00,2026-09-20 04:00:00,8-9,25,74,0,0,7,SE,142,NW,,,0,Cerah,Sunny,https://api-apps.bmkg.go.id/storage/icon/cuaca/cerah-pm.svg,2026-09-19T21:00:00Z
33,33.74,33.74.07,33.74.07.1001,33.74.07.1001,Jawa Tengah,Kota Semarang,Semarang Selatan,Randusari,2026-09-19T12:00:00,2026-09-20 00:00:00,2026-09-20 07:00:00,11-12,29,55,0,4,8.3,E,130,W,,,0,Cerah,Sunny,https://api-apps.bmkg.go.id/storage/icon/cuaca/cerah-am.svg,2026-09-20T00:00:00Z
33,33.74,33.74.07,33.74.07.1001,33.74.07.1001,Jawa Tengah,Kota Semarang,Semarang Selatan,Randusari,2026-09-19T12:00:00,2026-09-20 03:00:00,2026-09-20 10:00:00,14-15,33,43,0,1,12.7,E,108,W,,,0,Cerah,Sunny,https://api-apps.bmkg.go.id/storage/icon/cuaca/cerah-am.svg,2026-09-20T03:00:00Z
33,33.74,33.74.07,33.74.07.1001,33.74.07.1001,Jawa Tengah,Kota Semarang,Semarang Selatan,Randusari,2026-09-19T12:00:00,2026-09-20 06:00:00,2026-09-20 13:00:00,17-18,34,43,0.1,8,8.9,NE,61,SW,,,0,Cerah,Sunny,https://api-apps.bmkg.go.id/storage/icon/cuaca/cerah-am.svg,2026-09-20T06:00:00Z
33,33.74,33.74.07,33.74.07.1001,33.74.07.1001,Jawa Tengah,Kota Semarang,Semarang Selatan,Randusari,2026-09-19T12:00:00,2026-09-20 09:00:00,2026-09-20 16:00:00,20-21,29,73,0,16,12.6,NW,345,SE,,,1,Cerah,Sunny,https://api-apps.bmkg.go.id/storage/icon/cuaca/cerah-am.svg,2026-09-20T09:00:00Z
33,33.74,33.74.07,33.74.07.1001,33.74.07.1001,Jawa Tengah,Kota Semarang,Semarang Selatan,Randusari,2026-09-19T12:00:00,2026-09-20 12:00:00,2026-09-20 19:00:00,23-24,28,75,0.2,10,8,W,285,E,,,0,Cerah,Sunny,https://api-apps.bmkg.go.id/storage/icon/cuaca/cerah-pm.svg,2026-09-20T12:00:00Z
33,33.74,33.74.07,33.74.07.1001,33.74.07.1001,Jawa Tengah,Kota Semarang,Semarang Selatan,Randusari,2026-09-19T12:00:00,2026-09-20 15:00:00,2026-09-20 22:00:00,26-27,27,82,0,0,3.3,SE,149,NW,,,0,Cerah,Sunny,https://api-apps.bmkg.go.id/storage/icon/cuaca/cerah-pm.svg,2026-09-20T15:00:00Z
33,33.74,33.74.07,33.74.07.1001,33.74.07.1001,Jawa Tengah,Kota Semarang,Semarang Selatan,Randusari,2026-09-19T12:00:00,2026-09-20 18:00:00,2026-09-21 01:00:00,29-30,26,82,0,0,6.7,E,134,W,,,0,Cerah,Sunny,https://api-apps.bmkg.go.id/storage/icon/cuaca/cerah-pm.svg,2026-09-20T18:00:00Z
33,33.74,33.74.07,33.74.07.1001,33.74.07.1001,Jawa Tengah,Kota Semarang,Semarang Selatan,Randusari,2026-09-19T12:00:00,2026-09-20 21:00:00,2026-09-21 04:00:00,32-33,25,72,0,0,9.3,SE,137,NW,,,0,Cerah,Sunny,https://api-apps.bmkg.go.id/storage/icon/cuaca/cerah-pm.svg,2026-09-20T21:00:00Z
33,33.74,33.74.07,33.74.07.1001,33.74.07.1001,Jawa Tengah,Kota Semarang,Semarang Selatan,Randusari,2026-09-19T12:00:00,2026-09-21 00:00:00,2026-09-21 07:00:00,35-36,29,59,0,0,13.1,E,134,W,,,0,Cerah,Sunny,https://api-apps.bmkg.go.id/storage/icon/cuaca/cerah-am.svg,2026-09-21T00:00:00Z
33,33.74,33.74.07,33.74.07.1001,33.74.07.1001,Jawa Tengah,Kota Semarang,Semarang Selatan,Randusari,2026-09-19T12:00:00,2026-09-21 03:00:00,2026-09-21 10:00:00,38-39,33,42,0,11,16.1,E,117,W,,,1,Cerah,Sunny,https://api-apps.bmkg.go.id/storage/icon/cuaca/cerah-am.svg,2026-09-21T03:00:00Z
33,33.74,33.74.07,33.74.07.1001,33.74.07.1001,Jawa Tengah,Kota Semarang,Semarang Selatan,Randusari,2026-09-19T12:00:00,2026-09-21 06:00:00,2026-09-21 13:00:00,41-42,34,45,0.1,16,12.6,E,97,W,,,1,Cerah,Sunny,https://api-apps.bmkg.go.id/storage/icon/cuaca/cerah-am.svg,2026-09-21T06:00:00Z
33,33.74,33.74.07,33.74.07.1001,33.74.07.1001,Jawa Tengah,Kota Semarang,Semarang Selatan,Randusari,2026-09-19T12:00:00,2026-09-21 09:00:00,2026-09-21 16:00:00,44-45,30,67,0,16,11.1,NW,331,SE,,,1,Cerah,Sunny,https://api-apps.bmkg.go.id/storage/icon/cuaca/cerah-am.svg,2026-09-21T09:00:00Z
33,33.74,33.74.07,33.74.07.1001,33.74.07.1001,Jawa Tengah,Kota Semarang,Semarang Selatan,Randusari,2026-09-19T12:00:00,2026-09-21 12:00:00,2026-09-21 19:00:00,47-48,28,74,0,24,10.8,W,281,E,,,1,Cerah,Sunny,https://api-apps.bmkg.go.id/storage/icon/cuaca/cerah-pm.svg,2026-09-21T12:00:00Z
33,33.74,33.74.07,33.74.07.1001,33.74.07.1001,Jawa Tengah,Kota Semarang,Semarang Selatan,Randusari,2026-09-19T12:00:00,2026-09-21 15:00:00,2026-09-21 22:00:00,50-51,27,81,0,8,6.7,E,98,W,,,0,Cerah,Sunny,https://api-apps.bmkg.go.id/storage/icon/cuaca/cerah-pm.svg,2026-09-21T15:00:00Z
33,33.74,33.74.07,33.74.07.1002,33.74.07.1002,Jawa Tengah,Kota Semarang,Semarang Selatan,Bulustalan,2026-09-19T12:00:00,2026-09-19 16:00:00,2026-09-19 23:00:00,3-4,26,76,0,28,4.7,SE,159,NW,,,1,Cerah,Sunny,https://api-apps.bmkg.go.id/storage/icon/cuaca/cerah-pm.svg,2026-09-19T16:00:00Z
33,33.74,33.74.07,33.74.07.1002,33.74.07.1002,Jawa Tengah,Kota Semarang,Semarang Selatan,Bulustalan,2026-09-19T12:00:00,2026-09-19 19:00:00,2026-09-20 02:00:00,6-7,25,75,0,1,7,SE,142,NW,,,0,Cerah,Sunny,https://api-apps.bmkg.go.id/storage/icon/cuaca/cerah-pm.svg,2026-09-19T19:00:00Z
33,33.74,33.74.07,33.74.07.1002,33.74.07.1002,Jawa Tengah,Kota Semarang,Semarang Selatan,Bulustalan,2026-09-19T12:00:00,2026-09-19 22:00:00,2026-09-20 05:00:00,9-10,25,70,0,0,8.3,E,130,W,,,0,Cerah,Sunny,https://api-apps.bmkg.go.id/storage/icon/cuaca/cerah-pm.svg,2026-09-19T22:00:00Z
33,33.74,33.74.07,33.74.07.1002,33.74.07.1002,Jawa Tengah,Kota Semarang,Semarang Selatan,Bulustalan,2026-09-19T12:00:00,2026-09-20 01:00:00,2026-09-20 08:00:00,12-13,30,53,0,0,12.7,E,108,W,,,0,Cerah,Sunny,https://api-apps.bmkg.go.id/storage/icon/cuaca/cerah-am.svg,2026-09-20T01:00:00Z
33,33.74,33.74.07,33.74.07.1002,33.74.07.1002,Jawa Tengah,Kota Semarang,Semarang Selatan,Bulustalan,2026-09-19T12:00:00,2026-09-20 04:00:00,2026-09-20 11:00:00,15-16,34,45,0,2,8.9,NE,61,SW,,,0,Cerah,Sunny,https://api-apps.bmkg.go.id/storage/icon/cuaca/cerah-am.svg,2026-09-20T04:00:00Z
33,33.74,33.74.07,33.74.07.1002,33.74.07.1002,Jawa Tengah,Kota Semarang,Semarang Selatan,Bulustalan,2026-09-19T12:00:00,2026-09-20 07:00:00,2026-09-20 14:00:00,18-19,31,62,0.1,17,12.6,NW,345,SE,,,1,Cerah,Sunny,https://api-apps.bmkg.go.id/storage/icon/cuaca/cerah-am.svg,2026-09-20T07:00:00Z
33,33.74,33.74.07,33.74.07.1002,33.74.07.1002,Jawa Tengah,Kota Semarang,Semarang Selatan,Bulustalan,2026-09-19T12:00:00,2026-09-20 10:00:00,2026-09-20 17:00:00,21-22,29,79,0,7,8,W,285,E,,,0,Cerah,Sunny,https://api-apps.bmkg.go.id/storage/icon/cuaca/cerah-am.svg,2026-09-20T10:00:00Z
33,33.74,33.74.07,33.74.07.1002,33.74.07.1002,Jawa Tengah,Kota Semarang,Semarang Selatan,Bulustalan,2026-09-19T12:00:00,2026-09-20 13:00:00,2026-09-20 20:00:00,24-25,28,76,0.2,1,3.3,SE,149,NW,,,0,Cerah,Sunny,https://api-apps.bmkg.go.id/storage/icon/cuaca/cerah-pm.svg,2026-09-20T13:00:00Z
33,33.74,33.74.07,33.74.07.1002,33.74.07.1002,Jawa Tengah,Kota Semarang,Semarang Selatan,Bulustalan,2026-09-19T12:00:00,2026-09-20 16:00:00,2026-09-20 23:00:00,27-28,27,80,0,0,6.7,E,134,W,,,0,Cerah,Sunny,https://api-apps.bmkg.go.id/storage/icon/cuaca/cerah-pm.svg,2026-09-20T16:00:00Z
33,33.74,33.74.07,33.74.07.1002,33.74.07.1002,Jawa Tengah,Kota Semarang,Semarang Selatan,Bulustalan,2026-09-19T12:00:00,2026-09-20 19:00:00,2026-09-21 02:00:00,30-31,26,78,0,0,9.3,SE,137,NW,,,0,Cerah,Sunny,https://api-apps.bmkg.go.id/storage/icon/cuaca/cerah-pm.svg,2026-09-20T19:00:00Z
33,33.74,33.74.07,33.74.07.1002,33.74.07.1002,Jawa Tengah,Kota Semarang,Semarang Selatan,Bulustalan,2026-09-19T12:00:00,2026-09-20 22:00:00,2026-09-21 05:00:00,33-34,26,72,0,0,13.1,E,134,W,,,0,Cerah,Sunny,https://api-apps.bmkg.go.id/storage/icon/cuaca/cerah-pm.svg,2026-09-20T22:00:00Z
33,33.74,33.74.07,33.74.07.1002,33.74.07.1002,Jawa Tengah,Kota Semarang,Semarang Selatan,Bulustalan,2026-09-19T12:00:00,2026-09-21 01:00:00,2026-09-21 08:00:00,36-37,30,56,0,0,16.1,E,117,W,,,0,Cerah,Sunny,https://api-apps.bmkg.go.id/storage/icon/cuaca/cerah-am.svg,2026-09-21T01:00:00Z
33,33.74,33.74.07,33.74.07.1002,33.74.07.1002,Jawa Tengah,Kota Semarang,Semarang Selatan,Bulustalan,2026-09-19T12:00:00,2026-09-21 04:00:00,2026-09-21 11:00:00,39-40,34,44,0,29,12.6,E,97,W,,,1,Cerah,Sunny,https://api-apps.bmkg.go.id/storage/icon/cuaca/cerah-am.svg,2026-09-21T04:00:00Z
33,33.74,33.74.07,33.74.07.1002,33.74.07.1002,Jawa Tengah,Kota Semarang,Semarang Selatan,Bulustalan,2026-09-19T12:00:00,2026-09-21 07:00:00,2026-09-21 14:00:00,42-43,31,65,0.1,21,11.1,NW,331,SE,,,1,Cerah,Sunny,https://api-apps.bmkg.go.id/storage/icon/cuaca/cerah-am.svg,2026-09-21T07:00:00Z
33,33.74,33.74.07,33.74.07.1002,33.74.07.1002,Jawa Tengah,Kota Semarang,Semarang Selatan,Bulustalan,2026-09-19T12:00:00,2026-09-21 10:00:00,2026-09-21 17:00:00,45-46,29,72,0,13,10.8,W,281,E,,,1,Cerah,Sunny,https://api-apps.bmkg.go.id/storage/icon/cuaca/cerah-am.svg,2026-09-21T10:00:00Z
33,33.74,33.74.07,33.74.07.1002,33.74.07.1002,Jawa Tengah,Kota Semarang,Semarang Selatan,Bulustalan,2026-09-19T12:00:00,2026-09-21 13:00:00,2026-09-21 20:00:00,48-49,27,80,0.1,30,6.7,E,98,W,,,1,Cerah,Sunny,https://api-apps.bmkg.go.id/storage/icon/cuaca/cerah-pm.svg,2026-09-21T13:00:00Z
33,33.74,33.74.07,33.74.07.1002,33.74.07.1002,Jawa Tengah,Kota Semarang,Semarang Selatan,Bulustalan,2026-09-19T12:00:00,2026-09-21 16:00:00,2026-09-21 23:00:00,51-52,27,77,0,6,6.7,SE,139,NW,,,0,Cerah,Sunny,https://api-apps.bmkg.go.id/storage/icon/cuaca/cerah-pm.svg,2026-09-21T16:00:00Z
33,33.74,33.74.07,33.74.07.1003,33.74.07.1003,Jawa Tengah,Kota Semarang,Semarang Selatan,Barusari,2026-09-19T12:00:00,2026-09-19 16:00:00,2026-09-19 23:00:00,3-4,26,80,0,31,4.7,SE,159,NW,,,1,Cerah,Sunny,https://api-apps.bmkg.go.id/storage/icon/cuaca/cerah-pm.svg,2026-09-19T16:00:00Z
33,33.74,33.74.07,33.74.07.1003,33.74.07.1003,Jawa Tengah,Kota Semarang,Semarang Selatan,Barusari,2026-09-19T12:00:00,2026-09-19 19:00:00,2026-09-20 02:00:00,6-7,25,77,0,2,7,SE,142,NW,,,0,Cerah,Sunny,https://api-apps.bmkg.go.id/storage/icon/cuaca/cerah-pm.svg,2026-09-19T19:00:00Z
33,33.74,33.74.07,33.74.07.1003,33.74.07.1003,Jawa Tengah,Kota Semarang,Semarang Selatan,Barusari,2026-09-19T12:00:00,2026-09-19 22:00:00,2026-09-20 05:00:00,9-10,25,70,0,0,8.3,E,130,W,,,0,Cerah,Sunny,https://api-apps.bmkg.go.id/storage/icon/cuaca/cerah-pm.svg,2026-09-19T22:00:00Z
33,33.74,33.74.07,33.74.07.1003,33.74.07.1003,Jawa Tengah,Kota Semarang,Semarang Selatan,Barusari,2026-09-19T12:00:00,2026-09-20 01:00:00,2026-09-20 08:00:00,12-13,30,51,0,0,12.7,E,108,W,,,0,Cerah,Sunny,https://api-apps.bmkg.go.id/storage/icon/cuaca/cerah-am.svg,2026-09-20T01:00:00Z
33,33.74,33.74.07,33.74.07.1003,33.74.07.1003,Jawa Tengah,Kota Semarang,Semarang Selatan,Barusari,2026-09-19T12:00:00,2026-09-20 04:00:00,2026-09-20 11:00:00,15-16,34,40,0,2,8.9,NE,61,SW,,,0,Cerah,Sunny,https://api-apps.bmkg.go.id/storage/icon/cuaca/cerah-am.svg,2026-09-20T04:00:00Z
33,33.74,33.74.07,33.74.07.1003,33.74.07.1003,Jawa Tengah,Kota Semarang,Semarang Selatan,Barusari,2026-09-19T12:00:00,2026-09-20 07:00:00,2026-09-20 14:00:00,18-19,32,57,0.1,19,12.6,NW,345,SE,,,1,Cerah,Sunny,https://api-apps.bmkg.go.id/storage/icon/cuaca/cerah-am.svg,2026-09-20T07:00:00Z
33,33.74,33.74.07,33.74.07.1003,33.74.07.1003,Jawa Tengah,Kota Semarang,Semarang Selatan,Barusari,2026-09-19T12:00:00,2026-09-20 10:00:00,2026-09-20 17:00:00,21-22,28,78,0,7,8,W,285,E,,,0,Cerah,Sunny,https://api-apps.bmkg.go.id/storage/icon/cuaca/cerah-am.svg,2026-09-20T10:00:00Z
33,33.74,33.74.07,33.74.07.1003,33.74.07.1003,Jawa Tengah,Kota Semarang,Semarang Selatan,Barusari,2026-09-19T12:00:00,2026-09-20 13:00:00,2026-09-20 20:00:00,24-25,27,76,0.2,5,3.3,SE,149,NW,,,0,Cerah,Sunny,https://api-apps.bmkg.go.id/storage/icon/cuaca/cerah-pm.svg,2026-09-20T13:00:00Z
33,33.74,33.74.07,33.74.07.1003,33.74.07.1003,Jawa Tengah,Kota Semarang,Semarang Selatan,Barusari,2026-09-19T12:00:00,2026-09-20 16:00:00,2026-09-20 23:00:00,27-28,26,81,0,0,6.7,E,134,W,,,0,Cerah,Sunny,https://api-apps.bmkg.go.id/storage/icon/cuaca/cerah-pm.svg,2026-09-20T16:00:00Z
33,33.74,33.74.07,33.74.07.1003,33.74.07.1003,Jawa Tengah,Kota Semarang,Semarang Selatan,Barusari,2026-09-19T12:00:00,2026-09-20 19:00:00,2026-09-21 02:00:00,30-31,26,78,0,0,9.3,SE,137,NW,,,0,Cerah,Sunny,https://api-apps.bmkg.go.id/storage/icon/cuaca/cerah-pm.svg,2026-09-20T19:00:00Z
33,33.74,33.74.07,33.74.07.1003,33.74.07.1003,Jawa Tengah,Kota Semarang,Semarang Selatan,Barusari,2026-09-19T12:00:00,2026-09-20 22:00:00,2026-09-21 05:00:00,33-34,25,71,0,0,13.1,E,134,W,,,0,Cerah,Sunny,https://api-apps.bmkg.go.id/storage/icon/cuaca/cerah-pm.svg,2026-09-20T22:00:00Z
33,33.74,33.74.07,33.74.07.1003,33.74.07.1003,Jawa Tengah,Kota Semarang,Semarang Selatan,Barusari,2026-09-19T12:00:00,2026-09-21 01:00:00,2026-09-21 08:00:00,36-37,30,53,0,0,16.1,E,117,W,,,0,Cerah,Sunny,https://api-apps.bmkg.go.id/storage/icon/cuaca/cerah-am.svg,2026-09-21T01:00:00Z
33,33.74,33.74.07,33.74.07.1003,33.74.07.1003,Jawa Tengah,Kota Semarang,Semarang Selatan,Barusari,2026-09-19T12:00:00,2026-09-21 04:00:00,2026-09-21 11:00:00,39-40,35,40,0,30,12.6,E,97,W,,,1,Cerah,Sunny,https://api-apps.bmkg.go.id/storage/icon/cuaca/cerah-am.svg,2026-09-21T04:00:00Z
33,33.74,33.74.07,33.74.07.1003,33.74.07.1003,Jawa Tengah,Kota Semarang,Semarang Selatan,Barusari,2026-09-19T12:00:00,2026-09-21 07:00:00,2026-09-21 14:00:00,42-43,32,61,0.1,23,11.1,NW,331,SE,,,1,Cerah,Sunny,https://api-apps.bmkg.go.id/storage/icon/cuaca/cerah-am.svg,2026-09-21T07:00:00Z
33,33.74,33.74.07,33.74.07.1003,33.74.07.1003,Jawa Tengah,Kota Semarang,Semarang Selatan,Barusari,2026-09-19T12:00:00,2026-09-21 10:00:00,2026-09-21 17:00:00,45-46,29,72,0,13,10.8,W,281,E,,,1,Cerah,Sunny,https://api-apps.bmkg.go.id/storage/icon/cuaca/cerah-am.svg,2026-09-21T10:00:00Z
33,33.74,33.74.07,33.74.07.1003,33.74.07.1003,Jawa Tengah,Kota Semarang,Semarang Selatan,Barusari,2026-09-19T12:00:00,2026-09-21 13:00:00,2026-09-21 20:00:00,48-49,27,79,0,26,6.7,E,98,W,,,1,Cerah,Sunny,https://api-apps.bmkg.go.id/storage/icon/cuaca/cerah-pm.svg,2026-09-21T13:00:00Z
33,33.74,33.74.07,33.74.07.1003,33.74.07.1003,Jawa Tengah,Kota Semarang,Semarang Selatan,Barusari,2026-09-19T12:00:00,2026-09-21 16:00:00,2026-09-21 23:00:00,51-52,26,77,0,7,6.7,SE,139,NW,,,0,Cerah,Sunny,https://api-apps.bmkg.go.id/storage/icon/cuaca/cerah-pm.svg,2026-09-21T16:00:00Z
33,33.74,33.74.07,33.74.07.1004,33.74.07.1004,Jawa Tengah,Kota Semarang,Semarang Selatan,Mugasari,2026-09-19T12:00:00,2026-09-19 16:00:00,2026-09-19 23:00:00,3-4,26,76,0,37,4.7,SE,159,NW,,,1,Cerah,Sunny,https://api-apps.bmkg.go.id/storage/icon/cuaca/cerah-pm.svg,2026-09-19T16:00:00Z
33,33.74,33.74.07,33.74.07.1004,33.74.07.1004,Jawa Tengah,Kota Semarang,Semarang Selatan,Mugasari,2026-09-19T12:00:00,2026-09-19 19:00:00,2026-09-20 02:00:00,6-7,25,76,0,1,7,SE,142,NW,,,0,Cerah,Sunny,https://api-apps.bmkg.go.id/storage/icon/cuaca/cerah-pm.svg,2026-09-19T19:00:00Z
33,33.74,33.74.07,33.74.07.1004,33.74.07.1004,Jawa Tengah,Kota Semarang,Semarang Selatan,Mugasari,2026-09-19T12:00:00,2026-09-19 22:00:00,2026-09-20 05:00:00,9-10,25,69,0,0,8.3,E,130,W,,,0,Cerah,Sunny,https://api-apps.bmkg.go.id/storage/icon/cuaca/cerah-pm.svg,2026-09-19T22:00:00Z
33,33.74,33.74.07,33.74.07.1004,33.74.07.1004,Jawa Tengah,Kota Semarang,Semarang Selatan,Mugasari,2026-09-19T12:00:00,2026-09-20 01:00:00,2026-09-20 08:00:00,12-13,30,51,0,0,12.7,E,108,W,,,0,Cerah,Sunny,https://api-apps.bmkg.go.id/storage/icon/cuaca/cerah-am.svg,2026-09-20T01:00:00Z
33,33.74,33.74.07,33.74.07.1004,33.74.07.1004,Jawa Tengah,Kota Semarang,Semarang Selatan,Mugasari,2026-09-19T12:00:00,2026-09-20 04:00:00,2026-09-20 11:00:00,15-16,35,40,0,2,8.9,NE,61,SW,,,0,Cerah,Sunny,https://api-apps.bmkg.go.id/storage/icon/cuaca/cerah-am.svg,2026-09-20T04:00:00Z
33,33.74,33.74.07,33.74.07.1004,33.74.07.1004,Jawa Tengah,Kota Semarang,Semarang Selatan,Mugasari,2026-09-19T12:00:00,2026-09-20 07:00:00,2026-09-20 14:00:00,18-19,32,55,0.1,21,12.6,NW,345,SE,,,1,Cerah,Sunny,https://api-apps.bmkg.go.id/storage/icon/cuaca/cerah-am.svg,2026-09-20T07:00:00Z
33,33.74,33.74.07,33.74.07.1004,33.74.07.1004,Jawa Tengah,Kota Semarang,Semarang Selatan,Mugasari,2026-09-19T12:00:00,2026-09-20 10:00:00,2026-09-20 17:00:00,21-22,29,78,0,6,8,W,285,E,,,0,Cerah,Sunny,https://api-apps.bmkg.go.id/storage/icon/cuaca/cerah-am.svg,2026-09-20T10:00:00Z
33,33.74,33.74.07,33.74.07.1004,33.74.07.1004,Jawa Tengah,Kota Semarang,Semarang Selatan,Mugasari,2026-09-19T12:00:00,2026-09-20 13:00:00,2026-09-20 20:00:00,24-25,27,78,0.2,13,3.3,SE,149,NW,,,1,Cerah,Sunny,https://api-apps.bmkg.go.id/storage/icon/cuaca/cerah-pm.svg,2026-09-20T13:00:00Z
33,33.74,33.74.07,33.74.07.1004,33.74.07.1004,Jawa Tengah,Kota Semarang,Semarang Selatan,Mugasari,2026-09-19T12:00:00,2026-09-20 16:00:00,2026-09-20 23:00:00,27-28,26,81,0,0,6.7,E,134,W,,,0,Cerah,Sunny,https://api-apps.bmkg.go.id/storage/icon/cuaca/cerah-pm.svg,2026-09-20T16:00:00Z
33,33.74,33.74.07,33.74.07.1004,33.74.07.1004,Jawa Tengah,Kota Semarang,Semarang Selatan,Mugasari,2026-09-19T12:00:00,2026-09-20 19:00:00,2026-09-21 02:00:00,30-31,26,79,0,0,9.3,SE,137,NW,,,0,Cerah,Sunny,https://api-apps.bmkg.go.id/storage/icon/cuaca/cerah-pm.svg,2026-09-20T19:00:00Z
33,33.74,33.74.07,33.74.07.1004,33.74.07.1004,Jawa Tengah,Kota Semarang,Semarang Selatan,Mugasari,2026-09-19T12:00:00,2026-09-20 22:00:00,2026-09-21 05:00:00,33-34,25,72,0,0,13.1,E,134,W,,,0,Cerah,Sunny,https://api-apps.bmkg.go.id/storage/icon/cuaca/cerah-pm.svg,2026-09-20T22:00:00Z
33,33.74,33.74.07,33.74.07.1004,33.74.07.1004,Jawa Tengah,Kota Semarang,Semarang Selatan,Mugasari,2026-09-19T12:00:00,2026-09-21 01:00:00,2026-09-21 08:00:00,36-37,30,53,0,0,16.1,E,117,W,,,0,Cerah,Sunny,https://api-apps.bmkg.go.id/storage/icon/cuaca/cerah-am.svg,2026-09-21T01:00:00Z
33,33.74,33.74.07,33.74.07.1004,33.74.07.1004,Jawa Tengah,Kota Semarang,Semarang Selatan,Mugasari,2026-09-19T12:00:00,2026-09-21 04:00:00,2026-09-21 11:00:00,39-40,35,40,0,31,12.6,E,97,W,,,1,Cerah,Sunny,https://api-apps.bmkg.go.id/storage/icon/cuaca/cerah-am.svg,2026-09-21T04:00:00Z
33,33.74,33.74.07,33.74.07.1004,33.74.07.1004,Jawa Tengah,Kota Semarang,Semarang Selatan,Mugasari,2026-09-19T12:00:00,2026-09-21 07:00:00,2026-09-21 14:00:00,42-43,32,57,0.1,20,11.1,NW,331,SE,,,1,Cerah,Sunny,https://api-apps.bmkg.go.id/storage/icon/cuaca/cerah-am.svg,2026-09-21T07:00:00Z
33,33.74,33.74.07,33.74.07.1004,33.74.07.1004,Jawa Tengah,Kota Semarang,Semarang Selatan,Mugasari,2026-09-19T12:00:00,2026-09-21 10:00:00,2026-09-21 17:00:00,45-46,29,71,0.1,10,10.8,W,281,E,,,0,Cerah,Sunny,https://api-apps.bmkg.go.id/storage/icon/cuaca/cerah-am.svg,2026-09-21T10:00:00Z
33,33.74,33.74.07,33.74.07.1004,33.74.07.1004,Jawa Tengah,Kota Semarang,Semarang Selatan,Mugasari,2026-09-19T12:00:00,2026-09-21 13:00:00,2026-09-21 20:00:00,48-49,27,81,0.1,28,6.7,E,98,W,,,1,Cerah,Sunny,https://api-apps.bmkg.go.id/storage/icon/cuaca/cerah-pm.svg,2026-09-21T13:00:00Z
33,33.74,33.74.07,33.74.07.1004,33.74.07.1004,Jawa Tengah,Kota Semarang,Semarang Selatan,Mugasari,2026-09-19T12:00:00,2026-09-21 16:00:00,2026-09-21 23:00:00,51-52,26,77,0,6,6.7,SE,139,NW,,,0,Cerah,Sunny,https://api-apps.bmkg.go.id/storage/icon/cuaca/cerah-pm.svg,2026-09-21T16:00:00Z
33,33.74,33.74.07,33.74.07.1005,33.74.07.1005,Jawa Tengah,Kota Semarang,Semarang Selatan,Pleburan,2026-09-19T12:00:00,2026-09-19 16:00:00,2026-09-19 23:00:00,3-4,26,76,0,37,4.7,SE,159,NW,,,1,Cerah,Sunny,https://api-apps.bmkg.go.id/storage/icon/cuaca/cerah-pm.svg,2026-09-19T16:00:00Z
33,33.74,33.74.07,33.74.07.1005,33.74.07.1005,Jawa Tengah,Kota Semarang,Semarang Selatan,Pleburan,2026-09-19T12:00:00,2026-09-19 19:00:00,2026-09-20 02:00:00,6-7,25,76,0,1,7,SE,142,NW,,,0,Cerah,Sunny,https://api-apps.bmkg.go.id/storage/icon/cuaca/cerah-pm.svg,2026-09-19T19:00:00Z
33,33.74,33.74.07,33.74.07.1005,33.74.07.1005,Jawa Tengah,Kota Semarang,Semarang Selatan,Pleburan,2026-09-19T12:00:00,2026-09-19 22:00:00,2026-09-20 05:00:00,9-10,25,69,0,0,8.3,E,130,W,,,0,Cerah,Sunny,https://api-apps.bmkg.go.id/storage/icon/cuaca/cerah-pm.svg,2026-09-19T22:00:00Z
33,33.74,33.74.07,33.74.07.1005,33.74.07.1005,Jawa Tengah,Kota Semarang,Semarang Selatan,Pleburan,2026-09-19T12:00:00,2026-09-20 01:00:00,2026-09-20 08:00:00,12-13,30,51,0,0,12.7,E,108,W,,,0,Cerah,Sunny,https://api-apps.bmkg.go.id/storage/icon/cuaca/cerah-am.svg,2026-09-20T01:00:00Z
33,33.74,33.74.07,33.74.07.1005,33.74.07.1005,Jawa Tengah,Kota Semarang,Semarang Selatan,Pleburan,2026-09-19T12:00:00,2026-09-20 04:00:00,2026-09-20 11:00:00,15-16,35,40,0,2,8.9,NE,61,SW,,,0,Cerah,Sunny,https://api-apps.bmkg.go.id/storage/icon/cuaca/cerah-am.svg,2026-09-20T04:00:00Z
33,33.74,33.74.07,33.74.07.1005,33.74.07.1005,Jawa Tengah,Kota Semarang,Semarang Selatan,Pleburan,2026-09-19T12:00:00,2026-09-20 07:00:00,2026-09-20 14:00:00,18-19,32,55,0.1,21,12.6,NW,345,SE,,,1,Cerah,Sunny,https://api-apps.bmkg.go.id/storage/icon/cuaca/cerah-am.svg,2026-09-20T07:00:00Z
33,33.74,33.74.07,33.74.07.1005,33.74.07.1005,Jawa Tengah,Kota Semarang,Semarang Selatan,Pleburan,2026-09-19T12:00:00,2026-09-20 10:00:00,2026-09-20 17:00:00,21-22,29,78,0,6,8,W,285,E,,,0,Cerah,Sunny,https://api-apps.bmkg.go.id/storage/icon/cuaca/cerah-am.svg,2026-09-20T10:00:00Z
33,33.74,33.74.07,33.74.07.1005,33.74.07.1005,Jawa Tengah,Kota Semarang,Semarang Selatan,Pleburan,2026-09-19T12:00:00,2026-09-20 13:00:00,2026-09-20 20:00:00,24-25,27,78,0.2,13,3.3,SE,149,NW,,,1,Cerah,Sunny,https://api-apps.bmkg.go.id/storage/icon/cuaca/cerah-pm.svg,2026-09-20T13:00:00Z
33,33.74,33.74.07,33.74.07.1005,33.74.07.1005,Jawa Tengah,Kota Semarang,Semarang Selatan,Pleburan,2026-09-19T12:00:00,2026-09-20 16:00:00,2026-09-20 23:00:00,27-28,26,81,0,0,6.7,E,134,W,,,0,Cerah,Sunny,https://api-apps.bmkg.go.id/storage/icon/cuaca/cerah-pm.svg,2026-09-20T16:00:00Z
33,33.74,33.74.07,33.74.07.1005,33.74.07.1005,Jawa Tengah,Kota Semarang,Semarang Selatan,Pleburan,2026-09-19T12:00:00,2026-09-20 19:00:00,2026-09-21 02:00:00,30-31,26,79,0,0,9.3,SE,137,NW,,,0,Cerah,Sunny,https://api-apps.bmkg.go.id/storage/icon/cuaca/cerah-pm.svg,2026-09-20T19:00:00Z
33,33.74,33.74.07,33.74.07.1005,33.74.07.1005,Jawa Tengah,Kota Semarang,Semarang Selatan,Pleburan,2026-09-19T12:00:00,2026-09-20 22:00:00,2026-09-21 05:00:00,33-34,25,72,0,0,13.1,E,134,W,,,0,Cerah,Sunny,https://api-apps.bmkg.go.id/storage/icon/cuaca/cerah-pm.svg,2026-09-20T22:00:00Z
33,33.74,33.74.07,33.74.07.1005,33.74.07.1005,Jawa Tengah,Kota Semarang,Semarang Selatan,Pleburan,2026-09-19T12:00:00,2026-09-21 01:00:00,2026-09-21 08:00:00,36-37,30,53,0,0,16.1,E,117,W,,,0,Cerah,Sunny,https://api-apps.bmkg.go.id/storage/icon/cuaca/cerah-am.svg,2026-09-21T01:00:00Z
33,33.74,33.74.07,33.74.07.1005,33.74.07.1005,Jawa Tengah,Kota Semarang,Semarang Selatan,Pleburan,2026-09-19T12:00:00,2026-09-21 04:00:00,2026-09-21 11:00:00,39-40,35,40,0,31,12.6,E,97,W,,,1,Cerah,Sunny,https://api-apps.bmkg.go.id/storage/icon/cuaca/cerah-am.svg,2026-09-21T04:00:00Z
33,33.74,33.74.07,33.74.07.1005,33.74.07.1005,Jawa Tengah,Kota Semarang,Semarang Selatan,Pleburan,2026-09-19T12:00:00,2026-09-21 07:00:00,2026-09-21 14:00:00,42-43,32,57,0.1,20,11.1,NW,331,SE,,,1,Cerah,Sunny,https://api-apps.bmkg.go.id/storage/icon/cuaca/cerah-am.svg,2026-09-21T07:00:00Z
33,33.74,33.74.07,33.74.07.1005,33.74.07.1005,Jawa Tengah,Kota Semarang,Semarang Selatan,Pleburan,2026-09-19T12:00:00,2026-09-21 10:00:00,2026-09-21 17:00:00,45-46,29,71,0.1,10,10.8,W,281,E,,,0,Cerah,Sunny,https://api-apps.bmkg.go.id/storage/icon/cuaca/cerah-am.svg,2026-09-21T10:00:00Z
33,33.74,33.74.07,33.74.07.1005,33.74.07.1005,Jawa Tengah,Kota Semarang,Semarang Selatan,Pleburan,2026-09-19T12:00:00,2026-09-21 13:00:00,2026-09-21 20:00:00,48-49,27,81,0.1,28,6.7,E,98,W,,,1,Cerah,Sunny,https://api-apps.bmkg.go.id/storage/icon/cuaca/cerah-pm.svg,2026-09-21T13:00:00Z
33,33.74,33.74.07,33.74.07.1005,33.74.07.1005,Jawa Tengah,Kota Semarang,Semarang Selatan,Pleburan,2026-09-19T12:00:00,2026-09-21 16:00:00,2026-09-21 23:00:00,51-52,26,77,0,6,6.7,SE,139,NW,,,0,Cerah,Sunny,https://api-apps.bmkg.go.id/storage/icon/cuaca/cerah-pm.svg,2026-09-21T16:00:00Z
33,33.74,33.74.07,33.74.07.1006,33.74.07.1006,Jawa Tengah,Kota Semarang,Semarang Selatan,Wonodri,2026-09-19T12:00:00,2026-09-19 16:00:00,2026-09-19 23:00:00,3-4,26,76,0,37,4.7,SE,159,NW,,,1,Cerah,Sunny,https://api-apps.bmkg.go.id/storage/icon/cuaca/cerah-pm.svg,2026-09-19T16:00:00Z
33,33.74,33.74.07,33.74.07.1006,33.74.07.1006,Jawa Tengah,Kota Semarang,Semarang Selatan,Wonodri,2026-09-19T12:00:00,2026-09-19 19:00:00,2026-09-20 02:00:00,6-7,25,76,0,1,7,SE,142,NW,,,0,Cerah,Sunny,https://api-apps.bmkg.go.id/storage/icon/cuaca/cerah-pm.svg,2026-09-19T19:00:00Z
33,33.74,33.74.07,33.74.07.1006,33.74.07.1006,Jawa Tengah,Kota Semarang,Semarang Selatan,Wonodri,2026-09-19T12:00:00,2026-09-19 22:00:00,2026-09-20 05:00:00,9-10,25,69,0,0,8.3,E,130,W,,,0,Cerah,Sunny,https://api-apps.bmkg.go.id/storage/icon/cuaca/cerah-pm.svg,2026-09-19T22:00:00Z
33,33.74,33.74.07,33.74.07.1006,33.74.07.1006,Jawa Tengah,Kota Semarang,Semarang Selatan,Wonodri,2026-09-19T12:00:00,2026-09-20 01:00:00,2026-09-20 08:00:00,12-13,30,51,0,0,12.7,E,108,W,,,0,Cerah,Sunny,https://api-apps.bmkg.go.id/storage/icon/cuaca/cerah-am.svg,2026-09-20T01:00:00Z
33,33.74,33.74.07,33.74.07.1006,33.74.07.1006,Jawa Tengah,Kota Semarang,Semarang Selatan,Wonodri,2026-09-19T12:00:00,2026-09-20 04:00:00,2026-09-20 11:00:00,15-16,35,40,0,2,8.9,NE,61,SW,,,0,Cerah,Sunny,https://api-apps.bmkg.go.id/storage/icon/cuaca/cerah-am.svg,2026-09-20T04:00:00Z
33,33.74,33.74.07,33.74.07.1006,33.74.07.1006,Jawa Tengah,Kota Semarang,Semarang Selatan,Wonodri,2026-09-19T12:00:00,2026-09-20 07:00:00,2026-09-20 14:00:00,18-19,32,55,0.1,21,12.6,NW,345,SE,,,1,Cerah,Sunny,https://api-apps.bmkg.go.id/storage/icon/cuaca/cerah-am.svg,2026-09-20T07:00:00Z
33,33.74,33.74.07,33.74.07.1006,33.74.07.1006,Jawa Tengah,Kota Semarang,Semarang Selatan,Wonodri,2026-09-19T12:00:00,2026-09-20 10:00:00,2026-09-20 17:00:00,21-22,29,78,0,6,8,W,285,E,,,0,Cerah,Sunny,https://api-apps.bmkg.go.id/storage/icon/cuaca/cerah-am.svg,2026-09-20T10:00:00Z
33,33.74,33.74.07,33.74.07.1006,33.74.07.1006,Jawa Tengah,Kota Semarang,Semarang Selatan,Wonodri,2026-09-19T12:00:00,2026-09-20 13:00:00,2026-09-20 20:00:00,24-25,27,78,0.2,13,3.3,SE,149,NW,,,1,Cerah,Sunny,https://api-apps.bmkg.go.id/storage/icon/cuaca/cerah-pm.svg,2026-09-20T13:00:00Z
33,33.74,33.74.07,33.74.07.1006,33.74.07.1006,Jawa Tengah,Kota Semarang,Semarang Selatan,Wonodri,2026-09-19T12:00:00,2026-09-20 16:00:00,2026-09-20 23:00:00,27-28,26,81,0,0,6.7,E,134,W,,,0,Cerah,Sunny,https://api-apps.bmkg.go.id/storage/icon/cuaca/cerah-pm.svg,2026-09-20T16:00:00Z
33,33.74,33.74.07,33.74.07.1006,33.74.07.1006,Jawa Tengah,Kota Semarang,Semarang Selatan,Wonodri,2026-09-19T12:00:00,2026-09-20 19:00:00,2026-09-21 02:00:00,30-31,26,79,0,0,9.3,SE,137,NW,,,0,Cerah,Sunny,https://api-apps.bmkg.go.id/storage/icon/cuaca/cerah-pm.svg,2026-09-20T19:00:00Z
33,33.74,33.74.07,33.74.07.1006,33.74.07.1006,Jawa Tengah,Kota Semarang,Semarang Selatan,Wonodri,2026-09-19T12:00:00,2026-09-20 22:00:00,2026-09-21 05:00:00,33-34,25,72,0,0,13.1,E,134,W,,,0,Cerah,Sunny,https://api-apps.bmkg.go.id/storage/icon/cuaca/cerah-pm.svg,2026-09-20T22:00:00Z
33,33.74,33.74.07,33.74.07.1006,33.74.07.1006,Jawa Tengah,Kota Semarang,Semarang Selatan,Wonodri,2026-09-19T12:00:00,2026-09-21 01:00:00,2026-09-21 08:00:00,36-37,30,53,0,0,16.1,E,117,W,,,0,Cerah,Sunny,https://api-apps.bmkg.go.id/storage/icon/cuaca/cerah-am.svg,2026-09-21T01:00:00Z
33,33.74,33.74.07,33.74.07.1006,33.74.07.1006,Jawa Tengah,Kota Semarang,Semarang Selatan,Wonodri,2026-09-19T12:00:00,2026-09-21 04:00:00,2026-09-21 11:00:00,39-40,35,40,0,31,12.6,E,97,W,,,1,Cerah,Sunny,https://api-apps.bmkg.go.id/storage/icon/cuaca/cerah-am.svg,2026-09-21T04:00:00Z
33,33.74,33.74.07,33.74.07.1006,33.74.07.1006,Jawa Tengah,Kota Semarang,Semarang Selatan,Wonodri,2026-09-19T12:00:00,2026-09-21 07:00:00,2026-09-21 14:00:00,42-43,32,57,0.1,20,11.1,NW,331,SE,,,1,Cerah,Sunny,https://api-apps.bmkg.go.id/storage/icon/cuaca/cerah-am.svg,2026-09-21T07:00:00Z
33,33.74,33.74.07,33.74.07.1006,33.74.07.1006,Jawa Tengah,Kota Semarang,Semarang Selatan,Wonodri,2026-09-19T12:00:00,2026-09-21 10:00:00,2026-09-21 17:00:00,45-46,29,71,0.1,10,10.8,W,281,E,,,0,Cerah,Sunny,https://api-apps.bmkg.go.id/storage/icon/cuaca/cerah-am.svg,2026-09-21T10:00:00Z
33,33.74,33.74.07,33.74.07.1006,33.74.07.1006,Jawa Tengah,Kota Semarang,Semarang Selatan,Wonodri,2026-09-19T12:00:00,2026-09-21 13:00:00,2026-09-21 20:00:00,48-49,27,81,0.1,28,6.7,E,98,W,,,1,Cerah,Sunny,https://api-apps.bmkg.go.id/storage/icon/cuaca/cerah-pm.svg,2026-09-21T13:00:00Z
33,33.74,33.74.07,33.74.07.1006,33.74.07.1006,Jawa Tengah,Kota Semarang,Semarang Selatan,Wonodri,2026-09-19T12:00:00,2026-09-21 16:00:00,2026-09-21 23:00:00,51-52,26,77,0,6,6.7,SE,139,NW,,,0,Cerah,Sunny,https://api-apps.bmkg.go.id/storage/icon/cuaca/cerah-pm.svg,2026-09-21T16:00:00Z
33,33.74,33.74.07,33.74.07.1007,33.74.07.1007,Jawa Tengah,Kota Semarang,Semarang Selatan,Peterongan,2026-09-19T12:00:00,2026-09-19 16:00:00,2026-09-19 23:00:00,3-4,26,76,0,37,4.7,SE,159,NW,,,1,Cerah,Sunny,https://api-apps.bmkg.go.id/storage/icon/cuaca/cerah-pm.svg,2026-09-19T16:00:00Z
33,33.74,33.74.07,33.74.07.1007,33.74.07.1007,Jawa Tengah,Kota Semarang,Semarang Selatan,Peterongan,2026-09-19T12:00:00,2026-09-19 19:00:00,2026-09-20 02:00:00,6-7,25,76,0,1,7,SE,142,NW,,,0,Cerah,Sunny,https://api-apps.bmkg.go.id/storage/icon/cuaca/cerah-pm.svg,2026-09-19T19:00:00Z
33,33.74,33.74.07,33.74.07.1007,33.74.07.1007,Jawa Tengah,Kota Semarang,Semarang Selatan,Peterongan,2026-09-19T12:00:00,2026-09-19 22:00:00,2026-09-20 05:00:00,9-10,25,69,0,0,8.3,E,130,W,,,0,Cerah,Sunny,https://api-apps.bmkg.go.id/storage/icon/cuaca/cerah-pm.svg,2026-09-19T22:00:00Z
33,33.74,33.74.07,33.74.07.1007,33.74.07.1007,Jawa Tengah,Kota Semarang,Semarang Selatan,Peterongan,2026-09-19T12:00:00,2026-09-20 01:00:00,2026-09-20 08:00:00,12-13,30,51,0,0,12.7,E,108,W,,,0,Cerah,Sunny,https://api-apps.bmkg.go.id/storage/icon/cuaca/cerah-am.svg,2026-09-20T01:00:00Z
33,33.74,33.74.07,33.74.07.1007,33.74.07.1007,Jawa Tengah,Kota Semarang,Semarang Selatan,Peterongan,2026-09-19T12:00:00,2026-09-20 04:00:00,2026-09-20 11:00:00,15-16,35,40,0,2,8.9,NE,61,SW,,,0,Cerah,Sunny,https://api-apps.bmkg.go.id/storage/icon/cuaca/cerah-am.svg,2026-09-20T04:00:00Z
33,33.74,33.74.07,33.74.07.1007,33.74.07.1007,Jawa Tengah,Kota Semarang,Semarang Selatan,Peterongan,2026-09-19T12:00:00,2026-09-20 07:00:00,2026-09-20 14:00:00,18-19,32,55,0.1,21,12.6,NW,345,SE,,,1,Cerah,Sunny,https://api-apps.bmkg.go.id/storage/icon/cuaca/cerah-am.svg,2026-09-20T07:00:00Z
33,33.74,33.74.07,33.74.07.1007,33.74.07.1007,Jawa Tengah,Kota Semarang,Semarang Selatan,Peterongan,2026-09-19T12:00:00,2026-09-20 10:00:00,2026-09-20 17:00:00,21-22,29,78,0,6,8,W,285,E,,,0,Cerah,Sunny,https://api-apps.bmkg.go.id/storage/icon/cuaca/cerah-am.svg,2026-09-20T10:00:00Z
33,33.74,33.74.07,33.74.07.1007,33.74.07.1007,Jawa Tengah,Kota Semarang,Semarang Selatan,Peterongan,2026-09-19T12:00:00,2026-09-20 13:00:00,2026-09-20 20:00:00,24-25,27,78,0.2,13,3.3,SE,149,NW,,,1,Cerah,Sunny,https://api-apps.bmkg.go.id/storage/icon/cuaca/cerah-pm.svg,2026-09-20T13:00:00Z
33,33.74,33.74.07,33.74.07.1007,33.74.07.1007,Jawa Tengah,Kota Semarang,Semarang Selatan,Peterongan,2026-09-19T12:00:00,2026-09-20 16:00:00,2026-09-20 23:00:00,27-28,26,81,0,0,6.7,E,134,W,,,0,Cerah,Sunny,https://api-apps.bmkg.go.id/storage/icon/cuaca/cerah-pm.svg,2026-09-20T16:00:00Z
33,33.74,33.74.07,33.74.07.1007,33.74.07.1007,Jawa Tengah,Kota Semarang,Semarang Selatan,Peterongan,2026-09-19T12:00:00,2026-09-20 19:00:00,2026-09-21 02:00:00,30-31,26,79,0,0,9.3,SE,137,NW,,,0,Cerah,Sunny,https://api-apps.bmkg.go.id/storage/icon/cuaca/cerah-pm.svg,2026-09-20T19:00:00Z
33,33.74,33.74.07,33.74.07.1007,33.74.07.1007,Jawa Tengah,Kota Semarang,Semarang Selatan,Peterongan,2026-09-19T12:00:00,2026-09-20 22:00:00,2026-09-21 05:00:00,33-34,25,72,0,0,13.1,E,134,W,,,0,Cerah,Sunny,https://api-apps.bmkg.go.id/storage/icon/cuaca/cerah-pm.svg,2026-09-20T22:00:00Z
33,33.74,33.74.07,33.74.07.1007,33.74.07.1007,Jawa Tengah,Kota Semarang,Semarang Selatan,Peterongan,2026-09-19T12:00:00,2026-09-21 01:00:00,2026-09-21 08:00:00,36-37,30,53,0,0,16.1,E,117,W,,,0,Cerah,Sunny,https://api-apps.bmkg.go.id/storage/icon/cuaca/cerah-am.svg,2026-09-21T01:00:00Z
33,33.74,33.74.07,33.74.07.1007,33.74.07.1007,Jawa Tengah,Kota Semarang,Semarang Selatan,Peterongan,2026-09-19T12:00:00,2026-09-21 04:00:00,2026-09-21 11:00:00,39-40,35,40,0,31,12.6,E,97,W,,,1,Cerah,Sunny,https://api-apps.bmkg.go.id/storage/icon/cuaca/cerah-am.svg,2026-09-21T04:00:00Z
33,33.74,33.74.07,33.74.07.1007,33.74.07.1007,Jawa Tengah,Kota Semarang,Semarang Selatan,Peterongan,2026-09-19T12:00:00,2026-09-21 07:00:00,2026-09-21 14:00:00,42-43,32,57,0.1,20,11.1,NW,331,SE,,,1,Cerah,Sunny,https://api-apps.bmkg.go.id/storage/icon/cuaca/cerah-am.svg,2026-09-21T07:00:00Z
33,33.74,33.74.07,33.74.07.1007,33.74.07.1007,Jawa Tengah,Kota Semarang,Semarang Selatan,Peterongan,2026-09-19T12:00:00,2026-09-21 10:00:00,2026-09-21 17:00:00,45-46,29,71,0.1,10,10.8,W,281,E,,,0,Cerah,Sunny,https://api-apps.bmkg.go.id/storage/icon/cuaca/cerah-am.svg,2026-09-21T10:00:00Z
33,33.74,33.74.07,33.74.07.1007,33.74.07.1007,Jawa Tengah,Kota Semarang,Semarang Selatan,Peterongan,2026-09-19T12:00:00,2026-09-21 13:00:00,2026-09-21 20:00:00,48-49,27,81,0.1,28,6.7,E,98,W,,,1,Cerah,Sunny,https://api-apps.bmkg.go.id/storage/icon/cuaca/cerah-pm.svg,2026-09-21T13:00:00Z
33,33.74,33.74.07,33.74.07.1007,33.74.07.1007,Jawa Tengah,Kota Semarang,Semarang Selatan,Peterongan,2026-09-19T12:00:00,2026-09-21 16:00:00,2026-09-21 23:00:00,51-52,26,77,0,6,6.7,SE,139,NW,,,0,Cerah,Sunny,https://api-apps.bmkg.go.id/storage/icon/cuaca/cerah-pm.svg,2026-09-21T16:00:00Z
33,33.74,33.74.07,33.74.07.1008,33.74.07.1008,Jawa Tengah,Kota Semarang,Semarang Selatan,Lamper Lor,2026-09-19T12:00:00,2026-09-19 16:00:00,2026-09-19 23:00:00,3-4,26,72,0,44,7.4,E,134,W,,,1,Cerah,Sunny,https://api-apps.bmkg.go.id/storage/icon/cuaca/cerah-pm.svg,2026-09-19T16:00:00Z
33,33.74,33.74.07,33.74.07.1008,33.74.07.1008,Jawa Tengah,Kota Semarang,Semarang Selatan,Lamper Lor,2026-09-19T12:00:00,2026-09-19 19:00:00,2026-09-20 02:00:00,6-7,25,74,0,1,9.1,SE,135,NW,,,0,Cerah,Sunny,https://api-apps.bmkg.go.id/storage/icon/cuaca/cerah-pm.svg,2026-09-19T19:00:00Z
33,33.74,33.74.07,33.74.07.1008,33.74.07.1008,Jawa Tengah,Kota Semarang,Semarang Selatan,Lamper Lor,2026-09-19T12:00:00,2026-09-19 22:00:00,2026-09-20 05:00:00,9-10,25,68,0,0,9.6,SE,142,NW,,,0,Cerah,Sunny,https://api-apps.bmkg.go.id/storage/icon/cuaca/cerah-pm.svg,2026-09-19T22:00:00Z
33,33.74,33.74.07,33.74.07.1008,33.74.07.1008,Jawa Tengah,Kota Semarang,Semarang Selatan,Lamper Lor,2026-09-19T12:00:00,2026-09-20 01:00:00,2026-09-20 08:00:00,12-13,30,51,0,0,13.2,E,125,W,,,0,Cerah,Sunny,https://api-apps.bmkg.go.id/storage/icon/cuaca/cerah-am.svg,2026-09-20T01:00:00Z
33,33.74,33.74.07,33.74.07.1008,33.74.07.1008,Jawa Tengah,Kota Semarang,Semarang Selatan,Lamper Lor,2026-09-19T12:00:00,2026-09-20 04:00:00,2026-09-20 11:00:00,15-16,35,40,0,2,12.1,E,108,W,,,0,Cerah,Sunny,https://api-apps.bmkg.go.id/storage/icon/cuaca/cerah-am.svg,2026-09-20T04:00:00Z
33,33.74,33.74.07,33.74.07.1008,33.74.07.1008,Jawa Tengah,Kota Semarang,Semarang Selatan,Lamper Lor,2026-09-19T12:00:00,2026-09-20 07:00:00,2026-09-20 14:00:00,18-19,33,52,0.1,23,13.9,NW,324,SE,,,1,Cerah,Sunny,https://api-apps.bmkg.go.id/storage/icon/cuaca/cerah-am.svg,2026-09-20T07:00:00Z
33,33.74,33.74.07,33.74.07.1008,33.74.07.1008,Jawa Tengah,Kota Semarang,Semarang Selatan,Lamper Lor,2026-09-19T12:00:00,2026-09-20 10:00:00,2026-09-20 17:00:00,21-22,29,77,0,6,4,W,284,E,,,0,Cerah,Sunny,https://api-apps.bmkg.go.id/storage/icon/cuaca/cerah-am.svg,2026-09-20T10:00:00Z
33,33.74,33.74.07,33.74.07.1008,33.74.07.1008,Jawa Tengah,Kota Semarang,Semarang Selatan,Lamper Lor,2026-09-19T12:00:00,2026-09-20 13:00:00,2026-09-20 20:00:00,24-25,27,80,0.2,21,0.8,SW,255,NE,,,1,Cerah,Sunny,https://api-apps.bmkg.go.id/storage/icon/cuaca/cerah-pm.svg,2026-09-20T13:00:00Z
33,33.74,33.74.07,33.74.07.1008,33.74.07.1008,Jawa Tengah,Kota Semarang,Semarang Selatan,Lamper Lor,2026-09-19T12:00:00,2026-09-20 16:00:00,2026-09-20 23:00:00,27-28,26,81,0,0,7,SE,142,NW,,,0,Cerah,Sunny,https://api-apps.bmkg.go.id/storage/icon/cuaca/cerah-pm.svg,2026-09-20T16:00:00Z
33,33.74,33.74.07,33.74.07.1008,33.74.07.1008,Jawa Tengah,Kota Semarang,Semarang Selatan,Lamper Lor,2026-09-19T12:00:00,2026-09-20 19:00:00,2026-09-21 02:00:00,30-31,25,79,0,0,8.3,SE,147,NW,,,0,Cerah,Sunny,https://api-apps.bmkg.go.id/storage/icon/cuaca/cerah-pm.svg,2026-09-20T19:00:00Z
33,33.74,33.74.07,33.74.07.1008,33.74.07.1008,Jawa Tengah,Kota Semarang,Semarang Selatan,Lamper Lor,2026-09-19T12:00:00,2026-09-20 22:00:00,2026-09-21 05:00:00,33-34,25,72,0,0,12.8,SE,144,NW,,,0,Cerah,Sunny,https://api-apps.bmkg.go.id/storage/icon/cuaca/cerah-pm.svg,2026-09-20T22:00:00Z
33,33.74,33.74.07,33.74.07.1008,33.74.07.1008,Jawa Tengah,Kota Semarang,Semarang Selatan,Lamper Lor,2026-09-19T12:00:00,2026-09-21 01:00:00,2026-09-21 08:00:00,36-37,30,53,0,0,14.5,E,126,W,,,0,Cerah,Sunny,https://api-apps.bmkg.go.id/storage/icon/cuaca/cerah-am.svg,2026-09-21T01:00:00Z
33,33.74,33.74.07,33.74.07.1008,33.74.07.1008,Jawa Tengah,Kota Semarang,Semarang Selatan,Lamper Lor,2026-09-19T12:00:00,2026-09-21 04:00:00,2026-09-21 11:00:00,39-40,35,40,0,31,11.7,E,120,W,,,1,Cerah,Sunny,https://api-apps.bmkg.go.id/storage/icon/cuaca/cerah-am.svg,2026-09-21T04:00:00Z
33,33.74,33.74.07,33.74.07.1008,33.74.07.1008,Jawa Tengah,Kota Semarang,Semarang Selatan,Lamper Lor,2026-09-19T12:00:00,2026-09-21 07:00:00,2026-09-21 14:00:00,42-43,33,54,0.1,17,11.3,NW,316,SE,,,1,Cerah,Sunny,https://api-apps.bmkg.go.id/storage/icon/cuaca/cerah-am.svg,2026-09-21T07:00:00Z
33,33.74,33.74.07,33.74.07.1008,33.74.07.1008,Jawa Tengah,Kota Semarang,Semarang Selatan,Lamper Lor,2026-09-19T12:00:00,2026-09-21 10:00:00,2026-09-21 17:00:00,45-46,30,69,0.1,6,3.7,NW,316,SE,,,0,Cerah,Sunny,https://api-apps.bmkg.go.id/storage/icon/cuaca/cerah-am.svg,2026-09-21T10:00:00Z
33,33.74,33.74.07,33.74.07.1008,33.74.07.1008,Jawa Tengah,Kota Semarang,Semarang Selatan,Lamper Lor,2026-09-19T12:00:00,2026-09-21 13:00:00,2026-09-21 20:00:00,48-49,26,84,0.2,29,5.7,NE,74,SW,,,1,Cerah,Sunny,https://api-apps.bmkg.go.id/storage/icon/cuaca/cerah-pm.svg,2026-09-21T13:00:00Z
33,33.74,33.74.07,33.74.07.1008,33.74.07.1008,Jawa Tengah,Kota Semarang,Semarang Selatan,Lamper Lor,2026-09-19T12:00:00,2026-09-21 16:00:00,2026-09-21 23:00:00,51-52,26,77,0,6,11.1,E,129,W,,,0,Cerah,Sunny,https://api-apps.bmkg.go.id/storage/icon/cuaca/cerah-pm.svg,2026-09-21T16:00:00Z
33,33.74,33.74.07,33.74.07.1009,33.74.07.1009,Jawa Tengah,Kota Semarang,Semarang Selatan,Lamper Kidul,2026-09-19T12:00:00,2026-09-19 16:00:00,2026-09-19 23:00:00,3-4,26,76,0,37,4.7,SE,159,NW,,,1,Cerah,Sunny,https://api-apps.bmkg.go.id/storage/icon/cuaca/cerah-pm.svg,2026-09-19T16:00:00Z
33,33.74,33.74.07,33.74.07.1009,33.74.07.1009,Jawa Tengah,Kota Semarang,Semarang Selatan,Lamper Kidul,2026-09-19T12:00:00,2026-09-19 19:00:00,2026-09-20 02:00:00,6-7,25,76,0,1,7,SE,142,NW,,,0,Cerah,Sunny,https://api-apps.bmkg.go.id/storage/icon/cuaca/cerah-pm.svg,2026-09-19T19:00:00Z
33,33.74,33.74.07,33.74.07.1009,33.74.07.1009,Jawa Tengah,Kota Semarang,Semarang Selatan,Lamper Kidul,2026-09-19T12:00:00,2026-09-19 22:00:00,2026-09-20 05:00:00,9-10,25,69,0,0,8.3,E,130,W,,,0,Cerah,Sunny,https://api-apps.bmkg.go.id/storage/icon/cuaca/cerah-pm.svg,2026-09-19T22:00:00Z
33,33.74,33.74.07,33.74.07.1009,33.74.07.1009,Jawa Tengah,Kota Semarang,Semarang Selatan,Lamper Kidul,2026-09-19T12:00:00,2026-09-20 01:00:00,2026-09-20 08:00:00,12-13,30,51,0,0,12.7,E,108,W,,,0,Cerah,Sunny,https://api-apps.bmkg.go.id/storage/icon/cuaca/cerah-am.svg,2026-09-20T01:00:00Z
33,33.74,33.74.07,33.74.07.1009,33.74.07.1009,Jawa Tengah,Kota Semarang,Semarang Selatan,Lamper Kidul,2026-09-19T12:00:00,2026-09-20 04:00:00,2026-09-20 11:00:00,15-16,35,40,0,2,8.9,NE,61,SW,,,0,Cerah,Sunny,https://api-apps.bmkg.go.id/storage/icon/cuaca/cerah-am.svg,2026-09-20T04:00:00Z
33,33.74,33.74.07,33.74.07.1009,33.74.07.1009,Jawa Tengah,Kota Semarang,Semarang Selatan,Lamper Kidul,2026-09-19T12:00:00,2026-09-20 07:00:00,2026-09-20 14:00:00,18-19,32,55,0.1,21,12.6,NW,345,SE,,,1,Cerah,Sunny,https://api-apps.bmkg.go.id/storage/icon/cuaca/cerah-am.svg,2026-09-20T07:00:00Z
33,33.74,33.74.07,33.74.07.1009,33.74.07.1009,Jawa Tengah,Kota Semarang,Semarang Selatan,Lamper Kidul,2026-09-19T12:00:00,2026-09-20 10:00:00,2026-09-20 17:00:00,21-22,29,78,0,6,8,W,285,E,,,0,Cerah,Sunny,https://api-apps.bmkg.go.id/storage/icon/cuaca/cerah-am.svg,2026-09-20T10:00:00Z
33,33.74,33.74.07,33.74.07.1009,33.74.07.1009,Jawa Tengah,Kota Semarang,Semarang Selatan,Lamper Kidul,2026-09-19T12:00:00,2026-09-20 13:00:00,2026-09-20 20:00:00,24-25,27,78,0.2,13,3.3,SE,149,NW,,,1,Cerah,Sunny,https://api-apps.bmkg.go.id/storage/icon/cuaca/cerah-pm.svg,2026-09-20T13:00:00Z
33,33.74,33.74.07,33.74.07.1009,33.74.07.1009,Jawa Tengah,Kota Semarang,Semarang Selatan,Lamper Kidul,2026-09-19T12:00:00,2026-09-20 16:00:00,2026-09-20 23:00:00,27-28,26,81,0,0,6.7,E,134,W,,,0,Cerah,Sunny,https://api-apps.bmkg.go.id/storage/icon/cuaca/cerah-pm.svg,2026-09-20T16:00:00Z
33,33.74,33.74.07,33.74.07.1009,33.74.07.1009,Jawa Tengah,Kota Semarang,Semarang Selatan,Lamper Kidul,2026-09-19T12:00:00,2026-09-20 19:00:00,2026-09-21 02:00:00,30-31,26,79,0,0,9.3,SE,137,NW,,,0,Cerah,Sunny,https://api-apps.bmkg.go.id/storage/icon/cuaca/cerah-pm.svg,2026-09-20T19:00:00Z
33,33.74,33.74.07,33.74.07.1009,33.74.07.1009,Jawa Tengah,Kota Semarang,Semarang Selatan,Lamper Kidul,2026-09-19T12:00:00,2026-09-20 22:00:00,2026-09-21 05:00:00,33-34,25,72,0,0,13.1,E,134,W,,,0,Cerah,Sunny,https://api-apps.bmkg.go.id/storage/icon/cuaca/cerah-pm.svg,2026-09-20T22:00:00Z
33,33.74,33.74.07,33.74.07.1009,33.74.07.1009,Jawa Tengah,Kota Semarang,Semarang Selatan,Lamper Kidul,2026-09-19T12:00:00,2026-09-21 01:00:00,2026-09-21 08:00:00,36-37,30,53,0,0,16.1,E,117,W,,,0,Cerah,Sunny,https://api-apps.bmkg.go.id/storage/icon/cuaca/cerah-am.svg,2026-09-21T01:00:00Z
33,33.74,33.74.07,33.74.07.1009,33.74.07.1009,Jawa Tengah,Kota Semarang,Semarang Selatan,Lamper Kidul,2026-09-19T12:00:00,2026-09-21 04:00:00,2026-09-21 11:00:00,39-40,35,40,0,31,12.6,E,97,W,,,1,Cerah,Sunny,https://api-apps.bmkg.go.id/storage/icon/cuaca/cerah-am.svg,2026-09-21T04:00:00Z
33,33.74,33.74.07,33.74.07.1009,33.74.07.1009,Jawa Tengah,Kota Semarang,Semarang Selatan,Lamper Kidul,2026-09-19T12:00:00,2026-09-21 07:00:00,2026-09-21 14:00:00,42-43,32,57,0.1,20,11.1,NW,331,SE,,,1,Cerah,Sunny,https://api-apps.bmkg.go.id/storage/icon/cuaca/cerah-am.svg,2026-09-21T07:00:00Z
33,33.74,33.74.07,33.74.07.1009,33.74.07.1009,Jawa Tengah,Kota Semarang,Semarang Selatan,Lamper Kidul,2026-09-19T12:00:00,2026-09-21 10:00:00,2026-09-21 17:00:00,45-46,29,71,0.1,10,10.8,W,281,E,,,0,Cerah,Sunny,https://api-apps.bmkg.go.id/storage/icon/cuaca/cerah-am.svg,2026-09-21T10:00:00Z
33,33.74,33.74.07,33.74.07.1009,33.74.07.1009,Jawa Tengah,Kota Semarang,Semarang Selatan,Lamper Kidul,2026-09-19T12:00:00,2026-09-21 13:00:00,2026-09-21 20:00:00,48-49,27,81,0.1,28,6.7,E,98,W,,,1,Cerah,Sunny,https://api-apps.bmkg.go.id/storage/icon/cuaca/cerah-pm.svg,2026-09-21T13:00:00Z
33,33.74,33.74.07,33.74.07.1009,33.74.07.1009,Jawa Tengah,Kota Semarang,Semarang Selatan,Lamper Kidul,2026-09-19T12:00:00,2026-09-21 16:00:00,2026-09-21 23:00:00,51-52,26,77,0,6,6.7,SE,139,NW,,,0,Cerah,Sunny,https://api-apps.bmkg.go.id/storage/icon/cuaca/cerah-pm.svg,2026-09-21T16:00:00Z
33,33.74,33.74.07,33.74.07.1010,33.74.07.1010,Jawa Tengah,Kota Semarang,Semarang Selatan,Lamper Tengah,2026-09-19T12:00:00,2026-09-19 16:00:00,2026-09-19 23:00:00,3-4,26,72,0,44,7.4,E,134,W,,,1,Cerah,Sunny,https://api-apps.bmkg.go.id/storage/icon/cuaca/cerah-pm.svg,2026-09-19T16:00:00Z
33,33.74,33.74.07,33.74.07.1010,33.74.07.1010,Jawa Tengah,Kota Semarang,Semarang Selatan,Lamper Tengah,2026-09-19T12:00:00,2026-09-19 19:00:00,2026-09-20 02:00:00,6-7,25,74,0,1,9.1,SE,135,NW,,,0,Cerah,Sunny,https://api-apps.bmkg.go.id/storage/icon/cuaca/cerah-pm.svg,2026-09-19T19:00:00Z
33,33.74,33.74.07,33.74.07.1010,33.74.07.1010,Jawa Tengah,Kota Semarang,Semarang Selatan,Lamper Tengah,2026-09-19T12:00:00,2026-09-19 22:00:00,2026-09-20 05:00:00,9-10,25,68,0,0,9.6,SE,142,NW,,,0,Cerah,Sunny,https://api-apps.bmkg.go.id/storage/icon/cuaca/cerah-pm.svg,2026-09-19T22:00:00Z
33,33.74,33.74.07,33.74.07.1010,33.74.07.1010,Jawa Tengah,Kota Semarang,Semarang Selatan,Lamper Tengah,2026-09-19T12:00:00,2026-09-20 01:00:00,2026-09-20 08:00:00,12-13,30,51,0,0,13.2,E,125,W,,,0,Cerah,Sunny,https://api-apps.bmkg.go.id/storage/icon/cuaca/cerah-am.svg,2026-09-20T01:00:00Z
33,33.74,33.74.07,33.74.07.1010,33.74.07.1010,Jawa Tengah,Kota Semarang,Semarang Selatan,Lamper Tengah,2026-09-19T12:00:00,2026-09-20 04:00:00,2026-09-20 11:00:00,15-16,35,40,0,2,12.1,E,108,W,,,0,Cerah,Sunny,https://api-apps.bmkg.go.id/storage/icon/cuaca/cerah-am.svg,2026-09-20T04:00:00Z
33,33.74,33.74.07,33.74.07.1010,33.74.07.1010,Jawa Tengah,Kota Semarang,Semarang Selatan,Lamper Tengah,2026-09-19T12:00:00,2026-09-20 07:00:00,2026-09-20 14:00:00,18-19,33,52,0.1,23,13.9,NW,324,SE,,,1,Cerah,Sunny,https://api-apps.bmkg.go.id/storage/icon/cuaca/cerah-am.svg,2026-09-20T07:00:00Z
33,33.74,33.74.07,33.74.07.1010,33.74.07.1010,Jawa Tengah,Kota Semarang,Semarang Selatan,Lamper Tengah,2026-09-19T12:00:00,2026-09-20 10:00:00,2026-09-20 17:00:00,21-22,29,77,0,6,4,W,284,E,,,0,Cerah,Sunny,https://api-apps.bmkg.go.id/storage/icon/cuaca/cerah-am.svg,2026-09-20T10:00:00Z
33,33.74,33.74.07,33.74.07.1010,33.74.07.1010,Jawa Tengah,Kota Semarang,Semarang Selatan,Lamper Tengah,2026-09-19T12:00:00,2026-09-20 13:00:00,2026-09-20 20:00:00,24-25,27,80,0.2,21,0.8,SW,255,NE,,,1,Cerah,Sunny,https://api-apps.bmkg.go.id/storage/icon/cuaca/cerah-pm.svg,2026-09-20T13:00:00Z
33,33.74,33.74.07,33.74.07.1010,33.74.07.1010,Jawa Tengah,Kota Semarang,Semarang Selatan,Lamper Tengah,2026-09-19T12:00:00,2026-09-20 16:00:00,2026-09-20 23:00:00,27-28,26,81,0,0,7,SE,142,NW,,,0,Cerah,Sunny,https://api-apps.bmkg.go.id/storage/icon/cuaca/cerah-pm.svg,2026-09-20T16:00:00Z
33,33.74,33.74.07,33.74.07.1010,33.74.07.1010,Jawa Tengah,Kota Semarang,Semarang Selatan,Lamper Tengah,2026-09-19T12:00:00,2026-09-20 19:00:00,2026-09-21 02:00:00,30-31,25,79,0,0,8.3,SE,147,NW,,,0,Cerah,Sunny,https://api-apps.bmkg.go.id/storage/icon/cuaca/cerah-pm.svg,2026-09-20T19:00:00Z
33,33.74,33.74.07,33.74.07.1010,33.74.07.1010,Jawa Tengah,Kota Semarang,Semarang Selatan,Lamper Tengah,2026-09-19T12:00:00,2026-09-20 22:00:00,2026-09-21 05:00:00,33-34,25,72,0,0,12.8,SE,144,NW,,,0,Cerah,Sunny,https://api-apps.bmkg.go.id/storage/icon/cuaca/cerah-pm.svg,2026-09-20T22:00:00Z
33,33.74,33.74.07,33.74.07.1010,33.74.07.1010,Jawa Tengah,Kota Semarang,Semarang Selatan,Lamper Tengah,2026-09-19T12:00:00,2026-09-21 01:00:00,2026-09-21 08:00:00,36-37,30,53,0,0,14.5,E,126,W,,,0,Cerah,Sunny,https://api-apps.bmkg.go.id/storage/icon/cuaca/cerah-am.svg,2026-09-21T01:00:00Z
33,33.74,33.74.07,33.74.07.1010,33.74.07.1010,Jawa Tengah,Kota Semarang,Semarang Selatan,Lamper Tengah,2026-09-19T12:00:00,2026-09-21 04:00:00,2026-09-21 11:00:00,39-40,35,40,0,31,11.7,E,120,W,,,1,Cerah,Sunny,https://api-apps.bmkg.go.id/storage/icon/cuaca/cerah-am.svg,2026-09-21T04:00:00Z
33,33.74,33.74.07,33.74.07.1010,33.74.07.1010,Jawa Tengah,Kota Semarang,Semarang Selatan,Lamper Tengah,2026-09-19T12:00:00,2026-09-21 07:00:00,2026-09-21 14:00:00,42-43,33,54,0.1,17,11.3,NW,316,SE,,,1,Cerah,Sunny,https://api-apps.bmkg.go.id/storage/icon/cuaca/cerah-am.svg,2026-09-21T07:00:00Z
33,33.74,33.74.07,33.74.07.1010,33.74.07.1010,Jawa Tengah,Kota Semarang,Semarang Selatan,Lamper Tengah,2026-09-19T12:00:00,2026-09-21 10:00:00,2026-09-21 17:00:00,45-46,30,69,0.1,6,3.7,NW,316,SE,,,0,Cerah,Sunny,https://api-apps.bmkg.go.id/storage/icon/cuaca/cerah-am.svg,2026-09-21T10:00:00Z
33,33.74,33.74.07,33.74.07.1010,33.74.07.1010,Jawa Tengah,Kota Semarang,Semarang Selatan,Lamper Tengah,2026-09-19T12:00:00,2026-09-21 13:00:00,2026-09-21 20:00:00,48-49,26,84,0.2,29,5.7,NE,74,SW,,,1,Cerah,Sunny,https://api-apps.bmkg.go.id/storage/icon/cuaca/cerah-pm.svg,2026-09-21T13:00:00Z
33,33.74,33.74.07,33.74.07.1010,33.74.07.1010,Jawa Tengah,Kota Semarang,Semarang Selatan,Lamper Tengah,2026-09-19T12:00:00,2026-09-21 16:00:00,2026-09-21 23:00:00,51-52,26,77,0,6,11.1,E,129,W,,,0,Cerah,Sunny,https://api-apps.bmkg.go.id/storage/icon/cuaca/cerah-pm.svg,2026-09-21T16:00:00Z
33,33.74,33.74.08,33.74.08.1001,33.74.08.1001,Jawa Tengah,Kota Semarang,Candisari,Candi,2026-09-19T12:00:00,2026-09-19 15:00:00,2026-09-19 22:00:00,2-3,26,76,0,3,4.4,E,114,W,,,0,Cerah,Sunny,https://api-apps.bmkg.go.id/storage/icon/cuaca/cerah-pm.svg,2026-09-19T15:00:00Z
33,33.74,33.74.08,33.74.08.1001,33.74.08.1001,Jawa Tengah,Kota Semarang,Candisari,Candi,2026-09-19T12:00:00,2026-09-19 18:00:00,2026-09-20 01:00:00,5-6,25,78,0,0,4.7,SE,159,NW,,,0,Cerah,Sunny,https://api-apps.bmkg.go.id/storage/icon/cuaca/cerah-pm.svg,2026-09-19T18:00:00Z
33,33.74,33.74.08,33.74.08.1001,33.74.08.1001,Jawa Tengah,Kota Semarang,Candisari,Candi,2026-09-19T12:00:00,2026-09-19 21:00:00,2026-09-20 04:00:00,8-9,25,73,0,0,7,SE,142,NW,,,0,Cerah,Sunny,https://api-apps.bmkg.go.id/storage/icon/cuaca/cerah-pm.svg,2026-09-19T21:00:00Z
33,33.74,33.74.08,33.74.08.1001,33.74.08.1001,Jawa Tengah,Kota Semarang,Candisari,Candi,2026-09-19T12:00:00,2026-09-20 00:00:00,2026-09-20 07:00:00,11-12,29,54,0,4,8.3,E,130,W,,,0,Cerah,Sunny,https://api-apps.bmkg.go.id/storage/icon/cuaca/cerah-am.svg,2026-09-20T00:00:00Z
33,33.74,33.74.08,33.74.08.1001,33.74.08.1001,Jawa Tengah,Kota Semarang,Candisari,Candi,2026-09-19T12:00:00,2026-09-20 03:00:00,2026-09-20 10:00:00,14-15,33,43,0,1,12.7,E,108,W,,,0,Cerah,Sunny,https://api-apps.bmkg.go.id/storage/icon/cuaca/cerah-am.svg,2026-09-20T03:00:00Z
33,33.74,33.74.08,33.74.08.1001,33.74.08.1001,Jawa Tengah,Kota Semarang,Candisari,Candi,2026-09-19T12:00:00,2026-09-20 06:00:00,2026-09-20 13:00:00,17-18,35,42,0.1,7,8.9,NE,61,SW,,,0,Cerah,Sunny,https://api-apps.bmkg.go.id/storage/icon/cuaca/cerah-am.svg,2026-09-20T06:00:00Z
33,33.74,33.74.08,33.74.08.1001,33.74.08.1001,Jawa Tengah,Kota Semarang,Candisari,Candi,2026-09-19T12:00:00,2026-09-20 09:00:00,2026-09-20 16:00:00,20-21,29,72,0,15,12.6,NW,345,SE,,,1,Cerah,Sunny,https://api-apps.bmkg.go.id/storage/icon/cuaca/cerah-am.svg,2026-09-20T09:00:00Z
33,33.74,33.74.08,33.74.08.1001,33.74.08.1001,Jawa Tengah,Kota Semarang,Candisari,Candi,2026-09-19T12:00:00,2026-09-20 12:00:00,2026-09-20 19:00:00,23-24,28,76,0.2,17,8,W,285,E,,,1,Cerah,Sunny,https://api-apps.bmkg.go.id/storage/icon/cuaca/cerah-pm.svg,2026-09-20T12:00:00Z
33,33.74,33.74.08,33.74.08.1001,33.74.08.1001,Jawa Tengah,Kota Semarang,Candisari,Candi,2026-09-19T12:00:00,2026-09-20 15:00:00,2026-09-20 22:00:00,26-27,27,83,0,0,3.3,SE,149,NW,,,0,Cerah,Sunny,https://api-apps.bmkg.go.id/storage/icon/cuaca/cerah-pm.svg,2026-09-20T15:00:00Z
33,33.74,33.74.08,33.74.08.1001,33.74.08.1001,Jawa Tengah,Kota Semarang,Candisari,Candi,2026-09-19T12:00:00,2026-09-20 18:00:00,2026-09-21 01:00:00,29-30,26,82,0,0,6.7,E,134,W,,,0,Cerah,Sunny,https://api-apps.bmkg.go.id/storage/icon/cuaca/cerah-pm.svg,2026-09-20T18:00:00Z
33,33.74,33.74.08,33.74.08.1001,33.74.08.1001,Jawa Tengah,Kota Semarang,Candisari,Candi,2026-09-19T12:00:00,2026-09-20 21:00:00,2026-09-21 04:00:00,32-33,25,74,0,0,9.3,SE,137,NW,,,0,Cerah,Sunny,https://api-apps.bmkg.go.id/storage/icon/cuaca/cerah-pm.svg,2026-09-20T21:00:00Z
33,33.74,33.74.08,33.74.08.1001,33.74.08.1001,Jawa Tengah,Kota Semarang,Candisari,Candi,2026-09-19T12:00:00,2026-09-21 00:00:00,2026-09-21 07:00:00,35-36,29,59,0,0,13.1,E,134,W,,,0,Cerah,Sunny,https://api-apps.bmkg.go.id/storage/icon/cuaca/cerah-am.svg,2026-09-21T00:00:00Z
33,33.74,33.74.08,33.74.08.1001,33.74.08.1001,Jawa Tengah,Kota Semarang,Candisari,Candi,2026-09-19T12:00:00,2026-09-21 03:00:00,2026-09-21 10:00:00,38-39,34,42,0,7,16.1,E,117,W,,,0,Cerah,Sunny,https://api-apps.bmkg.go.id/storage/icon/cuaca/cerah-am.svg,2026-09-21T03:00:00Z
33,33.74,33.74.08,33.74.08.1001,33.74.08.1001,Jawa Tengah,Kota Semarang,Candisari,Candi,2026-09-19T12:00:00,2026-09-21 06:00:00,2026-09-21 13:00:00,41-42,35,44,0.1,15,12.6,E,97,W,,,1,Cerah,Sunny,https://api-apps.bmkg.go.id/storage/icon/cuaca/cerah-am.svg,2026-09-21T06:00:00Z
33,33.74,33.74.08,33.74.08.1001,33.74.08.1001,Jawa Tengah,Kota Semarang,Candisari,Candi,2026-09-19T12:00:00,2026-09-21 09:00:00,2026-09-21 16:00:00,44-45,30,66,0.1,12,11.1,NW,331,SE,,,1,Cerah,Sunny,https://api-apps.bmkg.go.id/storage/icon/cuaca/cerah-am.svg,2026-09-21T09:00:00Z
33,33.74,33.74.08,33.74.08.1001,33.74.08.1001,Jawa Tengah,Kota Semarang,Candisari,Candi,2026-09-19T12:00:00,2026-09-21 12:00:00,2026-09-21 19:00:00,47-48,28,77,0.1,40,10.8,W,281,E,,,1,Cerah,Sunny,https://api-apps.bmkg.go.id/storage/icon/cuaca/cerah-pm.svg,2026-09-21T12:00:00Z
33,33.74,33.74.08,33.74.08.1001,33.74.08.1001,Jawa Tengah,Kota Semarang,Candisari,Candi,2026-09-19T12:00:00,2026-09-21 15:00:00,2026-09-21 22:00:00,50-51,27,82,0,7,6.7,E,98,W,,,0,Cerah,Sunny,https://api-apps.bmkg.go.id/storage/icon/cuaca/cerah-pm.svg,2026-09-21T15:00:00Z
33,33.74,33.74.08,33.74.08.1002,33.74.08.1002,Jawa Tengah,Kota Semarang,Candisari,Jatingaleh,2026-09-19T12:00:00,2026-09-19 16:00:00,2026-09-19 23:00:00,3-4,25,78,0,31,4.7,SE,159,NW,,,1,Cerah,Sunny,https://api-apps.bmkg.go.id/storage/icon/cuaca/cerah-pm.svg,2026-09-19T16:00:00Z
33,33.74,33.74.08,33.74.08.1002,33.74.08.1002,Jawa Tengah,Kota Semarang,Candisari,Jatingaleh,2026-09-19T12:00:00,2026-09-19 19:00:00,2026-09-20 02:00:00,6-7,24,78,0,0,7,SE,142,NW,,,0,Cerah,Sunny,https://api-apps.bmkg.go.id/storage/icon/cuaca/cerah-pm.svg,2026-09-19T19:00:00Z
33,33.74,33.74.08,33.74.08.1002,33.74.08.1002,Jawa Tengah,Kota Semarang,Candisari,Jatingaleh,2026-09-19T12:00:00,2026-09-19 22:00:00,2026-09-20 05:00:00,9-10,24,71,0,0,8.3,E,130,W,,,0,Cerah,Sunny,https://api-apps.bmkg.go.id/storage/icon/cuaca/cerah-pm.svg,2026-09-19T22:00:00Z
33,33.74,33.74.08,33.74.08.1002,33.74.08.1002,Jawa Tengah,Kota Semarang,Candisari,Jatingaleh,2026-09-19T12:00:00,2026-09-20 01:00:00,2026-09-20 08:00:00,12-13,30,52,0,0,12.7,E,108,W,,,0,Cerah,Sunny,https://api-apps.bmkg.go.id/storage/icon/cuaca/cerah-am.svg,2026-09-20T01:00:00Z
33,33.74,33.74.08,33.74.08.1002,33.74.08.1002,Jawa Tengah,Kota Semarang,Candisari,Jatingaleh,2026-09-19T12:00:00,2026-09-20 04:00:00,2026-09-20 11:00:00,15-16,34,42,0,5,8.9,NE,61,SW,,,0,Cerah,Sunny,https://api-apps.bmkg.go.id/storage/icon/cuaca/cerah-am.svg,2026-09-20T04:00:00Z
33,33.74,33.74.08,33.74.08.1002,33.74.08.1002,Jawa Tengah,Kota Semarang,Candisari,Jatingaleh,2026-09-19T12:00:00,2026-09-20 07:00:00,2026-09-20 14:00:00,18-19,32,53,0.1,19,12.6,NW,345,SE,,,1,Cerah,Sunny,https://api-apps.bmkg.go.id/storage/icon/cuaca/cerah-am.svg,2026-09-20T07:00:00Z
33,33.74,33.74.08,33.74.08.1002,33.74.08.1002,Jawa Tengah,Kota Semarang,Candisari,Jatingaleh,2026-09-19T12:00:00,2026-09-20 10:00:00,2026-09-20 17:00:00,21-22,28,78,0,8,8,W,285,E,,,0,Cerah,Sunny,https://api-apps.bmkg.go.id/storage/icon/cuaca/cerah-am.svg,2026-09-20T10:00:00Z
33,33.74,33.74.08,33.74.08.1002,33.74.08.1002,Jawa Tengah,Kota Semarang,Candisari,Jatingaleh,2026-09-19T12:00:00,2026-09-20 13:00:00,2026-09-20 20:00:00,24-25,27,81,0.2,14,3.3,SE,149,NW,,,1,Cerah,Sunny,https://api-apps.bmkg.go.id/storage/icon/cuaca/cerah-pm.svg,2026-09-20T13:00:00Z
33,33.74,33.74.08,33.74.08.1002,33.74.08.1002,Jawa Tengah,Kota Semarang,Candisari,Jatingaleh,2026-09-19T12:00:00,2026-09-20 16:00:00,2026-09-20 23:00:00,27-28,26,84,0,0,6.7,E,134,W,,,0,Cerah,Sunny,https://api-apps.bmkg.go.id/storage/icon/cuaca/cerah-pm.svg,2026-09-20T16:00:00Z
33,33.74,33.74.08,33.74.08.1002,33.74.08.1002,Jawa Tengah,Kota Semarang,Candisari,Jatingaleh,2026-09-19T12:00:00,2026-09-20 19:00:00,2026-09-21 02:00:00,30-31,25,81,0,0,9.3,SE,137,NW,,,0,Cerah,Sunny,https://api-apps.bmkg.go.id/storage/icon/cuaca/cerah-pm.svg,2026-09-20T19:00:00Z
33,33.74,33.74.08,33.74.08.1002,33.74.08.1002,Jawa Tengah,Kota Semarang,Candisari,Jatingaleh,2026-09-19T12:00:00,2026-09-20 22:00:00,2026-09-21 05:00:00,33-34,25,74,0,0,13.1,E,134,W,,,0,Cerah,Sunny,https://api-apps.bmkg.go.id/storage/icon/cuaca/cerah-pm.svg,2026-09-20T22:00:00Z
33,33.74,33.74.08,33.74.08.1002,33.74.08.1002,Jawa Tengah,Kota Semarang,Candisari,Jatingaleh,2026-09-19T12:00:00,2026-09-21 01:00:00,2026-09-21 08:00:00,36-37,30,54,0,0,16.1,E,117,W,,,0,Cerah,Sunny,https://api-apps.bmkg.go.id/storage/icon/cuaca/cerah-am.svg,2026-09-21T01:00:00Z
33,33.74,33.74.08,33.74.08.1002,33.74.08.1002,Jawa Tengah,Kota Semarang,Candisari,Jatingaleh,2026-09-19T12:00:00,2026-09-21 04:00:00,2026-09-21 11:00:00,39-40,34,42,0,31,12.6,E,97,W,,,1,Cerah,Sunny,https://api-apps.bmkg.go.id/storage/icon/cuaca/cerah-am.svg,2026-09-21T04:00:00Z
33,33.74,33.74.08,33.74.08.1002,33.74.08.1002,Jawa Tengah,Kota Semarang,Candisari,Jatingaleh,2026-09-19T12:00:00,2026-09-21 07:00:00,2026-09-21 14:00:00,42-43,32,55,0.1,25,11.1,NW,331,SE,,,1,Cerah,Sunny,https://api-apps.bmkg.go.id/storage/icon/cuaca/cerah-am.svg,2026-09-21T07:00:00Z
33,33.74,33.74.08,33.74.08.1002,33.74.08.1002,Jawa Tengah,Kota Semarang,Candisari,Jatingaleh,2026-09-19T12:00:00,2026-09-21 10:00:00,2026-09-21 17:00:00,45-46,29,73,0.1,13,10.8,W,281,E,,,1,Cerah,Sunny,https://api-apps.bmkg.go.id/storage/icon/cuaca/cerah-am.svg,2026-09-21T10:00:00Z
33,33.74,33.74.08,33.74.08.1002,33.74.08.1002,Jawa Tengah,Kota Semarang,Candisari,Jatingaleh,2026-09-19T12:00:00,2026-09-21 13:00:00,2026-09-21 20:00:00,48-49,26,83,0.1,28,6.7,E,98,W,,,1,Cerah,Sunny,https://api-apps.bmkg.go.id/storage/icon/cuaca/cerah-pm.svg,2026-09-21T13:00:00Z
33,33.74,33.74.08,33.74.08.1002,33.74.08.1002,Jawa Tengah,Kota Semarang,Candisari,Jatingaleh,2026-09-19T12:00:00,2026-09-21 16:00:00,2026-09-21 23:00:00,51-52,26,80,0,8,6.7,SE,139,NW,,,0,Cerah,Sunny,https://api-apps.bmkg.go.id/storage/icon/cuaca/cerah-pm.svg,2026-09-21T16:00:00Z
33,33.74,33.74.08,33.74.08.1003,33.74.08.1003,Jawa Tengah,Kota Semarang,Candisari,Kaliwiru,2026-09-19T12:00:00,2026-09-19 16:00:00,2026-09-19 23:00:00,3-4,25,78,0,31,4.7,SE,159,NW,,,1,Cerah,Sunny,https://api-apps.bmkg.go.id/storage/icon/cuaca/cerah-pm.svg,2026-09-19T16:00:00Z
33,33.74,33.74.08,33.74.08.1003,33.74.08.1003,Jawa Tengah,Kota Semarang,Candisari,Kaliwiru,2026-09-19T12:00:00,2026-09-19 19:00:00,2026-09-20 02:00:00,6-7,24,78,0,0,7,SE,142,NW,,,0,Cerah,Sunny,https://api-apps.bmkg.go.id/storage/icon/cuaca/cerah-pm.svg,2026-09-19T19:00:00Z
33,33.74,33.74.08,33.74.08.1003,33.74.08.1003,Jawa Tengah,Kota Semarang,Candisari,Kaliwiru,2026-09-19T12:00:00,2026-09-19 22:00:00,2026-09-20 05:00:00,9-10,24,71,0,0,8.3,E,130,W,,,0,Cerah,Sunny,https://api-apps.bmkg.go.id/storage/icon/cuaca/cerah-pm.svg,2026-09-19T22:00:00Z
33,33.74,33.74.08,33.74.08.1003,33.74.08.1003,Jawa Tengah,Kota Semarang,Candisari,Kaliwiru,2026-09-19T12:00:00,2026-09-20 01:00:00,2026-09-20 08:00:00,12-13,30,52,0,0,12.7,E,108,W,,,0,Cerah,Sunny,https://api-apps.bmkg.go.id/storage/icon/cuaca/cerah-am.svg,2026-09-20T01:00:00Z
33,33.74,33.74.08,33.74.08.1003,33.74.08.1003,Jawa Tengah,Kota Semarang,Candisari,Kaliwiru,2026-09-19T12:00:00,2026-09-20 04:00:00,2026-09-20 11:00:00,15-16,34,42,0,5,8.9,NE,61,SW,,,0,Cerah,Sunny,https://api-apps.bmkg.go.id/storage/icon/cuaca/cerah-am.svg,2026-09-20T04:00:00Z
33,33.74,33.74.08,33.74.08.1003,33.74.08.1003,Jawa Tengah,Kota Semarang,Candisari,Kaliwiru,2026-09-19T12:00:00,2026-09-20 07:00:00,2026-09-20 14:00:00,18-19,32,53,0.1,19,12.6,NW,345,SE,,,1,Cerah,Sunny,https://api-apps.bmkg.go.id/storage/icon/cuaca/cerah-am.svg,2026-09-20T07:00:00Z
33,33.74,33.74.08,33.74.08.1003,33.74.08.1003,Jawa Tengah,Kota Semarang,Candisari,Kaliwiru,2026-09-19T12:00:00,2026-09-20 10:00:00,2026-09-20 17:00:00,21-22,28,78,0,8,8,W,285,E,,,0,Cerah,Sunny,https://api-apps.bmkg.go.id/storage/icon/cuaca/cerah-am.svg,2026-09-20T10:00:00Z
33,33.74,33.74.08,33.74.08.1003,33.74.08.1003,Jawa Tengah,Kota Semarang,Candisari,Kaliwiru,2026-09-19T12:00:00,2026-09-20 13:00:00,2026-09-20 20:00:00,24-25,27,81,0.2,14,3.3,SE,149,NW,,,1,Cerah,Sunny,https://api-apps.bmkg.go.id/storage/icon/cuaca/cerah-pm.svg,2026-09-20T13:00:00Z
33,33.74,33.74.08,33.74.08.1003,33.74.08.1003,Jawa Tengah,Kota Semarang,Candisari,Kaliwiru,2026-09-19T12:00:00,2026-09-20 16:00:00,2026-09-20 23:00:00,27-28,26,84,0,0,6.7,E,134,W,,,0,Cerah,Sunny,https://api-apps.bmkg.go.id/storage/icon/cuaca/cerah-pm.svg,2026-09-20T16:00:00Z
33,33.74,33.74.08,33.74.08.1003,33.74.08.1003,Jawa Tengah,Kota Semarang,Candisari,Kaliwiru,2026-09-19T12:00:00,2026-09-20 19:00:00,2026-09-21 02:00:00,30-31,25,81,0,0,9.3,SE,137,NW,,,0,Cerah,Sunny,https://api-apps.bmkg.go.id/storage/icon/cuaca/cerah-pm.svg,2026-09-20T19:00:00Z
33,33.74,33.74.08,33.74.08.1003,33.74.08.1003,Jawa Tengah,Kota Semarang,Candisari,Kaliwiru,2026-09-19T12:00:00,2026-09-20 22:00:00,2026-09-21 05:00:00,33-34,25,74,0,0,13.1,E,134,W,,,0,Cerah,Sunny,https://api-apps.bmkg.go.id/storage/icon/cuaca/cerah-pm.svg,2026-09-20T22:00:00Z
33,33.74,33.74.08,33.74.08.1003,33.74.08.1003,Jawa Tengah,Kota Semarang,Candisari,Kaliwiru,2026-09-19T12:00:00,2026-09-21 01:00:00,2026-09-21 08:00:00,36-37,30,54,0,0,16.1,E,117,W,,,0,Cerah,Sunny,https://api-apps.bmkg.go.id/storage/icon/cuaca/cerah-am.svg,2026-09-21T01:00:00Z
33,33.74,33.74.08,33.74.08.1003,33.74.08.1003,Jawa Tengah,Kota Semarang,Candisari,Kaliwiru,2026-09-19T12:00:00,2026-09-21 04:00:00,2026-09-21 11:00:00,39-40,34,42,0,31,12.6,E,97,W,,,1,Cerah,Sunny,https://api-apps.bmkg.go.id/storage/icon/cuaca/cerah-am.svg,2026-09-21T04:00:00Z
33,33.74,33.74.08,33.74.08.1003,33.74.08.1003,Jawa Tengah,Kota Semarang,Candisari,Kaliwiru,2026-09-19T12:00:00,2026-09-21 07:00:00,2026-09-21 14:00:00,42-43,32,55,0.1,25,11.1,NW,331,SE,,,1,Cerah,Sunny,https://api-apps.bmkg.go.id/storage/icon/cuaca/cerah-am.svg,2026-09-21T07:00:00Z
33,33.74,33.74.08,33.74.08.1003,33.74.08.1003,Jawa Tengah,Kota Semarang,Candisari,Kaliwiru,2026-09-19T12:00:00,2026-09-21 10:00:00,2026-09-21 17:00:00,45-46,29,73,0.1,13,10.8,W,281,E,,,1,Cerah,Sunny,https://api-apps.bmkg.go.id/storage/icon/cuaca/cerah-am.svg,2026-09-21T10:00:00Z
33,33.74,33.74.08,33.74.08.1003,33.74.08.1003,Jawa Tengah,Kota Semarang,Candisari,Kaliwiru,2026-09-19T12:00:00,2026-09-21 13:00:00,2026-09-21 20:00:00,48-49,26,83,0.1,28,6.7,E,98,W,,,1,Cerah,Sunny,https://api-apps.bmkg.go.id/storage/icon/cuaca/cerah-pm.svg,2026-09-21T13:00:00Z
33,33.74,33.74.08,33.74.08.1003,33.74.08.1003,Jawa Tengah,Kota Semarang,Candisari,Kaliwiru,2026-09-19T12:00:00,2026-09-21 16:00:00,2026-09-21 23:00:00,51-52,26,80,0,8,6.7,SE,139,NW,,,0,Cerah,Sunny,https://api-apps.bmkg.go.id/storage/icon/cuaca/cerah-pm.svg,2026-09-21T16:00:00Z
33,33.74,33.74.08,33.74.08.1004,33.74.08.1004,Jawa Tengah,Kota Semarang,Candisari,Jomblang,2026-09-19T12:00:00,2026-09-19 16:00:00,2026-09-19 23:00:00,3-4,25,74,0,36,7.4,E,134,W,,,1,Cerah,Sunny,https://api-apps.bmkg.go.id/storage/icon/cuaca/cerah-pm.svg,2026-09-19T16:00:00Z
33,33.74,33.74.08,33.74.08.1004,33.74.08.1004,Jawa Tengah,Kota Semarang,Candisari,Jomblang,2026-09-19T12:00:00,2026-09-19 19:00:00,2026-09-20 02:00:00,6-7,24,77,0,0,9.1,SE,135,NW,,,0,Cerah,Sunny,https://api-apps.bmkg.go.id/storage/icon/cuaca/cerah-pm.svg,2026-09-19T19:00:00Z
33,33.74,33.74.08,33.74.08.1004,33.74.08.1004,Jawa Tengah,Kota Semarang,Candisari,Jomblang,2026-09-19T12:00:00,2026-09-19 22:00:00,2026-09-20 05:00:00,9-10,24,70,0,0,9.6,SE,142,NW,,,0,Cerah,Sunny,https://api-apps.bmkg.go.id/storage/icon/cuaca/cerah-pm.svg,2026-09-19T22:00:00Z
33,33.74,33.74.08,33.74.08.1004,33.74.08.1004,Jawa Tengah,Kota Semarang,Candisari,Jomblang,2026-09-19T12:00:00,2026-09-20 01:00:00,2026-09-20 08:00:00,12-13,30,52,0,0,13.2,E,125,W,,,0,Cerah,Sunny,https://api-apps.bmkg.go.id/storage/icon/cuaca/cerah-am.svg,2026-09-20T01:00:00Z
33,33.74,33.74.08,33.74.08.1004,33.74.08.1004,Jawa Tengah,Kota Semarang,Candisari,Jomblang,2026-09-19T12:00:00,2026-09-20 04:00:00,2026-09-20 11:00:00,15-16,34,42,0,4,12.1,E,108,W,,,0,Cerah,Sunny,https://api-apps.bmkg.go.id/storage/icon/cuaca/cerah-am.svg,2026-09-20T04:00:00Z
33,33.74,33.74.08,33.74.08.1004,33.74.08.1004,Jawa Tengah,Kota Semarang,Candisari,Jomblang,2026-09-19T12:00:00,2026-09-20 07:00:00,2026-09-20 14:00:00,18-19,33,51,0.1,20,13.9,NW,324,SE,,,1,Cerah,Sunny,https://api-apps.bmkg.go.id/storage/icon/cuaca/cerah-am.svg,2026-09-20T07:00:00Z
33,33.74,33.74.08,33.74.08.1004,33.74.08.1004,Jawa Tengah,Kota Semarang,Candisari,Jomblang,2026-09-19T12:00:00,2026-09-20 10:00:00,2026-09-20 17:00:00,21-22,28,78,0,7,4,W,284,E,,,0,Cerah,Sunny,https://api-apps.bmkg.go.id/storage/icon/cuaca/cerah-am.svg,2026-09-20T10:00:00Z
33,33.74,33.74.08,33.74.08.1004,33.74.08.1004,Jawa Tengah,Kota Semarang,Candisari,Jomblang,2026-09-19T12:00:00,2026-09-20 13:00:00,2026-09-20 20:00:00,24-25,27,82,0.2,21,0.8,SW,255,NE,,,1,Cerah,Sunny,https://api-apps.bmkg.go.id/storage/icon/cuaca/cerah-pm.svg,2026-09-20T13:00:00Z
33,33.74,33.74.08,33.74.08.1004,33.74.08.1004,Jawa Tengah,Kota Semarang,Candisari,Jomblang,2026-09-19T12:00:00,2026-09-20 16:00:00,2026-09-20 23:00:00,27-28,26,84,0,0,7,SE,142,NW,,,0,Cerah,Sunny,https://api-apps.bmkg.go.id/storage/icon/cuaca/cerah-pm.svg,2026-09-20T16:00:00Z
33,33.74,33.74.08,33.74.08.1004,33.74.08.1004,Jawa Tengah,Kota Semarang,Candisari,Jomblang,2026-09-19T12:00:00,2026-09-20 19:00:00,2026-09-21 02:00:00,30-31,25,81,0,0,8.3,SE,147,NW,,,0,Cerah,Sunny,https://api-apps.bmkg.go.id/storage/icon/cuaca/cerah-pm.svg,2026-09-20T19:00:00Z
33,33.74,33.74.08,33.74.08.1004,33.74.08.1004,Jawa Tengah,Kota Semarang,Candisari,Jomblang,2026-09-19T12:00:00,2026-09-20 22:00:00,2026-09-21 05:00:00,33-34,25,74,0,0,12.8,SE,144,NW,,,0,Cerah,Sunny,https://api-apps.bmkg.go.id/storage/icon/cuaca/cerah-pm.svg,2026-09-20T22:00:00Z
33,33.74,33.74.08,33.74.08.1004,33.74.08.1004,Jawa Tengah,Kota Semarang,Candisari,Jomblang,2026-09-19T12:00:00,2026-09-21 01:00:00,2026-09-21 08:00:00,36-37,30,54,0,0,14.5,E,126,W,,,0,Cerah,Sunny,https://api-apps.bmkg.go.id/storage/icon/cuaca/cerah-am.svg,2026-09-21T01:00:00Z
33,33.74,33.74.08,33.74.08.1004,33.74.08.1004,Jawa Tengah,Kota Semarang,Candisari,Jomblang,2026-09-19T12:00:00,2026-09-21 04:00:00,2026-09-21 11:00:00,39-40,34,42,0,32,11.7,E,120,W,,,1,Cerah,Sunny,https://api-apps.bmkg.go.id/storage/icon/cuaca/cerah-am.svg,2026-09-21T04:00:00Z
33,33.74,33.74.08,33.74.08.1004,33.74.08.1004,Jawa Tengah,Kota Semarang,Candisari,Jomblang,2026-09-19T12:00:00,2026-09-21 07:00:00,2026-09-21 14:00:00,42-43,33,52,0.1,22,11.3,NW,316,SE,,,1,Cerah,Sunny,https://api-apps.bmkg.go.id/storage/icon/cuaca/cerah-am.svg,2026-09-21T07:00:00Z
33,33.74,33.74.08,33.74.08.1004,33.74.08.1004,Jawa Tengah,Kota Semarang,Candisari,Jomblang,2026-09-19T12:00:00,2026-09-21 10:00:00,2026-09-21 17:00:00,45-46,29,71,0.1,10,3.7,NW,316,SE,,,0,Cerah,Sunny,https://api-apps.bmkg.go.id/storage/icon/cuaca/cerah-am.svg,2026-09-21T10:00:00Z
33,33.74,33.74.08,33.74.08.1004,33.74.08.1004,Jawa Tengah,Kota Semarang,Candisari,Jomblang,2026-09-19T12:00:00,2026-09-21 13:00:00,2026-09-21 20:00:00,48-49,26,85,0.2,29,5.7,NE,74,SW,,,1,Cerah,Sunny,https://api-apps.bmkg.go.id/storage/icon/cuaca/cerah-pm.svg,2026-09-21T13:00:00Z
33,33.74,33.74.08,33.74.08.1004,33.74.08.1004,Jawa Tengah,Kota Semarang,Candisari,Jomblang,2026-09-19T12:00:00,2026-09-21 16:00:00,2026-09-21 23:00:00,51-52,26,80,0,7,11.1,E,129,W,,,0,Cerah,Sunny,https://api-apps.bmkg.go.id/storage/icon/cuaca/cerah-pm.svg,2026-09-21T16:00:00Z
33,33.74,33.74.08,33.74.08.1005,33.74.08.1005,Jawa Tengah,Kota Semarang,Candisari,Karanganyar Gunung,2026-09-19T12:00:00,2026-09-19 16:00:00,2026-09-19 23:00:00,3-4,25,78,0,31,4.7,SE,159,NW,,,1,Cerah,Sunny,https://api-apps.bmkg.go.id/storage/icon/cuaca/cerah-pm.svg,2026-09-19T16:00:00Z
33,33.74,33.74.08,33.74.08.1005,33.74.08.1005,Jawa Tengah,Kota Semarang,Candisari,Karanganyar Gunung,2026-09-19T12:00:00,2026-09-19 19:00:00,2026-09-20 02:00:00,6-7,24,78,0,0,7,SE,142,NW,,,0,Cerah,Sunny,https://api-apps.bmkg.go.id/storage/icon/cuaca/cerah-pm.svg,2026-09-19T19:00:00Z
33,33.74,33.74.08,33.74.08.1005,33.74.08.1005,Jawa Tengah,Kota Semarang,Candisari,Karanganyar Gunung,2026-09-19T12:00:00,2026-09-19 22:00:00,2026-09-20 05:00:00,9-10,24,71,0,0,8.3,E,130,W,,,0,Cerah,Sunny,https://api-apps.bmkg.go.id/storage/icon/cuaca/cerah-pm.svg,2026-09-19T22:00:00Z
33,33.74,33.74.08,33.74.08.1005,33.74.08.1005,Jawa Tengah,Kota Semarang,Candisari,Karanganyar Gunung,2026-09-19T12:00:00,2026-09-20 01:00:00,2026-09-20 08:00:00,12-13,30,52,0,0,12.7,E,108,W,,,0,Cerah,Sunny,https://api-apps.bmkg.go.id/storage/icon/cuaca/cerah-am.svg,2026-09-20T01:00:00Z
33,33.74,33.74.08,33.74.08.1005,33.74.08.1005,Jawa Tengah,Kota Semarang,Candisari,Karanganyar Gunung,2026-09-19T12:00:00,2026-09-20 04:00:00,2026-09-20 11:00:00,15-16,34,42,0,5,8.9,NE,61,SW,,,0,Cerah,Sunny,https://api-apps.bmkg.go.id/storage/icon/cuaca/cerah-am.svg,2026-09-20T04:00:00Z
33,33.74,33.74.08,33.74.08.1005,33.74.08.1005,Jawa Tengah,Kota Semarang,Candisari,Karanganyar Gunung,2026-09-19T12:00:00,2026-09-20 07:00:00,2026-09-20 14:00:00,18-19,32,53,0.1,19,12.6,NW,345,SE,,,1,Cerah,Sunny,https://api-apps.bmkg.go.id/storage/icon/cuaca/cerah-am.svg,2026-09-20T07:00:00Z
33,33.74,33.74.08,33.74.08.1005,33.74.08.1005,Jawa Tengah,Kota Semarang,Candisari,Karanganyar Gunung,2026-09-19T12:00:00,2026-09-20 10:00:00,2026-09-20 17:00:00,21-22,28,78,0,8,8,W,285,E,,,0,Cerah,Sunny,https://api-apps.bmkg.go.id/storage/icon/cuaca/cerah-am.svg,2026-09-20T10:00:00Z
33,33.74,33.74.08,33.74.08.1005,33.74.08.1005,Jawa Tengah,Kota Semarang,Candisari,Karanganyar Gunung,2026-09-19T12:00:00,2026-09-20 13:00:00,2026-09-20 20:00:00,24-25,27,81,0.2,14,3.3,SE,149,NW,,,1,Cerah,Sunny,https://api-apps.bmkg.go.id/storage/icon/cuaca/cerah-pm.svg,2026-09-20T13:00:00Z
33,33.74,33.74.08,33.74.08.1005,33.74.08.1005,Jawa Tengah,Kota Semarang,Candisari,Karanganyar Gunung,2026-09-19T12:00:00,2026-09-20 16:00:00,2026-09-20 23:00:00,27-28,26,84,0,0,6.7,E,134,W,,,0,Cerah,Sunny,https://api-apps.bmkg.go.id/storage/icon/cuaca/cerah-pm.svg,2026-09-20T16:00:00Z
33,33.74,33.74.08,33.74.08.1005,33.74.08.1005,Jawa Tengah,Kota Semarang,Candisari,Karanganyar Gunung,2026-09-19T12:00:00,2026-09-20 19:00:00,2026-09-21 02:00:00,30-31,25,81,0,0,9.3,SE,137,NW,,,0,Cerah,Sunny,https://api-apps.bmkg.go.id/storage/icon/cuaca/cerah-pm.svg,2026-09-20T19:00:00Z
33,33.74,33.74.08,33.74.08.1005,33.74.08.1005,Jawa Tengah,Kota Semarang,Candisari,Karanganyar Gunung,2026-09-19T12:00:00,2026-09-20 22:00:00,2026-09-21 05:00:00,33-34,25,74,0,0,13.1,E,134,W,,,0,Cerah,Sunny,https://api-apps.bmkg.go.id/storage/icon/cuaca/cerah-pm.svg,2026-09-20T22:00:00Z
33,33.74,33.74.08,33.74.08.1005,33.74.08.1005,Jawa Tengah,Kota Semarang,Candisari,Karanganyar Gunung,2026-09-19T12:00:00,2026-09-21 01:00:00,2026-09-21 08:00:00,36-37,30,54,0,0,16.1,E,117,W,,,0,Cerah,Sunny,https://api-apps.bmkg.go.id/storage/icon/cuaca/cerah-am.svg,2026-09-21T01:00:00Z
33,33.74,33.74.08,33.74.08.1005,33.74.08.1005,Jawa Tengah,Kota Semarang,Candisari,Karanganyar Gunung,2026-09-19T12:00:00,2026-09-21 04:00:00,2026-09-21 11:00:00,39-40,34,42,0,31,12.6,E,97,W,,,1,Cerah,Sunny,https://api-apps.bmkg.go.id/storage/icon/cuaca/cerah-am.svg,2026-09-21T04:00:00Z
33,33.74,33.74.08,33.74.08.1005,33.74.08.1005,Jawa Tengah,Kota Semarang,Candisari,Karanganyar Gunung,2026-09-19T12:00:00,2026-09-21 07:00:00,2026-09-21 14:00:00,42-43,32,55,0.1,25,11.1,NW,331,SE,,,1,Cerah,Sunny,https://api-apps.bmkg.go.id/storage/icon/cuaca/cerah-am.svg,2026-09-21T07:00:00Z
33,33.74,33.74.08,33.74.08.1005,33.74.08.1005,Jawa Tengah,Kota Semarang,Candisari,Karanganyar Gunung,2026-09-19T12:00:00,2026-09-21 10:00:00,2026-09-21 17:00:00,45-46,29,73,0.1,13,10.8,W,281,E,,,1,Cerah,Sunny,https://api-apps.bmkg.go.id/storage/icon/cuaca/cerah-am.svg,2026-09-21T10:00:00Z
33,33.74,33.74.08,33.74.08.1005,33.74.08.1005,Jawa Tengah,Kota Semarang,Candisari,Karanganyar Gunung,2026-09-19T12:00:00,2026-09-21 13:00:00,2026-09-21 20:00:00,48-49,26,83,0.1,28,6.7,E,98,W,,,1,Cerah,Sunny,https://api-apps.bmkg.go.id/storage/icon/cuaca/cerah-pm.svg,2026-09-21T13:00:00Z
33,33.74,33.74.08,33.74.08.1005,33.74.08.1005,Jawa Tengah,Kota Semarang,Candisari,Karanganyar Gunung,2026-09-19T12:00:00,2026-09-21 16:00:00,2026-09-21 23:00:00,51-52,26,80,0,8,6.7,SE,139,NW,,,0,Cerah,Sunny,https://api-apps.bmkg.go.id/storage/icon/cuaca/cerah-pm.svg,2026-09-21T16:00:00Z
33,33.74,33.74.08,33.74.08.1006,33.74.08.1006,Jawa Tengah,Kota Semarang,Candisari,Tegalsari,2026-09-19T12:00:00,2026-09-19 16:00:00,2026-09-19 23:00:00,3-4,26,76,0,37,4.7,SE,159,NW,,,1,Cerah,Sunny,https://api-apps.bmkg.go.id/storage/icon/cuaca/cerah-pm.svg,2026-09-19T16:00:00Z
33,33.74,33.74.08,33.74.08.1006,33.74.08.1006,Jawa Tengah,Kota Semarang,Candisari,Tegalsari,2026-09-19T12:00:00,2026-09-19 19:00:00,2026-09-20 02:00:00,6-7,25,76,0,1,7,SE,142,NW,,,0,Cerah,Sunny,https://api-apps.bmkg.go.id/storage/icon/cuaca/cerah-pm.svg,2026-09-19T19:00:00Z
33,33.74,33.74.08,33.74.08.1006,33.74.08.1006,Jawa Tengah,Kota Semarang,Candisari,Tegalsari,2026-09-19T12:00:00,2026-09-19 22:00:00,2026-09-20 05:00:00,9-10,25,69,0,0,8.3,E,130,W,,,0,Cerah,Sunny,https://api-apps.bmkg.go.id/storage/icon/cuaca/cerah-pm.svg,2026-09-19T22:00:00Z
33,33.74,33.74.08,33.74.08.1006,33.74.08.1006,Jawa Tengah,Kota Semarang,Candisari,Tegalsari,2026-09-19T12:00:00,2026-09-20 01:00:00,2026-09-20 08:00:00,12-13,30,51,0,0,12.7,E,108,W,,,0,Cerah,Sunny,https://api-apps.bmkg.go.id/storage/icon/cuaca/cerah-am.svg,2026-09-20T01:00:00Z
33,33.74,33.74.08,33.74.08.1006,33.74.08.1006,Jawa Tengah,Kota Semarang,Candisari,Tegalsari,2026-09-19T12:00:00,2026-09-20 04:00:00,2026-09-20 11:00:00,15-16,35,40,0,2,8.9,NE,61,SW,,,0,Cerah,Sunny,https://api-apps.bmkg.go.id/storage/icon/cuaca/cerah-am.svg,2026-09-20T04:00:00Z
33,33.74,33.74.08,33.74.08.1006,33.74.08.1006,Jawa Tengah,Kota Semarang,Candisari,Tegalsari,2026-09-19T12:00:00,2026-09-20 07:00:00,2026-09-20 14:00:00,18-19,32,55,0.1,21,12.6,NW,345,SE,,,1,Cerah,Sunny,https://api-apps.bmkg.go.id/storage/icon/cuaca/cerah-am.svg,2026-09-20T07:00:00Z
33,33.74,33.74.08,33.74.08.1006,33.74.08.1006,Jawa Tengah,Kota Semarang,Candisari,Tegalsari,2026-09-19T12:00:00,2026-09-20 10:00:00,2026-09-20 17:00:00,21-22,29,78,0,6,8,W,285,E,,,0,Cerah,Sunny,https://api-apps.bmkg.go.id/storage/icon/cuaca/cerah-am.svg,2026-09-20T10:00:00Z
33,33.74,33.74.08,33.74.08.1006,33.74.08.1006,Jawa Tengah,Kota Semarang,Candisari,Tegalsari,2026-09-19T12:00:00,2026-09-20 13:00:00,2026-09-20 20:00:00,24-25,27,78,0.2,13,3.3,SE,149,NW,,,1,Cerah,Sunny,https://api-apps.bmkg.go.id/storage/icon/cuaca/cerah-pm.svg,2026-09-20T13:00:00Z
33,33.74,33.74.08,33.74.08.1006,33.74.08.1006,Jawa Tengah,Kota Semarang,Candisari,Tegalsari,2026-09-19T12:00:00,2026-09-20 16:00:00,2026-09-20 23:00:00,27-28,26,81,0,0,6.7,E,134,W,,,0,Cerah,Sunny,https://api-apps.bmkg.go.id/storage/icon/cuaca/cerah-pm.svg,2026-09-20T16:00:00Z
33,33.74,33.74.08,33.74.08.1006,33.74.08.1006,Jawa Tengah,Kota Semarang,Candisari,Tegalsari,2026-09-19T12:00:00,2026-09-20 19:00:00,2026-09-21 02:00:00,30-31,26,79,0,0,9.3,SE,137,NW,,,0,Cerah,Sunny,https://api-apps.bmkg.go.id/storage/icon/cuaca/cerah-pm.svg,2026-09-20T19:00:00Z
33,33.74,33.74.08,33.74.08.1006,33.74.08.1006,Jawa Tengah,Kota Semarang,Candisari,Tegalsari,2026-09-19T12:00:00,2026-09-20 22:00:00,2026-09-21 05:00:00,33-34,25,72,0,0,13.1,E,134,W,,,0,Cerah,Sunny,https://api-apps.bmkg.go.id/storage/icon/cuaca/cerah-pm.svg,2026-09-20T22:00:00Z
33,33.74,33.74.08,33.74.08.1006,33.74.08.1006,Jawa Tengah,Kota Semarang,Candisari,Tegalsari,2026-09-19T12:00:00,2026-09-21 01:00:00,2026-09-21 08:00:00,36-37,30,53,0,0,16.1,E,117,W,,,0,Cerah,Sunny,https://api-apps.bmkg.go.id/storage/icon/cuaca/cerah-am.svg,2026-09-21T01:00:00Z
33,33.74,33.74.08,33.74.08.1006,33.74.08.1006,Jawa Tengah,Kota Semarang,Candisari,Tegalsari,2026-09-19T12:00:00,2026-09-21 04:00:00,2026-09-21 11:00:00,39-40,35,40,0,31,12.6,E,97,W,,,1,Cerah,Sunny,https://api-apps.bmkg.go.id/storage/icon/cuaca/cerah-am.svg,2026-09-21T04:00:00Z
33,33.74,33.74.08,33.74.08.1006,33.74.08.1006,Jawa Tengah,Kota Semarang,Candisari,Tegalsari,2026-09-19T12:00:00,2026-09-21 07:00:00,2026-09-21 14:00:00,42-43,32,57,0.1,20,11.1,NW,331,SE,,,1,Cerah,Sunny,https://api-apps.bmkg.go.id/storage/icon/cuaca/cerah-am.svg,2026-09-21T07:00:00Z
33,33.74,33.74.08,33.74.08.1006,33.74.08.1006,Jawa Tengah,Kota Semarang,Candisari,Tegalsari,2026-09-19T12:00:00,2026-09-21 10:00:00,2026-09-21 17:00:00,45-46,29,71,0.1,10,10.8,W,281,E,,,0,Cerah,Sunny,https://api-apps.bmkg.go.id/storage/icon/cuaca/cerah-am.svg,2026-09-21T10:00:00Z
33,33.74,33.74.08,33.74.08.1006,33.74.08.1006,Jawa Tengah,Kota Semarang,Candisari,Tegalsari,2026-09-19T12:00:00,2026-09-21 13:00:00,2026-09-21 20:00:00,48-49,27,81,0.1,28,6.7,E,98,W,,,1,Cerah,Sunny,https://api-apps.bmkg.go.id/storage/icon/cuaca/cerah-pm.svg,2026-09-21T13:00:00Z
33,33.74,33.74.08,33.74.08.1006,33.74.08.1006,Jawa Tengah,Kota Semarang,Candisari,Tegalsari,2026-09-19T12:00:00,2026-09-21 16:00:00,2026-09-21 23:00:00,51-52,26,77,0,6,6.7,SE,139,NW,,,0,Cerah,Sunny,https://api-apps.bmkg.go.id/storage/icon/cuaca/cerah-pm.svg,2026-09-21T16:00:00Z
33,33.74,33.74.08,33.74.08.1007,33.74.08.1007,Jawa Tengah,Kota Semarang,Candisari,Wonotingal,2026-09-19T12:00:00,2026-09-19 16:00:00,2026-09-19 23:00:00,3-4,26,76,0,37,4.7,SE,159,NW,,,1,Cerah,Sunny,https://api-apps.bmkg.go.id/storage/icon/cuaca/cerah-pm.svg,2026-09-19T16:00:00Z
33,33.74,33.74.08,33.74.08.1007,33.74.08.1007,Jawa Tengah,Kota Semarang,Candisari,Wonotingal,2026-09-19T12:00:00,2026-09-19 19:00:00,2026-09-20 02:00:00,6-7,25,76,0,1,7,SE,142,NW,,,0,Cerah,Sunny,https://api-apps.bmkg.go.id/storage/icon/cuaca/cerah-pm.svg,2026-09-19T19:00:00Z
33,33.74,33.74.08,33.74.08.1007,33.74.08.1007,Jawa Tengah,Kota Semarang,Candisari,Wonotingal,2026-09-19T12:00:00,2026-09-19 22:00:00,2026-09-20 05:00:00,9-10,25,69,0,0,8.3,E,130,W,,,0,Cerah,Sunny,https://api-apps.bmkg.go.id/storage/icon/cuaca/cerah-pm.svg,2026-09-19T22:00:00Z
33,33.74,33.74.08,33.74.08.1007,33.74.08.1007,Jawa Tengah,Kota Semarang,Candisari,Wonotingal,2026-09-19T12:00:00,2026-09-20 01:00:00,2026-09-20 08:00:00,12-13,30,51,0,0,12.7,E,108,W,,,0,Cerah,Sunny,https://api-apps.bmkg.go.id/storage/icon/cuaca/cerah-am.svg,2026-09-20T01:00:00Z
33,33.74,33.74.08,33.74.08.1007,33.74.08.1007,Jawa Tengah,Kota Semarang,Candisari,Wonotingal,2026-09-19T12:00:00,2026-09-20 04:00:00,2026-09-20 11:00:00,15-16,35,40,0,2,8.9,NE,61,SW,,,0,Cerah,Sunny,https://api-apps.bmkg.go.id/storage/icon/cuaca/cerah-am.svg,2026-09-20T04:00:00Z
33,33.74,33.74.08,33.74.08.1007,33.74.08.1007,Jawa Tengah,Kota Semarang,Candisari,Wonotingal,2026-09-19T12:00:00,2026-09-20 07:00:00,2026-09-20 14:00:00,18-19,32,55,0.1,21,12.6,NW,345,SE,,,1,Cerah,Sunny,https://api-apps.bmkg.go.id/storage/icon/cuaca/cerah-am.svg,2026-09-20T07:00:00Z
33,33.74,33.74.08,33.74.08.1007,33.74.08.1007,Jawa Tengah,Kota Semarang,Candisari,Wonotingal,2026-09-19T12:00:00,2026-09-20 10:00:00,2026-09-20 17:00:00,21-22,29,78,0,6,8,W,285,E,,,0,Cerah,Sunny,https://api-apps.bmkg.go.id/storage/icon/cuaca/cerah-am.svg,2026-09-20T10:00:00Z
33,33.74,33.74.08,33.74.08.1007,33.74.08.1007,Jawa Tengah,Kota Semarang,Candisari,Wonotingal,2026-09-19T12:00:00,2026-09-20 13:00:00,2026-09-20 20:00:00,24-25,27,78,0.2,13,3.3,SE,149,NW,,,1,Cerah,Sunny,https://api-apps.bmkg.go.id/storage/icon/cuaca/cerah-pm.svg,2026-09-20T13:00:00Z
33,33.74,33.74.08,33.74.08.1007,33.74.08.1007,Jawa Tengah,Kota Semarang,Candisari,Wonotingal,2026-09-19T12:00:00,2026-09-20 16:00:00,2026-09-20 23:00:00,27-28,26,81,0,0,6.7,E,134,W,,,0,Cerah,Sunny,https://api-apps.bmkg.go.id/storage/icon/cuaca/cerah-pm.svg,2026-09-20T16:00:00Z
33,33.74,33.74.08,33.74.08.1007,33.74.08.1007,Jawa Tengah,Kota Semarang,Candisari,Wonotingal,2026-09-19T12:00:00,2026-09-20 19:00:00,2026-09-21 02:00:00,30-31,26,79,0,0,9.3,SE,137,NW,,,0,Cerah,Sunny,https://api-apps.bmkg.go.id/storage/icon/cuaca/cerah-pm.svg,2026-09-20T19:00:00Z
33,33.74,33.74.08,33.74.08.1007,33.74.08.1007,Jawa Tengah,Kota Semarang,Candisari,Wonotingal,2026-09-19T12:00:00,2026-09-20 22:00:00,2026-09-21 05:00:00,33-34,25,72,0,0,13.1,E,134,W,,,0,Cerah,Sunny,https://api-apps.bmkg.go.id/storage/icon/cuaca/cerah-pm.svg,2026-09-20T22:00:00Z
33,33.74,33.74.08,33.74.08.1007,33.74.08.1007,Jawa Tengah,Kota Semarang,Candisari,Wonotingal,2026-09-19T12:00:00,2026-09-21 01:00:00,2026-09-21 08:00:00,36-37,30,53,0,0,16.1,E,117,W,,,0,Cerah,Sunny,https://api-apps.bmkg.go.id/storage/icon/cuaca/cerah-am.svg,2026-09-21T01:00:00Z
33,33.74,33.74.08,33.74.08.1007,33.74.08.1007,Jawa Tengah,Kota Semarang,Candisari,Wonotingal,2026-09-19T12:00:00,2026-09-21 04:00:00,2026-09-21 11:00:00,39-40,35,40,0,31,12.6,E,97,W,,,1,Cerah,Sunny,https://api-apps.bmkg.go.id/storage/icon/cuaca/cerah-am.svg,2026-09-21T04:00:00Z
33,33.74,33.74.08,33.74.08.1007,33.74.08.1007,Jawa Tengah,Kota Semarang,Candisari,Wonotingal,2026-09-19T12:00:00,2026-09-21 07:00:00,2026-09-21 14:00:00,42-43,32,57,0.1,20,11.1,NW,331,SE,,,1,Cerah,Sunny,https://api-apps.bmkg.go.id/storage/icon/cuaca/cerah-am.svg,2026-09-21T07:00:00Z
33,33.74,33.74.08,33.74.08.1007,33.74.08.1007,Jawa Tengah,Kota Semarang,Candisari,Wonotingal,2026-09-19T12:00:00,2026-09-21 10:00:00,2026-09-21 17:00:00,45-46,29,71,0.1,10,10.8,W,281,E,,,0,Cerah,Sunny,https://api-apps.bmkg.go.id/storage/icon/cuaca/cerah-am.svg,2026-09-21T10:00:00Z
33,33.74,33.74.08,33.74.08.1007,33.74.08.1007,Jawa Tengah,Kota Semarang,Candisari,Wonotingal,2026-09-19T12:00:00,2026-09-21 13:00:00,2026-09-21 20:00:00,48-49,27,81,0.1,28,6.7,E,98,W,,,1,Cerah,Sunny,https://api-apps.bmkg.go.id/storage/icon/cuaca/cerah-pm.svg,2026-09-21T13:00:00Z
33,33.74,33.74.08,33.74.08.1007,33.74.08.1007,Jawa Tengah,Kota Semarang,Candisari,Wonotingal,2026-09-19T12:00:00,2026-09-21 16:00:00,2026-09-21 23:00:00,51-52,26,77,0,6,6.7,SE,139,NW,,,0,Cerah,Sunny,https://api-apps.bmkg.go.id/storage/icon/cuaca/cerah-pm.svg,2026-09-21T16:00:00Z
33,33.74,33.74.09,33.74.09.1001,33.74.09.1001,Jawa Tengah,Kota Semarang,Gajahmungkur,Karangrejo,2026-09-19T12:00:00,2026-09-19 15:00:00,2026-09-19 22:00:00,2-3,26,78,0,1,4.4,E,114,W,,,0,Cerah,Sunny,https://api-apps.bmkg.go.id/storage/icon/cuaca/cerah-pm.svg,2026-09-19T15:00:00Z
33,33.74,33.74.09,33.74.09.1001,33.74.09.1001,Jawa Tengah,Kota Semarang,Gajahmungkur,Karangrejo,2026-09-19T12:00:00,2026-09-19 18:00:00,2026-09-20 01:00:00,5-6,24,80,0,0,4.7,SE,159,NW,,,0,Cerah,Sunny,https://api-apps.bmkg.go.id/storage/icon/cuaca/cerah-pm.svg,2026-09-19T18:00:00Z
33,33.74,33.74.09,33.74.09.1001,33.74.09.1001,Jawa Tengah,Kota Semarang,Gajahmungkur,Karangrejo,2026-09-19T12:00:00,2026-09-19 21:00:00,2026-09-20 04:00:00,8-9,24,75,0,0,7,SE,142,NW,,,0,Cerah,Sunny,https://api-apps.bmkg.go.id/storage/icon/cuaca/cerah-pm.svg,2026-09-19T21:00:00Z
33,33.74,33.74.09,33.74.09.1001,33.74.09.1001,Jawa Tengah,Kota Semarang,Gajahmungkur,Karangrejo,2026-09-19T12:00:00,2026-09-20 00:00:00,2026-09-20 07:00:00,11-12,28,56,0,3,8.3,E,130,W,,,0,Cerah,Sunny,https://api-apps.bmkg.go.id/storage/icon/cuaca/cerah-am.svg,2026-09-20T00:00:00Z
33,33.74,33.74.09,33.74.09.1001,33.74.09.1001,Jawa Tengah,Kota Semarang,Gajahmungkur,Karangrejo,2026-09-19T12:00:00,2026-09-20 03:00:00,2026-09-20 10:00:00,14-15,33,45,0,1,12.7,E,108,W,,,0,Cerah,Sunny,https://api-apps.bmkg.go.id/storage/icon/cuaca/cerah-am.svg,2026-09-20T03:00:00Z
33,33.74,33.74.09,33.74.09.1001,33.74.09.1001,Jawa Tengah,Kota Semarang,Gajahmungkur,Karangrejo,2026-09-19T12:00:00,2026-09-20 06:00:00,2026-09-20 13:00:00,17-18,34,44,0.1,12,8.9,NE,61,SW,,,1,Cerah,Sunny,https://api-apps.bmkg.go.id/storage/icon/cuaca/cerah-am.svg,2026-09-20T06:00:00Z
33,33.74,33.74.09,33.74.09.1001,33.74.09.1001,Jawa Tengah,Kota Semarang,Gajahmungkur,Karangrejo,2026-09-19T12:00:00,2026-09-20 09:00:00,2026-09-20 16:00:00,20-21,29,72,0,14,12.6,NW,345,SE,,,1,Cerah,Sunny,https://api-apps.bmkg.go.id/storage/icon/cuaca/cerah-am.svg,2026-09-20T09:00:00Z
33,33.74,33.74.09,33.74.09.1001,33.74.09.1001,Jawa Tengah,Kota Semarang,Gajahmungkur,Karangrejo,2026-09-19T12:00:00,2026-09-20 12:00:00,2026-09-20 19:00:00,23-24,28,79,0.2,15,8,W,285,E,,,1,Cerah,Sunny,https://api-apps.bmkg.go.id/storage/icon/cuaca/cerah-pm.svg,2026-09-20T12:00:00Z
33,33.74,33.74.09,33.74.09.1001,33.74.09.1001,Jawa Tengah,Kota Semarang,Gajahmungkur,Karangrejo,2026-09-19T12:00:00,2026-09-20 15:00:00,2026-09-20 22:00:00,26-27,26,85,0,0,3.3,SE,149,NW,,,0,Cerah,Sunny,https://api-apps.bmkg.go.id/storage/icon/cuaca/cerah-pm.svg,2026-09-20T15:00:00Z
33,33.74,33.74.09,33.74.09.1001,33.74.09.1001,Jawa Tengah,Kota Semarang,Gajahmungkur,Karangrejo,2026-09-19T12:00:00,2026-09-20 18:00:00,2026-09-21 01:00:00,29-30,25,84,0,0,6.7,E,134,W,,,0,Cerah,Sunny,https://api-apps.bmkg.go.id/storage/icon/cuaca/cerah-pm.svg,2026-09-20T18:00:00Z
33,33.74,33.74.09,33.74.09.1001,33.74.09.1001,Jawa Tengah,Kota Semarang,Gajahmungkur,Karangrejo,2026-09-19T12:00:00,2026-09-20 21:00:00,2026-09-21 04:00:00,32-33,24,76,0,0,9.3,SE,137,NW,,,0,Cerah,Sunny,https://api-apps.bmkg.go.id/storage/icon/cuaca/cerah-pm.svg,2026-09-20T21:00:00Z
33,33.74,33.74.09,33.74.09.1001,33.74.09.1001,Jawa Tengah,Kota Semarang,Gajahmungkur,Karangrejo,2026-09-19T12:00:00,2026-09-21 00:00:00,2026-09-21 07:00:00,35-36,28,60,0,0,13.1,E,134,W,,,0,Cerah,Sunny,https://api-apps.bmkg.go.id/storage/icon/cuaca/cerah-am.svg,2026-09-21T00:00:00Z
33,33.74,33.74.09,33.74.09.1001,33.74.09.1001,Jawa Tengah,Kota Semarang,Gajahmungkur,Karangrejo,2026-09-19T12:00:00,2026-09-21 03:00:00,2026-09-21 10:00:00,38-39,33,44,0,11,16.1,E,117,W,,,1,Cerah,Sunny,https://api-apps.bmkg.go.id/storage/icon/cuaca/cerah-am.svg,2026-09-21T03:00:00Z
33,33.74,33.74.09,33.74.09.1001,33.74.09.1001,Jawa Tengah,Kota Semarang,Gajahmungkur,Karangrejo,2026-09-19T12:00:00,2026-09-21 06:00:00,2026-09-21 13:00:00,41-42,34,44,0.1,14,12.6,E,97,W,,,1,Cerah,Sunny,https://api-apps.bmkg.go.id/storage/icon/cuaca/cerah-am.svg,2026-09-21T06:00:00Z
33,33.74,33.74.09,33.74.09.1001,33.74.09.1001,Jawa Tengah,Kota Semarang,Gajahmungkur,Karangrejo,2026-09-19T12:00:00,2026-09-21 09:00:00,2026-09-21 16:00:00,44-45,29,68,0.1,16,11.1,NW,331,SE,,,1,Cerah,Sunny,https://api-apps.bmkg.go.id/storage/icon/cuaca/cerah-am.svg,2026-09-21T09:00:00Z
33,33.74,33.74.09,33.74.09.1001,33.74.09.1001,Jawa Tengah,Kota Semarang,Gajahmungkur,Karangrejo,2026-09-19T12:00:00,2026-09-21 12:00:00,2026-09-21 19:00:00,47-48,27,79,0.1,38,10.8,W,281,E,,,1,Cerah,Sunny,https://api-apps.bmkg.go.id/storage/icon/cuaca/cerah-pm.svg,2026-09-21T12:00:00Z
33,33.74,33.74.09,33.74.09.1001,33.74.09.1001,Jawa Tengah,Kota Semarang,Gajahmungkur,Karangrejo,2026-09-19T12:00:00,2026-09-21 15:00:00,2026-09-21 22:00:00,50-51,26,84,0,11,6.7,E,98,W,,,1,Cerah,Sunny,https://api-apps.bmkg.go.id/storage/icon/cuaca/cerah-pm.svg,2026-09-21T15:00:00Z
33,33.74,33.74.09,33.74.09.1002,33.74.09.1002,Jawa Tengah,Kota Semarang,Gajahmungkur,Bendan Dhuwur,2026-09-19T12:00:00,2026-09-19 16:00:00,2026-09-19 23:00:00,3-4,25,81,0,26,4.7,SE,159,NW,,,1,Cerah,Sunny,https://api-apps.bmkg.go.id/storage/icon/cuaca/cerah-pm.svg,2026-09-19T16:00:00Z
33,33.74,33.74.09,33.74.09.1002,33.74.09.1002,Jawa Tengah,Kota Semarang,Gajahmungkur,Bendan Dhuwur,2026-09-19T12:00:00,2026-09-19 19:00:00,2026-09-20 02:00:00,6-7,24,79,0,0,7,SE,142,NW,,,0,Cerah,Sunny,https://api-apps.bmkg.go.id/storage/icon/cuaca/cerah-pm.svg,2026-09-19T19:00:00Z
33,33.74,33.74.09,33.74.09.1002,33.74.09.1002,Jawa Tengah,Kota Semarang,Gajahmungkur,Bendan Dhuwur,2026-09-19T12:00:00,2026-09-19 22:00:00,2026-09-20 05:00:00,9-10,24,73,0,0,8.3,E,130,W,,,0,Cerah,Sunny,https://api-apps.bmkg.go.id/storage/icon/cuaca/cerah-pm.svg,2026-09-19T22:00:00Z
33,33.74,33.74.09,33.74.09.1002,33.74.09.1002,Jawa Tengah,Kota Semarang,Gajahmungkur,Bendan Dhuwur,2026-09-19T12:00:00,2026-09-20 01:00:00,2026-09-20 08:00:00,12-13,30,53,0,0,12.7,E,108,W,,,0,Cerah,Sunny,https://api-apps.bmkg.go.id/storage/icon/cuaca/cerah-am.svg,2026-09-20T01:00:00Z
33,33.74,33.74.09,33.74.09.1002,33.74.09.1002,Jawa Tengah,Kota Semarang,Gajahmungkur,Bendan Dhuwur,2026-09-19T12:00:00,2026-09-20 04:00:00,2026-09-20 11:00:00,15-16,34,43,0.1,5,8.9,NE,61,SW,,,0,Cerah,Sunny,https://api-apps.bmkg.go.id/storage/icon/cuaca/cerah-am.svg,2026-09-20T04:00:00Z
33,33.74,33.74.09,33.74.09.1002,33.74.09.1002,Jawa Tengah,Kota Semarang,Gajahmungkur,Bendan Dhuwur,2026-09-19T12:00:00,2026-09-20 07:00:00,2026-09-20 14:00:00,18-19,32,55,0.2,18,12.6,NW,345,SE,,,1,Cerah,Sunny,https://api-apps.bmkg.go.id/storage/icon/cuaca/cerah-am.svg,2026-09-20T07:00:00Z
33,33.74,33.74.09,33.74.09.1002,33.74.09.1002,Jawa Tengah,Kota Semarang,Gajahmungkur,Bendan Dhuwur,2026-09-19T12:00:00,2026-09-20 10:00:00,2026-09-20 17:00:00,21-22,28,79,0,9,8,W,285,E,,,0,Cerah,Sunny,https://api-apps.bmkg.go.id/storage/icon/cuaca/cerah-am.svg,2026-09-20T10:00:00Z
33,33.74,33.74.09,33.74.09.1002,33.74.09.1002,Jawa Tengah,Kota Semarang,Gajahmungkur,Bendan Dhuwur,2026-09-19T12:00:00,2026-09-20 13:00:00,2026-09-20 20:00:00,24-25,26,80,0.2,8,3.3,SE,149,NW,,,0,Cerah,Sunny,https://api-apps.bmkg.go.id/storage/icon/cuaca/cerah-pm.svg,2026-09-20T13:00:00Z
33,33.74,33.74.09,33.74.09.1002,33.74.09.1002,Jawa Tengah,Kota Semarang,Gajahmungkur,Bendan Dhuwur,2026-09-19T12:00:00,2026-09-20 16:00:00,2026-09-20 23:00:00,27-28,26,84,0,0,6.7,E,134,W,,,0,Cerah,Sunny,https://api-apps.bmkg.go.id/storage/icon/cuaca/cerah-pm.svg,2026-09-20T16:00:00Z
33,33.74,33.74.09,33.74.09.1002,33.74.09.1002,Jawa Tengah,Kota Semarang,Gajahmungkur,Bendan Dhuwur,2026-09-19T12:00:00,2026-09-20 19:00:00,2026-09-21 02:00:00,30-31,25,81,0,0,9.3,SE,137,NW,,,0,Cerah,Sunny,https://api-apps.bmkg.go.id/storage/icon/cuaca/cerah-pm.svg,2026-09-20T19:00:00Z
33,33.74,33.74.09,33.74.09.1002,33.74.09.1002,Jawa Tengah,Kota Semarang,Gajahmungkur,Bendan Dhuwur,2026-09-19T12:00:00,2026-09-20 22:00:00,2026-09-21 05:00:00,33-34,25,73,0,0,13.1,E,134,W,,,0,Cerah,Sunny,https://api-apps.bmkg.go.id/storage/icon/cuaca/cerah-pm.svg,2026-09-20T22:00:00Z
33,33.74,33.74.09,33.74.09.1002,33.74.09.1002,Jawa Tengah,Kota Semarang,Gajahmungkur,Bendan Dhuwur,2026-09-19T12:00:00,2026-09-21 01:00:00,2026-09-21 08:00:00,36-37,29,54,0,0,16.1,E,117,W,,,0,Cerah,Sunny,https://api-apps.bmkg.go.id/storage/icon/cuaca/cerah-am.svg,2026-09-21T01:00:00Z
33,33.74,33.74.09,33.74.09.1002,33.74.09.1002,Jawa Tengah,Kota Semarang,Gajahmungkur,Bendan Dhuwur,2026-09-19T12:00:00,2026-09-21 04:00:00,2026-09-21 11:00:00,39-40,34,42,0,31,12.6,E,97,W,,,1,Cerah,Sunny,https://api-apps.bmkg.go.id/storage/icon/cuaca/cerah-am.svg,2026-09-21T04:00:00Z
33,33.74,33.74.09,33.74.09.1002,33.74.09.1002,Jawa Tengah,Kota Semarang,Gajahmungkur,Bendan Dhuwur,2026-09-19T12:00:00,2026-09-21 07:00:00,2026-09-21 14:00:00,42-43,31,59,0.1,28,11.1,NW,331,SE,,,1,Cerah,Sunny,https://api-apps.bmkg.go.id/storage/icon/cuaca/cerah-am.svg,2026-09-21T07:00:00Z
33,33.74,33.74.09,33.74.09.1002,33.74.09.1002,Jawa Tengah,Kota Semarang,Gajahmungkur,Bendan Dhuwur,2026-09-19T12:00:00,2026-09-21 10:00:00,2026-09-21 17:00:00,45-46,28,75,0,16,10.8,W,281,E,,,1,Cerah,Sunny,https://api-apps.bmkg.go.id/storage/icon/cuaca/cerah-am.svg,2026-09-21T10:00:00Z
33,33.74,33.74.09,33.74.09.1002,33.74.09.1002,Jawa Tengah,Kota Semarang,Gajahmungkur,Bendan Dhuwur,2026-09-19T12:00:00,2026-09-21 13:00:00,2026-09-21 20:00:00,48-49,26,82,0,28,6.7,E,98,W,,,1,Cerah,Sunny,https://api-apps.bmkg.go.id/storage/icon/cuaca/cerah-pm.svg,2026-09-21T13:00:00Z
33,33.74,33.74.09,33.74.09.1002,33.74.09.1002,Jawa Tengah,Kota Semarang,Gajahmungkur,Bendan Dhuwur,2026-09-19T12:00:00,2026-09-21 16:00:00,2026-09-21 23:00:00,51-52,26,81,0,10,6.7,SE,139,NW,,,0,Cerah,Sunny,https://api-apps.bmkg.go.id/storage/icon/cuaca/cerah-pm.svg,2026-09-21T16:00:00Z
33,33.74,33.74.09,33.74.09.1003,33.74.09.1003,Jawa Tengah,Kota Semarang,Gajahmungkur,Bendan Ngisor,2026-09-19T12:00:00,2026-09-19 16:00:00,2026-09-19 23:00:00,3-4,26,80,0,31,4.7,SE,159,NW,,,1,Cerah,Sunny,https://api-apps.bmkg.go.id/storage/icon/cuaca/cerah-pm.svg,2026-09-19T16:00:00Z
33,33.74,33.74.09,33.74.09.1003,33.74.09.1003,Jawa Tengah,Kota Semarang,Gajahmungkur,Bendan Ngisor,2026-09-19T12:00:00,2026-09-19 19:00:00,2026-09-20 02:00:00,6-7,25,77,0,2,7,SE,142,NW,,,0,Cerah,Sunny,https://api-apps.bmkg.go.id/storage/icon/cuaca/cerah-pm.svg,2026-09-19T19:00:00Z
33,33.74,33.74.09,33.74.09.1003,33.74.09.1003,Jawa Tengah,Kota Semarang,Gajahmungkur,Bendan Ngisor,2026-09-19T12:00:00,2026-09-19 22:00:00,2026-09-20 05:00:00,9-10,25,70,0,0,8.3,E,130,W,,,0,Cerah,Sunny,https://api-apps.bmkg.go.id/storage/icon/cuaca/cerah-pm.svg,2026-09-19T22:00:00Z
33,33.74,33.74.09,33.74.09.1003,33.74.09.1003,Jawa Tengah,Kota Semarang,Gajahmungkur,Bendan Ngisor,2026-09-19T12:00:00,2026-09-20 01:00:00,2026-09-20 08:00:00,12-13,30,51,0,0,12.7,E,108,W,,,0,Cerah,Sunny,https://api-apps.bmkg.go.id/storage/icon/cuaca/cerah-am.svg,2026-09-20T01:00:00Z
33,33.74,33.74.09,33.74.09.1003,33.74.09.1003,Jawa Tengah,Kota Semarang,Gajahmungkur,Bendan Ngisor,2026-09-19T12:00:00,2026-09-20 04:00:00,2026-09-20 11:00:00,15-16,34,40,0,2,8.9,NE,61,SW,,,0,Cerah,Sunny,https://api-apps.bmkg.go.id/storage/icon/cuaca/cerah-am.svg,2026-09-20T04:00:00Z
33,33.74,33.74.09,33.74.09.1003,33.74.09.1003,Jawa Tengah,Kota Semarang,Gajahmungkur,Bendan Ngisor,2026-09-19T12:00:00,2026-09-20 07:00:00,2026-09-20 14:00:00,18-19,32,57,0.1,19,12.6,NW,345,SE,,,1,Cerah,Sunny,https://api-apps.bmkg.go.id/storage/icon/cuaca/cerah-am.svg,2026-09-20T07:00:00Z
33,33.74,33.74.09,33.74.09.1003,33.74.09.1003,Jawa Tengah,Kota Semarang,Gajahmungkur,Bendan Ngisor,2026-09-19T12:00:00,2026-09-20 10:00:00,2026-09-20 17:00:00,21-22,28,78,0,7,8,W,285,E,,,0,Cerah,Sunny,https://api-apps.bmkg.go.id/storage/icon/cuaca/cerah-am.svg,2026-09-20T10:00:00Z
33,33.74,33.74.09,33.74.09.1003,33.74.09.1003,Jawa Tengah,Kota Semarang,Gajahmungkur,Bendan Ngisor,2026-09-19T12:00:00,2026-09-20 13:00:00,2026-09-20 20:00:00,24-25,27,76,0.2,5,3.3,SE,149,NW,,,0,Cerah,Sunny,https://api-apps.bmkg.go.id/storage/icon/cuaca/cerah-pm.svg,2026-09-20T13:00:00Z
33,33.74,33.74.09,33.74.09.1003,33.74.09.1003,Jawa Tengah,Kota Semarang,Gajahmungkur,Bendan Ngisor,2026-09-19T12:00:00,2026-09-20 16:00:00,2026-09-20 23:00:00,27-28,26,81,0,0,6.7,E,134,W,,,0,Cerah,Sunny,https://api-apps.bmkg.go.id/storage/icon/cuaca/cerah-pm.svg,2026-09-20T16:00:00Z
33,33.74,33.74.09,33.74.09.1003,33.74.09.1003,Jawa Tengah,Kota Semarang,Gajahmungkur,Bendan Ngisor,2026-09-19T12:00:00,2026-09-20 19:00:00,2026-09-21 02:00:00,30-31,26,78,0,0,9.3,SE,137,NW,,,0,Cerah,Sunny,https://api-apps.bmkg.go.id/storage/icon/cuaca/cerah-pm.svg,2026-09-20T19:00:00Z
33,33.74,33.74.09,33.74.09.1003,33.74.09.1003,Jawa Tengah,Kota Semarang,Gajahmungkur,Bendan Ngisor,2026-09-19T12:00:00,2026-09-20 22:00:00,2026-09-21 05:00:00,33-34,25,71,0,0,13.1,E,134,W,,,0,Cerah,Sunny,https://api-apps.bmkg.go.id/storage/icon/cuaca/cerah-pm.svg,2026-09-20T22:00:00Z
33,33.74,33.74.09,33.74.09.1003,33.74.09.1003,Jawa Tengah,Kota Semarang,Gajahmungkur,Bendan Ngisor,2026-09-19T12:00:00,2026-09-21 01:00:00,2026-09-21 08:00:00,36-37,30,53,0,0,16.1,E,117,W,,,0,Cerah,Sunny,https://api-apps.bmkg.go.id/storage/icon/cuaca/cerah-am.svg,2026-09-21T01:00:00Z
33,33.74,33.74.09,33.74.09.1003,33.74.09.1003,Jawa Tengah,Kota Semarang,Gajahmungkur,Bendan Ngisor,2026-09-19T12:00:00,2026-09-21 04:00:00,2026-09-21 11:00:00,39-40,35,40,0,30,12.6,E,97,W,,,1,Cerah,Sunny,https://api-apps.bmkg.go.id/storage/icon/cuaca/cerah-am.svg,2026-09-21T04:00:00Z
33,33.74,33.74.09,33.74.09.1003,33.74.09.1003,Jawa Tengah,Kota Semarang,Gajahmungkur,Bendan Ngisor,2026-09-19T12:00:00,2026-09-21 07:00:00,2026-09-21 14:00:00,42-43,32,61,0.1,23,11.1,NW,331,SE,,,1,Cerah,Sunny,https://api-apps.bmkg.go.id/storage/icon/cuaca/cerah-am.svg,2026-09-21T07:00:00Z
33,33.74,33.74.09,33.74.09.1003,33.74.09.1003,Jawa Tengah,Kota Semarang,Gajahmungkur,Bendan Ngisor,2026-09-19T12:00:00,2026-09-21 10:00:00,2026-09-21 17:00:00,45-46,29,72,0,13,10.8,W,281,E,,,1,Cerah,Sunny,https://api-apps.bmkg.go.id/storage/icon/cuaca/cerah-am.svg,2026-09-21T10:00:00Z
33,33.74,33.74.09,33.74.09.1003,33.74.09.1003,Jawa Tengah,Kota Semarang,Gajahmungkur,Bendan Ngisor,2026-09-19T12:00:00,2026-09-21 13:00:00,2026-09-21 20:00:00,48-49,27,79,0,26,6.7,E,98,W,,,1,Cerah,Sunny,https://api-apps.bmkg.go.id/storage/icon/cuaca/cerah-pm.svg,2026-09-21T13:00:00Z
33,33.74,33.74.09,33.74.09.1003,33.74.09.1003,Jawa Tengah,Kota Semarang,Gajahmungkur,Bendan Ngisor,2026-09-19T12:00:00,2026-09-21 16:00:00,2026-09-21 23:00:00,51-52,26,77,0,7,6.7,SE,139,NW,,,0,Cerah,Sunny,https://api-apps.bmkg.go.id/storage/icon/cuaca/cerah-pm.svg,2026-09-21T16:00:00Z
33,33.74,33.74.09,33.74.09.1004,33.74.09.1004,Jawa Tengah,Kota Semarang,Gajahmungkur,Sampangan,2026-09-19T12:00:00,2026-09-19 16:00:00,2026-09-19 23:00:00,3-4,26,80,0,31,4.7,SE,159,NW,,,1,Cerah,Sunny,https://api-apps.bmkg.go.id/storage/icon/cuaca/cerah-pm.svg,2026-09-19T16:00:00Z
33,33.74,33.74.09,33.74.09.1004,33.74.09.1004,Jawa Tengah,Kota Semarang,Gajahmungkur,Sampangan,2026-09-19T12:00:00,2026-09-19 19:00:00,2026-09-20 02:00:00,6-7,25,77,0,2,7,SE,142,NW,,,0,Cerah,Sunny,https://api-apps.bmkg.go.id/storage/icon/cuaca/cerah-pm.svg,2026-09-19T19:00:00Z
33,33.74,33.74.09,33.74.09.1004,33.74.09.1004,Jawa Tengah,Kota Semarang,Gajahmungkur,Sampangan,2026-09-19T12:00:00,2026-09-19 22:00:00,2026-09-20 05:00:00,9-10,25,70,0,0,8.3,E,130,W,,,0,Cerah,Sunny,https://api-apps.bmkg.go.id/storage/icon/cuaca/cerah-pm.svg,2026-09-19T22:00:00Z
33,33.74,33.74.09,33.74.09.1004,33.74.09.1004,Jawa Tengah,Kota Semarang,Gajahmungkur,Sampangan,2026-09-19T12:00:00,2026-09-20 01:00:00,2026-09-20 08:00:00,12-13,30,51,0,0,12.7,E,108,W,,,0,Cerah,Sunny,https://api-apps.bmkg.go.id/storage/icon/cuaca/cerah-am.svg,2026-09-20T01:00:00Z
33,33.74,33.74.09,33.74.09.1004,33.74.09.1004,Jawa Tengah,Kota Semarang,Gajahmungkur,Sampangan,2026-09-19T12:00:00,2026-09-20 04:00:00,2026-09-20 11:00:00,15-16,34,40,0,2,8.9,NE,61,SW,,,0,Cerah,Sunny,https://api-apps.bmkg.go.id/storage/icon/cuaca/cerah-am.svg,2026-09-20T04:00:00Z
33,33.74,33.74.09,33.74.09.1004,33.74.09.1004,Jawa Tengah,Kota Semarang,Gajahmungkur,Sampangan,2026-09-19T12:00:00,2026-09-20 07:00:00,2026-09-20 14:00:00,18-19,32,57,0.1,19,12.6,NW,345,SE,,,1,Cerah,Sunny,https://api-apps.bmkg.go.id/storage/icon/cuaca/cerah-am.svg,2026-09-20T07:00:00Z
33,33.74,33.74.09,33.74.09.1004,33.74.09.1004,Jawa Tengah,Kota Semarang,Gajahmungkur,Sampangan,2026-09-19T12:00:00,2026-09-20 10:00:00,2026-09-20 17:00:00,21-22,28,78,0,7,8,W,285,E,,,0,Cerah,Sunny,https://api-apps.bmkg.go.id/storage/icon/cuaca/cerah-am.svg,2026-09-20T10:00:00Z
33,33.74,33.74.09,33.74.09.1004,33.74.09.1004,Jawa Tengah,Kota Semarang,Gajahmungkur,Sampangan,2026-09-19T12:00:00,2026-09-20 13:00:00,2026-09-20 20:00:00,24-25,27,76,0.2,5,3.3,SE,149,NW,,,0,Cerah,Sunny,https://api-apps.bmkg.go.id/storage/icon/cuaca/cerah-pm.svg,2026-09-20T13:00:00Z
33,33.74,33.74.09,33.74.09.1004,33.74.09.1004,Jawa Tengah,Kota Semarang,Gajahmungkur,Sampangan,2026-09-19T12:00:00,2026-09-20 16:00:00,2026-09-20 23:00:00,27-28,26,81,0,0,6.7,E,134,W,,,0,Cerah,Sunny,https://api-apps.bmkg.go.id/storage/icon/cuaca/cerah-pm.svg,2026-09-20T16:00:00Z
33,33.74,33.74.09,33.74.09.1004,33.74.09.1004,Jawa Tengah,Kota Semarang,Gajahmungkur,Sampangan,2026-09-19T12:00:00,2026-09-20 19:00:00,2026-09-21 02:00:00,30-31,26,78,0,0,9.3,SE,137,NW,,,0,Cerah,Sunny,https://api-apps.bmkg.go.id/storage/icon/cuaca/cerah-pm.svg,2026-09-20T19:00:00Z
33,33.74,33.74.09,33.74.09.1004,33.74.09.1004,Jawa Tengah,Kota Semarang,Gajahmungkur,Sampangan,2026-09-19T12:00:00,2026-09-20 22:00:00,2026-09-21 05:00:00,33-34,25,71,0,0,13.1,E,134,W,,,0,Cerah,Sunny,https://api-apps.bmkg.go.id/storage/icon/cuaca/cerah-pm.svg,2026-09-20T22:00:00Z
33,33.74,33.74.09,33.74.09.1004,33.74.09.1004,Jawa Tengah,Kota Semarang,Gajahmungkur,Sampangan,2026-09-19T12:00:00,2026-09-21 01:00:00,2026-09-21 08:00:00,36-37,30,53,0,0,16.1,E,117,W,,,0,Cerah,Sunny,https://api-apps.bmkg.go.id/storage/icon/cuaca/cerah-am.svg,2026-09-21T01:00:00Z
33,33.74,33.74.09,33.74.09.1004,33.74.09.1004,Jawa Tengah,Kota Semarang,Gajahmungkur,Sampangan,2026-09-19T12:00:00,2026-09-21 04:00:00,2026-09-21 11:00:00,39-40,35,40,0,30,12.6,E,97,W,,,1,Cerah,Sunny,https://api-apps.bmkg.go.id/storage/icon/cuaca/cerah-am.svg,2026-09-21T04:00:00Z
33,33.74,33.74.09,33.74.09.1004,33.74.09.1004,Jawa Tengah,Kota Semarang,Gajahmungkur,Sampangan,2026-09-19T12:00:00,2026-09-21 07:00:00,2026-09-21 14:00:00,42-43,32,61,0.1,23,11.1,NW,331,SE,,,1,Cerah,Sunny,https://api-apps.bmkg.go.id/storage/icon/cuaca/cerah-am.svg,2026-09-21T07:00:00Z
33,33.74,33.74.09,33.74.09.1004,33.74.09.1004,Jawa Tengah,Kota Semarang,Gajahmungkur,Sampangan,2026-09-19T12:00:00,2026-09-21 10:00:00,2026-09-21 17:00:00,45-46,29,72,0,13,10.8,W,281,E,,,1,Cerah,Sunny,https://api-apps.bmkg.go.id/storage/icon/cuaca/cerah-am.svg,2026-09-21T10:00:00Z
33,33.74,33.74.09,33.74.09.1004,33.74.09.1004,Jawa Tengah,Kota Semarang,Gajahmungkur,Sampangan,2026-09-19T12:00:00,2026-09-21 13:00:00,2026-09-21 20:00:00,48-49,27,79,0,26,6.7,E,98,W,,,1,Cerah,Sunny,https://api-apps.bmkg.go.id/storage/icon/cuaca/cerah-pm.svg,2026-09-21T13:00:00Z
33,33.74,33.74.09,33.74.09.1004,33.74.09.1004,Jawa Tengah,Kota Semarang,Gajahmungkur,Sampangan,2026-09-19T12:00:00,2026-09-21 16:00:00,2026-09-21 23:00:00,51-52,26,77,0,7,6.7,SE,139,NW,,,0,Cerah,Sunny,https://api-apps.bmkg.go.id/storage/icon/cuaca/cerah-pm.svg,2026-09-21T16:00:00Z
33,33.74,33.74.09,33.74.09.1005,33.74.09.1005,Jawa Tengah,Kota Semarang,Gajahmungkur,Gajahmungkur,2026-09-19T12:00:00,2026-09-19 16:00:00,2026-09-19 23:00:00,3-4,25,81,0,26,4.7,SE,159,NW,,,1,Cerah,Sunny,https://api-apps.bmkg.go.id/storage/icon/cuaca/cerah-pm.svg,2026-09-19T16:00:00Z
33,33.74,33.74.09,33.74.09.1005,33.74.09.1005,Jawa Tengah,Kota Semarang,Gajahmungkur,Gajahmungkur,2026-09-19T12:00:00,2026-09-19 19:00:00,2026-09-20 02:00:00,6-7,24,79,0,0,7,SE,142,NW,,,0,Cerah,Sunny,https://api-apps.bmkg.go.id/storage/icon/cuaca/cerah-pm.svg,2026-09-19T19:00:00Z
33,33.74,33.74.09,33.74.09.1005,33.74.09.1005,Jawa Tengah,Kota Semarang,Gajahmungkur,Gajahmungkur,2026-09-19T12:00:00,2026-09-19 22:00:00,2026-09-20 05:00:00,9-10,24,73,0,0,8.3,E,130,W,,,0,Cerah,Sunny,https://api-apps.bmkg.go.id/storage/icon/cuaca/cerah-pm.svg,2026-09-19T22:00:00Z
33,33.74,33.74.09,33.74.09.1005,33.74.09.1005,Jawa Tengah,Kota Semarang,Gajahmungkur,Gajahmungkur,2026-09-19T12:00:00,2026-09-20 01:00:00,2026-09-20 08:00:00,12-13,30,53,0,0,12.7,E,108,W,,,0,Cerah,Sunny,https://api-apps.bmkg.go.id/storage/icon/cuaca/cerah-am.svg,2026-09-20T01:00:00Z
33,33.74,33.74.09,33.74.09.1005,33.74.09.1005,Jawa Tengah,Kota Semarang,Gajahmungkur,Gajahmungkur,2026-09-19T12:00:00,2026-09-20 04:00:00,2026-09-20 11:00:00,15-16,34,43,0.1,5,8.9,NE,61,SW,,,0,Cerah,Sunny,https://api-apps.bmkg.go.id/storage/icon/cuaca/cerah-am.svg,2026-09-20T04:00:00Z
33,33.74,33.74.09,33.74.09.1005,33.74.09.1005,Jawa Tengah,Kota Semarang,Gajahmungkur,Gajahmungkur,2026-09-19T12:00:00,2026-09-20 07:00:00,2026-09-20 14:00:00,18-19,32,55,0.2,18,12.6,NW,345,SE,,,1,Cerah,Sunny,https://api-apps.bmkg.go.id/storage/icon/cuaca/cerah-am.svg,2026-09-20T07:00:00Z
33,33.74,33.74.09,33.74.09.1005,33.74.09.1005,Jawa Tengah,Kota Semarang,Gajahmungkur,Gajahmungkur,2026-09-19T12:00:00,2026-09-20 10:00:00,2026-09-20 17:00:00,21-22,28,79,0,9,8,W,285,E,,,0,Cerah,Sunny,https://api-apps.bmkg.go.id/storage/icon/cuaca/cerah-am.svg,2026-09-20T10:00:00Z
33,33.74,33.74.09,33.74.09.1005,33.74.09.1005,Jawa Tengah,Kota Semarang,Gajahmungkur,Gajahmungkur,2026-09-19T12:00:00,2026-09-20 13:00:00,2026-09-20 20:00:00,24-25,26,80,0.2,8,3.3,SE,149,NW,,,0,Cerah,Sunny,https://api-apps.bmkg.go.id/storage/icon/cuaca/cerah-pm.svg,2026-09-20T13:00:00Z
33,33.74,33.74.09,33.74.09.1005,33.74.09.1005,Jawa Tengah,Kota Semarang,Gajahmungkur,Gajahmungkur,2026-09-19T12:00:00,2026-09-20 16:00:00,2026-09-20 23:00:00,27-28,26,84,0,0,6.7,E,134,W,,,0,Cerah,Sunny,https://api-apps.bmkg.go.id/storage/icon/cuaca/cerah-pm.svg,2026-09-20T16:00:00Z
33,33.74,33.74.09,33.74.09.1005,33.74.09.1005,Jawa Tengah,Kota Semarang,Gajahmungkur,Gajahmungkur,2026-09-19T12:00:00,2026-09-20 19:00:00,2026-09-21 02:00:00,30-31,25,81,0,0,9.3,SE,137,NW,,,0,Cerah,Sunny,https://api-apps.bmkg.go.id/storage/icon/cuaca/cerah-pm.svg,2026-09-20T19:00:00Z
33,33.74,33.74.09,33.74.09.1005,33.74.09.1005,Jawa Tengah,Kota Semarang,Gajahmungkur,Gajahmungkur,2026-09-19T12:00:00,2026-09-20 22:00:00,2026-09-21 05:00:00,33-34,25,73,0,0,13.1,E,134,W,,,0,Cerah,Sunny,https://api-apps.bmkg.go.id/storage/icon/cuaca/cerah-pm.svg,2026-09-20T22:00:00Z
33,33.74,33.74.09,33.74.09.1005,33.74.09.1005,Jawa Tengah,Kota Semarang,Gajahmungkur,Gajahmungkur,2026-09-19T12:00:00,2026-09-21 01:00:00,2026-09-21 08:00:00,36-37,29,54,0,0,16.1,E,117,W,,,0,Cerah,Sunny,https://api-apps.bmkg.go.id/storage/icon/cuaca/cerah-am.svg,2026-09-21T01:00:00Z
33,33.74,33.74.09,33.74.09.1005,33.74.09.1005,Jawa Tengah,Kota Semarang,Gajahmungkur,Gajahmungkur,2026-09-19T12:00:00,2026-09-21 04:00:00,2026-09-21 11:00:00,39-40,34,42,0,31,12.6,E,97,W,,,1,Cerah,Sunny,https://api-apps.bmkg.go.id/storage/icon/cuaca/cerah-am.svg,2026-09-21T04:00:00Z
33,33.74,33.74.09,33.74.09.1005,33.74.09.1005,Jawa Tengah,Kota Semarang,Gajahmungkur,Gajahmungkur,2026-09-19T12:00:00,2026-09-21 07:00:00,2026-09-21 14:00:00,42-43,31,59,0.1,28,11.1,NW,331,SE,,,1,Cerah,Sunny,https://api-apps.bmkg.go.id/storage/icon/cuaca/cerah-am.svg,2026-09-21T07:00:00Z
33,33.74,33.74.09,33.74.09.1005,33.74.09.1005,Jawa Tengah,Kota Semarang,Gajahmungkur,Gajahmungkur,2026-09-19T12:00:00,2026-09-21 10:00:00,2026-09-21 17:00:00,45-46,28,75,0,16,10.8,W,281,E,,,1,Cerah,Sunny,https://api-apps.bmkg.go.id/storage/icon/cuaca/cerah-am.svg,2026-09-21T10:00:00Z
33,33.74,33.74.09,33.74.09.1005,33.74.09.1005,Jawa Tengah,Kota Semarang,Gajahmungkur,Gajahmungkur,2026-09-19T12:00:00,2026-09-21 13:00:00,2026-09-21 20:00:00,48-49,26,82,0,28,6.7,E,98,W,,,1,Cerah,Sunny,https://api-apps.bmkg.go.id/storage/icon/cuaca/cerah-pm.svg,2026-09-21T13:00:00Z
33,33.74,33.74.09,33.74.09.1005,33.74.09.1005,Jawa Tengah,Kota Semarang,Gajahmungkur,Gajahmungkur,2026-09-19T12:00:00,2026-09-21 16:00:00,2026-09-21 23:00:00,51-52,26,81,0,10,6.7,SE,139,NW,,,0,Cerah,Sunny,https://api-apps.bmkg.go.id/storage/icon/cuaca/cerah-pm.svg,2026-09-21T16:00:00Z
33,33.74,33.74.09,33.74.09.1006,33.74.09.1006,Jawa Tengah,Kota Semarang,Gajahmungkur,Lempongsari,2026-09-19T12:00:00,2026-09-19 16:00:00,2026-09-19 23:00:00,3-4,26,76,0,37,4.7,SE,159,NW,,,1,Cerah,Sunny,https://api-apps.bmkg.go.id/storage/icon/cuaca/cerah-pm.svg,2026-09-19T16:00:00Z
33,33.74,33.74.09,33.74.09.1006,33.74.09.1006,Jawa Tengah,Kota Semarang,Gajahmungkur,Lempongsari,2026-09-19T12:00:00,2026-09-19 19:00:00,2026-09-20 02:00:00,6-7,25,76,0,1,7,SE,142,NW,,,0,Cerah,Sunny,https://api-apps.bmkg.go.id/storage/icon/cuaca/cerah-pm.svg,2026-09-19T19:00:00Z
33,33.74,33.74.09,33.74.09.1006,33.74.09.1006,Jawa Tengah,Kota Semarang,Gajahmungkur,Lempongsari,2026-09-19T12:00:00,2026-09-19 22:00:00,2026-09-20 05:00:00,9-10,25,69,0,0,8.3,E,130,W,,,0,Cerah,Sunny,https://api-apps.bmkg.go.id/storage/icon/cuaca/cerah-pm.svg,2026-09-19T22:00:00Z
33,33.74,33.74.09,33.74.09.1006,33.74.09.1006,Jawa Tengah,Kota Semarang,Gajahmungkur,Lempongsari,2026-09-19T12:00:00,2026-09-20 01:00:00,2026-09-20 08:00:00,12-13,30,51,0,0,12.7,E,108,W,,,0,Cerah,Sunny,https://api-apps.bmkg.go.id/storage/icon/cuaca/cerah-am.svg,2026-09-20T01:00:00Z
33,33.74,33.74.09,33.74.09.1006,33.74.09.1006,Jawa Tengah,Kota Semarang,Gajahmungkur,Lempongsari,2026-09-19T12:00:00,2026-09-20 04:00:00,2026-09-20 11:00:00,15-16,35,40,0,2,8.9,NE,61,SW,,,0,Cerah,Sunny,https://api-apps.bmkg.go.id/storage/icon/cuaca/cerah-am.svg,2026-09-20T04:00:00Z
33,33.74,33.74.09,33.74.09.1006,33.74.09.1006,Jawa Tengah,Kota Semarang,Gajahmungkur,Lempongsari,2026-09-19T12:00:00,2026-09-20 07:00:00,2026-09-20 14:00:00,18-19,32,55,0.1,21,12.6,NW,345,SE,,,1,Cerah,Sunny,https://api-apps.bmkg.go.id/storage/icon/cuaca/cerah-am.svg,2026-09-20T07:00:00Z
33,33.74,33.74.09,33.74.09.1006,33.74.09.1006,Jawa Tengah,Kota Semarang,Gajahmungkur,Lempongsari,2026-09-19T12:00:00,2026-09-20 10:00:00,2026-09-20 17:00:00,21-22,29,78,0,6,8,W,285,E,,,0,Cerah,Sunny,https://api-apps.bmkg.go.id/storage/icon/cuaca/cerah-am.svg,2026-09-20T10:00:00Z
33,33.74,33.74.09,33.74.09.1006,33.74.09.1006,Jawa Tengah,Kota Semarang,Gajahmungkur,Lempongsari,2026-09-19T12:00:00,2026-09-20 13:00:00,2026-09-20 20:00:00,24-25,27,78,0.2,13,3.3,SE,149,NW,,,1,Cerah,Sunny,https://api-apps.bmkg.go.id/storage/icon/cuaca/cerah-pm.svg,2026-09-20T13:00:00Z
33,33.74,33.74.09,33.74.09.1006,33.74.09.1006,Jawa Tengah,Kota Semarang,Gajahmungkur,Lempongsari,2026-09-19T12:00:00,2026-09-20 16:00:00,2026-09-20 23:00:00,27-28,26,81,0,0,6.7,E,134,W,,,0,Cerah,Sunny,https://api-apps.bmkg.go.id/storage/icon/cuaca/cerah-pm.svg,2026-09-20T16:00:00Z
33,33.74,33.74.09,33.74.09.1006,33.74.09.1006,Jawa Tengah,Kota Semarang,Gajahmungkur,Lempongsari,2026-09-19T12:00:00,2026-09-20 19:00:00,2026-09-21 02:00:00,30-31,26,79,0,0,9.3,SE,137,NW,,,0,Cerah,Sunny,https://api-apps.bmkg.go.id/storage/icon/cuaca/cerah-pm.svg,2026-09-20T19:00:00Z
33,33.74,33.74.09,33.74.09.1006,33.74.09.1006,Jawa Tengah,Kota Semarang,Gajahmungkur,Lempongsari,2026-09-19T12:00:00,2026-09-20 22:00:00,2026-09-21 05:00:00,33-34,25,72,0,0,13.1,E,134,W,,,0,Cerah,Sunny,https://api-apps.bmkg.go.id/storage/icon/cuaca/cerah-pm.svg,2026-09-20T22:00:00Z
33,33.74,33.74.09,33.74.09.1006,33.74.09.1006,Jawa Tengah,Kota Semarang,Gajahmungkur,Lempongsari,2026-09-19T12:00:00,2026-09-21 01:00:00,2026-09-21 08:00:00,36-37,30,53,0,0,16.1,E,117,W,,,0,Cerah,Sunny,https://api-apps.bmkg.go.id/storage/icon/cuaca/cerah-am.svg,2026-09-21T01:00:00Z
33,33.74,33.74.09,33.74.09.1006,33.74.09.1006,Jawa Tengah,Kota Semarang,Gajahmungkur,Lempongsari,2026-09-19T12:00:00,2026-09-21 04:00:00,2026-09-21 11:00:00,39-40,35,40,0,31,12.6,E,97,W,,,1,Cerah,Sunny,https://api-apps.bmkg.go.id/storage/icon/cuaca/cerah-am.svg,2026-09-21T04:00:00Z
33,33.74,33.74.09,33.74.09.1006,33.74.09.1006,Jawa Tengah,Kota Semarang,Gajahmungkur,Lempongsari,2026-09-19T12:00:00,2026-09-21 07:00:00,2026-09-21 14:00:00,42-43,32,57,0.1,20,11.1,NW,331,SE,,,1,Cerah,Sunny,https://api-apps.bmkg.go.id/storage/icon/cuaca/cerah-am.svg,2026-09-21T07:00:00Z
33,33.74,33.74.09,33.74.09.1006,33.74.09.1006,Jawa Tengah,Kota Semarang,Gajahmungkur,Lempongsari,2026-09-19T12:00:00,2026-09-21 10:00:00,2026-09-21 17:00:00,45-46,29,71,0.1,10,10.8,W,281,E,,,0,Cerah,Sunny,https://api-apps.bmkg.go.id/storage/icon/cuaca/cerah-am.svg,2026-09-21T10:00:00Z
33,33.74,33.74.09,33.74.09.1006,33.74.09.1006,Jawa Tengah,Kota Semarang,Gajahmungkur,Lempongsari,2026-09-19T12:00:00,2026-09-21 13:00:00,2026-09-21 20:00:00,48-49,27,81,0.1,28,6.7,E,98,W,,,1,Cerah,Sunny,https://api-apps.bmkg.go.id/storage/icon/cuaca/cerah-pm.svg,2026-09-21T13:00:00Z
33,33.74,33.74.09,33.74.09.1006,33.74.09.1006,Jawa Tengah,Kota Semarang,Gajahmungkur,Lempongsari,2026-09-19T12:00:00,2026-09-21 16:00:00,2026-09-21 23:00:00,51-52,26,77,0,6,6.7,SE,139,NW,,,0,Cerah,Sunny,https://api-apps.bmkg.go.id/storage/icon/cuaca/cerah-pm.svg,2026-09-21T16:00:00Z
33,33.74,33.74.09,33.74.09.1007,33.74.09.1007,Jawa Tengah,Kota Semarang,Gajahmungkur,Petompon,2026-09-19T12:00:00,2026-09-19 16:00:00,2026-09-19 23:00:00,3-4,26,80,0,31,4.7,SE,159,NW,,,1,Cerah,Sunny,https://api-apps.bmkg.go.id/storage/icon/cuaca/cerah-pm.svg,2026-09-19T16:00:00Z
33,33.74,33.74.09,33.74.09.1007,33.74.09.1007,Jawa Tengah,Kota Semarang,Gajahmungkur,Petompon,2026-09-19T12:00:00,2026-09-19 19:00:00,2026-09-20 02:00:00,6-7,25,77,0,2,7,SE,142,NW,,,0,Cerah,Sunny,https://api-apps.bmkg.go.id/storage/icon/cuaca/cerah-pm.svg,2026-09-19T19:00:00Z
33,33.74,33.74.09,33.74.09.1007,33.74.09.1007,Jawa Tengah,Kota Semarang,Gajahmungkur,Petompon,2026-09-19T12:00:00,2026-09-19 22:00:00,2026-09-20 05:00:00,9-10,25,70,0,0,8.3,E,130,W,,,0,Cerah,Sunny,https://api-apps.bmkg.go.id/storage/icon/cuaca/cerah-pm.svg,2026-09-19T22:00:00Z
33,33.74,33.74.09,33.74.09.1007,33.74.09.1007,Jawa Tengah,Kota Semarang,Gajahmungkur,Petompon,2026-09-19T12:00:00,2026-09-20 01:00:00,2026-09-20 08:00:00,12-13,30,51,0,0,12.7,E,108,W,,,0,Cerah,Sunny,https://api-apps.bmkg.go.id/storage/icon/cuaca/cerah-am.svg,2026-09-20T01:00:00Z
33,33.74,33.74.09,33.74.09.1007,33.74.09.1007,Jawa Tengah,Kota Semarang,Gajahmungkur,Petompon,2026-09-19T12:00:00,2026-09-20 04:00:00,2026-09-20 11:00:00,15-16,34,40,0,2,8.9,NE,61,SW,,,0,Cerah,Sunny,https://api-apps.bmkg.go.id/storage/icon/cuaca/cerah-am.svg,2026-09-20T04:00:00Z
33,33.74,33.74.09,33.74.09.1007,33.74.09.1007,Jawa Tengah,Kota Semarang,Gajahmungkur,Petompon,2026-09-19T12:00:00,2026-09-20 07:00:00,2026-09-20 14:00:00,18-19,32,57,0.1,19,12.6,NW,345,SE,,,1,Cerah,Sunny,https://api-apps.bmkg.go.id/storage/icon/cuaca/cerah-am.svg,2026-09-20T07:00:00Z
33,33.74,33.74.09,33.74.09.1007,33.74.09.1007,Jawa Tengah,Kota Semarang,Gajahmungkur,Petompon,2026-09-19T12:00:00,2026-09-20 10:00:00,2026-09-20 17:00:00,21-22,28,78,0,7,8,W,285,E,,,0,Cerah,Sunny,https://api-apps.bmkg.go.id/storage/icon/cuaca/cerah-am.svg,2026-09-20T10:00:00Z
33,33.74,33.74.09,33.74.09.1007,33.74.09.1007,Jawa Tengah,Kota Semarang,Gajahmungkur,Petompon,2026-09-19T12:00:00,2026-09-20 13:00:00,2026-09-20 20:00:00,24-25,27,76,0.2,5,3.3,SE,149,NW,,,0,Cerah,Sunny,https://api-apps.bmkg.go.id/storage/icon/cuaca/cerah-pm.svg,2026-09-20T13:00:00Z
33,33.74,33.74.09,33.74.09.1007,33.74.09.1007,Jawa Tengah,Kota Semarang,Gajahmungkur,Petompon,2026-09-19T12:00:00,2026-09-20 16:00:00,2026-09-20 23:00:00,27-28,26,81,0,0,6.7,E,134,W,,,0,Cerah,Sunny,https://api-apps.bmkg.go.id/storage/icon/cuaca/cerah-pm.svg,2026-09-20T16:00:00Z
33,33.74,33.74.09,33.74.09.1007,33.74.09.1007,Jawa Tengah,Kota Semarang,Gajahmungkur,Petompon,2026-09-19T12:00:00,2026-09-20 19:00:00,2026-09-21 02:00:00,30-31,26,78,0,0,9.3,SE,137,NW,,,0,Cerah,Sunny,https://api-apps.bmkg.go.id/storage/icon/cuaca/cerah-pm.svg,2026-09-20T19:00:00Z
33,33.74,33.74.09,33.74.09.1007,33.74.09.1007,Jawa Tengah,Kota Semarang,Gajahmungkur,Petompon,2026-09-19T12:00:00,2026-09-20 22:00:00,2026-09-21 05:00:00,33-34,25,71,0,0,13.1,E,134,W,,,0,Cerah,Sunny,https://api-apps.bmkg.go.id/storage/icon/cuaca/cerah-pm.svg,2026-09-20T22:00:00Z
33,33.74,33.74.09,33.74.09.1007,33.74.09.1007,Jawa Tengah,Kota Semarang,Gajahmungkur,Petompon,2026-09-19T12:00:00,2026-09-21 01:00:00,2026-09-21 08:00:00,36-37,30,53,0,0,16.1,E,117,W,,,0,Cerah,Sunny,https://api-apps.bmkg.go.id/storage/icon/cuaca/cerah-am.svg,2026-09-21T01:00:00Z
33,33.74,33.74.09,33.74.09.1007,33.74.09.1007,Jawa Tengah,Kota Semarang,Gajahmungkur,Petompon,2026-09-19T12:00:00,2026-09-21 04:00:00,2026-09-21 11:00:00,39-40,35,40,0,30,12.6,E,97,W,,,1,Cerah,Sunny,https://api-apps.bmkg.go.id/storage/icon/cuaca/cerah-am.svg,2026-09-21T04:00:00Z
33,33.74,33.74.09,33.74.09.1007,33.74.09.1007,Jawa Tengah,Kota Semarang,Gajahmungkur,Petompon,2026-09-19T12:00:00,2026-09-21 07:00:00,2026-09-21 14:00:00,42-43,32,61,0.1,23,11.1,NW,331,SE,,,1,Cerah,Sunny,https://api-apps.bmkg.go.id/storage/icon/cuaca/cerah-am.svg,2026-09-21T07:00:00Z
33,33.74,33.74.09,33.74.09.1007,33.74.09.1007,Jawa Tengah,Kota Semarang,Gajahmungkur,Petompon,2026-09-19T12:00:00,2026-09-21 10:00:00,2026-09-21 17:00:00,45-46,29,72,0,13,10.8,W,281,E,,,1,Cerah,Sunny,https://api-apps.bmkg.go.id/storage/icon/cuaca/cerah-am.svg,2026-09-21T10:00:00Z
33,33.74,33.74.09,33.74.09.1007,33.74.09.1007,Jawa Tengah,Kota Semarang,Gajahmungkur,Petompon,2026-09-19T12:00:00,2026-09-21 13:00:00,2026-09-21 20:00:00,48-49,27,79,0,26,6.7,E,98,W,,,1,Cerah,Sunny,https://api-apps.bmkg.go.id/storage/icon/cuaca/cerah-pm.svg,2026-09-21T13:00:00Z
33,33.74,33.74.09,33.74.09.1007,33.74.09.1007,Jawa Tengah,Kota Semarang,Gajahmungkur,Petompon,2026-09-19T12:00:00,2026-09-21 16:00:00,2026-09-21 23:00:00,51-52,26,77,0,7,6.7,SE,139,NW,,,0,Cerah,Sunny,https://api-apps.bmkg.go.id/storage/icon/cuaca/cerah-pm.svg,2026-09-21T16:00:00Z
33,33.74,33.74.09,33.74.09.1008,33.74.09.1008,Jawa Tengah,Kota Semarang,Gajahmungkur,Bendungan,2026-09-19T12:00:00,2026-09-19 16:00:00,2026-09-19 23:00:00,3-4,26,80,0,31,4.7,SE,159,NW,,,1,Cerah,Sunny,https://api-apps.bmkg.go.id/storage/icon/cuaca/cerah-pm.svg,2026-09-19T16:00:00Z
33,33.74,33.74.09,33.74.09.1008,33.74.09.1008,Jawa Tengah,Kota Semarang,Gajahmungkur,Bendungan,2026-09-19T12:00:00,2026-09-19 19:00:00,2026-09-20 02:00:00,6-7,25,77,0,2,7,SE,142,NW,,,0,Cerah,Sunny,https://api-apps.bmkg.go.id/storage/icon/cuaca/cerah-pm.svg,2026-09-19T19:00:00Z
33,33.74,33.74.09,33.74.09.1008,33.74.09.1008,Jawa Tengah,Kota Semarang,Gajahmungkur,Bendungan,2026-09-19T12:00:00,2026-09-19 22:00:00,2026-09-20 05:00:00,9-10,25,70,0,0,8.3,E,130,W,,,0,Cerah,Sunny,https://api-apps.bmkg.go.id/storage/icon/cuaca/cerah-pm.svg,2026-09-19T22:00:00Z
33,33.74,33.74.09,33.74.09.1008,33.74.09.1008,Jawa Tengah,Kota Semarang,Gajahmungkur,Bendungan,2026-09-19T12:00:00,2026-09-20 01:00:00,2026-09-20 08:00:00,12-13,30,51,0,0,12.7,E,108,W,,,0,Cerah,Sunny,https://api-apps.bmkg.go.id/storage/icon/cuaca/cerah-am.svg,2026-09-20T01:00:00Z
33,33.74,33.74.09,33.74.09.1008,33.74.09.1008,Jawa Tengah,Kota Semarang,Gajahmungkur,Bendungan,2026-09-19T12:00:00,2026-09-20 04:00:00,2026-09-20 11:00:00,15-16,34,40,0,2,8.9,NE,61,SW,,,0,Cerah,Sunny,https://api-apps.bmkg.go.id/storage/icon/cuaca/cerah-am.svg,2026-09-20T04:00:00Z
33,33.74,33.74.09,33.74.09.1008,33.74.09.1008,Jawa Tengah,Kota Semarang,Gajahmungkur,Bendungan,2026-09-19T12:00:00,2026-09-20 07:00:00,2026-09-20 14:00:00,18-19,32,57,0.1,19,12.6,NW,345,SE,,,1,Cerah,Sunny,https://api-apps.bmkg.go.id/storage/icon/cuaca/cerah-am.svg,2026-09-20T07:00:00Z
33,33.74,33.74.09,33.74.09.1008,33.74.09.1008,Jawa Tengah,Kota Semarang,Gajahmungkur,Bendungan,2026-09-19T12:00:00,2026-09-20 10:00:00,2026-09-20 17:00:00,21-22,28,78,0,7,8,W,285,E,,,0,Cerah,Sunny,https://api-apps.bmkg.go.id/storage/icon/cuaca/cerah-am.svg,2026-09-20T10:00:00Z
33,33.74,33.74.09,33.74.09.1008,33.74.09.1008,Jawa Tengah,Kota Semarang,Gajahmungkur,Bendungan,2026-09-19T12:00:00,2026-09-20 13:00:00,2026-09-20 20:00:00,24-25,27,76,0.2,5,3.3,SE,149,NW,,,0,Cerah,Sunny,https://api-apps.bmkg.go.id/storage/icon/cuaca/cerah-pm.svg,2026-09-20T13:00:00Z
33,33.74,33.74.09,33.74.09.1008,33.74.09.1008,Jawa Tengah,Kota Semarang,Gajahmungkur,Bendungan,2026-09-19T12:00:00,2026-09-20 16:00:00,2026-09-20 23:00:00,27-28,26,81,0,0,6.7,E,134,W,,,0,Cerah,Sunny,https://api-apps.bmkg.go.id/storage/icon/cuaca/cerah-pm.svg,2026-09-20T16:00:00Z
33,33.74,33.74.09,33.74.09.1008,33.74.09.1008,Jawa Tengah,Kota Semarang,Gajahmungkur,Bendungan,2026-09-19T12:00:00,2026-09-20 19:00:00,2026-09-21 02:00:00,30-31,26,78,0,0,9.3,SE,137,NW,,,0,Cerah,Sunny,https://api-apps.bmkg.go.id/storage/icon/cuaca/cerah-pm.svg,2026-09-20T19:00:00Z
33,33.74,33.74.09,33.74.09.1008,33.74.09.1008,Jawa Tengah,Kota Semarang,Gajahmungkur,Bendungan,2026-09-19T12:00:00,2026-09-20 22:00:00,2026-09-21 05:00:00,33-34,25,71,0,0,13.1,E,134,W,,,0,Cerah,Sunny,https://api-apps.bmkg.go.id/storage/icon/cuaca/cerah-pm.svg,2026-09-20T22:00:00Z
33,33.74,33.74.09,33.74.09.1008,33.74.09.1008,Jawa Tengah,Kota Semarang,Gajahmungkur,Bendungan,2026-09-19T12:00:00,2026-09-21 01:00:00,2026-09-21 08:00:00,36-37,30,53,0,0,16.1,E,117,W,,,0,Cerah,Sunny,https://api-apps.bmkg.go.id/storage/icon/cuaca/cerah-am.svg,2026-09-21T01:00:00Z
33,33.74,33.74.09,33.74.09.1008,33.74.09.1008,Jawa Tengah,Kota Semarang,Gajahmungkur,Bendungan,2026-09-19T12:00:00,2026-09-21 04:00:00,2026-09-21 11:00:00,39-40,35,40,0,30,12.6,E,97,W,,,1,Cerah,Sunny,https://api-apps.bmkg.go.id/storage/icon/cuaca/cerah-am.svg,2026-09-21T04:00:00Z
33,33.74,33.74.09,33.74.09.1008,33.74.09.1008,Jawa Tengah,Kota Semarang,Gajahmungkur,Bendungan,2026-09-19T12:00:00,2026-09-21 07:00:00,2026-09-21 14:00:00,42-43,32,61,0.1,23,11.1,NW,331,SE,,,1,Cerah,Sunny,https://api-apps.bmkg.go.id/storage/icon/cuaca/cerah-am.svg,2026-09-21T07:00:00Z
33,33.74,33.74.09,33.74.09.1008,33.74.09.1008,Jawa Tengah,Kota Semarang,Gajahmungkur,Bendungan,2026-09-19T12:00:00,2026-09-21 10:00:00,2026-09-21 17:00:00,45-46,29,72,0,13,10.8,W,281,E,,,1,Cerah,Sunny,https://api-apps.bmkg.go.id/storage/icon/cuaca/cerah-am.svg,2026-09-21T10:00:00Z
33,33.74,33.74.09,33.74.09.1008,33.74.09.1008,Jawa Tengah,Kota Semarang,Gajahmungkur,Bendungan,2026-09-19T12:00:00,2026-09-21 13:00:00,2026-09-21 20:00:00,48-49,27,79,0,26,6.7,E,98,W,,,1,Cerah,Sunny,https://api-apps.bmkg.go.id/storage/icon/cuaca/cerah-pm.svg,2026-09-21T13:00:00Z
33,33.74,33.74.09,33.74.09.1008,33.74.09.1008,Jawa Tengah,Kota Semarang,Gajahmungkur,Bendungan,2026-09-19T12:00:00,2026-09-21 16:00:00,2026-09-21 23:00:00,51-52,26,77,0,7,6.7,SE,139,NW,,,0,Cerah,Sunny,https://api-apps.bmkg.go.id/storage/icon/cuaca/cerah-pm.svg,2026-09-21T16:00:00Z
33,33.74,33.74.10,33.74.10.1001,33.74.10.1001,Jawa Tengah,Kota Semarang,Tembalang,Meteseh,2026-09-19T12:00:00,2026-09-19 15:00:00,2026-09-19 22:00:00,2-3,25,77,0,0,2.9,S,194,N,,,0,Cerah,Sunny,https://api-apps.bmkg.go.id/storage/icon/cuaca/cerah-pm.svg,2026-09-19T15:00:00Z
33,33.74,33.74.10,33.74.10.1001,33.74.10.1001,Jawa Tengah,Kota Semarang,Tembalang,Meteseh,2026-09-19T12:00:00,2026-09-19 18:00:00,2026-09-20 01:00:00,5-6,23,82,0,0,3.8,S,210,N,,,0,Cerah,Sunny,https://api-apps.bmkg.go.id/storage/icon/cuaca/cerah-pm.svg,2026-09-19T18:00:00Z
33,33.74,33.74.10,33.74.10.1001,33.74.10.1001,Jawa Tengah,Kota Semarang,Tembalang,Meteseh,2026-09-19T12:00:00,2026-09-19 21:00:00,2026-09-20 04:00:00,8-9,23,77,0,0,5,S,189,N,,,0,Cerah,Sunny,https://api-apps.bmkg.go.id/storage/icon/cuaca/cerah-pm.svg,2026-09-19T21:00:00Z
33,33.74,33.74.10,33.74.10.1001,33.74.10.1001,Jawa Tengah,Kota Semarang,Tembalang,Meteseh,2026-09-19T12:00:00,2026-09-20 00:00:00,2026-09-20 07:00:00,11-12,28,57,0,1,7.5,SE,157,NW,,,0,Cerah,Sunny,https://api-apps.bmkg.go.id/storage/icon/cuaca/cerah-am.svg,2026-09-20T00:00:00Z
33,33.74,33.74.10,33.74.10.1001,33.74.10.1001,Jawa Tengah,Kota Semarang,Tembalang,Meteseh,2026-09-19T12:00:00,2026-09-20 03:00:00,2026-09-20 10:00:00,14-15,32,48,0.1,1,10.8,E,118,W,,,0,Cerah,Sunny,https://api-apps.bmkg.go.id/storage/icon/cuaca/cerah-am.svg,2026-09-20T03:00:00Z
33,33.74,33.74.10,33.74.10.1001,33.74.10.1001,Jawa Tengah,Kota Semarang,Tembalang,Meteseh,2026-09-19T12:00:00,2026-09-20 06:00:00,2026-09-20 13:00:00,17-18,34,44,0.1,19,12,E,108,W,,,1,Cerah,Sunny,https://api-apps.bmkg.go.id/storage/icon/cuaca/cerah-am.svg,2026-09-20T06:00:00Z
33,33.74,33.74.10,33.74.10.1001,33.74.10.1001,Jawa Tengah,Kota Semarang,Tembalang,Meteseh,2026-09-19T12:00:00,2026-09-20 09:00:00,2026-09-20 16:00:00,20-21,29,69,0,14,7.2,NW,348,SE,,,1,Cerah,Sunny,https://api-apps.bmkg.go.id/storage/icon/cuaca/cerah-am.svg,2026-09-20T09:00:00Z
33,33.74,33.74.10,33.74.10.1001,33.74.10.1001,Jawa Tengah,Kota Semarang,Tembalang,Meteseh,2026-09-19T12:00:00,2026-09-20 12:00:00,2026-09-20 19:00:00,23-24,27,83,0.2,22,3,NW,357,SE,,,1,Cerah,Sunny,https://api-apps.bmkg.go.id/storage/icon/cuaca/cerah-pm.svg,2026-09-20T12:00:00Z
33,33.74,33.74.10,33.74.10.1001,33.74.10.1001,Jawa Tengah,Kota Semarang,Tembalang,Meteseh,2026-09-19T12:00:00,2026-09-20 15:00:00,2026-09-20 22:00:00,26-27,25,89,0,0,0.7,S,200,N,,,0,Cerah,Sunny,https://api-apps.bmkg.go.id/storage/icon/cuaca/cerah-pm.svg,2026-09-20T15:00:00Z
33,33.74,33.74.10,33.74.10.1001,33.74.10.1001,Jawa Tengah,Kota Semarang,Tembalang,Meteseh,2026-09-19T12:00:00,2026-09-20 18:00:00,2026-09-21 01:00:00,29-30,24,88,0,0,4,S,188,N,,,0,Cerah,Sunny,https://api-apps.bmkg.go.id/storage/icon/cuaca/cerah-pm.svg,2026-09-20T18:00:00Z
33,33.74,33.74.10,33.74.10.1001,33.74.10.1001,Jawa Tengah,Kota Semarang,Tembalang,Meteseh,2026-09-19T12:00:00,2026-09-20 21:00:00,2026-09-21 04:00:00,32-33,24,82,0,0,5.7,SE,168,NW,,,0,Cerah,Sunny,https://api-apps.bmkg.go.id/storage/icon/cuaca/cerah-pm.svg,2026-09-20T21:00:00Z
33,33.74,33.74.10,33.74.10.1001,33.74.10.1001,Jawa Tengah,Kota Semarang,Tembalang,Meteseh,2026-09-19T12:00:00,2026-09-21 00:00:00,2026-09-21 07:00:00,35-36,28,62,0,0,11.7,SE,159,NW,,,0,Cerah,Sunny,https://api-apps.bmkg.go.id/storage/icon/cuaca/cerah-am.svg,2026-09-21T00:00:00Z
33,33.74,33.74.10,33.74.10.1001,33.74.10.1001,Jawa Tengah,Kota Semarang,Tembalang,Meteseh,2026-09-19T12:00:00,2026-09-21 03:00:00,2026-09-21 10:00:00,38-39,32,47,0,11,11.8,E,124,W,,,1,Cerah,Sunny,https://api-apps.bmkg.go.id/storage/icon/cuaca/cerah-am.svg,2026-09-21T03:00:00Z
33,33.74,33.74.10,33.74.10.1001,33.74.10.1001,Jawa Tengah,Kota Semarang,Tembalang,Meteseh,2026-09-19T12:00:00,2026-09-21 06:00:00,2026-09-21 13:00:00,41-42,34,43,0.1,13,9.9,E,110,W,,,1,Cerah,Sunny,https://api-apps.bmkg.go.id/storage/icon/cuaca/cerah-am.svg,2026-09-21T06:00:00Z
33,33.74,33.74.10,33.74.10.1001,33.74.10.1001,Jawa Tengah,Kota Semarang,Tembalang,Meteseh,2026-09-19T12:00:00,2026-09-21 09:00:00,2026-09-21 16:00:00,44-45,30,63,0.1,24,0.3,SE,166,NW,,,1,Cerah,Sunny,https://api-apps.bmkg.go.id/storage/icon/cuaca/cerah-am.svg,2026-09-21T09:00:00Z
33,33.74,33.74.10,33.74.10.1001,33.74.10.1001,Jawa Tengah,Kota Semarang,Tembalang,Meteseh,2026-09-19T12:00:00,2026-09-21 12:00:00,2026-09-21 19:00:00,47-48,26,83,0.2,46,2.2,NE,66,SW,,,1,Cerah,Sunny,https://api-apps.bmkg.go.id/storage/icon/cuaca/cerah-pm.svg,2026-09-21T12:00:00Z
33,33.74,33.74.10,33.74.10.1001,33.74.10.1001,Jawa Tengah,Kota Semarang,Tembalang,Meteseh,2026-09-19T12:00:00,2026-09-21 15:00:00,2026-09-21 22:00:00,50-51,25,88,0,16,1.2,NE,73,SW,,,1,Cerah,Sunny,https://api-apps.bmkg.go.id/storage/icon/cuaca/cerah-pm.svg,2026-09-21T15:00:00Z
33,33.74,33.74.10,33.74.10.1002,33.74.10.1002,Jawa Tengah,Kota Semarang,Tembalang,Rowosari,2026-09-19T12:00:00,2026-09-19 16:00:00,2026-09-19 23:00:00,3-4,24,78,0,25,3.8,S,210,N,,,1,Cerah,Sunny,https://api-apps.bmkg.go.id/storage/icon/cuaca/cerah-pm.svg,2026-09-19T16:00:00Z
33,33.74,33.74.10,33.74.10.1002,33.74.10.1002,Jawa Tengah,Kota Semarang,Tembalang,Rowosari,2026-09-19T12:00:00,2026-09-19 19:00:00,2026-09-20 02:00:00,6-7,23,81,0,0,5,S,189,N,,,0,Cerah,Sunny,https://api-apps.bmkg.go.id/storage/icon/cuaca/cerah-pm.svg,2026-09-19T19:00:00Z
33,33.74,33.74.10,33.74.10.1002,33.74.10.1002,Jawa Tengah,Kota Semarang,Tembalang,Rowosari,2026-09-19T12:00:00,2026-09-19 22:00:00,2026-09-20 05:00:00,9-10,24,72,0,0,7.5,SE,157,NW,,,0,Cerah,Sunny,https://api-apps.bmkg.go.id/storage/icon/cuaca/cerah-pm.svg,2026-09-19T22:00:00Z
33,33.74,33.74.10,33.74.10.1002,33.74.10.1002,Jawa Tengah,Kota Semarang,Tembalang,Rowosari,2026-09-19T12:00:00,2026-09-20 01:00:00,2026-09-20 08:00:00,12-13,29,55,0,0,10.8,E,118,W,,,0,Cerah,Sunny,https://api-apps.bmkg.go.id/storage/icon/cuaca/cerah-am.svg,2026-09-20T01:00:00Z
33,33.74,33.74.10,33.74.10.1002,33.74.10.1002,Jawa Tengah,Kota Semarang,Tembalang,Rowosari,2026-09-19T12:00:00,2026-09-20 04:00:00,2026-09-20 11:00:00,15-16,33,45,0.1,7,12,E,108,W,,,0,Cerah,Sunny,https://api-apps.bmkg.go.id/storage/icon/cuaca/cerah-am.svg,2026-09-20T04:00:00Z
33,33.74,33.74.10,33.74.10.1002,33.74.10.1002,Jawa Tengah,Kota Semarang,Tembalang,Rowosari,2026-09-19T12:00:00,2026-09-20 07:00:00,2026-09-20 14:00:00,18-19,33,46,0.1,15,7.2,NW,348,SE,,,1,Cerah,Sunny,https://api-apps.bmkg.go.id/storage/icon/cuaca/cerah-am.svg,2026-09-20T07:00:00Z
33,33.74,33.74.10,33.74.10.1002,33.74.10.1002,Jawa Tengah,Kota Semarang,Tembalang,Rowosari,2026-09-19T12:00:00,2026-09-20 10:00:00,2026-09-20 17:00:00,21-22,28,77,0,10,3,NW,357,SE,,,1,Cerah,Sunny,https://api-apps.bmkg.go.id/storage/icon/cuaca/cerah-am.svg,2026-09-20T10:00:00Z
33,33.74,33.74.10,33.74.10.1002,33.74.10.1002,Jawa Tengah,Kota Semarang,Tembalang,Rowosari,2026-09-19T12:00:00,2026-09-20 13:00:00,2026-09-20 20:00:00,24-25,26,88,0.2,24,0.7,S,200,N,,,1,Cerah,Sunny,https://api-apps.bmkg.go.id/storage/icon/cuaca/cerah-pm.svg,2026-09-20T13:00:00Z
33,33.74,33.74.10,33.74.10.1002,33.74.10.1002,Jawa Tengah,Kota Semarang,Tembalang,Rowosari,2026-09-19T12:00:00,2026-09-20 16:00:00,2026-09-20 23:00:00,27-28,25,88,0,0,4,S,188,N,,,0,Cerah,Sunny,https://api-apps.bmkg.go.id/storage/icon/cuaca/cerah-pm.svg,2026-09-20T16:00:00Z
33,33.74,33.74.10,33.74.10.1002,33.74.10.1002,Jawa Tengah,Kota Semarang,Tembalang,Rowosari,2026-09-19T12:00:00,2026-09-20 19:00:00,2026-09-21 02:00:00,30-31,24,86,0,1,5.7,SE,168,NW,,,0,Cerah,Sunny,https://api-apps.bmkg.go.id/storage/icon/cuaca/cerah-pm.svg,2026-09-20T19:00:00Z
33,33.74,33.74.10,33.74.10.1002,33.74.10.1002,Jawa Tengah,Kota Semarang,Tembalang,Rowosari,2026-09-19T12:00:00,2026-09-20 22:00:00,2026-09-21 05:00:00,33-34,24,77,0,0,11.7,SE,159,NW,,,0,Cerah,Sunny,https://api-apps.bmkg.go.id/storage/icon/cuaca/cerah-pm.svg,2026-09-20T22:00:00Z
33,33.74,33.74.10,33.74.10.1002,33.74.10.1002,Jawa Tengah,Kota Semarang,Tembalang,Rowosari,2026-09-19T12:00:00,2026-09-21 01:00:00,2026-09-21 08:00:00,36-37,29,57,0,0,11.8,E,124,W,,,0,Cerah,Sunny,https://api-apps.bmkg.go.id/storage/icon/cuaca/cerah-am.svg,2026-09-21T01:00:00Z
33,33.74,33.74.10,33.74.10.1002,33.74.10.1002,Jawa Tengah,Kota Semarang,Tembalang,Rowosari,2026-09-19T12:00:00,2026-09-21 04:00:00,2026-09-21 11:00:00,39-40,33,45,0,34,9.9,E,110,W,,,1,Cerah,Sunny,https://api-apps.bmkg.go.id/storage/icon/cuaca/cerah-am.svg,2026-09-21T04:00:00Z
33,33.74,33.74.10,33.74.10.1002,33.74.10.1002,Jawa Tengah,Kota Semarang,Tembalang,Rowosari,2026-09-19T12:00:00,2026-09-21 07:00:00,2026-09-21 14:00:00,42-43,33,46,0.1,29,0.3,SE,166,NW,,,1,Cerah,Sunny,https://api-apps.bmkg.go.id/storage/icon/cuaca/cerah-am.svg,2026-09-21T07:00:00Z
33,33.74,33.74.10,33.74.10.1002,33.74.10.1002,Jawa Tengah,Kota Semarang,Tembalang,Rowosari,2026-09-19T12:00:00,2026-09-21 10:00:00,2026-09-21 17:00:00,45-46,29,72,0.1,16,2.2,NE,66,SW,,,1,Cerah,Sunny,https://api-apps.bmkg.go.id/storage/icon/cuaca/cerah-am.svg,2026-09-21T10:00:00Z
33,33.74,33.74.10,33.74.10.1002,33.74.10.1002,Jawa Tengah,Kota Semarang,Tembalang,Rowosari,2026-09-19T12:00:00,2026-09-21 13:00:00,2026-09-21 20:00:00,48-49,26,87,0.2,25,1.2,NE,73,SW,,,1,Cerah,Sunny,https://api-apps.bmkg.go.id/storage/icon/cuaca/cerah-pm.svg,2026-09-21T13:00:00Z
33,33.74,33.74.10,33.74.10.1002,33.74.10.1002,Jawa Tengah,Kota Semarang,Tembalang,Rowosari,2026-09-19T12:00:00,2026-09-21 16:00:00,2026-09-21 23:00:00,51-52,25,85,0,9,6.6,SE,171,NW,,,0,Cerah,Sunny,https://api-apps.bmkg.go.id/storage/icon/cuaca/cerah-pm.svg,2026-09-21T16:00:00Z
33,33.74,33.74.10,33.74.10.1003,33.74.10.1003,Jawa Tengah,Kota Semarang,Tembalang,Mangunharjo,2026-09-19T12:00:00,2026-09-19 15:00:00,2026-09-19 22:00:00,2-3,25,77,0,0,2.9,S,194,N,,,0,Cerah,Sunny,https://api-apps.bmkg.go.id/storage/icon/cuaca/cerah-pm.svg,2026-09-19T15:00:00Z
33,33.74,33.74.10,33.74.10.1003,33.74.10.1003,Jawa Tengah,Kota Semarang,Tembalang,Mangunharjo,2026-09-19T12:00:00,2026-09-19 18:00:00,2026-09-20 01:00:00,5-6,24,80,0,0,3.8,S,210,N,,,0,Cerah,Sunny,https://api-apps.bmkg.go.id/storage/icon/cuaca/cerah-pm.svg,2026-09-19T18:00:00Z
33,33.74,33.74.10,33.74.10.1003,33.74.10.1003,Jawa Tengah,Kota Semarang,Tembalang,Mangunharjo,2026-09-19T12:00:00,2026-09-19 21:00:00,2026-09-20 04:00:00,8-9,23,76,0,0,5,S,189,N,,,0,Cerah,Sunny,https://api-apps.bmkg.go.id/storage/icon/cuaca/cerah-pm.svg,2026-09-19T21:00:00Z
33,33.74,33.74.10,33.74.10.1003,33.74.10.1003,Jawa Tengah,Kota Semarang,Tembalang,Mangunharjo,2026-09-19T12:00:00,2026-09-20 00:00:00,2026-09-20 07:00:00,11-12,28,56,0,2,7.5,SE,157,NW,,,0,Cerah,Sunny,https://api-apps.bmkg.go.id/storage/icon/cuaca/cerah-am.svg,2026-09-20T00:00:00Z
33,33.74,33.74.10,33.74.10.1003,33.74.10.1003,Jawa Tengah,Kota Semarang,Tembalang,Mangunharjo,2026-09-19T12:00:00,2026-09-20 03:00:00,2026-09-20 10:00:00,14-15,32,47,0.1,1,10.8,E,118,W,,,0,Cerah,Sunny,https://api-apps.bmkg.go.id/storage/icon/cuaca/cerah-am.svg,2026-09-20T03:00:00Z
33,33.74,33.74.10,33.74.10.1003,33.74.10.1003,Jawa Tengah,Kota Semarang,Tembalang,Mangunharjo,2026-09-19T12:00:00,2026-09-20 06:00:00,2026-09-20 13:00:00,17-18,34,44,0.1,16,12,E,108,W,,,1,Cerah,Sunny,https://api-apps.bmkg.go.id/storage/icon/cuaca/cerah-am.svg,2026-09-20T06:00:00Z
33,33.74,33.74.10,33.74.10.1003,33.74.10.1003,Jawa Tengah,Kota Semarang,Tembalang,Mangunharjo,2026-09-19T12:00:00,2026-09-20 09:00:00,2026-09-20 16:00:00,20-21,29,71,0,14,7.2,NW,348,SE,,,1,Cerah,Sunny,https://api-apps.bmkg.go.id/storage/icon/cuaca/cerah-am.svg,2026-09-20T09:00:00Z
33,33.74,33.74.10,33.74.10.1003,33.74.10.1003,Jawa Tengah,Kota Semarang,Tembalang,Mangunharjo,2026-09-19T12:00:00,2026-09-20 12:00:00,2026-09-20 19:00:00,23-24,27,82,0.2,19,3,NW,357,SE,,,1,Cerah,Sunny,https://api-apps.bmkg.go.id/storage/icon/cuaca/cerah-pm.svg,2026-09-20T12:00:00Z
33,33.74,33.74.10,33.74.10.1003,33.74.10.1003,Jawa Tengah,Kota Semarang,Tembalang,Mangunharjo,2026-09-19T12:00:00,2026-09-20 15:00:00,2026-09-20 22:00:00,26-27,26,88,0,0,0.7,S,200,N,,,0,Cerah,Sunny,https://api-apps.bmkg.go.id/storage/icon/cuaca/cerah-pm.svg,2026-09-20T15:00:00Z
33,33.74,33.74.10,33.74.10.1003,33.74.10.1003,Jawa Tengah,Kota Semarang,Tembalang,Mangunharjo,2026-09-19T12:00:00,2026-09-20 18:00:00,2026-09-21 01:00:00,29-30,24,86,0,0,4,S,188,N,,,0,Cerah,Sunny,https://api-apps.bmkg.go.id/storage/icon/cuaca/cerah-pm.svg,2026-09-20T18:00:00Z
33,33.74,33.74.10,33.74.10.1003,33.74.10.1003,Jawa Tengah,Kota Semarang,Tembalang,Mangunharjo,2026-09-19T12:00:00,2026-09-20 21:00:00,2026-09-21 04:00:00,32-33,24,79,0,0,5.7,SE,168,NW,,,0,Cerah,Sunny,https://api-apps.bmkg.go.id/storage/icon/cuaca/cerah-pm.svg,2026-09-20T21:00:00Z
33,33.74,33.74.10,33.74.10.1003,33.74.10.1003,Jawa Tengah,Kota Semarang,Tembalang,Mangunharjo,2026-09-19T12:00:00,2026-09-21 00:00:00,2026-09-21 07:00:00,35-36,28,61,0,0,11.7,SE,159,NW,,,0,Cerah,Sunny,https://api-apps.bmkg.go.id/storage/icon/cuaca/cerah-am.svg,2026-09-21T00:00:00Z
33,33.74,33.74.10,33.74.10.1003,33.74.10.1003,Jawa Tengah,Kota Semarang,Tembalang,Mangunharjo,2026-09-19T12:00:00,2026-09-21 03:00:00,2026-09-21 10:00:00,38-39,32,46,0,10,11.8,E,124,W,,,1,Cerah,Sunny,https://api-apps.bmkg.go.id/storage/icon/cuaca/cerah-am.svg,2026-09-21T03:00:00Z
33,33.74,33.74.10,33.74.10.1003,33.74.10.1003,Jawa Tengah,Kota Semarang,Tembalang,Mangunharjo,2026-09-19T12:00:00,2026-09-21 06:00:00,2026-09-21 13:00:00,41-42,34,43,0.1,14,9.9,E,110,W,,,1,Cerah,Sunny,https://api-apps.bmkg.go.id/storage/icon/cuaca/cerah-am.svg,2026-09-21T06:00:00Z
33,33.74,33.74.10,33.74.10.1003,33.74.10.1003,Jawa Tengah,Kota Semarang,Tembalang,Mangunharjo,2026-09-19T12:00:00,2026-09-21 09:00:00,2026-09-21 16:00:00,44-45,30,66,0.1,19,0.3,SE,166,NW,,,1,Cerah,Sunny,https://api-apps.bmkg.go.id/storage/icon/cuaca/cerah-am.svg,2026-09-21T09:00:00Z
33,33.74,33.74.10,33.74.10.1003,33.74.10.1003,Jawa Tengah,Kota Semarang,Tembalang,Mangunharjo,2026-09-19T12:00:00,2026-09-21 12:00:00,2026-09-21 19:00:00,47-48,26,82,0.2,45,2.2,NE,66,SW,,,1,Cerah,Sunny,https://api-apps.bmkg.go.id/storage/icon/cuaca/cerah-pm.svg,2026-09-21T12:00:00Z
33,33.74,33.74.10,33.74.10.1003,33.74.10.1003,Jawa Tengah,Kota Semarang,Tembalang,Mangunharjo,2026-09-19T12:00:00,2026-09-21 15:00:00,2026-09-21 22:00:00,50-51,25,86,0,14,1.2,NE,73,SW,,,1,Cerah,Sunny,https://api-apps.bmkg.go.id/storage/icon/cuaca/cerah-pm.svg,2026-09-21T15:00:00Z
33,33.74,33.74.10,33.74.10.1004,33.74.10.1004,Jawa Tengah,Kota Semarang,Tembalang,Bulusan,2026-09-19T12:00:00,2026-09-19 16:00:00,2026-09-19 23:00:00,3-4,24,77,0,29,3.8,S,210,N,,,1,Cerah,Sunny,https://api-apps.bmkg.go.id/storage/icon/cuaca/cerah-pm.svg,2026-09-19T16:00:00Z
33,33.74,33.74.10,33.74.10.1004,33.74.10.1004,Jawa Tengah,Kota Semarang,Tembalang,Bulusan,2026-09-19T12:00:00,2026-09-19 19:00:00,2026-09-20 02:00:00,6-7,23,79,0,0,5,S,189,N,,,0,Cerah,Sunny,https://api-apps.bmkg.go.id/storage/icon/cuaca/cerah-pm.svg,2026-09-19T19:00:00Z
33,33.74,33.74.10,33.74.10.1004,33.74.10.1004,Jawa Tengah,Kota Semarang,Tembalang,Bulusan,2026-09-19T12:00:00,2026-09-19 22:00:00,2026-09-20 05:00:00,9-10,24,72,0,0,7.5,SE,157,NW,,,0,Cerah,Sunny,https://api-apps.bmkg.go.id/storage/icon/cuaca/cerah-pm.svg,2026-09-19T22:00:00Z
33,33.74,33.74.10,33.74.10.1004,33.74.10.1004,Jawa Tengah,Kota Semarang,Tembalang,Bulusan,2026-09-19T12:00:00,2026-09-20 01:00:00,2026-09-20 08:00:00,12-13,30,54,0,0,10.8,E,118,W,,,0,Cerah,Sunny,https://api-apps.bmkg.go.id/storage/icon/cuaca/cerah-am.svg,2026-09-20T01:00:00Z
33,33.74,33.74.10,33.74.10.1004,33.74.10.1004,Jawa Tengah,Kota Semarang,Tembalang,Bulusan,2026-09-19T12:00:00,2026-09-20 04:00:00,2026-09-20 11:00:00,15-16,34,44,0.1,6,12,E,108,W,,,0,Cerah,Sunny,https://api-apps.bmkg.go.id/storage/icon/cuaca/cerah-am.svg,2026-09-20T04:00:00Z
33,33.74,33.74.10,33.74.10.1004,33.74.10.1004,Jawa Tengah,Kota Semarang,Tembalang,Bulusan,2026-09-19T12:00:00,2026-09-20 07:00:00,2026-09-20 14:00:00,18-19,32,50,0.1,18,7.2,NW,348,SE,,,1,Cerah,Sunny,https://api-apps.bmkg.go.id/storage/icon/cuaca/cerah-am.svg,2026-09-20T07:00:00Z
33,33.74,33.74.10,33.74.10.1004,33.74.10.1004,Jawa Tengah,Kota Semarang,Tembalang,Bulusan,2026-09-19T12:00:00,2026-09-20 10:00:00,2026-09-20 17:00:00,21-22,28,78,0,9,3,NW,357,SE,,,0,Cerah,Sunny,https://api-apps.bmkg.go.id/storage/icon/cuaca/cerah-am.svg,2026-09-20T10:00:00Z
33,33.74,33.74.10,33.74.10.1004,33.74.10.1004,Jawa Tengah,Kota Semarang,Tembalang,Bulusan,2026-09-19T12:00:00,2026-09-20 13:00:00,2026-09-20 20:00:00,24-25,26,85,0.2,21,0.7,S,200,N,,,1,Cerah,Sunny,https://api-apps.bmkg.go.id/storage/icon/cuaca/cerah-pm.svg,2026-09-20T13:00:00Z
33,33.74,33.74.10,33.74.10.1004,33.74.10.1004,Jawa Tengah,Kota Semarang,Tembalang,Bulusan,2026-09-19T12:00:00,2026-09-20 16:00:00,2026-09-20 23:00:00,27-28,25,86,0,0,4,S,188,N,,,0,Cerah,Sunny,https://api-apps.bmkg.go.id/storage/icon/cuaca/cerah-pm.svg,2026-09-20T16:00:00Z
33,33.74,33.74.10,33.74.10.1004,33.74.10.1004,Jawa Tengah,Kota Semarang,Tembalang,Bulusan,2026-09-19T12:00:00,2026-09-20 19:00:00,2026-09-21 02:00:00,30-31,24,83,0,1,5.7,SE,168,NW,,,0,Cerah,Sunny,https://api-apps.bmkg.go.id/storage/icon/cuaca/cerah-pm.svg,2026-09-20T19:00:00Z
33,33.74,33.74.10,33.74.10.1004,33.74.10.1004,Jawa Tengah,Kota Semarang,Tembalang,Bulusan,2026-09-19T12:00:00,2026-09-20 22:00:00,2026-09-21 05:00:00,33-34,24,76,0,0,11.7,SE,159,NW,,,0,Cerah,Sunny,https://api-apps.bmkg.go.id/storage/icon/cuaca/cerah-pm.svg,2026-09-20T22:00:00Z
33,33.74,33.74.10,33.74.10.1004,33.74.10.1004,Jawa Tengah,Kota Semarang,Tembalang,Bulusan,2026-09-19T12:00:00,2026-09-21 01:00:00,2026-09-21 08:00:00,36-37,29,56,0,0,11.8,E,124,W,,,0,Cerah,Sunny,https://api-apps.bmkg.go.id/storage/icon/cuaca/cerah-am.svg,2026-09-21T01:00:00Z
33,33.74,33.74.10,33.74.10.1004,33.74.10.1004,Jawa Tengah,Kota Semarang,Tembalang,Bulusan,2026-09-19T12:00:00,2026-09-21 04:00:00,2026-09-21 11:00:00,39-40,34,44,0,32,9.9,E,110,W,,,1,Cerah,Sunny,https://api-apps.bmkg.go.id/storage/icon/cuaca/cerah-am.svg,2026-09-21T04:00:00Z
33,33.74,33.74.10,33.74.10.1004,33.74.10.1004,Jawa Tengah,Kota Semarang,Tembalang,Bulusan,2026-09-19T12:00:00,2026-09-21 07:00:00,2026-09-21 14:00:00,42-43,33,51,0.1,27,0.3,SE,166,NW,,,1,Cerah,Sunny,https://api-apps.bmkg.go.id/storage/icon/cuaca/cerah-am.svg,2026-09-21T07:00:00Z
33,33.74,33.74.10,33.74.10.1004,33.74.10.1004,Jawa Tengah,Kota Semarang,Tembalang,Bulusan,2026-09-19T12:00:00,2026-09-21 10:00:00,2026-09-21 17:00:00,45-46,28,73,0.1,14,2.2,NE,66,SW,,,1,Cerah,Sunny,https://api-apps.bmkg.go.id/storage/icon/cuaca/cerah-am.svg,2026-09-21T10:00:00Z
33,33.74,33.74.10,33.74.10.1004,33.74.10.1004,Jawa Tengah,Kota Semarang,Tembalang,Bulusan,2026-09-19T12:00:00,2026-09-21 13:00:00,2026-09-21 20:00:00,48-49,26,86,0.2,28,1.2,NE,73,SW,,,1,Cerah,Sunny,https://api-apps.bmkg.go.id/storage/icon/cuaca/cerah-pm.svg,2026-09-21T13:00:00Z
33,33.74,33.74.10,33.74.10.1004,33.74.10.1004,Jawa Tengah,Kota Semarang,Tembalang,Bulusan,2026-09-19T12:00:00,2026-09-21 16:00:00,2026-09-21 23:00:00,51-52,25,83,0,9,6.6,SE,171,NW,,,0,Cerah,Sunny,https://api-apps.bmkg.go.id/storage/icon/cuaca/cerah-pm.svg,2026-09-21T16:00:00Z
33,33.74,33.74.10,33.74.10.1005,33.74.10.1005,Jawa Tengah,Kota Semarang,Tembalang,Kramas,2026-09-19T12:00:00,2026-09-19 16:00:00,2026-09-19 23:00:00,3-4,24,80,0,22,3.8,S,210,N,,,1,Cerah,Sunny,https://api-apps.bmkg.go.id/storage/icon/cuaca/cerah-pm.svg,2026-09-19T16:00:00Z
33,33.74,33.74.10,33.74.10.1005,33.74.10.1005,Jawa Tengah,Kota Semarang,Tembalang,Kramas,2026-09-19T12:00:00,2026-09-19 19:00:00,2026-09-20 02:00:00,6-7,23,82,0,0,5,S,189,N,,,0,Cerah,Sunny,https://api-apps.bmkg.go.id/storage/icon/cuaca/cerah-pm.svg,2026-09-19T19:00:00Z
33,33.74,33.74.10,33.74.10.1005,33.74.10.1005,Jawa Tengah,Kota Semarang,Tembalang,Kramas,2026-09-19T12:00:00,2026-09-19 22:00:00,2026-09-20 05:00:00,9-10,23,74,0,0,7.5,SE,157,NW,,,0,Cerah,Sunny,https://api-apps.bmkg.go.id/storage/icon/cuaca/cerah-pm.svg,2026-09-19T22:00:00Z
33,33.74,33.74.10,33.74.10.1005,33.74.10.1005,Jawa Tengah,Kota Semarang,Tembalang,Kramas,2026-09-19T12:00:00,2026-09-20 01:00:00,2026-09-20 08:00:00,12-13,29,55,0,0,10.8,E,118,W,,,0,Cerah,Sunny,https://api-apps.bmkg.go.id/storage/icon/cuaca/cerah-am.svg,2026-09-20T01:00:00Z
33,33.74,33.74.10,33.74.10.1005,33.74.10.1005,Jawa Tengah,Kota Semarang,Tembalang,Kramas,2026-09-19T12:00:00,2026-09-20 04:00:00,2026-09-20 11:00:00,15-16,33,46,0.1,9,12,E,108,W,,,0,Cerah,Sunny,https://api-apps.bmkg.go.id/storage/icon/cuaca/cerah-am.svg,2026-09-20T04:00:00Z
33,33.74,33.74.10,33.74.10.1005,33.74.10.1005,Jawa Tengah,Kota Semarang,Tembalang,Kramas,2026-09-19T12:00:00,2026-09-20 07:00:00,2026-09-20 14:00:00,18-19,32,48,0.2,33,7.2,NW,348,SE,,,1,Cerah,Sunny,https://api-apps.bmkg.go.id/storage/icon/cuaca/cerah-am.svg,2026-09-20T07:00:00Z
33,33.74,33.74.10,33.74.10.1005,33.74.10.1005,Jawa Tengah,Kota Semarang,Tembalang,Kramas,2026-09-19T12:00:00,2026-09-20 10:00:00,2026-09-20 17:00:00,21-22,27,79,0,20,3,NW,357,SE,,,1,Cerah,Sunny,https://api-apps.bmkg.go.id/storage/icon/cuaca/cerah-am.svg,2026-09-20T10:00:00Z
33,33.74,33.74.10,33.74.10.1005,33.74.10.1005,Jawa Tengah,Kota Semarang,Tembalang,Kramas,2026-09-19T12:00:00,2026-09-20 13:00:00,2026-09-20 20:00:00,24-25,25,88,0.2,20,0.7,S,200,N,,,1,Cerah,Sunny,https://api-apps.bmkg.go.id/storage/icon/cuaca/cerah-pm.svg,2026-09-20T13:00:00Z
33,33.74,33.74.10,33.74.10.1005,33.74.10.1005,Jawa Tengah,Kota Semarang,Tembalang,Kramas,2026-09-19T12:00:00,2026-09-20 16:00:00,2026-09-20 23:00:00,27-28,24,89,0,0,4,S,188,N,,,0,Cerah,Sunny,https://api-apps.bmkg.go.id/storage/icon/cuaca/cerah-pm.svg,2026-09-20T16:00:00Z
33,33.74,33.74.10,33.74.10.1005,33.74.10.1005,Jawa Tengah,Kota Semarang,Tembalang,Kramas,2026-09-19T12:00:00,2026-09-20 19:00:00,2026-09-21 02:00:00,30-31,24,85,0,1,5.7,SE,168,NW,,,0,Cerah,Sunny,https://api-apps.bmkg.go.id/storage/icon/cuaca/cerah-pm.svg,2026-09-20T19:00:00Z
33,33.74,33.74.10,33.74.10.1005,33.74.10.1005,Jawa Tengah,Kota Semarang,Tembalang,Kramas,2026-09-19T12:00:00,2026-09-20 22:00:00,2026-09-21 05:00:00,33-34,24,78,0,0,11.7,SE,159,NW,,,0,Cerah,Sunny,https://api-apps.bmkg.go.id/storage/icon/cuaca/cerah-pm.svg,2026-09-20T22:00:00Z
33,33.74,33.74.10,33.74.10.1005,33.74.10.1005,Jawa Tengah,Kota Semarang,Tembalang,Kramas,2026-09-19T12:00:00,2026-09-21 01:00:00,2026-09-21 08:00:00,36-37,29,57,0,0,11.8,E,124,W,,,0,Cerah,Sunny,https://api-apps.bmkg.go.id/storage/icon/cuaca/cerah-am.svg,2026-09-21T01:00:00Z
33,33.74,33.74.10,33.74.10.1005,33.74.10.1005,Jawa Tengah,Kota Semarang,Tembalang,Kramas,2026-09-19T12:00:00,2026-09-21 04:00:00,2026-09-21 11:00:00,39-40,33,45,0,33,9.9,E,110,W,,,1,Cerah,Sunny,https://api-apps.bmkg.go.id/storage/icon/cuaca/cerah-am.svg,2026-09-21T04:00:00Z
33,33.74,33.74.10,33.74.10.1005,33.74.10.1005,Jawa Tengah,Kota Semarang,Tembalang,Kramas,2026-09-19T12:00:00,2026-09-21 07:00:00,2026-09-21 14:00:00,42-43,32,49,0.1,32,0.3,SE,166,NW,,,1,Cerah,Sunny,https://api-apps.bmkg.go.id/storage/icon/cuaca/cerah-am.svg,2026-09-21T07:00:00Z
33,33.74,33.74.10,33.74.10.1005,33.74.10.1005,Jawa Tengah,Kota Semarang,Tembalang,Kramas,2026-09-19T12:00:00,2026-09-21 10:00:00,2026-09-21 17:00:00,45-46,28,75,0.1,18,2.2,NE,66,SW,,,1,Cerah,Sunny,https://api-apps.bmkg.go.id/storage/icon/cuaca/cerah-am.svg,2026-09-21T10:00:00Z
33,33.74,33.74.10,33.74.10.1005,33.74.10.1005,Jawa Tengah,Kota Semarang,Tembalang,Kramas,2026-09-19T12:00:00,2026-09-21 13:00:00,2026-09-21 20:00:00,48-49,25,87,0.1,27,1.2,NE,73,SW,,,1,Cerah,Sunny,https://api-apps.bmkg.go.id/storage/icon/cuaca/cerah-pm.svg,2026-09-21T13:00:00Z
33,33.74,33.74.10,33.74.10.1005,33.74.10.1005,Jawa Tengah,Kota Semarang,Tembalang,Kramas,2026-09-19T12:00:00,2026-09-21 16:00:00,2026-09-21 23:00:00,51-52,24,86,0,11,6.6,SE,171,NW,,,1,Cerah,Sunny,https://api-apps.bmkg.go.id/storage/icon/cuaca/cerah-pm.svg,2026-09-21T16:00:00Z
33,33.74,33.74.10,33.74.10.1006,33.74.10.1006,Jawa Tengah,Kota Semarang,Tembalang,Tembalang,2026-09-19T12:00:00,2026-09-19 16:00:00,2026-09-19 23:00:00,3-4,24,77,0,29,3.8,S,210,N,,,1,Cerah,Sunny,https://api-apps.bmkg.go.id/storage/icon/cuaca/cerah-pm.svg,2026-09-19T16:00:00Z
33,33.74,33.74.10,33.74.10.1006,33.74.10.1006,Jawa Tengah,Kota Semarang,Tembalang,Tembalang,2026-09-19T12:00:00,2026-09-19 19:00:00,2026-09-20 02:00:00,6-7,23,79,0,0,5,S,189,N,,,0,Cerah,Sunny,https://api-apps.bmkg.go.id/storage/icon/cuaca/cerah-pm.svg,2026-09-19T19:00:00Z
33,33.74,33.74.10,33.74.10.1006,33.74.10.1006,Jawa Tengah,Kota Semarang,Tembalang,Tembalang,2026-09-19T12:00:00,2026-09-19 22:00:00,2026-09-20 05:00:00,9-10,24,72,0,0,7.5,SE,157,NW,,,0,Cerah,Sunny,https://api-apps.bmkg.go.id/storage/icon/cuaca/cerah-pm.svg,2026-09-19T22:00:00Z
33,33.74,33.74.10,33.74.10.1006,33.74.10.1006,Jawa Tengah,Kota Semarang,Tembalang,Tembalang,2026-09-19T12:00:00,2026-09-20 01:00:00,2026-09-20 08:00:00,12-13,30,54,0,0,10.8,E,118,W,,,0,Cerah,Sunny,https://api-apps.bmkg.go.id/storage/icon/cuaca/cerah-am.svg,2026-09-20T01:00:00Z
33,33.74,33.74.10,33.74.10.1006,33.74.10.1006,Jawa Tengah,Kota Semarang,Tembalang,Tembalang,2026-09-19T12:00:00,2026-09-20 04:00:00,2026-09-20 11:00:00,15-16,34,44,0.1,6,12,E,108,W,,,0,Cerah,Sunny,https://api-apps.bmkg.go.id/storage/icon/cuaca/cerah-am.svg,2026-09-20T04:00:00Z
33,33.74,33.74.10,33.74.10.1006,33.74.10.1006,Jawa Tengah,Kota Semarang,Tembalang,Tembalang,2026-09-19T12:00:00,2026-09-20 07:00:00,2026-09-20 14:00:00,18-19,32,50,0.1,18,7.2,NW,348,SE,,,1,Cerah,Sunny,https://api-apps.bmkg.go.id/storage/icon/cuaca/cerah-am.svg,2026-09-20T07:00:00Z
33,33.74,33.74.10,33.74.10.1006,33.74.10.1006,Jawa Tengah,Kota Semarang,Tembalang,Tembalang,2026-09-19T12:00:00,2026-09-20 10:00:00,2026-09-20 17:00:00,21-22,28,78,0,9,3,NW,357,SE,,,0,Cerah,Sunny,https://api-apps.bmkg.go.id/storage/icon/cuaca/cerah-am.svg,2026-09-20T10:00:00Z
33,33.74,33.74.10,33.74.10.1006,33.74.10.1006,Jawa Tengah,Kota Semarang,Tembalang,Tembalang,2026-09-19T12:00:00,2026-09-20 13:00:00,2026-09-20 20:00:00,24-25,26,85,0.2,21,0.7,S,200,N,,,1,Cerah,Sunny,https://api-apps.bmkg.go.id/storage/icon/cuaca/cerah-pm.svg,2026-09-20T13:00:00Z
33,33.74,33.74.10,33.74.10.1006,33.74.10.1006,Jawa Tengah,Kota Semarang,Tembalang,Tembalang,2026-09-19T12:00:00,2026-09-20 16:00:00,2026-09-20 23:00:00,27-28,25,86,0,0,4,S,188,N,,,0,Cerah,Sunny,https://api-apps.bmkg.go.id/storage/icon/cuaca/cerah-pm.svg,2026-09-20T16:00:00Z
33,33.74,33.74.10,33.74.10.1006,33.74.10.1006,Jawa Tengah,Kota Semarang,Tembalang,Tembalang,2026-09-19T12:00:00,2026-09-20 19:00:00,2026-09-21 02:00:00,30-31,24,83,0,1,5.7,SE,168,NW,,,0,Cerah,Sunny,https://api-apps.bmkg.go.id/storage/icon/cuaca/cerah-pm.svg,2026-09-20T19:00:00Z
33,33.74,33.74.10,33.74.10.1006,33.74.10.1006,Jawa Tengah,Kota Semarang,Tembalang,Tembalang,2026-09-19T12:00:00,2026-09-20 22:00:00,2026-09-21 05:00:00,33-34,24,76,0,0,11.7,SE,159,NW,,,0,Cerah,Sunny,https://api-apps.bmkg.go.id/storage/icon/cuaca/cerah-pm.svg,2026-09-20T22:00:00Z
33,33.74,33.74.10,33.74.10.1006,33.74.10.1006,Jawa Tengah,Kota Semarang,Tembalang,Tembalang,2026-09-19T12:00:00,2026-09-21 01:00:00,2026-09-21 08:00:00,36-37,29,56,0,0,11.8,E,124,W,,,0,Cerah,Sunny,https://api-apps.bmkg.go.id/storage/icon/cuaca/cerah-am.svg,2026-09-21T01:00:00Z
33,33.74,33.74.10,33.74.10.1006,33.74.10.1006,Jawa Tengah,Kota Semarang,Tembalang,Tembalang,2026-09-19T12:00:00,2026-09-21 04:00:00,2026-09-21 11:00:00,39-40,34,44,0,32,9.9,E,110,W,,,1,Cerah,Sunny,https://api-apps.bmkg.go.id/storage/icon/cuaca/cerah-am.svg,2026-09-21T04:00:00Z
33,33.74,33.74.10,33.74.10.1006,33.74.10.1006,Jawa Tengah,Kota Semarang,Tembalang,Tembalang,2026-09-19T12:00:00,2026-09-21 07:00:00,2026-09-21 14:00:00,42-43,33,51,0.1,27,0.3,SE,166,NW,,,1,Cerah,Sunny,https://api-apps.bmkg.go.id/storage/icon/cuaca/cerah-am.svg,2026-09-21T07:00:00Z
33,33.74,33.74.10,33.74.10.1006,33.74.10.1006,Jawa Tengah,Kota Semarang,Tembalang,Tembalang,2026-09-19T12:00:00,2026-09-21 10:00:00,2026-09-21 17:00:00,45-46,28,73,0.1,14,2.2,NE,66,SW,,,1,Cerah,Sunny,https://api-apps.bmkg.go.id/storage/icon/cuaca/cerah-am.svg,2026-09-21T10:00:00Z
33,33.74,33.74.10,33.74.10.1006,33.74.10.1006,Jawa Tengah,Kota Semarang,Tembalang,Tembalang,2026-09-19T12:00:00,2026-09-21 13:00:00,2026-09-21 20:00:00,48-49,26,86,0.2,28,1.2,NE,73,SW,,,1,Cerah,Sunny,https://api-apps.bmkg.go.id/storage/icon/cuaca/cerah-pm.svg,2026-09-21T13:00:00Z
33,33.74,33.74.10,33.74.10.1006,33.74.10.1006,Jawa Tengah,Kota Semarang,Tembalang,Tembalang,2026-09-19T12:00:00,2026-09-21 16:00:00,2026-09-21 23:00:00,51-52,25,83,0,9,6.6,SE,171,NW,,,0,Cerah,Sunny,https://api-apps.bmkg.go.id/storage/icon/cuaca/cerah-pm.svg,2026-09-21T16:00:00Z
33,33.74,33.74.10,33.74.10.1007,33.74.10.1007,Jawa Tengah,Kota Semarang,Tembalang,Jangli,2026-09-19T12:00:00,2026-09-19 16:00:00,2026-09-19 23:00:00,3-4,25,74,0,36,7.4,E,134,W,,,1,Cerah,Sunny,https://api-apps.bmkg.go.id/storage/icon/cuaca/cerah-pm.svg,2026-09-19T16:00:00Z
33,33.74,33.74.10,33.74.10.1007,33.74.10.1007,Jawa Tengah,Kota Semarang,Tembalang,Jangli,2026-09-19T12:00:00,2026-09-19 19:00:00,2026-09-20 02:00:00,6-7,24,77,0,0,9.1,SE,135,NW,,,0,Cerah,Sunny,https://api-apps.bmkg.go.id/storage/icon/cuaca/cerah-pm.svg,2026-09-19T19:00:00Z
33,33.74,33.74.10,33.74.10.1007,33.74.10.1007,Jawa Tengah,Kota Semarang,Tembalang,Jangli,2026-09-19T12:00:00,2026-09-19 22:00:00,2026-09-20 05:00:00,9-10,24,70,0,0,9.6,SE,142,NW,,,0,Cerah,Sunny,https://api-apps.bmkg.go.id/storage/icon/cuaca/cerah-pm.svg,2026-09-19T22:00:00Z
33,33.74,33.74.10,33.74.10.1007,33.74.10.1007,Jawa Tengah,Kota Semarang,Tembalang,Jangli,2026-09-19T12:00:00,2026-09-20 01:00:00,2026-09-20 08:00:00,12-13,30,52,0,0,13.2,E,125,W,,,0,Cerah,Sunny,https://api-apps.bmkg.go.id/storage/icon/cuaca/cerah-am.svg,2026-09-20T01:00:00Z
33,33.74,33.74.10,33.74.10.1007,33.74.10.1007,Jawa Tengah,Kota Semarang,Tembalang,Jangli,2026-09-19T12:00:00,2026-09-20 04:00:00,2026-09-20 11:00:00,15-16,34,42,0,4,12.1,E,108,W,,,0,Cerah,Sunny,https://api-apps.bmkg.go.id/storage/icon/cuaca/cerah-am.svg,2026-09-20T04:00:00Z
33,33.74,33.74.10,33.74.10.1007,33.74.10.1007,Jawa Tengah,Kota Semarang,Tembalang,Jangli,2026-09-19T12:00:00,2026-09-20 07:00:00,2026-09-20 14:00:00,18-19,33,51,0.1,20,13.9,NW,324,SE,,,1,Cerah,Sunny,https://api-apps.bmkg.go.id/storage/icon/cuaca/cerah-am.svg,2026-09-20T07:00:00Z
33,33.74,33.74.10,33.74.10.1007,33.74.10.1007,Jawa Tengah,Kota Semarang,Tembalang,Jangli,2026-09-19T12:00:00,2026-09-20 10:00:00,2026-09-20 17:00:00,21-22,28,78,0,7,4,W,284,E,,,0,Cerah,Sunny,https://api-apps.bmkg.go.id/storage/icon/cuaca/cerah-am.svg,2026-09-20T10:00:00Z
33,33.74,33.74.10,33.74.10.1007,33.74.10.1007,Jawa Tengah,Kota Semarang,Tembalang,Jangli,2026-09-19T12:00:00,2026-09-20 13:00:00,2026-09-20 20:00:00,24-25,27,82,0.2,21,0.8,SW,255,NE,,,1,Cerah,Sunny,https://api-apps.bmkg.go.id/storage/icon/cuaca/cerah-pm.svg,2026-09-20T13:00:00Z
33,33.74,33.74.10,33.74.10.1007,33.74.10.1007,Jawa Tengah,Kota Semarang,Tembalang,Jangli,2026-09-19T12:00:00,2026-09-20 16:00:00,2026-09-20 23:00:00,27-28,26,84,0,0,7,SE,142,NW,,,0,Cerah,Sunny,https://api-apps.bmkg.go.id/storage/icon/cuaca/cerah-pm.svg,2026-09-20T16:00:00Z
33,33.74,33.74.10,33.74.10.1007,33.74.10.1007,Jawa Tengah,Kota Semarang,Tembalang,Jangli,2026-09-19T12:00:00,2026-09-20 19:00:00,2026-09-21 02:00:00,30-31,25,81,0,0,8.3,SE,147,NW,,,0,Cerah,Sunny,https://api-apps.bmkg.go.id/storage/icon/cuaca/cerah-pm.svg,2026-09-20T19:00:00Z
33,33.74,33.74.10,33.74.10.1007,33.74.10.1007,Jawa Tengah,Kota Semarang,Tembalang,Jangli,2026-09-19T12:00:00,2026-09-20 22:00:00,2026-09-21 05:00:00,33-34,25,74,0,0,12.8,SE,144,NW,,,0,Cerah,Sunny,https://api-apps.bmkg.go.id/storage/icon/cuaca/cerah-pm.svg,2026-09-20T22:00:00Z
33,33.74,33.74.10,33.74.10.1007,33.74.10.1007,Jawa Tengah,Kota Semarang,Tembalang,Jangli,2026-09-19T12:00:00,2026-09-21 01:00:00,2026-09-21 08:00:00,36-37,30,54,0,0,14.5,E,126,W,,,0,Cerah,Sunny,https://api-apps.bmkg.go.id/storage/icon/cuaca/cerah-am.svg,2026-09-21T01:00:00Z
33,33.74,33.74.10,33.74.10.1007,33.74.10.1007,Jawa Tengah,Kota Semarang,Tembalang,Jangli,2026-09-19T12:00:00,2026-09-21 04:00:00,2026-09-21 11:00:00,39-40,34,42,0,32,11.7,E,120,W,,,1,Cerah,Sunny,https://api-apps.bmkg.go.id/storage/icon/cuaca/cerah-am.svg,2026-09-21T04:00:00Z
33,33.74,33.74.10,33.74.10.1007,33.74.10.1007,Jawa Tengah,Kota Semarang,Tembalang,Jangli,2026-09-19T12:00:00,2026-09-21 07:00:00,2026-09-21 14:00:00,42-43,33,52,0.1,22,11.3,NW,316,SE,,,1,Cerah,Sunny,https://api-apps.bmkg.go.id/storage/icon/cuaca/cerah-am.svg,2026-09-21T07:00:00Z
33,33.74,33.74.10,33.74.10.1007,33.74.10.1007,Jawa Tengah,Kota Semarang,Tembalang,Jangli,2026-09-19T12:00:00,2026-09-21 10:00:00,2026-09-21 17:00:00,45-46,29,71,0.1,10,3.7,NW,316,SE,,,0,Cerah,Sunny,https://api-apps.bmkg.go.id/storage/icon/cuaca/cerah-am.svg,2026-09-21T10:00:00Z
33,33.74,33.74.10,33.74.10.1007,33.74.10.1007,Jawa Tengah,Kota Semarang,Tembalang,Jangli,2026-09-19T12:00:00,2026-09-21 13:00:00,2026-09-21 20:00:00,48-49,26,85,0.2,29,5.7,NE,74,SW,,,1,Cerah,Sunny,https://api-apps.bmkg.go.id/storage/icon/cuaca/cerah-pm.svg,2026-09-21T13:00:00Z
33,33.74,33.74.10,33.74.10.1007,33.74.10.1007,Jawa Tengah,Kota Semarang,Tembalang,Jangli,2026-09-19T12:00:00,2026-09-21 16:00:00,2026-09-21 23:00:00,51-52,26,80,0,7,11.1,E,129,W,,,0,Cerah,Sunny,https://api-apps.bmkg.go.id/storage/icon/cuaca/cerah-pm.svg,2026-09-21T16:00:00Z
33,33.74,33.74.10,33.74.10.1008,33.74.10.1008,Jawa Tengah,Kota Semarang,Tembalang,Tandang,2026-09-19T12:00:00,2026-09-19 16:00:00,2026-09-19 23:00:00,3-4,25,74,0,36,7.4,E,134,W,,,1,Cerah,Sunny,https://api-apps.bmkg.go.id/storage/icon/cuaca/cerah-pm.svg,2026-09-19T16:00:00Z
33,33.74,33.74.10,33.74.10.1008,33.74.10.1008,Jawa Tengah,Kota Semarang,Tembalang,Tandang,2026-09-19T12:00:00,2026-09-19 19:00:00,2026-09-20 02:00:00,6-7,24,77,0,0,9.1,SE,135,NW,,,0,Cerah,Sunny,https://api-apps.bmkg.go.id/storage/icon/cuaca/cerah-pm.svg,2026-09-19T19:00:00Z
33,33.74,33.74.10,33.74.10.1008,33.74.10.1008,Jawa Tengah,Kota Semarang,Tembalang,Tandang,2026-09-19T12:00:00,2026-09-19 22:00:00,2026-09-20 05:00:00,9-10,24,70,0,0,9.6,SE,142,NW,,,0,Cerah,Sunny,https://api-apps.bmkg.go.id/storage/icon/cuaca/cerah-pm.svg,2026-09-19T22:00:00Z
33,33.74,33.74.10,33.74.10.1008,33.74.10.1008,Jawa Tengah,Kota Semarang,Tembalang,Tandang,2026-09-19T12:00:00,2026-09-20 01:00:00,2026-09-20 08:00:00,12-13,30,52,0,0,13.2,E,125,W,,,0,Cerah,Sunny,https://api-apps.bmkg.go.id/storage/icon/cuaca/cerah-am.svg,2026-09-20T01:00:00Z
33,33.74,33.74.10,33.74.10.1008,33.74.10.1008,Jawa Tengah,Kota Semarang,Tembalang,Tandang,2026-09-19T12:00:00,2026-09-20 04:00:00,2026-09-20 11:00:00,15-16,34,42,0,4,12.1,E,108,W,,,0,Cerah,Sunny,https://api-apps.bmkg.go.id/storage/icon/cuaca/cerah-am.svg,2026-09-20T04:00:00Z
33,33.74,33.74.10,33.74.10.1008,33.74.10.1008,Jawa Tengah,Kota Semarang,Tembalang,Tandang,2026-09-19T12:00:00,2026-09-20 07:00:00,2026-09-20 14:00:00,18-19,33,51,0.1,20,13.9,NW,324,SE,,,1,Cerah,Sunny,https://api-apps.bmkg.go.id/storage/icon/cuaca/cerah-am.svg,2026-09-20T07:00:00Z
33,33.74,33.74.10,33.74.10.1008,33.74.10.1008,Jawa Tengah,Kota Semarang,Tembalang,Tandang,2026-09-19T12:00:00,2026-09-20 10:00:00,2026-09-20 17:00:00,21-22,28,78,0,7,4,W,284,E,,,0,Cerah,Sunny,https://api-apps.bmkg.go.id/storage/icon/cuaca/cerah-am.svg,2026-09-20T10:00:00Z
33,33.74,33.74.10,33.74.10.1008,33.74.10.1008,Jawa Tengah,Kota Semarang,Tembalang,Tandang,2026-09-19T12:00:00,2026-09-20 13:00:00,2026-09-20 20:00:00,24-25,27,82,0.2,21,0.8,SW,255,NE,,,1,Cerah,Sunny,https://api-apps.bmkg.go.id/storage/icon/cuaca/cerah-pm.svg,2026-09-20T13:00:00Z
33,33.74,33.74.10,33.74.10.1008,33.74.10.1008,Jawa Tengah,Kota Semarang,Tembalang,Tandang,2026-09-19T12:00:00,2026-09-20 16:00:00,2026-09-20 23:00:00,27-28,26,84,0,0,7,SE,142,NW,,,0,Cerah,Sunny,https://api-apps.bmkg.go.id/storage/icon/cuaca/cerah-pm.svg,2026-09-20T16:00:00Z
33,33.74,33.74.10,33.74.10.1008,33.74.10.1008,Jawa Tengah,Kota Semarang,Tembalang,Tandang,2026-09-19T12:00:00,2026-09-20 19:00:00,2026-09-21 02:00:00,30-31,25,81,0,0,8.3,SE,147,NW,,,0,Cerah,Sunny,https://api-apps.bmkg.go.id/storage/icon/cuaca/cerah-pm.svg,2026-09-20T19:00:00Z
33,33.74,33.74.10,33.74.10.1008,33.74.10.1008,Jawa Tengah,Kota Semarang,Tembalang,Tandang,2026-09-19T12:00:00,2026-09-20 22:00:00,2026-09-21 05:00:00,33-34,25,74,0,0,12.8,SE,144,NW,,,0,Cerah,Sunny,https://api-apps.bmkg.go.id/storage/icon/cuaca/cerah-pm.svg,2026-09-20T22:00:00Z
33,33.74,33.74.10,33.74.10.1008,33.74.10.1008,Jawa Tengah,Kota Semarang,Tembalang,Tandang,2026-09-19T12:00:00,2026-09-21 01:00:00,2026-09-21 08:00:00,36-37,30,54,0,0,14.5,E,126,W,,,0,Cerah,Sunny,https://api-apps.bmkg.go.id/storage/icon/cuaca/cerah-am.svg,2026-09-21T01:00:00Z
33,33.74,33.74.10,33.74.10.1008,33.74.10.1008,Jawa Tengah,Kota Semarang,Tembalang,Tandang,2026-09-19T12:00:00,2026-09-21 04:00:00,2026-09-21 11:00:00,39-40,34,42,0,32,11.7,E,120,W,,,1,Cerah,Sunny,https://api-apps.bmkg.go.id/storage/icon/cuaca/cerah-am.svg,2026-09-21T04:00:00Z
33,33.74,33.74.10,33.74.10.1008,33.74.10.1008,Jawa Tengah,Kota Semarang,Tembalang,Tandang,2026-09-19T12:00:00,2026-09-21 07:00:00,2026-09-21 14:00:00,42-43,33,52,0.1,22,11.3,NW,316,SE,,,1,Cerah,Sunny,https://api-apps.bmkg.go.id/storage/icon/cuaca/cerah-am.svg,2026-09-21T07:00:00Z
33,33.74,33.74.10,33.74.10.1008,33.74.10.1008,Jawa Tengah,Kota Semarang,Tembalang,Tandang,2026-09-19T12:00:00,2026-09-21 10:00:00,2026-09-21 17:00:00,45-46,29,71,0.1,10,3.7,NW,316,SE,,,0,Cerah,Sunny,https://api-apps.bmkg.go.id/storage/icon/cuaca/cerah-am.svg,2026-09-21T10:00:00Z
33,33.74,33.74.10,33.74.10.1008,33.74.10.1008,Jawa Tengah,Kota Semarang,Tembalang,Tandang,2026-09-19T12:00:00,2026-09-21 13:00:00,2026-09-21 20:00:00,48-49,26,85,0.2,29,5.7,NE,74,SW,,,1,Cerah,Sunny,https://api-apps.bmkg.go.id/storage/icon/cuaca/cerah-pm.svg,2026-09-21T13:00:00Z
33,33.74,33.74.10,33.74.10.1008,33.74.10.1008,Jawa Tengah,Kota Semarang,Tembalang,Tandang,2026-09-19T12:00:00,2026-09-21 16:00:00,2026-09-21 23:00:00,51-52,26,80,0,7,11.1,E,129,W,,,0,Cerah,Sunny,https://api-apps.bmkg.go.id/storage/icon/cuaca/cerah-pm.svg,2026-09-21T16:00:00Z
33,33.74,33.74.10,33.74.10.1009,33.74.10.1009,Jawa Tengah,Kota Semarang,Tembalang,Kedungmundu,2026-09-19T12:00:00,2026-09-19 16:00:00,2026-09-19 23:00:00,3-4,25,71,0,42,7.4,E,134,W,,,1,Cerah,Sunny,https://api-apps.bmkg.go.id/storage/icon/cuaca/cerah-pm.svg,2026-09-19T16:00:00Z
33,33.74,33.74.10,33.74.10.1009,33.74.10.1009,Jawa Tengah,Kota Semarang,Tembalang,Kedungmundu,2026-09-19T12:00:00,2026-09-19 19:00:00,2026-09-20 02:00:00,6-7,24,76,0,0,9.1,SE,135,NW,,,0,Cerah,Sunny,https://api-apps.bmkg.go.id/storage/icon/cuaca/cerah-pm.svg,2026-09-19T19:00:00Z
33,33.74,33.74.10,33.74.10.1009,33.74.10.1009,Jawa Tengah,Kota Semarang,Tembalang,Kedungmundu,2026-09-19T12:00:00,2026-09-19 22:00:00,2026-09-20 05:00:00,9-10,24,69,0,0,9.6,SE,142,NW,,,0,Cerah,Sunny,https://api-apps.bmkg.go.id/storage/icon/cuaca/cerah-pm.svg,2026-09-19T22:00:00Z
33,33.74,33.74.10,33.74.10.1009,33.74.10.1009,Jawa Tengah,Kota Semarang,Tembalang,Kedungmundu,2026-09-19T12:00:00,2026-09-20 01:00:00,2026-09-20 08:00:00,12-13,30,52,0,0,13.2,E,125,W,,,0,Cerah,Sunny,https://api-apps.bmkg.go.id/storage/icon/cuaca/cerah-am.svg,2026-09-20T01:00:00Z
33,33.74,33.74.10,33.74.10.1009,33.74.10.1009,Jawa Tengah,Kota Semarang,Tembalang,Kedungmundu,2026-09-19T12:00:00,2026-09-20 04:00:00,2026-09-20 11:00:00,15-16,34,42,0,4,12.1,E,108,W,,,0,Cerah,Sunny,https://api-apps.bmkg.go.id/storage/icon/cuaca/cerah-am.svg,2026-09-20T04:00:00Z
33,33.74,33.74.10,33.74.10.1009,33.74.10.1009,Jawa Tengah,Kota Semarang,Tembalang,Kedungmundu,2026-09-19T12:00:00,2026-09-20 07:00:00,2026-09-20 14:00:00,18-19,33,49,0.1,21,13.9,NW,324,SE,,,1,Cerah,Sunny,https://api-apps.bmkg.go.id/storage/icon/cuaca/cerah-am.svg,2026-09-20T07:00:00Z
33,33.74,33.74.10,33.74.10.1009,33.74.10.1009,Jawa Tengah,Kota Semarang,Tembalang,Kedungmundu,2026-09-19T12:00:00,2026-09-20 10:00:00,2026-09-20 17:00:00,21-22,28,77,0,6,4,W,284,E,,,0,Cerah,Sunny,https://api-apps.bmkg.go.id/storage/icon/cuaca/cerah-am.svg,2026-09-20T10:00:00Z
33,33.74,33.74.10,33.74.10.1009,33.74.10.1009,Jawa Tengah,Kota Semarang,Tembalang,Kedungmundu,2026-09-19T12:00:00,2026-09-20 13:00:00,2026-09-20 20:00:00,24-25,27,84,0.2,28,0.8,SW,255,NE,,,1,Cerah,Sunny,https://api-apps.bmkg.go.id/storage/icon/cuaca/cerah-pm.svg,2026-09-20T13:00:00Z
33,33.74,33.74.10,33.74.10.1009,33.74.10.1009,Jawa Tengah,Kota Semarang,Tembalang,Kedungmundu,2026-09-19T12:00:00,2026-09-20 16:00:00,2026-09-20 23:00:00,27-28,26,83,0,0,7,SE,142,NW,,,0,Cerah,Sunny,https://api-apps.bmkg.go.id/storage/icon/cuaca/cerah-pm.svg,2026-09-20T16:00:00Z
33,33.74,33.74.10,33.74.10.1009,33.74.10.1009,Jawa Tengah,Kota Semarang,Tembalang,Kedungmundu,2026-09-19T12:00:00,2026-09-20 19:00:00,2026-09-21 02:00:00,30-31,25,82,0,0,8.3,SE,147,NW,,,0,Cerah,Sunny,https://api-apps.bmkg.go.id/storage/icon/cuaca/cerah-pm.svg,2026-09-20T19:00:00Z
33,33.74,33.74.10,33.74.10.1009,33.74.10.1009,Jawa Tengah,Kota Semarang,Tembalang,Kedungmundu,2026-09-19T12:00:00,2026-09-20 22:00:00,2026-09-21 05:00:00,33-34,25,75,0,0,12.8,SE,144,NW,,,0,Cerah,Sunny,https://api-apps.bmkg.go.id/storage/icon/cuaca/cerah-pm.svg,2026-09-20T22:00:00Z
33,33.74,33.74.10,33.74.10.1009,33.74.10.1009,Jawa Tengah,Kota Semarang,Tembalang,Kedungmundu,2026-09-19T12:00:00,2026-09-21 01:00:00,2026-09-21 08:00:00,36-37,30,54,0,0,14.5,E,126,W,,,0,Cerah,Sunny,https://api-apps.bmkg.go.id/storage/icon/cuaca/cerah-am.svg,2026-09-21T01:00:00Z
33,33.74,33.74.10,33.74.10.1009,33.74.10.1009,Jawa Tengah,Kota Semarang,Tembalang,Kedungmundu,2026-09-19T12:00:00,2026-09-21 04:00:00,2026-09-21 11:00:00,39-40,35,42,0,32,11.7,E,120,W,,,1,Cerah,Sunny,https://api-apps.bmkg.go.id/storage/icon/cuaca/cerah-am.svg,2026-09-21T04:00:00Z
33,33.74,33.74.10,33.74.10.1009,33.74.10.1009,Jawa Tengah,Kota Semarang,Tembalang,Kedungmundu,2026-09-19T12:00:00,2026-09-21 07:00:00,2026-09-21 14:00:00,42-43,33,49,0.1,19,11.3,NW,316,SE,,,1,Cerah,Sunny,https://api-apps.bmkg.go.id/storage/icon/cuaca/cerah-am.svg,2026-09-21T07:00:00Z
33,33.74,33.74.10,33.74.10.1009,33.74.10.1009,Jawa Tengah,Kota Semarang,Tembalang,Kedungmundu,2026-09-19T12:00:00,2026-09-21 10:00:00,2026-09-21 17:00:00,45-46,29,69,0.1,6,3.7,NW,316,SE,,,0,Cerah,Sunny,https://api-apps.bmkg.go.id/storage/icon/cuaca/cerah-am.svg,2026-09-21T10:00:00Z
33,33.74,33.74.10,33.74.10.1009,33.74.10.1009,Jawa Tengah,Kota Semarang,Tembalang,Kedungmundu,2026-09-19T12:00:00,2026-09-21 13:00:00,2026-09-21 20:00:00,48-49,26,87,0.3,29,5.7,NE,74,SW,,,1,Cerah,Sunny,https://api-apps.bmkg.go.id/storage/icon/cuaca/cerah-pm.svg,2026-09-21T13:00:00Z
33,33.74,33.74.10,33.74.10.1009,33.74.10.1009,Jawa Tengah,Kota Semarang,Tembalang,Kedungmundu,2026-09-19T12:00:00,2026-09-21 16:00:00,2026-09-21 23:00:00,51-52,26,79,0,6,11.1,E,129,W,,,0,Cerah,Sunny,https://api-apps.bmkg.go.id/storage/icon/cuaca/cerah-pm.svg,2026-09-21T16:00:00Z
33,33.74,33.74.10,33.74.10.1010,33.74.10.1010,Jawa Tengah,Kota Semarang,Tembalang,Sendangguwo,2026-09-19T12:00:00,2026-09-19 15:00:00,2026-09-19 22:00:00,2-3,26,74,0,1,8.9,E,106,W,,,0,Cerah,Sunny,https://api-apps.bmkg.go.id/storage/icon/cuaca/cerah-pm.svg,2026-09-19T15:00:00Z
33,33.74,33.74.10,33.74.10.1010,33.74.10.1010,Jawa Tengah,Kota Semarang,Tembalang,Sendangguwo,2026-09-19T12:00:00,2026-09-19 18:00:00,2026-09-20 01:00:00,5-6,24,78,0,0,7.4,E,134,W,,,0,Cerah,Sunny,https://api-apps.bmkg.go.id/storage/icon/cuaca/cerah-pm.svg,2026-09-19T18:00:00Z
33,33.74,33.74.10,33.74.10.1010,33.74.10.1010,Jawa Tengah,Kota Semarang,Tembalang,Sendangguwo,2026-09-19T12:00:00,2026-09-19 21:00:00,2026-09-20 04:00:00,8-9,24,74,0,0,9.1,SE,135,NW,,,0,Cerah,Sunny,https://api-apps.bmkg.go.id/storage/icon/cuaca/cerah-pm.svg,2026-09-19T21:00:00Z
33,33.74,33.74.10,33.74.10.1010,33.74.10.1010,Jawa Tengah,Kota Semarang,Tembalang,Sendangguwo,2026-09-19T12:00:00,2026-09-20 00:00:00,2026-09-20 07:00:00,11-12,28,55,0,3,9.6,SE,142,NW,,,0,Cerah,Sunny,https://api-apps.bmkg.go.id/storage/icon/cuaca/cerah-am.svg,2026-09-20T00:00:00Z
33,33.74,33.74.10,33.74.10.1010,33.74.10.1010,Jawa Tengah,Kota Semarang,Tembalang,Sendangguwo,2026-09-19T12:00:00,2026-09-20 03:00:00,2026-09-20 10:00:00,14-15,33,45,0,1,13.2,E,125,W,,,0,Cerah,Sunny,https://api-apps.bmkg.go.id/storage/icon/cuaca/cerah-am.svg,2026-09-20T03:00:00Z
33,33.74,33.74.10,33.74.10.1010,33.74.10.1010,Jawa Tengah,Kota Semarang,Tembalang,Sendangguwo,2026-09-19T12:00:00,2026-09-20 06:00:00,2026-09-20 13:00:00,17-18,34,42,0.1,10,12.1,E,108,W,,,1,Cerah,Sunny,https://api-apps.bmkg.go.id/storage/icon/cuaca/cerah-am.svg,2026-09-20T06:00:00Z
33,33.74,33.74.10,33.74.10.1010,33.74.10.1010,Jawa Tengah,Kota Semarang,Tembalang,Sendangguwo,2026-09-19T12:00:00,2026-09-20 09:00:00,2026-09-20 16:00:00,20-21,29,71,0,14,13.9,NW,324,SE,,,1,Cerah,Sunny,https://api-apps.bmkg.go.id/storage/icon/cuaca/cerah-am.svg,2026-09-20T09:00:00Z
33,33.74,33.74.10,33.74.10.1010,33.74.10.1010,Jawa Tengah,Kota Semarang,Tembalang,Sendangguwo,2026-09-19T12:00:00,2026-09-20 12:00:00,2026-09-20 19:00:00,23-24,28,79,0.2,22,4,W,284,E,,,1,Cerah,Sunny,https://api-apps.bmkg.go.id/storage/icon/cuaca/cerah-pm.svg,2026-09-20T12:00:00Z
33,33.74,33.74.10,33.74.10.1010,33.74.10.1010,Jawa Tengah,Kota Semarang,Tembalang,Sendangguwo,2026-09-19T12:00:00,2026-09-20 15:00:00,2026-09-20 22:00:00,26-27,26,86,0,0,0.8,SW,255,NE,,,0,Cerah,Sunny,https://api-apps.bmkg.go.id/storage/icon/cuaca/cerah-pm.svg,2026-09-20T15:00:00Z
33,33.74,33.74.10,33.74.10.1010,33.74.10.1010,Jawa Tengah,Kota Semarang,Tembalang,Sendangguwo,2026-09-19T12:00:00,2026-09-20 18:00:00,2026-09-21 01:00:00,29-30,25,84,0,0,7,SE,142,NW,,,0,Cerah,Sunny,https://api-apps.bmkg.go.id/storage/icon/cuaca/cerah-pm.svg,2026-09-20T18:00:00Z
33,33.74,33.74.10,33.74.10.1010,33.74.10.1010,Jawa Tengah,Kota Semarang,Tembalang,Sendangguwo,2026-09-19T12:00:00,2026-09-20 21:00:00,2026-09-21 04:00:00,32-33,24,77,0,0,8.3,SE,147,NW,,,0,Cerah,Sunny,https://api-apps.bmkg.go.id/storage/icon/cuaca/cerah-pm.svg,2026-09-20T21:00:00Z
33,33.74,33.74.10,33.74.10.1010,33.74.10.1010,Jawa Tengah,Kota Semarang,Tembalang,Sendangguwo,2026-09-19T12:00:00,2026-09-21 00:00:00,2026-09-21 07:00:00,35-36,28,60,0,0,12.8,SE,144,NW,,,0,Cerah,Sunny,https://api-apps.bmkg.go.id/storage/icon/cuaca/cerah-am.svg,2026-09-21T00:00:00Z
33,33.74,33.74.10,33.74.10.1010,33.74.10.1010,Jawa Tengah,Kota Semarang,Tembalang,Sendangguwo,2026-09-19T12:00:00,2026-09-21 03:00:00,2026-09-21 10:00:00,38-39,33,44,0,7,14.5,E,126,W,,,0,Cerah,Sunny,https://api-apps.bmkg.go.id/storage/icon/cuaca/cerah-am.svg,2026-09-21T03:00:00Z
33,33.74,33.74.10,33.74.10.1010,33.74.10.1010,Jawa Tengah,Kota Semarang,Tembalang,Sendangguwo,2026-09-19T12:00:00,2026-09-21 06:00:00,2026-09-21 13:00:00,41-42,35,43,0.1,14,11.7,E,120,W,,,1,Cerah,Sunny,https://api-apps.bmkg.go.id/storage/icon/cuaca/cerah-am.svg,2026-09-21T06:00:00Z
33,33.74,33.74.10,33.74.10.1010,33.74.10.1010,Jawa Tengah,Kota Semarang,Tembalang,Sendangguwo,2026-09-19T12:00:00,2026-09-21 09:00:00,2026-09-21 16:00:00,44-45,30,66,0.1,14,11.3,NW,316,SE,,,1,Cerah,Sunny,https://api-apps.bmkg.go.id/storage/icon/cuaca/cerah-am.svg,2026-09-21T09:00:00Z
33,33.74,33.74.10,33.74.10.1010,33.74.10.1010,Jawa Tengah,Kota Semarang,Tembalang,Sendangguwo,2026-09-19T12:00:00,2026-09-21 12:00:00,2026-09-21 19:00:00,47-48,27,80,0.2,51,3.7,NW,316,SE,,,1,Cerah,Sunny,https://api-apps.bmkg.go.id/storage/icon/cuaca/cerah-pm.svg,2026-09-21T12:00:00Z
33,33.74,33.74.10,33.74.10.1010,33.74.10.1010,Jawa Tengah,Kota Semarang,Tembalang,Sendangguwo,2026-09-19T12:00:00,2026-09-21 15:00:00,2026-09-21 22:00:00,50-51,26,85,0,10,5.7,NE,74,SW,,,1,Cerah,Sunny,https://api-apps.bmkg.go.id/storage/icon/cuaca/cerah-pm.svg,2026-09-21T15:00:00Z
33,33.74,33.74.10,33.74.10.1011,33.74.10.1011,Jawa Tengah,Kota Semarang,Tembalang,Sendangmulyo,2026-09-19T12:00:00,2026-09-19 16:00:00,2026-09-19 23:00:00,3-4,25,74,0,34,3.8,S,210,N,,,1,Cerah,Sunny,https://api-apps.bmkg.go.id/storage/icon/cuaca/cerah-pm.svg,2026-09-19T16:00:00Z
33,33.74,33.74.10,33.74.10.1011,33.74.10.1011,Jawa Tengah,Kota Semarang,Tembalang,Sendangmulyo,2026-09-19T12:00:00,2026-09-19 19:00:00,2026-09-20 02:00:00,6-7,24,78,0,0,5,S,189,N,,,0,Cerah,Sunny,https://api-apps.bmkg.go.id/storage/icon/cuaca/cerah-pm.svg,2026-09-19T19:00:00Z
33,33.74,33.74.10,33.74.10.1011,33.74.10.1011,Jawa Tengah,Kota Semarang,Tembalang,Sendangmulyo,2026-09-19T12:00:00,2026-09-19 22:00:00,2026-09-20 05:00:00,9-10,24,70,0,0,7.5,SE,157,NW,,,0,Cerah,Sunny,https://api-apps.bmkg.go.id/storage/icon/cuaca/cerah-pm.svg,2026-09-19T22:00:00Z
33,33.74,33.74.10,33.74.10.1011,33.74.10.1011,Jawa Tengah,Kota Semarang,Tembalang,Sendangmulyo,2026-09-19T12:00:00,2026-09-20 01:00:00,2026-09-20 08:00:00,12-13,30,54,0,0,10.8,E,118,W,,,0,Cerah,Sunny,https://api-apps.bmkg.go.id/storage/icon/cuaca/cerah-am.svg,2026-09-20T01:00:00Z
33,33.74,33.74.10,33.74.10.1011,33.74.10.1011,Jawa Tengah,Kota Semarang,Tembalang,Sendangmulyo,2026-09-19T12:00:00,2026-09-20 04:00:00,2026-09-20 11:00:00,15-16,34,44,0,6,12,E,108,W,,,0,Cerah,Sunny,https://api-apps.bmkg.go.id/storage/icon/cuaca/cerah-am.svg,2026-09-20T04:00:00Z
33,33.74,33.74.10,33.74.10.1011,33.74.10.1011,Jawa Tengah,Kota Semarang,Tembalang,Sendangmulyo,2026-09-19T12:00:00,2026-09-20 07:00:00,2026-09-20 14:00:00,18-19,33,47,0.1,17,7.2,NW,348,SE,,,1,Cerah,Sunny,https://api-apps.bmkg.go.id/storage/icon/cuaca/cerah-am.svg,2026-09-20T07:00:00Z
33,33.74,33.74.10,33.74.10.1011,33.74.10.1011,Jawa Tengah,Kota Semarang,Tembalang,Sendangmulyo,2026-09-19T12:00:00,2026-09-20 10:00:00,2026-09-20 17:00:00,21-22,28,77,0,8,3,NW,357,SE,,,0,Cerah,Sunny,https://api-apps.bmkg.go.id/storage/icon/cuaca/cerah-am.svg,2026-09-20T10:00:00Z
33,33.74,33.74.10,33.74.10.1011,33.74.10.1011,Jawa Tengah,Kota Semarang,Tembalang,Sendangmulyo,2026-09-19T12:00:00,2026-09-20 13:00:00,2026-09-20 20:00:00,24-25,26,86,0.2,26,0.7,S,200,N,,,1,Cerah,Sunny,https://api-apps.bmkg.go.id/storage/icon/cuaca/cerah-pm.svg,2026-09-20T13:00:00Z
33,33.74,33.74.10,33.74.10.1011,33.74.10.1011,Jawa Tengah,Kota Semarang,Tembalang,Sendangmulyo,2026-09-19T12:00:00,2026-09-20 16:00:00,2026-09-20 23:00:00,27-28,25,86,0,0,4,S,188,N,,,0,Cerah,Sunny,https://api-apps.bmkg.go.id/storage/icon/cuaca/cerah-pm.svg,2026-09-20T16:00:00Z
33,33.74,33.74.10,33.74.10.1011,33.74.10.1011,Jawa Tengah,Kota Semarang,Tembalang,Sendangmulyo,2026-09-19T12:00:00,2026-09-20 19:00:00,2026-09-21 02:00:00,30-31,24,84,0,1,5.7,SE,168,NW,,,0,Cerah,Sunny,https://api-apps.bmkg.go.id/storage/icon/cuaca/cerah-pm.svg,2026-09-20T19:00:00Z
33,33.74,33.74.10,33.74.10.1011,33.74.10.1011,Jawa Tengah,Kota Semarang,Tembalang,Sendangmulyo,2026-09-19T12:00:00,2026-09-20 22:00:00,2026-09-21 05:00:00,33-34,24,76,0,0,11.7,SE,159,NW,,,0,Cerah,Sunny,https://api-apps.bmkg.go.id/storage/icon/cuaca/cerah-pm.svg,2026-09-20T22:00:00Z
33,33.74,33.74.10,33.74.10.1011,33.74.10.1011,Jawa Tengah,Kota Semarang,Tembalang,Sendangmulyo,2026-09-19T12:00:00,2026-09-21 01:00:00,2026-09-21 08:00:00,36-37,30,55,0,0,11.8,E,124,W,,,0,Cerah,Sunny,https://api-apps.bmkg.go.id/storage/icon/cuaca/cerah-am.svg,2026-09-21T01:00:00Z
33,33.74,33.74.10,33.74.10.1011,33.74.10.1011,Jawa Tengah,Kota Semarang,Tembalang,Sendangmulyo,2026-09-19T12:00:00,2026-09-21 04:00:00,2026-09-21 11:00:00,39-40,34,43,0,33,9.9,E,110,W,,,1,Cerah,Sunny,https://api-apps.bmkg.go.id/storage/icon/cuaca/cerah-am.svg,2026-09-21T04:00:00Z
33,33.74,33.74.10,33.74.10.1011,33.74.10.1011,Jawa Tengah,Kota Semarang,Tembalang,Sendangmulyo,2026-09-19T12:00:00,2026-09-21 07:00:00,2026-09-21 14:00:00,42-43,33,48,0.1,24,0.3,SE,166,NW,,,1,Cerah,Sunny,https://api-apps.bmkg.go.id/storage/icon/cuaca/cerah-am.svg,2026-09-21T07:00:00Z
33,33.74,33.74.10,33.74.10.1011,33.74.10.1011,Jawa Tengah,Kota Semarang,Tembalang,Sendangmulyo,2026-09-19T12:00:00,2026-09-21 10:00:00,2026-09-21 17:00:00,45-46,29,70,0.1,11,2.2,NE,66,SW,,,1,Cerah,Sunny,https://api-apps.bmkg.go.id/storage/icon/cuaca/cerah-am.svg,2026-09-21T10:00:00Z
33,33.74,33.74.10,33.74.10.1011,33.74.10.1011,Jawa Tengah,Kota Semarang,Tembalang,Sendangmulyo,2026-09-19T12:00:00,2026-09-21 13:00:00,2026-09-21 20:00:00,48-49,26,87,0.2,27,1.2,NE,73,SW,,,1,Cerah,Sunny,https://api-apps.bmkg.go.id/storage/icon/cuaca/cerah-pm.svg,2026-09-21T13:00:00Z
33,33.74,33.74.10,33.74.10.1011,33.74.10.1011,Jawa Tengah,Kota Semarang,Tembalang,Sendangmulyo,2026-09-19T12:00:00,2026-09-21 16:00:00,2026-09-21 23:00:00,51-52,25,82,0,8,6.6,SE,171,NW,,,0,Cerah,Sunny,https://api-apps.bmkg.go.id/storage/icon/cuaca/cerah-pm.svg,2026-09-21T16:00:00Z
33,33.74,33.74.10,33.74.10.1012,33.74.10.1012,Jawa Tengah,Kota Semarang,Tembalang,Sambiroto,2026-09-19T12:00:00,2026-09-19 16:00:00,2026-09-19 23:00:00,3-4,25,74,0,36,7.4,E,134,W,,,1,Cerah,Sunny,https://api-apps.bmkg.go.id/storage/icon/cuaca/cerah-pm.svg,2026-09-19T16:00:00Z
33,33.74,33.74.10,33.74.10.1012,33.74.10.1012,Jawa Tengah,Kota Semarang,Tembalang,Sambiroto,2026-09-19T12:00:00,2026-09-19 19:00:00,2026-09-20 02:00:00,6-7,24,77,0,0,9.1,SE,135,NW,,,0,Cerah,Sunny,https://api-apps.bmkg.go.id/storage/icon/cuaca/cerah-pm.svg,2026-09-19T19:00:00Z
33,33.74,33.74.10,33.74.10.1012,33.74.10.1012,Jawa Tengah,Kota Semarang,Tembalang,Sambiroto,2026-09-19T12:00:00,2026-09-19 22:00:00,2026-09-20 05:00:00,9-10,24,70,0,0,9.6,SE,142,NW,,,0,Cerah,Sunny,https://api-apps.bmkg.go.id/storage/icon/cuaca/cerah-pm.svg,2026-09-19T22:00:00Z
33,33.74,33.74.10,33.74.10.1012,33.74.10.1012,Jawa Tengah,Kota Semarang,Tembalang,Sambiroto,2026-09-19T12:00:00,2026-09-20 01:00:00,2026-09-20 08:00:00,12-13,30,52,0,0,13.2,E,125,W,,,0,Cerah,Sunny,https://api-apps.bmkg.go.id/storage/icon/cuaca/cerah-am.svg,2026-09-20T01:00:00Z
33,33.74,33.74.10,33.74.10.1012,33.74.10.1012,Jawa Tengah,Kota Semarang,Tembalang,Sambiroto,2026-09-19T12:00:00,2026-09-20 04:00:00,2026-09-20 11:00:00,15-16,34,42,0,4,12.1,E,108,W,,,0,Cerah,Sunny,https://api-apps.bmkg.go.id/storage/icon/cuaca/cerah-am.svg,2026-09-20T04:00:00Z
33,33.74,33.74.10,33.74.10.1012,33.74.10.1012,Jawa Tengah,Kota Semarang,Tembalang,Sambiroto,2026-09-19T12:00:00,2026-09-20 07:00:00,2026-09-20 14:00:00,18-19,33,51,0.1,20,13.9,NW,324,SE,,,1,Cerah,Sunny,https://api-apps.bmkg.go.id/storage/icon/cuaca/cerah-am.svg,2026-09-20T07:00:00Z
33,33.74,33.74.10,33.74.10.1012,33.74.10.1012,Jawa Tengah,Kota Semarang,Tembalang,Sambiroto,2026-09-19T12:00:00,2026-09-20 10:00:00,2026-09-20 17:00:00,21-22,28,78,0,7,4,W,284,E,,,0,Cerah,Sunny,https://api-apps.bmkg.go.id/storage/icon/cuaca/cerah-am.svg,2026-09-20T10:00:00Z
33,33.74,33.74.10,33.74.10.1012,33.74.10.1012,Jawa Tengah,Kota Semarang,Tembalang,Sambiroto,2026-09-19T12:00:00,2026-09-20 13:00:00,2026-09-20 20:00:00,24-25,27,82,0.2,21,0.8,SW,255,NE,,,1,Cerah,Sunny,https://api-apps.bmkg.go.id/storage/icon/cuaca/cerah-pm.svg,2026-09-20T13:00:00Z
33,33.74,33.74.10,33.74.10.1012,33.74.10.1012,Jawa Tengah,Kota Semarang,Tembalang,Sambiroto,2026-09-19T12:00:00,2026-09-20 16:00:00,2026-09-20 23:00:00,27-28,26,84,0,0,7,SE,142,NW,,,0,Cerah,Sunny,https://api-apps.bmkg.go.id/storage/icon/cuaca/cerah-pm.svg,2026-09-20T16:00:00Z
33,33.74,33.74.10,33.74.10.1012,33.74.10.1012,Jawa Tengah,Kota Semarang,Tembalang,Sambiroto,2026-09-19T12:00:00,2026-09-20 19:00:00,2026-09-21 02:00:00,30-31,25,81,0,0,8.3,SE,147,NW,,,0,Cerah,Sunny,https://api-apps.bmkg.go.id/storage/icon/cuaca/cerah-pm.svg,2026-09-20T19:00:00Z
33,33.74,33.74.10,33.74.10.1012,33.74.10.1012,Jawa Tengah,Kota Semarang,Tembalang,Sambiroto,2026-09-19T12:00:00,2026-09-20 22:00:00,2026-09-21 05:00:00,33-34,25,74,0,0,12.8,SE,144,NW,,,0,Cerah,Sunny,https://api-apps.bmkg.go.id/storage/icon/cuaca/cerah-pm.svg,2026-09-20T22:00:00Z
33,33.74,33.74.10,33.74.10.1012,33.74.10.1012,Jawa Tengah,Kota Semarang,Tembalang,Sambiroto,2026-09-19T12:00:00,2026-09-21 01:00:00,2026-09-21 08:00:00,36-37,30,54,0,0,14.5,E,126,W,,,0,Cerah,Sunny,https://api-apps.bmkg.go.id/storage/icon/cuaca/cerah-am.svg,2026-09-21T01:00:00Z
33,33.74,33.74.10,33.74.10.1012,33.74.10.1012,Jawa Tengah,Kota Semarang,Tembalang,Sambiroto,2026-09-19T12:00:00,2026-09-21 04:00:00,2026-09-21 11:00:00,39-40,34,42,0,32,11.7,E,120,W,,,1,Cerah,Sunny,https://api-apps.bmkg.go.id/storage/icon/cuaca/cerah-am.svg,2026-09-21T04:00:00Z
33,33.74,33.74.10,33.74.10.1012,33.74.10.1012,Jawa Tengah,Kota Semarang,Tembalang,Sambiroto,2026-09-19T12:00:00,2026-09-21 07:00:00,2026-09-21 14:00:00,42-43,33,52,0.1,22,11.3,NW,316,SE,,,1,Cerah,Sunny,https://api-apps.bmkg.go.id/storage/icon/cuaca/cerah-am.svg,2026-09-21T07:00:00Z
33,33.74,33.74.10,33.74.10.1012,33.74.10.1012,Jawa Tengah,Kota Semarang,Tembalang,Sambiroto,2026-09-19T12:00:00,2026-09-21 10:00:00,2026-09-21 17:00:00,45-46,29,71,0.1,10,3.7,NW,316,SE,,,0,Cerah,Sunny,https://api-apps.bmkg.go.id/storage/icon/cuaca/cerah-am.svg,2026-09-21T10:00:00Z
33,33.74,33.74.10,33.74.10.1012,33.74.10.1012,Jawa Tengah,Kota Semarang,Tembalang,Sambiroto,2026-09-19T12:00:00,2026-09-21 13:00:00,2026-09-21 20:00:00,48-49,26,85,0.2,29,5.7,NE,74,SW,,,1,Cerah,Sunny,https://api-apps.bmkg.go.id/storage/icon/cuaca/cerah-pm.svg,2026-09-21T13:00:00Z
33,33.74,33.74.10,33.74.10.1012,33.74.10.1012,Jawa Tengah,Kota Semarang,Tembalang,Sambiroto,2026-09-19T12:00:00,2026-09-21 16:00:00,2026-09-21 23:00:00,51-52,26,80,0,7,11.1,E,129,W,,,0,Cerah,Sunny,https://api-apps.bmkg.go.id/storage/icon/cuaca/cerah-pm.svg,2026-09-21T16:00:00Z
33,33.74,33.74.11,33.74.11.1001,33.74.11.1001,Jawa Tengah,Kota Semarang,Banyumanik,Pudakpayung,2026-09-19T12:00:00,2026-09-19 15:00:00,2026-09-19 22:00:00,2-3,23,85,0,23,4.6,S,223,N,,,1,Cerah,Sunny,https://api-apps.bmkg.go.id/storage/icon/cuaca/cerah-pm.svg,2026-09-19T15:00:00Z
33,33.74,33.74.11,33.74.11.1001,33.74.11.1001,Jawa Tengah,Kota Semarang,Banyumanik,Pudakpayung,2026-09-19T12:00:00,2026-09-19 18:00:00,2026-09-20 01:00:00,5-6,21,85,0,0,4.7,S,214,N,,,0,Cerah,Sunny,https://api-apps.bmkg.go.id/storage/icon/cuaca/cerah-pm.svg,2026-09-19T18:00:00Z
33,33.74,33.74.11,33.74.11.1001,33.74.11.1001,Jawa Tengah,Kota Semarang,Banyumanik,Pudakpayung,2026-09-19T12:00:00,2026-09-19 21:00:00,2026-09-20 04:00:00,8-9,21,84,0,0,3.3,S,207,N,,,0,Cerah,Sunny,https://api-apps.bmkg.go.id/storage/icon/cuaca/cerah-pm.svg,2026-09-19T21:00:00Z
33,33.74,33.74.11,33.74.11.1001,33.74.11.1001,Jawa Tengah,Kota Semarang,Banyumanik,Pudakpayung,2026-09-19T12:00:00,2026-09-20 00:00:00,2026-09-20 07:00:00,11-12,26,61,0,1,5.2,SE,140,NW,,,0,Cerah,Sunny,https://api-apps.bmkg.go.id/storage/icon/cuaca/cerah-am.svg,2026-09-20T00:00:00Z
33,33.74,33.74.11,33.74.11.1001,33.74.11.1001,Jawa Tengah,Kota Semarang,Banyumanik,Pudakpayung,2026-09-19T12:00:00,2026-09-20 03:00:00,2026-09-20 10:00:00,14-15,30,52,0.2,7,10.1,E,98,W,,,0,Cerah,Sunny,https://api-apps.bmkg.go.id/storage/icon/cuaca/cerah-am.svg,2026-09-20T03:00:00Z
33,33.74,33.74.11,33.74.11.1001,33.74.11.1001,Jawa Tengah,Kota Semarang,Banyumanik,Pudakpayung,2026-09-19T12:00:00,2026-09-20 06:00:00,2026-09-20 13:00:00,17-18,31,54,0.3,68,11.4,E,95,W,,,2,Cerah Berawan,Partly Cloudy,https://api-apps.bmkg.go.id/storage/icon/cuaca/cerah berawan-am.svg,2026-09-20T06:00:00Z
33,33.74,33.74.11,33.74.11.1001,33.74.11.1001,Jawa Tengah,Kota Semarang,Banyumanik,Pudakpayung,2026-09-19T12:00:00,2026-09-20 09:00:00,2026-09-20 16:00:00,20-21,27,72,0,71,6.1,N,15,S,,,2,Cerah Berawan,Partly Cloudy,https://api-apps.bmkg.go.id/storage/icon/cuaca/cerah berawan-am.svg,2026-09-20T09:00:00Z
33,33.74,33.74.11,33.74.11.1001,33.74.11.1001,Jawa Tengah,Kota Semarang,Banyumanik,Pudakpayung,2026-09-19T12:00:00,2026-09-20 12:00:00,2026-09-20 19:00:00,23-24,24,89,0.2,3,4.2,W,280,E,,,0,Cerah,Sunny,https://api-apps.bmkg.go.id/storage/icon/cuaca/cerah-pm.svg,2026-09-20T12:00:00Z
33,33.74,33.74.11,33.74.11.1001,33.74.11.1001,Jawa Tengah,Kota Semarang,Banyumanik,Pudakpayung,2026-09-19T12:00:00,2026-09-20 15:00:00,2026-09-20 22:00:00,26-27,23,94,0,0,2,SE,164,NW,,,0,Cerah,Sunny,https://api-apps.bmkg.go.id/storage/icon/cuaca/cerah-pm.svg,2026-09-20T15:00:00Z
33,33.74,33.74.11,33.74.11.1001,33.74.11.1001,Jawa Tengah,Kota Semarang,Banyumanik,Pudakpayung,2026-09-19T12:00:00,2026-09-20 18:00:00,2026-09-21 01:00:00,29-30,22,93,0,0,2.2,S,192,N,,,0,Cerah,Sunny,https://api-apps.bmkg.go.id/storage/icon/cuaca/cerah-pm.svg,2026-09-20T18:00:00Z
33,33.74,33.74.11,33.74.11.1001,33.74.11.1001,Jawa Tengah,Kota Semarang,Banyumanik,Pudakpayung,2026-09-19T12:00:00,2026-09-20 21:00:00,2026-09-21 04:00:00,32-33,22,83,0,0,4.9,SE,146,NW,,,0,Cerah,Sunny,https://api-apps.bmkg.go.id/storage/icon/cuaca/cerah-pm.svg,2026-09-20T21:00:00Z
33,33.74,33.74.11,33.74.11.1001,33.74.11.1001,Jawa Tengah,Kota Semarang,Banyumanik,Pudakpayung,2026-09-19T12:00:00,2026-09-21 00:00:00,2026-09-21 07:00:00,35-36,26,66,0,0,10.1,SE,138,NW,,,0,Cerah,Sunny,https://api-apps.bmkg.go.id/storage/icon/cuaca/cerah-am.svg,2026-09-21T00:00:00Z
33,33.74,33.74.11,33.74.11.1001,33.74.11.1001,Jawa Tengah,Kota Semarang,Banyumanik,Pudakpayung,2026-09-19T12:00:00,2026-09-21 03:00:00,2026-09-21 10:00:00,38-39,30,51,0,25,12.6,E,115,W,,,1,Cerah,Sunny,https://api-apps.bmkg.go.id/storage/icon/cuaca/cerah-am.svg,2026-09-21T03:00:00Z
33,33.74,33.74.11,33.74.11.1001,33.74.11.1001,Jawa Tengah,Kota Semarang,Banyumanik,Pudakpayung,2026-09-19T12:00:00,2026-09-21 06:00:00,2026-09-21 13:00:00,41-42,32,46,0.3,13,12.7,E,98,W,,,1,Cerah,Sunny,https://api-apps.bmkg.go.id/storage/icon/cuaca/cerah-am.svg,2026-09-21T06:00:00Z
33,33.74,33.74.11,33.74.11.1001,33.74.11.1001,Jawa Tengah,Kota Semarang,Banyumanik,Pudakpayung,2026-09-19T12:00:00,2026-09-21 09:00:00,2026-09-21 16:00:00,44-45,27,77,0.1,26,3.8,NW,341,SE,,,1,Cerah,Sunny,https://api-apps.bmkg.go.id/storage/icon/cuaca/cerah-am.svg,2026-09-21T09:00:00Z
33,33.74,33.74.11,33.74.11.1001,33.74.11.1001,Jawa Tengah,Kota Semarang,Banyumanik,Pudakpayung,2026-09-19T12:00:00,2026-09-21 12:00:00,2026-09-21 19:00:00,47-48,24,87,0,26,8.1,SW,248,NE,,,1,Cerah,Sunny,https://api-apps.bmkg.go.id/storage/icon/cuaca/cerah-pm.svg,2026-09-21T12:00:00Z
33,33.74,33.74.11,33.74.11.1001,33.74.11.1001,Jawa Tengah,Kota Semarang,Banyumanik,Pudakpayung,2026-09-19T12:00:00,2026-09-21 15:00:00,2026-09-21 22:00:00,50-51,23,93,0,26,1.8,E,122,W,,,1,Cerah,Sunny,https://api-apps.bmkg.go.id/storage/icon/cuaca/cerah-pm.svg,2026-09-21T15:00:00Z
33,33.74,33.74.11,33.74.11.1002,33.74.11.1002,Jawa Tengah,Kota Semarang,Banyumanik,Gedawang,2026-09-19T12:00:00,2026-09-19 16:00:00,2026-09-19 23:00:00,3-4,24,82,0,19,4.7,S,214,N,,,1,Cerah,Sunny,https://api-apps.bmkg.go.id/storage/icon/cuaca/cerah-pm.svg,2026-09-19T16:00:00Z
33,33.74,33.74.11,33.74.11.1002,33.74.11.1002,Jawa Tengah,Kota Semarang,Banyumanik,Gedawang,2026-09-19T12:00:00,2026-09-19 19:00:00,2026-09-20 02:00:00,6-7,22,82,0,0,3.3,S,207,N,,,0,Cerah,Sunny,https://api-apps.bmkg.go.id/storage/icon/cuaca/cerah-pm.svg,2026-09-19T19:00:00Z
33,33.74,33.74.11,33.74.11.1002,33.74.11.1002,Jawa Tengah,Kota Semarang,Banyumanik,Gedawang,2026-09-19T12:00:00,2026-09-19 22:00:00,2026-09-20 05:00:00,9-10,23,76,0,0,5.2,SE,140,NW,,,0,Cerah,Sunny,https://api-apps.bmkg.go.id/storage/icon/cuaca/cerah-pm.svg,2026-09-19T22:00:00Z
33,33.74,33.74.11,33.74.11.1002,33.74.11.1002,Jawa Tengah,Kota Semarang,Banyumanik,Gedawang,2026-09-19T12:00:00,2026-09-20 01:00:00,2026-09-20 08:00:00,12-13,29,56,0,0,10.1,E,98,W,,,0,Cerah,Sunny,https://api-apps.bmkg.go.id/storage/icon/cuaca/cerah-am.svg,2026-09-20T01:00:00Z
33,33.74,33.74.11,33.74.11.1002,33.74.11.1002,Jawa Tengah,Kota Semarang,Banyumanik,Gedawang,2026-09-19T12:00:00,2026-09-20 04:00:00,2026-09-20 11:00:00,15-16,33,46,0.1,10,11.4,E,95,W,,,0,Cerah,Sunny,https://api-apps.bmkg.go.id/storage/icon/cuaca/cerah-am.svg,2026-09-20T04:00:00Z
33,33.74,33.74.11,33.74.11.1002,33.74.11.1002,Jawa Tengah,Kota Semarang,Banyumanik,Gedawang,2026-09-19T12:00:00,2026-09-20 07:00:00,2026-09-20 14:00:00,18-19,32,50,0.2,60,6.1,N,15,S,,,2,Cerah Berawan,Partly Cloudy,https://api-apps.bmkg.go.id/storage/icon/cuaca/cerah berawan-am.svg,2026-09-20T07:00:00Z
33,33.74,33.74.11,33.74.11.1002,33.74.11.1002,Jawa Tengah,Kota Semarang,Banyumanik,Gedawang,2026-09-19T12:00:00,2026-09-20 10:00:00,2026-09-20 17:00:00,21-22,27,80,0,34,4.2,W,280,E,,,1,Cerah,Sunny,https://api-apps.bmkg.go.id/storage/icon/cuaca/cerah-am.svg,2026-09-20T10:00:00Z
33,33.74,33.74.11,33.74.11.1002,33.74.11.1002,Jawa Tengah,Kota Semarang,Banyumanik,Gedawang,2026-09-19T12:00:00,2026-09-20 13:00:00,2026-09-20 20:00:00,24-25,25,88,0.2,17,2,SE,164,NW,,,1,Cerah,Sunny,https://api-apps.bmkg.go.id/storage/icon/cuaca/cerah-pm.svg,2026-09-20T13:00:00Z
33,33.74,33.74.11,33.74.11.1002,33.74.11.1002,Jawa Tengah,Kota Semarang,Banyumanik,Gedawang,2026-09-19T12:00:00,2026-09-20 16:00:00,2026-09-20 23:00:00,27-28,24,90,0,0,2.2,S,192,N,,,0,Cerah,Sunny,https://api-apps.bmkg.go.id/storage/icon/cuaca/cerah-pm.svg,2026-09-20T16:00:00Z
33,33.74,33.74.11,33.74.11.1002,33.74.11.1002,Jawa Tengah,Kota Semarang,Banyumanik,Gedawang,2026-09-19T12:00:00,2026-09-20 19:00:00,2026-09-21 02:00:00,30-31,24,85,0,1,4.9,SE,146,NW,,,0,Cerah,Sunny,https://api-apps.bmkg.go.id/storage/icon/cuaca/cerah-pm.svg,2026-09-20T19:00:00Z
33,33.74,33.74.11,33.74.11.1002,33.74.11.1002,Jawa Tengah,Kota Semarang,Banyumanik,Gedawang,2026-09-19T12:00:00,2026-09-20 22:00:00,2026-09-21 05:00:00,33-34,24,78,0,0,10.1,SE,138,NW,,,0,Cerah,Sunny,https://api-apps.bmkg.go.id/storage/icon/cuaca/cerah-pm.svg,2026-09-20T22:00:00Z
33,33.74,33.74.11,33.74.11.1002,33.74.11.1002,Jawa Tengah,Kota Semarang,Banyumanik,Gedawang,2026-09-19T12:00:00,2026-09-21 01:00:00,2026-09-21 08:00:00,36-37,28,57,0,0,12.6,E,115,W,,,0,Cerah,Sunny,https://api-apps.bmkg.go.id/storage/icon/cuaca/cerah-am.svg,2026-09-21T01:00:00Z
33,33.74,33.74.11,33.74.11.1002,33.74.11.1002,Jawa Tengah,Kota Semarang,Banyumanik,Gedawang,2026-09-19T12:00:00,2026-09-21 04:00:00,2026-09-21 11:00:00,39-40,32,46,0,32,12.7,E,98,W,,,1,Cerah,Sunny,https://api-apps.bmkg.go.id/storage/icon/cuaca/cerah-am.svg,2026-09-21T04:00:00Z
33,33.74,33.74.11,33.74.11.1002,33.74.11.1002,Jawa Tengah,Kota Semarang,Banyumanik,Gedawang,2026-09-19T12:00:00,2026-09-21 07:00:00,2026-09-21 14:00:00,42-43,32,52,0.2,35,3.8,NW,341,SE,,,1,Cerah,Sunny,https://api-apps.bmkg.go.id/storage/icon/cuaca/cerah-am.svg,2026-09-21T07:00:00Z
33,33.74,33.74.11,33.74.11.1002,33.74.11.1002,Jawa Tengah,Kota Semarang,Banyumanik,Gedawang,2026-09-19T12:00:00,2026-09-21 10:00:00,2026-09-21 17:00:00,45-46,27,78,0.1,20,8.1,SW,248,NE,,,1,Cerah,Sunny,https://api-apps.bmkg.go.id/storage/icon/cuaca/cerah-am.svg,2026-09-21T10:00:00Z
33,33.74,33.74.11,33.74.11.1002,33.74.11.1002,Jawa Tengah,Kota Semarang,Banyumanik,Gedawang,2026-09-19T12:00:00,2026-09-21 13:00:00,2026-09-21 20:00:00,48-49,25,87,0.1,29,1.8,E,122,W,,,1,Cerah,Sunny,https://api-apps.bmkg.go.id/storage/icon/cuaca/cerah-pm.svg,2026-09-21T13:00:00Z
33,33.74,33.74.11,33.74.11.1002,33.74.11.1002,Jawa Tengah,Kota Semarang,Banyumanik,Gedawang,2026-09-19T12:00:00,2026-09-21 16:00:00,2026-09-21 23:00:00,51-52,24,88,0,13,5.3,S,213,N,,,1,Cerah,Sunny,https://api-apps.bmkg.go.id/storage/icon/cuaca/cerah-pm.svg,2026-09-21T16:00:00Z
33,33.74,33.74.11,33.74.11.1003,33.74.11.1003,Jawa Tengah,Kota Semarang,Banyumanik,Jabungan,2026-09-19T12:00:00,2026-09-19 15:00:00,2026-09-19 22:00:00,2-3,24,79,0,0,2.9,S,194,N,,,0,Cerah,Sunny,https://api-apps.bmkg.go.id/storage/icon/cuaca/cerah-pm.svg,2026-09-19T15:00:00Z
33,33.74,33.74.11,33.74.11.1003,33.74.11.1003,Jawa Tengah,Kota Semarang,Banyumanik,Jabungan,2026-09-19T12:00:00,2026-09-19 18:00:00,2026-09-20 01:00:00,5-6,23,82,0,0,3.8,S,210,N,,,0,Cerah,Sunny,https://api-apps.bmkg.go.id/storage/icon/cuaca/cerah-pm.svg,2026-09-19T18:00:00Z
33,33.74,33.74.11,33.74.11.1003,33.74.11.1003,Jawa Tengah,Kota Semarang,Banyumanik,Jabungan,2026-09-19T12:00:00,2026-09-19 21:00:00,2026-09-20 04:00:00,8-9,23,79,0,0,5,S,189,N,,,0,Cerah,Sunny,https://api-apps.bmkg.go.id/storage/icon/cuaca/cerah-pm.svg,2026-09-19T21:00:00Z
33,33.74,33.74.11,33.74.11.1003,33.74.11.1003,Jawa Tengah,Kota Semarang,Banyumanik,Jabungan,2026-09-19T12:00:00,2026-09-20 00:00:00,2026-09-20 07:00:00,11-12,28,58,0,1,7.5,SE,157,NW,,,0,Cerah,Sunny,https://api-apps.bmkg.go.id/storage/icon/cuaca/cerah-am.svg,2026-09-20T00:00:00Z
33,33.74,33.74.11,33.74.11.1003,33.74.11.1003,Jawa Tengah,Kota Semarang,Banyumanik,Jabungan,2026-09-19T12:00:00,2026-09-20 03:00:00,2026-09-20 10:00:00,14-15,32,49,0.1,1,10.8,E,118,W,,,0,Cerah,Sunny,https://api-apps.bmkg.go.id/storage/icon/cuaca/cerah-am.svg,2026-09-20T03:00:00Z
33,33.74,33.74.11,33.74.11.1003,33.74.11.1003,Jawa Tengah,Kota Semarang,Banyumanik,Jabungan,2026-09-19T12:00:00,2026-09-20 06:00:00,2026-09-20 13:00:00,17-18,33,47,0.2,30,12,E,108,W,,,1,Cerah,Sunny,https://api-apps.bmkg.go.id/storage/icon/cuaca/cerah-am.svg,2026-09-20T06:00:00Z
33,33.74,33.74.11,33.74.11.1003,33.74.11.1003,Jawa Tengah,Kota Semarang,Banyumanik,Jabungan,2026-09-19T12:00:00,2026-09-20 09:00:00,2026-09-20 16:00:00,20-21,28,70,0,32,7.2,NW,348,SE,,,1,Cerah,Sunny,https://api-apps.bmkg.go.id/storage/icon/cuaca/cerah-am.svg,2026-09-20T09:00:00Z
33,33.74,33.74.11,33.74.11.1003,33.74.11.1003,Jawa Tengah,Kota Semarang,Banyumanik,Jabungan,2026-09-19T12:00:00,2026-09-20 12:00:00,2026-09-20 19:00:00,23-24,26,84,0.2,16,3,NW,357,SE,,,1,Cerah,Sunny,https://api-apps.bmkg.go.id/storage/icon/cuaca/cerah-pm.svg,2026-09-20T12:00:00Z
33,33.74,33.74.11,33.74.11.1003,33.74.11.1003,Jawa Tengah,Kota Semarang,Banyumanik,Jabungan,2026-09-19T12:00:00,2026-09-20 15:00:00,2026-09-20 22:00:00,26-27,25,90,0,0,0.7,S,200,N,,,0,Cerah,Sunny,https://api-apps.bmkg.go.id/storage/icon/cuaca/cerah-pm.svg,2026-09-20T15:00:00Z
33,33.74,33.74.11,33.74.11.1003,33.74.11.1003,Jawa Tengah,Kota Semarang,Banyumanik,Jabungan,2026-09-19T12:00:00,2026-09-20 18:00:00,2026-09-21 01:00:00,29-30,24,89,0,0,4,S,188,N,,,0,Cerah,Sunny,https://api-apps.bmkg.go.id/storage/icon/cuaca/cerah-pm.svg,2026-09-20T18:00:00Z
33,33.74,33.74.11,33.74.11.1003,33.74.11.1003,Jawa Tengah,Kota Semarang,Banyumanik,Jabungan,2026-09-19T12:00:00,2026-09-20 21:00:00,2026-09-21 04:00:00,32-33,23,81,0,0,5.7,SE,168,NW,,,0,Cerah,Sunny,https://api-apps.bmkg.go.id/storage/icon/cuaca/cerah-pm.svg,2026-09-20T21:00:00Z
33,33.74,33.74.11,33.74.11.1003,33.74.11.1003,Jawa Tengah,Kota Semarang,Banyumanik,Jabungan,2026-09-19T12:00:00,2026-09-21 00:00:00,2026-09-21 07:00:00,35-36,27,63,0,0,11.7,SE,159,NW,,,0,Cerah,Sunny,https://api-apps.bmkg.go.id/storage/icon/cuaca/cerah-am.svg,2026-09-21T00:00:00Z
33,33.74,33.74.11,33.74.11.1003,33.74.11.1003,Jawa Tengah,Kota Semarang,Banyumanik,Jabungan,2026-09-19T12:00:00,2026-09-21 03:00:00,2026-09-21 10:00:00,38-39,32,48,0,14,11.8,E,124,W,,,1,Cerah,Sunny,https://api-apps.bmkg.go.id/storage/icon/cuaca/cerah-am.svg,2026-09-21T03:00:00Z
33,33.74,33.74.11,33.74.11.1003,33.74.11.1003,Jawa Tengah,Kota Semarang,Banyumanik,Jabungan,2026-09-19T12:00:00,2026-09-21 06:00:00,2026-09-21 13:00:00,41-42,34,44,0.1,14,9.9,E,110,W,,,1,Cerah,Sunny,https://api-apps.bmkg.go.id/storage/icon/cuaca/cerah-am.svg,2026-09-21T06:00:00Z
33,33.74,33.74.11,33.74.11.1003,33.74.11.1003,Jawa Tengah,Kota Semarang,Banyumanik,Jabungan,2026-09-19T12:00:00,2026-09-21 09:00:00,2026-09-21 16:00:00,44-45,29,67,0.1,24,0.3,SE,166,NW,,,1,Cerah,Sunny,https://api-apps.bmkg.go.id/storage/icon/cuaca/cerah-am.svg,2026-09-21T09:00:00Z
33,33.74,33.74.11,33.74.11.1003,33.74.11.1003,Jawa Tengah,Kota Semarang,Banyumanik,Jabungan,2026-09-19T12:00:00,2026-09-21 12:00:00,2026-09-21 19:00:00,47-48,26,83,0.1,39,2.2,NE,66,SW,,,1,Cerah,Sunny,https://api-apps.bmkg.go.id/storage/icon/cuaca/cerah-pm.svg,2026-09-21T12:00:00Z
33,33.74,33.74.11,33.74.11.1003,33.74.11.1003,Jawa Tengah,Kota Semarang,Banyumanik,Jabungan,2026-09-19T12:00:00,2026-09-21 15:00:00,2026-09-21 22:00:00,50-51,25,88,0,18,1.2,NE,73,SW,,,1,Cerah,Sunny,https://api-apps.bmkg.go.id/storage/icon/cuaca/cerah-pm.svg,2026-09-21T15:00:00Z
33,33.74,33.74.11,33.74.11.1004,33.74.11.1004,Jawa Tengah,Kota Semarang,Banyumanik,Pedalangan,2026-09-19T12:00:00,2026-09-19 16:00:00,2026-09-19 23:00:00,3-4,24,82,0,19,4.7,S,214,N,,,1,Cerah,Sunny,https://api-apps.bmkg.go.id/storage/icon/cuaca/cerah-pm.svg,2026-09-19T16:00:00Z
33,33.74,33.74.11,33.74.11.1004,33.74.11.1004,Jawa Tengah,Kota Semarang,Banyumanik,Pedalangan,2026-09-19T12:00:00,2026-09-19 19:00:00,2026-09-20 02:00:00,6-7,22,82,0,0,3.3,S,207,N,,,0,Cerah,Sunny,https://api-apps.bmkg.go.id/storage/icon/cuaca/cerah-pm.svg,2026-09-19T19:00:00Z
33,33.74,33.74.11,33.74.11.1004,33.74.11.1004,Jawa Tengah,Kota Semarang,Banyumanik,Pedalangan,2026-09-19T12:00:00,2026-09-19 22:00:00,2026-09-20 05:00:00,9-10,23,76,0,0,5.2,SE,140,NW,,,0,Cerah,Sunny,https://api-apps.bmkg.go.id/storage/icon/cuaca/cerah-pm.svg,2026-09-19T22:00:00Z
33,33.74,33.74.11,33.74.11.1004,33.74.11.1004,Jawa Tengah,Kota Semarang,Banyumanik,Pedalangan,2026-09-19T12:00:00,2026-09-20 01:00:00,2026-09-20 08:00:00,12-13,29,56,0,0,10.1,E,98,W,,,0,Cerah,Sunny,https://api-apps.bmkg.go.id/storage/icon/cuaca/cerah-am.svg,2026-09-20T01:00:00Z
33,33.74,33.74.11,33.74.11.1004,33.74.11.1004,Jawa Tengah,Kota Semarang,Banyumanik,Pedalangan,2026-09-19T12:00:00,2026-09-20 04:00:00,2026-09-20 11:00:00,15-16,33,46,0.1,10,11.4,E,95,W,,,0,Cerah,Sunny,https://api-apps.bmkg.go.id/storage/icon/cuaca/cerah-am.svg,2026-09-20T04:00:00Z
33,33.74,33.74.11,33.74.11.1004,33.74.11.1004,Jawa Tengah,Kota Semarang,Banyumanik,Pedalangan,2026-09-19T12:00:00,2026-09-20 07:00:00,2026-09-20 14:00:00,18-19,32,50,0.2,60,6.1,N,15,S,,,2,Cerah Berawan,Partly Cloudy,https://api-apps.bmkg.go.id/storage/icon/cuaca/cerah berawan-am.svg,2026-09-20T07:00:00Z
33,33.74,33.74.11,33.74.11.1004,33.74.11.1004,Jawa Tengah,Kota Semarang,Banyumanik,Pedalangan,2026-09-19T12:00:00,2026-09-20 10:00:00,2026-09-20 17:00:00,21-22,27,80,0,34,4.2,W,280,E,,,1,Cerah,Sunny,https://api-apps.bmkg.go.id/storage/icon/cuaca/cerah-am.svg,2026-09-20T10:00:00Z
33,33.74,33.74.11,33.74.11.1004,33.74.11.1004,Jawa Tengah,Kota Semarang,Banyumanik,Pedalangan,2026-09-19T12:00:00,2026-09-20 13:00:00,2026-09-20 20:00:00,24-25,25,88,0.2,17,2,SE,164,NW,,,1,Cerah,Sunny,https://api-apps.bmkg.go.id/storage/icon/cuaca/cerah-pm.svg,2026-09-20T13:00:00Z
33,33.74,33.74.11,33.74.11.1004,33.74.11.1004,Jawa Tengah,Kota Semarang,Banyumanik,Pedalangan,2026-09-19T12:00:00,2026-09-20 16:00:00,2026-09-20 23:00:00,27-28,24,90,0,0,2.2,S,192,N,,,0,Cerah,Sunny,https://api-apps.bmkg.go.id/storage/icon/cuaca/cerah-pm.svg,2026-09-20T16:00:00Z
33,33.74,33.74.11,33.74.11.1004,33.74.11.1004,Jawa Tengah,Kota Semarang,Banyumanik,Pedalangan,2026-09-19T12:00:00,2026-09-20 19:00:00,2026-09-21 02:00:00,30-31,24,85,0,1,4.9,SE,146,NW,,,0,Cerah,Sunny,https://api-apps.bmkg.go.id/storage/icon/cuaca/cerah-pm.svg,2026-09-20T19:00:00Z
33,33.74,33.74.11,33.74.11.1004,33.74.11.1004,Jawa Tengah,Kota Semarang,Banyumanik,Pedalangan,2026-09-19T12:00:00,2026-09-20 22:00:00,2026-09-21 05:00:00,33-34,24,78,0,0,10.1,SE,138,NW,,,0,Cerah,Sunny,https://api-apps.bmkg.go.id/storage/icon/cuaca/cerah-pm.svg,2026-09-20T22:00:00Z
33,33.74,33.74.11,33.74.11.1004,33.74.11.1004,Jawa Tengah,Kota Semarang,Banyumanik,Pedalangan,2026-09-19T12:00:00,2026-09-21 01:00:00,2026-09-21 08:00:00,36-37,28,57,0,0,12.6,E,115,W,,,0,Cerah,Sunny,https://api-apps.bmkg.go.id/storage/icon/cuaca/cerah-am.svg,2026-09-21T01:00:00Z
33,33.74,33.74.11,33.74.11.1004,33.74.11.1004,Jawa Tengah,Kota Semarang,Banyumanik,Pedalangan,2026-09-19T12:00:00,2026-09-21 04:00:00,2026-09-21 11:00:00,39-40,32,46,0,32,12.7,E,98,W,,,1,Cerah,Sunny,https://api-apps.bmkg.go.id/storage/icon/cuaca/cerah-am.svg,2026-09-21T04:00:00Z
33,33.74,33.74.11,33.74.11.1004,33.74.11.1004,Jawa Tengah,Kota Semarang,Banyumanik,Pedalangan,2026-09-19T12:00:00,2026-09-21 07:00:00,2026-09-21 14:00:00,42-43,32,52,0.2,35,3.8,NW,341,SE,,,1,Cerah,Sunny,https://api-apps.bmkg.go.id/storage/icon/cuaca/cerah-am.svg,2026-09-21T07:00:00Z
33,33.74,33.74.11,33.74.11.1004,33.74.11.1004,Jawa Tengah,Kota Semarang,Banyumanik,Pedalangan,2026-09-19T12:00:00,2026-09-21 10:00:00,2026-09-21 17:00:00,45-46,27,78,0.1,20,8.1,SW,248,NE,,,1,Cerah,Sunny,https://api-apps.bmkg.go.id/storage/icon/cuaca/cerah-am.svg,2026-09-21T10:00:00Z
33,33.74,33.74.11,33.74.11.1004,33.74.11.1004,Jawa Tengah,Kota Semarang,Banyumanik,Pedalangan,2026-09-19T12:00:00,2026-09-21 13:00:00,2026-09-21 20:00:00,48-49,25,87,0.1,29,1.8,E,122,W,,,1,Cerah,Sunny,https://api-apps.bmkg.go.id/storage/icon/cuaca/cerah-pm.svg,2026-09-21T13:00:00Z
33,33.74,33.74.11,33.74.11.1004,33.74.11.1004,Jawa Tengah,Kota Semarang,Banyumanik,Pedalangan,2026-09-19T12:00:00,2026-09-21 16:00:00,2026-09-21 23:00:00,51-52,24,88,0,13,5.3,S,213,N,,,1,Cerah,Sunny,https://api-apps.bmkg.go.id/storage/icon/cuaca/cerah-pm.svg,2026-09-21T16:00:00Z
33,33.74,33.74.11,33.74.11.1005,33.74.11.1005,Jawa Tengah,Kota Semarang,Banyumanik,Banyumanik,2026-09-19T12:00:00,2026-09-19 15:00:00,2026-09-19 22:00:00,2-3,24,82,0,0,4.6,S,223,N,,,0,Cerah,Sunny,https://api-apps.bmkg.go.id/storage/icon/cuaca/cerah-pm.svg,2026-09-19T15:00:00Z
33,33.74,33.74.11,33.74.11.1005,33.74.11.1005,Jawa Tengah,Kota Semarang,Banyumanik,Banyumanik,2026-09-19T12:00:00,2026-09-19 18:00:00,2026-09-20 01:00:00,5-6,22,83,0,0,4.7,S,214,N,,,0,Cerah,Sunny,https://api-apps.bmkg.go.id/storage/icon/cuaca/cerah-pm.svg,2026-09-19T18:00:00Z
33,33.74,33.74.11,33.74.11.1005,33.74.11.1005,Jawa Tengah,Kota Semarang,Banyumanik,Banyumanik,2026-09-19T12:00:00,2026-09-19 21:00:00,2026-09-20 04:00:00,8-9,22,80,0,0,3.3,S,207,N,,,0,Cerah,Sunny,https://api-apps.bmkg.go.id/storage/icon/cuaca/cerah-pm.svg,2026-09-19T21:00:00Z
33,33.74,33.74.11,33.74.11.1005,33.74.11.1005,Jawa Tengah,Kota Semarang,Banyumanik,Banyumanik,2026-09-19T12:00:00,2026-09-20 00:00:00,2026-09-20 07:00:00,11-12,27,59,0,1,5.2,SE,140,NW,,,0,Cerah,Sunny,https://api-apps.bmkg.go.id/storage/icon/cuaca/cerah-am.svg,2026-09-20T00:00:00Z
33,33.74,33.74.11,33.74.11.1005,33.74.11.1005,Jawa Tengah,Kota Semarang,Banyumanik,Banyumanik,2026-09-19T12:00:00,2026-09-20 03:00:00,2026-09-20 10:00:00,14-15,31,49,0.1,2,10.1,E,98,W,,,0,Cerah,Sunny,https://api-apps.bmkg.go.id/storage/icon/cuaca/cerah-am.svg,2026-09-20T03:00:00Z
33,33.74,33.74.11,33.74.11.1005,33.74.11.1005,Jawa Tengah,Kota Semarang,Banyumanik,Banyumanik,2026-09-19T12:00:00,2026-09-20 06:00:00,2026-09-20 13:00:00,17-18,32,49,0.2,45,11.4,E,95,W,,,1,Cerah,Sunny,https://api-apps.bmkg.go.id/storage/icon/cuaca/cerah-am.svg,2026-09-20T06:00:00Z
33,33.74,33.74.11,33.74.11.1005,33.74.11.1005,Jawa Tengah,Kota Semarang,Banyumanik,Banyumanik,2026-09-19T12:00:00,2026-09-20 09:00:00,2026-09-20 16:00:00,20-21,28,71,0,58,6.1,N,15,S,,,1,Cerah,Sunny,https://api-apps.bmkg.go.id/storage/icon/cuaca/cerah-am.svg,2026-09-20T09:00:00Z
33,33.74,33.74.11,33.74.11.1005,33.74.11.1005,Jawa Tengah,Kota Semarang,Banyumanik,Banyumanik,2026-09-19T12:00:00,2026-09-20 12:00:00,2026-09-20 19:00:00,23-24,26,85,0.2,10,4.2,W,280,E,,,1,Cerah,Sunny,https://api-apps.bmkg.go.id/storage/icon/cuaca/cerah-pm.svg,2026-09-20T12:00:00Z
33,33.74,33.74.11,33.74.11.1005,33.74.11.1005,Jawa Tengah,Kota Semarang,Banyumanik,Banyumanik,2026-09-19T12:00:00,2026-09-20 15:00:00,2026-09-20 22:00:00,26-27,24,90,0,0,2,SE,164,NW,,,0,Cerah,Sunny,https://api-apps.bmkg.go.id/storage/icon/cuaca/cerah-pm.svg,2026-09-20T15:00:00Z
33,33.74,33.74.11,33.74.11.1005,33.74.11.1005,Jawa Tengah,Kota Semarang,Banyumanik,Banyumanik,2026-09-19T12:00:00,2026-09-20 18:00:00,2026-09-21 01:00:00,29-30,23,89,0,0,2.2,S,192,N,,,0,Cerah,Sunny,https://api-apps.bmkg.go.id/storage/icon/cuaca/cerah-pm.svg,2026-09-20T18:00:00Z
33,33.74,33.74.11,33.74.11.1005,33.74.11.1005,Jawa Tengah,Kota Semarang,Banyumanik,Banyumanik,2026-09-19T12:00:00,2026-09-20 21:00:00,2026-09-21 04:00:00,32-33,23,81,0,0,4.9,SE,146,NW,,,0,Cerah,Sunny,https://api-apps.bmkg.go.id/storage/icon/cuaca/cerah-pm.svg,2026-09-20T21:00:00Z
33,33.74,33.74.11,33.74.11.1005,33.74.11.1005,Jawa Tengah,Kota Semarang,Banyumanik,Banyumanik,2026-09-19T12:00:00,2026-09-21 00:00:00,2026-09-21 07:00:00,35-36,27,64,0,0,10.1,SE,138,NW,,,0,Cerah,Sunny,https://api-apps.bmkg.go.id/storage/icon/cuaca/cerah-am.svg,2026-09-21T00:00:00Z
33,33.74,33.74.11,33.74.11.1005,33.74.11.1005,Jawa Tengah,Kota Semarang,Banyumanik,Banyumanik,2026-09-19T12:00:00,2026-09-21 03:00:00,2026-09-21 10:00:00,38-39,31,48,0,18,12.6,E,115,W,,,1,Cerah,Sunny,https://api-apps.bmkg.go.id/storage/icon/cuaca/cerah-am.svg,2026-09-21T03:00:00Z
33,33.74,33.74.11,33.74.11.1005,33.74.11.1005,Jawa Tengah,Kota Semarang,Banyumanik,Banyumanik,2026-09-19T12:00:00,2026-09-21 06:00:00,2026-09-21 13:00:00,41-42,33,45,0.2,14,12.7,E,98,W,,,1,Cerah,Sunny,https://api-apps.bmkg.go.id/storage/icon/cuaca/cerah-am.svg,2026-09-21T06:00:00Z
33,33.74,33.74.11,33.74.11.1005,33.74.11.1005,Jawa Tengah,Kota Semarang,Banyumanik,Banyumanik,2026-09-19T12:00:00,2026-09-21 09:00:00,2026-09-21 16:00:00,44-45,28,71,0.1,24,3.8,NW,341,SE,,,1,Cerah,Sunny,https://api-apps.bmkg.go.id/storage/icon/cuaca/cerah-am.svg,2026-09-21T09:00:00Z
33,33.74,33.74.11,33.74.11.1005,33.74.11.1005,Jawa Tengah,Kota Semarang,Banyumanik,Banyumanik,2026-09-19T12:00:00,2026-09-21 12:00:00,2026-09-21 19:00:00,47-48,26,83,0.1,32,8.1,SW,248,NE,,,1,Cerah,Sunny,https://api-apps.bmkg.go.id/storage/icon/cuaca/cerah-pm.svg,2026-09-21T12:00:00Z
33,33.74,33.74.11,33.74.11.1005,33.74.11.1005,Jawa Tengah,Kota Semarang,Banyumanik,Banyumanik,2026-09-19T12:00:00,2026-09-21 15:00:00,2026-09-21 22:00:00,50-51,24,89,0,20,1.8,E,122,W,,,1,Cerah,Sunny,https://api-apps.bmkg.go.id/storage/icon/cuaca/cerah-pm.svg,2026-09-21T15:00:00Z
33,33.74,33.74.11,33.74.11.1006,33.74.11.1006,Jawa Tengah,Kota Semarang,Banyumanik,Srondol Kulon,2026-09-19T12:00:00,2026-09-19 16:00:00,2026-09-19 23:00:00,3-4,24,83,0,21,4.7,S,214,N,,,1,Cerah,Sunny,https://api-apps.bmkg.go.id/storage/icon/cuaca/cerah-pm.svg,2026-09-19T16:00:00Z
33,33.74,33.74.11,33.74.11.1006,33.74.11.1006,Jawa Tengah,Kota Semarang,Banyumanik,Srondol Kulon,2026-09-19T12:00:00,2026-09-19 19:00:00,2026-09-20 02:00:00,6-7,23,81,0,0,3.3,S,207,N,,,0,Cerah,Sunny,https://api-apps.bmkg.go.id/storage/icon/cuaca/cerah-pm.svg,2026-09-19T19:00:00Z
33,33.74,33.74.11,33.74.11.1006,33.74.11.1006,Jawa Tengah,Kota Semarang,Banyumanik,Srondol Kulon,2026-09-19T12:00:00,2026-09-19 22:00:00,2026-09-20 05:00:00,9-10,23,75,0,0,5.2,SE,140,NW,,,0,Cerah,Sunny,https://api-apps.bmkg.go.id/storage/icon/cuaca/cerah-pm.svg,2026-09-19T22:00:00Z
33,33.74,33.74.11,33.74.11.1006,33.74.11.1006,Jawa Tengah,Kota Semarang,Banyumanik,Srondol Kulon,2026-09-19T12:00:00,2026-09-20 01:00:00,2026-09-20 08:00:00,12-13,29,54,0,0,10.1,E,98,W,,,0,Cerah,Sunny,https://api-apps.bmkg.go.id/storage/icon/cuaca/cerah-am.svg,2026-09-20T01:00:00Z
33,33.74,33.74.11,33.74.11.1006,33.74.11.1006,Jawa Tengah,Kota Semarang,Banyumanik,Srondol Kulon,2026-09-19T12:00:00,2026-09-20 04:00:00,2026-09-20 11:00:00,15-16,33,45,0.1,8,11.4,E,95,W,,,0,Cerah,Sunny,https://api-apps.bmkg.go.id/storage/icon/cuaca/cerah-am.svg,2026-09-20T04:00:00Z
33,33.74,33.74.11,33.74.11.1006,33.74.11.1006,Jawa Tengah,Kota Semarang,Banyumanik,Srondol Kulon,2026-09-19T12:00:00,2026-09-20 07:00:00,2026-09-20 14:00:00,18-19,31,54,0.2,53,6.1,N,15,S,,,1,Cerah,Sunny,https://api-apps.bmkg.go.id/storage/icon/cuaca/cerah-am.svg,2026-09-20T07:00:00Z
33,33.74,33.74.11,33.74.11.1006,33.74.11.1006,Jawa Tengah,Kota Semarang,Banyumanik,Srondol Kulon,2026-09-19T12:00:00,2026-09-20 10:00:00,2026-09-20 17:00:00,21-22,27,80,0,28,4.2,W,280,E,,,1,Cerah,Sunny,https://api-apps.bmkg.go.id/storage/icon/cuaca/cerah-am.svg,2026-09-20T10:00:00Z
33,33.74,33.74.11,33.74.11.1006,33.74.11.1006,Jawa Tengah,Kota Semarang,Banyumanik,Srondol Kulon,2026-09-19T12:00:00,2026-09-20 13:00:00,2026-09-20 20:00:00,24-25,25,84,0.2,10,2,SE,164,NW,,,1,Cerah,Sunny,https://api-apps.bmkg.go.id/storage/icon/cuaca/cerah-pm.svg,2026-09-20T13:00:00Z
33,33.74,33.74.11,33.74.11.1006,33.74.11.1006,Jawa Tengah,Kota Semarang,Banyumanik,Srondol Kulon,2026-09-19T12:00:00,2026-09-20 16:00:00,2026-09-20 23:00:00,27-28,25,88,0,0,2.2,S,192,N,,,0,Cerah,Sunny,https://api-apps.bmkg.go.id/storage/icon/cuaca/cerah-pm.svg,2026-09-20T16:00:00Z
33,33.74,33.74.11,33.74.11.1006,33.74.11.1006,Jawa Tengah,Kota Semarang,Banyumanik,Srondol Kulon,2026-09-19T12:00:00,2026-09-20 19:00:00,2026-09-21 02:00:00,30-31,24,83,0,0,4.9,SE,146,NW,,,0,Cerah,Sunny,https://api-apps.bmkg.go.id/storage/icon/cuaca/cerah-pm.svg,2026-09-20T19:00:00Z
33,33.74,33.74.11,33.74.11.1006,33.74.11.1006,Jawa Tengah,Kota Semarang,Banyumanik,Srondol Kulon,2026-09-19T12:00:00,2026-09-20 22:00:00,2026-09-21 05:00:00,33-34,24,76,0,0,10.1,SE,138,NW,,,0,Cerah,Sunny,https://api-apps.bmkg.go.id/storage/icon/cuaca/cerah-pm.svg,2026-09-20T22:00:00Z
33,33.74,33.74.11,33.74.11.1006,33.74.11.1006,Jawa Tengah,Kota Semarang,Banyumanik,Srondol Kulon,2026-09-19T12:00:00,2026-09-21 01:00:00,2026-09-21 08:00:00,36-37,29,56,0,0,12.6,E,115,W,,,0,Cerah,Sunny,https://api-apps.bmkg.go.id/storage/icon/cuaca/cerah-am.svg,2026-09-21T01:00:00Z
33,33.74,33.74.11,33.74.11.1006,33.74.11.1006,Jawa Tengah,Kota Semarang,Banyumanik,Srondol Kulon,2026-09-19T12:00:00,2026-09-21 04:00:00,2026-09-21 11:00:00,39-40,33,44,0,31,12.7,E,98,W,,,1,Cerah,Sunny,https://api-apps.bmkg.go.id/storage/icon/cuaca/cerah-am.svg,2026-09-21T04:00:00Z
33,33.74,33.74.11,33.74.11.1006,33.74.11.1006,Jawa Tengah,Kota Semarang,Banyumanik,Srondol Kulon,2026-09-19T12:00:00,2026-09-21 07:00:00,2026-09-21 14:00:00,42-43,31,56,0.2,33,3.8,NW,341,SE,,,1,Cerah,Sunny,https://api-apps.bmkg.go.id/storage/icon/cuaca/cerah-am.svg,2026-09-21T07:00:00Z
33,33.74,33.74.11,33.74.11.1006,33.74.11.1006,Jawa Tengah,Kota Semarang,Banyumanik,Srondol Kulon,2026-09-19T12:00:00,2026-09-21 10:00:00,2026-09-21 17:00:00,45-46,27,78,0.1,19,8.1,SW,248,NE,,,1,Cerah,Sunny,https://api-apps.bmkg.go.id/storage/icon/cuaca/cerah-am.svg,2026-09-21T10:00:00Z
33,33.74,33.74.11,33.74.11.1006,33.74.11.1006,Jawa Tengah,Kota Semarang,Banyumanik,Srondol Kulon,2026-09-19T12:00:00,2026-09-21 13:00:00,2026-09-21 20:00:00,48-49,25,85,0,29,1.8,E,122,W,,,1,Cerah,Sunny,https://api-apps.bmkg.go.id/storage/icon/cuaca/cerah-pm.svg,2026-09-21T13:00:00Z
33,33.74,33.74.11,33.74.11.1006,33.74.11.1006,Jawa Tengah,Kota Semarang,Banyumanik,Srondol Kulon,2026-09-19T12:00:00,2026-09-21 16:00:00,2026-09-21 23:00:00,51-52,25,85,0,12,5.3,S,213,N,,,1,Cerah,Sunny,https://api-apps.bmkg.go.id/storage/icon/cuaca/cerah-pm.svg,2026-09-21T16:00:00Z
33,33.74,33.74.11,33.74.11.1007,33.74.11.1007,Jawa Tengah,Kota Semarang,Banyumanik,Srondol Wetan,2026-09-19T12:00:00,2026-09-19 16:00:00,2026-09-19 23:00:00,3-4,24,82,0,19,4.7,S,214,N,,,1,Cerah,Sunny,https://api-apps.bmkg.go.id/storage/icon/cuaca/cerah-pm.svg,2026-09-19T16:00:00Z
33,33.74,33.74.11,33.74.11.1007,33.74.11.1007,Jawa Tengah,Kota Semarang,Banyumanik,Srondol Wetan,2026-09-19T12:00:00,2026-09-19 19:00:00,2026-09-20 02:00:00,6-7,22,82,0,0,3.3,S,207,N,,,0,Cerah,Sunny,https://api-apps.bmkg.go.id/storage/icon/cuaca/cerah-pm.svg,2026-09-19T19:00:00Z
33,33.74,33.74.11,33.74.11.1007,33.74.11.1007,Jawa Tengah,Kota Semarang,Banyumanik,Srondol Wetan,2026-09-19T12:00:00,2026-09-19 22:00:00,2026-09-20 05:00:00,9-10,23,76,0,0,5.2,SE,140,NW,,,0,Cerah,Sunny,https://api-apps.bmkg.go.id/storage/icon/cuaca/cerah-pm.svg,2026-09-19T22:00:00Z
33,33.74,33.74.11,33.74.11.1007,33.74.11.1007,Jawa Tengah,Kota Semarang,Banyumanik,Srondol Wetan,2026-09-19T12:00:00,2026-09-20 01:00:00,2026-09-20 08:00:00,12-13,29,56,0,0,10.1,E,98,W,,,0,Cerah,Sunny,https://api-apps.bmkg.go.id/storage/icon/cuaca/cerah-am.svg,2026-09-20T01:00:00Z
33,33.74,33.74.11,33.74.11.1007,33.74.11.1007,Jawa Tengah,Kota Semarang,Banyumanik,Srondol Wetan,2026-09-19T12:00:00,2026-09-20 04:00:00,2026-09-20 11:00:00,15-16,33,46,0.1,10,11.4,E,95,W,,,0,Cerah,Sunny,https://api-apps.bmkg.go.id/storage/icon/cuaca/cerah-am.svg,2026-09-20T04:00:00Z
33,33.74,33.74.11,33.74.11.1007,33.74.11.1007,Jawa Tengah,Kota Semarang,Banyumanik,Srondol Wetan,2026-09-19T12:00:00,2026-09-20 07:00:00,2026-09-20 14:00:00,18-19,32,50,0.2,60,6.1,N,15,S,,,2,Cerah Berawan,Partly Cloudy,https://api-apps.bmkg.go.id/storage/icon/cuaca/cerah berawan-am.svg,2026-09-20T07:00:00Z
33,33.74,33.74.11,33.74.11.1007,33.74.11.1007,Jawa Tengah,Kota Semarang,Banyumanik,Srondol Wetan,2026-09-19T12:00:00,2026-09-20 10:00:00,2026-09-20 17:00:00,21-22,27,80,0,34,4.2,W,280,E,,,1,Cerah,Sunny,https://api-apps.bmkg.go.id/storage/icon/cuaca/cerah-am.svg,2026-09-20T10:00:00Z
33,33.74,33.74.11,33.74.11.1007,33.74.11.1007,Jawa Tengah,Kota Semarang,Banyumanik,Srondol Wetan,2026-09-19T12:00:00,2026-09-20 13:00:00,2026-09-20 20:00:00,24-25,25,88,0.2,17,2,SE,164,NW,,,1,Cerah,Sunny,https://api-apps.bmkg.go.id/storage/icon/cuaca/cerah-pm.svg,2026-09-20T13:00:00Z
33,33.74,33.74.11,33.74.11.1007,33.74.11.1007,Jawa Tengah,Kota Semarang,Banyumanik,Srondol Wetan,2026-09-19T12:00:00,2026-09-20 16:00:00,2026-09-20 23:00:00,27-28,24,90,0,0,2.2,S,192,N,,,0,Cerah,Sunny,https://api-apps.bmkg.go.id/storage/icon/cuaca/cerah-pm.svg,2026-09-20T16:00:00Z
33,33.74,33.74.11,33.74.11.1007,33.74.11.1007,Jawa Tengah,Kota Semarang,Banyumanik,Srondol Wetan,2026-09-19T12:00:00,2026-09-20 19:00:00,2026-09-21 02:00:00,30-31,24,85,0,1,4.9,SE,146,NW,,,0,Cerah,Sunny,https://api-apps.bmkg.go.id/storage/icon/cuaca/cerah-pm.svg,2026-09-20T19:00:00Z
33,33.74,33.74.11,33.74.11.1007,33.74.11.1007,Jawa Tengah,Kota Semarang,Banyumanik,Srondol Wetan,2026-09-19T12:00:00,2026-09-20 22:00:00,2026-09-21 05:00:00,33-34,24,78,0,0,10.1,SE,138,NW,,,0,Cerah,Sunny,https://api-apps.bmkg.go.id/storage/icon/cuaca/cerah-pm.svg,2026-09-20T22:00:00Z
33,33.74,33.74.11,33.74.11.1007,33.74.11.1007,Jawa Tengah,Kota Semarang,Banyumanik,Srondol Wetan,2026-09-19T12:00:00,2026-09-21 01:00:00,2026-09-21 08:00:00,36-37,28,57,0,0,12.6,E,115,W,,,0,Cerah,Sunny,https://api-apps.bmkg.go.id/storage/icon/cuaca/cerah-am.svg,2026-09-21T01:00:00Z
33,33.74,33.74.11,33.74.11.1007,33.74.11.1007,Jawa Tengah,Kota Semarang,Banyumanik,Srondol Wetan,2026-09-19T12:00:00,2026-09-21 04:00:00,2026-09-21 11:00:00,39-40,32,46,0,32,12.7,E,98,W,,,1,Cerah,Sunny,https://api-apps.bmkg.go.id/storage/icon/cuaca/cerah-am.svg,2026-09-21T04:00:00Z
33,33.74,33.74.11,33.74.11.1007,33.74.11.1007,Jawa Tengah,Kota Semarang,Banyumanik,Srondol Wetan,2026-09-19T12:00:00,2026-09-21 07:00:00,2026-09-21 14:00:00,42-43,32,52,0.2,35,3.8,NW,341,SE,,,1,Cerah,Sunny,https://api-apps.bmkg.go.id/storage/icon/cuaca/cerah-am.svg,2026-09-21T07:00:00Z
33,33.74,33.74.11,33.74.11.1007,33.74.11.1007,Jawa Tengah,Kota Semarang,Banyumanik,Srondol Wetan,2026-09-19T12:00:00,2026-09-21 10:00:00,2026-09-21 17:00:00,45-46,27,78,0.1,20,8.1,SW,248,NE,,,1,Cerah,Sunny,https://api-apps.bmkg.go.id/storage/icon/cuaca/cerah-am.svg,2026-09-21T10:00:00Z
33,33.74,33.74.11,33.74.11.1007,33.74.11.1007,Jawa Tengah,Kota Semarang,Banyumanik,Srondol Wetan,2026-09-19T12:00:00,2026-09-21 13:00:00,2026-09-21 20:00:00,48-49,25,87,0.1,29,1.8,E,122,W,,,1,Cerah,Sunny,https://api-apps.bmkg.go.id/storage/icon/cuaca/cerah-pm.svg,2026-09-21T13:00:00Z
33,33.74,33.74.11,33.74.11.1007,33.74.11.1007,Jawa Tengah,Kota Semarang,Banyumanik,Srondol Wetan,2026-09-19T12:00:00,2026-09-21 16:00:00,2026-09-21 23:00:00,51-52,24,88,0,13,5.3,S,213,N,,,1,Cerah,Sunny,https://api-apps.bmkg.go.id/storage/icon/cuaca/cerah-pm.svg,2026-09-21T16:00:00Z
33,33.74,33.74.11,33.74.11.1008,33.74.11.1008,Jawa Tengah,Kota Semarang,Banyumanik,Ngesrep,2026-09-19T12:00:00,2026-09-19 16:00:00,2026-09-19 23:00:00,3-4,24,80,0,25,4.7,S,214,N,,,1,Cerah,Sunny,https://api-apps.bmkg.go.id/storage/icon/cuaca/cerah-pm.svg,2026-09-19T16:00:00Z
33,33.74,33.74.11,33.74.11.1008,33.74.11.1008,Jawa Tengah,Kota Semarang,Banyumanik,Ngesrep,2026-09-19T12:00:00,2026-09-19 19:00:00,2026-09-20 02:00:00,6-7,23,80,0,0,3.3,S,207,N,,,0,Cerah,Sunny,https://api-apps.bmkg.go.id/storage/icon/cuaca/cerah-pm.svg,2026-09-19T19:00:00Z
33,33.74,33.74.11,33.74.11.1008,33.74.11.1008,Jawa Tengah,Kota Semarang,Banyumanik,Ngesrep,2026-09-19T12:00:00,2026-09-19 22:00:00,2026-09-20 05:00:00,9-10,24,73,0,0,5.2,SE,140,NW,,,0,Cerah,Sunny,https://api-apps.bmkg.go.id/storage/icon/cuaca/cerah-pm.svg,2026-09-19T22:00:00Z
33,33.74,33.74.11,33.74.11.1008,33.74.11.1008,Jawa Tengah,Kota Semarang,Banyumanik,Ngesrep,2026-09-19T12:00:00,2026-09-20 01:00:00,2026-09-20 08:00:00,12-13,29,54,0,0,10.1,E,98,W,,,0,Cerah,Sunny,https://api-apps.bmkg.go.id/storage/icon/cuaca/cerah-am.svg,2026-09-20T01:00:00Z
33,33.74,33.74.11,33.74.11.1008,33.74.11.1008,Jawa Tengah,Kota Semarang,Banyumanik,Ngesrep,2026-09-19T12:00:00,2026-09-20 04:00:00,2026-09-20 11:00:00,15-16,33,44,0.1,7,11.4,E,95,W,,,0,Cerah,Sunny,https://api-apps.bmkg.go.id/storage/icon/cuaca/cerah-am.svg,2026-09-20T04:00:00Z
33,33.74,33.74.11,33.74.11.1008,33.74.11.1008,Jawa Tengah,Kota Semarang,Banyumanik,Ngesrep,2026-09-19T12:00:00,2026-09-20 07:00:00,2026-09-20 14:00:00,18-19,32,52,0.2,30,6.1,N,15,S,,,1,Cerah,Sunny,https://api-apps.bmkg.go.id/storage/icon/cuaca/cerah-am.svg,2026-09-20T07:00:00Z
33,33.74,33.74.11,33.74.11.1008,33.74.11.1008,Jawa Tengah,Kota Semarang,Banyumanik,Ngesrep,2026-09-19T12:00:00,2026-09-20 10:00:00,2026-09-20 17:00:00,21-22,28,79,0,16,4.2,W,280,E,,,1,Cerah,Sunny,https://api-apps.bmkg.go.id/storage/icon/cuaca/cerah-am.svg,2026-09-20T10:00:00Z
33,33.74,33.74.11,33.74.11.1008,33.74.11.1008,Jawa Tengah,Kota Semarang,Banyumanik,Ngesrep,2026-09-19T12:00:00,2026-09-20 13:00:00,2026-09-20 20:00:00,24-25,26,85,0.2,16,2,SE,164,NW,,,1,Cerah,Sunny,https://api-apps.bmkg.go.id/storage/icon/cuaca/cerah-pm.svg,2026-09-20T13:00:00Z
33,33.74,33.74.11,33.74.11.1008,33.74.11.1008,Jawa Tengah,Kota Semarang,Banyumanik,Ngesrep,2026-09-19T12:00:00,2026-09-20 16:00:00,2026-09-20 23:00:00,27-28,25,87,0,0,2.2,S,192,N,,,0,Cerah,Sunny,https://api-apps.bmkg.go.id/storage/icon/cuaca/cerah-pm.svg,2026-09-20T16:00:00Z
33,33.74,33.74.11,33.74.11.1008,33.74.11.1008,Jawa Tengah,Kota Semarang,Banyumanik,Ngesrep,2026-09-19T12:00:00,2026-09-20 19:00:00,2026-09-21 02:00:00,30-31,24,83,0,0,4.9,SE,146,NW,,,0,Cerah,Sunny,https://api-apps.bmkg.go.id/storage/icon/cuaca/cerah-pm.svg,2026-09-20T19:00:00Z
33,33.74,33.74.11,33.74.11.1008,33.74.11.1008,Jawa Tengah,Kota Semarang,Banyumanik,Ngesrep,2026-09-19T12:00:00,2026-09-20 22:00:00,2026-09-21 05:00:00,33-34,24,76,0,0,10.1,SE,138,NW,,,0,Cerah,Sunny,https://api-apps.bmkg.go.id/storage/icon/cuaca/cerah-pm.svg,2026-09-20T22:00:00Z
33,33.74,33.74.11,33.74.11.1008,33.74.11.1008,Jawa Tengah,Kota Semarang,Banyumanik,Ngesrep,2026-09-19T12:00:00,2026-09-21 01:00:00,2026-09-21 08:00:00,36-37,29,56,0,0,12.6,E,115,W,,,0,Cerah,Sunny,https://api-apps.bmkg.go.id/storage/icon/cuaca/cerah-am.svg,2026-09-21T01:00:00Z
33,33.74,33.74.11,33.74.11.1008,33.74.11.1008,Jawa Tengah,Kota Semarang,Banyumanik,Ngesrep,2026-09-19T12:00:00,2026-09-21 04:00:00,2026-09-21 11:00:00,39-40,33,44,0,32,12.7,E,98,W,,,1,Cerah,Sunny,https://api-apps.bmkg.go.id/storage/icon/cuaca/cerah-am.svg,2026-09-21T04:00:00Z
33,33.74,33.74.11,33.74.11.1008,33.74.11.1008,Jawa Tengah,Kota Semarang,Banyumanik,Ngesrep,2026-09-19T12:00:00,2026-09-21 07:00:00,2026-09-21 14:00:00,42-43,32,54,0.2,30,3.8,NW,341,SE,,,1,Cerah,Sunny,https://api-apps.bmkg.go.id/storage/icon/cuaca/cerah-am.svg,2026-09-21T07:00:00Z
33,33.74,33.74.11,33.74.11.1008,33.74.11.1008,Jawa Tengah,Kota Semarang,Banyumanik,Ngesrep,2026-09-19T12:00:00,2026-09-21 10:00:00,2026-09-21 17:00:00,45-46,28,75,0.1,16,8.1,SW,248,NE,,,1,Cerah,Sunny,https://api-apps.bmkg.go.id/storage/icon/cuaca/cerah-am.svg,2026-09-21T10:00:00Z
33,33.74,33.74.11,33.74.11.1008,33.74.11.1008,Jawa Tengah,Kota Semarang,Banyumanik,Ngesrep,2026-09-19T12:00:00,2026-09-21 13:00:00,2026-09-21 20:00:00,48-49,25,85,0.1,29,1.8,E,122,W,,,1,Cerah,Sunny,https://api-apps.bmkg.go.id/storage/icon/cuaca/cerah-pm.svg,2026-09-21T13:00:00Z
33,33.74,33.74.11,33.74.11.1008,33.74.11.1008,Jawa Tengah,Kota Semarang,Banyumanik,Ngesrep,2026-09-19T12:00:00,2026-09-21 16:00:00,2026-09-21 23:00:00,51-52,25,84,0,11,5.3,S,213,N,,,1,Cerah,Sunny,https://api-apps.bmkg.go.id/storage/icon/cuaca/cerah-pm.svg,2026-09-21T16:00:00Z
33,33.74,33.74.11,33.74.11.1009,33.74.11.1009,Jawa Tengah,Kota Semarang,Banyumanik,Tinjomoyo,2026-09-19T12:00:00,2026-09-19 16:00:00,2026-09-19 23:00:00,3-4,24,83,0,21,4.7,S,214,N,,,1,Cerah,Sunny,https://api-apps.bmkg.go.id/storage/icon/cuaca/cerah-pm.svg,2026-09-19T16:00:00Z
33,33.74,33.74.11,33.74.11.1009,33.74.11.1009,Jawa Tengah,Kota Semarang,Banyumanik,Tinjomoyo,2026-09-19T12:00:00,2026-09-19 19:00:00,2026-09-20 02:00:00,6-7,23,81,0,0,3.3,S,207,N,,,0,Cerah,Sunny,https://api-apps.bmkg.go.id/storage/icon/cuaca/cerah-pm.svg,2026-09-19T19:00:00Z
33,33.74,33.74.11,33.74.11.1009,33.74.11.1009,Jawa Tengah,Kota Semarang,Banyumanik,Tinjomoyo,2026-09-19T12:00:00,2026-09-19 22:00:00,2026-09-20 05:00:00,9-10,23,75,0,0,5.2,SE,140,NW,,,0,Cerah,Sunny,https://api-apps.bmkg.go.id/storage/icon/cuaca/cerah-pm.svg,2026-09-19T22:00:00Z
33,33.74,33.74.11,33.74.11.1009,33.74.11.1009,Jawa Tengah,Kota Semarang,Banyumanik,Tinjomoyo,2026-09-19T12:00:00,2026-09-20 01:00:00,2026-09-20 08:00:00,12-13,29,54,0,0,10.1,E,98,W,,,0,Cerah,Sunny,https://api-apps.bmkg.go.id/storage/icon/cuaca/cerah-am.svg,2026-09-20T01:00:00Z
33,33.74,33.74.11,33.74.11.1009,33.74.11.1009,Jawa Tengah,Kota Semarang,Banyumanik,Tinjomoyo,2026-09-19T12:00:00,2026-09-20 04:00:00,2026-09-20 11:00:00,15-16,33,45,0.1,8,11.4,E,95,W,,,0,Cerah,Sunny,https://api-apps.bmkg.go.id/storage/icon/cuaca/cerah-am.svg,2026-09-20T04:00:00Z
33,33.74,33.74.11,33.74.11.1009,33.74.11.1009,Jawa Tengah,Kota Semarang,Banyumanik,Tinjomoyo,2026-09-19T12:00:00,2026-09-20 07:00:00,2026-09-20 14:00:00,18-19,31,54,0.2,53,6.1,N,15,S,,,1,Cerah,Sunny,https://api-apps.bmkg.go.id/storage/icon/cuaca/cerah-am.svg,2026-09-20T07:00:00Z
33,33.74,33.74.11,33.74.11.1009,33.74.11.1009,Jawa Tengah,Kota Semarang,Banyumanik,Tinjomoyo,2026-09-19T12:00:00,2026-09-20 10:00:00,2026-09-20 17:00:00,21-22,27,80,0,28,4.2,W,280,E,,,1,Cerah,Sunny,https://api-apps.bmkg.go.id/storage/icon/cuaca/cerah-am.svg,2026-09-20T10:00:00Z
33,33.74,33.74.11,33.74.11.1009,33.74.11.1009,Jawa Tengah,Kota Semarang,Banyumanik,Tinjomoyo,2026-09-19T12:00:00,2026-09-20 13:00:00,2026-09-20 20:00:00,24-25,25,84,0.2,10,2,SE,164,NW,,,1,Cerah,Sunny,https://api-apps.bmkg.go.id/storage/icon/cuaca/cerah-pm.svg,2026-09-20T13:00:00Z
33,33.74,33.74.11,33.74.11.1009,33.74.11.1009,Jawa Tengah,Kota Semarang,Banyumanik,Tinjomoyo,2026-09-19T12:00:00,2026-09-20 16:00:00,2026-09-20 23:00:00,27-28,25,88,0,0,2.2,S,192,N,,,0,Cerah,Sunny,https://api-apps.bmkg.go.id/storage/icon/cuaca/cerah-pm.svg,2026-09-20T16:00:00Z
33,33.74,33.74.11,33.74.11.1009,33.74.11.1009,Jawa Tengah,Kota Semarang,Banyumanik,Tinjomoyo,2026-09-19T12:00:00,2026-09-20 19:00:00,2026-09-21 02:00:00,30-31,24,83,0,0,4.9,SE,146,NW,,,0,Cerah,Sunny,https://api-apps.bmkg.go.id/storage/icon/cuaca/cerah-pm.svg,2026-09-20T19:00:00Z
33,33.74,33.74.11,33.74.11.1009,33.74.11.1009,Jawa Tengah,Kota Semarang,Banyumanik,Tinjomoyo,2026-09-19T12:00:00,2026-09-20 22:00:00,2026-09-21 05:00:00,33-34,24,76,0,0,10.1,SE,138,NW,,,0,Cerah,Sunny,https://api-apps.bmkg.go.id/storage/icon/cuaca/cerah-pm.svg,2026-09-20T22:00:00Z
33,33.74,33.74.11,33.74.11.1009,33.74.11.1009,Jawa Tengah,Kota Semarang,Banyumanik,Tinjomoyo,2026-09-19T12:00:00,2026-09-21 01:00:00,2026-09-21 08:00:00,36-37,29,56,0,0,12.6,E,115,W,,,0,Cerah,Sunny,https://api-apps.bmkg.go.id/storage/icon/cuaca/cerah-am.svg,2026-09-21T01:00:00Z
33,33.74,33.74.11,33.74.11.1009,33.74.11.1009,Jawa Tengah,Kota Semarang,Banyumanik,Tinjomoyo,2026-09-19T12:00:00,2026-09-21 04:00:00,2026-09-21 11:00:00,39-40,33,44,0,31,12.7,E,98,W,,,1,Cerah,Sunny,https://api-apps.bmkg.go.id/storage/icon/cuaca/cerah-am.svg,2026-09-21T04:00:00Z
33,33.74,33.74.11,33.74.11.1009,33.74.11.1009,Jawa Tengah,Kota Semarang,Banyumanik,Tinjomoyo,2026-09-19T12:00:00,2026-09-21 07:00:00,2026-09-21 14:00:00,42-43,31,56,0.2,33,3.8,NW,341,SE,,,1,Cerah,Sunny,https://api-apps.bmkg.go.id/storage/icon/cuaca/cerah-am.svg,2026-09-21T07:00:00Z
33,33.74,33.74.11,33.74.11.1009,33.74.11.1009,Jawa Tengah,Kota Semarang,Banyumanik,Tinjomoyo,2026-09-19T12:00:00,2026-09-21 10:00:00,2026-09-21 17:00:00,45-46,27,78,0.1,19,8.1,SW,248,NE,,,1,Cerah,Sunny,https://api-apps.bmkg.go.id/storage/icon/cuaca/cerah-am.svg,2026-09-21T10:00:00Z
33,33.74,33.74.11,33.74.11.1009,33.74.11.1009,Jawa Tengah,Kota Semarang,Banyumanik,Tinjomoyo,2026-09-19T12:00:00,2026-09-21 13:00:00,2026-09-21 20:00:00,48-49,25,85,0,29,1.8,E,122,W,,,1,Cerah,Sunny,https://api-apps.bmkg.go.id/storage/icon/cuaca/cerah-pm.svg,2026-09-21T13:00:00Z
33,33.74,33.74.11,33.74.11.1009,33.74.11.1009,Jawa Tengah,Kota Semarang,Banyumanik,Tinjomoyo,2026-09-19T12:00:00,2026-09-21 16:00:00,2026-09-21 23:00:00,51-52,25,85,0,12,5.3,S,213,N,,,1,Cerah,Sunny,https://api-apps.bmkg.go.id/storage/icon/cuaca/cerah-pm.svg,2026-09-21T16:00:00Z
33,33.74,33.74.11,33.74.11.1010,33.74.11.1010,Jawa Tengah,Kota Semarang,Banyumanik,Padangsari,2026-09-19T12:00:00,2026-09-19 15:00:00,2026-09-19 22:00:00,2-3,24,82,0,0,4.6,S,223,N,,,0,Cerah,Sunny,https://api-apps.bmkg.go.id/storage/icon/cuaca/cerah-pm.svg,2026-09-19T15:00:00Z
33,33.74,33.74.11,33.74.11.1010,33.74.11.1010,Jawa Tengah,Kota Semarang,Banyumanik,Padangsari,2026-09-19T12:00:00,2026-09-19 18:00:00,2026-09-20 01:00:00,5-6,22,83,0,0,4.7,S,214,N,,,0,Cerah,Sunny,https://api-apps.bmkg.go.id/storage/icon/cuaca/cerah-pm.svg,2026-09-19T18:00:00Z
33,33.74,33.74.11,33.74.11.1010,33.74.11.1010,Jawa Tengah,Kota Semarang,Banyumanik,Padangsari,2026-09-19T12:00:00,2026-09-19 21:00:00,2026-09-20 04:00:00,8-9,22,80,0,0,3.3,S,207,N,,,0,Cerah,Sunny,https://api-apps.bmkg.go.id/storage/icon/cuaca/cerah-pm.svg,2026-09-19T21:00:00Z
33,33.74,33.74.11,33.74.11.1010,33.74.11.1010,Jawa Tengah,Kota Semarang,Banyumanik,Padangsari,2026-09-19T12:00:00,2026-09-20 00:00:00,2026-09-20 07:00:00,11-12,27,59,0,1,5.2,SE,140,NW,,,0,Cerah,Sunny,https://api-apps.bmkg.go.id/storage/icon/cuaca/cerah-am.svg,2026-09-20T00:00:00Z
33,33.74,33.74.11,33.74.11.1010,33.74.11.1010,Jawa Tengah,Kota Semarang,Banyumanik,Padangsari,2026-09-19T12:00:00,2026-09-20 03:00:00,2026-09-20 10:00:00,14-15,31,49,0.1,2,10.1,E,98,W,,,0,Cerah,Sunny,https://api-apps.bmkg.go.id/storage/icon/cuaca/cerah-am.svg,2026-09-20T03:00:00Z
33,33.74,33.74.11,33.74.11.1010,33.74.11.1010,Jawa Tengah,Kota Semarang,Banyumanik,Padangsari,2026-09-19T12:00:00,2026-09-20 06:00:00,2026-09-20 13:00:00,17-18,32,49,0.2,45,11.4,E,95,W,,,1,Cerah,Sunny,https://api-apps.bmkg.go.id/storage/icon/cuaca/cerah-am.svg,2026-09-20T06:00:00Z
33,33.74,33.74.11,33.74.11.1010,33.74.11.1010,Jawa Tengah,Kota Semarang,Banyumanik,Padangsari,2026-09-19T12:00:00,2026-09-20 09:00:00,2026-09-20 16:00:00,20-21,28,71,0,58,6.1,N,15,S,,,1,Cerah,Sunny,https://api-apps.bmkg.go.id/storage/icon/cuaca/cerah-am.svg,2026-09-20T09:00:00Z
33,33.74,33.74.11,33.74.11.1010,33.74.11.1010,Jawa Tengah,Kota Semarang,Banyumanik,Padangsari,2026-09-19T12:00:00,2026-09-20 12:00:00,2026-09-20 19:00:00,23-24,26,85,0.2,10,4.2,W,280,E,,,1,Cerah,Sunny,https://api-apps.bmkg.go.id/storage/icon/cuaca/cerah-pm.svg,2026-09-20T12:00:00Z
33,33.74,33.74.11,33.74.11.1010,33.74.11.1010,Jawa Tengah,Kota Semarang,Banyumanik,Padangsari,2026-09-19T12:00:00,2026-09-20 15:00:00,2026-09-20 22:00:00,26-27,24,90,0,0,2,SE,164,NW,,,0,Cerah,Sunny,https://api-apps.bmkg.go.id/storage/icon/cuaca/cerah-pm.svg,2026-09-20T15:00:00Z
33,33.74,33.74.11,33.74.11.1010,33.74.11.1010,Jawa Tengah,Kota Semarang,Banyumanik,Padangsari,2026-09-19T12:00:00,2026-09-20 18:00:00,2026-09-21 01:00:00,29-30,23,89,0,0,2.2,S,192,N,,,0,Cerah,Sunny,https://api-apps.bmkg.go.id/storage/icon/cuaca/cerah-pm.svg,2026-09-20T18:00:00Z
33,33.74,33.74.11,33.74.11.1010,33.74.11.1010,Jawa Tengah,Kota Semarang,Banyumanik,Padangsari,2026-09-19T12:00:00,2026-09-20 21:00:00,2026-09-21 04:00:00,32-33,23,81,0,0,4.9,SE,146,NW,,,0,Cerah,Sunny,https://api-apps.bmkg.go.id/storage/icon/cuaca/cerah-pm.svg,2026-09-20T21:00:00Z
33,33.74,33.74.11,33.74.11.1010,33.74.11.1010,Jawa Tengah,Kota Semarang,Banyumanik,Padangsari,2026-09-19T12:00:00,2026-09-21 00:00:00,2026-09-21 07:00:00,35-36,27,64,0,0,10.1,SE,138,NW,,,0,Cerah,Sunny,https://api-apps.bmkg.go.id/storage/icon/cuaca/cerah-am.svg,2026-09-21T00:00:00Z
33,33.74,33.74.11,33.74.11.1010,33.74.11.1010,Jawa Tengah,Kota Semarang,Banyumanik,Padangsari,2026-09-19T12:00:00,2026-09-21 03:00:00,2026-09-21 10:00:00,38-39,31,48,0,18,12.6,E,115,W,,,1,Cerah,Sunny,https://api-apps.bmkg.go.id/storage/icon/cuaca/cerah-am.svg,2026-09-21T03:00:00Z
33,33.74,33.74.11,33.74.11.1010,33.74.11.1010,Jawa Tengah,Kota Semarang,Banyumanik,Padangsari,2026-09-19T12:00:00,2026-09-21 06:00:00,2026-09-21 13:00:00,41-42,33,45,0.2,14,12.7,E,98,W,,,1,Cerah,Sunny,https://api-apps.bmkg.go.id/storage/icon/cuaca/cerah-am.svg,2026-09-21T06:00:00Z
33,33.74,33.74.11,33.74.11.1010,33.74.11.1010,Jawa Tengah,Kota Semarang,Banyumanik,Padangsari,2026-09-19T12:00:00,2026-09-21 09:00:00,2026-09-21 16:00:00,44-45,28,71,0.1,24,3.8,NW,341,SE,,,1,Cerah,Sunny,https://api-apps.bmkg.go.id/storage/icon/cuaca/cerah-am.svg,2026-09-21T09:00:00Z
33,33.74,33.74.11,33.74.11.1010,33.74.11.1010,Jawa Tengah,Kota Semarang,Banyumanik,Padangsari,2026-09-19T12:00:00,2026-09-21 12:00:00,2026-09-21 19:00:00,47-48,26,83,0.1,32,8.1,SW,248,NE,,,1,Cerah,Sunny,https://api-apps.bmkg.go.id/storage/icon/cuaca/cerah-pm.svg,2026-09-21T12:00:00Z
33,33.74,33.74.11,33.74.11.1010,33.74.11.1010,Jawa Tengah,Kota Semarang,Banyumanik,Padangsari,2026-09-19T12:00:00,2026-09-21 15:00:00,2026-09-21 22:00:00,50-51,24,89,0,20,1.8,E,122,W,,,1,Cerah,Sunny,https://api-apps.bmkg.go.id/storage/icon/cuaca/cerah-pm.svg,2026-09-21T15:00:00Z
33,33.74,33.74.11,33.74.11.1011,33.74.11.1011,Jawa Tengah,Kota Semarang,Banyumanik,Sumurboto,2026-09-19T12:00:00,2026-09-19 16:00:00,2026-09-19 23:00:00,3-4,24,80,0,25,4.7,S,214,N,,,1,Cerah,Sunny,https://api-apps.bmkg.go.id/storage/icon/cuaca/cerah-pm.svg,2026-09-19T16:00:00Z
33,33.74,33.74.11,33.74.11.1011,33.74.11.1011,Jawa Tengah,Kota Semarang,Banyumanik,Sumurboto,2026-09-19T12:00:00,2026-09-19 19:00:00,2026-09-20 02:00:00,6-7,23,80,0,0,3.3,S,207,N,,,0,Cerah,Sunny,https://api-apps.bmkg.go.id/storage/icon/cuaca/cerah-pm.svg,2026-09-19T19:00:00Z
33,33.74,33.74.11,33.74.11.1011,33.74.11.1011,Jawa Tengah,Kota Semarang,Banyumanik,Sumurboto,2026-09-19T12:00:00,2026-09-19 22:00:00,2026-09-20 05:00:00,9-10,24,73,0,0,5.2,SE,140,NW,,,0,Cerah,Sunny,https://api-apps.bmkg.go.id/storage/icon/cuaca/cerah-pm.svg,2026-09-19T22:00:00Z
33,33.74,33.74.11,33.74.11.1011,33.74.11.1011,Jawa Tengah,Kota Semarang,Banyumanik,Sumurboto,2026-09-19T12:00:00,2026-09-20 01:00:00,2026-09-20 08:00:00,12-13,29,54,0,0,10.1,E,98,W,,,0,Cerah,Sunny,https://api-apps.bmkg.go.id/storage/icon/cuaca/cerah-am.svg,2026-09-20T01:00:00Z
33,33.74,33.74.11,33.74.11.1011,33.74.11.1011,Jawa Tengah,Kota Semarang,Banyumanik,Sumurboto,2026-09-19T12:00:00,2026-09-20 04:00:00,2026-09-20 11:00:00,15-16,33,44,0.1,7,11.4,E,95,W,,,0,Cerah,Sunny,https://api-apps.bmkg.go.id/storage/icon/cuaca/cerah-am.svg,2026-09-20T04:00:00Z
33,33.74,33.74.11,33.74.11.1011,33.74.11.1011,Jawa Tengah,Kota Semarang,Banyumanik,Sumurboto,2026-09-19T12:00:00,2026-09-20 07:00:00,2026-09-20 14:00:00,18-19,32,52,0.2,30,6.1,N,15,S,,,1,Cerah,Sunny,https://api-apps.bmkg.go.id/storage/icon/cuaca/cerah-am.svg,2026-09-20T07:00:00Z
33,33.74,33.74.11,33.74.11.1011,33.74.11.1011,Jawa Tengah,Kota Semarang,Banyumanik,Sumurboto,2026-09-19T12:00:00,2026-09-20 10:00:00,2026-09-20 17:00:00,21-22,28,79,0,16,4.2,W,280,E,,,1,Cerah,Sunny,https://api-apps.bmkg.go.id/storage/icon/cuaca/cerah-am.svg,2026-09-20T10:00:00Z
33,33.74,33.74.11,33.74.11.1011,33.74.11.1011,Jawa Tengah,Kota Semarang,Banyumanik,Sumurboto,2026-09-19T12:00:00,2026-09-20 13:00:00,2026-09-20 20:00:00,24-25,26,85,0.2,16,2,SE,164,NW,,,1,Cerah,Sunny,https://api-apps.bmkg.go.id/storage/icon/cuaca/cerah-pm.svg,2026-09-20T13:00:00Z
33,33.74,33.74.11,33.74.11.1011,33.74.11.1011,Jawa Tengah,Kota Semarang,Banyumanik,Sumurboto,2026-09-19T12:00:00,2026-09-20 16:00:00,2026-09-20 23:00:00,27-28,25,87,0,0,2.2,S,192,N,,,0,Cerah,Sunny,https://api-apps.bmkg.go.id/storage/icon/cuaca/cerah-pm.svg,2026-09-20T16:00:00Z
33,33.74,33.74.11,33.74.11.1011,33.74.11.1011,Jawa Tengah,Kota Semarang,Banyumanik,Sumurboto,2026-09-19T12:00:00,2026-09-20 19:00:00,2026-09-21 02:00:00,30-31,24,83,0,0,4.9,SE,146,NW,,,0,Cerah,Sunny,https://api-apps.bmkg.go.id/storage/icon/cuaca/cerah-pm.svg,2026-09-20T19:00:00Z
33,33.74,33.74.11,33.74.11.1011,33.74.11.1011,Jawa Tengah,Kota Semarang,Banyumanik,Sumurboto,2026-09-19T12:00:00,2026-09-20 22:00:00,2026-09-21 05:00:00,33-34,24,76,0,0,10.1,SE,138,NW,,,0,Cerah,Sunny,https://api-apps.bmkg.go.id/storage/icon/cuaca/cerah-pm.svg,2026-09-20T22:00:00Z
33,33.74,33.74.11,33.74.11.1011,33.74.11.1011,Jawa Tengah,Kota Semarang,Banyumanik,Sumurboto,2026-09-19T12:00:00,2026-09-21 01:00:00,2026-09-21 08:00:00,36-37,29,56,0,0,12.6,E,115,W,,,0,Cerah,Sunny,https://api-apps.bmkg.go.id/storage/icon/cuaca/cerah-am.svg,2026-09-21T01:00:00Z
33,33.74,33.74.11,33.74.11.1011,33.74.11.1011,Jawa Tengah,Kota Semarang,Banyumanik,Sumurboto,2026-09-19T12:00:00,2026-09-21 04:00:00,2026-09-21 11:00:00,39-40,33,44,0,32,12.7,E,98,W,,,1,Cerah,Sunny,https://api-apps.bmkg.go.id/storage/icon/cuaca/cerah-am.svg,2026-09-21T04:00:00Z
33,33.74,33.74.11,33.74.11.1011,33.74.11.1011,Jawa Tengah,Kota Semarang,Banyumanik,Sumurboto,2026-09-19T12:00:00,2026-09-21 07:00:00,2026-09-21 14:00:00,42-43,32,54,0.2,30,3.8,NW,341,SE,,,1,Cerah,Sunny,https://api-apps.bmkg.go.id/storage/icon/cuaca/cerah-am.svg,2026-09-21T07:00:00Z
33,33.74,33.74.11,33.74.11.1011,33.74.11.1011,Jawa Tengah,Kota Semarang,Banyumanik,Sumurboto,2026-09-19T12:00:00,2026-09-21 10:00:00,2026-09-21 17:00:00,45-46,28,75,0.1,16,8.1,SW,248,NE,,,1,Cerah,Sunny,https://api-apps.bmkg.go.id/storage/icon/cuaca/cerah-am.svg,2026-09-21T10:00:00Z
33,33.74,33.74.11,33.74.11.1011,33.74.11.1011,Jawa Tengah,Kota Semarang,Banyumanik,Sumurboto,2026-09-19T12:00:00,2026-09-21 13:00:00,2026-09-21 20:00:00,48-49,25,85,0.1,29,1.8,E,122,W,,,1,Cerah,Sunny,https://api-apps.bmkg.go.id/storage/icon/cuaca/cerah-pm.svg,2026-09-21T13:00:00Z
33,33.74,33.74.11,33.74.11.1011,33.74.11.1011,Jawa Tengah,Kota Semarang,Banyumanik,Sumurboto,2026-09-19T12:00:00,2026-09-21 16:00:00,2026-09-21 23:00:00,51-52,25,84,0,11,5.3,S,213,N,,,1,Cerah,Sunny,https://api-apps.bmkg.go.id/storage/icon/cuaca/cerah-pm.svg,2026-09-21T16:00:00Z
33,33.74,33.74.12,33.74.12.1001,33.74.12.1001,Jawa Tengah,Kota Semarang,Gunungpati,Pakintelan,2026-09-19T12:00:00,2026-09-19 15:00:00,2026-09-19 22:00:00,2-3,23,85,0,23,4.6,S,223,N,,,1,Cerah,Sunny,https://api-apps.bmkg.go.id/storage/icon/cuaca/cerah-pm.svg,2026-09-19T15:00:00Z
33,33.74,33.74.12,33.74.12.1001,33.74.12.1001,Jawa Tengah,Kota Semarang,Gunungpati,Pakintelan,2026-09-19T12:00:00,2026-09-19 18:00:00,2026-09-20 01:00:00,5-6,21,85,0,0,4.7,S,214,N,,,0,Cerah,Sunny,https://api-apps.bmkg.go.id/storage/icon/cuaca/cerah-pm.svg,2026-09-19T18:00:00Z
33,33.74,33.74.12,33.74.12.1001,33.74.12.1001,Jawa Tengah,Kota Semarang,Gunungpati,Pakintelan,2026-09-19T12:00:00,2026-09-19 21:00:00,2026-09-20 04:00:00,8-9,21,84,0,0,3.3,S,207,N,,,0,Cerah,Sunny,https://api-apps.bmkg.go.id/storage/icon/cuaca/cerah-pm.svg,2026-09-19T21:00:00Z
33,33.74,33.74.12,33.74.12.1001,33.74.12.1001,Jawa Tengah,Kota Semarang,Gunungpati,Pakintelan,2026-09-19T12:00:00,2026-09-20 00:00:00,2026-09-20 07:00:00,11-12,26,61,0,1,5.2,SE,140,NW,,,0,Cerah,Sunny,https://api-apps.bmkg.go.id/storage/icon/cuaca/cerah-am.svg,2026-09-20T00:00:00Z
33,33.74,33.74.12,33.74.12.1001,33.74.12.1001,Jawa Tengah,Kota Semarang,Gunungpati,Pakintelan,2026-09-19T12:00:00,2026-09-20 03:00:00,2026-09-20 10:00:00,14-15,30,52,0.2,7,10.1,E,98,W,,,0,Cerah,Sunny,https://api-apps.bmkg.go.id/storage/icon/cuaca/cerah-am.svg,2026-09-20T03:00:00Z
33,33.74,33.74.12,33.74.12.1001,33.74.12.1001,Jawa Tengah,Kota Semarang,Gunungpati,Pakintelan,2026-09-19T12:00:00,2026-09-20 06:00:00,2026-09-20 13:00:00,17-18,31,54,0.3,68,11.4,E,95,W,,,2,Cerah Berawan,Partly Cloudy,https://api-apps.bmkg.go.id/storage/icon/cuaca/cerah berawan-am.svg,2026-09-20T06:00:00Z
33,33.74,33.74.12,33.74.12.1001,33.74.12.1001,Jawa Tengah,Kota Semarang,Gunungpati,Pakintelan,2026-09-19T12:00:00,2026-09-20 09:00:00,2026-09-20 16:00:00,20-21,27,72,0,71,6.1,N,15,S,,,2,Cerah Berawan,Partly Cloudy,https://api-apps.bmkg.go.id/storage/icon/cuaca/cerah berawan-am.svg,2026-09-20T09:00:00Z
33,33.74,33.74.12,33.74.12.1001,33.74.12.1001,Jawa Tengah,Kota Semarang,Gunungpati,Pakintelan,2026-09-19T12:00:00,2026-09-20 12:00:00,2026-09-20 19:00:00,23-24,24,89,0.2,3,4.2,W,280,E,,,0,Cerah,Sunny,https://api-apps.bmkg.go.id/storage/icon/cuaca/cerah-pm.svg,2026-09-20T12:00:00Z
33,33.74,33.74.12,33.74.12.1001,33.74.12.1001,Jawa Tengah,Kota Semarang,Gunungpati,Pakintelan,2026-09-19T12:00:00,2026-09-20 15:00:00,2026-09-20 22:00:00,26-27,23,94,0,0,2,SE,164,NW,,,0,Cerah,Sunny,https://api-apps.bmkg.go.id/storage/icon/cuaca/cerah-pm.svg,2026-09-20T15:00:00Z
33,33.74,33.74.12,33.74.12.1001,33.74.12.1001,Jawa Tengah,Kota Semarang,Gunungpati,Pakintelan,2026-09-19T12:00:00,2026-09-20 18:00:00,2026-09-21 01:00:00,29-30,22,93,0,0,2.2,S,192,N,,,0,Cerah,Sunny,https://api-apps.bmkg.go.id/storage/icon/cuaca/cerah-pm.svg,2026-09-20T18:00:00Z
33,33.74,33.74.12,33.74.12.1001,33.74.12.1001,Jawa Tengah,Kota Semarang,Gunungpati,Pakintelan,2026-09-19T12:00:00,2026-09-20 21:00:00,2026-09-21 04:00:00,32-33,22,83,0,0,4.9,SE,146,NW,,,0,Cerah,Sunny,https://api-apps.bmkg.go.id/storage/icon/cuaca/cerah-pm.svg,2026-09-20T21:00:00Z
33,33.74,33.74.12,33.74.12.1001,33.74.12.1001,Jawa Tengah,Kota Semarang,Gunungpati,Pakintelan,2026-09-19T12:00:00,2026-09-21 00:00:00,2026-09-21 07:00:00,35-36,26,66,0,0,10.1,SE,138,NW,,,0,Cerah,Sunny,https://api-apps.bmkg.go.id/storage/icon/cuaca/cerah-am.svg,2026-09-21T00:00:00Z
33,33.74,33.74.12,33.74.12.1001,33.74.12.1001,Jawa Tengah,Kota Semarang,Gunungpati,Pakintelan,2026-09-19T12:00:00,2026-09-21 03:00:00,2026-09-21 10:00:00,38-39,30,51,0,25,12.6,E,115,W,,,1,Cerah,Sunny,https://api-apps.bmkg.go.id/storage/icon/cuaca/cerah-am.svg,2026-09-21T03:00:00Z
33,33.74,33.74.12,33.74.12.1001,33.74.12.1001,Jawa Tengah,Kota Semarang,Gunungpati,Pakintelan,2026-09-19T12:00:00,2026-09-21 06:00:00,2026-09-21 13:00:00,41-42,32,46,0.3,13,12.7,E,98,W,,,1,Cerah,Sunny,https://api-apps.bmkg.go.id/storage/icon/cuaca/cerah-am.svg,2026-09-21T06:00:00Z
33,33.74,33.74.12,33.74.12.1001,33.74.12.1001,Jawa Tengah,Kota Semarang,Gunungpati,Pakintelan,2026-09-19T12:00:00,2026-09-21 09:00:00,2026-09-21 16:00:00,44-45,27,77,0.1,26,3.8,NW,341,SE,,,1,Cerah,Sunny,https://api-apps.bmkg.go.id/storage/icon/cuaca/cerah-am.svg,2026-09-21T09:00:00Z
33,33.74,33.74.12,33.74.12.1001,33.74.12.1001,Jawa Tengah,Kota Semarang,Gunungpati,Pakintelan,2026-09-19T12:00:00,2026-09-21 12:00:00,2026-09-21 19:00:00,47-48,24,87,0,26,8.1,SW,248,NE,,,1,Cerah,Sunny,https://api-apps.bmkg.go.id/storage/icon/cuaca/cerah-pm.svg,2026-09-21T12:00:00Z
33,33.74,33.74.12,33.74.12.1001,33.74.12.1001,Jawa Tengah,Kota Semarang,Gunungpati,Pakintelan,2026-09-19T12:00:00,2026-09-21 15:00:00,2026-09-21 22:00:00,50-51,23,93,0,26,1.8,E,122,W,,,1,Cerah,Sunny,https://api-apps.bmkg.go.id/storage/icon/cuaca/cerah-pm.svg,2026-09-21T15:00:00Z
33,33.74,33.74.12,33.74.12.1002,33.74.12.1002,Jawa Tengah,Kota Semarang,Gunungpati,Mangunsari,2026-09-19T12:00:00,2026-09-19 16:00:00,2026-09-19 23:00:00,3-4,23,82,0,25,4.7,S,214,N,,,1,Cerah,Sunny,https://api-apps.bmkg.go.id/storage/icon/cuaca/cerah-pm.svg,2026-09-19T16:00:00Z
33,33.74,33.74.12,33.74.12.1002,33.74.12.1002,Jawa Tengah,Kota Semarang,Gunungpati,Mangunsari,2026-09-19T12:00:00,2026-09-19 19:00:00,2026-09-20 02:00:00,6-7,22,82,0,0,3.3,S,207,N,,,0,Cerah,Sunny,https://api-apps.bmkg.go.id/storage/icon/cuaca/cerah-pm.svg,2026-09-19T19:00:00Z
33,33.74,33.74.12,33.74.12.1002,33.74.12.1002,Jawa Tengah,Kota Semarang,Gunungpati,Mangunsari,2026-09-19T12:00:00,2026-09-19 22:00:00,2026-09-20 05:00:00,9-10,22,78,0,0,5.2,SE,140,NW,,,0,Cerah,Sunny,https://api-apps.bmkg.go.id/storage/icon/cuaca/cerah-pm.svg,2026-09-19T22:00:00Z
33,33.74,33.74.12,33.74.12.1002,33.74.12.1002,Jawa Tengah,Kota Semarang,Gunungpati,Mangunsari,2026-09-19T12:00:00,2026-09-20 01:00:00,2026-09-20 08:00:00,12-13,28,56,0,0,10.1,E,98,W,,,0,Cerah,Sunny,https://api-apps.bmkg.go.id/storage/icon/cuaca/cerah-am.svg,2026-09-20T01:00:00Z
33,33.74,33.74.12,33.74.12.1002,33.74.12.1002,Jawa Tengah,Kota Semarang,Gunungpati,Mangunsari,2026-09-19T12:00:00,2026-09-20 04:00:00,2026-09-20 11:00:00,15-16,32,47,0.2,12,11.4,E,95,W,,,1,Cerah,Sunny,https://api-apps.bmkg.go.id/storage/icon/cuaca/cerah-am.svg,2026-09-20T04:00:00Z
33,33.74,33.74.12,33.74.12.1002,33.74.12.1002,Jawa Tengah,Kota Semarang,Gunungpati,Mangunsari,2026-09-19T12:00:00,2026-09-20 07:00:00,2026-09-20 14:00:00,18-19,31,54,0.3,75,6.1,N,15,S,,,2,Cerah Berawan,Partly Cloudy,https://api-apps.bmkg.go.id/storage/icon/cuaca/cerah berawan-am.svg,2026-09-20T07:00:00Z
33,33.74,33.74.12,33.74.12.1002,33.74.12.1002,Jawa Tengah,Kota Semarang,Gunungpati,Mangunsari,2026-09-19T12:00:00,2026-09-20 10:00:00,2026-09-20 17:00:00,21-22,26,82,0,41,4.2,W,280,E,,,1,Cerah,Sunny,https://api-apps.bmkg.go.id/storage/icon/cuaca/cerah-am.svg,2026-09-20T10:00:00Z
33,33.74,33.74.12,33.74.12.1002,33.74.12.1002,Jawa Tengah,Kota Semarang,Gunungpati,Mangunsari,2026-09-19T12:00:00,2026-09-20 13:00:00,2026-09-20 20:00:00,24-25,24,86,0.1,10,2,SE,164,NW,,,0,Cerah,Sunny,https://api-apps.bmkg.go.id/storage/icon/cuaca/cerah-pm.svg,2026-09-20T13:00:00Z
33,33.74,33.74.12,33.74.12.1002,33.74.12.1002,Jawa Tengah,Kota Semarang,Gunungpati,Mangunsari,2026-09-19T12:00:00,2026-09-20 16:00:00,2026-09-20 23:00:00,27-28,24,91,0,2,2.2,S,192,N,,,0,Cerah,Sunny,https://api-apps.bmkg.go.id/storage/icon/cuaca/cerah-pm.svg,2026-09-20T16:00:00Z
33,33.74,33.74.12,33.74.12.1002,33.74.12.1002,Jawa Tengah,Kota Semarang,Gunungpati,Mangunsari,2026-09-19T12:00:00,2026-09-20 19:00:00,2026-09-21 02:00:00,30-31,23,86,0,0,4.9,SE,146,NW,,,0,Cerah,Sunny,https://api-apps.bmkg.go.id/storage/icon/cuaca/cerah-pm.svg,2026-09-20T19:00:00Z
33,33.74,33.74.12,33.74.12.1002,33.74.12.1002,Jawa Tengah,Kota Semarang,Gunungpati,Mangunsari,2026-09-19T12:00:00,2026-09-20 22:00:00,2026-09-21 05:00:00,33-34,23,80,0,0,10.1,SE,138,NW,,,0,Cerah,Sunny,https://api-apps.bmkg.go.id/storage/icon/cuaca/cerah-pm.svg,2026-09-20T22:00:00Z
33,33.74,33.74.12,33.74.12.1002,33.74.12.1002,Jawa Tengah,Kota Semarang,Gunungpati,Mangunsari,2026-09-19T12:00:00,2026-09-21 01:00:00,2026-09-21 08:00:00,36-37,28,57,0,0,12.6,E,115,W,,,0,Cerah,Sunny,https://api-apps.bmkg.go.id/storage/icon/cuaca/cerah-am.svg,2026-09-21T01:00:00Z
33,33.74,33.74.12,33.74.12.1002,33.74.12.1002,Jawa Tengah,Kota Semarang,Gunungpati,Mangunsari,2026-09-19T12:00:00,2026-09-21 04:00:00,2026-09-21 11:00:00,39-40,32,46,0,32,12.7,E,98,W,,,1,Cerah,Sunny,https://api-apps.bmkg.go.id/storage/icon/cuaca/cerah-am.svg,2026-09-21T04:00:00Z
33,33.74,33.74.12,33.74.12.1002,33.74.12.1002,Jawa Tengah,Kota Semarang,Gunungpati,Mangunsari,2026-09-19T12:00:00,2026-09-21 07:00:00,2026-09-21 14:00:00,42-43,31,57,0.3,44,3.8,NW,341,SE,,,1,Cerah,Sunny,https://api-apps.bmkg.go.id/storage/icon/cuaca/cerah-am.svg,2026-09-21T07:00:00Z
33,33.74,33.74.12,33.74.12.1002,33.74.12.1002,Jawa Tengah,Kota Semarang,Gunungpati,Mangunsari,2026-09-19T12:00:00,2026-09-21 10:00:00,2026-09-21 17:00:00,45-46,26,82,0.1,22,8.1,SW,248,NE,,,1,Cerah,Sunny,https://api-apps.bmkg.go.id/storage/icon/cuaca/cerah-am.svg,2026-09-21T10:00:00Z
33,33.74,33.74.12,33.74.12.1002,33.74.12.1002,Jawa Tengah,Kota Semarang,Gunungpati,Mangunsari,2026-09-19T12:00:00,2026-09-21 13:00:00,2026-09-21 20:00:00,48-49,24,87,0,28,1.8,E,122,W,,,1,Cerah,Sunny,https://api-apps.bmkg.go.id/storage/icon/cuaca/cerah-pm.svg,2026-09-21T13:00:00Z
33,33.74,33.74.12,33.74.12.1002,33.74.12.1002,Jawa Tengah,Kota Semarang,Gunungpati,Mangunsari,2026-09-19T12:00:00,2026-09-21 16:00:00,2026-09-21 23:00:00,51-52,23,90,0,16,5.3,S,213,N,,,1,Cerah,Sunny,https://api-apps.bmkg.go.id/storage/icon/cuaca/cerah-pm.svg,2026-09-21T16:00:00Z
33,33.74,33.74.12,33.74.12.1003,33.74.12.1003,Jawa Tengah,Kota Semarang,Gunungpati,Plalangan,2026-09-19T12:00:00,2026-09-19 15:00:00,2026-09-19 22:00:00,2-3,23,84,0,23,4.6,S,223,N,,,1,Cerah,Sunny,https://api-apps.bmkg.go.id/storage/icon/cuaca/cerah-pm.svg,2026-09-19T15:00:00Z
33,33.74,33.74.12,33.74.12.1003,33.74.12.1003,Jawa Tengah,Kota Semarang,Gunungpati,Plalangan,2026-09-19T12:00:00,2026-09-19 18:00:00,2026-09-20 01:00:00,5-6,21,83,0,0,4.7,S,214,N,,,0,Cerah,Sunny,https://api-apps.bmkg.go.id/storage/icon/cuaca/cerah-pm.svg,2026-09-19T18:00:00Z
33,33.74,33.74.12,33.74.12.1003,33.74.12.1003,Jawa Tengah,Kota Semarang,Gunungpati,Plalangan,2026-09-19T12:00:00,2026-09-19 21:00:00,2026-09-20 04:00:00,8-9,21,84,0,0,3.3,S,207,N,,,0,Cerah,Sunny,https://api-apps.bmkg.go.id/storage/icon/cuaca/cerah-pm.svg,2026-09-19T21:00:00Z
33,33.74,33.74.12,33.74.12.1003,33.74.12.1003,Jawa Tengah,Kota Semarang,Gunungpati,Plalangan,2026-09-19T12:00:00,2026-09-20 00:00:00,2026-09-20 07:00:00,11-12,26,61,0,1,5.2,SE,140,NW,,,0,Cerah,Sunny,https://api-apps.bmkg.go.id/storage/icon/cuaca/cerah-am.svg,2026-09-20T00:00:00Z
33,33.74,33.74.12,33.74.12.1003,33.74.12.1003,Jawa Tengah,Kota Semarang,Gunungpati,Plalangan,2026-09-19T12:00:00,2026-09-20 03:00:00,2026-09-20 10:00:00,14-15,30,52,0.2,9,10.1,E,98,W,,,0,Cerah,Sunny,https://api-apps.bmkg.go.id/storage/icon/cuaca/cerah-am.svg,2026-09-20T03:00:00Z
33,33.74,33.74.12,33.74.12.1003,33.74.12.1003,Jawa Tengah,Kota Semarang,Gunungpati,Plalangan,2026-09-19T12:00:00,2026-09-20 06:00:00,2026-09-20 13:00:00,17-18,31,54,1.7,76,11.4,E,95,W,,,61,Hujan Ringan,Light Rain,https://api-apps.bmkg.go.id/storage/icon/cuaca/hujan ringan-am.svg,2026-09-20T06:00:00Z
33,33.74,33.74.12,33.74.12.1003,33.74.12.1003,Jawa Tengah,Kota Semarang,Gunungpati,Plalangan,2026-09-19T12:00:00,2026-09-20 09:00:00,2026-09-20 16:00:00,20-21,27,73,0,68,6.1,N,15,S,,,2,Cerah Berawan,Partly Cloudy,https://api-apps.bmkg.go.id/storage/icon/cuaca/cerah berawan-am.svg,2026-09-20T09:00:00Z
33,33.74,33.74.12,33.74.12.1003,33.74.12.1003,Jawa Tengah,Kota Semarang,Gunungpati,Plalangan,2026-09-19T12:00:00,2026-09-20 12:00:00,2026-09-20 19:00:00,23-24,24,88,0.1,1,4.2,W,280,E,,,0,Cerah,Sunny,https://api-apps.bmkg.go.id/storage/icon/cuaca/cerah-pm.svg,2026-09-20T12:00:00Z
33,33.74,33.74.12,33.74.12.1003,33.74.12.1003,Jawa Tengah,Kota Semarang,Gunungpati,Plalangan,2026-09-19T12:00:00,2026-09-20 15:00:00,2026-09-20 22:00:00,26-27,23,93,0,10,2,SE,164,NW,,,1,Cerah,Sunny,https://api-apps.bmkg.go.id/storage/icon/cuaca/cerah-pm.svg,2026-09-20T15:00:00Z
33,33.74,33.74.12,33.74.12.1003,33.74.12.1003,Jawa Tengah,Kota Semarang,Gunungpati,Plalangan,2026-09-19T12:00:00,2026-09-20 18:00:00,2026-09-21 01:00:00,29-30,22,93,0,0,2.2,S,192,N,,,0,Cerah,Sunny,https://api-apps.bmkg.go.id/storage/icon/cuaca/cerah-pm.svg,2026-09-20T18:00:00Z
33,33.74,33.74.12,33.74.12.1003,33.74.12.1003,Jawa Tengah,Kota Semarang,Gunungpati,Plalangan,2026-09-19T12:00:00,2026-09-20 21:00:00,2026-09-21 04:00:00,32-33,22,84,0,0,4.9,SE,146,NW,,,0,Cerah,Sunny,https://api-apps.bmkg.go.id/storage/icon/cuaca/cerah-pm.svg,2026-09-20T21:00:00Z
33,33.74,33.74.12,33.74.12.1003,33.74.12.1003,Jawa Tengah,Kota Semarang,Gunungpati,Plalangan,2026-09-19T12:00:00,2026-09-21 00:00:00,2026-09-21 07:00:00,35-36,26,66,0,0,10.1,SE,138,NW,,,0,Cerah,Sunny,https://api-apps.bmkg.go.id/storage/icon/cuaca/cerah-am.svg,2026-09-21T00:00:00Z
33,33.74,33.74.12,33.74.12.1003,33.74.12.1003,Jawa Tengah,Kota Semarang,Gunungpati,Plalangan,2026-09-19T12:00:00,2026-09-21 03:00:00,2026-09-21 10:00:00,38-39,30,51,0,28,12.6,E,115,W,,,1,Cerah,Sunny,https://api-apps.bmkg.go.id/storage/icon/cuaca/cerah-am.svg,2026-09-21T03:00:00Z
33,33.74,33.74.12,33.74.12.1003,33.74.12.1003,Jawa Tengah,Kota Semarang,Gunungpati,Plalangan,2026-09-19T12:00:00,2026-09-21 06:00:00,2026-09-21 13:00:00,41-42,32,47,0.4,16,12.7,E,98,W,,,1,Cerah,Sunny,https://api-apps.bmkg.go.id/storage/icon/cuaca/cerah-am.svg,2026-09-21T06:00:00Z
33,33.74,33.74.12,33.74.12.1003,33.74.12.1003,Jawa Tengah,Kota Semarang,Gunungpati,Plalangan,2026-09-19T12:00:00,2026-09-21 09:00:00,2026-09-21 16:00:00,44-45,26,80,0.1,38,3.8,NW,341,SE,,,1,Cerah,Sunny,https://api-apps.bmkg.go.id/storage/icon/cuaca/cerah-am.svg,2026-09-21T09:00:00Z
33,33.74,33.74.12,33.74.12.1003,33.74.12.1003,Jawa Tengah,Kota Semarang,Gunungpati,Plalangan,2026-09-19T12:00:00,2026-09-21 12:00:00,2026-09-21 19:00:00,47-48,24,87,0,40,8.1,SW,248,NE,,,1,Cerah,Sunny,https://api-apps.bmkg.go.id/storage/icon/cuaca/cerah-pm.svg,2026-09-21T12:00:00Z
33,33.74,33.74.12,33.74.12.1003,33.74.12.1003,Jawa Tengah,Kota Semarang,Gunungpati,Plalangan,2026-09-19T12:00:00,2026-09-21 15:00:00,2026-09-21 22:00:00,50-51,23,93,0,27,1.8,E,122,W,,,1,Cerah,Sunny,https://api-apps.bmkg.go.id/storage/icon/cuaca/cerah-pm.svg,2026-09-21T15:00:00Z
33,33.74,33.74.12,33.74.12.1004,33.74.12.1004,Jawa Tengah,Kota Semarang,Gunungpati,Gunungpati,2026-09-19T12:00:00,2026-09-19 15:00:00,2026-09-19 22:00:00,2-3,22,82,0,22,4.6,S,223,N,,,1,Cerah,Sunny,https://api-apps.bmkg.go.id/storage/icon/cuaca/cerah-pm.svg,2026-09-19T15:00:00Z
33,33.74,33.74.12,33.74.12.1004,33.74.12.1004,Jawa Tengah,Kota Semarang,Gunungpati,Gunungpati,2026-09-19T12:00:00,2026-09-19 18:00:00,2026-09-20 01:00:00,5-6,21,82,0,0,4.7,S,214,N,,,0,Cerah,Sunny,https://api-apps.bmkg.go.id/storage/icon/cuaca/cerah-pm.svg,2026-09-19T18:00:00Z
33,33.74,33.74.12,33.74.12.1004,33.74.12.1004,Jawa Tengah,Kota Semarang,Gunungpati,Gunungpati,2026-09-19T12:00:00,2026-09-19 21:00:00,2026-09-20 04:00:00,8-9,21,84,0,0,3.3,S,207,N,,,0,Cerah,Sunny,https://api-apps.bmkg.go.id/storage/icon/cuaca/cerah-pm.svg,2026-09-19T21:00:00Z
33,33.74,33.74.12,33.74.12.1004,33.74.12.1004,Jawa Tengah,Kota Semarang,Gunungpati,Gunungpati,2026-09-19T12:00:00,2026-09-20 00:00:00,2026-09-20 07:00:00,11-12,26,60,0,1,5.2,SE,140,NW,,,0,Cerah,Sunny,https://api-apps.bmkg.go.id/storage/icon/cuaca/cerah-am.svg,2026-09-20T00:00:00Z
33,33.74,33.74.12,33.74.12.1004,33.74.12.1004,Jawa Tengah,Kota Semarang,Gunungpati,Gunungpati,2026-09-19T12:00:00,2026-09-20 03:00:00,2026-09-20 10:00:00,14-15,30,51,0.3,11,10.1,E,98,W,,,1,Cerah,Sunny,https://api-apps.bmkg.go.id/storage/icon/cuaca/cerah-am.svg,2026-09-20T03:00:00Z
33,33.74,33.74.12,33.74.12.1004,33.74.12.1004,Jawa Tengah,Kota Semarang,Gunungpati,Gunungpati,2026-09-19T12:00:00,2026-09-20 06:00:00,2026-09-20 13:00:00,17-18,31,55,1.7,83,11.4,E,95,W,,,61,Hujan Ringan,Light Rain,https://api-apps.bmkg.go.id/storage/icon/cuaca/hujan ringan-am.svg,2026-09-20T06:00:00Z
33,33.74,33.74.12,33.74.12.1004,33.74.12.1004,Jawa Tengah,Kota Semarang,Gunungpati,Gunungpati,2026-09-19T12:00:00,2026-09-20 09:00:00,2026-09-20 16:00:00,20-21,27,74,0,64,6.1,N,15,S,,,2,Cerah Berawan,Partly Cloudy,https://api-apps.bmkg.go.id/storage/icon/cuaca/cerah berawan-am.svg,2026-09-20T09:00:00Z
33,33.74,33.74.12,33.74.12.1004,33.74.12.1004,Jawa Tengah,Kota Semarang,Gunungpati,Gunungpati,2026-09-19T12:00:00,2026-09-20 12:00:00,2026-09-20 19:00:00,23-24,24,87,0.1,0,4.2,W,280,E,,,0,Cerah,Sunny,https://api-apps.bmkg.go.id/storage/icon/cuaca/cerah-pm.svg,2026-09-20T12:00:00Z
33,33.74,33.74.12,33.74.12.1004,33.74.12.1004,Jawa Tengah,Kota Semarang,Gunungpati,Gunungpati,2026-09-19T12:00:00,2026-09-20 15:00:00,2026-09-20 22:00:00,26-27,23,91,0,20,2,SE,164,NW,,,1,Cerah,Sunny,https://api-apps.bmkg.go.id/storage/icon/cuaca/cerah-pm.svg,2026-09-20T15:00:00Z
33,33.74,33.74.12,33.74.12.1004,33.74.12.1004,Jawa Tengah,Kota Semarang,Gunungpati,Gunungpati,2026-09-19T12:00:00,2026-09-20 18:00:00,2026-09-21 01:00:00,29-30,22,92,0,0,2.2,S,192,N,,,0,Cerah,Sunny,https://api-apps.bmkg.go.id/storage/icon/cuaca/cerah-pm.svg,2026-09-20T18:00:00Z
33,33.74,33.74.12,33.74.12.1004,33.74.12.1004,Jawa Tengah,Kota Semarang,Gunungpati,Gunungpati,2026-09-19T12:00:00,2026-09-20 21:00:00,2026-09-21 04:00:00,32-33,22,86,0,0,4.9,SE,146,NW,,,0,Cerah,Sunny,https://api-apps.bmkg.go.id/storage/icon/cuaca/cerah-pm.svg,2026-09-20T21:00:00Z
33,33.74,33.74.12,33.74.12.1004,33.74.12.1004,Jawa Tengah,Kota Semarang,Gunungpati,Gunungpati,2026-09-19T12:00:00,2026-09-21 00:00:00,2026-09-21 07:00:00,35-36,26,65,0,0,10.1,SE,138,NW,,,0,Cerah,Sunny,https://api-apps.bmkg.go.id/storage/icon/cuaca/cerah-am.svg,2026-09-21T00:00:00Z
33,33.74,33.74.12,33.74.12.1004,33.74.12.1004,Jawa Tengah,Kota Semarang,Gunungpati,Gunungpati,2026-09-19T12:00:00,2026-09-21 03:00:00,2026-09-21 10:00:00,38-39,30,50,0,31,12.6,E,115,W,,,1,Cerah,Sunny,https://api-apps.bmkg.go.id/storage/icon/cuaca/cerah-am.svg,2026-09-21T03:00:00Z
33,33.74,33.74.12,33.74.12.1004,33.74.12.1004,Jawa Tengah,Kota Semarang,Gunungpati,Gunungpati,2026-09-19T12:00:00,2026-09-21 06:00:00,2026-09-21 13:00:00,41-42,32,47,0.4,19,12.7,E,98,W,,,1,Cerah,Sunny,https://api-apps.bmkg.go.id/storage/icon/cuaca/cerah-am.svg,2026-09-21T06:00:00Z
33,33.74,33.74.12,33.74.12.1004,33.74.12.1004,Jawa Tengah,Kota Semarang,Gunungpati,Gunungpati,2026-09-19T12:00:00,2026-09-21 09:00:00,2026-09-21 16:00:00,44-45,26,82,0.1,48,3.8,NW,341,SE,,,1,Cerah,Sunny,https://api-apps.bmkg.go.id/storage/icon/cuaca/cerah-am.svg,2026-09-21T09:00:00Z
33,33.74,33.74.12,33.74.12.1004,33.74.12.1004,Jawa Tengah,Kota Semarang,Gunungpati,Gunungpati,2026-09-19T12:00:00,2026-09-21 12:00:00,2026-09-21 19:00:00,47-48,24,88,0,50,8.1,SW,248,NE,,,1,Cerah,Sunny,https://api-apps.bmkg.go.id/storage/icon/cuaca/cerah-pm.svg,2026-09-21T12:00:00Z
33,33.74,33.74.12,33.74.12.1004,33.74.12.1004,Jawa Tengah,Kota Semarang,Gunungpati,Gunungpati,2026-09-19T12:00:00,2026-09-21 15:00:00,2026-09-21 22:00:00,50-51,23,94,0,28,1.8,E,122,W,,,1,Cerah,Sunny,https://api-apps.bmkg.go.id/storage/icon/cuaca/cerah-pm.svg,2026-09-21T15:00:00Z
33,33.74,33.74.12,33.74.12.1005,33.74.12.1005,Jawa Tengah,Kota Semarang,Gunungpati,Nongkosawit,2026-09-19T12:00:00,2026-09-19 16:00:00,2026-09-19 23:00:00,3-4,23,82,0,25,4.7,S,214,N,,,1,Cerah,Sunny,https://api-apps.bmkg.go.id/storage/icon/cuaca/cerah-pm.svg,2026-09-19T16:00:00Z
33,33.74,33.74.12,33.74.12.1005,33.74.12.1005,Jawa Tengah,Kota Semarang,Gunungpati,Nongkosawit,2026-09-19T12:00:00,2026-09-19 19:00:00,2026-09-20 02:00:00,6-7,22,82,0,0,3.3,S,207,N,,,0,Cerah,Sunny,https://api-apps.bmkg.go.id/storage/icon/cuaca/cerah-pm.svg,2026-09-19T19:00:00Z
33,33.74,33.74.12,33.74.12.1005,33.74.12.1005,Jawa Tengah,Kota Semarang,Gunungpati,Nongkosawit,2026-09-19T12:00:00,2026-09-19 22:00:00,2026-09-20 05:00:00,9-10,22,78,0,0,5.2,SE,140,NW,,,0,Cerah,Sunny,https://api-apps.bmkg.go.id/storage/icon/cuaca/cerah-pm.svg,2026-09-19T22:00:00Z
33,33.74,33.74.12,33.74.12.1005,33.74.12.1005,Jawa Tengah,Kota Semarang,Gunungpati,Nongkosawit,2026-09-19T12:00:00,2026-09-20 01:00:00,2026-09-20 08:00:00,12-13,28,56,0,0,10.1,E,98,W,,,0,Cerah,Sunny,https://api-apps.bmkg.go.id/storage/icon/cuaca/cerah-am.svg,2026-09-20T01:00:00Z
33,33.74,33.74.12,33.74.12.1005,33.74.12.1005,Jawa Tengah,Kota Semarang,Gunungpati,Nongkosawit,2026-09-19T12:00:00,2026-09-20 04:00:00,2026-09-20 11:00:00,15-16,32,47,0.2,12,11.4,E,95,W,,,1,Cerah,Sunny,https://api-apps.bmkg.go.id/storage/icon/cuaca/cerah-am.svg,2026-09-20T04:00:00Z
33,33.74,33.74.12,33.74.12.1005,33.74.12.1005,Jawa Tengah,Kota Semarang,Gunungpati,Nongkosawit,2026-09-19T12:00:00,2026-09-20 07:00:00,2026-09-20 14:00:00,18-19,31,54,0.3,75,6.1,N,15,S,,,2,Cerah Berawan,Partly Cloudy,https://api-apps.bmkg.go.id/storage/icon/cuaca/cerah berawan-am.svg,2026-09-20T07:00:00Z
33,33.74,33.74.12,33.74.12.1005,33.74.12.1005,Jawa Tengah,Kota Semarang,Gunungpati,Nongkosawit,2026-09-19T12:00:00,2026-09-20 10:00:00,2026-09-20 17:00:00,21-22,26,82,0,41,4.2,W,280,E,,,1,Cerah,Sunny,https://api-apps.bmkg.go.id/storage/icon/cuaca/cerah-am.svg,2026-09-20T10:00:00Z
33,33.74,33.74.12,33.74.12.1005,33.74.12.1005,Jawa Tengah,Kota Semarang,Gunungpati,Nongkosawit,2026-09-19T12:00:00,2026-09-20 13:00:00,2026-09-20 20:00:00,24-25,24,86,0.1,10,2,SE,164,NW,,,0,Cerah,Sunny,https://api-apps.bmkg.go.id/storage/icon/cuaca/cerah-pm.svg,2026-09-20T13:00:00Z
33,33.74,33.74.12,33.74.12.1005,33.74.12.1005,Jawa Tengah,Kota Semarang,Gunungpati,Nongkosawit,2026-09-19T12:00:00,2026-09-20 16:00:00,2026-09-20 23:00:00,27-28,24,91,0,2,2.2,S,192,N,,,0,Cerah,Sunny,https://api-apps.bmkg.go.id/storage/icon/cuaca/cerah-pm.svg,2026-09-20T16:00:00Z
33,33.74,33.74.12,33.74.12.1005,33.74.12.1005,Jawa Tengah,Kota Semarang,Gunungpati,Nongkosawit,2026-09-19T12:00:00,2026-09-20 19:00:00,2026-09-21 02:00:00,30-31,23,86,0,0,4.9,SE,146,NW,,,0,Cerah,Sunny,https://api-apps.bmkg.go.id/storage/icon/cuaca/cerah-pm.svg,2026-09-20T19:00:00Z
33,33.74,33.74.12,33.74.12.1005,33.74.12.1005,Jawa Tengah,Kota Semarang,Gunungpati,Nongkosawit,2026-09-19T12:00:00,2026-09-20 22:00:00,2026-09-21 05:00:00,33-34,23,80,0,0,10.1,SE,138,NW,,,0,Cerah,Sunny,https://api-apps.bmkg.go.id/storage/icon/cuaca/cerah-pm.svg,2026-09-20T22:00:00Z
33,33.74,33.74.12,33.74.12.1005,33.74.12.1005,Jawa Tengah,Kota Semarang,Gunungpati,Nongkosawit,2026-09-19T12:00:00,2026-09-21 01:00:00,2026-09-21 08:00:00,36-37,28,57,0,0,12.6,E,115,W,,,0,Cerah,Sunny,https://api-apps.bmkg.go.id/storage/icon/cuaca/cerah-am.svg,2026-09-21T01:00:00Z
33,33.74,33.74.12,33.74.12.1005,33.74.12.1005,Jawa Tengah,Kota Semarang,Gunungpati,Nongkosawit,2026-09-19T12:00:00,2026-09-21 04:00:00,2026-09-21 11:00:00,39-40,32,46,0,32,12.7,E,98,W,,,1,Cerah,Sunny,https://api-apps.bmkg.go.id/storage/icon/cuaca/cerah-am.svg,2026-09-21T04:00:00Z
33,33.74,33.74.12,33.74.12.1005,33.74.12.1005,Jawa Tengah,Kota Semarang,Gunungpati,Nongkosawit,2026-09-19T12:00:00,2026-09-21 07:00:00,2026-09-21 14:00:00,42-43,31,57,0.3,44,3.8,NW,341,SE,,,1,Cerah,Sunny,https://api-apps.bmkg.go.id/storage/icon/cuaca/cerah-am.svg,2026-09-21T07:00:00Z
33,33.74,33.74.12,33.74.12.1005,33.74.12.1005,Jawa Tengah,Kota Semarang,Gunungpati,Nongkosawit,2026-09-19T12:00:00,2026-09-21 10:00:00,2026-09-21 17:00:00,45-46,26,82,0.1,22,8.1,SW,248,NE,,,1,Cerah,Sunny,https://api-apps.bmkg.go.id/storage/icon/cuaca/cerah-am.svg,2026-09-21T10:00:00Z
33,33.74,33.74.12,33.74.12.1005,33.74.12.1005,Jawa Tengah,Kota Semarang,Gunungpati,Nongkosawit,2026-09-19T12:00:00,2026-09-21 13:00:00,2026-09-21 20:00:00,48-49,24,87,0,28,1.8,E,122,W,,,1,Cerah,Sunny,https://api-apps.bmkg.go.id/storage/icon/cuaca/cerah-pm.svg,2026-09-21T13:00:00Z
33,33.74,33.74.12,33.74.12.1005,33.74.12.1005,Jawa Tengah,Kota Semarang,Gunungpati,Nongkosawit,2026-09-19T12:00:00,2026-09-21 16:00:00,2026-09-21 23:00:00,51-52,23,90,0,16,5.3,S,213,N,,,1,Cerah,Sunny,https://api-apps.bmkg.go.id/storage/icon/cuaca/cerah-pm.svg,2026-09-21T16:00:00Z
33,33.74,33.74.12,33.74.12.1006,33.74.12.1006,Jawa Tengah,Kota Semarang,Gunungpati,Pongangan,2026-09-19T12:00:00,2026-09-19 16:00:00,2026-09-19 23:00:00,3-4,24,81,0,16,4.7,S,214,N,,,1,Cerah,Sunny,https://api-apps.bmkg.go.id/storage/icon/cuaca/cerah-pm.svg,2026-09-19T16:00:00Z
33,33.74,33.74.12,33.74.12.1006,33.74.12.1006,Jawa Tengah,Kota Semarang,Gunungpati,Pongangan,2026-09-19T12:00:00,2026-09-19 19:00:00,2026-09-20 02:00:00,6-7,23,80,0,0,3.3,S,207,N,,,0,Cerah,Sunny,https://api-apps.bmkg.go.id/storage/icon/cuaca/cerah-pm.svg,2026-09-19T19:00:00Z
33,33.74,33.74.12,33.74.12.1006,33.74.12.1006,Jawa Tengah,Kota Semarang,Gunungpati,Pongangan,2026-09-19T12:00:00,2026-09-19 22:00:00,2026-09-20 05:00:00,9-10,23,76,0,0,5.2,SE,140,NW,,,0,Cerah,Sunny,https://api-apps.bmkg.go.id/storage/icon/cuaca/cerah-pm.svg,2026-09-19T22:00:00Z
33,33.74,33.74.12,33.74.12.1006,33.74.12.1006,Jawa Tengah,Kota Semarang,Gunungpati,Pongangan,2026-09-19T12:00:00,2026-09-20 01:00:00,2026-09-20 08:00:00,12-13,29,54,0,1,10.1,E,98,W,,,0,Cerah,Sunny,https://api-apps.bmkg.go.id/storage/icon/cuaca/cerah-am.svg,2026-09-20T01:00:00Z
33,33.74,33.74.12,33.74.12.1006,33.74.12.1006,Jawa Tengah,Kota Semarang,Gunungpati,Pongangan,2026-09-19T12:00:00,2026-09-20 04:00:00,2026-09-20 11:00:00,15-16,33,45,0.1,9,11.4,E,95,W,,,0,Cerah,Sunny,https://api-apps.bmkg.go.id/storage/icon/cuaca/cerah-am.svg,2026-09-20T04:00:00Z
33,33.74,33.74.12,33.74.12.1006,33.74.12.1006,Jawa Tengah,Kota Semarang,Gunungpati,Pongangan,2026-09-19T12:00:00,2026-09-20 07:00:00,2026-09-20 14:00:00,18-19,31,55,0.2,56,6.1,N,15,S,,,1,Cerah,Sunny,https://api-apps.bmkg.go.id/storage/icon/cuaca/cerah-am.svg,2026-09-20T07:00:00Z
33,33.74,33.74.12,33.74.12.1006,33.74.12.1006,Jawa Tengah,Kota Semarang,Gunungpati,Pongangan,2026-09-19T12:00:00,2026-09-20 10:00:00,2026-09-20 17:00:00,21-22,27,81,0,30,4.2,W,280,E,,,1,Cerah,Sunny,https://api-apps.bmkg.go.id/storage/icon/cuaca/cerah-am.svg,2026-09-20T10:00:00Z
33,33.74,33.74.12,33.74.12.1006,33.74.12.1006,Jawa Tengah,Kota Semarang,Gunungpati,Pongangan,2026-09-19T12:00:00,2026-09-20 13:00:00,2026-09-20 20:00:00,24-25,25,83,0.2,8,2,SE,164,NW,,,0,Cerah,Sunny,https://api-apps.bmkg.go.id/storage/icon/cuaca/cerah-pm.svg,2026-09-20T13:00:00Z
33,33.74,33.74.12,33.74.12.1006,33.74.12.1006,Jawa Tengah,Kota Semarang,Gunungpati,Pongangan,2026-09-19T12:00:00,2026-09-20 16:00:00,2026-09-20 23:00:00,27-28,24,88,0,0,2.2,S,192,N,,,0,Cerah,Sunny,https://api-apps.bmkg.go.id/storage/icon/cuaca/cerah-pm.svg,2026-09-20T16:00:00Z
33,33.74,33.74.12,33.74.12.1006,33.74.12.1006,Jawa Tengah,Kota Semarang,Gunungpati,Pongangan,2026-09-19T12:00:00,2026-09-20 19:00:00,2026-09-21 02:00:00,30-31,24,84,0,0,4.9,SE,146,NW,,,0,Cerah,Sunny,https://api-apps.bmkg.go.id/storage/icon/cuaca/cerah-pm.svg,2026-09-20T19:00:00Z
33,33.74,33.74.12,33.74.12.1006,33.74.12.1006,Jawa Tengah,Kota Semarang,Gunungpati,Pongangan,2026-09-19T12:00:00,2026-09-20 22:00:00,2026-09-21 05:00:00,33-34,24,77,0,0,10.1,SE,138,NW,,,0,Cerah,Sunny,https://api-apps.bmkg.go.id/storage/icon/cuaca/cerah-pm.svg,2026-09-20T22:00:00Z
33,33.74,33.74.12,33.74.12.1006,33.74.12.1006,Jawa Tengah,Kota Semarang,Gunungpati,Pongangan,2026-09-19T12:00:00,2026-09-21 01:00:00,2026-09-21 08:00:00,36-37,29,56,0,0,12.6,E,115,W,,,0,Cerah,Sunny,https://api-apps.bmkg.go.id/storage/icon/cuaca/cerah-am.svg,2026-09-21T01:00:00Z
33,33.74,33.74.12,33.74.12.1006,33.74.12.1006,Jawa Tengah,Kota Semarang,Gunungpati,Pongangan,2026-09-19T12:00:00,2026-09-21 04:00:00,2026-09-21 11:00:00,39-40,33,44,0,31,12.7,E,98,W,,,1,Cerah,Sunny,https://api-apps.bmkg.go.id/storage/icon/cuaca/cerah-am.svg,2026-09-21T04:00:00Z
33,33.74,33.74.12,33.74.12.1006,33.74.12.1006,Jawa Tengah,Kota Semarang,Gunungpati,Pongangan,2026-09-19T12:00:00,2026-09-21 07:00:00,2026-09-21 14:00:00,42-43,31,59,0.2,38,3.8,NW,341,SE,,,1,Cerah,Sunny,https://api-apps.bmkg.go.id/storage/icon/cuaca/cerah-am.svg,2026-09-21T07:00:00Z
33,33.74,33.74.12,33.74.12.1006,33.74.12.1006,Jawa Tengah,Kota Semarang,Gunungpati,Pongangan,2026-09-19T12:00:00,2026-09-21 10:00:00,2026-09-21 17:00:00,45-46,27,79,0.1,20,8.1,SW,248,NE,,,1,Cerah,Sunny,https://api-apps.bmkg.go.id/storage/icon/cuaca/cerah-am.svg,2026-09-21T10:00:00Z
33,33.74,33.74.12,33.74.12.1006,33.74.12.1006,Jawa Tengah,Kota Semarang,Gunungpati,Pongangan,2026-09-19T12:00:00,2026-09-21 13:00:00,2026-09-21 20:00:00,48-49,25,84,0,27,1.8,E,122,W,,,1,Cerah,Sunny,https://api-apps.bmkg.go.id/storage/icon/cuaca/cerah-pm.svg,2026-09-21T13:00:00Z
33,33.74,33.74.12,33.74.12.1006,33.74.12.1006,Jawa Tengah,Kota Semarang,Gunungpati,Pongangan,2026-09-19T12:00:00,2026-09-21 16:00:00,2026-09-21 23:00:00,51-52,24,86,0,14,5.3,S,213,N,,,1,Cerah,Sunny,https://api-apps.bmkg.go.id/storage/icon/cuaca/cerah-pm.svg,2026-09-21T16:00:00Z
33,33.74,33.74.12,33.74.12.1007,33.74.12.1007,Jawa Tengah,Kota Semarang,Gunungpati,Ngijo,2026-09-19T12:00:00,2026-09-19 16:00:00,2026-09-19 23:00:00,3-4,23,82,0,25,4.7,S,214,N,,,1,Cerah,Sunny,https://api-apps.bmkg.go.id/storage/icon/cuaca/cerah-pm.svg,2026-09-19T16:00:00Z
33,33.74,33.74.12,33.74.12.1007,33.74.12.1007,Jawa Tengah,Kota Semarang,Gunungpati,Ngijo,2026-09-19T12:00:00,2026-09-19 19:00:00,2026-09-20 02:00:00,6-7,22,82,0,0,3.3,S,207,N,,,0,Cerah,Sunny,https://api-apps.bmkg.go.id/storage/icon/cuaca/cerah-pm.svg,2026-09-19T19:00:00Z
33,33.74,33.74.12,33.74.12.1007,33.74.12.1007,Jawa Tengah,Kota Semarang,Gunungpati,Ngijo,2026-09-19T12:00:00,2026-09-19 22:00:00,2026-09-20 05:00:00,9-10,22,78,0,0,5.2,SE,140,NW,,,0,Cerah,Sunny,https://api-apps.bmkg.go.id/storage/icon/cuaca/cerah-pm.svg,2026-09-19T22:00:00Z
33,33.74,33.74.12,33.74.12.1007,33.74.12.1007,Jawa Tengah,Kota Semarang,Gunungpati,Ngijo,2026-09-19T12:00:00,2026-09-20 01:00:00,2026-09-20 08:00:00,12-13,28,56,0,0,10.1,E,98,W,,,0,Cerah,Sunny,https://api-apps.bmkg.go.id/storage/icon/cuaca/cerah-am.svg,2026-09-20T01:00:00Z
33,33.74,33.74.12,33.74.12.1007,33.74.12.1007,Jawa Tengah,Kota Semarang,Gunungpati,Ngijo,2026-09-19T12:00:00,2026-09-20 04:00:00,2026-09-20 11:00:00,15-16,32,47,0.2,12,11.4,E,95,W,,,1,Cerah,Sunny,https://api-apps.bmkg.go.id/storage/icon/cuaca/cerah-am.svg,2026-09-20T04:00:00Z
33,33.74,33.74.12,33.74.12.1007,33.74.12.1007,Jawa Tengah,Kota Semarang,Gunungpati,Ngijo,2026-09-19T12:00:00,2026-09-20 07:00:00,2026-09-20 14:00:00,18-19,31,54,0.3,75,6.1,N,15,S,,,2,Cerah Berawan,Partly Cloudy,https://api-apps.bmkg.go.id/storage/icon/cuaca/cerah berawan-am.svg,2026-09-20T07:00:00Z
33,33.74,33.74.12,33.74.12.1007,33.74.12.1007,Jawa Tengah,Kota Semarang,Gunungpati,Ngijo,2026-09-19T12:00:00,2026-09-20 10:00:00,2026-09-20 17:00:00,21-22,26,82,0,41,4.2,W,280,E,,,1,Cerah,Sunny,https://api-apps.bmkg.go.id/storage/icon/cuaca/cerah-am.svg,2026-09-20T10:00:00Z
33,33.74,33.74.12,33.74.12.1007,33.74.12.1007,Jawa Tengah,Kota Semarang,Gunungpati,Ngijo,2026-09-19T12:00:00,2026-09-20 13:00:00,2026-09-20 20:00:00,24-25,24,86,0.1,10,2,SE,164,NW,,,0,Cerah,Sunny,https://api-apps.bmkg.go.id/storage/icon/cuaca/cerah-pm.svg,2026-09-20T13:00:00Z
33,33.74,33.74.12,33.74.12.1007,33.74.12.1007,Jawa Tengah,Kota Semarang,Gunungpati,Ngijo,2026-09-19T12:00:00,2026-09-20 16:00:00,2026-09-20 23:00:00,27-28,24,91,0,2,2.2,S,192,N,,,0,Cerah,Sunny,https://api-apps.bmkg.go.id/storage/icon/cuaca/cerah-pm.svg,2026-09-20T16:00:00Z
33,33.74,33.74.12,33.74.12.1007,33.74.12.1007,Jawa Tengah,Kota Semarang,Gunungpati,Ngijo,2026-09-19T12:00:00,2026-09-20 19:00:00,2026-09-21 02:00:00,30-31,23,86,0,0,4.9,SE,146,NW,,,0,Cerah,Sunny,https://api-apps.bmkg.go.id/storage/icon/cuaca/cerah-pm.svg,2026-09-20T19:00:00Z
33,33.74,33.74.12,33.74.12.1007,33.74.12.1007,Jawa Tengah,Kota Semarang,Gunungpati,Ngijo,2026-09-19T12:00:00,2026-09-20 22:00:00,2026-09-21 05:00:00,33-34,23,80,0,0,10.1,SE,138,NW,,,0,Cerah,Sunny,https://api-apps.bmkg.go.id/storage/icon/cuaca/cerah-pm.svg,2026-09-20T22:00:00Z
33,33.74,33.74.12,33.74.12.1007,33.74.12.1007,Jawa Tengah,Kota Semarang,Gunungpati,Ngijo,2026-09-19T12:00:00,2026-09-21 01:00:00,2026-09-21 08:00:00,36-37,28,57,0,0,12.6,E,115,W,,,0,Cerah,Sunny,https://api-apps.bmkg.go.id/storage/icon/cuaca/cerah-am.svg,2026-09-21T01:00:00Z
33,33.74,33.74.12,33.74.12.1007,33.74.12.1007,Jawa Tengah,Kota Semarang,Gunungpati,Ngijo,2026-09-19T12:00:00,2026-09-21 04:00:00,2026-09-21 11:00:00,39-40,32,46,0,32,12.7,E,98,W,,,1,Cerah,Sunny,https://api-apps.bmkg.go.id/storage/icon/cuaca/cerah-am.svg,2026-09-21T04:00:00Z
33,33.74,33.74.12,33.74.12.1007,33.74.12.1007,Jawa Tengah,Kota Semarang,Gunungpati,Ngijo,2026-09-19T12:00:00,2026-09-21 07:00:00,2026-09-21 14:00:00,42-43,31,57,0.3,44,3.8,NW,341,SE,,,1,Cerah,Sunny,https://api-apps.bmkg.go.id/storage/icon/cuaca/cerah-am.svg,2026-09-21T07:00:00Z
33,33.74,33.74.12,33.74.12.1007,33.74.12.1007,Jawa Tengah,Kota Semarang,Gunungpati,Ngijo,2026-09-19T12:00:00,2026-09-21 10:00:00,2026-09-21 17:00:00,45-46,26,82,0.1,22,8.1,SW,248,NE,,,1,Cerah,Sunny,https://api-apps.bmkg.go.id/storage/icon/cuaca/cerah-am.svg,2026-09-21T10:00:00Z
33,33.74,33.74.12,33.74.12.1007,33.74.12.1007,Jawa Tengah,Kota Semarang,Gunungpati,Ngijo,2026-09-19T12:00:00,2026-09-21 13:00:00,2026-09-21 20:00:00,48-49,24,87,0,28,1.8,E,122,W,,,1,Cerah,Sunny,https://api-apps.bmkg.go.id/storage/icon/cuaca/cerah-pm.svg,2026-09-21T13:00:00Z
33,33.74,33.74.12,33.74.12.1007,33.74.12.1007,Jawa Tengah,Kota Semarang,Gunungpati,Ngijo,2026-09-19T12:00:00,2026-09-21 16:00:00,2026-09-21 23:00:00,51-52,23,90,0,16,5.3,S,213,N,,,1,Cerah,Sunny,https://api-apps.bmkg.go.id/storage/icon/cuaca/cerah-pm.svg,2026-09-21T16:00:00Z
33,33.74,33.74.12,33.74.12.1008,33.74.12.1008,Jawa Tengah,Kota Semarang,Gunungpati,Patemon,2026-09-19T12:00:00,2026-09-19 16:00:00,2026-09-19 23:00:00,3-4,23,84,0,30,4.7,S,214,N,,,1,Cerah,Sunny,https://api-apps.bmkg.go.id/storage/icon/cuaca/cerah-pm.svg,2026-09-19T16:00:00Z
33,33.74,33.74.12,33.74.12.1008,33.74.12.1008,Jawa Tengah,Kota Semarang,Gunungpati,Patemon,2026-09-19T12:00:00,2026-09-19 19:00:00,2026-09-20 02:00:00,6-7,22,83,0,0,3.3,S,207,N,,,0,Cerah,Sunny,https://api-apps.bmkg.go.id/storage/icon/cuaca/cerah-pm.svg,2026-09-19T19:00:00Z
33,33.74,33.74.12,33.74.12.1008,33.74.12.1008,Jawa Tengah,Kota Semarang,Gunungpati,Patemon,2026-09-19T12:00:00,2026-09-19 22:00:00,2026-09-20 05:00:00,9-10,23,78,0,0,5.2,SE,140,NW,,,0,Cerah,Sunny,https://api-apps.bmkg.go.id/storage/icon/cuaca/cerah-pm.svg,2026-09-19T22:00:00Z
33,33.74,33.74.12,33.74.12.1008,33.74.12.1008,Jawa Tengah,Kota Semarang,Gunungpati,Patemon,2026-09-19T12:00:00,2026-09-20 01:00:00,2026-09-20 08:00:00,12-13,28,56,0,0,10.1,E,98,W,,,0,Cerah,Sunny,https://api-apps.bmkg.go.id/storage/icon/cuaca/cerah-am.svg,2026-09-20T01:00:00Z
33,33.74,33.74.12,33.74.12.1008,33.74.12.1008,Jawa Tengah,Kota Semarang,Gunungpati,Patemon,2026-09-19T12:00:00,2026-09-20 04:00:00,2026-09-20 11:00:00,15-16,32,47,0.2,11,11.4,E,95,W,,,1,Cerah,Sunny,https://api-apps.bmkg.go.id/storage/icon/cuaca/cerah-am.svg,2026-09-20T04:00:00Z
33,33.74,33.74.12,33.74.12.1008,33.74.12.1008,Jawa Tengah,Kota Semarang,Gunungpati,Patemon,2026-09-19T12:00:00,2026-09-20 07:00:00,2026-09-20 14:00:00,18-19,31,52,0.3,73,6.1,N,15,S,,,2,Cerah Berawan,Partly Cloudy,https://api-apps.bmkg.go.id/storage/icon/cuaca/cerah berawan-am.svg,2026-09-20T07:00:00Z
33,33.74,33.74.12,33.74.12.1008,33.74.12.1008,Jawa Tengah,Kota Semarang,Gunungpati,Patemon,2026-09-19T12:00:00,2026-09-20 10:00:00,2026-09-20 17:00:00,21-22,26,82,0,41,4.2,W,280,E,,,1,Cerah,Sunny,https://api-apps.bmkg.go.id/storage/icon/cuaca/cerah-am.svg,2026-09-20T10:00:00Z
33,33.74,33.74.12,33.74.12.1008,33.74.12.1008,Jawa Tengah,Kota Semarang,Gunungpati,Patemon,2026-09-19T12:00:00,2026-09-20 13:00:00,2026-09-20 20:00:00,24-25,24,88,0.2,13,2,SE,164,NW,,,1,Cerah,Sunny,https://api-apps.bmkg.go.id/storage/icon/cuaca/cerah-pm.svg,2026-09-20T13:00:00Z
33,33.74,33.74.12,33.74.12.1008,33.74.12.1008,Jawa Tengah,Kota Semarang,Gunungpati,Patemon,2026-09-19T12:00:00,2026-09-20 16:00:00,2026-09-20 23:00:00,27-28,24,91,0,0,2.2,S,192,N,,,0,Cerah,Sunny,https://api-apps.bmkg.go.id/storage/icon/cuaca/cerah-pm.svg,2026-09-20T16:00:00Z
33,33.74,33.74.12,33.74.12.1008,33.74.12.1008,Jawa Tengah,Kota Semarang,Gunungpati,Patemon,2026-09-19T12:00:00,2026-09-20 19:00:00,2026-09-21 02:00:00,30-31,23,85,0,1,4.9,SE,146,NW,,,0,Cerah,Sunny,https://api-apps.bmkg.go.id/storage/icon/cuaca/cerah-pm.svg,2026-09-20T19:00:00Z
33,33.74,33.74.12,33.74.12.1008,33.74.12.1008,Jawa Tengah,Kota Semarang,Gunungpati,Patemon,2026-09-19T12:00:00,2026-09-20 22:00:00,2026-09-21 05:00:00,33-34,23,79,0,0,10.1,SE,138,NW,,,0,Cerah,Sunny,https://api-apps.bmkg.go.id/storage/icon/cuaca/cerah-pm.svg,2026-09-20T22:00:00Z
33,33.74,33.74.12,33.74.12.1008,33.74.12.1008,Jawa Tengah,Kota Semarang,Gunungpati,Patemon,2026-09-19T12:00:00,2026-09-21 01:00:00,2026-09-21 08:00:00,36-37,28,58,0,0,12.6,E,115,W,,,0,Cerah,Sunny,https://api-apps.bmkg.go.id/storage/icon/cuaca/cerah-am.svg,2026-09-21T01:00:00Z
33,33.74,33.74.12,33.74.12.1008,33.74.12.1008,Jawa Tengah,Kota Semarang,Gunungpati,Patemon,2026-09-19T12:00:00,2026-09-21 04:00:00,2026-09-21 11:00:00,39-40,32,46,0,32,12.7,E,98,W,,,1,Cerah,Sunny,https://api-apps.bmkg.go.id/storage/icon/cuaca/cerah-am.svg,2026-09-21T04:00:00Z
33,33.74,33.74.12,33.74.12.1008,33.74.12.1008,Jawa Tengah,Kota Semarang,Gunungpati,Patemon,2026-09-19T12:00:00,2026-09-21 07:00:00,2026-09-21 14:00:00,42-43,31,54,0.2,38,3.8,NW,341,SE,,,1,Cerah,Sunny,https://api-apps.bmkg.go.id/storage/icon/cuaca/cerah-am.svg,2026-09-21T07:00:00Z
33,33.74,33.74.12,33.74.12.1008,33.74.12.1008,Jawa Tengah,Kota Semarang,Gunungpati,Patemon,2026-09-19T12:00:00,2026-09-21 10:00:00,2026-09-21 17:00:00,45-46,27,80,0.1,22,8.1,SW,248,NE,,,1,Cerah,Sunny,https://api-apps.bmkg.go.id/storage/icon/cuaca/cerah-am.svg,2026-09-21T10:00:00Z
33,33.74,33.74.12,33.74.12.1008,33.74.12.1008,Jawa Tengah,Kota Semarang,Gunungpati,Patemon,2026-09-19T12:00:00,2026-09-21 13:00:00,2026-09-21 20:00:00,48-49,25,88,0,31,1.8,E,122,W,,,1,Cerah,Sunny,https://api-apps.bmkg.go.id/storage/icon/cuaca/cerah-pm.svg,2026-09-21T13:00:00Z
33,33.74,33.74.12,33.74.12.1008,33.74.12.1008,Jawa Tengah,Kota Semarang,Gunungpati,Patemon,2026-09-19T12:00:00,2026-09-21 16:00:00,2026-09-21 23:00:00,51-52,24,90,0,14,5.3,S,213,N,,,1,Cerah,Sunny,https://api-apps.bmkg.go.id/storage/icon/cuaca/cerah-pm.svg,2026-09-21T16:00:00Z
33,33.74,33.74.12,33.74.12.1009,33.74.12.1009,Jawa Tengah,Kota Semarang,Gunungpati,Sekaran,2026-09-19T12:00:00,2026-09-19 16:00:00,2026-09-19 23:00:00,3-4,24,83,0,21,4.7,S,214,N,,,1,Cerah,Sunny,https://api-apps.bmkg.go.id/storage/icon/cuaca/cerah-pm.svg,2026-09-19T16:00:00Z
33,33.74,33.74.12,33.74.12.1009,33.74.12.1009,Jawa Tengah,Kota Semarang,Gunungpati,Sekaran,2026-09-19T12:00:00,2026-09-19 19:00:00,2026-09-20 02:00:00,6-7,23,81,0,0,3.3,S,207,N,,,0,Cerah,Sunny,https://api-apps.bmkg.go.id/storage/icon/cuaca/cerah-pm.svg,2026-09-19T19:00:00Z
33,33.74,33.74.12,33.74.12.1009,33.74.12.1009,Jawa Tengah,Kota Semarang,Gunungpati,Sekaran,2026-09-19T12:00:00,2026-09-19 22:00:00,2026-09-20 05:00:00,9-10,23,75,0,0,5.2,SE,140,NW,,,0,Cerah,Sunny,https://api-apps.bmkg.go.id/storage/icon/cuaca/cerah-pm.svg,2026-09-19T22:00:00Z
33,33.74,33.74.12,33.74.12.1009,33.74.12.1009,Jawa Tengah,Kota Semarang,Gunungpati,Sekaran,2026-09-19T12:00:00,2026-09-20 01:00:00,2026-09-20 08:00:00,12-13,29,54,0,0,10.1,E,98,W,,,0,Cerah,Sunny,https://api-apps.bmkg.go.id/storage/icon/cuaca/cerah-am.svg,2026-09-20T01:00:00Z
33,33.74,33.74.12,33.74.12.1009,33.74.12.1009,Jawa Tengah,Kota Semarang,Gunungpati,Sekaran,2026-09-19T12:00:00,2026-09-20 04:00:00,2026-09-20 11:00:00,15-16,33,45,0.1,8,11.4,E,95,W,,,0,Cerah,Sunny,https://api-apps.bmkg.go.id/storage/icon/cuaca/cerah-am.svg,2026-09-20T04:00:00Z
33,33.74,33.74.12,33.74.12.1009,33.74.12.1009,Jawa Tengah,Kota Semarang,Gunungpati,Sekaran,2026-09-19T12:00:00,2026-09-20 07:00:00,2026-09-20 14:00:00,18-19,31,54,0.2,53,6.1,N,15,S,,,1,Cerah,Sunny,https://api-apps.bmkg.go.id/storage/icon/cuaca/cerah-am.svg,2026-09-20T07:00:00Z
33,33.74,33.74.12,33.74.12.1009,33.74.12.1009,Jawa Tengah,Kota Semarang,Gunungpati,Sekaran,2026-09-19T12:00:00,2026-09-20 10:00:00,2026-09-20 17:00:00,21-22,27,80,0,28,4.2,W,280,E,,,1,Cerah,Sunny,https://api-apps.bmkg.go.id/storage/icon/cuaca/cerah-am.svg,2026-09-20T10:00:00Z
33,33.74,33.74.12,33.74.12.1009,33.74.12.1009,Jawa Tengah,Kota Semarang,Gunungpati,Sekaran,2026-09-19T12:00:00,2026-09-20 13:00:00,2026-09-20 20:00:00,24-25,25,84,0.2,10,2,SE,164,NW,,,1,Cerah,Sunny,https://api-apps.bmkg.go.id/storage/icon/cuaca/cerah-pm.svg,2026-09-20T13:00:00Z
33,33.74,33.74.12,33.74.12.1009,33.74.12.1009,Jawa Tengah,Kota Semarang,Gunungpati,Sekaran,2026-09-19T12:00:00,2026-09-20 16:00:00,2026-09-20 23:00:00,27-28,25,88,0,0,2.2,S,192,N,,,0,Cerah,Sunny,https://api-apps.bmkg.go.id/storage/icon/cuaca/cerah-pm.svg,2026-09-20T16:00:00Z
33,33.74,33.74.12,33.74.12.1009,33.74.12.1009,Jawa Tengah,Kota Semarang,Gunungpati,Sekaran,2026-09-19T12:00:00,2026-09-20 19:00:00,2026-09-21 02:00:00,30-31,24,83,0,0,4.9,SE,146,NW,,,0,Cerah,Sunny,https://api-apps.bmkg.go.id/storage/icon/cuaca/cerah-pm.svg,2026-09-20T19:00:00Z
33,33.74,33.74.12,33.74.12.1009,33.74.12.1009,Jawa Tengah,Kota Semarang,Gunungpati,Sekaran,2026-09-19T12:00:00,2026-09-20 22:00:00,2026-09-21 05:00:00,33-34,24,76,0,0,10.1,SE,138,NW,,,0,Cerah,Sunny,https://api-apps.bmkg.go.id/storage/icon/cuaca/cerah-pm.svg,2026-09-20T22:00:00Z
33,33.74,33.74.12,33.74.12.1009,33.74.12.1009,Jawa Tengah,Kota Semarang,Gunungpati,Sekaran,2026-09-19T12:00:00,2026-09-21 01:00:00,2026-09-21 08:00:00,36-37,29,56,0,0,12.6,E,115,W,,,0,Cerah,Sunny,https://api-apps.bmkg.go.id/storage/icon/cuaca/cerah-am.svg,2026-09-21T01:00:00Z
33,33.74,33.74.12,33.74.12.1009,33.74.12.1009,Jawa Tengah,Kota Semarang,Gunungpati,Sekaran,2026-09-19T12:00:00,2026-09-21 04:00:00,2026-09-21 11:00:00,39-40,33,44,0,31,12.7,E,98,W,,,1,Cerah,Sunny,https://api-apps.bmkg.go.id/storage/icon/cuaca/cerah-am.svg,2026-09-21T04:00:00Z
33,33.74,33.74.12,33.74.12.1009,33.74.12.1009,Jawa Tengah,Kota Semarang,Gunungpati,Sekaran,2026-09-19T12:00:00,2026-09-21 07:00:00,2026-09-21 14:00:00,42-43,31,56,0.2,33,3.8,NW,341,SE,,,1,Cerah,Sunny,https://api-apps.bmkg.go.id/storage/icon/cuaca/cerah-am.svg,2026-09-21T07:00:00Z
33,33.74,33.74.12,33.74.12.1009,33.74.12.1009,Jawa Tengah,Kota Semarang,Gunungpati,Sekaran,2026-09-19T12:00:00,2026-09-21 10:00:00,2026-09-21 17:00:00,45-46,27,78,0.1,19,8.1,SW,248,NE,,,1,Cerah,Sunny,https://api-apps.bmkg.go.id/storage/icon/cuaca/cerah-am.svg,2026-09-21T10:00:00Z
33,33.74,33.74.12,33.74.12.1009,33.74.12.1009,Jawa Tengah,Kota Semarang,Gunungpati,Sekaran,2026-09-19T12:00:00,2026-09-21 13:00:00,2026-09-21 20:00:00,48-49,25,85,0,29,1.8,E,122,W,,,1,Cerah,Sunny,https://api-apps.bmkg.go.id/storage/icon/cuaca/cerah-pm.svg,2026-09-21T13:00:00Z
33,33.74,33.74.12,33.74.12.1009,33.74.12.1009,Jawa Tengah,Kota Semarang,Gunungpati,Sekaran,2026-09-19T12:00:00,2026-09-21 16:00:00,2026-09-21 23:00:00,51-52,25,85,0,12,5.3,S,213,N,,,1,Cerah,Sunny,https://api-apps.bmkg.go.id/storage/icon/cuaca/cerah-pm.svg,2026-09-21T16:00:00Z
33,33.74,33.74.12,33.74.12.1010,33.74.12.1010,Jawa Tengah,Kota Semarang,Gunungpati,Sukorejo,2026-09-19T12:00:00,2026-09-19 15:00:00,2026-09-19 22:00:00,2-3,25,81,0,1,4.4,E,114,W,,,0,Cerah,Sunny,https://api-apps.bmkg.go.id/storage/icon/cuaca/cerah-pm.svg,2026-09-19T15:00:00Z
33,33.74,33.74.12,33.74.12.1010,33.74.12.1010,Jawa Tengah,Kota Semarang,Gunungpati,Sukorejo,2026-09-19T12:00:00,2026-09-19 18:00:00,2026-09-20 01:00:00,5-6,24,82,0,0,4.7,SE,159,NW,,,0,Cerah,Sunny,https://api-apps.bmkg.go.id/storage/icon/cuaca/cerah-pm.svg,2026-09-19T18:00:00Z
33,33.74,33.74.12,33.74.12.1010,33.74.12.1010,Jawa Tengah,Kota Semarang,Gunungpati,Sukorejo,2026-09-19T12:00:00,2026-09-19 21:00:00,2026-09-20 04:00:00,8-9,24,77,0,0,7,SE,142,NW,,,0,Cerah,Sunny,https://api-apps.bmkg.go.id/storage/icon/cuaca/cerah-pm.svg,2026-09-19T21:00:00Z
33,33.74,33.74.12,33.74.12.1010,33.74.12.1010,Jawa Tengah,Kota Semarang,Gunungpati,Sukorejo,2026-09-19T12:00:00,2026-09-20 00:00:00,2026-09-20 07:00:00,11-12,28,56,0,3,8.3,E,130,W,,,0,Cerah,Sunny,https://api-apps.bmkg.go.id/storage/icon/cuaca/cerah-am.svg,2026-09-20T00:00:00Z
33,33.74,33.74.12,33.74.12.1010,33.74.12.1010,Jawa Tengah,Kota Semarang,Gunungpati,Sukorejo,2026-09-19T12:00:00,2026-09-20 03:00:00,2026-09-20 10:00:00,14-15,32,45,0.1,1,12.7,E,108,W,,,0,Cerah,Sunny,https://api-apps.bmkg.go.id/storage/icon/cuaca/cerah-am.svg,2026-09-20T03:00:00Z
33,33.74,33.74.12,33.74.12.1010,33.74.12.1010,Jawa Tengah,Kota Semarang,Gunungpati,Sukorejo,2026-09-19T12:00:00,2026-09-20 06:00:00,2026-09-20 13:00:00,17-18,33,46,0.2,14,8.9,NE,61,SW,,,1,Cerah,Sunny,https://api-apps.bmkg.go.id/storage/icon/cuaca/cerah-am.svg,2026-09-20T06:00:00Z
33,33.74,33.74.12,33.74.12.1010,33.74.12.1010,Jawa Tengah,Kota Semarang,Gunungpati,Sukorejo,2026-09-19T12:00:00,2026-09-20 09:00:00,2026-09-20 16:00:00,20-21,29,73,0,15,12.6,NW,345,SE,,,1,Cerah,Sunny,https://api-apps.bmkg.go.id/storage/icon/cuaca/cerah-am.svg,2026-09-20T09:00:00Z
33,33.74,33.74.12,33.74.12.1010,33.74.12.1010,Jawa Tengah,Kota Semarang,Gunungpati,Sukorejo,2026-09-19T12:00:00,2026-09-20 12:00:00,2026-09-20 19:00:00,23-24,27,78,0.2,8,8,W,285,E,,,0,Cerah,Sunny,https://api-apps.bmkg.go.id/storage/icon/cuaca/cerah-pm.svg,2026-09-20T12:00:00Z
33,33.74,33.74.12,33.74.12.1010,33.74.12.1010,Jawa Tengah,Kota Semarang,Gunungpati,Sukorejo,2026-09-19T12:00:00,2026-09-20 15:00:00,2026-09-20 22:00:00,26-27,26,85,0,0,3.3,SE,149,NW,,,0,Cerah,Sunny,https://api-apps.bmkg.go.id/storage/icon/cuaca/cerah-pm.svg,2026-09-20T15:00:00Z
33,33.74,33.74.12,33.74.12.1010,33.74.12.1010,Jawa Tengah,Kota Semarang,Gunungpati,Sukorejo,2026-09-19T12:00:00,2026-09-20 18:00:00,2026-09-21 01:00:00,29-30,25,85,0,0,6.7,E,134,W,,,0,Cerah,Sunny,https://api-apps.bmkg.go.id/storage/icon/cuaca/cerah-pm.svg,2026-09-20T18:00:00Z
33,33.74,33.74.12,33.74.12.1010,33.74.12.1010,Jawa Tengah,Kota Semarang,Gunungpati,Sukorejo,2026-09-19T12:00:00,2026-09-20 21:00:00,2026-09-21 04:00:00,32-33,25,75,0,0,9.3,SE,137,NW,,,0,Cerah,Sunny,https://api-apps.bmkg.go.id/storage/icon/cuaca/cerah-pm.svg,2026-09-20T21:00:00Z
33,33.74,33.74.12,33.74.12.1010,33.74.12.1010,Jawa Tengah,Kota Semarang,Gunungpati,Sukorejo,2026-09-19T12:00:00,2026-09-21 00:00:00,2026-09-21 07:00:00,35-36,28,61,0,0,13.1,E,134,W,,,0,Cerah,Sunny,https://api-apps.bmkg.go.id/storage/icon/cuaca/cerah-am.svg,2026-09-21T00:00:00Z
33,33.74,33.74.12,33.74.12.1010,33.74.12.1010,Jawa Tengah,Kota Semarang,Gunungpati,Sukorejo,2026-09-19T12:00:00,2026-09-21 03:00:00,2026-09-21 10:00:00,38-39,32,44,0,14,16.1,E,117,W,,,1,Cerah,Sunny,https://api-apps.bmkg.go.id/storage/icon/cuaca/cerah-am.svg,2026-09-21T03:00:00Z
33,33.74,33.74.12,33.74.12.1010,33.74.12.1010,Jawa Tengah,Kota Semarang,Gunungpati,Sukorejo,2026-09-19T12:00:00,2026-09-21 06:00:00,2026-09-21 13:00:00,41-42,34,46,0.1,15,12.6,E,97,W,,,1,Cerah,Sunny,https://api-apps.bmkg.go.id/storage/icon/cuaca/cerah-am.svg,2026-09-21T06:00:00Z
33,33.74,33.74.12,33.74.12.1010,33.74.12.1010,Jawa Tengah,Kota Semarang,Gunungpati,Sukorejo,2026-09-19T12:00:00,2026-09-21 09:00:00,2026-09-21 16:00:00,44-45,29,70,0,19,11.1,NW,331,SE,,,1,Cerah,Sunny,https://api-apps.bmkg.go.id/storage/icon/cuaca/cerah-am.svg,2026-09-21T09:00:00Z
33,33.74,33.74.12,33.74.12.1010,33.74.12.1010,Jawa Tengah,Kota Semarang,Gunungpati,Sukorejo,2026-09-19T12:00:00,2026-09-21 12:00:00,2026-09-21 19:00:00,47-48,27,77,0,24,10.8,W,281,E,,,1,Cerah,Sunny,https://api-apps.bmkg.go.id/storage/icon/cuaca/cerah-pm.svg,2026-09-21T12:00:00Z
33,33.74,33.74.12,33.74.12.1010,33.74.12.1010,Jawa Tengah,Kota Semarang,Gunungpati,Sukorejo,2026-09-19T12:00:00,2026-09-21 15:00:00,2026-09-21 22:00:00,50-51,26,84,0,12,6.7,E,98,W,,,1,Cerah,Sunny,https://api-apps.bmkg.go.id/storage/icon/cuaca/cerah-pm.svg,2026-09-21T15:00:00Z
33,33.74,33.74.12,33.74.12.1011,33.74.12.1011,Jawa Tengah,Kota Semarang,Gunungpati,Sadeng,2026-09-19T12:00:00,2026-09-19 16:00:00,2026-09-19 23:00:00,3-4,25,79,0,20,4.7,SE,159,NW,,,1,Cerah,Sunny,https://api-apps.bmkg.go.id/storage/icon/cuaca/cerah-pm.svg,2026-09-19T16:00:00Z
33,33.74,33.74.12,33.74.12.1011,33.74.12.1011,Jawa Tengah,Kota Semarang,Gunungpati,Sadeng,2026-09-19T12:00:00,2026-09-19 19:00:00,2026-09-20 02:00:00,6-7,24,78,0,0,7,SE,142,NW,,,0,Cerah,Sunny,https://api-apps.bmkg.go.id/storage/icon/cuaca/cerah-pm.svg,2026-09-19T19:00:00Z
33,33.74,33.74.12,33.74.12.1011,33.74.12.1011,Jawa Tengah,Kota Semarang,Gunungpati,Sadeng,2026-09-19T12:00:00,2026-09-19 22:00:00,2026-09-20 05:00:00,9-10,24,73,0,0,8.3,E,130,W,,,0,Cerah,Sunny,https://api-apps.bmkg.go.id/storage/icon/cuaca/cerah-pm.svg,2026-09-19T22:00:00Z
33,33.74,33.74.12,33.74.12.1011,33.74.12.1011,Jawa Tengah,Kota Semarang,Gunungpati,Sadeng,2026-09-19T12:00:00,2026-09-20 01:00:00,2026-09-20 08:00:00,12-13,30,53,0,1,12.7,E,108,W,,,0,Cerah,Sunny,https://api-apps.bmkg.go.id/storage/icon/cuaca/cerah-am.svg,2026-09-20T01:00:00Z
33,33.74,33.74.12,33.74.12.1011,33.74.12.1011,Jawa Tengah,Kota Semarang,Gunungpati,Sadeng,2026-09-19T12:00:00,2026-09-20 04:00:00,2026-09-20 11:00:00,15-16,34,43,0.1,6,8.9,NE,61,SW,,,0,Cerah,Sunny,https://api-apps.bmkg.go.id/storage/icon/cuaca/cerah-am.svg,2026-09-20T04:00:00Z
33,33.74,33.74.12,33.74.12.1011,33.74.12.1011,Jawa Tengah,Kota Semarang,Gunungpati,Sadeng,2026-09-19T12:00:00,2026-09-20 07:00:00,2026-09-20 14:00:00,18-19,32,56,0.2,17,12.6,NW,345,SE,,,1,Cerah,Sunny,https://api-apps.bmkg.go.id/storage/icon/cuaca/cerah-am.svg,2026-09-20T07:00:00Z
33,33.74,33.74.12,33.74.12.1011,33.74.12.1011,Jawa Tengah,Kota Semarang,Gunungpati,Sadeng,2026-09-19T12:00:00,2026-09-20 10:00:00,2026-09-20 17:00:00,21-22,28,79,0,10,8,W,285,E,,,0,Cerah,Sunny,https://api-apps.bmkg.go.id/storage/icon/cuaca/cerah-am.svg,2026-09-20T10:00:00Z
33,33.74,33.74.12,33.74.12.1011,33.74.12.1011,Jawa Tengah,Kota Semarang,Gunungpati,Sadeng,2026-09-19T12:00:00,2026-09-20 13:00:00,2026-09-20 20:00:00,24-25,26,80,0.2,7,3.3,SE,149,NW,,,0,Cerah,Sunny,https://api-apps.bmkg.go.id/storage/icon/cuaca/cerah-pm.svg,2026-09-20T13:00:00Z
33,33.74,33.74.12,33.74.12.1011,33.74.12.1011,Jawa Tengah,Kota Semarang,Gunungpati,Sadeng,2026-09-19T12:00:00,2026-09-20 16:00:00,2026-09-20 23:00:00,27-28,25,85,0,0,6.7,E,134,W,,,0,Cerah,Sunny,https://api-apps.bmkg.go.id/storage/icon/cuaca/cerah-pm.svg,2026-09-20T16:00:00Z
33,33.74,33.74.12,33.74.12.1011,33.74.12.1011,Jawa Tengah,Kota Semarang,Gunungpati,Sadeng,2026-09-19T12:00:00,2026-09-20 19:00:00,2026-09-21 02:00:00,30-31,25,82,0,0,9.3,SE,137,NW,,,0,Cerah,Sunny,https://api-apps.bmkg.go.id/storage/icon/cuaca/cerah-pm.svg,2026-09-20T19:00:00Z
33,33.74,33.74.12,33.74.12.1011,33.74.12.1011,Jawa Tengah,Kota Semarang,Gunungpati,Sadeng,2026-09-19T12:00:00,2026-09-20 22:00:00,2026-09-21 05:00:00,33-34,24,74,0,0,13.1,E,134,W,,,0,Cerah,Sunny,https://api-apps.bmkg.go.id/storage/icon/cuaca/cerah-pm.svg,2026-09-20T22:00:00Z
33,33.74,33.74.12,33.74.12.1011,33.74.12.1011,Jawa Tengah,Kota Semarang,Gunungpati,Sadeng,2026-09-19T12:00:00,2026-09-21 01:00:00,2026-09-21 08:00:00,36-37,29,54,0,0,16.1,E,117,W,,,0,Cerah,Sunny,https://api-apps.bmkg.go.id/storage/icon/cuaca/cerah-am.svg,2026-09-21T01:00:00Z
33,33.74,33.74.12,33.74.12.1011,33.74.12.1011,Jawa Tengah,Kota Semarang,Gunungpati,Sadeng,2026-09-19T12:00:00,2026-09-21 04:00:00,2026-09-21 11:00:00,39-40,34,42,0,30,12.6,E,97,W,,,1,Cerah,Sunny,https://api-apps.bmkg.go.id/storage/icon/cuaca/cerah-am.svg,2026-09-21T04:00:00Z
33,33.74,33.74.12,33.74.12.1011,33.74.12.1011,Jawa Tengah,Kota Semarang,Gunungpati,Sadeng,2026-09-19T12:00:00,2026-09-21 07:00:00,2026-09-21 14:00:00,42-43,31,60,0.1,33,11.1,NW,331,SE,,,1,Cerah,Sunny,https://api-apps.bmkg.go.id/storage/icon/cuaca/cerah-am.svg,2026-09-21T07:00:00Z
33,33.74,33.74.12,33.74.12.1011,33.74.12.1011,Jawa Tengah,Kota Semarang,Gunungpati,Sadeng,2026-09-19T12:00:00,2026-09-21 10:00:00,2026-09-21 17:00:00,45-46,28,76,0.1,17,10.8,W,281,E,,,1,Cerah,Sunny,https://api-apps.bmkg.go.id/storage/icon/cuaca/cerah-am.svg,2026-09-21T10:00:00Z
33,33.74,33.74.12,33.74.12.1011,33.74.12.1011,Jawa Tengah,Kota Semarang,Gunungpati,Sadeng,2026-09-19T12:00:00,2026-09-21 13:00:00,2026-09-21 20:00:00,48-49,26,81,0,26,6.7,E,98,W,,,1,Cerah,Sunny,https://api-apps.bmkg.go.id/storage/icon/cuaca/cerah-pm.svg,2026-09-21T13:00:00Z
33,33.74,33.74.12,33.74.12.1011,33.74.12.1011,Jawa Tengah,Kota Semarang,Gunungpati,Sadeng,2026-09-19T12:00:00,2026-09-21 16:00:00,2026-09-21 23:00:00,51-52,25,82,0,12,6.7,SE,139,NW,,,1,Cerah,Sunny,https://api-apps.bmkg.go.id/storage/icon/cuaca/cerah-pm.svg,2026-09-21T16:00:00Z
33,33.74,33.74.12,33.74.12.1012,33.74.12.1012,Jawa Tengah,Kota Semarang,Gunungpati,Cepoko,2026-09-19T12:00:00,2026-09-19 16:00:00,2026-09-19 23:00:00,3-4,23,80,0,20,4.7,S,214,N,,,1,Cerah,Sunny,https://api-apps.bmkg.go.id/storage/icon/cuaca/cerah-pm.svg,2026-09-19T16:00:00Z
33,33.74,33.74.12,33.74.12.1012,33.74.12.1012,Jawa Tengah,Kota Semarang,Gunungpati,Cepoko,2026-09-19T12:00:00,2026-09-19 19:00:00,2026-09-20 02:00:00,6-7,22,80,0,0,3.3,S,207,N,,,0,Cerah,Sunny,https://api-apps.bmkg.go.id/storage/icon/cuaca/cerah-pm.svg,2026-09-19T19:00:00Z
33,33.74,33.74.12,33.74.12.1012,33.74.12.1012,Jawa Tengah,Kota Semarang,Gunungpati,Cepoko,2026-09-19T12:00:00,2026-09-19 22:00:00,2026-09-20 05:00:00,9-10,22,79,0,0,5.2,SE,140,NW,,,0,Cerah,Sunny,https://api-apps.bmkg.go.id/storage/icon/cuaca/cerah-pm.svg,2026-09-19T22:00:00Z
33,33.74,33.74.12,33.74.12.1012,33.74.12.1012,Jawa Tengah,Kota Semarang,Gunungpati,Cepoko,2026-09-19T12:00:00,2026-09-20 01:00:00,2026-09-20 08:00:00,12-13,28,55,0,1,10.1,E,98,W,,,0,Cerah,Sunny,https://api-apps.bmkg.go.id/storage/icon/cuaca/cerah-am.svg,2026-09-20T01:00:00Z
33,33.74,33.74.12,33.74.12.1012,33.74.12.1012,Jawa Tengah,Kota Semarang,Gunungpati,Cepoko,2026-09-19T12:00:00,2026-09-20 04:00:00,2026-09-20 11:00:00,15-16,32,48,0.2,15,11.4,E,95,W,,,1,Cerah,Sunny,https://api-apps.bmkg.go.id/storage/icon/cuaca/cerah-am.svg,2026-09-20T04:00:00Z
33,33.74,33.74.12,33.74.12.1012,33.74.12.1012,Jawa Tengah,Kota Semarang,Gunungpati,Cepoko,2026-09-19T12:00:00,2026-09-20 07:00:00,2026-09-20 14:00:00,18-19,30,56,0.4,76,6.1,N,15,S,,,2,Cerah Berawan,Partly Cloudy,https://api-apps.bmkg.go.id/storage/icon/cuaca/cerah berawan-am.svg,2026-09-20T07:00:00Z
33,33.74,33.74.12,33.74.12.1012,33.74.12.1012,Jawa Tengah,Kota Semarang,Gunungpati,Cepoko,2026-09-19T12:00:00,2026-09-20 10:00:00,2026-09-20 17:00:00,21-22,26,83,0,40,4.2,W,280,E,,,1,Cerah,Sunny,https://api-apps.bmkg.go.id/storage/icon/cuaca/cerah-am.svg,2026-09-20T10:00:00Z
33,33.74,33.74.12,33.74.12.1012,33.74.12.1012,Jawa Tengah,Kota Semarang,Gunungpati,Cepoko,2026-09-19T12:00:00,2026-09-20 13:00:00,2026-09-20 20:00:00,24-25,24,85,0.1,7,2,SE,164,NW,,,0,Cerah,Sunny,https://api-apps.bmkg.go.id/storage/icon/cuaca/cerah-pm.svg,2026-09-20T13:00:00Z
33,33.74,33.74.12,33.74.12.1012,33.74.12.1012,Jawa Tengah,Kota Semarang,Gunungpati,Cepoko,2026-09-19T12:00:00,2026-09-20 16:00:00,2026-09-20 23:00:00,27-28,23,91,0,10,2.2,S,192,N,,,0,Cerah,Sunny,https://api-apps.bmkg.go.id/storage/icon/cuaca/cerah-pm.svg,2026-09-20T16:00:00Z
33,33.74,33.74.12,33.74.12.1012,33.74.12.1012,Jawa Tengah,Kota Semarang,Gunungpati,Cepoko,2026-09-19T12:00:00,2026-09-20 19:00:00,2026-09-21 02:00:00,30-31,23,87,0,0,4.9,SE,146,NW,,,0,Cerah,Sunny,https://api-apps.bmkg.go.id/storage/icon/cuaca/cerah-pm.svg,2026-09-20T19:00:00Z
33,33.74,33.74.12,33.74.12.1012,33.74.12.1012,Jawa Tengah,Kota Semarang,Gunungpati,Cepoko,2026-09-19T12:00:00,2026-09-20 22:00:00,2026-09-21 05:00:00,33-34,23,81,0,0,10.1,SE,138,NW,,,0,Cerah,Sunny,https://api-apps.bmkg.go.id/storage/icon/cuaca/cerah-pm.svg,2026-09-20T22:00:00Z
33,33.74,33.74.12,33.74.12.1012,33.74.12.1012,Jawa Tengah,Kota Semarang,Gunungpati,Cepoko,2026-09-19T12:00:00,2026-09-21 01:00:00,2026-09-21 08:00:00,36-37,28,57,0,0,12.6,E,115,W,,,0,Cerah,Sunny,https://api-apps.bmkg.go.id/storage/icon/cuaca/cerah-am.svg,2026-09-21T01:00:00Z
33,33.74,33.74.12,33.74.12.1012,33.74.12.1012,Jawa Tengah,Kota Semarang,Gunungpati,Cepoko,2026-09-19T12:00:00,2026-09-21 04:00:00,2026-09-21 11:00:00,39-40,32,46,0,31,12.7,E,98,W,,,1,Cerah,Sunny,https://api-apps.bmkg.go.id/storage/icon/cuaca/cerah-am.svg,2026-09-21T04:00:00Z
33,33.74,33.74.12,33.74.12.1012,33.74.12.1012,Jawa Tengah,Kota Semarang,Gunungpati,Cepoko,2026-09-19T12:00:00,2026-09-21 07:00:00,2026-09-21 14:00:00,42-43,30,61,0.3,49,3.8,NW,341,SE,,,1,Cerah,Sunny,https://api-apps.bmkg.go.id/storage/icon/cuaca/cerah-am.svg,2026-09-21T07:00:00Z
33,33.74,33.74.12,33.74.12.1012,33.74.12.1012,Jawa Tengah,Kota Semarang,Gunungpati,Cepoko,2026-09-19T12:00:00,2026-09-21 10:00:00,2026-09-21 17:00:00,45-46,26,84,0.1,45,8.1,SW,248,NE,,,1,Cerah,Sunny,https://api-apps.bmkg.go.id/storage/icon/cuaca/cerah-am.svg,2026-09-21T10:00:00Z
33,33.74,33.74.12,33.74.12.1012,33.74.12.1012,Jawa Tengah,Kota Semarang,Gunungpati,Cepoko,2026-09-19T12:00:00,2026-09-21 13:00:00,2026-09-21 20:00:00,48-49,24,87,0,36,1.8,E,122,W,,,1,Cerah,Sunny,https://api-apps.bmkg.go.id/storage/icon/cuaca/cerah-pm.svg,2026-09-21T13:00:00Z
33,33.74,33.74.12,33.74.12.1012,33.74.12.1012,Jawa Tengah,Kota Semarang,Gunungpati,Cepoko,2026-09-19T12:00:00,2026-09-21 16:00:00,2026-09-21 23:00:00,51-52,23,91,0,18,5.3,S,213,N,,,1,Cerah,Sunny,https://api-apps.bmkg.go.id/storage/icon/cuaca/cerah-pm.svg,2026-09-21T16:00:00Z
33,33.74,33.74.12,33.74.12.1013,33.74.12.1013,Jawa Tengah,Kota Semarang,Gunungpati,Jatirejo,2026-09-19T12:00:00,2026-09-19 16:00:00,2026-09-19 23:00:00,3-4,24,79,0,10,4.7,S,214,N,,,1,Cerah,Sunny,https://api-apps.bmkg.go.id/storage/icon/cuaca/cerah-pm.svg,2026-09-19T16:00:00Z
33,33.74,33.74.12,33.74.12.1013,33.74.12.1013,Jawa Tengah,Kota Semarang,Gunungpati,Jatirejo,2026-09-19T12:00:00,2026-09-19 19:00:00,2026-09-20 02:00:00,6-7,23,78,0,0,3.3,S,207,N,,,0,Cerah,Sunny,https://api-apps.bmkg.go.id/storage/icon/cuaca/cerah-pm.svg,2026-09-19T19:00:00Z
33,33.74,33.74.12,33.74.12.1013,33.74.12.1013,Jawa Tengah,Kota Semarang,Gunungpati,Jatirejo,2026-09-19T12:00:00,2026-09-19 22:00:00,2026-09-20 05:00:00,9-10,23,76,0,0,5.2,SE,140,NW,,,0,Cerah,Sunny,https://api-apps.bmkg.go.id/storage/icon/cuaca/cerah-pm.svg,2026-09-19T22:00:00Z
33,33.74,33.74.12,33.74.12.1013,33.74.12.1013,Jawa Tengah,Kota Semarang,Gunungpati,Jatirejo,2026-09-19T12:00:00,2026-09-20 01:00:00,2026-09-20 08:00:00,12-13,29,54,0,2,10.1,E,98,W,,,0,Cerah,Sunny,https://api-apps.bmkg.go.id/storage/icon/cuaca/cerah-am.svg,2026-09-20T01:00:00Z
33,33.74,33.74.12,33.74.12.1013,33.74.12.1013,Jawa Tengah,Kota Semarang,Gunungpati,Jatirejo,2026-09-19T12:00:00,2026-09-20 04:00:00,2026-09-20 11:00:00,15-16,33,46,0.1,10,11.4,E,95,W,,,0,Cerah,Sunny,https://api-apps.bmkg.go.id/storage/icon/cuaca/cerah-am.svg,2026-09-20T04:00:00Z
33,33.74,33.74.12,33.74.12.1013,33.74.12.1013,Jawa Tengah,Kota Semarang,Gunungpati,Jatirejo,2026-09-19T12:00:00,2026-09-20 07:00:00,2026-09-20 14:00:00,18-19,31,56,0.3,46,6.1,N,15,S,,,1,Cerah,Sunny,https://api-apps.bmkg.go.id/storage/icon/cuaca/cerah-am.svg,2026-09-20T07:00:00Z
33,33.74,33.74.12,33.74.12.1013,33.74.12.1013,Jawa Tengah,Kota Semarang,Gunungpati,Jatirejo,2026-09-19T12:00:00,2026-09-20 10:00:00,2026-09-20 17:00:00,21-22,27,81,0,25,4.2,W,280,E,,,1,Cerah,Sunny,https://api-apps.bmkg.go.id/storage/icon/cuaca/cerah-am.svg,2026-09-20T10:00:00Z
33,33.74,33.74.12,33.74.12.1013,33.74.12.1013,Jawa Tengah,Kota Semarang,Gunungpati,Jatirejo,2026-09-19T12:00:00,2026-09-20 13:00:00,2026-09-20 20:00:00,24-25,25,82,0.1,6,2,SE,164,NW,,,0,Cerah,Sunny,https://api-apps.bmkg.go.id/storage/icon/cuaca/cerah-pm.svg,2026-09-20T13:00:00Z
33,33.74,33.74.12,33.74.12.1013,33.74.12.1013,Jawa Tengah,Kota Semarang,Gunungpati,Jatirejo,2026-09-19T12:00:00,2026-09-20 16:00:00,2026-09-20 23:00:00,27-28,24,88,0,4,2.2,S,192,N,,,0,Cerah,Sunny,https://api-apps.bmkg.go.id/storage/icon/cuaca/cerah-pm.svg,2026-09-20T16:00:00Z
33,33.74,33.74.12,33.74.12.1013,33.74.12.1013,Jawa Tengah,Kota Semarang,Gunungpati,Jatirejo,2026-09-19T12:00:00,2026-09-20 19:00:00,2026-09-21 02:00:00,30-31,24,85,0,0,4.9,SE,146,NW,,,0,Cerah,Sunny,https://api-apps.bmkg.go.id/storage/icon/cuaca/cerah-pm.svg,2026-09-20T19:00:00Z
33,33.74,33.74.12,33.74.12.1013,33.74.12.1013,Jawa Tengah,Kota Semarang,Gunungpati,Jatirejo,2026-09-19T12:00:00,2026-09-20 22:00:00,2026-09-21 05:00:00,33-34,24,78,0,0,10.1,SE,138,NW,,,0,Cerah,Sunny,https://api-apps.bmkg.go.id/storage/icon/cuaca/cerah-pm.svg,2026-09-20T22:00:00Z
33,33.74,33.74.12,33.74.12.1013,33.74.12.1013,Jawa Tengah,Kota Semarang,Gunungpati,Jatirejo,2026-09-19T12:00:00,2026-09-21 01:00:00,2026-09-21 08:00:00,36-37,29,55,0,0,12.6,E,115,W,,,0,Cerah,Sunny,https://api-apps.bmkg.go.id/storage/icon/cuaca/cerah-am.svg,2026-09-21T01:00:00Z
33,33.74,33.74.12,33.74.12.1013,33.74.12.1013,Jawa Tengah,Kota Semarang,Gunungpati,Jatirejo,2026-09-19T12:00:00,2026-09-21 04:00:00,2026-09-21 11:00:00,39-40,33,44,0,31,12.7,E,98,W,,,1,Cerah,Sunny,https://api-apps.bmkg.go.id/storage/icon/cuaca/cerah-am.svg,2026-09-21T04:00:00Z
33,33.74,33.74.12,33.74.12.1013,33.74.12.1013,Jawa Tengah,Kota Semarang,Gunungpati,Jatirejo,2026-09-19T12:00:00,2026-09-21 07:00:00,2026-09-21 14:00:00,42-43,30,61,0.2,43,3.8,NW,341,SE,,,1,Cerah,Sunny,https://api-apps.bmkg.go.id/storage/icon/cuaca/cerah-am.svg,2026-09-21T07:00:00Z
33,33.74,33.74.12,33.74.12.1013,33.74.12.1013,Jawa Tengah,Kota Semarang,Gunungpati,Jatirejo,2026-09-19T12:00:00,2026-09-21 10:00:00,2026-09-21 17:00:00,45-46,27,81,0.1,21,8.1,SW,248,NE,,,1,Cerah,Sunny,https://api-apps.bmkg.go.id/storage/icon/cuaca/cerah-am.svg,2026-09-21T10:00:00Z
33,33.74,33.74.12,33.74.12.1013,33.74.12.1013,Jawa Tengah,Kota Semarang,Gunungpati,Jatirejo,2026-09-19T12:00:00,2026-09-21 13:00:00,2026-09-21 20:00:00,48-49,25,84,0,25,1.8,E,122,W,,,1,Cerah,Sunny,https://api-apps.bmkg.go.id/storage/icon/cuaca/cerah-pm.svg,2026-09-21T13:00:00Z
33,33.74,33.74.12,33.74.12.1013,33.74.12.1013,Jawa Tengah,Kota Semarang,Gunungpati,Jatirejo,2026-09-19T12:00:00,2026-09-21 16:00:00,2026-09-21 23:00:00,51-52,24,87,0,17,5.3,S,213,N,,,1,Cerah,Sunny,https://api-apps.bmkg.go.id/storage/icon/cuaca/cerah-pm.svg,2026-09-21T16:00:00Z
33,33.74,33.74.12,33.74.12.1014,33.74.12.1014,Jawa Tengah,Kota Semarang,Gunungpati,Sumurrejo,2026-09-19T12:00:00,2026-09-19 16:00:00,2026-09-19 23:00:00,3-4,22,86,0,25,4.7,S,214,N,,,1,Cerah,Sunny,https://api-apps.bmkg.go.id/storage/icon/cuaca/cerah-pm.svg,2026-09-19T16:00:00Z
33,33.74,33.74.12,33.74.12.1014,33.74.12.1014,Jawa Tengah,Kota Semarang,Gunungpati,Sumurrejo,2026-09-19T12:00:00,2026-09-19 19:00:00,2026-09-20 02:00:00,6-7,21,85,0,0,3.3,S,207,N,,,0,Cerah,Sunny,https://api-apps.bmkg.go.id/storage/icon/cuaca/cerah-pm.svg,2026-09-19T19:00:00Z
33,33.74,33.74.12,33.74.12.1014,33.74.12.1014,Jawa Tengah,Kota Semarang,Gunungpati,Sumurrejo,2026-09-19T12:00:00,2026-09-19 22:00:00,2026-09-20 05:00:00,9-10,22,80,0,0,5.2,SE,140,NW,,,0,Cerah,Sunny,https://api-apps.bmkg.go.id/storage/icon/cuaca/cerah-pm.svg,2026-09-19T22:00:00Z
33,33.74,33.74.12,33.74.12.1014,33.74.12.1014,Jawa Tengah,Kota Semarang,Gunungpati,Sumurrejo,2026-09-19T12:00:00,2026-09-20 01:00:00,2026-09-20 08:00:00,12-13,28,58,0,0,10.1,E,98,W,,,0,Cerah,Sunny,https://api-apps.bmkg.go.id/storage/icon/cuaca/cerah-am.svg,2026-09-20T01:00:00Z
33,33.74,33.74.12,33.74.12.1014,33.74.12.1014,Jawa Tengah,Kota Semarang,Gunungpati,Sumurrejo,2026-09-19T12:00:00,2026-09-20 04:00:00,2026-09-20 11:00:00,15-16,32,49,0.2,22,11.4,E,95,W,,,1,Cerah,Sunny,https://api-apps.bmkg.go.id/storage/icon/cuaca/cerah-am.svg,2026-09-20T04:00:00Z
33,33.74,33.74.12,33.74.12.1014,33.74.12.1014,Jawa Tengah,Kota Semarang,Gunungpati,Sumurrejo,2026-09-19T12:00:00,2026-09-20 07:00:00,2026-09-20 14:00:00,18-19,31,51,0.3,78,6.1,N,15,S,,,2,Cerah Berawan,Partly Cloudy,https://api-apps.bmkg.go.id/storage/icon/cuaca/cerah berawan-am.svg,2026-09-20T07:00:00Z
33,33.74,33.74.12,33.74.12.1014,33.74.12.1014,Jawa Tengah,Kota Semarang,Gunungpati,Sumurrejo,2026-09-19T12:00:00,2026-09-20 10:00:00,2026-09-20 17:00:00,21-22,26,83,0,43,4.2,W,280,E,,,1,Cerah,Sunny,https://api-apps.bmkg.go.id/storage/icon/cuaca/cerah-am.svg,2026-09-20T10:00:00Z
33,33.74,33.74.12,33.74.12.1014,33.74.12.1014,Jawa Tengah,Kota Semarang,Gunungpati,Sumurrejo,2026-09-19T12:00:00,2026-09-20 13:00:00,2026-09-20 20:00:00,24-25,23,92,0.2,16,2,SE,164,NW,,,1,Cerah,Sunny,https://api-apps.bmkg.go.id/storage/icon/cuaca/cerah-pm.svg,2026-09-20T13:00:00Z
33,33.74,33.74.12,33.74.12.1014,33.74.12.1014,Jawa Tengah,Kota Semarang,Gunungpati,Sumurrejo,2026-09-19T12:00:00,2026-09-20 16:00:00,2026-09-20 23:00:00,27-28,23,95,0,0,2.2,S,192,N,,,0,Cerah,Sunny,https://api-apps.bmkg.go.id/storage/icon/cuaca/cerah-pm.svg,2026-09-20T16:00:00Z
33,33.74,33.74.12,33.74.12.1014,33.74.12.1014,Jawa Tengah,Kota Semarang,Gunungpati,Sumurrejo,2026-09-19T12:00:00,2026-09-20 19:00:00,2026-09-21 02:00:00,30-31,23,87,0,1,4.9,SE,146,NW,,,0,Cerah,Sunny,https://api-apps.bmkg.go.id/storage/icon/cuaca/cerah-pm.svg,2026-09-20T19:00:00Z
33,33.74,33.74.12,33.74.12.1014,33.74.12.1014,Jawa Tengah,Kota Semarang,Gunungpati,Sumurrejo,2026-09-19T12:00:00,2026-09-20 22:00:00,2026-09-21 05:00:00,33-34,23,82,0,0,10.1,SE,138,NW,,,0,Cerah,Sunny,https://api-apps.bmkg.go.id/storage/icon/cuaca/cerah-pm.svg,2026-09-20T22:00:00Z
33,33.74,33.74.12,33.74.12.1014,33.74.12.1014,Jawa Tengah,Kota Semarang,Gunungpati,Sumurrejo,2026-09-19T12:00:00,2026-09-21 01:00:00,2026-09-21 08:00:00,36-37,27,59,0,0,12.6,E,115,W,,,0,Cerah,Sunny,https://api-apps.bmkg.go.id/storage/icon/cuaca/cerah-am.svg,2026-09-21T01:00:00Z
33,33.74,33.74.12,33.74.12.1014,33.74.12.1014,Jawa Tengah,Kota Semarang,Gunungpati,Sumurrejo,2026-09-19T12:00:00,2026-09-21 04:00:00,2026-09-21 11:00:00,39-40,31,48,0,32,12.7,E,98,W,,,1,Cerah,Sunny,https://api-apps.bmkg.go.id/storage/icon/cuaca/cerah-am.svg,2026-09-21T04:00:00Z
33,33.74,33.74.12,33.74.12.1014,33.74.12.1014,Jawa Tengah,Kota Semarang,Gunungpati,Sumurrejo,2026-09-19T12:00:00,2026-09-21 07:00:00,2026-09-21 14:00:00,42-43,31,52,0.3,43,3.8,NW,341,SE,,,1,Cerah,Sunny,https://api-apps.bmkg.go.id/storage/icon/cuaca/cerah-am.svg,2026-09-21T07:00:00Z
33,33.74,33.74.12,33.74.12.1014,33.74.12.1014,Jawa Tengah,Kota Semarang,Gunungpati,Sumurrejo,2026-09-19T12:00:00,2026-09-21 10:00:00,2026-09-21 17:00:00,45-46,26,83,0.1,24,8.1,SW,248,NE,,,1,Cerah,Sunny,https://api-apps.bmkg.go.id/storage/icon/cuaca/cerah-am.svg,2026-09-21T10:00:00Z
33,33.74,33.74.12,33.74.12.1014,33.74.12.1014,Jawa Tengah,Kota Semarang,Gunungpati,Sumurrejo,2026-09-19T12:00:00,2026-09-21 13:00:00,2026-09-21 20:00:00,48-49,24,90,0,32,1.8,E,122,W,,,1,Cerah,Sunny,https://api-apps.bmkg.go.id/storage/icon/cuaca/cerah-pm.svg,2026-09-21T13:00:00Z
33,33.74,33.74.12,33.74.12.1014,33.74.12.1014,Jawa Tengah,Kota Semarang,Gunungpati,Sumurrejo,2026-09-19T12:00:00,2026-09-21 16:00:00,2026-09-21 23:00:00,51-52,23,94,0,17,5.3,S,213,N,,,1,Cerah,Sunny,https://api-apps.bmkg.go.id/storage/icon/cuaca/cerah-pm.svg,2026-09-21T16:00:00Z
33,33.74,33.74.12,33.74.12.1015,33.74.12.1015,Jawa Tengah,Kota Semarang,Gunungpati,Kalisegoro,2026-09-19T12:00:00,2026-09-19 16:00:00,2026-09-19 23:00:00,3-4,24,81,0,16,4.7,S,214,N,,,1,Cerah,Sunny,https://api-apps.bmkg.go.id/storage/icon/cuaca/cerah-pm.svg,2026-09-19T16:00:00Z
33,33.74,33.74.12,33.74.12.1015,33.74.12.1015,Jawa Tengah,Kota Semarang,Gunungpati,Kalisegoro,2026-09-19T12:00:00,2026-09-19 19:00:00,2026-09-20 02:00:00,6-7,23,80,0,0,3.3,S,207,N,,,0,Cerah,Sunny,https://api-apps.bmkg.go.id/storage/icon/cuaca/cerah-pm.svg,2026-09-19T19:00:00Z
33,33.74,33.74.12,33.74.12.1015,33.74.12.1015,Jawa Tengah,Kota Semarang,Gunungpati,Kalisegoro,2026-09-19T12:00:00,2026-09-19 22:00:00,2026-09-20 05:00:00,9-10,23,76,0,0,5.2,SE,140,NW,,,0,Cerah,Sunny,https://api-apps.bmkg.go.id/storage/icon/cuaca/cerah-pm.svg,2026-09-19T22:00:00Z
33,33.74,33.74.12,33.74.12.1015,33.74.12.1015,Jawa Tengah,Kota Semarang,Gunungpati,Kalisegoro,2026-09-19T12:00:00,2026-09-20 01:00:00,2026-09-20 08:00:00,12-13,29,54,0,1,10.1,E,98,W,,,0,Cerah,Sunny,https://api-apps.bmkg.go.id/storage/icon/cuaca/cerah-am.svg,2026-09-20T01:00:00Z
33,33.74,33.74.12,33.74.12.1015,33.74.12.1015,Jawa Tengah,Kota Semarang,Gunungpati,Kalisegoro,2026-09-19T12:00:00,2026-09-20 04:00:00,2026-09-20 11:00:00,15-16,33,45,0.1,9,11.4,E,95,W,,,0,Cerah,Sunny,https://api-apps.bmkg.go.id/storage/icon/cuaca/cerah-am.svg,2026-09-20T04:00:00Z
33,33.74,33.74.12,33.74.12.1015,33.74.12.1015,Jawa Tengah,Kota Semarang,Gunungpati,Kalisegoro,2026-09-19T12:00:00,2026-09-20 07:00:00,2026-09-20 14:00:00,18-19,31,55,0.2,56,6.1,N,15,S,,,1,Cerah,Sunny,https://api-apps.bmkg.go.id/storage/icon/cuaca/cerah-am.svg,2026-09-20T07:00:00Z
33,33.74,33.74.12,33.74.12.1015,33.74.12.1015,Jawa Tengah,Kota Semarang,Gunungpati,Kalisegoro,2026-09-19T12:00:00,2026-09-20 10:00:00,2026-09-20 17:00:00,21-22,27,81,0,30,4.2,W,280,E,,,1,Cerah,Sunny,https://api-apps.bmkg.go.id/storage/icon/cuaca/cerah-am.svg,2026-09-20T10:00:00Z
33,33.74,33.74.12,33.74.12.1015,33.74.12.1015,Jawa Tengah,Kota Semarang,Gunungpati,Kalisegoro,2026-09-19T12:00:00,2026-09-20 13:00:00,2026-09-20 20:00:00,24-25,25,83,0.2,8,2,SE,164,NW,,,0,Cerah,Sunny,https://api-apps.bmkg.go.id/storage/icon/cuaca/cerah-pm.svg,2026-09-20T13:00:00Z
33,33.74,33.74.12,33.74.12.1015,33.74.12.1015,Jawa Tengah,Kota Semarang,Gunungpati,Kalisegoro,2026-09-19T12:00:00,2026-09-20 16:00:00,2026-09-20 23:00:00,27-28,24,88,0,0,2.2,S,192,N,,,0,Cerah,Sunny,https://api-apps.bmkg.go.id/storage/icon/cuaca/cerah-pm.svg,2026-09-20T16:00:00Z
33,33.74,33.74.12,33.74.12.1015,33.74.12.1015,Jawa Tengah,Kota Semarang,Gunungpati,Kalisegoro,2026-09-19T12:00:00,2026-09-20 19:00:00,2026-09-21 02:00:00,30-31,24,84,0,0,4.9,SE,146,NW,,,0,Cerah,Sunny,https://api-apps.bmkg.go.id/storage/icon/cuaca/cerah-pm.svg,2026-09-20T19:00:00Z
33,33.74,33.74.12,33.74.12.1015,33.74.12.1015,Jawa Tengah,Kota Semarang,Gunungpati,Kalisegoro,2026-09-19T12:00:00,2026-09-20 22:00:00,2026-09-21 05:00:00,33-34,24,77,0,0,10.1,SE,138,NW,,,0,Cerah,Sunny,https://api-apps.bmkg.go.id/storage/icon/cuaca/cerah-pm.svg,2026-09-20T22:00:00Z
33,33.74,33.74.12,33.74.12.1015,33.74.12.1015,Jawa Tengah,Kota Semarang,Gunungpati,Kalisegoro,2026-09-19T12:00:00,2026-09-21 01:00:00,2026-09-21 08:00:00,36-37,29,56,0,0,12.6,E,115,W,,,0,Cerah,Sunny,https://api-apps.bmkg.go.id/storage/icon/cuaca/cerah-am.svg,2026-09-21T01:00:00Z
33,33.74,33.74.12,33.74.12.1015,33.74.12.1015,Jawa Tengah,Kota Semarang,Gunungpati,Kalisegoro,2026-09-19T12:00:00,2026-09-21 04:00:00,2026-09-21 11:00:00,39-40,33,44,0,31,12.7,E,98,W,,,1,Cerah,Sunny,https://api-apps.bmkg.go.id/storage/icon/cuaca/cerah-am.svg,2026-09-21T04:00:00Z
33,33.74,33.74.12,33.74.12.1015,33.74.12.1015,Jawa Tengah,Kota Semarang,Gunungpati,Kalisegoro,2026-09-19T12:00:00,2026-09-21 07:00:00,2026-09-21 14:00:00,42-43,31,59,0.2,38,3.8,NW,341,SE,,,1,Cerah,Sunny,https://api-apps.bmkg.go.id/storage/icon/cuaca/cerah-am.svg,2026-09-21T07:00:00Z
33,33.74,33.74.12,33.74.12.1015,33.74.12.1015,Jawa Tengah,Kota Semarang,Gunungpati,Kalisegoro,2026-09-19T12:00:00,2026-09-21 10:00:00,2026-09-21 17:00:00,45-46,27,79,0.1,20,8.1,SW,248,NE,,,1,Cerah,Sunny,https://api-apps.bmkg.go.id/storage/icon/cuaca/cerah-am.svg,2026-09-21T10:00:00Z
33,33.74,33.74.12,33.74.12.1015,33.74.12.1015,Jawa Tengah,Kota Semarang,Gunungpati,Kalisegoro,2026-09-19T12:00:00,2026-09-21 13:00:00,2026-09-21 20:00:00,48-49,25,84,0,27,1.8,E,122,W,,,1,Cerah,Sunny,https://api-apps.bmkg.go.id/storage/icon/cuaca/cerah-pm.svg,2026-09-21T13:00:00Z
33,33.74,33.74.12,33.74.12.1015,33.74.12.1015,Jawa Tengah,Kota Semarang,Gunungpati,Kalisegoro,2026-09-19T12:00:00,2026-09-21 16:00:00,2026-09-21 23:00:00,51-52,24,86,0,14,5.3,S,213,N,,,1,Cerah,Sunny,https://api-apps.bmkg.go.id/storage/icon/cuaca/cerah-pm.svg,2026-09-21T16:00:00Z
33,33.74,33.74.12,33.74.12.1016,33.74.12.1016,Jawa Tengah,Kota Semarang,Gunungpati,Kandri,2026-09-19T12:00:00,2026-09-19 16:00:00,2026-09-19 23:00:00,3-4,24,79,0,10,4.7,S,214,N,,,1,Cerah,Sunny,https://api-apps.bmkg.go.id/storage/icon/cuaca/cerah-pm.svg,2026-09-19T16:00:00Z
33,33.74,33.74.12,33.74.12.1016,33.74.12.1016,Jawa Tengah,Kota Semarang,Gunungpati,Kandri,2026-09-19T12:00:00,2026-09-19 19:00:00,2026-09-20 02:00:00,6-7,23,78,0,0,3.3,S,207,N,,,0,Cerah,Sunny,https://api-apps.bmkg.go.id/storage/icon/cuaca/cerah-pm.svg,2026-09-19T19:00:00Z
33,33.74,33.74.12,33.74.12.1016,33.74.12.1016,Jawa Tengah,Kota Semarang,Gunungpati,Kandri,2026-09-19T12:00:00,2026-09-19 22:00:00,2026-09-20 05:00:00,9-10,23,76,0,0,5.2,SE,140,NW,,,0,Cerah,Sunny,https://api-apps.bmkg.go.id/storage/icon/cuaca/cerah-pm.svg,2026-09-19T22:00:00Z
33,33.74,33.74.12,33.74.12.1016,33.74.12.1016,Jawa Tengah,Kota Semarang,Gunungpati,Kandri,2026-09-19T12:00:00,2026-09-20 01:00:00,2026-09-20 08:00:00,12-13,29,54,0,2,10.1,E,98,W,,,0,Cerah,Sunny,https://api-apps.bmkg.go.id/storage/icon/cuaca/cerah-am.svg,2026-09-20T01:00:00Z
33,33.74,33.74.12,33.74.12.1016,33.74.12.1016,Jawa Tengah,Kota Semarang,Gunungpati,Kandri,2026-09-19T12:00:00,2026-09-20 04:00:00,2026-09-20 11:00:00,15-16,33,46,0.1,10,11.4,E,95,W,,,0,Cerah,Sunny,https://api-apps.bmkg.go.id/storage/icon/cuaca/cerah-am.svg,2026-09-20T04:00:00Z
33,33.74,33.74.12,33.74.12.1016,33.74.12.1016,Jawa Tengah,Kota Semarang,Gunungpati,Kandri,2026-09-19T12:00:00,2026-09-20 07:00:00,2026-09-20 14:00:00,18-19,31,56,0.3,46,6.1,N,15,S,,,1,Cerah,Sunny,https://api-apps.bmkg.go.id/storage/icon/cuaca/cerah-am.svg,2026-09-20T07:00:00Z
33,33.74,33.74.12,33.74.12.1016,33.74.12.1016,Jawa Tengah,Kota Semarang,Gunungpati,Kandri,2026-09-19T12:00:00,2026-09-20 10:00:00,2026-09-20 17:00:00,21-22,27,81,0,25,4.2,W,280,E,,,1,Cerah,Sunny,https://api-apps.bmkg.go.id/storage/icon/cuaca/cerah-am.svg,2026-09-20T10:00:00Z
33,33.74,33.74.12,33.74.12.1016,33.74.12.1016,Jawa Tengah,Kota Semarang,Gunungpati,Kandri,2026-09-19T12:00:00,2026-09-20 13:00:00,2026-09-20 20:00:00,24-25,25,82,0.1,6,2,SE,164,NW,,,0,Cerah,Sunny,https://api-apps.bmkg.go.id/storage/icon/cuaca/cerah-pm.svg,2026-09-20T13:00:00Z
33,33.74,33.74.12,33.74.12.1016,33.74.12.1016,Jawa Tengah,Kota Semarang,Gunungpati,Kandri,2026-09-19T12:00:00,2026-09-20 16:00:00,2026-09-20 23:00:00,27-28,24,88,0,4,2.2,S,192,N,,,0,Cerah,Sunny,https://api-apps.bmkg.go.id/storage/icon/cuaca/cerah-pm.svg,2026-09-20T16:00:00Z
33,33.74,33.74.12,33.74.12.1016,33.74.12.1016,Jawa Tengah,Kota Semarang,Gunungpati,Kandri,2026-09-19T12:00:00,2026-09-20 19:00:00,2026-09-21 02:00:00,30-31,24,85,0,0,4.9,SE,146,NW,,,0,Cerah,Sunny,https://api-apps.bmkg.go.id/storage/icon/cuaca/cerah-pm.svg,2026-09-20T19:00:00Z
33,33.74,33.74.12,33.74.12.1016,33.74.12.1016,Jawa Tengah,Kota Semarang,Gunungpati,Kandri,2026-09-19T12:00:00,2026-09-20 22:00:00,2026-09-21 05:00:00,33-34,24,78,0,0,10.1,SE,138,NW,,,0,Cerah,Sunny,https://api-apps.bmkg.go.id/storage/icon/cuaca/cerah-pm.svg,2026-09-20T22:00:00Z
33,33.74,33.74.12,33.74.12.1016,33.74.12.1016,Jawa Tengah,Kota Semarang,Gunungpati,Kandri,2026-09-19T12:00:00,2026-09-21 01:00:00,2026-09-21 08:00:00,36-37,29,55,0,0,12.6,E,115,W,,,0,Cerah,Sunny,https://api-apps.bmkg.go.id/storage/icon/cuaca/cerah-am.svg,2026-09-21T01:00:00Z
33,33.74,33.74.12,33.74.12.1016,33.74.12.1016,Jawa Tengah,Kota Semarang,Gunungpati,Kandri,2026-09-19T12:00:00,2026-09-21 04:00:00,2026-09-21 11:00:00,39-40,33,44,0,31,12.7,E,98,W,,,1,Cerah,Sunny,https://api-apps.bmkg.go.id/storage/icon/cuaca/cerah-am.svg,2026-09-21T04:00:00Z
33,33.74,33.74.12,33.74.12.1016,33.74.12.1016,Jawa Tengah,Kota Semarang,Gunungpati,Kandri,2026-09-19T12:00:00,2026-09-21 07:00:00,2026-09-21 14:00:00,42-43,30,61,0.2,43,3.8,NW,341,SE,,,1,Cerah,Sunny,https://api-apps.bmkg.go.id/storage/icon/cuaca/cerah-am.svg,2026-09-21T07:00:00Z
33,33.74,33.74.12,33.74.12.1016,33.74.12.1016,Jawa Tengah,Kota Semarang,Gunungpati,Kandri,2026-09-19T12:00:00,2026-09-21 10:00:00,2026-09-21 17:00:00,45-46,27,81,0.1,21,8.1,SW,248,NE,,,1,Cerah,Sunny,https://api-apps.bmkg.go.id/storage/icon/cuaca/cerah-am.svg,2026-09-21T10:00:00Z
33,33.74,33.74.12,33.74.12.1016,33.74.12.1016,Jawa Tengah,Kota Semarang,Gunungpati,Kandri,2026-09-19T12:00:00,2026-09-21 13:00:00,2026-09-21 20:00:00,48-49,25,84,0,25,1.8,E,122,W,,,1,Cerah,Sunny,https://api-apps.bmkg.go.id/storage/icon/cuaca/cerah-pm.svg,2026-09-21T13:00:00Z
33,33.74,33.74.12,33.74.12.1016,33.74.12.1016,Jawa Tengah,Kota Semarang,Gunungpati,Kandri,2026-09-19T12:00:00,2026-09-21 16:00:00,2026-09-21 23:00:00,51-52,24,87,0,17,5.3,S,213,N,,,1,Cerah,Sunny,https://api-apps.bmkg.go.id/storage/icon/cuaca/cerah-pm.svg,2026-09-21T16:00:00Z
33,33.74,33.74.13,33.74.13.1001,33.74.13.1001,Jawa Tengah,Kota Semarang,Semarang Barat,Ngemplak Simongan,2026-09-19T12:00:00,2026-09-19 16:00:00,2026-09-19 23:00:00,3-4,26,80,0,31,4.7,SE,159,NW,,,1,Cerah,Sunny,https://api-apps.bmkg.go.id/storage/icon/cuaca/cerah-pm.svg,2026-09-19T16:00:00Z
33,33.74,33.74.13,33.74.13.1001,33.74.13.1001,Jawa Tengah,Kota Semarang,Semarang Barat,Ngemplak Simongan,2026-09-19T12:00:00,2026-09-19 19:00:00,2026-09-20 02:00:00,6-7,25,77,0,2,7,SE,142,NW,,,0,Cerah,Sunny,https://api-apps.bmkg.go.id/storage/icon/cuaca/cerah-pm.svg,2026-09-19T19:00:00Z
33,33.74,33.74.13,33.74.13.1001,33.74.13.1001,Jawa Tengah,Kota Semarang,Semarang Barat,Ngemplak Simongan,2026-09-19T12:00:00,2026-09-19 22:00:00,2026-09-20 05:00:00,9-10,25,70,0,0,8.3,E,130,W,,,0,Cerah,Sunny,https://api-apps.bmkg.go.id/storage/icon/cuaca/cerah-pm.svg,2026-09-19T22:00:00Z
33,33.74,33.74.13,33.74.13.1001,33.74.13.1001,Jawa Tengah,Kota Semarang,Semarang Barat,Ngemplak Simongan,2026-09-19T12:00:00,2026-09-20 01:00:00,2026-09-20 08:00:00,12-13,30,51,0,0,12.7,E,108,W,,,0,Cerah,Sunny,https://api-apps.bmkg.go.id/storage/icon/cuaca/cerah-am.svg,2026-09-20T01:00:00Z
33,33.74,33.74.13,33.74.13.1001,33.74.13.1001,Jawa Tengah,Kota Semarang,Semarang Barat,Ngemplak Simongan,2026-09-19T12:00:00,2026-09-20 04:00:00,2026-09-20 11:00:00,15-16,34,40,0,2,8.9,NE,61,SW,,,0,Cerah,Sunny,https://api-apps.bmkg.go.id/storage/icon/cuaca/cerah-am.svg,2026-09-20T04:00:00Z
33,33.74,33.74.13,33.74.13.1001,33.74.13.1001,Jawa Tengah,Kota Semarang,Semarang Barat,Ngemplak Simongan,2026-09-19T12:00:00,2026-09-20 07:00:00,2026-09-20 14:00:00,18-19,32,57,0.1,19,12.6,NW,345,SE,,,1,Cerah,Sunny,https://api-apps.bmkg.go.id/storage/icon/cuaca/cerah-am.svg,2026-09-20T07:00:00Z
33,33.74,33.74.13,33.74.13.1001,33.74.13.1001,Jawa Tengah,Kota Semarang,Semarang Barat,Ngemplak Simongan,2026-09-19T12:00:00,2026-09-20 10:00:00,2026-09-20 17:00:00,21-22,28,78,0,7,8,W,285,E,,,0,Cerah,Sunny,https://api-apps.bmkg.go.id/storage/icon/cuaca/cerah-am.svg,2026-09-20T10:00:00Z
33,33.74,33.74.13,33.74.13.1001,33.74.13.1001,Jawa Tengah,Kota Semarang,Semarang Barat,Ngemplak Simongan,2026-09-19T12:00:00,2026-09-20 13:00:00,2026-09-20 20:00:00,24-25,27,76,0.2,5,3.3,SE,149,NW,,,0,Cerah,Sunny,https://api-apps.bmkg.go.id/storage/icon/cuaca/cerah-pm.svg,2026-09-20T13:00:00Z
33,33.74,33.74.13,33.74.13.1001,33.74.13.1001,Jawa Tengah,Kota Semarang,Semarang Barat,Ngemplak Simongan,2026-09-19T12:00:00,2026-09-20 16:00:00,2026-09-20 23:00:00,27-28,26,81,0,0,6.7,E,134,W,,,0,Cerah,Sunny,https://api-apps.bmkg.go.id/storage/icon/cuaca/cerah-pm.svg,2026-09-20T16:00:00Z
33,33.74,33.74.13,33.74.13.1001,33.74.13.1001,Jawa Tengah,Kota Semarang,Semarang Barat,Ngemplak Simongan,2026-09-19T12:00:00,2026-09-20 19:00:00,2026-09-21 02:00:00,30-31,26,78,0,0,9.3,SE,137,NW,,,0,Cerah,Sunny,https://api-apps.bmkg.go.id/storage/icon/cuaca/cerah-pm.svg,2026-09-20T19:00:00Z
33,33.74,33.74.13,33.74.13.1001,33.74.13.1001,Jawa Tengah,Kota Semarang,Semarang Barat,Ngemplak Simongan,2026-09-19T12:00:00,2026-09-20 22:00:00,2026-09-21 05:00:00,33-34,25,71,0,0,13.1,E,134,W,,,0,Cerah,Sunny,https://api-apps.bmkg.go.id/storage/icon/cuaca/cerah-pm.svg,2026-09-20T22:00:00Z
33,33.74,33.74.13,33.74.13.1001,33.74.13.1001,Jawa Tengah,Kota Semarang,Semarang Barat,Ngemplak Simongan,2026-09-19T12:00:00,2026-09-21 01:00:00,2026-09-21 08:00:00,36-37,30,53,0,0,16.1,E,117,W,,,0,Cerah,Sunny,https://api-apps.bmkg.go.id/storage/icon/cuaca/cerah-am.svg,2026-09-21T01:00:00Z
33,33.74,33.74.13,33.74.13.1001,33.74.13.1001,Jawa Tengah,Kota Semarang,Semarang Barat,Ngemplak Simongan,2026-09-19T12:00:00,2026-09-21 04:00:00,2026-09-21 11:00:00,39-40,35,40,0,30,12.6,E,97,W,,,1,Cerah,Sunny,https://api-apps.bmkg.go.id/storage/icon/cuaca/cerah-am.svg,2026-09-21T04:00:00Z
33,33.74,33.74.13,33.74.13.1001,33.74.13.1001,Jawa Tengah,Kota Semarang,Semarang Barat,Ngemplak Simongan,2026-09-19T12:00:00,2026-09-21 07:00:00,2026-09-21 14:00:00,42-43,32,61,0.1,23,11.1,NW,331,SE,,,1,Cerah,Sunny,https://api-apps.bmkg.go.id/storage/icon/cuaca/cerah-am.svg,2026-09-21T07:00:00Z
33,33.74,33.74.13,33.74.13.1001,33.74.13.1001,Jawa Tengah,Kota Semarang,Semarang Barat,Ngemplak Simongan,2026-09-19T12:00:00,2026-09-21 10:00:00,2026-09-21 17:00:00,45-46,29,72,0,13,10.8,W,281,E,,,1,Cerah,Sunny,https://api-apps.bmkg.go.id/storage/icon/cuaca/cerah-am.svg,2026-09-21T10:00:00Z
33,33.74,33.74.13,33.74.13.1001,33.74.13.1001,Jawa Tengah,Kota Semarang,Semarang Barat,Ngemplak Simongan,2026-09-19T12:00:00,2026-09-21 13:00:00,2026-09-21 20:00:00,48-49,27,79,0,26,6.7,E,98,W,,,1,Cerah,Sunny,https://api-apps.bmkg.go.id/storage/icon/cuaca/cerah-pm.svg,2026-09-21T13:00:00Z
33,33.74,33.74.13,33.74.13.1001,33.74.13.1001,Jawa Tengah,Kota Semarang,Semarang Barat,Ngemplak Simongan,2026-09-19T12:00:00,2026-09-21 16:00:00,2026-09-21 23:00:00,51-52,26,77,0,7,6.7,SE,139,NW,,,0,Cerah,Sunny,https://api-apps.bmkg.go.id/storage/icon/cuaca/cerah-pm.svg,2026-09-21T16:00:00Z
33,33.74,33.74.13,33.74.13.1002,33.74.13.1002,Jawa Tengah,Kota Semarang,Semarang Barat,Manyaran,2026-09-19T12:00:00,2026-09-19 16:00:00,2026-09-19 23:00:00,3-4,25,78,0,24,4.7,SE,159,NW,,,1,Cerah,Sunny,https://api-apps.bmkg.go.id/storage/icon/cuaca/cerah-pm.svg,2026-09-19T16:00:00Z
33,33.74,33.74.13,33.74.13.1002,33.74.13.1002,Jawa Tengah,Kota Semarang,Semarang Barat,Manyaran,2026-09-19T12:00:00,2026-09-19 19:00:00,2026-09-20 02:00:00,6-7,24,76,0,1,7,SE,142,NW,,,0,Cerah,Sunny,https://api-apps.bmkg.go.id/storage/icon/cuaca/cerah-pm.svg,2026-09-19T19:00:00Z
33,33.74,33.74.13,33.74.13.1002,33.74.13.1002,Jawa Tengah,Kota Semarang,Semarang Barat,Manyaran,2026-09-19T12:00:00,2026-09-19 22:00:00,2026-09-20 05:00:00,9-10,25,71,0,0,8.3,E,130,W,,,0,Cerah,Sunny,https://api-apps.bmkg.go.id/storage/icon/cuaca/cerah-pm.svg,2026-09-19T22:00:00Z
33,33.74,33.74.13,33.74.13.1002,33.74.13.1002,Jawa Tengah,Kota Semarang,Semarang Barat,Manyaran,2026-09-19T12:00:00,2026-09-20 01:00:00,2026-09-20 08:00:00,12-13,30,51,0,1,12.7,E,108,W,,,0,Cerah,Sunny,https://api-apps.bmkg.go.id/storage/icon/cuaca/cerah-am.svg,2026-09-20T01:00:00Z
33,33.74,33.74.13,33.74.13.1002,33.74.13.1002,Jawa Tengah,Kota Semarang,Semarang Barat,Manyaran,2026-09-19T12:00:00,2026-09-20 04:00:00,2026-09-20 11:00:00,15-16,34,41,0,3,8.9,NE,61,SW,,,0,Cerah,Sunny,https://api-apps.bmkg.go.id/storage/icon/cuaca/cerah-am.svg,2026-09-20T04:00:00Z
33,33.74,33.74.13,33.74.13.1002,33.74.13.1002,Jawa Tengah,Kota Semarang,Semarang Barat,Manyaran,2026-09-19T12:00:00,2026-09-20 07:00:00,2026-09-20 14:00:00,18-19,32,56,0.1,16,12.6,NW,345,SE,,,1,Cerah,Sunny,https://api-apps.bmkg.go.id/storage/icon/cuaca/cerah-am.svg,2026-09-20T07:00:00Z
33,33.74,33.74.13,33.74.13.1002,33.74.13.1002,Jawa Tengah,Kota Semarang,Semarang Barat,Manyaran,2026-09-19T12:00:00,2026-09-20 10:00:00,2026-09-20 17:00:00,21-22,28,78,0,8,8,W,285,E,,,0,Cerah,Sunny,https://api-apps.bmkg.go.id/storage/icon/cuaca/cerah-am.svg,2026-09-20T10:00:00Z
33,33.74,33.74.13,33.74.13.1002,33.74.13.1002,Jawa Tengah,Kota Semarang,Semarang Barat,Manyaran,2026-09-19T12:00:00,2026-09-20 13:00:00,2026-09-20 20:00:00,24-25,27,76,0.2,5,3.3,SE,149,NW,,,0,Cerah,Sunny,https://api-apps.bmkg.go.id/storage/icon/cuaca/cerah-pm.svg,2026-09-20T13:00:00Z
33,33.74,33.74.13,33.74.13.1002,33.74.13.1002,Jawa Tengah,Kota Semarang,Semarang Barat,Manyaran,2026-09-19T12:00:00,2026-09-20 16:00:00,2026-09-20 23:00:00,27-28,26,81,0,0,6.7,E,134,W,,,0,Cerah,Sunny,https://api-apps.bmkg.go.id/storage/icon/cuaca/cerah-pm.svg,2026-09-20T16:00:00Z
33,33.74,33.74.13,33.74.13.1002,33.74.13.1002,Jawa Tengah,Kota Semarang,Semarang Barat,Manyaran,2026-09-19T12:00:00,2026-09-20 19:00:00,2026-09-21 02:00:00,30-31,25,80,0,0,9.3,SE,137,NW,,,0,Cerah,Sunny,https://api-apps.bmkg.go.id/storage/icon/cuaca/cerah-pm.svg,2026-09-20T19:00:00Z
33,33.74,33.74.13,33.74.13.1002,33.74.13.1002,Jawa Tengah,Kota Semarang,Semarang Barat,Manyaran,2026-09-19T12:00:00,2026-09-20 22:00:00,2026-09-21 05:00:00,33-34,25,71,0,0,13.1,E,134,W,,,0,Cerah,Sunny,https://api-apps.bmkg.go.id/storage/icon/cuaca/cerah-pm.svg,2026-09-20T22:00:00Z
33,33.74,33.74.13,33.74.13.1002,33.74.13.1002,Jawa Tengah,Kota Semarang,Semarang Barat,Manyaran,2026-09-19T12:00:00,2026-09-21 01:00:00,2026-09-21 08:00:00,36-37,30,53,0,0,16.1,E,117,W,,,0,Cerah,Sunny,https://api-apps.bmkg.go.id/storage/icon/cuaca/cerah-am.svg,2026-09-21T01:00:00Z
33,33.74,33.74.13,33.74.13.1002,33.74.13.1002,Jawa Tengah,Kota Semarang,Semarang Barat,Manyaran,2026-09-19T12:00:00,2026-09-21 04:00:00,2026-09-21 11:00:00,39-40,34,40,0,30,12.6,E,97,W,,,1,Cerah,Sunny,https://api-apps.bmkg.go.id/storage/icon/cuaca/cerah-am.svg,2026-09-21T04:00:00Z
33,33.74,33.74.13,33.74.13.1002,33.74.13.1002,Jawa Tengah,Kota Semarang,Semarang Barat,Manyaran,2026-09-19T12:00:00,2026-09-21 07:00:00,2026-09-21 14:00:00,42-43,32,62,0.1,27,11.1,NW,331,SE,,,1,Cerah,Sunny,https://api-apps.bmkg.go.id/storage/icon/cuaca/cerah-am.svg,2026-09-21T07:00:00Z
33,33.74,33.74.13,33.74.13.1002,33.74.13.1002,Jawa Tengah,Kota Semarang,Semarang Barat,Manyaran,2026-09-19T12:00:00,2026-09-21 10:00:00,2026-09-21 17:00:00,45-46,29,73,0.1,15,10.8,W,281,E,,,1,Cerah,Sunny,https://api-apps.bmkg.go.id/storage/icon/cuaca/cerah-am.svg,2026-09-21T10:00:00Z
33,33.74,33.74.13,33.74.13.1002,33.74.13.1002,Jawa Tengah,Kota Semarang,Semarang Barat,Manyaran,2026-09-19T12:00:00,2026-09-21 13:00:00,2026-09-21 20:00:00,48-49,27,78,0,26,6.7,E,98,W,,,1,Cerah,Sunny,https://api-apps.bmkg.go.id/storage/icon/cuaca/cerah-pm.svg,2026-09-21T13:00:00Z
33,33.74,33.74.13,33.74.13.1002,33.74.13.1002,Jawa Tengah,Kota Semarang,Semarang Barat,Manyaran,2026-09-19T12:00:00,2026-09-21 16:00:00,2026-09-21 23:00:00,51-52,26,78,0,10,6.7,SE,139,NW,,,1,Cerah,Sunny,https://api-apps.bmkg.go.id/storage/icon/cuaca/cerah-pm.svg,2026-09-21T16:00:00Z
33,33.74,33.74.13,33.74.13.1003,33.74.13.1003,Jawa Tengah,Kota Semarang,Semarang Barat,Krapyak,2026-09-19T12:00:00,2026-09-19 16:00:00,2026-09-19 23:00:00,3-4,26,75,0,22,4.7,SE,159,NW,,,1,Cerah,Sunny,https://api-apps.bmkg.go.id/storage/icon/cuaca/cerah-pm.svg,2026-09-19T16:00:00Z
33,33.74,33.74.13,33.74.13.1003,33.74.13.1003,Jawa Tengah,Kota Semarang,Semarang Barat,Krapyak,2026-09-19T12:00:00,2026-09-19 19:00:00,2026-09-20 02:00:00,6-7,25,74,0,1,7,SE,142,NW,,,0,Cerah,Sunny,https://api-apps.bmkg.go.id/storage/icon/cuaca/cerah-pm.svg,2026-09-19T19:00:00Z
33,33.74,33.74.13,33.74.13.1003,33.74.13.1003,Jawa Tengah,Kota Semarang,Semarang Barat,Krapyak,2026-09-19T12:00:00,2026-09-19 22:00:00,2026-09-20 05:00:00,9-10,25,71,0,0,8.3,E,130,W,,,0,Cerah,Sunny,https://api-apps.bmkg.go.id/storage/icon/cuaca/cerah-pm.svg,2026-09-19T22:00:00Z
33,33.74,33.74.13,33.74.13.1003,33.74.13.1003,Jawa Tengah,Kota Semarang,Semarang Barat,Krapyak,2026-09-19T12:00:00,2026-09-20 01:00:00,2026-09-20 08:00:00,12-13,30,53,0,2,12.7,E,108,W,,,0,Cerah,Sunny,https://api-apps.bmkg.go.id/storage/icon/cuaca/cerah-am.svg,2026-09-20T01:00:00Z
33,33.74,33.74.13,33.74.13.1003,33.74.13.1003,Jawa Tengah,Kota Semarang,Semarang Barat,Krapyak,2026-09-19T12:00:00,2026-09-20 04:00:00,2026-09-20 11:00:00,15-16,33,46,0,3,8.9,NE,61,SW,,,0,Cerah,Sunny,https://api-apps.bmkg.go.id/storage/icon/cuaca/cerah-am.svg,2026-09-20T04:00:00Z
33,33.74,33.74.13,33.74.13.1003,33.74.13.1003,Jawa Tengah,Kota Semarang,Semarang Barat,Krapyak,2026-09-19T12:00:00,2026-09-20 07:00:00,2026-09-20 14:00:00,18-19,31,61,0.1,14,12.6,NW,345,SE,,,1,Cerah,Sunny,https://api-apps.bmkg.go.id/storage/icon/cuaca/cerah-am.svg,2026-09-20T07:00:00Z
33,33.74,33.74.13,33.74.13.1003,33.74.13.1003,Jawa Tengah,Kota Semarang,Semarang Barat,Krapyak,2026-09-19T12:00:00,2026-09-20 10:00:00,2026-09-20 17:00:00,21-22,28,78,0,7,8,W,285,E,,,0,Cerah,Sunny,https://api-apps.bmkg.go.id/storage/icon/cuaca/cerah-am.svg,2026-09-20T10:00:00Z
33,33.74,33.74.13,33.74.13.1003,33.74.13.1003,Jawa Tengah,Kota Semarang,Semarang Barat,Krapyak,2026-09-19T12:00:00,2026-09-20 13:00:00,2026-09-20 20:00:00,24-25,28,76,0.1,1,3.3,SE,149,NW,,,0,Cerah,Sunny,https://api-apps.bmkg.go.id/storage/icon/cuaca/cerah-pm.svg,2026-09-20T13:00:00Z
33,33.74,33.74.13,33.74.13.1003,33.74.13.1003,Jawa Tengah,Kota Semarang,Semarang Barat,Krapyak,2026-09-19T12:00:00,2026-09-20 16:00:00,2026-09-20 23:00:00,27-28,27,81,0,0,6.7,E,134,W,,,0,Cerah,Sunny,https://api-apps.bmkg.go.id/storage/icon/cuaca/cerah-pm.svg,2026-09-20T16:00:00Z
33,33.74,33.74.13,33.74.13.1003,33.74.13.1003,Jawa Tengah,Kota Semarang,Semarang Barat,Krapyak,2026-09-19T12:00:00,2026-09-20 19:00:00,2026-09-21 02:00:00,30-31,26,79,0,0,9.3,SE,137,NW,,,0,Cerah,Sunny,https://api-apps.bmkg.go.id/storage/icon/cuaca/cerah-pm.svg,2026-09-20T19:00:00Z
33,33.74,33.74.13,33.74.13.1003,33.74.13.1003,Jawa Tengah,Kota Semarang,Semarang Barat,Krapyak,2026-09-19T12:00:00,2026-09-20 22:00:00,2026-09-21 05:00:00,33-34,26,72,0,0,13.1,E,134,W,,,0,Cerah,Sunny,https://api-apps.bmkg.go.id/storage/icon/cuaca/cerah-pm.svg,2026-09-20T22:00:00Z
33,33.74,33.74.13,33.74.13.1003,33.74.13.1003,Jawa Tengah,Kota Semarang,Semarang Barat,Krapyak,2026-09-19T12:00:00,2026-09-21 01:00:00,2026-09-21 08:00:00,36-37,30,55,0,0,16.1,E,117,W,,,0,Cerah,Sunny,https://api-apps.bmkg.go.id/storage/icon/cuaca/cerah-am.svg,2026-09-21T01:00:00Z
33,33.74,33.74.13,33.74.13.1003,33.74.13.1003,Jawa Tengah,Kota Semarang,Semarang Barat,Krapyak,2026-09-19T12:00:00,2026-09-21 04:00:00,2026-09-21 11:00:00,39-40,34,45,0,29,12.6,E,97,W,,,1,Cerah,Sunny,https://api-apps.bmkg.go.id/storage/icon/cuaca/cerah-am.svg,2026-09-21T04:00:00Z
33,33.74,33.74.13,33.74.13.1003,33.74.13.1003,Jawa Tengah,Kota Semarang,Semarang Barat,Krapyak,2026-09-19T12:00:00,2026-09-21 07:00:00,2026-09-21 14:00:00,42-43,31,65,0.1,24,11.1,NW,331,SE,,,1,Cerah,Sunny,https://api-apps.bmkg.go.id/storage/icon/cuaca/cerah-am.svg,2026-09-21T07:00:00Z
33,33.74,33.74.13,33.74.13.1003,33.74.13.1003,Jawa Tengah,Kota Semarang,Semarang Barat,Krapyak,2026-09-19T12:00:00,2026-09-21 10:00:00,2026-09-21 17:00:00,45-46,29,73,0,15,10.8,W,281,E,,,1,Cerah,Sunny,https://api-apps.bmkg.go.id/storage/icon/cuaca/cerah-am.svg,2026-09-21T10:00:00Z
33,33.74,33.74.13,33.74.13.1003,33.74.13.1003,Jawa Tengah,Kota Semarang,Semarang Barat,Krapyak,2026-09-19T12:00:00,2026-09-21 13:00:00,2026-09-21 20:00:00,48-49,27,79,0,30,6.7,E,98,W,,,1,Cerah,Sunny,https://api-apps.bmkg.go.id/storage/icon/cuaca/cerah-pm.svg,2026-09-21T13:00:00Z
33,33.74,33.74.13,33.74.13.1003,33.74.13.1003,Jawa Tengah,Kota Semarang,Semarang Barat,Krapyak,2026-09-19T12:00:00,2026-09-21 16:00:00,2026-09-21 23:00:00,51-52,26,78,0,9,6.7,SE,139,NW,,,0,Cerah,Sunny,https://api-apps.bmkg.go.id/storage/icon/cuaca/cerah-pm.svg,2026-09-21T16:00:00Z
33,33.74,33.74.13,33.74.13.1004,33.74.13.1004,Jawa Tengah,Kota Semarang,Semarang Barat,Tambakharjo,2026-09-19T12:00:00,2026-09-19 16:00:00,2026-09-19 23:00:00,3-4,26,75,0,22,4.7,SE,159,NW,,,1,Cerah,Sunny,https://api-apps.bmkg.go.id/storage/icon/cuaca/cerah-pm.svg,2026-09-19T16:00:00Z
33,33.74,33.74.13,33.74.13.1004,33.74.13.1004,Jawa Tengah,Kota Semarang,Semarang Barat,Tambakharjo,2026-09-19T12:00:00,2026-09-19 19:00:00,2026-09-20 02:00:00,6-7,25,74,0,1,7,SE,142,NW,,,0,Cerah,Sunny,https://api-apps.bmkg.go.id/storage/icon/cuaca/cerah-pm.svg,2026-09-19T19:00:00Z
33,33.74,33.74.13,33.74.13.1004,33.74.13.1004,Jawa Tengah,Kota Semarang,Semarang Barat,Tambakharjo,2026-09-19T12:00:00,2026-09-19 22:00:00,2026-09-20 05:00:00,9-10,25,71,0,0,8.3,E,130,W,,,0,Cerah,Sunny,https://api-apps.bmkg.go.id/storage/icon/cuaca/cerah-pm.svg,2026-09-19T22:00:00Z
33,33.74,33.74.13,33.74.13.1004,33.74.13.1004,Jawa Tengah,Kota Semarang,Semarang Barat,Tambakharjo,2026-09-19T12:00:00,2026-09-20 01:00:00,2026-09-20 08:00:00,12-13,30,53,0,2,12.7,E,108,W,,,0,Cerah,Sunny,https://api-apps.bmkg.go.id/storage/icon/cuaca/cerah-am.svg,2026-09-20T01:00:00Z
33,33.74,33.74.13,33.74.13.1004,33.74.13.1004,Jawa Tengah,Kota Semarang,Semarang Barat,Tambakharjo,2026-09-19T12:00:00,2026-09-20 04:00:00,2026-09-20 11:00:00,15-16,33,46,0,3,8.9,NE,61,SW,,,0,Cerah,Sunny,https://api-apps.bmkg.go.id/storage/icon/cuaca/cerah-am.svg,2026-09-20T04:00:00Z
33,33.74,33.74.13,33.74.13.1004,33.74.13.1004,Jawa Tengah,Kota Semarang,Semarang Barat,Tambakharjo,2026-09-19T12:00:00,2026-09-20 07:00:00,2026-09-20 14:00:00,18-19,31,61,0.1,14,12.6,NW,345,SE,,,1,Cerah,Sunny,https://api-apps.bmkg.go.id/storage/icon/cuaca/cerah-am.svg,2026-09-20T07:00:00Z
33,33.74,33.74.13,33.74.13.1004,33.74.13.1004,Jawa Tengah,Kota Semarang,Semarang Barat,Tambakharjo,2026-09-19T12:00:00,2026-09-20 10:00:00,2026-09-20 17:00:00,21-22,28,78,0,7,8,W,285,E,,,0,Cerah,Sunny,https://api-apps.bmkg.go.id/storage/icon/cuaca/cerah-am.svg,2026-09-20T10:00:00Z
33,33.74,33.74.13,33.74.13.1004,33.74.13.1004,Jawa Tengah,Kota Semarang,Semarang Barat,Tambakharjo,2026-09-19T12:00:00,2026-09-20 13:00:00,2026-09-20 20:00:00,24-25,28,76,0.1,1,3.3,SE,149,NW,,,0,Cerah,Sunny,https://api-apps.bmkg.go.id/storage/icon/cuaca/cerah-pm.svg,2026-09-20T13:00:00Z
33,33.74,33.74.13,33.74.13.1004,33.74.13.1004,Jawa Tengah,Kota Semarang,Semarang Barat,Tambakharjo,2026-09-19T12:00:00,2026-09-20 16:00:00,2026-09-20 23:00:00,27-28,27,81,0,0,6.7,E,134,W,,,0,Cerah,Sunny,https://api-apps.bmkg.go.id/storage/icon/cuaca/cerah-pm.svg,2026-09-20T16:00:00Z
33,33.74,33.74.13,33.74.13.1004,33.74.13.1004,Jawa Tengah,Kota Semarang,Semarang Barat,Tambakharjo,2026-09-19T12:00:00,2026-09-20 19:00:00,2026-09-21 02:00:00,30-31,26,79,0,0,9.3,SE,137,NW,,,0,Cerah,Sunny,https://api-apps.bmkg.go.id/storage/icon/cuaca/cerah-pm.svg,2026-09-20T19:00:00Z
33,33.74,33.74.13,33.74.13.1004,33.74.13.1004,Jawa Tengah,Kota Semarang,Semarang Barat,Tambakharjo,2026-09-19T12:00:00,2026-09-20 22:00:00,2026-09-21 05:00:00,33-34,26,72,0,0,13.1,E,134,W,,,0,Cerah,Sunny,https://api-apps.bmkg.go.id/storage/icon/cuaca/cerah-pm.svg,2026-09-20T22:00:00Z
33,33.74,33.74.13,33.74.13.1004,33.74.13.1004,Jawa Tengah,Kota Semarang,Semarang Barat,Tambakharjo,2026-09-19T12:00:00,2026-09-21 01:00:00,2026-09-21 08:00:00,36-37,30,55,0,0,16.1,E,117,W,,,0,Cerah,Sunny,https://api-apps.bmkg.go.id/storage/icon/cuaca/cerah-am.svg,2026-09-21T01:00:00Z
33,33.74,33.74.13,33.74.13.1004,33.74.13.1004,Jawa Tengah,Kota Semarang,Semarang Barat,Tambakharjo,2026-09-19T12:00:00,2026-09-21 04:00:00,2026-09-21 11:00:00,39-40,34,45,0,29,12.6,E,97,W,,,1,Cerah,Sunny,https://api-apps.bmkg.go.id/storage/icon/cuaca/cerah-am.svg,2026-09-21T04:00:00Z
33,33.74,33.74.13,33.74.13.1004,33.74.13.1004,Jawa Tengah,Kota Semarang,Semarang Barat,Tambakharjo,2026-09-19T12:00:00,2026-09-21 07:00:00,2026-09-21 14:00:00,42-43,31,65,0.1,24,11.1,NW,331,SE,,,1,Cerah,Sunny,https://api-apps.bmkg.go.id/storage/icon/cuaca/cerah-am.svg,2026-09-21T07:00:00Z
33,33.74,33.74.13,33.74.13.1004,33.74.13.1004,Jawa Tengah,Kota Semarang,Semarang Barat,Tambakharjo,2026-09-19T12:00:00,2026-09-21 10:00:00,2026-09-21 17:00:00,45-46,29,73,0,15,10.8,W,281,E,,,1,Cerah,Sunny,https://api-apps.bmkg.go.id/storage/icon/cuaca/cerah-am.svg,2026-09-21T10:00:00Z
33,33.74,33.74.13,33.74.13.1004,33.74.13.1004,Jawa Tengah,Kota Semarang,Semarang Barat,Tambakharjo,2026-09-19T12:00:00,2026-09-21 13:00:00,2026-09-21 20:00:00,48-49,27,79,0,30,6.7,E,98,W,,,1,Cerah,Sunny,https://api-apps.bmkg.go.id/storage/icon/cuaca/cerah-pm.svg,2026-09-21T13:00:00Z
33,33.74,33.74.13,33.74.13.1004,33.74.13.1004,Jawa Tengah,Kota Semarang,Semarang Barat,Tambakharjo,2026-09-19T12:00:00,2026-09-21 16:00:00,2026-09-21 23:00:00,51-52,26,78,0,9,6.7,SE,139,NW,,,0,Cerah,Sunny,https://api-apps.bmkg.go.id/storage/icon/cuaca/cerah-pm.svg,2026-09-21T16:00:00Z
33,33.74,33.74.13,33.74.13.1005,33.74.13.1005,Jawa Tengah,Kota Semarang,Semarang Barat,Kalibanteng Kulon,2026-09-19T12:00:00,2026-09-19 16:00:00,2026-09-19 23:00:00,3-4,26,75,0,22,4.7,SE,159,NW,,,1,Cerah,Sunny,https://api-apps.bmkg.go.id/storage/icon/cuaca/cerah-pm.svg,2026-09-19T16:00:00Z
33,33.74,33.74.13,33.74.13.1005,33.74.13.1005,Jawa Tengah,Kota Semarang,Semarang Barat,Kalibanteng Kulon,2026-09-19T12:00:00,2026-09-19 19:00:00,2026-09-20 02:00:00,6-7,25,74,0,1,7,SE,142,NW,,,0,Cerah,Sunny,https://api-apps.bmkg.go.id/storage/icon/cuaca/cerah-pm.svg,2026-09-19T19:00:00Z
33,33.74,33.74.13,33.74.13.1005,33.74.13.1005,Jawa Tengah,Kota Semarang,Semarang Barat,Kalibanteng Kulon,2026-09-19T12:00:00,2026-09-19 22:00:00,2026-09-20 05:00:00,9-10,25,71,0,0,8.3,E,130,W,,,0,Cerah,Sunny,https://api-apps.bmkg.go.id/storage/icon/cuaca/cerah-pm.svg,2026-09-19T22:00:00Z
33,33.74,33.74.13,33.74.13.1005,33.74.13.1005,Jawa Tengah,Kota Semarang,Semarang Barat,Kalibanteng Kulon,2026-09-19T12:00:00,2026-09-20 01:00:00,2026-09-20 08:00:00,12-13,30,53,0,2,12.7,E,108,W,,,0,Cerah,Sunny,https://api-apps.bmkg.go.id/storage/icon/cuaca/cerah-am.svg,2026-09-20T01:00:00Z
33,33.74,33.74.13,33.74.13.1005,33.74.13.1005,Jawa Tengah,Kota Semarang,Semarang Barat,Kalibanteng Kulon,2026-09-19T12:00:00,2026-09-20 04:00:00,2026-09-20 11:00:00,15-16,33,46,0,3,8.9,NE,61,SW,,,0,Cerah,Sunny,https://api-apps.bmkg.go.id/storage/icon/cuaca/cerah-am.svg,2026-09-20T04:00:00Z
33,33.74,33.74.13,33.74.13.1005,33.74.13.1005,Jawa Tengah,Kota Semarang,Semarang Barat,Kalibanteng Kulon,2026-09-19T12:00:00,2026-09-20 07:00:00,2026-09-20 14:00:00,18-19,31,61,0.1,14,12.6,NW,345,SE,,,1,Cerah,Sunny,https://api-apps.bmkg.go.id/storage/icon/cuaca/cerah-am.svg,2026-09-20T07:00:00Z
33,33.74,33.74.13,33.74.13.1005,33.74.13.1005,Jawa Tengah,Kota Semarang,Semarang Barat,Kalibanteng Kulon,2026-09-19T12:00:00,2026-09-20 10:00:00,2026-09-20 17:00:00,21-22,28,78,0,7,8,W,285,E,,,0,Cerah,Sunny,https://api-apps.bmkg.go.id/storage/icon/cuaca/cerah-am.svg,2026-09-20T10:00:00Z
33,33.74,33.74.13,33.74.13.1005,33.74.13.1005,Jawa Tengah,Kota Semarang,Semarang Barat,Kalibanteng Kulon,2026-09-19T12:00:00,2026-09-20 13:00:00,2026-09-20 20:00:00,24-25,28,76,0.1,1,3.3,SE,149,NW,,,0,Cerah,Sunny,https://api-apps.bmkg.go.id/storage/icon/cuaca/cerah-pm.svg,2026-09-20T13:00:00Z
33,33.74,33.74.13,33.74.13.1005,33.74.13.1005,Jawa Tengah,Kota Semarang,Semarang Barat,Kalibanteng Kulon,2026-09-19T12:00:00,2026-09-20 16:00:00,2026-09-20 23:00:00,27-28,27,81,0,0,6.7,E,134,W,,,0,Cerah,Sunny,https://api-apps.bmkg.go.id/storage/icon/cuaca/cerah-pm.svg,2026-09-20T16:00:00Z
33,33.74,33.74.13,33.74.13.1005,33.74.13.1005,Jawa Tengah,Kota Semarang,Semarang Barat,Kalibanteng Kulon,2026-09-19T12:00:00,2026-09-20 19:00:00,2026-09-21 02:00:00,30-31,26,79,0,0,9.3,SE,137,NW,,,0,Cerah,Sunny,https://api-apps.bmkg.go.id/storage/icon/cuaca/cerah-pm.svg,2026-09-20T19:00:00Z
33,33.74,33.74.13,33.74.13.1005,33.74.13.1005,Jawa Tengah,Kota Semarang,Semarang Barat,Kalibanteng Kulon,2026-09-19T12:00:00,2026-09-20 22:00:00,2026-09-21 05:00:00,33-34,26,72,0,0,13.1,E,134,W,,,0,Cerah,Sunny,https://api-apps.bmkg.go.id/storage/icon/cuaca/cerah-pm.svg,2026-09-20T22:00:00Z
33,33.74,33.74.13,33.74.13.1005,33.74.13.1005,Jawa Tengah,Kota Semarang,Semarang Barat,Kalibanteng Kulon,2026-09-19T12:00:00,2026-09-21 01:00:00,2026-09-21 08:00:00,36-37,30,55,0,0,16.1,E,117,W,,,0,Cerah,Sunny,https://api-apps.bmkg.go.id/storage/icon/cuaca/cerah-am.svg,2026-09-21T01:00:00Z
33,33.74,33.74.13,33.74.13.1005,33.74.13.1005,Jawa Tengah,Kota Semarang,Semarang Barat,Kalibanteng Kulon,2026-09-19T12:00:00,2026-09-21 04:00:00,2026-09-21 11:00:00,39-40,34,45,0,29,12.6,E,97,W,,,1,Cerah,Sunny,https://api-apps.bmkg.go.id/storage/icon/cuaca/cerah-am.svg,2026-09-21T04:00:00Z
33,33.74,33.74.13,33.74.13.1005,33.74.13.1005,Jawa Tengah,Kota Semarang,Semarang Barat,Kalibanteng Kulon,2026-09-19T12:00:00,2026-09-21 07:00:00,2026-09-21 14:00:00,42-43,31,65,0.1,24,11.1,NW,331,SE,,,1,Cerah,Sunny,https://api-apps.bmkg.go.id/storage/icon/cuaca/cerah-am.svg,2026-09-21T07:00:00Z
33,33.74,33.74.13,33.74.13.1005,33.74.13.1005,Jawa Tengah,Kota Semarang,Semarang Barat,Kalibanteng Kulon,2026-09-19T12:00:00,2026-09-21 10:00:00,2026-09-21 17:00:00,45-46,29,73,0,15,10.8,W,281,E,,,1,Cerah,Sunny,https://api-apps.bmkg.go.id/storage/icon/cuaca/cerah-am.svg,2026-09-21T10:00:00Z
33,33.74,33.74.13,33.74.13.1005,33.74.13.1005,Jawa Tengah,Kota Semarang,Semarang Barat,Kalibanteng Kulon,2026-09-19T12:00:00,2026-09-21 13:00:00,2026-09-21 20:00:00,48-49,27,79,0,30,6.7,E,98,W,,,1,Cerah,Sunny,https://api-apps.bmkg.go.id/storage/icon/cuaca/cerah-pm.svg,2026-09-21T13:00:00Z
33,33.74,33.74.13,33.74.13.1005,33.74.13.1005,Jawa Tengah,Kota Semarang,Semarang Barat,Kalibanteng Kulon,2026-09-19T12:00:00,2026-09-21 16:00:00,2026-09-21 23:00:00,51-52,26,78,0,9,6.7,SE,139,NW,,,0,Cerah,Sunny,https://api-apps.bmkg.go.id/storage/icon/cuaca/cerah-pm.svg,2026-09-21T16:00:00Z
33,33.74,33.74.13,33.74.13.1006,33.74.13.1006,Jawa Tengah,Kota Semarang,Semarang Barat,Kalibanteng Kidul,2026-09-19T12:00:00,2026-09-19 16:00:00,2026-09-19 23:00:00,3-4,25,78,0,24,4.7,SE,159,NW,,,1,Cerah,Sunny,https://api-apps.bmkg.go.id/storage/icon/cuaca/cerah-pm.svg,2026-09-19T16:00:00Z
33,33.74,33.74.13,33.74.13.1006,33.74.13.1006,Jawa Tengah,Kota Semarang,Semarang Barat,Kalibanteng Kidul,2026-09-19T12:00:00,2026-09-19 19:00:00,2026-09-20 02:00:00,6-7,24,76,0,1,7,SE,142,NW,,,0,Cerah,Sunny,https://api-apps.bmkg.go.id/storage/icon/cuaca/cerah-pm.svg,2026-09-19T19:00:00Z
33,33.74,33.74.13,33.74.13.1006,33.74.13.1006,Jawa Tengah,Kota Semarang,Semarang Barat,Kalibanteng Kidul,2026-09-19T12:00:00,2026-09-19 22:00:00,2026-09-20 05:00:00,9-10,25,71,0,0,8.3,E,130,W,,,0,Cerah,Sunny,https://api-apps.bmkg.go.id/storage/icon/cuaca/cerah-pm.svg,2026-09-19T22:00:00Z
33,33.74,33.74.13,33.74.13.1006,33.74.13.1006,Jawa Tengah,Kota Semarang,Semarang Barat,Kalibanteng Kidul,2026-09-19T12:00:00,2026-09-20 01:00:00,2026-09-20 08:00:00,12-13,30,51,0,1,12.7,E,108,W,,,0,Cerah,Sunny,https://api-apps.bmkg.go.id/storage/icon/cuaca/cerah-am.svg,2026-09-20T01:00:00Z
33,33.74,33.74.13,33.74.13.1006,33.74.13.1006,Jawa Tengah,Kota Semarang,Semarang Barat,Kalibanteng Kidul,2026-09-19T12:00:00,2026-09-20 04:00:00,2026-09-20 11:00:00,15-16,34,41,0,3,8.9,NE,61,SW,,,0,Cerah,Sunny,https://api-apps.bmkg.go.id/storage/icon/cuaca/cerah-am.svg,2026-09-20T04:00:00Z
33,33.74,33.74.13,33.74.13.1006,33.74.13.1006,Jawa Tengah,Kota Semarang,Semarang Barat,Kalibanteng Kidul,2026-09-19T12:00:00,2026-09-20 07:00:00,2026-09-20 14:00:00,18-19,32,56,0.1,16,12.6,NW,345,SE,,,1,Cerah,Sunny,https://api-apps.bmkg.go.id/storage/icon/cuaca/cerah-am.svg,2026-09-20T07:00:00Z
33,33.74,33.74.13,33.74.13.1006,33.74.13.1006,Jawa Tengah,Kota Semarang,Semarang Barat,Kalibanteng Kidul,2026-09-19T12:00:00,2026-09-20 10:00:00,2026-09-20 17:00:00,21-22,28,78,0,8,8,W,285,E,,,0,Cerah,Sunny,https://api-apps.bmkg.go.id/storage/icon/cuaca/cerah-am.svg,2026-09-20T10:00:00Z
33,33.74,33.74.13,33.74.13.1006,33.74.13.1006,Jawa Tengah,Kota Semarang,Semarang Barat,Kalibanteng Kidul,2026-09-19T12:00:00,2026-09-20 13:00:00,2026-09-20 20:00:00,24-25,27,76,0.2,5,3.3,SE,149,NW,,,0,Cerah,Sunny,https://api-apps.bmkg.go.id/storage/icon/cuaca/cerah-pm.svg,2026-09-20T13:00:00Z
33,33.74,33.74.13,33.74.13.1006,33.74.13.1006,Jawa Tengah,Kota Semarang,Semarang Barat,Kalibanteng Kidul,2026-09-19T12:00:00,2026-09-20 16:00:00,2026-09-20 23:00:00,27-28,26,81,0,0,6.7,E,134,W,,,0,Cerah,Sunny,https://api-apps.bmkg.go.id/storage/icon/cuaca/cerah-pm.svg,2026-09-20T16:00:00Z
33,33.74,33.74.13,33.74.13.1006,33.74.13.1006,Jawa Tengah,Kota Semarang,Semarang Barat,Kalibanteng Kidul,2026-09-19T12:00:00,2026-09-20 19:00:00,2026-09-21 02:00:00,30-31,25,80,0,0,9.3,SE,137,NW,,,0,Cerah,Sunny,https://api-apps.bmkg.go.id/storage/icon/cuaca/cerah-pm.svg,2026-09-20T19:00:00Z
33,33.74,33.74.13,33.74.13.1006,33.74.13.1006,Jawa Tengah,Kota Semarang,Semarang Barat,Kalibanteng Kidul,2026-09-19T12:00:00,2026-09-20 22:00:00,2026-09-21 05:00:00,33-34,25,71,0,0,13.1,E,134,W,,,0,Cerah,Sunny,https://api-apps.bmkg.go.id/storage/icon/cuaca/cerah-pm.svg,2026-09-20T22:00:00Z
33,33.74,33.74.13,33.74.13.1006,33.74.13.1006,Jawa Tengah,Kota Semarang,Semarang Barat,Kalibanteng Kidul,2026-09-19T12:00:00,2026-09-21 01:00:00,2026-09-21 08:00:00,36-37,30,53,0,0,16.1,E,117,W,,,0,Cerah,Sunny,https://api-apps.bmkg.go.id/storage/icon/cuaca/cerah-am.svg,2026-09-21T01:00:00Z
33,33.74,33.74.13,33.74.13.1006,33.74.13.1006,Jawa Tengah,Kota Semarang,Semarang Barat,Kalibanteng Kidul,2026-09-19T12:00:00,2026-09-21 04:00:00,2026-09-21 11:00:00,39-40,34,40,0,30,12.6,E,97,W,,,1,Cerah,Sunny,https://api-apps.bmkg.go.id/storage/icon/cuaca/cerah-am.svg,2026-09-21T04:00:00Z
33,33.74,33.74.13,33.74.13.1006,33.74.13.1006,Jawa Tengah,Kota Semarang,Semarang Barat,Kalibanteng Kidul,2026-09-19T12:00:00,2026-09-21 07:00:00,2026-09-21 14:00:00,42-43,32,62,0.1,27,11.1,NW,331,SE,,,1,Cerah,Sunny,https://api-apps.bmkg.go.id/storage/icon/cuaca/cerah-am.svg,2026-09-21T07:00:00Z
33,33.74,33.74.13,33.74.13.1006,33.74.13.1006,Jawa Tengah,Kota Semarang,Semarang Barat,Kalibanteng Kidul,2026-09-19T12:00:00,2026-09-21 10:00:00,2026-09-21 17:00:00,45-46,29,73,0.1,15,10.8,W,281,E,,,1,Cerah,Sunny,https://api-apps.bmkg.go.id/storage/icon/cuaca/cerah-am.svg,2026-09-21T10:00:00Z
33,33.74,33.74.13,33.74.13.1006,33.74.13.1006,Jawa Tengah,Kota Semarang,Semarang Barat,Kalibanteng Kidul,2026-09-19T12:00:00,2026-09-21 13:00:00,2026-09-21 20:00:00,48-49,27,78,0,26,6.7,E,98,W,,,1,Cerah,Sunny,https://api-apps.bmkg.go.id/storage/icon/cuaca/cerah-pm.svg,2026-09-21T13:00:00Z
33,33.74,33.74.13,33.74.13.1006,33.74.13.1006,Jawa Tengah,Kota Semarang,Semarang Barat,Kalibanteng Kidul,2026-09-19T12:00:00,2026-09-21 16:00:00,2026-09-21 23:00:00,51-52,26,78,0,10,6.7,SE,139,NW,,,1,Cerah,Sunny,https://api-apps.bmkg.go.id/storage/icon/cuaca/cerah-pm.svg,2026-09-21T16:00:00Z
33,33.74,33.74.13,33.74.13.1007,33.74.13.1007,Jawa Tengah,Kota Semarang,Semarang Barat,Gisikdrono,2026-09-19T12:00:00,2026-09-19 16:00:00,2026-09-19 23:00:00,3-4,25,78,0,24,4.7,SE,159,NW,,,1,Cerah,Sunny,https://api-apps.bmkg.go.id/storage/icon/cuaca/cerah-pm.svg,2026-09-19T16:00:00Z
33,33.74,33.74.13,33.74.13.1007,33.74.13.1007,Jawa Tengah,Kota Semarang,Semarang Barat,Gisikdrono,2026-09-19T12:00:00,2026-09-19 19:00:00,2026-09-20 02:00:00,6-7,24,76,0,1,7,SE,142,NW,,,0,Cerah,Sunny,https://api-apps.bmkg.go.id/storage/icon/cuaca/cerah-pm.svg,2026-09-19T19:00:00Z
33,33.74,33.74.13,33.74.13.1007,33.74.13.1007,Jawa Tengah,Kota Semarang,Semarang Barat,Gisikdrono,2026-09-19T12:00:00,2026-09-19 22:00:00,2026-09-20 05:00:00,9-10,25,71,0,0,8.3,E,130,W,,,0,Cerah,Sunny,https://api-apps.bmkg.go.id/storage/icon/cuaca/cerah-pm.svg,2026-09-19T22:00:00Z
33,33.74,33.74.13,33.74.13.1007,33.74.13.1007,Jawa Tengah,Kota Semarang,Semarang Barat,Gisikdrono,2026-09-19T12:00:00,2026-09-20 01:00:00,2026-09-20 08:00:00,12-13,30,51,0,1,12.7,E,108,W,,,0,Cerah,Sunny,https://api-apps.bmkg.go.id/storage/icon/cuaca/cerah-am.svg,2026-09-20T01:00:00Z
33,33.74,33.74.13,33.74.13.1007,33.74.13.1007,Jawa Tengah,Kota Semarang,Semarang Barat,Gisikdrono,2026-09-19T12:00:00,2026-09-20 04:00:00,2026-09-20 11:00:00,15-16,34,41,0,3,8.9,NE,61,SW,,,0,Cerah,Sunny,https://api-apps.bmkg.go.id/storage/icon/cuaca/cerah-am.svg,2026-09-20T04:00:00Z
33,33.74,33.74.13,33.74.13.1007,33.74.13.1007,Jawa Tengah,Kota Semarang,Semarang Barat,Gisikdrono,2026-09-19T12:00:00,2026-09-20 07:00:00,2026-09-20 14:00:00,18-19,32,56,0.1,16,12.6,NW,345,SE,,,1,Cerah,Sunny,https://api-apps.bmkg.go.id/storage/icon/cuaca/cerah-am.svg,2026-09-20T07:00:00Z
33,33.74,33.74.13,33.74.13.1007,33.74.13.1007,Jawa Tengah,Kota Semarang,Semarang Barat,Gisikdrono,2026-09-19T12:00:00,2026-09-20 10:00:00,2026-09-20 17:00:00,21-22,28,78,0,8,8,W,285,E,,,0,Cerah,Sunny,https://api-apps.bmkg.go.id/storage/icon/cuaca/cerah-am.svg,2026-09-20T10:00:00Z
33,33.74,33.74.13,33.74.13.1007,33.74.13.1007,Jawa Tengah,Kota Semarang,Semarang Barat,Gisikdrono,2026-09-19T12:00:00,2026-09-20 13:00:00,2026-09-20 20:00:00,24-25,27,76,0.2,5,3.3,SE,149,NW,,,0,Cerah,Sunny,https://api-apps.bmkg.go.id/storage/icon/cuaca/cerah-pm.svg,2026-09-20T13:00:00Z
33,33.74,33.74.13,33.74.13.1007,33.74.13.1007,Jawa Tengah,Kota Semarang,Semarang Barat,Gisikdrono,2026-09-19T12:00:00,2026-09-20 16:00:00,2026-09-20 23:00:00,27-28,26,81,0,0,6.7,E,134,W,,,0,Cerah,Sunny,https://api-apps.bmkg.go.id/storage/icon/cuaca/cerah-pm.svg,2026-09-20T16:00:00Z
33,33.74,33.74.13,33.74.13.1007,33.74.13.1007,Jawa Tengah,Kota Semarang,Semarang Barat,Gisikdrono,2026-09-19T12:00:00,2026-09-20 19:00:00,2026-09-21 02:00:00,30-31,25,80,0,0,9.3,SE,137,NW,,,0,Cerah,Sunny,https://api-apps.bmkg.go.id/storage/icon/cuaca/cerah-pm.svg,2026-09-20T19:00:00Z
33,33.74,33.74.13,33.74.13.1007,33.74.13.1007,Jawa Tengah,Kota Semarang,Semarang Barat,Gisikdrono,2026-09-19T12:00:00,2026-09-20 22:00:00,2026-09-21 05:00:00,33-34,25,71,0,0,13.1,E,134,W,,,0,Cerah,Sunny,https://api-apps.bmkg.go.id/storage/icon/cuaca/cerah-pm.svg,2026-09-20T22:00:00Z
33,33.74,33.74.13,33.74.13.1007,33.74.13.1007,Jawa Tengah,Kota Semarang,Semarang Barat,Gisikdrono,2026-09-19T12:00:00,2026-09-21 01:00:00,2026-09-21 08:00:00,36-37,30,53,0,0,16.1,E,117,W,,,0,Cerah,Sunny,https://api-apps.bmkg.go.id/storage/icon/cuaca/cerah-am.svg,2026-09-21T01:00:00Z
33,33.74,33.74.13,33.74.13.1007,33.74.13.1007,Jawa Tengah,Kota Semarang,Semarang Barat,Gisikdrono,2026-09-19T12:00:00,2026-09-21 04:00:00,2026-09-21 11:00:00,39-40,34,40,0,30,12.6,E,97,W,,,1,Cerah,Sunny,https://api-apps.bmkg.go.id/storage/icon/cuaca/cerah-am.svg,2026-09-21T04:00:00Z
33,33.74,33.74.13,33.74.13.1007,33.74.13.1007,Jawa Tengah,Kota Semarang,Semarang Barat,Gisikdrono,2026-09-19T12:00:00,2026-09-21 07:00:00,2026-09-21 14:00:00,42-43,32,62,0.1,27,11.1,NW,331,SE,,,1,Cerah,Sunny,https://api-apps.bmkg.go.id/storage/icon/cuaca/cerah-am.svg,2026-09-21T07:00:00Z
33,33.74,33.74.13,33.74.13.1007,33.74.13.1007,Jawa Tengah,Kota Semarang,Semarang Barat,Gisikdrono,2026-09-19T12:00:00,2026-09-21 10:00:00,2026-09-21 17:00:00,45-46,29,73,0.1,15,10.8,W,281,E,,,1,Cerah,Sunny,https://api-apps.bmkg.go.id/storage/icon/cuaca/cerah-am.svg,2026-09-21T10:00:00Z
33,33.74,33.74.13,33.74.13.1007,33.74.13.1007,Jawa Tengah,Kota Semarang,Semarang Barat,Gisikdrono,2026-09-19T12:00:00,2026-09-21 13:00:00,2026-09-21 20:00:00,48-49,27,78,0,26,6.7,E,98,W,,,1,Cerah,Sunny,https://api-apps.bmkg.go.id/storage/icon/cuaca/cerah-pm.svg,2026-09-21T13:00:00Z
33,33.74,33.74.13,33.74.13.1007,33.74.13.1007,Jawa Tengah,Kota Semarang,Semarang Barat,Gisikdrono,2026-09-19T12:00:00,2026-09-21 16:00:00,2026-09-21 23:00:00,51-52,26,78,0,10,6.7,SE,139,NW,,,1,Cerah,Sunny,https://api-apps.bmkg.go.id/storage/icon/cuaca/cerah-pm.svg,2026-09-21T16:00:00Z
33,33.74,33.74.13,33.74.13.1008,33.74.13.1008,Jawa Tengah,Kota Semarang,Semarang Barat,Bongsari,2026-09-19T12:00:00,2026-09-19 16:00:00,2026-09-19 23:00:00,3-4,26,80,0,31,4.7,SE,159,NW,,,1,Cerah,Sunny,https://api-apps.bmkg.go.id/storage/icon/cuaca/cerah-pm.svg,2026-09-19T16:00:00Z
33,33.74,33.74.13,33.74.13.1008,33.74.13.1008,Jawa Tengah,Kota Semarang,Semarang Barat,Bongsari,2026-09-19T12:00:00,2026-09-19 19:00:00,2026-09-20 02:00:00,6-7,25,77,0,2,7,SE,142,NW,,,0,Cerah,Sunny,https://api-apps.bmkg.go.id/storage/icon/cuaca/cerah-pm.svg,2026-09-19T19:00:00Z
33,33.74,33.74.13,33.74.13.1008,33.74.13.1008,Jawa Tengah,Kota Semarang,Semarang Barat,Bongsari,2026-09-19T12:00:00,2026-09-19 22:00:00,2026-09-20 05:00:00,9-10,25,70,0,0,8.3,E,130,W,,,0,Cerah,Sunny,https://api-apps.bmkg.go.id/storage/icon/cuaca/cerah-pm.svg,2026-09-19T22:00:00Z
33,33.74,33.74.13,33.74.13.1008,33.74.13.1008,Jawa Tengah,Kota Semarang,Semarang Barat,Bongsari,2026-09-19T12:00:00,2026-09-20 01:00:00,2026-09-20 08:00:00,12-13,30,51,0,0,12.7,E,108,W,,,0,Cerah,Sunny,https://api-apps.bmkg.go.id/storage/icon/cuaca/cerah-am.svg,2026-09-20T01:00:00Z
33,33.74,33.74.13,33.74.13.1008,33.74.13.1008,Jawa Tengah,Kota Semarang,Semarang Barat,Bongsari,2026-09-19T12:00:00,2026-09-20 04:00:00,2026-09-20 11:00:00,15-16,34,40,0,2,8.9,NE,61,SW,,,0,Cerah,Sunny,https://api-apps.bmkg.go.id/storage/icon/cuaca/cerah-am.svg,2026-09-20T04:00:00Z
33,33.74,33.74.13,33.74.13.1008,33.74.13.1008,Jawa Tengah,Kota Semarang,Semarang Barat,Bongsari,2026-09-19T12:00:00,2026-09-20 07:00:00,2026-09-20 14:00:00,18-19,32,57,0.1,19,12.6,NW,345,SE,,,1,Cerah,Sunny,https://api-apps.bmkg.go.id/storage/icon/cuaca/cerah-am.svg,2026-09-20T07:00:00Z
33,33.74,33.74.13,33.74.13.1008,33.74.13.1008,Jawa Tengah,Kota Semarang,Semarang Barat,Bongsari,2026-09-19T12:00:00,2026-09-20 10:00:00,2026-09-20 17:00:00,21-22,28,78,0,7,8,W,285,E,,,0,Cerah,Sunny,https://api-apps.bmkg.go.id/storage/icon/cuaca/cerah-am.svg,2026-09-20T10:00:00Z
33,33.74,33.74.13,33.74.13.1008,33.74.13.1008,Jawa Tengah,Kota Semarang,Semarang Barat,Bongsari,2026-09-19T12:00:00,2026-09-20 13:00:00,2026-09-20 20:00:00,24-25,27,76,0.2,5,3.3,SE,149,NW,,,0,Cerah,Sunny,https://api-apps.bmkg.go.id/storage/icon/cuaca/cerah-pm.svg,2026-09-20T13:00:00Z
33,33.74,33.74.13,33.74.13.1008,33.74.13.1008,Jawa Tengah,Kota Semarang,Semarang Barat,Bongsari,2026-09-19T12:00:00,2026-09-20 16:00:00,2026-09-20 23:00:00,27-28,26,81,0,0,6.7,E,134,W,,,0,Cerah,Sunny,https://api-apps.bmkg.go.id/storage/icon/cuaca/cerah-pm.svg,2026-09-20T16:00:00Z
33,33.74,33.74.13,33.74.13.1008,33.74.13.1008,Jawa Tengah,Kota Semarang,Semarang Barat,Bongsari,2026-09-19T12:00:00,2026-09-20 19:00:00,2026-09-21 02:00:00,30-31,26,78,0,0,9.3,SE,137,NW,,,0,Cerah,Sunny,https://api-apps.bmkg.go.id/storage/icon/cuaca/cerah-pm.svg,2026-09-20T19:00:00Z
33,33.74,33.74.13,33.74.13.1008,33.74.13.1008,Jawa Tengah,Kota Semarang,Semarang Barat,Bongsari,2026-09-19T12:00:00,2026-09-20 22:00:00,2026-09-21 05:00:00,33-34,25,71,0,0,13.1,E,134,W,,,0,Cerah,Sunny,https://api-apps.bmkg.go.id/storage/icon/cuaca/cerah-pm.svg,2026-09-20T22:00:00Z
33,33.74,33.74.13,33.74.13.1008,33.74.13.1008,Jawa Tengah,Kota Semarang,Semarang Barat,Bongsari,2026-09-19T12:00:00,2026-09-21 01:00:00,2026-09-21 08:00:00,36-37,30,53,0,0,16.1,E,117,W,,,0,Cerah,Sunny,https://api-apps.bmkg.go.id/storage/icon/cuaca/cerah-am.svg,2026-09-21T01:00:00Z
33,33.74,33.74.13,33.74.13.1008,33.74.13.1008,Jawa Tengah,Kota Semarang,Semarang Barat,Bongsari,2026-09-19T12:00:00,2026-09-21 04:00:00,2026-09-21 11:00:00,39-40,35,40,0,30,12.6,E,97,W,,,1,Cerah,Sunny,https://api-apps.bmkg.go.id/storage/icon/cuaca/cerah-am.svg,2026-09-21T04:00:00Z
33,33.74,33.74.13,33.74.13.1008,33.74.13.1008,Jawa Tengah,Kota Semarang,Semarang Barat,Bongsari,2026-09-19T12:00:00,2026-09-21 07:00:00,2026-09-21 14:00:00,42-43,32,61,0.1,23,11.1,NW,331,SE,,,1,Cerah,Sunny,https://api-apps.bmkg.go.id/storage/icon/cuaca/cerah-am.svg,2026-09-21T07:00:00Z
33,33.74,33.74.13,33.74.13.1008,33.74.13.1008,Jawa Tengah,Kota Semarang,Semarang Barat,Bongsari,2026-09-19T12:00:00,2026-09-21 10:00:00,2026-09-21 17:00:00,45-46,29,72,0,13,10.8,W,281,E,,,1,Cerah,Sunny,https://api-apps.bmkg.go.id/storage/icon/cuaca/cerah-am.svg,2026-09-21T10:00:00Z
33,33.74,33.74.13,33.74.13.1008,33.74.13.1008,Jawa Tengah,Kota Semarang,Semarang Barat,Bongsari,2026-09-19T12:00:00,2026-09-21 13:00:00,2026-09-21 20:00:00,48-49,27,79,0,26,6.7,E,98,W,,,1,Cerah,Sunny,https://api-apps.bmkg.go.id/storage/icon/cuaca/cerah-pm.svg,2026-09-21T13:00:00Z
33,33.74,33.74.13,33.74.13.1008,33.74.13.1008,Jawa Tengah,Kota Semarang,Semarang Barat,Bongsari,2026-09-19T12:00:00,2026-09-21 16:00:00,2026-09-21 23:00:00,51-52,26,77,0,7,6.7,SE,139,NW,,,0,Cerah,Sunny,https://api-apps.bmkg.go.id/storage/icon/cuaca/cerah-pm.svg,2026-09-21T16:00:00Z
33,33.74,33.74.13,33.74.13.1009,33.74.13.1009,Jawa Tengah,Kota Semarang,Semarang Barat,Bojongsalaman,2026-09-19T12:00:00,2026-09-19 16:00:00,2026-09-19 23:00:00,3-4,26,80,0,31,4.7,SE,159,NW,,,1,Cerah,Sunny,https://api-apps.bmkg.go.id/storage/icon/cuaca/cerah-pm.svg,2026-09-19T16:00:00Z
33,33.74,33.74.13,33.74.13.1009,33.74.13.1009,Jawa Tengah,Kota Semarang,Semarang Barat,Bojongsalaman,2026-09-19T12:00:00,2026-09-19 19:00:00,2026-09-20 02:00:00,6-7,25,77,0,2,7,SE,142,NW,,,0,Cerah,Sunny,https://api-apps.bmkg.go.id/storage/icon/cuaca/cerah-pm.svg,2026-09-19T19:00:00Z
33,33.74,33.74.13,33.74.13.1009,33.74.13.1009,Jawa Tengah,Kota Semarang,Semarang Barat,Bojongsalaman,2026-09-19T12:00:00,2026-09-19 22:00:00,2026-09-20 05:00:00,9-10,25,70,0,0,8.3,E,130,W,,,0,Cerah,Sunny,https://api-apps.bmkg.go.id/storage/icon/cuaca/cerah-pm.svg,2026-09-19T22:00:00Z
33,33.74,33.74.13,33.74.13.1009,33.74.13.1009,Jawa Tengah,Kota Semarang,Semarang Barat,Bojongsalaman,2026-09-19T12:00:00,2026-09-20 01:00:00,2026-09-20 08:00:00,12-13,30,51,0,0,12.7,E,108,W,,,0,Cerah,Sunny,https://api-apps.bmkg.go.id/storage/icon/cuaca/cerah-am.svg,2026-09-20T01:00:00Z
33,33.74,33.74.13,33.74.13.1009,33.74.13.1009,Jawa Tengah,Kota Semarang,Semarang Barat,Bojongsalaman,2026-09-19T12:00:00,2026-09-20 04:00:00,2026-09-20 11:00:00,15-16,34,40,0,2,8.9,NE,61,SW,,,0,Cerah,Sunny,https://api-apps.bmkg.go.id/storage/icon/cuaca/cerah-am.svg,2026-09-20T04:00:00Z
33,33.74,33.74.13,33.74.13.1009,33.74.13.1009,Jawa Tengah,Kota Semarang,Semarang Barat,Bojongsalaman,2026-09-19T12:00:00,2026-09-20 07:00:00,2026-09-20 14:00:00,18-19,32,57,0.1,19,12.6,NW,345,SE,,,1,Cerah,Sunny,https://api-apps.bmkg.go.id/storage/icon/cuaca/cerah-am.svg,2026-09-20T07:00:00Z
33,33.74,33.74.13,33.74.13.1009,33.74.13.1009,Jawa Tengah,Kota Semarang,Semarang Barat,Bojongsalaman,2026-09-19T12:00:00,2026-09-20 10:00:00,2026-09-20 17:00:00,21-22,28,78,0,7,8,W,285,E,,,0,Cerah,Sunny,https://api-apps.bmkg.go.id/storage/icon/cuaca/cerah-am.svg,2026-09-20T10:00:00Z
33,33.74,33.74.13,33.74.13.1009,33.74.13.1009,Jawa Tengah,Kota Semarang,Semarang Barat,Bojongsalaman,2026-09-19T12:00:00,2026-09-20 13:00:00,2026-09-20 20:00:00,24-25,27,76,0.2,5,3.3,SE,149,NW,,,0,Cerah,Sunny,https://api-apps.bmkg.go.id/storage/icon/cuaca/cerah-pm.svg,2026-09-20T13:00:00Z
33,33.74,33.74.13,33.74.13.1009,33.74.13.1009,Jawa Tengah,Kota Semarang,Semarang Barat,Bojongsalaman,2026-09-19T12:00:00,2026-09-20 16:00:00,2026-09-20 23:00:00,27-28,26,81,0,0,6.7,E,134,W,,,0,Cerah,Sunny,https://api-apps.bmkg.go.id/storage/icon/cuaca/cerah-pm.svg,2026-09-20T16:00:00Z
33,33.74,33.74.13,33.74.13.1009,33.74.13.1009,Jawa Tengah,Kota Semarang,Semarang Barat,Bojongsalaman,2026-09-19T12:00:00,2026-09-20 19:00:00,2026-09-21 02:00:00,30-31,26,78,0,0,9.3,SE,137,NW,,,0,Cerah,Sunny,https://api-apps.bmkg.go.id/storage/icon/cuaca/cerah-pm.svg,2026-09-20T19:00:00Z
33,33.74,33.74.13,33.74.13.1009,33.74.13.1009,Jawa Tengah,Kota Semarang,Semarang Barat,Bojongsalaman,2026-09-19T12:00:00,2026-09-20 22:00:00,2026-09-21 05:00:00,33-34,25,71,0,0,13.1,E,134,W,,,0,Cerah,Sunny,https://api-apps.bmkg.go.id/storage/icon/cuaca/cerah-pm.svg,2026-09-20T22:00:00Z
33,33.74,33.74.13,33.74.13.1009,33.74.13.1009,Jawa Tengah,Kota Semarang,Semarang Barat,Bojongsalaman,2026-09-19T12:00:00,2026-09-21 01:00:00,2026-09-21 08:00:00,36-37,30,53,0,0,16.1,E,117,W,,,0,Cerah,Sunny,https://api-apps.bmkg.go.id/storage/icon/cuaca/cerah-am.svg,2026-09-21T01:00:00Z
33,33.74,33.74.13,33.74.13.1009,33.74.13.1009,Jawa Tengah,Kota Semarang,Semarang Barat,Bojongsalaman,2026-09-19T12:00:00,2026-09-21 04:00:00,2026-09-21 11:00:00,39-40,35,40,0,30,12.6,E,97,W,,,1,Cerah,Sunny,https://api-apps.bmkg.go.id/storage/icon/cuaca/cerah-am.svg,2026-09-21T04:00:00Z
33,33.74,33.74.13,33.74.13.1009,33.74.13.1009,Jawa Tengah,Kota Semarang,Semarang Barat,Bojongsalaman,2026-09-19T12:00:00,2026-09-21 07:00:00,2026-09-21 14:00:00,42-43,32,61,0.1,23,11.1,NW,331,SE,,,1,Cerah,Sunny,https://api-apps.bmkg.go.id/storage/icon/cuaca/cerah-am.svg,2026-09-21T07:00:00Z
33,33.74,33.74.13,33.74.13.1009,33.74.13.1009,Jawa Tengah,Kota Semarang,Semarang Barat,Bojongsalaman,2026-09-19T12:00:00,2026-09-21 10:00:00,2026-09-21 17:00:00,45-46,29,72,0,13,10.8,W,281,E,,,1,Cerah,Sunny,https://api-apps.bmkg.go.id/storage/icon/cuaca/cerah-am.svg,2026-09-21T10:00:00Z
33,33.74,33.74.13,33.74.13.1009,33.74.13.1009,Jawa Tengah,Kota Semarang,Semarang Barat,Bojongsalaman,2026-09-19T12:00:00,2026-09-21 13:00:00,2026-09-21 20:00:00,48-49,27,79,0,26,6.7,E,98,W,,,1,Cerah,Sunny,https://api-apps.bmkg.go.id/storage/icon/cuaca/cerah-pm.svg,2026-09-21T13:00:00Z
33,33.74,33.74.13,33.74.13.1009,33.74.13.1009,Jawa Tengah,Kota Semarang,Semarang Barat,Bojongsalaman,2026-09-19T12:00:00,2026-09-21 16:00:00,2026-09-21 23:00:00,51-52,26,77,0,7,6.7,SE,139,NW,,,0,Cerah,Sunny,https://api-apps.bmkg.go.id/storage/icon/cuaca/cerah-pm.svg,2026-09-21T16:00:00Z
33,33.74,33.74.13,33.74.13.1010,33.74.13.1010,Jawa Tengah,Kota Semarang,Semarang Barat,Salamanmloyo,2026-09-19T12:00:00,2026-09-19 15:00:00,2026-09-19 22:00:00,2-3,27,77,0,2,4.4,E,114,W,,,0,Cerah,Sunny,https://api-apps.bmkg.go.id/storage/icon/cuaca/cerah-pm.svg,2026-09-19T15:00:00Z
33,33.74,33.74.13,33.74.13.1010,33.74.13.1010,Jawa Tengah,Kota Semarang,Semarang Barat,Salamanmloyo,2026-09-19T12:00:00,2026-09-19 18:00:00,2026-09-20 01:00:00,5-6,25,77,0,0,4.7,SE,159,NW,,,0,Cerah,Sunny,https://api-apps.bmkg.go.id/storage/icon/cuaca/cerah-pm.svg,2026-09-19T18:00:00Z
33,33.74,33.74.13,33.74.13.1010,33.74.13.1010,Jawa Tengah,Kota Semarang,Semarang Barat,Salamanmloyo,2026-09-19T12:00:00,2026-09-19 21:00:00,2026-09-20 04:00:00,8-9,25,73,0,0,7,SE,142,NW,,,0,Cerah,Sunny,https://api-apps.bmkg.go.id/storage/icon/cuaca/cerah-pm.svg,2026-09-19T21:00:00Z
33,33.74,33.74.13,33.74.13.1010,33.74.13.1010,Jawa Tengah,Kota Semarang,Semarang Barat,Salamanmloyo,2026-09-19T12:00:00,2026-09-20 00:00:00,2026-09-20 07:00:00,11-12,29,56,0,4,8.3,E,130,W,,,0,Cerah,Sunny,https://api-apps.bmkg.go.id/storage/icon/cuaca/cerah-am.svg,2026-09-20T00:00:00Z
33,33.74,33.74.13,33.74.13.1010,33.74.13.1010,Jawa Tengah,Kota Semarang,Semarang Barat,Salamanmloyo,2026-09-19T12:00:00,2026-09-20 03:00:00,2026-09-20 10:00:00,14-15,33,47,0,1,12.7,E,108,W,,,0,Cerah,Sunny,https://api-apps.bmkg.go.id/storage/icon/cuaca/cerah-am.svg,2026-09-20T03:00:00Z
33,33.74,33.74.13,33.74.13.1010,33.74.13.1010,Jawa Tengah,Kota Semarang,Semarang Barat,Salamanmloyo,2026-09-19T12:00:00,2026-09-20 06:00:00,2026-09-20 13:00:00,17-18,33,51,0.1,6,8.9,NE,61,SW,,,0,Cerah,Sunny,https://api-apps.bmkg.go.id/storage/icon/cuaca/cerah-am.svg,2026-09-20T06:00:00Z
33,33.74,33.74.13,33.74.13.1010,33.74.13.1010,Jawa Tengah,Kota Semarang,Semarang Barat,Salamanmloyo,2026-09-19T12:00:00,2026-09-20 09:00:00,2026-09-20 16:00:00,20-21,29,75,0,14,12.6,NW,345,SE,,,1,Cerah,Sunny,https://api-apps.bmkg.go.id/storage/icon/cuaca/cerah-am.svg,2026-09-20T09:00:00Z
33,33.74,33.74.13,33.74.13.1010,33.74.13.1010,Jawa Tengah,Kota Semarang,Semarang Barat,Salamanmloyo,2026-09-19T12:00:00,2026-09-20 12:00:00,2026-09-20 19:00:00,23-24,28,75,0.2,10,8,W,285,E,,,0,Cerah,Sunny,https://api-apps.bmkg.go.id/storage/icon/cuaca/cerah-pm.svg,2026-09-20T12:00:00Z
33,33.74,33.74.13,33.74.13.1010,33.74.13.1010,Jawa Tengah,Kota Semarang,Semarang Barat,Salamanmloyo,2026-09-19T12:00:00,2026-09-20 15:00:00,2026-09-20 22:00:00,26-27,27,81,0,0,3.3,SE,149,NW,,,0,Cerah,Sunny,https://api-apps.bmkg.go.id/storage/icon/cuaca/cerah-pm.svg,2026-09-20T15:00:00Z
33,33.74,33.74.13,33.74.13.1010,33.74.13.1010,Jawa Tengah,Kota Semarang,Semarang Barat,Salamanmloyo,2026-09-19T12:00:00,2026-09-20 18:00:00,2026-09-21 01:00:00,29-30,26,81,0,0,6.7,E,134,W,,,0,Cerah,Sunny,https://api-apps.bmkg.go.id/storage/icon/cuaca/cerah-pm.svg,2026-09-20T18:00:00Z
33,33.74,33.74.13,33.74.13.1010,33.74.13.1010,Jawa Tengah,Kota Semarang,Semarang Barat,Salamanmloyo,2026-09-19T12:00:00,2026-09-20 21:00:00,2026-09-21 04:00:00,32-33,26,72,0,0,9.3,SE,137,NW,,,0,Cerah,Sunny,https://api-apps.bmkg.go.id/storage/icon/cuaca/cerah-pm.svg,2026-09-20T21:00:00Z
33,33.74,33.74.13,33.74.13.1010,33.74.13.1010,Jawa Tengah,Kota Semarang,Semarang Barat,Salamanmloyo,2026-09-19T12:00:00,2026-09-21 00:00:00,2026-09-21 07:00:00,35-36,28,61,0,0,13.1,E,134,W,,,0,Cerah,Sunny,https://api-apps.bmkg.go.id/storage/icon/cuaca/cerah-am.svg,2026-09-21T00:00:00Z
33,33.74,33.74.13,33.74.13.1010,33.74.13.1010,Jawa Tengah,Kota Semarang,Semarang Barat,Salamanmloyo,2026-09-19T12:00:00,2026-09-21 03:00:00,2026-09-21 10:00:00,38-39,33,46,0,7,16.1,E,117,W,,,0,Cerah,Sunny,https://api-apps.bmkg.go.id/storage/icon/cuaca/cerah-am.svg,2026-09-21T03:00:00Z
33,33.74,33.74.13,33.74.13.1010,33.74.13.1010,Jawa Tengah,Kota Semarang,Semarang Barat,Salamanmloyo,2026-09-19T12:00:00,2026-09-21 06:00:00,2026-09-21 13:00:00,41-42,33,53,0.1,17,12.6,E,97,W,,,1,Cerah,Sunny,https://api-apps.bmkg.go.id/storage/icon/cuaca/cerah-am.svg,2026-09-21T06:00:00Z
33,33.74,33.74.13,33.74.13.1010,33.74.13.1010,Jawa Tengah,Kota Semarang,Semarang Barat,Salamanmloyo,2026-09-19T12:00:00,2026-09-21 09:00:00,2026-09-21 16:00:00,44-45,30,68,0,17,11.1,NW,331,SE,,,1,Cerah,Sunny,https://api-apps.bmkg.go.id/storage/icon/cuaca/cerah-am.svg,2026-09-21T09:00:00Z
33,33.74,33.74.13,33.74.13.1010,33.74.13.1010,Jawa Tengah,Kota Semarang,Semarang Barat,Salamanmloyo,2026-09-19T12:00:00,2026-09-21 12:00:00,2026-09-21 19:00:00,47-48,28,75,0.1,22,10.8,W,281,E,,,1,Cerah,Sunny,https://api-apps.bmkg.go.id/storage/icon/cuaca/cerah-pm.svg,2026-09-21T12:00:00Z
33,33.74,33.74.13,33.74.13.1010,33.74.13.1010,Jawa Tengah,Kota Semarang,Semarang Barat,Salamanmloyo,2026-09-19T12:00:00,2026-09-21 15:00:00,2026-09-21 22:00:00,50-51,27,80,0,8,6.7,E,98,W,,,0,Cerah,Sunny,https://api-apps.bmkg.go.id/storage/icon/cuaca/cerah-pm.svg,2026-09-21T15:00:00Z
33,33.74,33.74.13,33.74.13.1011,33.74.13.1011,Jawa Tengah,Kota Semarang,Semarang Barat,Cabean,2026-09-19T12:00:00,2026-09-19 16:00:00,2026-09-19 23:00:00,3-4,26,76,0,28,4.7,SE,159,NW,,,1,Cerah,Sunny,https://api-apps.bmkg.go.id/storage/icon/cuaca/cerah-pm.svg,2026-09-19T16:00:00Z
33,33.74,33.74.13,33.74.13.1011,33.74.13.1011,Jawa Tengah,Kota Semarang,Semarang Barat,Cabean,2026-09-19T12:00:00,2026-09-19 19:00:00,2026-09-20 02:00:00,6-7,25,75,0,1,7,SE,142,NW,,,0,Cerah,Sunny,https://api-apps.bmkg.go.id/storage/icon/cuaca/cerah-pm.svg,2026-09-19T19:00:00Z
33,33.74,33.74.13,33.74.13.1011,33.74.13.1011,Jawa Tengah,Kota Semarang,Semarang Barat,Cabean,2026-09-19T12:00:00,2026-09-19 22:00:00,2026-09-20 05:00:00,9-10,25,70,0,0,8.3,E,130,W,,,0,Cerah,Sunny,https://api-apps.bmkg.go.id/storage/icon/cuaca/cerah-pm.svg,2026-09-19T22:00:00Z
33,33.74,33.74.13,33.74.13.1011,33.74.13.1011,Jawa Tengah,Kota Semarang,Semarang Barat,Cabean,2026-09-19T12:00:00,2026-09-20 01:00:00,2026-09-20 08:00:00,12-13,30,53,0,0,12.7,E,108,W,,,0,Cerah,Sunny,https://api-apps.bmkg.go.id/storage/icon/cuaca/cerah-am.svg,2026-09-20T01:00:00Z
33,33.74,33.74.13,33.74.13.1011,33.74.13.1011,Jawa Tengah,Kota Semarang,Semarang Barat,Cabean,2026-09-19T12:00:00,2026-09-20 04:00:00,2026-09-20 11:00:00,15-16,34,45,0,2,8.9,NE,61,SW,,,0,Cerah,Sunny,https://api-apps.bmkg.go.id/storage/icon/cuaca/cerah-am.svg,2026-09-20T04:00:00Z
33,33.74,33.74.13,33.74.13.1011,33.74.13.1011,Jawa Tengah,Kota Semarang,Semarang Barat,Cabean,2026-09-19T12:00:00,2026-09-20 07:00:00,2026-09-20 14:00:00,18-19,31,62,0.1,17,12.6,NW,345,SE,,,1,Cerah,Sunny,https://api-apps.bmkg.go.id/storage/icon/cuaca/cerah-am.svg,2026-09-20T07:00:00Z
33,33.74,33.74.13,33.74.13.1011,33.74.13.1011,Jawa Tengah,Kota Semarang,Semarang Barat,Cabean,2026-09-19T12:00:00,2026-09-20 10:00:00,2026-09-20 17:00:00,21-22,29,79,0,7,8,W,285,E,,,0,Cerah,Sunny,https://api-apps.bmkg.go.id/storage/icon/cuaca/cerah-am.svg,2026-09-20T10:00:00Z
33,33.74,33.74.13,33.74.13.1011,33.74.13.1011,Jawa Tengah,Kota Semarang,Semarang Barat,Cabean,2026-09-19T12:00:00,2026-09-20 13:00:00,2026-09-20 20:00:00,24-25,28,76,0.2,1,3.3,SE,149,NW,,,0,Cerah,Sunny,https://api-apps.bmkg.go.id/storage/icon/cuaca/cerah-pm.svg,2026-09-20T13:00:00Z
33,33.74,33.74.13,33.74.13.1011,33.74.13.1011,Jawa Tengah,Kota Semarang,Semarang Barat,Cabean,2026-09-19T12:00:00,2026-09-20 16:00:00,2026-09-20 23:00:00,27-28,27,80,0,0,6.7,E,134,W,,,0,Cerah,Sunny,https://api-apps.bmkg.go.id/storage/icon/cuaca/cerah-pm.svg,2026-09-20T16:00:00Z
33,33.74,33.74.13,33.74.13.1011,33.74.13.1011,Jawa Tengah,Kota Semarang,Semarang Barat,Cabean,2026-09-19T12:00:00,2026-09-20 19:00:00,2026-09-21 02:00:00,30-31,26,78,0,0,9.3,SE,137,NW,,,0,Cerah,Sunny,https://api-apps.bmkg.go.id/storage/icon/cuaca/cerah-pm.svg,2026-09-20T19:00:00Z
33,33.74,33.74.13,33.74.13.1011,33.74.13.1011,Jawa Tengah,Kota Semarang,Semarang Barat,Cabean,2026-09-19T12:00:00,2026-09-20 22:00:00,2026-09-21 05:00:00,33-34,26,72,0,0,13.1,E,134,W,,,0,Cerah,Sunny,https://api-apps.bmkg.go.id/storage/icon/cuaca/cerah-pm.svg,2026-09-20T22:00:00Z
33,33.74,33.74.13,33.74.13.1011,33.74.13.1011,Jawa Tengah,Kota Semarang,Semarang Barat,Cabean,2026-09-19T12:00:00,2026-09-21 01:00:00,2026-09-21 08:00:00,36-37,30,56,0,0,16.1,E,117,W,,,0,Cerah,Sunny,https://api-apps.bmkg.go.id/storage/icon/cuaca/cerah-am.svg,2026-09-21T01:00:00Z
33,33.74,33.74.13,33.74.13.1011,33.74.13.1011,Jawa Tengah,Kota Semarang,Semarang Barat,Cabean,2026-09-19T12:00:00,2026-09-21 04:00:00,2026-09-21 11:00:00,39-40,34,44,0,29,12.6,E,97,W,,,1,Cerah,Sunny,https://api-apps.bmkg.go.id/storage/icon/cuaca/cerah-am.svg,2026-09-21T04:00:00Z
33,33.74,33.74.13,33.74.13.1011,33.74.13.1011,Jawa Tengah,Kota Semarang,Semarang Barat,Cabean,2026-09-19T12:00:00,2026-09-21 07:00:00,2026-09-21 14:00:00,42-43,31,65,0.1,21,11.1,NW,331,SE,,,1,Cerah,Sunny,https://api-apps.bmkg.go.id/storage/icon/cuaca/cerah-am.svg,2026-09-21T07:00:00Z
33,33.74,33.74.13,33.74.13.1011,33.74.13.1011,Jawa Tengah,Kota Semarang,Semarang Barat,Cabean,2026-09-19T12:00:00,2026-09-21 10:00:00,2026-09-21 17:00:00,45-46,29,72,0,13,10.8,W,281,E,,,1,Cerah,Sunny,https://api-apps.bmkg.go.id/storage/icon/cuaca/cerah-am.svg,2026-09-21T10:00:00Z
33,33.74,33.74.13,33.74.13.1011,33.74.13.1011,Jawa Tengah,Kota Semarang,Semarang Barat,Cabean,2026-09-19T12:00:00,2026-09-21 13:00:00,2026-09-21 20:00:00,48-49,27,80,0.1,30,6.7,E,98,W,,,1,Cerah,Sunny,https://api-apps.bmkg.go.id/storage/icon/cuaca/cerah-pm.svg,2026-09-21T13:00:00Z
33,33.74,33.74.13,33.74.13.1011,33.74.13.1011,Jawa Tengah,Kota Semarang,Semarang Barat,Cabean,2026-09-19T12:00:00,2026-09-21 16:00:00,2026-09-21 23:00:00,51-52,27,77,0,6,6.7,SE,139,NW,,,0,Cerah,Sunny,https://api-apps.bmkg.go.id/storage/icon/cuaca/cerah-pm.svg,2026-09-21T16:00:00Z
33,33.74,33.74.13,33.74.13.1012,33.74.13.1012,Jawa Tengah,Kota Semarang,Semarang Barat,Karangayu,2026-09-19T12:00:00,2026-09-19 16:00:00,2026-09-19 23:00:00,3-4,26,76,0,28,4.7,SE,159,NW,,,1,Cerah,Sunny,https://api-apps.bmkg.go.id/storage/icon/cuaca/cerah-pm.svg,2026-09-19T16:00:00Z
33,33.74,33.74.13,33.74.13.1012,33.74.13.1012,Jawa Tengah,Kota Semarang,Semarang Barat,Karangayu,2026-09-19T12:00:00,2026-09-19 19:00:00,2026-09-20 02:00:00,6-7,25,75,0,1,7,SE,142,NW,,,0,Cerah,Sunny,https://api-apps.bmkg.go.id/storage/icon/cuaca/cerah-pm.svg,2026-09-19T19:00:00Z
33,33.74,33.74.13,33.74.13.1012,33.74.13.1012,Jawa Tengah,Kota Semarang,Semarang Barat,Karangayu,2026-09-19T12:00:00,2026-09-19 22:00:00,2026-09-20 05:00:00,9-10,25,70,0,0,8.3,E,130,W,,,0,Cerah,Sunny,https://api-apps.bmkg.go.id/storage/icon/cuaca/cerah-pm.svg,2026-09-19T22:00:00Z
33,33.74,33.74.13,33.74.13.1012,33.74.13.1012,Jawa Tengah,Kota Semarang,Semarang Barat,Karangayu,2026-09-19T12:00:00,2026-09-20 01:00:00,2026-09-20 08:00:00,12-13,30,53,0,0,12.7,E,108,W,,,0,Cerah,Sunny,https://api-apps.bmkg.go.id/storage/icon/cuaca/cerah-am.svg,2026-09-20T01:00:00Z
33,33.74,33.74.13,33.74.13.1012,33.74.13.1012,Jawa Tengah,Kota Semarang,Semarang Barat,Karangayu,2026-09-19T12:00:00,2026-09-20 04:00:00,2026-09-20 11:00:00,15-16,34,45,0,2,8.9,NE,61,SW,,,0,Cerah,Sunny,https://api-apps.bmkg.go.id/storage/icon/cuaca/cerah-am.svg,2026-09-20T04:00:00Z
33,33.74,33.74.13,33.74.13.1012,33.74.13.1012,Jawa Tengah,Kota Semarang,Semarang Barat,Karangayu,2026-09-19T12:00:00,2026-09-20 07:00:00,2026-09-20 14:00:00,18-19,31,62,0.1,17,12.6,NW,345,SE,,,1,Cerah,Sunny,https://api-apps.bmkg.go.id/storage/icon/cuaca/cerah-am.svg,2026-09-20T07:00:00Z
33,33.74,33.74.13,33.74.13.1012,33.74.13.1012,Jawa Tengah,Kota Semarang,Semarang Barat,Karangayu,2026-09-19T12:00:00,2026-09-20 10:00:00,2026-09-20 17:00:00,21-22,29,79,0,7,8,W,285,E,,,0,Cerah,Sunny,https://api-apps.bmkg.go.id/storage/icon/cuaca/cerah-am.svg,2026-09-20T10:00:00Z
33,33.74,33.74.13,33.74.13.1012,33.74.13.1012,Jawa Tengah,Kota Semarang,Semarang Barat,Karangayu,2026-09-19T12:00:00,2026-09-20 13:00:00,2026-09-20 20:00:00,24-25,28,76,0.2,1,3.3,SE,149,NW,,,0,Cerah,Sunny,https://api-apps.bmkg.go.id/storage/icon/cuaca/cerah-pm.svg,2026-09-20T13:00:00Z
33,33.74,33.74.13,33.74.13.1012,33.74.13.1012,Jawa Tengah,Kota Semarang,Semarang Barat,Karangayu,2026-09-19T12:00:00,2026-09-20 16:00:00,2026-09-20 23:00:00,27-28,27,80,0,0,6.7,E,134,W,,,0,Cerah,Sunny,https://api-apps.bmkg.go.id/storage/icon/cuaca/cerah-pm.svg,2026-09-20T16:00:00Z
33,33.74,33.74.13,33.74.13.1012,33.74.13.1012,Jawa Tengah,Kota Semarang,Semarang Barat,Karangayu,2026-09-19T12:00:00,2026-09-20 19:00:00,2026-09-21 02:00:00,30-31,26,78,0,0,9.3,SE,137,NW,,,0,Cerah,Sunny,https://api-apps.bmkg.go.id/storage/icon/cuaca/cerah-pm.svg,2026-09-20T19:00:00Z
33,33.74,33.74.13,33.74.13.1012,33.74.13.1012,Jawa Tengah,Kota Semarang,Semarang Barat,Karangayu,2026-09-19T12:00:00,2026-09-20 22:00:00,2026-09-21 05:00:00,33-34,26,72,0,0,13.1,E,134,W,,,0,Cerah,Sunny,https://api-apps.bmkg.go.id/storage/icon/cuaca/cerah-pm.svg,2026-09-20T22:00:00Z
33,33.74,33.74.13,33.74.13.1012,33.74.13.1012,Jawa Tengah,Kota Semarang,Semarang Barat,Karangayu,2026-09-19T12:00:00,2026-09-21 01:00:00,2026-09-21 08:00:00,36-37,30,56,0,0,16.1,E,117,W,,,0,Cerah,Sunny,https://api-apps.bmkg.go.id/storage/icon/cuaca/cerah-am.svg,2026-09-21T01:00:00Z
33,33.74,33.74.13,33.74.13.1012,33.74.13.1012,Jawa Tengah,Kota Semarang,Semarang Barat,Karangayu,2026-09-19T12:00:00,2026-09-21 04:00:00,2026-09-21 11:00:00,39-40,34,44,0,29,12.6,E,97,W,,,1,Cerah,Sunny,https://api-apps.bmkg.go.id/storage/icon/cuaca/cerah-am.svg,2026-09-21T04:00:00Z
33,33.74,33.74.13,33.74.13.1012,33.74.13.1012,Jawa Tengah,Kota Semarang,Semarang Barat,Karangayu,2026-09-19T12:00:00,2026-09-21 07:00:00,2026-09-21 14:00:00,42-43,31,65,0.1,21,11.1,NW,331,SE,,,1,Cerah,Sunny,https://api-apps.bmkg.go.id/storage/icon/cuaca/cerah-am.svg,2026-09-21T07:00:00Z
33,33.74,33.74.13,33.74.13.1012,33.74.13.1012,Jawa Tengah,Kota Semarang,Semarang Barat,Karangayu,2026-09-19T12:00:00,2026-09-21 10:00:00,2026-09-21 17:00:00,45-46,29,72,0,13,10.8,W,281,E,,,1,Cerah,Sunny,https://api-apps.bmkg.go.id/storage/icon/cuaca/cerah-am.svg,2026-09-21T10:00:00Z
33,33.74,33.74.13,33.74.13.1012,33.74.13.1012,Jawa Tengah,Kota Semarang,Semarang Barat,Karangayu,2026-09-19T12:00:00,2026-09-21 13:00:00,2026-09-21 20:00:00,48-49,27,80,0.1,30,6.7,E,98,W,,,1,Cerah,Sunny,https://api-apps.bmkg.go.id/storage/icon/cuaca/cerah-pm.svg,2026-09-21T13:00:00Z
33,33.74,33.74.13,33.74.13.1012,33.74.13.1012,Jawa Tengah,Kota Semarang,Semarang Barat,Karangayu,2026-09-19T12:00:00,2026-09-21 16:00:00,2026-09-21 23:00:00,51-52,27,77,0,6,6.7,SE,139,NW,,,0,Cerah,Sunny,https://api-apps.bmkg.go.id/storage/icon/cuaca/cerah-pm.svg,2026-09-21T16:00:00Z
33,33.74,33.74.13,33.74.13.1013,33.74.13.1013,Jawa Tengah,Kota Semarang,Semarang Barat,Krobokan,2026-09-19T12:00:00,2026-09-19 16:00:00,2026-09-19 23:00:00,3-4,26,76,0,28,4.7,SE,159,NW,,,1,Cerah,Sunny,https://api-apps.bmkg.go.id/storage/icon/cuaca/cerah-pm.svg,2026-09-19T16:00:00Z
33,33.74,33.74.13,33.74.13.1013,33.74.13.1013,Jawa Tengah,Kota Semarang,Semarang Barat,Krobokan,2026-09-19T12:00:00,2026-09-19 19:00:00,2026-09-20 02:00:00,6-7,25,75,0,1,7,SE,142,NW,,,0,Cerah,Sunny,https://api-apps.bmkg.go.id/storage/icon/cuaca/cerah-pm.svg,2026-09-19T19:00:00Z
33,33.74,33.74.13,33.74.13.1013,33.74.13.1013,Jawa Tengah,Kota Semarang,Semarang Barat,Krobokan,2026-09-19T12:00:00,2026-09-19 22:00:00,2026-09-20 05:00:00,9-10,25,70,0,0,8.3,E,130,W,,,0,Cerah,Sunny,https://api-apps.bmkg.go.id/storage/icon/cuaca/cerah-pm.svg,2026-09-19T22:00:00Z
33,33.74,33.74.13,33.74.13.1013,33.74.13.1013,Jawa Tengah,Kota Semarang,Semarang Barat,Krobokan,2026-09-19T12:00:00,2026-09-20 01:00:00,2026-09-20 08:00:00,12-13,30,53,0,0,12.7,E,108,W,,,0,Cerah,Sunny,https://api-apps.bmkg.go.id/storage/icon/cuaca/cerah-am.svg,2026-09-20T01:00:00Z
33,33.74,33.74.13,33.74.13.1013,33.74.13.1013,Jawa Tengah,Kota Semarang,Semarang Barat,Krobokan,2026-09-19T12:00:00,2026-09-20 04:00:00,2026-09-20 11:00:00,15-16,34,45,0,2,8.9,NE,61,SW,,,0,Cerah,Sunny,https://api-apps.bmkg.go.id/storage/icon/cuaca/cerah-am.svg,2026-09-20T04:00:00Z
33,33.74,33.74.13,33.74.13.1013,33.74.13.1013,Jawa Tengah,Kota Semarang,Semarang Barat,Krobokan,2026-09-19T12:00:00,2026-09-20 07:00:00,2026-09-20 14:00:00,18-19,31,62,0.1,17,12.6,NW,345,SE,,,1,Cerah,Sunny,https://api-apps.bmkg.go.id/storage/icon/cuaca/cerah-am.svg,2026-09-20T07:00:00Z
33,33.74,33.74.13,33.74.13.1013,33.74.13.1013,Jawa Tengah,Kota Semarang,Semarang Barat,Krobokan,2026-09-19T12:00:00,2026-09-20 10:00:00,2026-09-20 17:00:00,21-22,29,79,0,7,8,W,285,E,,,0,Cerah,Sunny,https://api-apps.bmkg.go.id/storage/icon/cuaca/cerah-am.svg,2026-09-20T10:00:00Z
33,33.74,33.74.13,33.74.13.1013,33.74.13.1013,Jawa Tengah,Kota Semarang,Semarang Barat,Krobokan,2026-09-19T12:00:00,2026-09-20 13:00:00,2026-09-20 20:00:00,24-25,28,76,0.2,1,3.3,SE,149,NW,,,0,Cerah,Sunny,https://api-apps.bmkg.go.id/storage/icon/cuaca/cerah-pm.svg,2026-09-20T13:00:00Z
33,33.74,33.74.13,33.74.13.1013,33.74.13.1013,Jawa Tengah,Kota Semarang,Semarang Barat,Krobokan,2026-09-19T12:00:00,2026-09-20 16:00:00,2026-09-20 23:00:00,27-28,27,80,0,0,6.7,E,134,W,,,0,Cerah,Sunny,https://api-apps.bmkg.go.id/storage/icon/cuaca/cerah-pm.svg,2026-09-20T16:00:00Z
33,33.74,33.74.13,33.74.13.1013,33.74.13.1013,Jawa Tengah,Kota Semarang,Semarang Barat,Krobokan,2026-09-19T12:00:00,2026-09-20 19:00:00,2026-09-21 02:00:00,30-31,26,78,0,0,9.3,SE,137,NW,,,0,Cerah,Sunny,https://api-apps.bmkg.go.id/storage/icon/cuaca/cerah-pm.svg,2026-09-20T19:00:00Z
33,33.74,33.74.13,33.74.13.1013,33.74.13.1013,Jawa Tengah,Kota Semarang,Semarang Barat,Krobokan,2026-09-19T12:00:00,2026-09-20 22:00:00,2026-09-21 05:00:00,33-34,26,72,0,0,13.1,E,134,W,,,0,Cerah,Sunny,https://api-apps.bmkg.go.id/storage/icon/cuaca/cerah-pm.svg,2026-09-20T22:00:00Z
33,33.74,33.74.13,33.74.13.1013,33.74.13.1013,Jawa Tengah,Kota Semarang,Semarang Barat,Krobokan,2026-09-19T12:00:00,2026-09-21 01:00:00,2026-09-21 08:00:00,36-37,30,56,0,0,16.1,E,117,W,,,0,Cerah,Sunny,https://api-apps.bmkg.go.id/storage/icon/cuaca/cerah-am.svg,2026-09-21T01:00:00Z
33,33.74,33.74.13,33.74.13.1013,33.74.13.1013,Jawa Tengah,Kota Semarang,Semarang Barat,Krobokan,2026-09-19T12:00:00,2026-09-21 04:00:00,2026-09-21 11:00:00,39-40,34,44,0,29,12.6,E,97,W,,,1,Cerah,Sunny,https://api-apps.bmkg.go.id/storage/icon/cuaca/cerah-am.svg,2026-09-21T04:00:00Z
33,33.74,33.74.13,33.74.13.1013,33.74.13.1013,Jawa Tengah,Kota Semarang,Semarang Barat,Krobokan,2026-09-19T12:00:00,2026-09-21 07:00:00,2026-09-21 14:00:00,42-43,31,65,0.1,21,11.1,NW,331,SE,,,1,Cerah,Sunny,https://api-apps.bmkg.go.id/storage/icon/cuaca/cerah-am.svg,2026-09-21T07:00:00Z
33,33.74,33.74.13,33.74.13.1013,33.74.13.1013,Jawa Tengah,Kota Semarang,Semarang Barat,Krobokan,2026-09-19T12:00:00,2026-09-21 10:00:00,2026-09-21 17:00:00,45-46,29,72,0,13,10.8,W,281,E,,,1,Cerah,Sunny,https://api-apps.bmkg.go.id/storage/icon/cuaca/cerah-am.svg,2026-09-21T10:00:00Z
33,33.74,33.74.13,33.74.13.1013,33.74.13.1013,Jawa Tengah,Kota Semarang,Semarang Barat,Krobokan,2026-09-19T12:00:00,2026-09-21 13:00:00,2026-09-21 20:00:00,48-49,27,80,0.1,30,6.7,E,98,W,,,1,Cerah,Sunny,https://api-apps.bmkg.go.id/storage/icon/cuaca/cerah-pm.svg,2026-09-21T13:00:00Z
33,33.74,33.74.13,33.74.13.1013,33.74.13.1013,Jawa Tengah,Kota Semarang,Semarang Barat,Krobokan,2026-09-19T12:00:00,2026-09-21 16:00:00,2026-09-21 23:00:00,51-52,27,77,0,6,6.7,SE,139,NW,,,0,Cerah,Sunny,https://api-apps.bmkg.go.id/storage/icon/cuaca/cerah-pm.svg,2026-09-21T16:00:00Z
33,33.74,33.74.13,33.74.13.1014,33.74.13.1014,Jawa Tengah,Kota Semarang,Semarang Barat,Tawangsari,2026-09-19T12:00:00,2026-09-19 16:00:00,2026-09-19 23:00:00,3-4,27,72,0,25,4.7,SE,159,NW,,,1,Cerah,Sunny,https://api-apps.bmkg.go.id/storage/icon/cuaca/cerah-pm.svg,2026-09-19T16:00:00Z
33,33.74,33.74.13,33.74.13.1014,33.74.13.1014,Jawa Tengah,Kota Semarang,Semarang Barat,Tawangsari,2026-09-19T12:00:00,2026-09-19 19:00:00,2026-09-20 02:00:00,6-7,26,73,0,1,7,SE,142,NW,,,0,Cerah,Sunny,https://api-apps.bmkg.go.id/storage/icon/cuaca/cerah-pm.svg,2026-09-19T19:00:00Z
33,33.74,33.74.13,33.74.13.1014,33.74.13.1014,Jawa Tengah,Kota Semarang,Semarang Barat,Tawangsari,2026-09-19T12:00:00,2026-09-19 22:00:00,2026-09-20 05:00:00,9-10,26,70,0,0,8.3,E,130,W,,,0,Cerah,Sunny,https://api-apps.bmkg.go.id/storage/icon/cuaca/cerah-pm.svg,2026-09-19T22:00:00Z
33,33.74,33.74.13,33.74.13.1014,33.74.13.1014,Jawa Tengah,Kota Semarang,Semarang Barat,Tawangsari,2026-09-19T12:00:00,2026-09-20 01:00:00,2026-09-20 08:00:00,12-13,30,56,0,1,12.7,E,108,W,,,0,Cerah,Sunny,https://api-apps.bmkg.go.id/storage/icon/cuaca/cerah-am.svg,2026-09-20T01:00:00Z
33,33.74,33.74.13,33.74.13.1014,33.74.13.1014,Jawa Tengah,Kota Semarang,Semarang Barat,Tawangsari,2026-09-19T12:00:00,2026-09-20 04:00:00,2026-09-20 11:00:00,15-16,33,50,0,2,8.9,NE,61,SW,,,0,Cerah,Sunny,https://api-apps.bmkg.go.id/storage/icon/cuaca/cerah-am.svg,2026-09-20T04:00:00Z
33,33.74,33.74.13,33.74.13.1014,33.74.13.1014,Jawa Tengah,Kota Semarang,Semarang Barat,Tawangsari,2026-09-19T12:00:00,2026-09-20 07:00:00,2026-09-20 14:00:00,18-19,30,67,0,14,12.6,NW,345,SE,,,1,Cerah,Sunny,https://api-apps.bmkg.go.id/storage/icon/cuaca/cerah-am.svg,2026-09-20T07:00:00Z
33,33.74,33.74.13,33.74.13.1014,33.74.13.1014,Jawa Tengah,Kota Semarang,Semarang Barat,Tawangsari,2026-09-19T12:00:00,2026-09-20 10:00:00,2026-09-20 17:00:00,21-22,29,79,0,6,8,W,285,E,,,0,Cerah,Sunny,https://api-apps.bmkg.go.id/storage/icon/cuaca/cerah-am.svg,2026-09-20T10:00:00Z
33,33.74,33.74.13,33.74.13.1014,33.74.13.1014,Jawa Tengah,Kota Semarang,Semarang Barat,Tawangsari,2026-09-19T12:00:00,2026-09-20 13:00:00,2026-09-20 20:00:00,24-25,28,76,0.2,0,3.3,SE,149,NW,,,0,Cerah,Sunny,https://api-apps.bmkg.go.id/storage/icon/cuaca/cerah-pm.svg,2026-09-20T13:00:00Z
33,33.74,33.74.13,33.74.13.1014,33.74.13.1014,Jawa Tengah,Kota Semarang,Semarang Barat,Tawangsari,2026-09-19T12:00:00,2026-09-20 16:00:00,2026-09-20 23:00:00,27-28,27,80,0,0,6.7,E,134,W,,,0,Cerah,Sunny,https://api-apps.bmkg.go.id/storage/icon/cuaca/cerah-pm.svg,2026-09-20T16:00:00Z
33,33.74,33.74.13,33.74.13.1014,33.74.13.1014,Jawa Tengah,Kota Semarang,Semarang Barat,Tawangsari,2026-09-19T12:00:00,2026-09-20 19:00:00,2026-09-21 02:00:00,30-31,26,77,0,1,9.3,SE,137,NW,,,0,Cerah,Sunny,https://api-apps.bmkg.go.id/storage/icon/cuaca/cerah-pm.svg,2026-09-20T19:00:00Z
33,33.74,33.74.13,33.74.13.1014,33.74.13.1014,Jawa Tengah,Kota Semarang,Semarang Barat,Tawangsari,2026-09-19T12:00:00,2026-09-20 22:00:00,2026-09-21 05:00:00,33-34,26,73,0,0,13.1,E,134,W,,,0,Cerah,Sunny,https://api-apps.bmkg.go.id/storage/icon/cuaca/cerah-pm.svg,2026-09-20T22:00:00Z
33,33.74,33.74.13,33.74.13.1014,33.74.13.1014,Jawa Tengah,Kota Semarang,Semarang Barat,Tawangsari,2026-09-19T12:00:00,2026-09-21 01:00:00,2026-09-21 08:00:00,36-37,30,59,0,0,16.1,E,117,W,,,0,Cerah,Sunny,https://api-apps.bmkg.go.id/storage/icon/cuaca/cerah-am.svg,2026-09-21T01:00:00Z
33,33.74,33.74.13,33.74.13.1014,33.74.13.1014,Jawa Tengah,Kota Semarang,Semarang Barat,Tawangsari,2026-09-19T12:00:00,2026-09-21 04:00:00,2026-09-21 11:00:00,39-40,33,49,0,27,12.6,E,97,W,,,1,Cerah,Sunny,https://api-apps.bmkg.go.id/storage/icon/cuaca/cerah-am.svg,2026-09-21T04:00:00Z
33,33.74,33.74.13,33.74.13.1014,33.74.13.1014,Jawa Tengah,Kota Semarang,Semarang Barat,Tawangsari,2026-09-19T12:00:00,2026-09-21 07:00:00,2026-09-21 14:00:00,42-43,31,68,0,19,11.1,NW,331,SE,,,1,Cerah,Sunny,https://api-apps.bmkg.go.id/storage/icon/cuaca/cerah-am.svg,2026-09-21T07:00:00Z
33,33.74,33.74.13,33.74.13.1014,33.74.13.1014,Jawa Tengah,Kota Semarang,Semarang Barat,Tawangsari,2026-09-19T12:00:00,2026-09-21 10:00:00,2026-09-21 17:00:00,45-46,29,72,0,13,10.8,W,281,E,,,1,Cerah,Sunny,https://api-apps.bmkg.go.id/storage/icon/cuaca/cerah-am.svg,2026-09-21T10:00:00Z
33,33.74,33.74.13,33.74.13.1014,33.74.13.1014,Jawa Tengah,Kota Semarang,Semarang Barat,Tawangsari,2026-09-19T12:00:00,2026-09-21 13:00:00,2026-09-21 20:00:00,48-49,27,81,0.1,32,6.7,E,98,W,,,1,Cerah,Sunny,https://api-apps.bmkg.go.id/storage/icon/cuaca/cerah-pm.svg,2026-09-21T13:00:00Z
33,33.74,33.74.13,33.74.13.1014,33.74.13.1014,Jawa Tengah,Kota Semarang,Semarang Barat,Tawangsari,2026-09-19T12:00:00,2026-09-21 16:00:00,2026-09-21 23:00:00,51-52,27,76,0,6,6.7,SE,139,NW,,,0,Cerah,Sunny,https://api-apps.bmkg.go.id/storage/icon/cuaca/cerah-pm.svg,2026-09-21T16:00:00Z
33,33.74,33.74.13,33.74.13.1015,33.74.13.1015,Jawa Tengah,Kota Semarang,Semarang Barat,Tawangmas,2026-09-19T12:00:00,2026-09-19 16:00:00,2026-09-19 23:00:00,3-4,26,76,0,28,4.7,SE,159,NW,,,1,Cerah,Sunny,https://api-apps.bmkg.go.id/storage/icon/cuaca/cerah-pm.svg,2026-09-19T16:00:00Z
33,33.74,33.74.13,33.74.13.1015,33.74.13.1015,Jawa Tengah,Kota Semarang,Semarang Barat,Tawangmas,2026-09-19T12:00:00,2026-09-19 19:00:00,2026-09-20 02:00:00,6-7,25,75,0,1,7,SE,142,NW,,,0,Cerah,Sunny,https://api-apps.bmkg.go.id/storage/icon/cuaca/cerah-pm.svg,2026-09-19T19:00:00Z
33,33.74,33.74.13,33.74.13.1015,33.74.13.1015,Jawa Tengah,Kota Semarang,Semarang Barat,Tawangmas,2026-09-19T12:00:00,2026-09-19 22:00:00,2026-09-20 05:00:00,9-10,25,70,0,0,8.3,E,130,W,,,0,Cerah,Sunny,https://api-apps.bmkg.go.id/storage/icon/cuaca/cerah-pm.svg,2026-09-19T22:00:00Z
33,33.74,33.74.13,33.74.13.1015,33.74.13.1015,Jawa Tengah,Kota Semarang,Semarang Barat,Tawangmas,2026-09-19T12:00:00,2026-09-20 01:00:00,2026-09-20 08:00:00,12-13,30,53,0,0,12.7,E,108,W,,,0,Cerah,Sunny,https://api-apps.bmkg.go.id/storage/icon/cuaca/cerah-am.svg,2026-09-20T01:00:00Z
33,33.74,33.74.13,33.74.13.1015,33.74.13.1015,Jawa Tengah,Kota Semarang,Semarang Barat,Tawangmas,2026-09-19T12:00:00,2026-09-20 04:00:00,2026-09-20 11:00:00,15-16,34,45,0,2,8.9,NE,61,SW,,,0,Cerah,Sunny,https://api-apps.bmkg.go.id/storage/icon/cuaca/cerah-am.svg,2026-09-20T04:00:00Z
33,33.74,33.74.13,33.74.13.1015,33.74.13.1015,Jawa Tengah,Kota Semarang,Semarang Barat,Tawangmas,2026-09-19T12:00:00,2026-09-20 07:00:00,2026-09-20 14:00:00,18-19,31,62,0.1,17,12.6,NW,345,SE,,,1,Cerah,Sunny,https://api-apps.bmkg.go.id/storage/icon/cuaca/cerah-am.svg,2026-09-20T07:00:00Z
33,33.74,33.74.13,33.74.13.1015,33.74.13.1015,Jawa Tengah,Kota Semarang,Semarang Barat,Tawangmas,2026-09-19T12:00:00,2026-09-20 10:00:00,2026-09-20 17:00:00,21-22,29,79,0,7,8,W,285,E,,,0,Cerah,Sunny,https://api-apps.bmkg.go.id/storage/icon/cuaca/cerah-am.svg,2026-09-20T10:00:00Z
33,33.74,33.74.13,33.74.13.1015,33.74.13.1015,Jawa Tengah,Kota Semarang,Semarang Barat,Tawangmas,2026-09-19T12:00:00,2026-09-20 13:00:00,2026-09-20 20:00:00,24-25,28,76,0.2,1,3.3,SE,149,NW,,,0,Cerah,Sunny,https://api-apps.bmkg.go.id/storage/icon/cuaca/cerah-pm.svg,2026-09-20T13:00:00Z
33,33.74,33.74.13,33.74.13.1015,33.74.13.1015,Jawa Tengah,Kota Semarang,Semarang Barat,Tawangmas,2026-09-19T12:00:00,2026-09-20 16:00:00,2026-09-20 23:00:00,27-28,27,80,0,0,6.7,E,134,W,,,0,Cerah,Sunny,https://api-apps.bmkg.go.id/storage/icon/cuaca/cerah-pm.svg,2026-09-20T16:00:00Z
33,33.74,33.74.13,33.74.13.1015,33.74.13.1015,Jawa Tengah,Kota Semarang,Semarang Barat,Tawangmas,2026-09-19T12:00:00,2026-09-20 19:00:00,2026-09-21 02:00:00,30-31,26,78,0,0,9.3,SE,137,NW,,,0,Cerah,Sunny,https://api-apps.bmkg.go.id/storage/icon/cuaca/cerah-pm.svg,2026-09-20T19:00:00Z
33,33.74,33.74.13,33.74.13.1015,33.74.13.1015,Jawa Tengah,Kota Semarang,Semarang Barat,Tawangmas,2026-09-19T12:00:00,2026-09-20 22:00:00,2026-09-21 05:00:00,33-34,26,72,0,0,13.1,E,134,W,,,0,Cerah,Sunny,https://api-apps.bmkg.go.id/storage/icon/cuaca/cerah-pm.svg,2026-09-20T22:00:00Z
33,33.74,33.74.13,33.74.13.1015,33.74.13.1015,Jawa Tengah,Kota Semarang,Semarang Barat,Tawangmas,2026-09-19T12:00:00,2026-09-21 01:00:00,2026-09-21 08:00:00,36-37,30,56,0,0,16.1,E,117,W,,,0,Cerah,Sunny,https://api-apps.bmkg.go.id/storage/icon/cuaca/cerah-am.svg,2026-09-21T01:00:00Z
33,33.74,33.74.13,33.74.13.1015,33.74.13.1015,Jawa Tengah,Kota Semarang,Semarang Barat,Tawangmas,2026-09-19T12:00:00,2026-09-21 04:00:00,2026-09-21 11:00:00,39-40,34,44,0,29,12.6,E,97,W,,,1,Cerah,Sunny,https://api-apps.bmkg.go.id/storage/icon/cuaca/cerah-am.svg,2026-09-21T04:00:00Z
33,33.74,33.74.13,33.74.13.1015,33.74.13.1015,Jawa Tengah,Kota Semarang,Semarang Barat,Tawangmas,2026-09-19T12:00:00,2026-09-21 07:00:00,2026-09-21 14:00:00,42-43,31,65,0.1,21,11.1,NW,331,SE,,,1,Cerah,Sunny,https://api-apps.bmkg.go.id/storage/icon/cuaca/cerah-am.svg,2026-09-21T07:00:00Z
33,33.74,33.74.13,33.74.13.1015,33.74.13.1015,Jawa Tengah,Kota Semarang,Semarang Barat,Tawangmas,2026-09-19T12:00:00,2026-09-21 10:00:00,2026-09-21 17:00:00,45-46,29,72,0,13,10.8,W,281,E,,,1,Cerah,Sunny,https://api-apps.bmkg.go.id/storage/icon/cuaca/cerah-am.svg,2026-09-21T10:00:00Z
33,33.74,33.74.13,33.74.13.1015,33.74.13.1015,Jawa Tengah,Kota Semarang,Semarang Barat,Tawangmas,2026-09-19T12:00:00,2026-09-21 13:00:00,2026-09-21 20:00:00,48-49,27,80,0.1,30,6.7,E,98,W,,,1,Cerah,Sunny,https://api-apps.bmkg.go.id/storage/icon/cuaca/cerah-pm.svg,2026-09-21T13:00:00Z
33,33.74,33.74.13,33.74.13.1015,33.74.13.1015,Jawa Tengah,Kota Semarang,Semarang Barat,Tawangmas,2026-09-19T12:00:00,2026-09-21 16:00:00,2026-09-21 23:00:00,51-52,27,77,0,6,6.7,SE,139,NW,,,0,Cerah,Sunny,https://api-apps.bmkg.go.id/storage/icon/cuaca/cerah-pm.svg,2026-09-21T16:00:00Z
33,33.74,33.74.13,33.74.13.1016,33.74.13.1016,Jawa Tengah,Kota Semarang,Semarang Barat,Kembangarum,2026-09-19T12:00:00,2026-09-19 16:00:00,2026-09-19 23:00:00,3-4,25,78,0,24,4.7,SE,159,NW,,,1,Cerah,Sunny,https://api-apps.bmkg.go.id/storage/icon/cuaca/cerah-pm.svg,2026-09-19T16:00:00Z
33,33.74,33.74.13,33.74.13.1016,33.74.13.1016,Jawa Tengah,Kota Semarang,Semarang Barat,Kembangarum,2026-09-19T12:00:00,2026-09-19 19:00:00,2026-09-20 02:00:00,6-7,24,76,0,1,7,SE,142,NW,,,0,Cerah,Sunny,https://api-apps.bmkg.go.id/storage/icon/cuaca/cerah-pm.svg,2026-09-19T19:00:00Z
33,33.74,33.74.13,33.74.13.1016,33.74.13.1016,Jawa Tengah,Kota Semarang,Semarang Barat,Kembangarum,2026-09-19T12:00:00,2026-09-19 22:00:00,2026-09-20 05:00:00,9-10,25,71,0,0,8.3,E,130,W,,,0,Cerah,Sunny,https://api-apps.bmkg.go.id/storage/icon/cuaca/cerah-pm.svg,2026-09-19T22:00:00Z
33,33.74,33.74.13,33.74.13.1016,33.74.13.1016,Jawa Tengah,Kota Semarang,Semarang Barat,Kembangarum,2026-09-19T12:00:00,2026-09-20 01:00:00,2026-09-20 08:00:00,12-13,30,51,0,1,12.7,E,108,W,,,0,Cerah,Sunny,https://api-apps.bmkg.go.id/storage/icon/cuaca/cerah-am.svg,2026-09-20T01:00:00Z
33,33.74,33.74.13,33.74.13.1016,33.74.13.1016,Jawa Tengah,Kota Semarang,Semarang Barat,Kembangarum,2026-09-19T12:00:00,2026-09-20 04:00:00,2026-09-20 11:00:00,15-16,34,41,0,3,8.9,NE,61,SW,,,0,Cerah,Sunny,https://api-apps.bmkg.go.id/storage/icon/cuaca/cerah-am.svg,2026-09-20T04:00:00Z
33,33.74,33.74.13,33.74.13.1016,33.74.13.1016,Jawa Tengah,Kota Semarang,Semarang Barat,Kembangarum,2026-09-19T12:00:00,2026-09-20 07:00:00,2026-09-20 14:00:00,18-19,32,56,0.1,16,12.6,NW,345,SE,,,1,Cerah,Sunny,https://api-apps.bmkg.go.id/storage/icon/cuaca/cerah-am.svg,2026-09-20T07:00:00Z
33,33.74,33.74.13,33.74.13.1016,33.74.13.1016,Jawa Tengah,Kota Semarang,Semarang Barat,Kembangarum,2026-09-19T12:00:00,2026-09-20 10:00:00,2026-09-20 17:00:00,21-22,28,78,0,8,8,W,285,E,,,0,Cerah,Sunny,https://api-apps.bmkg.go.id/storage/icon/cuaca/cerah-am.svg,2026-09-20T10:00:00Z
33,33.74,33.74.13,33.74.13.1016,33.74.13.1016,Jawa Tengah,Kota Semarang,Semarang Barat,Kembangarum,2026-09-19T12:00:00,2026-09-20 13:00:00,2026-09-20 20:00:00,24-25,27,76,0.2,5,3.3,SE,149,NW,,,0,Cerah,Sunny,https://api-apps.bmkg.go.id/storage/icon/cuaca/cerah-pm.svg,2026-09-20T13:00:00Z
33,33.74,33.74.13,33.74.13.1016,33.74.13.1016,Jawa Tengah,Kota Semarang,Semarang Barat,Kembangarum,2026-09-19T12:00:00,2026-09-20 16:00:00,2026-09-20 23:00:00,27-28,26,81,0,0,6.7,E,134,W,,,0,Cerah,Sunny,https://api-apps.bmkg.go.id/storage/icon/cuaca/cerah-pm.svg,2026-09-20T16:00:00Z
33,33.74,33.74.13,33.74.13.1016,33.74.13.1016,Jawa Tengah,Kota Semarang,Semarang Barat,Kembangarum,2026-09-19T12:00:00,2026-09-20 19:00:00,2026-09-21 02:00:00,30-31,25,80,0,0,9.3,SE,137,NW,,,0,Cerah,Sunny,https://api-apps.bmkg.go.id/storage/icon/cuaca/cerah-pm.svg,2026-09-20T19:00:00Z
33,33.74,33.74.13,33.74.13.1016,33.74.13.1016,Jawa Tengah,Kota Semarang,Semarang Barat,Kembangarum,2026-09-19T12:00:00,2026-09-20 22:00:00,2026-09-21 05:00:00,33-34,25,71,0,0,13.1,E,134,W,,,0,Cerah,Sunny,https://api-apps.bmkg.go.id/storage/icon/cuaca/cerah-pm.svg,2026-09-20T22:00:00Z
33,33.74,33.74.13,33.74.13.1016,33.74.13.1016,Jawa Tengah,Kota Semarang,Semarang Barat,Kembangarum,2026-09-19T12:00:00,2026-09-21 01:00:00,2026-09-21 08:00:00,36-37,30,53,0,0,16.1,E,117,W,,,0,Cerah,Sunny,https://api-apps.bmkg.go.id/storage/icon/cuaca/cerah-am.svg,2026-09-21T01:00:00Z
33,33.74,33.74.13,33.74.13.1016,33.74.13.1016,Jawa Tengah,Kota Semarang,Semarang Barat,Kembangarum,2026-09-19T12:00:00,2026-09-21 04:00:00,2026-09-21 11:00:00,39-40,34,40,0,30,12.6,E,97,W,,,1,Cerah,Sunny,https://api-apps.bmkg.go.id/storage/icon/cuaca/cerah-am.svg,2026-09-21T04:00:00Z
33,33.74,33.74.13,33.74.13.1016,33.74.13.1016,Jawa Tengah,Kota Semarang,Semarang Barat,Kembangarum,2026-09-19T12:00:00,2026-09-21 07:00:00,2026-09-21 14:00:00,42-43,32,62,0.1,27,11.1,NW,331,SE,,,1,Cerah,Sunny,https://api-apps.bmkg.go.id/storage/icon/cuaca/cerah-am.svg,2026-09-21T07:00:00Z
33,33.74,33.74.13,33.74.13.1016,33.74.13.1016,Jawa Tengah,Kota Semarang,Semarang Barat,Kembangarum,2026-09-19T12:00:00,2026-09-21 10:00:00,2026-09-21 17:00:00,45-46,29,73,0.1,15,10.8,W,281,E,,,1,Cerah,Sunny,https://api-apps.bmkg.go.id/storage/icon/cuaca/cerah-am.svg,2026-09-21T10:00:00Z
33,33.74,33.74.13,33.74.13.1016,33.74.13.1016,Jawa Tengah,Kota Semarang,Semarang Barat,Kembangarum,2026-09-19T12:00:00,2026-09-21 13:00:00,2026-09-21 20:00:00,48-49,27,78,0,26,6.7,E,98,W,,,1,Cerah,Sunny,https://api-apps.bmkg.go.id/storage/icon/cuaca/cerah-pm.svg,2026-09-21T13:00:00Z
33,33.74,33.74.13,33.74.13.1016,33.74.13.1016,Jawa Tengah,Kota Semarang,Semarang Barat,Kembangarum,2026-09-19T12:00:00,2026-09-21 16:00:00,2026-09-21 23:00:00,51-52,26,78,0,10,6.7,SE,139,NW,,,1,Cerah,Sunny,https://api-apps.bmkg.go.id/storage/icon/cuaca/cerah-pm.svg,2026-09-21T16:00:00Z
33,33.74,33.74.14,33.74.14.1001,33.74.14.1001,Jawa Tengah,Kota Semarang,Mijen,Cangkiran,2026-09-19T12:00:00,2026-09-19 15:00:00,2026-09-19 22:00:00,2-3,22,79,0,35,9.3,SE,172,NW,,,1,Cerah,Sunny,https://api-apps.bmkg.go.id/storage/icon/cuaca/cerah-pm.svg,2026-09-19T15:00:00Z
33,33.74,33.74.14,33.74.14.1001,33.74.14.1001,Jawa Tengah,Kota Semarang,Mijen,Cangkiran,2026-09-19T12:00:00,2026-09-19 18:00:00,2026-09-20 01:00:00,5-6,21,79,0,26,8.7,SE,165,NW,,,1,Cerah,Sunny,https://api-apps.bmkg.go.id/storage/icon/cuaca/cerah-pm.svg,2026-09-19T18:00:00Z
33,33.74,33.74.14,33.74.14.1001,33.74.14.1001,Jawa Tengah,Kota Semarang,Mijen,Cangkiran,2026-09-19T12:00:00,2026-09-19 21:00:00,2026-09-20 04:00:00,8-9,20,83,0,34,6.9,SE,160,NW,,,1,Cerah,Sunny,https://api-apps.bmkg.go.id/storage/icon/cuaca/cerah-pm.svg,2026-09-19T21:00:00Z
33,33.74,33.74.14,33.74.14.1001,33.74.14.1001,Jawa Tengah,Kota Semarang,Mijen,Cangkiran,2026-09-19T12:00:00,2026-09-20 00:00:00,2026-09-20 07:00:00,11-12,26,59,0,14,5.5,SE,136,NW,,,1,Cerah,Sunny,https://api-apps.bmkg.go.id/storage/icon/cuaca/cerah-am.svg,2026-09-20T00:00:00Z
33,33.74,33.74.14,33.74.14.1001,33.74.14.1001,Jawa Tengah,Kota Semarang,Mijen,Cangkiran,2026-09-19T12:00:00,2026-09-20 03:00:00,2026-09-20 10:00:00,14-15,31,51,0.3,6,5.6,NE,55,SW,,,0,Cerah,Sunny,https://api-apps.bmkg.go.id/storage/icon/cuaca/cerah-am.svg,2026-09-20T03:00:00Z
33,33.74,33.74.14,33.74.14.1001,33.74.14.1001,Jawa Tengah,Kota Semarang,Mijen,Cangkiran,2026-09-19T12:00:00,2026-09-20 06:00:00,2026-09-20 13:00:00,17-18,31,56,1.7,77,7.8,N,20,S,,,61,Hujan Ringan,Light Rain,https://api-apps.bmkg.go.id/storage/icon/cuaca/hujan ringan-am.svg,2026-09-20T06:00:00Z
33,33.74,33.74.14,33.74.14.1001,33.74.14.1001,Jawa Tengah,Kota Semarang,Mijen,Cangkiran,2026-09-19T12:00:00,2026-09-20 09:00:00,2026-09-20 16:00:00,20-21,26,76,0,65,6.1,N,19,S,,,2,Cerah Berawan,Partly Cloudy,https://api-apps.bmkg.go.id/storage/icon/cuaca/cerah berawan-am.svg,2026-09-20T09:00:00Z
33,33.74,33.74.14,33.74.14.1001,33.74.14.1001,Jawa Tengah,Kota Semarang,Mijen,Cangkiran,2026-09-19T12:00:00,2026-09-20 12:00:00,2026-09-20 19:00:00,23-24,23,85,0,24,4.9,SW,236,NE,,,1,Cerah,Sunny,https://api-apps.bmkg.go.id/storage/icon/cuaca/cerah-pm.svg,2026-09-20T12:00:00Z
33,33.74,33.74.14,33.74.14.1001,33.74.14.1001,Jawa Tengah,Kota Semarang,Mijen,Cangkiran,2026-09-19T12:00:00,2026-09-20 15:00:00,2026-09-20 22:00:00,26-27,22,89,0,81,8.7,SE,135,NW,,,2,Cerah Berawan,Partly Cloudy,https://api-apps.bmkg.go.id/storage/icon/cuaca/cerah berawan-pm.svg,2026-09-20T15:00:00Z
33,33.74,33.74.14,33.74.14.1001,33.74.14.1001,Jawa Tengah,Kota Semarang,Mijen,Cangkiran,2026-09-19T12:00:00,2026-09-20 18:00:00,2026-09-21 01:00:00,29-30,21,92,0,38,5.5,SE,156,NW,,,1,Cerah,Sunny,https://api-apps.bmkg.go.id/storage/icon/cuaca/cerah-pm.svg,2026-09-20T18:00:00Z
33,33.74,33.74.14,33.74.14.1001,33.74.14.1001,Jawa Tengah,Kota Semarang,Mijen,Cangkiran,2026-09-19T12:00:00,2026-09-20 21:00:00,2026-09-21 04:00:00,32-33,21,89,0,40,6.8,E,131,W,,,1,Cerah,Sunny,https://api-apps.bmkg.go.id/storage/icon/cuaca/cerah-pm.svg,2026-09-20T21:00:00Z
33,33.74,33.74.14,33.74.14.1001,33.74.14.1001,Jawa Tengah,Kota Semarang,Mijen,Cangkiran,2026-09-19T12:00:00,2026-09-21 00:00:00,2026-09-21 07:00:00,35-36,26,65,0,27,6.6,E,125,W,,,1,Cerah,Sunny,https://api-apps.bmkg.go.id/storage/icon/cuaca/cerah-am.svg,2026-09-21T00:00:00Z
33,33.74,33.74.14,33.74.14.1001,33.74.14.1001,Jawa Tengah,Kota Semarang,Mijen,Cangkiran,2026-09-19T12:00:00,2026-09-21 03:00:00,2026-09-21 10:00:00,38-39,30,49,0,50,9.8,E,90,W,,,1,Cerah,Sunny,https://api-apps.bmkg.go.id/storage/icon/cuaca/cerah-am.svg,2026-09-21T03:00:00Z
33,33.74,33.74.14,33.74.14.1001,33.74.14.1001,Jawa Tengah,Kota Semarang,Mijen,Cangkiran,2026-09-19T12:00:00,2026-09-21 06:00:00,2026-09-21 13:00:00,41-42,32,48,0.5,71,10.4,NE,66,SW,,,2,Cerah Berawan,Partly Cloudy,https://api-apps.bmkg.go.id/storage/icon/cuaca/cerah berawan-am.svg,2026-09-21T06:00:00Z
33,33.74,33.74.14,33.74.14.1001,33.74.14.1001,Jawa Tengah,Kota Semarang,Mijen,Cangkiran,2026-09-19T12:00:00,2026-09-21 09:00:00,2026-09-21 16:00:00,44-45,26,86,0.2,100,6.9,NW,333,SE,,,3,Berawan,Mostly Cloudy,https://api-apps.bmkg.go.id/storage/icon/cuaca/berawan-am.svg,2026-09-21T09:00:00Z
33,33.74,33.74.14,33.74.14.1001,33.74.14.1001,Jawa Tengah,Kota Semarang,Mijen,Cangkiran,2026-09-19T12:00:00,2026-09-21 12:00:00,2026-09-21 19:00:00,47-48,23,90,0,68,7.7,S,223,N,,,2,Cerah Berawan,Partly Cloudy,https://api-apps.bmkg.go.id/storage/icon/cuaca/cerah berawan-pm.svg,2026-09-21T12:00:00Z
33,33.74,33.74.14,33.74.14.1001,33.74.14.1001,Jawa Tengah,Kota Semarang,Mijen,Cangkiran,2026-09-19T12:00:00,2026-09-21 15:00:00,2026-09-21 22:00:00,50-51,22,95,0,30,7.8,SE,137,NW,,,1,Cerah,Sunny,https://api-apps.bmkg.go.id/storage/icon/cuaca/cerah-pm.svg,2026-09-21T15:00:00Z
33,33.74,33.74.14,33.74.14.1002,33.74.14.1002,Jawa Tengah,Kota Semarang,Mijen,Bubakan,2026-09-19T12:00:00,2026-09-19 16:00:00,2026-09-19 23:00:00,3-4,22,80,0,13,8.7,SE,165,NW,,,1,Cerah,Sunny,https://api-apps.bmkg.go.id/storage/icon/cuaca/cerah-pm.svg,2026-09-19T16:00:00Z
33,33.74,33.74.14,33.74.14.1002,33.74.14.1002,Jawa Tengah,Kota Semarang,Mijen,Bubakan,2026-09-19T12:00:00,2026-09-19 19:00:00,2026-09-20 02:00:00,6-7,21,81,0,0,6.9,SE,160,NW,,,0,Cerah,Sunny,https://api-apps.bmkg.go.id/storage/icon/cuaca/cerah-pm.svg,2026-09-19T19:00:00Z
33,33.74,33.74.14,33.74.14.1002,33.74.14.1002,Jawa Tengah,Kota Semarang,Mijen,Bubakan,2026-09-19T12:00:00,2026-09-19 22:00:00,2026-09-20 05:00:00,9-10,21,81,0,0,5.5,SE,136,NW,,,0,Cerah,Sunny,https://api-apps.bmkg.go.id/storage/icon/cuaca/cerah-pm.svg,2026-09-19T22:00:00Z
33,33.74,33.74.14,33.74.14.1002,33.74.14.1002,Jawa Tengah,Kota Semarang,Mijen,Bubakan,2026-09-19T12:00:00,2026-09-20 01:00:00,2026-09-20 08:00:00,12-13,28,56,0,1,5.6,NE,55,SW,,,0,Cerah,Sunny,https://api-apps.bmkg.go.id/storage/icon/cuaca/cerah-am.svg,2026-09-20T01:00:00Z
33,33.74,33.74.14,33.74.14.1002,33.74.14.1002,Jawa Tengah,Kota Semarang,Mijen,Bubakan,2026-09-19T12:00:00,2026-09-20 04:00:00,2026-09-20 11:00:00,15-16,32,50,0.3,30,7.8,N,20,S,,,1,Cerah,Sunny,https://api-apps.bmkg.go.id/storage/icon/cuaca/cerah-am.svg,2026-09-20T04:00:00Z
33,33.74,33.74.14,33.74.14.1002,33.74.14.1002,Jawa Tengah,Kota Semarang,Mijen,Bubakan,2026-09-19T12:00:00,2026-09-20 07:00:00,2026-09-20 14:00:00,18-19,30,60,1.7,84,6.1,N,19,S,,,61,Hujan Ringan,Light Rain,https://api-apps.bmkg.go.id/storage/icon/cuaca/hujan ringan-am.svg,2026-09-20T07:00:00Z
33,33.74,33.74.14,33.74.14.1002,33.74.14.1002,Jawa Tengah,Kota Semarang,Mijen,Bubakan,2026-09-19T12:00:00,2026-09-20 10:00:00,2026-09-20 17:00:00,21-22,25,86,0,40,4.9,SW,236,NE,,,1,Cerah,Sunny,https://api-apps.bmkg.go.id/storage/icon/cuaca/cerah-am.svg,2026-09-20T10:00:00Z
33,33.74,33.74.14,33.74.14.1002,33.74.14.1002,Jawa Tengah,Kota Semarang,Mijen,Bubakan,2026-09-19T12:00:00,2026-09-20 13:00:00,2026-09-20 20:00:00,24-25,23,85,0.1,3,8.7,SE,135,NW,,,0,Cerah,Sunny,https://api-apps.bmkg.go.id/storage/icon/cuaca/cerah-pm.svg,2026-09-20T13:00:00Z
33,33.74,33.74.14,33.74.14.1002,33.74.14.1002,Jawa Tengah,Kota Semarang,Mijen,Bubakan,2026-09-19T12:00:00,2026-09-20 16:00:00,2026-09-20 23:00:00,27-28,22,93,0,25,5.5,SE,156,NW,,,1,Cerah,Sunny,https://api-apps.bmkg.go.id/storage/icon/cuaca/cerah-pm.svg,2026-09-20T16:00:00Z
33,33.74,33.74.14,33.74.14.1002,33.74.14.1002,Jawa Tengah,Kota Semarang,Mijen,Bubakan,2026-09-19T12:00:00,2026-09-20 19:00:00,2026-09-21 02:00:00,30-31,22,90,0,0,6.8,E,131,W,,,0,Cerah,Sunny,https://api-apps.bmkg.go.id/storage/icon/cuaca/cerah-pm.svg,2026-09-20T19:00:00Z
33,33.74,33.74.14,33.74.14.1002,33.74.14.1002,Jawa Tengah,Kota Semarang,Mijen,Bubakan,2026-09-19T12:00:00,2026-09-20 22:00:00,2026-09-21 05:00:00,33-34,22,85,0,0,6.6,E,125,W,,,0,Cerah,Sunny,https://api-apps.bmkg.go.id/storage/icon/cuaca/cerah-pm.svg,2026-09-20T22:00:00Z
33,33.74,33.74.14,33.74.14.1002,33.74.14.1002,Jawa Tengah,Kota Semarang,Mijen,Bubakan,2026-09-19T12:00:00,2026-09-21 01:00:00,2026-09-21 08:00:00,36-37,28,58,0,0,9.8,E,90,W,,,0,Cerah,Sunny,https://api-apps.bmkg.go.id/storage/icon/cuaca/cerah-am.svg,2026-09-21T01:00:00Z
33,33.74,33.74.14,33.74.14.1002,33.74.14.1002,Jawa Tengah,Kota Semarang,Mijen,Bubakan,2026-09-19T12:00:00,2026-09-21 04:00:00,2026-09-21 11:00:00,39-40,31,48,0,32,10.4,NE,66,SW,,,1,Cerah,Sunny,https://api-apps.bmkg.go.id/storage/icon/cuaca/cerah-am.svg,2026-09-21T04:00:00Z
33,33.74,33.74.14,33.74.14.1002,33.74.14.1002,Jawa Tengah,Kota Semarang,Mijen,Bubakan,2026-09-19T12:00:00,2026-09-21 07:00:00,2026-09-21 14:00:00,42-43,29,64,0.4,72,6.9,NW,333,SE,,,2,Cerah Berawan,Partly Cloudy,https://api-apps.bmkg.go.id/storage/icon/cuaca/cerah berawan-am.svg,2026-09-21T07:00:00Z
33,33.74,33.74.14,33.74.14.1002,33.74.14.1002,Jawa Tengah,Kota Semarang,Mijen,Bubakan,2026-09-19T12:00:00,2026-09-21 10:00:00,2026-09-21 17:00:00,45-46,25,89,0.1,73,7.7,S,223,N,,,2,Cerah Berawan,Partly Cloudy,https://api-apps.bmkg.go.id/storage/icon/cuaca/cerah berawan-am.svg,2026-09-21T10:00:00Z
33,33.74,33.74.14,33.74.14.1002,33.74.14.1002,Jawa Tengah,Kota Semarang,Mijen,Bubakan,2026-09-19T12:00:00,2026-09-21 13:00:00,2026-09-21 20:00:00,48-49,23,90,0,43,7.8,SE,137,NW,,,1,Cerah,Sunny,https://api-apps.bmkg.go.id/storage/icon/cuaca/cerah-pm.svg,2026-09-21T13:00:00Z
33,33.74,33.74.14,33.74.14.1002,33.74.14.1002,Jawa Tengah,Kota Semarang,Mijen,Bubakan,2026-09-19T12:00:00,2026-09-21 16:00:00,2026-09-21 23:00:00,51-52,22,95,0,21,7.2,S,181,N,,,1,Cerah,Sunny,https://api-apps.bmkg.go.id/storage/icon/cuaca/cerah-pm.svg,2026-09-21T16:00:00Z
33,33.74,33.74.14,33.74.14.1003,33.74.14.1003,Jawa Tengah,Kota Semarang,Mijen,Karangmalang,2026-09-19T12:00:00,2026-09-19 16:00:00,2026-09-19 23:00:00,3-4,22,80,0,13,8.7,SE,165,NW,,,1,Cerah,Sunny,https://api-apps.bmkg.go.id/storage/icon/cuaca/cerah-pm.svg,2026-09-19T16:00:00Z
33,33.74,33.74.14,33.74.14.1003,33.74.14.1003,Jawa Tengah,Kota Semarang,Mijen,Karangmalang,2026-09-19T12:00:00,2026-09-19 19:00:00,2026-09-20 02:00:00,6-7,21,81,0,0,6.9,SE,160,NW,,,0,Cerah,Sunny,https://api-apps.bmkg.go.id/storage/icon/cuaca/cerah-pm.svg,2026-09-19T19:00:00Z
33,33.74,33.74.14,33.74.14.1003,33.74.14.1003,Jawa Tengah,Kota Semarang,Mijen,Karangmalang,2026-09-19T12:00:00,2026-09-19 22:00:00,2026-09-20 05:00:00,9-10,21,81,0,0,5.5,SE,136,NW,,,0,Cerah,Sunny,https://api-apps.bmkg.go.id/storage/icon/cuaca/cerah-pm.svg,2026-09-19T22:00:00Z
33,33.74,33.74.14,33.74.14.1003,33.74.14.1003,Jawa Tengah,Kota Semarang,Mijen,Karangmalang,2026-09-19T12:00:00,2026-09-20 01:00:00,2026-09-20 08:00:00,12-13,28,56,0,1,5.6,NE,55,SW,,,0,Cerah,Sunny,https://api-apps.bmkg.go.id/storage/icon/cuaca/cerah-am.svg,2026-09-20T01:00:00Z
33,33.74,33.74.14,33.74.14.1003,33.74.14.1003,Jawa Tengah,Kota Semarang,Mijen,Karangmalang,2026-09-19T12:00:00,2026-09-20 04:00:00,2026-09-20 11:00:00,15-16,32,50,0.3,30,7.8,N,20,S,,,1,Cerah,Sunny,https://api-apps.bmkg.go.id/storage/icon/cuaca/cerah-am.svg,2026-09-20T04:00:00Z
33,33.74,33.74.14,33.74.14.1003,33.74.14.1003,Jawa Tengah,Kota Semarang,Mijen,Karangmalang,2026-09-19T12:00:00,2026-09-20 07:00:00,2026-09-20 14:00:00,18-19,30,60,1.7,84,6.1,N,19,S,,,61,Hujan Ringan,Light Rain,https://api-apps.bmkg.go.id/storage/icon/cuaca/hujan ringan-am.svg,2026-09-20T07:00:00Z
33,33.74,33.74.14,33.74.14.1003,33.74.14.1003,Jawa Tengah,Kota Semarang,Mijen,Karangmalang,2026-09-19T12:00:00,2026-09-20 10:00:00,2026-09-20 17:00:00,21-22,25,86,0,40,4.9,SW,236,NE,,,1,Cerah,Sunny,https://api-apps.bmkg.go.id/storage/icon/cuaca/cerah-am.svg,2026-09-20T10:00:00Z
33,33.74,33.74.14,33.74.14.1003,33.74.14.1003,Jawa Tengah,Kota Semarang,Mijen,Karangmalang,2026-09-19T12:00:00,2026-09-20 13:00:00,2026-09-20 20:00:00,24-25,23,85,0.1,3,8.7,SE,135,NW,,,0,Cerah,Sunny,https://api-apps.bmkg.go.id/storage/icon/cuaca/cerah-pm.svg,2026-09-20T13:00:00Z
33,33.74,33.74.14,33.74.14.1003,33.74.14.1003,Jawa Tengah,Kota Semarang,Mijen,Karangmalang,2026-09-19T12:00:00,2026-09-20 16:00:00,2026-09-20 23:00:00,27-28,22,93,0,25,5.5,SE,156,NW,,,1,Cerah,Sunny,https://api-apps.bmkg.go.id/storage/icon/cuaca/cerah-pm.svg,2026-09-20T16:00:00Z
33,33.74,33.74.14,33.74.14.1003,33.74.14.1003,Jawa Tengah,Kota Semarang,Mijen,Karangmalang,2026-09-19T12:00:00,2026-09-20 19:00:00,2026-09-21 02:00:00,30-31,22,90,0,0,6.8,E,131,W,,,0,Cerah,Sunny,https://api-apps.bmkg.go.id/storage/icon/cuaca/cerah-pm.svg,2026-09-20T19:00:00Z
33,33.74,33.74.14,33.74.14.1003,33.74.14.1003,Jawa Tengah,Kota Semarang,Mijen,Karangmalang,2026-09-19T12:00:00,2026-09-20 22:00:00,2026-09-21 05:00:00,33-34,22,85,0,0,6.6,E,125,W,,,0,Cerah,Sunny,https://api-apps.bmkg.go.id/storage/icon/cuaca/cerah-pm.svg,2026-09-20T22:00:00Z
33,33.74,33.74.14,33.74.14.1003,33.74.14.1003,Jawa Tengah,Kota Semarang,Mijen,Karangmalang,2026-09-19T12:00:00,2026-09-21 01:00:00,2026-09-21 08:00:00,36-37,28,58,0,0,9.8,E,90,W,,,0,Cerah,Sunny,https://api-apps.bmkg.go.id/storage/icon/cuaca/cerah-am.svg,2026-09-21T01:00:00Z
33,33.74,33.74.14,33.74.14.1003,33.74.14.1003,Jawa Tengah,Kota Semarang,Mijen,Karangmalang,2026-09-19T12:00:00,2026-09-21 04:00:00,2026-09-21 11:00:00,39-40,31,48,0,32,10.4,NE,66,SW,,,1,Cerah,Sunny,https://api-apps.bmkg.go.id/storage/icon/cuaca/cerah-am.svg,2026-09-21T04:00:00Z
33,33.74,33.74.14,33.74.14.1003,33.74.14.1003,Jawa Tengah,Kota Semarang,Mijen,Karangmalang,2026-09-19T12:00:00,2026-09-21 07:00:00,2026-09-21 14:00:00,42-43,29,64,0.4,72,6.9,NW,333,SE,,,2,Cerah Berawan,Partly Cloudy,https://api-apps.bmkg.go.id/storage/icon/cuaca/cerah berawan-am.svg,2026-09-21T07:00:00Z
33,33.74,33.74.14,33.74.14.1003,33.74.14.1003,Jawa Tengah,Kota Semarang,Mijen,Karangmalang,2026-09-19T12:00:00,2026-09-21 10:00:00,2026-09-21 17:00:00,45-46,25,89,0.1,73,7.7,S,223,N,,,2,Cerah Berawan,Partly Cloudy,https://api-apps.bmkg.go.id/storage/icon/cuaca/cerah berawan-am.svg,2026-09-21T10:00:00Z
33,33.74,33.74.14,33.74.14.1003,33.74.14.1003,Jawa Tengah,Kota Semarang,Mijen,Karangmalang,2026-09-19T12:00:00,2026-09-21 13:00:00,2026-09-21 20:00:00,48-49,23,90,0,43,7.8,SE,137,NW,,,1,Cerah,Sunny,https://api-apps.bmkg.go.id/storage/icon/cuaca/cerah-pm.svg,2026-09-21T13:00:00Z
33,33.74,33.74.14,33.74.14.1003,33.74.14.1003,Jawa Tengah,Kota Semarang,Mijen,Karangmalang,2026-09-19T12:00:00,2026-09-21 16:00:00,2026-09-21 23:00:00,51-52,22,95,0,21,7.2,S,181,N,,,1,Cerah,Sunny,https://api-apps.bmkg.go.id/storage/icon/cuaca/cerah-pm.svg,2026-09-21T16:00:00Z
33,33.74,33.74.14,33.74.14.1004,33.74.14.1004,Jawa Tengah,Kota Semarang,Mijen,Polaman,2026-09-19T12:00:00,2026-09-19 16:00:00,2026-09-19 23:00:00,3-4,22,80,0,13,8.7,SE,165,NW,,,1,Cerah,Sunny,https://api-apps.bmkg.go.id/storage/icon/cuaca/cerah-pm.svg,2026-09-19T16:00:00Z
33,33.74,33.74.14,33.74.14.1004,33.74.14.1004,Jawa Tengah,Kota Semarang,Mijen,Polaman,2026-09-19T12:00:00,2026-09-19 19:00:00,2026-09-20 02:00:00,6-7,21,81,0,0,6.9,SE,160,NW,,,0,Cerah,Sunny,https://api-apps.bmkg.go.id/storage/icon/cuaca/cerah-pm.svg,2026-09-19T19:00:00Z
33,33.74,33.74.14,33.74.14.1004,33.74.14.1004,Jawa Tengah,Kota Semarang,Mijen,Polaman,2026-09-19T12:00:00,2026-09-19 22:00:00,2026-09-20 05:00:00,9-10,21,81,0,0,5.5,SE,136,NW,,,0,Cerah,Sunny,https://api-apps.bmkg.go.id/storage/icon/cuaca/cerah-pm.svg,2026-09-19T22:00:00Z
33,33.74,33.74.14,33.74.14.1004,33.74.14.1004,Jawa Tengah,Kota Semarang,Mijen,Polaman,2026-09-19T12:00:00,2026-09-20 01:00:00,2026-09-20 08:00:00,12-13,28,56,0,1,5.6,NE,55,SW,,,0,Cerah,Sunny,https://api-apps.bmkg.go.id/storage/icon/cuaca/cerah-am.svg,2026-09-20T01:00:00Z
33,33.74,33.74.14,33.74.14.1004,33.74.14.1004,Jawa Tengah,Kota Semarang,Mijen,Polaman,2026-09-19T12:00:00,2026-09-20 04:00:00,2026-09-20 11:00:00,15-16,32,50,0.3,30,7.8,N,20,S,,,1,Cerah,Sunny,https://api-apps.bmkg.go.id/storage/icon/cuaca/cerah-am.svg,2026-09-20T04:00:00Z
33,33.74,33.74.14,33.74.14.1004,33.74.14.1004,Jawa Tengah,Kota Semarang,Mijen,Polaman,2026-09-19T12:00:00,2026-09-20 07:00:00,2026-09-20 14:00:00,18-19,30,60,1.7,84,6.1,N,19,S,,,61,Hujan Ringan,Light Rain,https://api-apps.bmkg.go.id/storage/icon/cuaca/hujan ringan-am.svg,2026-09-20T07:00:00Z
33,33.74,33.74.14,33.74.14.1004,33.74.14.1004,Jawa Tengah,Kota Semarang,Mijen,Polaman,2026-09-19T12:00:00,2026-09-20 10:00:00,2026-09-20 17:00:00,21-22,25,86,0,40,4.9,SW,236,NE,,,1,Cerah,Sunny,https://api-apps.bmkg.go.id/storage/icon/cuaca/cerah-am.svg,2026-09-20T10:00:00Z
33,33.74,33.74.14,33.74.14.1004,33.74.14.1004,Jawa Tengah,Kota Semarang,Mijen,Polaman,2026-09-19T12:00:00,2026-09-20 13:00:00,2026-09-20 20:00:00,24-25,23,85,0.1,3,8.7,SE,135,NW,,,0,Cerah,Sunny,https://api-apps.bmkg.go.id/storage/icon/cuaca/cerah-pm.svg,2026-09-20T13:00:00Z
33,33.74,33.74.14,33.74.14.1004,33.74.14.1004,Jawa Tengah,Kota Semarang,Mijen,Polaman,2026-09-19T12:00:00,2026-09-20 16:00:00,2026-09-20 23:00:00,27-28,22,93,0,25,5.5,SE,156,NW,,,1,Cerah,Sunny,https://api-apps.bmkg.go.id/storage/icon/cuaca/cerah-pm.svg,2026-09-20T16:00:00Z
33,33.74,33.74.14,33.74.14.1004,33.74.14.1004,Jawa Tengah,Kota Semarang,Mijen,Polaman,2026-09-19T12:00:00,2026-09-20 19:00:00,2026-09-21 02:00:00,30-31,22,90,0,0,6.8,E,131,W,,,0,Cerah,Sunny,https://api-apps.bmkg.go.id/storage/icon/cuaca/cerah-pm.svg,2026-09-20T19:00:00Z
33,33.74,33.74.14,33.74.14.1004,33.74.14.1004,Jawa Tengah,Kota Semarang,Mijen,Polaman,2026-09-19T12:00:00,2026-09-20 22:00:00,2026-09-21 05:00:00,33-34,22,85,0,0,6.6,E,125,W,,,0,Cerah,Sunny,https://api-apps.bmkg.go.id/storage/icon/cuaca/cerah-pm.svg,2026-09-20T22:00:00Z
33,33.74,33.74.14,33.74.14.1004,33.74.14.1004,Jawa Tengah,Kota Semarang,Mijen,Polaman,2026-09-19T12:00:00,2026-09-21 01:00:00,2026-09-21 08:00:00,36-37,28,58,0,0,9.8,E,90,W,,,0,Cerah,Sunny,https://api-apps.bmkg.go.id/storage/icon/cuaca/cerah-am.svg,2026-09-21T01:00:00Z
33,33.74,33.74.14,33.74.14.1004,33.74.14.1004,Jawa Tengah,Kota Semarang,Mijen,Polaman,2026-09-19T12:00:00,2026-09-21 04:00:00,2026-09-21 11:00:00,39-40,31,48,0,32,10.4,NE,66,SW,,,1,Cerah,Sunny,https://api-apps.bmkg.go.id/storage/icon/cuaca/cerah-am.svg,2026-09-21T04:00:00Z
33,33.74,33.74.14,33.74.14.1004,33.74.14.1004,Jawa Tengah,Kota Semarang,Mijen,Polaman,2026-09-19T12:00:00,2026-09-21 07:00:00,2026-09-21 14:00:00,42-43,29,64,0.4,72,6.9,NW,333,SE,,,2,Cerah Berawan,Partly Cloudy,https://api-apps.bmkg.go.id/storage/icon/cuaca/cerah berawan-am.svg,2026-09-21T07:00:00Z
33,33.74,33.74.14,33.74.14.1004,33.74.14.1004,Jawa Tengah,Kota Semarang,Mijen,Polaman,2026-09-19T12:00:00,2026-09-21 10:00:00,2026-09-21 17:00:00,45-46,25,89,0.1,73,7.7,S,223,N,,,2,Cerah Berawan,Partly Cloudy,https://api-apps.bmkg.go.id/storage/icon/cuaca/cerah berawan-am.svg,2026-09-21T10:00:00Z
33,33.74,33.74.14,33.74.14.1004,33.74.14.1004,Jawa Tengah,Kota Semarang,Mijen,Polaman,2026-09-19T12:00:00,2026-09-21 13:00:00,2026-09-21 20:00:00,48-49,23,90,0,43,7.8,SE,137,NW,,,1,Cerah,Sunny,https://api-apps.bmkg.go.id/storage/icon/cuaca/cerah-pm.svg,2026-09-21T13:00:00Z
33,33.74,33.74.14,33.74.14.1004,33.74.14.1004,Jawa Tengah,Kota Semarang,Mijen,Polaman,2026-09-19T12:00:00,2026-09-21 16:00:00,2026-09-21 23:00:00,51-52,22,95,0,21,7.2,S,181,N,,,1,Cerah,Sunny,https://api-apps.bmkg.go.id/storage/icon/cuaca/cerah-pm.svg,2026-09-21T16:00:00Z
33,33.74,33.74.14,33.74.14.1005,33.74.14.1005,Jawa Tengah,Kota Semarang,Mijen,Purwosari,2026-09-19T12:00:00,2026-09-19 16:00:00,2026-09-19 23:00:00,3-4,23,78,0,16,8.7,SE,165,NW,,,1,Cerah,Sunny,https://api-apps.bmkg.go.id/storage/icon/cuaca/cerah-pm.svg,2026-09-19T16:00:00Z
33,33.74,33.74.14,33.74.14.1005,33.74.14.1005,Jawa Tengah,Kota Semarang,Mijen,Purwosari,2026-09-19T12:00:00,2026-09-19 19:00:00,2026-09-20 02:00:00,6-7,22,79,0,0,6.9,SE,160,NW,,,0,Cerah,Sunny,https://api-apps.bmkg.go.id/storage/icon/cuaca/cerah-pm.svg,2026-09-19T19:00:00Z
33,33.74,33.74.14,33.74.14.1005,33.74.14.1005,Jawa Tengah,Kota Semarang,Mijen,Purwosari,2026-09-19T12:00:00,2026-09-19 22:00:00,2026-09-20 05:00:00,9-10,22,79,0,0,5.5,SE,136,NW,,,0,Cerah,Sunny,https://api-apps.bmkg.go.id/storage/icon/cuaca/cerah-pm.svg,2026-09-19T22:00:00Z
33,33.74,33.74.14,33.74.14.1005,33.74.14.1005,Jawa Tengah,Kota Semarang,Mijen,Purwosari,2026-09-19T12:00:00,2026-09-20 01:00:00,2026-09-20 08:00:00,12-13,28,55,0,2,5.6,NE,55,SW,,,0,Cerah,Sunny,https://api-apps.bmkg.go.id/storage/icon/cuaca/cerah-am.svg,2026-09-20T01:00:00Z
33,33.74,33.74.14,33.74.14.1005,33.74.14.1005,Jawa Tengah,Kota Semarang,Mijen,Purwosari,2026-09-19T12:00:00,2026-09-20 04:00:00,2026-09-20 11:00:00,15-16,32,48,0.2,14,7.8,N,20,S,,,1,Cerah,Sunny,https://api-apps.bmkg.go.id/storage/icon/cuaca/cerah-am.svg,2026-09-20T04:00:00Z
33,33.74,33.74.14,33.74.14.1005,33.74.14.1005,Jawa Tengah,Kota Semarang,Mijen,Purwosari,2026-09-19T12:00:00,2026-09-20 07:00:00,2026-09-20 14:00:00,18-19,30,58,0.4,75,6.1,N,19,S,,,2,Cerah Berawan,Partly Cloudy,https://api-apps.bmkg.go.id/storage/icon/cuaca/cerah berawan-am.svg,2026-09-20T07:00:00Z
33,33.74,33.74.14,33.74.14.1005,33.74.14.1005,Jawa Tengah,Kota Semarang,Mijen,Purwosari,2026-09-19T12:00:00,2026-09-20 10:00:00,2026-09-20 17:00:00,21-22,26,84,0,39,4.9,SW,236,NE,,,1,Cerah,Sunny,https://api-apps.bmkg.go.id/storage/icon/cuaca/cerah-am.svg,2026-09-20T10:00:00Z
33,33.74,33.74.14,33.74.14.1005,33.74.14.1005,Jawa Tengah,Kota Semarang,Mijen,Purwosari,2026-09-19T12:00:00,2026-09-20 13:00:00,2026-09-20 20:00:00,24-25,24,83,0.1,3,8.7,SE,135,NW,,,0,Cerah,Sunny,https://api-apps.bmkg.go.id/storage/icon/cuaca/cerah-pm.svg,2026-09-20T13:00:00Z
33,33.74,33.74.14,33.74.14.1005,33.74.14.1005,Jawa Tengah,Kota Semarang,Mijen,Purwosari,2026-09-19T12:00:00,2026-09-20 16:00:00,2026-09-20 23:00:00,27-28,23,90,0,18,5.5,SE,156,NW,,,1,Cerah,Sunny,https://api-apps.bmkg.go.id/storage/icon/cuaca/cerah-pm.svg,2026-09-20T16:00:00Z
33,33.74,33.74.14,33.74.14.1005,33.74.14.1005,Jawa Tengah,Kota Semarang,Mijen,Purwosari,2026-09-19T12:00:00,2026-09-20 19:00:00,2026-09-21 02:00:00,30-31,22,88,0,0,6.8,E,131,W,,,0,Cerah,Sunny,https://api-apps.bmkg.go.id/storage/icon/cuaca/cerah-pm.svg,2026-09-20T19:00:00Z
33,33.74,33.74.14,33.74.14.1005,33.74.14.1005,Jawa Tengah,Kota Semarang,Mijen,Purwosari,2026-09-19T12:00:00,2026-09-20 22:00:00,2026-09-21 05:00:00,33-34,22,82,0,0,6.6,E,125,W,,,0,Cerah,Sunny,https://api-apps.bmkg.go.id/storage/icon/cuaca/cerah-pm.svg,2026-09-20T22:00:00Z
33,33.74,33.74.14,33.74.14.1005,33.74.14.1005,Jawa Tengah,Kota Semarang,Mijen,Purwosari,2026-09-19T12:00:00,2026-09-21 01:00:00,2026-09-21 08:00:00,36-37,28,56,0,0,9.8,E,90,W,,,0,Cerah,Sunny,https://api-apps.bmkg.go.id/storage/icon/cuaca/cerah-am.svg,2026-09-21T01:00:00Z
33,33.74,33.74.14,33.74.14.1005,33.74.14.1005,Jawa Tengah,Kota Semarang,Mijen,Purwosari,2026-09-19T12:00:00,2026-09-21 04:00:00,2026-09-21 11:00:00,39-40,32,46,0,31,10.4,NE,66,SW,,,1,Cerah,Sunny,https://api-apps.bmkg.go.id/storage/icon/cuaca/cerah-am.svg,2026-09-21T04:00:00Z
33,33.74,33.74.14,33.74.14.1005,33.74.14.1005,Jawa Tengah,Kota Semarang,Mijen,Purwosari,2026-09-19T12:00:00,2026-09-21 07:00:00,2026-09-21 14:00:00,42-43,30,64,0.4,55,6.9,NW,333,SE,,,1,Cerah,Sunny,https://api-apps.bmkg.go.id/storage/icon/cuaca/cerah-am.svg,2026-09-21T07:00:00Z
33,33.74,33.74.14,33.74.14.1005,33.74.14.1005,Jawa Tengah,Kota Semarang,Mijen,Purwosari,2026-09-19T12:00:00,2026-09-21 10:00:00,2026-09-21 17:00:00,45-46,26,85,0.1,56,7.7,S,223,N,,,1,Cerah,Sunny,https://api-apps.bmkg.go.id/storage/icon/cuaca/cerah-am.svg,2026-09-21T10:00:00Z
33,33.74,33.74.14,33.74.14.1005,33.74.14.1005,Jawa Tengah,Kota Semarang,Mijen,Purwosari,2026-09-19T12:00:00,2026-09-21 13:00:00,2026-09-21 20:00:00,48-49,24,87,0,38,7.8,SE,137,NW,,,1,Cerah,Sunny,https://api-apps.bmkg.go.id/storage/icon/cuaca/cerah-pm.svg,2026-09-21T13:00:00Z
33,33.74,33.74.14,33.74.14.1005,33.74.14.1005,Jawa Tengah,Kota Semarang,Mijen,Purwosari,2026-09-19T12:00:00,2026-09-21 16:00:00,2026-09-21 23:00:00,51-52,23,92,0,20,7.2,S,181,N,,,1,Cerah,Sunny,https://api-apps.bmkg.go.id/storage/icon/cuaca/cerah-pm.svg,2026-09-21T16:00:00Z
33,33.74,33.74.14,33.74.14.1006,33.74.14.1006,Jawa Tengah,Kota Semarang,Mijen,Tambangan,2026-09-19T12:00:00,2026-09-19 16:00:00,2026-09-19 23:00:00,3-4,23,78,0,16,8.7,SE,165,NW,,,1,Cerah,Sunny,https://api-apps.bmkg.go.id/storage/icon/cuaca/cerah-pm.svg,2026-09-19T16:00:00Z
33,33.74,33.74.14,33.74.14.1006,33.74.14.1006,Jawa Tengah,Kota Semarang,Mijen,Tambangan,2026-09-19T12:00:00,2026-09-19 19:00:00,2026-09-20 02:00:00,6-7,22,79,0,0,6.9,SE,160,NW,,,0,Cerah,Sunny,https://api-apps.bmkg.go.id/storage/icon/cuaca/cerah-pm.svg,2026-09-19T19:00:00Z
33,33.74,33.74.14,33.74.14.1006,33.74.14.1006,Jawa Tengah,Kota Semarang,Mijen,Tambangan,2026-09-19T12:00:00,2026-09-19 22:00:00,2026-09-20 05:00:00,9-10,22,79,0,0,5.5,SE,136,NW,,,0,Cerah,Sunny,https://api-apps.bmkg.go.id/storage/icon/cuaca/cerah-pm.svg,2026-09-19T22:00:00Z
33,33.74,33.74.14,33.74.14.1006,33.74.14.1006,Jawa Tengah,Kota Semarang,Mijen,Tambangan,2026-09-19T12:00:00,2026-09-20 01:00:00,2026-09-20 08:00:00,12-13,28,55,0,2,5.6,NE,55,SW,,,0,Cerah,Sunny,https://api-apps.bmkg.go.id/storage/icon/cuaca/cerah-am.svg,2026-09-20T01:00:00Z
33,33.74,33.74.14,33.74.14.1006,33.74.14.1006,Jawa Tengah,Kota Semarang,Mijen,Tambangan,2026-09-19T12:00:00,2026-09-20 04:00:00,2026-09-20 11:00:00,15-16,32,48,0.2,14,7.8,N,20,S,,,1,Cerah,Sunny,https://api-apps.bmkg.go.id/storage/icon/cuaca/cerah-am.svg,2026-09-20T04:00:00Z
33,33.74,33.74.14,33.74.14.1006,33.74.14.1006,Jawa Tengah,Kota Semarang,Mijen,Tambangan,2026-09-19T12:00:00,2026-09-20 07:00:00,2026-09-20 14:00:00,18-19,30,58,0.4,75,6.1,N,19,S,,,2,Cerah Berawan,Partly Cloudy,https://api-apps.bmkg.go.id/storage/icon/cuaca/cerah berawan-am.svg,2026-09-20T07:00:00Z
33,33.74,33.74.14,33.74.14.1006,33.74.14.1006,Jawa Tengah,Kota Semarang,Mijen,Tambangan,2026-09-19T12:00:00,2026-09-20 10:00:00,2026-09-20 17:00:00,21-22,26,84,0,39,4.9,SW,236,NE,,,1,Cerah,Sunny,https://api-apps.bmkg.go.id/storage/icon/cuaca/cerah-am.svg,2026-09-20T10:00:00Z
33,33.74,33.74.14,33.74.14.1006,33.74.14.1006,Jawa Tengah,Kota Semarang,Mijen,Tambangan,2026-09-19T12:00:00,2026-09-20 13:00:00,2026-09-20 20:00:00,24-25,24,83,0.1,3,8.7,SE,135,NW,,,0,Cerah,Sunny,https://api-apps.bmkg.go.id/storage/icon/cuaca/cerah-pm.svg,2026-09-20T13:00:00Z
33,33.74,33.74.14,33.74.14.1006,33.74.14.1006,Jawa Tengah,Kota Semarang,Mijen,Tambangan,2026-09-19T12:00:00,2026-09-20 16:00:00,2026-09-20 23:00:00,27-28,23,90,0,18,5.5,SE,156,NW,,,1,Cerah,Sunny,https://api-apps.bmkg.go.id/storage/icon/cuaca/cerah-pm.svg,2026-09-20T16:00:00Z
33,33.74,33.74.14,33.74.14.1006,33.74.14.1006,Jawa Tengah,Kota Semarang,Mijen,Tambangan,2026-09-19T12:00:00,2026-09-20 19:00:00,2026-09-21 02:00:00,30-31,22,88,0,0,6.8,E,131,W,,,0,Cerah,Sunny,https://api-apps.bmkg.go.id/storage/icon/cuaca/cerah-pm.svg,2026-09-20T19:00:00Z
33,33.74,33.74.14,33.74.14.1006,33.74.14.1006,Jawa Tengah,Kota Semarang,Mijen,Tambangan,2026-09-19T12:00:00,2026-09-20 22:00:00,2026-09-21 05:00:00,33-34,22,82,0,0,6.6,E,125,W,,,0,Cerah,Sunny,https://api-apps.bmkg.go.id/storage/icon/cuaca/cerah-pm.svg,2026-09-20T22:00:00Z
33,33.74,33.74.14,33.74.14.1006,33.74.14.1006,Jawa Tengah,Kota Semarang,Mijen,Tambangan,2026-09-19T12:00:00,2026-09-21 01:00:00,2026-09-21 08:00:00,36-37,28,56,0,0,9.8,E,90,W,,,0,Cerah,Sunny,https://api-apps.bmkg.go.id/storage/icon/cuaca/cerah-am.svg,2026-09-21T01:00:00Z
33,33.74,33.74.14,33.74.14.1006,33.74.14.1006,Jawa Tengah,Kota Semarang,Mijen,Tambangan,2026-09-19T12:00:00,2026-09-21 04:00:00,2026-09-21 11:00:00,39-40,32,46,0,31,10.4,NE,66,SW,,,1,Cerah,Sunny,https://api-apps.bmkg.go.id/storage/icon/cuaca/cerah-am.svg,2026-09-21T04:00:00Z
33,33.74,33.74.14,33.74.14.1006,33.74.14.1006,Jawa Tengah,Kota Semarang,Mijen,Tambangan,2026-09-19T12:00:00,2026-09-21 07:00:00,2026-09-21 14:00:00,42-43,30,64,0.4,55,6.9,NW,333,SE,,,1,Cerah,Sunny,https://api-apps.bmkg.go.id/storage/icon/cuaca/cerah-am.svg,2026-09-21T07:00:00Z
33,33.74,33.74.14,33.74.14.1006,33.74.14.1006,Jawa Tengah,Kota Semarang,Mijen,Tambangan,2026-09-19T12:00:00,2026-09-21 10:00:00,2026-09-21 17:00:00,45-46,26,85,0.1,56,7.7,S,223,N,,,1,Cerah,Sunny,https://api-apps.bmkg.go.id/storage/icon/cuaca/cerah-am.svg,2026-09-21T10:00:00Z
33,33.74,33.74.14,33.74.14.1006,33.74.14.1006,Jawa Tengah,Kota Semarang,Mijen,Tambangan,2026-09-19T12:00:00,2026-09-21 13:00:00,2026-09-21 20:00:00,48-49,24,87,0,38,7.8,SE,137,NW,,,1,Cerah,Sunny,https://api-apps.bmkg.go.id/storage/icon/cuaca/cerah-pm.svg,2026-09-21T13:00:00Z
33,33.74,33.74.14,33.74.14.1006,33.74.14.1006,Jawa Tengah,Kota Semarang,Mijen,Tambangan,2026-09-19T12:00:00,2026-09-21 16:00:00,2026-09-21 23:00:00,51-52,23,92,0,20,7.2,S,181,N,,,1,Cerah,Sunny,https://api-apps.bmkg.go.id/storage/icon/cuaca/cerah-pm.svg,2026-09-21T16:00:00Z
33,33.74,33.74.14,33.74.14.1007,33.74.14.1007,Jawa Tengah,Kota Semarang,Mijen,Wonolopo,2026-09-19T12:00:00,2026-09-19 16:00:00,2026-09-19 23:00:00,3-4,24,75,0,0,8.7,SE,165,NW,,,0,Cerah,Sunny,https://api-apps.bmkg.go.id/storage/icon/cuaca/cerah-pm.svg,2026-09-19T16:00:00Z
33,33.74,33.74.14,33.74.14.1007,33.74.14.1007,Jawa Tengah,Kota Semarang,Mijen,Wonolopo,2026-09-19T12:00:00,2026-09-19 19:00:00,2026-09-20 02:00:00,6-7,22,75,0,0,6.9,SE,160,NW,,,0,Cerah,Sunny,https://api-apps.bmkg.go.id/storage/icon/cuaca/cerah-pm.svg,2026-09-19T19:00:00Z
33,33.74,33.74.14,33.74.14.1007,33.74.14.1007,Jawa Tengah,Kota Semarang,Mijen,Wonolopo,2026-09-19T12:00:00,2026-09-19 22:00:00,2026-09-20 05:00:00,9-10,22,77,0,0,5.5,SE,136,NW,,,0,Cerah,Sunny,https://api-apps.bmkg.go.id/storage/icon/cuaca/cerah-pm.svg,2026-09-19T22:00:00Z
33,33.74,33.74.14,33.74.14.1007,33.74.14.1007,Jawa Tengah,Kota Semarang,Mijen,Wonolopo,2026-09-19T12:00:00,2026-09-20 01:00:00,2026-09-20 08:00:00,12-13,29,53,0,4,5.6,NE,55,SW,,,0,Cerah,Sunny,https://api-apps.bmkg.go.id/storage/icon/cuaca/cerah-am.svg,2026-09-20T01:00:00Z
33,33.74,33.74.14,33.74.14.1007,33.74.14.1007,Jawa Tengah,Kota Semarang,Mijen,Wonolopo,2026-09-19T12:00:00,2026-09-20 04:00:00,2026-09-20 11:00:00,15-16,32,47,0.2,11,7.8,N,20,S,,,1,Cerah,Sunny,https://api-apps.bmkg.go.id/storage/icon/cuaca/cerah-am.svg,2026-09-20T04:00:00Z
33,33.74,33.74.14,33.74.14.1007,33.74.14.1007,Jawa Tengah,Kota Semarang,Mijen,Wonolopo,2026-09-19T12:00:00,2026-09-20 07:00:00,2026-09-20 14:00:00,18-19,31,58,0.3,30,6.1,N,19,S,,,1,Cerah,Sunny,https://api-apps.bmkg.go.id/storage/icon/cuaca/cerah-am.svg,2026-09-20T07:00:00Z
33,33.74,33.74.14,33.74.14.1007,33.74.14.1007,Jawa Tengah,Kota Semarang,Mijen,Wonolopo,2026-09-19T12:00:00,2026-09-20 10:00:00,2026-09-20 17:00:00,21-22,26,82,0,18,4.9,SW,236,NE,,,1,Cerah,Sunny,https://api-apps.bmkg.go.id/storage/icon/cuaca/cerah-am.svg,2026-09-20T10:00:00Z
33,33.74,33.74.14,33.74.14.1007,33.74.14.1007,Jawa Tengah,Kota Semarang,Mijen,Wonolopo,2026-09-19T12:00:00,2026-09-20 13:00:00,2026-09-20 20:00:00,24-25,25,80,0,1,8.7,SE,135,NW,,,0,Cerah,Sunny,https://api-apps.bmkg.go.id/storage/icon/cuaca/cerah-pm.svg,2026-09-20T13:00:00Z
33,33.74,33.74.14,33.74.14.1007,33.74.14.1007,Jawa Tengah,Kota Semarang,Mijen,Wonolopo,2026-09-19T12:00:00,2026-09-20 16:00:00,2026-09-20 23:00:00,27-28,24,88,0,16,5.5,SE,156,NW,,,1,Cerah,Sunny,https://api-apps.bmkg.go.id/storage/icon/cuaca/cerah-pm.svg,2026-09-20T16:00:00Z
33,33.74,33.74.14,33.74.14.1007,33.74.14.1007,Jawa Tengah,Kota Semarang,Mijen,Wonolopo,2026-09-19T12:00:00,2026-09-20 19:00:00,2026-09-21 02:00:00,30-31,23,87,0,0,6.8,E,131,W,,,0,Cerah,Sunny,https://api-apps.bmkg.go.id/storage/icon/cuaca/cerah-pm.svg,2026-09-20T19:00:00Z
33,33.74,33.74.14,33.74.14.1007,33.74.14.1007,Jawa Tengah,Kota Semarang,Mijen,Wonolopo,2026-09-19T12:00:00,2026-09-20 22:00:00,2026-09-21 05:00:00,33-34,23,80,0,0,6.6,E,125,W,,,0,Cerah,Sunny,https://api-apps.bmkg.go.id/storage/icon/cuaca/cerah-pm.svg,2026-09-20T22:00:00Z
33,33.74,33.74.14,33.74.14.1007,33.74.14.1007,Jawa Tengah,Kota Semarang,Mijen,Wonolopo,2026-09-19T12:00:00,2026-09-21 01:00:00,2026-09-21 08:00:00,36-37,29,55,0,0,9.8,E,90,W,,,0,Cerah,Sunny,https://api-apps.bmkg.go.id/storage/icon/cuaca/cerah-am.svg,2026-09-21T01:00:00Z
33,33.74,33.74.14,33.74.14.1007,33.74.14.1007,Jawa Tengah,Kota Semarang,Mijen,Wonolopo,2026-09-19T12:00:00,2026-09-21 04:00:00,2026-09-21 11:00:00,39-40,33,44,0,31,10.4,NE,66,SW,,,1,Cerah,Sunny,https://api-apps.bmkg.go.id/storage/icon/cuaca/cerah-am.svg,2026-09-21T04:00:00Z
33,33.74,33.74.14,33.74.14.1007,33.74.14.1007,Jawa Tengah,Kota Semarang,Mijen,Wonolopo,2026-09-19T12:00:00,2026-09-21 07:00:00,2026-09-21 14:00:00,42-43,30,66,0.3,54,6.9,NW,333,SE,,,1,Cerah,Sunny,https://api-apps.bmkg.go.id/storage/icon/cuaca/cerah-am.svg,2026-09-21T07:00:00Z
33,33.74,33.74.14,33.74.14.1007,33.74.14.1007,Jawa Tengah,Kota Semarang,Mijen,Wonolopo,2026-09-19T12:00:00,2026-09-21 10:00:00,2026-09-21 17:00:00,45-46,26,84,0.1,55,7.7,S,223,N,,,1,Cerah,Sunny,https://api-apps.bmkg.go.id/storage/icon/cuaca/cerah-am.svg,2026-09-21T10:00:00Z
33,33.74,33.74.14,33.74.14.1007,33.74.14.1007,Jawa Tengah,Kota Semarang,Mijen,Wonolopo,2026-09-19T12:00:00,2026-09-21 13:00:00,2026-09-21 20:00:00,48-49,24,83,0,37,7.8,SE,137,NW,,,1,Cerah,Sunny,https://api-apps.bmkg.go.id/storage/icon/cuaca/cerah-pm.svg,2026-09-21T13:00:00Z
33,33.74,33.74.14,33.74.14.1007,33.74.14.1007,Jawa Tengah,Kota Semarang,Mijen,Wonolopo,2026-09-19T12:00:00,2026-09-21 16:00:00,2026-09-21 23:00:00,51-52,24,89,0,22,7.2,S,181,N,,,1,Cerah,Sunny,https://api-apps.bmkg.go.id/storage/icon/cuaca/cerah-pm.svg,2026-09-21T16:00:00Z
33,33.74,33.74.14,33.74.14.1008,33.74.14.1008,Jawa Tengah,Kota Semarang,Mijen,Mijen,2026-09-19T12:00:00,2026-09-19 16:00:00,2026-09-19 23:00:00,3-4,24,77,0,5,8.7,SE,165,NW,,,0,Cerah,Sunny,https://api-apps.bmkg.go.id/storage/icon/cuaca/cerah-pm.svg,2026-09-19T16:00:00Z
33,33.74,33.74.14,33.74.14.1008,33.74.14.1008,Jawa Tengah,Kota Semarang,Mijen,Mijen,2026-09-19T12:00:00,2026-09-19 19:00:00,2026-09-20 02:00:00,6-7,23,77,0,0,6.9,SE,160,NW,,,0,Cerah,Sunny,https://api-apps.bmkg.go.id/storage/icon/cuaca/cerah-pm.svg,2026-09-19T19:00:00Z
33,33.74,33.74.14,33.74.14.1008,33.74.14.1008,Jawa Tengah,Kota Semarang,Mijen,Mijen,2026-09-19T12:00:00,2026-09-19 22:00:00,2026-09-20 05:00:00,9-10,23,77,0,0,5.5,SE,136,NW,,,0,Cerah,Sunny,https://api-apps.bmkg.go.id/storage/icon/cuaca/cerah-pm.svg,2026-09-19T22:00:00Z
33,33.74,33.74.14,33.74.14.1008,33.74.14.1008,Jawa Tengah,Kota Semarang,Mijen,Mijen,2026-09-19T12:00:00,2026-09-20 01:00:00,2026-09-20 08:00:00,12-13,29,54,0,3,5.6,NE,55,SW,,,0,Cerah,Sunny,https://api-apps.bmkg.go.id/storage/icon/cuaca/cerah-am.svg,2026-09-20T01:00:00Z
33,33.74,33.74.14,33.74.14.1008,33.74.14.1008,Jawa Tengah,Kota Semarang,Mijen,Mijen,2026-09-19T12:00:00,2026-09-20 04:00:00,2026-09-20 11:00:00,15-16,33,47,0.2,10,7.8,N,20,S,,,1,Cerah,Sunny,https://api-apps.bmkg.go.id/storage/icon/cuaca/cerah-am.svg,2026-09-20T04:00:00Z
33,33.74,33.74.14,33.74.14.1008,33.74.14.1008,Jawa Tengah,Kota Semarang,Mijen,Mijen,2026-09-19T12:00:00,2026-09-20 07:00:00,2026-09-20 14:00:00,18-19,31,57,0.3,39,6.1,N,19,S,,,1,Cerah,Sunny,https://api-apps.bmkg.go.id/storage/icon/cuaca/cerah-am.svg,2026-09-20T07:00:00Z
33,33.74,33.74.14,33.74.14.1008,33.74.14.1008,Jawa Tengah,Kota Semarang,Mijen,Mijen,2026-09-19T12:00:00,2026-09-20 10:00:00,2026-09-20 17:00:00,21-22,26,82,0,22,4.9,SW,236,NE,,,1,Cerah,Sunny,https://api-apps.bmkg.go.id/storage/icon/cuaca/cerah-am.svg,2026-09-20T10:00:00Z
33,33.74,33.74.14,33.74.14.1008,33.74.14.1008,Jawa Tengah,Kota Semarang,Mijen,Mijen,2026-09-19T12:00:00,2026-09-20 13:00:00,2026-09-20 20:00:00,24-25,25,81,0.1,4,8.7,SE,135,NW,,,0,Cerah,Sunny,https://api-apps.bmkg.go.id/storage/icon/cuaca/cerah-pm.svg,2026-09-20T13:00:00Z
33,33.74,33.74.14,33.74.14.1008,33.74.14.1008,Jawa Tengah,Kota Semarang,Mijen,Mijen,2026-09-19T12:00:00,2026-09-20 16:00:00,2026-09-20 23:00:00,27-28,24,88,0,10,5.5,SE,156,NW,,,1,Cerah,Sunny,https://api-apps.bmkg.go.id/storage/icon/cuaca/cerah-pm.svg,2026-09-20T16:00:00Z
33,33.74,33.74.14,33.74.14.1008,33.74.14.1008,Jawa Tengah,Kota Semarang,Mijen,Mijen,2026-09-19T12:00:00,2026-09-20 19:00:00,2026-09-21 02:00:00,30-31,23,86,0,0,6.8,E,131,W,,,0,Cerah,Sunny,https://api-apps.bmkg.go.id/storage/icon/cuaca/cerah-pm.svg,2026-09-20T19:00:00Z
33,33.74,33.74.14,33.74.14.1008,33.74.14.1008,Jawa Tengah,Kota Semarang,Mijen,Mijen,2026-09-19T12:00:00,2026-09-20 22:00:00,2026-09-21 05:00:00,33-34,23,79,0,0,6.6,E,125,W,,,0,Cerah,Sunny,https://api-apps.bmkg.go.id/storage/icon/cuaca/cerah-pm.svg,2026-09-20T22:00:00Z
33,33.74,33.74.14,33.74.14.1008,33.74.14.1008,Jawa Tengah,Kota Semarang,Mijen,Mijen,2026-09-19T12:00:00,2026-09-21 01:00:00,2026-09-21 08:00:00,36-37,29,55,0,0,9.8,E,90,W,,,0,Cerah,Sunny,https://api-apps.bmkg.go.id/storage/icon/cuaca/cerah-am.svg,2026-09-21T01:00:00Z
33,33.74,33.74.14,33.74.14.1008,33.74.14.1008,Jawa Tengah,Kota Semarang,Mijen,Mijen,2026-09-19T12:00:00,2026-09-21 04:00:00,2026-09-21 11:00:00,39-40,33,44,0,31,10.4,NE,66,SW,,,1,Cerah,Sunny,https://api-apps.bmkg.go.id/storage/icon/cuaca/cerah-am.svg,2026-09-21T04:00:00Z
33,33.74,33.74.14,33.74.14.1008,33.74.14.1008,Jawa Tengah,Kota Semarang,Mijen,Mijen,2026-09-19T12:00:00,2026-09-21 07:00:00,2026-09-21 14:00:00,42-43,30,64,0.3,49,6.9,NW,333,SE,,,1,Cerah,Sunny,https://api-apps.bmkg.go.id/storage/icon/cuaca/cerah-am.svg,2026-09-21T07:00:00Z
33,33.74,33.74.14,33.74.14.1008,33.74.14.1008,Jawa Tengah,Kota Semarang,Mijen,Mijen,2026-09-19T12:00:00,2026-09-21 10:00:00,2026-09-21 17:00:00,45-46,27,82,0.1,39,7.7,S,223,N,,,1,Cerah,Sunny,https://api-apps.bmkg.go.id/storage/icon/cuaca/cerah-am.svg,2026-09-21T10:00:00Z
33,33.74,33.74.14,33.74.14.1008,33.74.14.1008,Jawa Tengah,Kota Semarang,Mijen,Mijen,2026-09-19T12:00:00,2026-09-21 13:00:00,2026-09-21 20:00:00,48-49,25,84,0,31,7.8,SE,137,NW,,,1,Cerah,Sunny,https://api-apps.bmkg.go.id/storage/icon/cuaca/cerah-pm.svg,2026-09-21T13:00:00Z
33,33.74,33.74.14,33.74.14.1008,33.74.14.1008,Jawa Tengah,Kota Semarang,Mijen,Mijen,2026-09-19T12:00:00,2026-09-21 16:00:00,2026-09-21 23:00:00,51-52,24,88,0,19,7.2,S,181,N,,,1,Cerah,Sunny,https://api-apps.bmkg.go.id/storage/icon/cuaca/cerah-pm.svg,2026-09-21T16:00:00Z
33,33.74,33.74.14,33.74.14.1009,33.74.14.1009,Jawa Tengah,Kota Semarang,Mijen,Jatibarang,2026-09-19T12:00:00,2026-09-19 16:00:00,2026-09-19 23:00:00,3-4,24,77,0,5,8.7,SE,165,NW,,,0,Cerah,Sunny,https://api-apps.bmkg.go.id/storage/icon/cuaca/cerah-pm.svg,2026-09-19T16:00:00Z
33,33.74,33.74.14,33.74.14.1009,33.74.14.1009,Jawa Tengah,Kota Semarang,Mijen,Jatibarang,2026-09-19T12:00:00,2026-09-19 19:00:00,2026-09-20 02:00:00,6-7,23,77,0,0,6.9,SE,160,NW,,,0,Cerah,Sunny,https://api-apps.bmkg.go.id/storage/icon/cuaca/cerah-pm.svg,2026-09-19T19:00:00Z
33,33.74,33.74.14,33.74.14.1009,33.74.14.1009,Jawa Tengah,Kota Semarang,Mijen,Jatibarang,2026-09-19T12:00:00,2026-09-19 22:00:00,2026-09-20 05:00:00,9-10,23,77,0,0,5.5,SE,136,NW,,,0,Cerah,Sunny,https://api-apps.bmkg.go.id/storage/icon/cuaca/cerah-pm.svg,2026-09-19T22:00:00Z
33,33.74,33.74.14,33.74.14.1009,33.74.14.1009,Jawa Tengah,Kota Semarang,Mijen,Jatibarang,2026-09-19T12:00:00,2026-09-20 01:00:00,2026-09-20 08:00:00,12-13,29,54,0,3,5.6,NE,55,SW,,,0,Cerah,Sunny,https://api-apps.bmkg.go.id/storage/icon/cuaca/cerah-am.svg,2026-09-20T01:00:00Z
33,33.74,33.74.14,33.74.14.1009,33.74.14.1009,Jawa Tengah,Kota Semarang,Mijen,Jatibarang,2026-09-19T12:00:00,2026-09-20 04:00:00,2026-09-20 11:00:00,15-16,33,47,0.2,10,7.8,N,20,S,,,1,Cerah,Sunny,https://api-apps.bmkg.go.id/storage/icon/cuaca/cerah-am.svg,2026-09-20T04:00:00Z
33,33.74,33.74.14,33.74.14.1009,33.74.14.1009,Jawa Tengah,Kota Semarang,Mijen,Jatibarang,2026-09-19T12:00:00,2026-09-20 07:00:00,2026-09-20 14:00:00,18-19,31,57,0.3,39,6.1,N,19,S,,,1,Cerah,Sunny,https://api-apps.bmkg.go.id/storage/icon/cuaca/cerah-am.svg,2026-09-20T07:00:00Z
33,33.74,33.74.14,33.74.14.1009,33.74.14.1009,Jawa Tengah,Kota Semarang,Mijen,Jatibarang,2026-09-19T12:00:00,2026-09-20 10:00:00,2026-09-20 17:00:00,21-22,26,82,0,22,4.9,SW,236,NE,,,1,Cerah,Sunny,https://api-apps.bmkg.go.id/storage/icon/cuaca/cerah-am.svg,2026-09-20T10:00:00Z
33,33.74,33.74.14,33.74.14.1009,33.74.14.1009,Jawa Tengah,Kota Semarang,Mijen,Jatibarang,2026-09-19T12:00:00,2026-09-20 13:00:00,2026-09-20 20:00:00,24-25,25,81,0.1,4,8.7,SE,135,NW,,,0,Cerah,Sunny,https://api-apps.bmkg.go.id/storage/icon/cuaca/cerah-pm.svg,2026-09-20T13:00:00Z
33,33.74,33.74.14,33.74.14.1009,33.74.14.1009,Jawa Tengah,Kota Semarang,Mijen,Jatibarang,2026-09-19T12:00:00,2026-09-20 16:00:00,2026-09-20 23:00:00,27-28,24,88,0,10,5.5,SE,156,NW,,,1,Cerah,Sunny,https://api-apps.bmkg.go.id/storage/icon/cuaca/cerah-pm.svg,2026-09-20T16:00:00Z
33,33.74,33.74.14,33.74.14.1009,33.74.14.1009,Jawa Tengah,Kota Semarang,Mijen,Jatibarang,2026-09-19T12:00:00,2026-09-20 19:00:00,2026-09-21 02:00:00,30-31,23,86,0,0,6.8,E,131,W,,,0,Cerah,Sunny,https://api-apps.bmkg.go.id/storage/icon/cuaca/cerah-pm.svg,2026-09-20T19:00:00Z
33,33.74,33.74.14,33.74.14.1009,33.74.14.1009,Jawa Tengah,Kota Semarang,Mijen,Jatibarang,2026-09-19T12:00:00,2026-09-20 22:00:00,2026-09-21 05:00:00,33-34,23,79,0,0,6.6,E,125,W,,,0,Cerah,Sunny,https://api-apps.bmkg.go.id/storage/icon/cuaca/cerah-pm.svg,2026-09-20T22:00:00Z
33,33.74,33.74.14,33.74.14.1009,33.74.14.1009,Jawa Tengah,Kota Semarang,Mijen,Jatibarang,2026-09-19T12:00:00,2026-09-21 01:00:00,2026-09-21 08:00:00,36-37,29,55,0,0,9.8,E,90,W,,,0,Cerah,Sunny,https://api-apps.bmkg.go.id/storage/icon/cuaca/cerah-am.svg,2026-09-21T01:00:00Z
33,33.74,33.74.14,33.74.14.1009,33.74.14.1009,Jawa Tengah,Kota Semarang,Mijen,Jatibarang,2026-09-19T12:00:00,2026-09-21 04:00:00,2026-09-21 11:00:00,39-40,33,44,0,31,10.4,NE,66,SW,,,1,Cerah,Sunny,https://api-apps.bmkg.go.id/storage/icon/cuaca/cerah-am.svg,2026-09-21T04:00:00Z
33,33.74,33.74.14,33.74.14.1009,33.74.14.1009,Jawa Tengah,Kota Semarang,Mijen,Jatibarang,2026-09-19T12:00:00,2026-09-21 07:00:00,2026-09-21 14:00:00,42-43,30,64,0.3,49,6.9,NW,333,SE,,,1,Cerah,Sunny,https://api-apps.bmkg.go.id/storage/icon/cuaca/cerah-am.svg,2026-09-21T07:00:00Z
33,33.74,33.74.14,33.74.14.1009,33.74.14.1009,Jawa Tengah,Kota Semarang,Mijen,Jatibarang,2026-09-19T12:00:00,2026-09-21 10:00:00,2026-09-21 17:00:00,45-46,27,82,0.1,39,7.7,S,223,N,,,1,Cerah,Sunny,https://api-apps.bmkg.go.id/storage/icon/cuaca/cerah-am.svg,2026-09-21T10:00:00Z
33,33.74,33.74.14,33.74.14.1009,33.74.14.1009,Jawa Tengah,Kota Semarang,Mijen,Jatibarang,2026-09-19T12:00:00,2026-09-21 13:00:00,2026-09-21 20:00:00,48-49,25,84,0,31,7.8,SE,137,NW,,,1,Cerah,Sunny,https://api-apps.bmkg.go.id/storage/icon/cuaca/cerah-pm.svg,2026-09-21T13:00:00Z
33,33.74,33.74.14,33.74.14.1009,33.74.14.1009,Jawa Tengah,Kota Semarang,Mijen,Jatibarang,2026-09-19T12:00:00,2026-09-21 16:00:00,2026-09-21 23:00:00,51-52,24,88,0,19,7.2,S,181,N,,,1,Cerah,Sunny,https://api-apps.bmkg.go.id/storage/icon/cuaca/cerah-pm.svg,2026-09-21T16:00:00Z
33,33.74,33.74.14,33.74.14.1010,33.74.14.1010,Jawa Tengah,Kota Semarang,Mijen,Kedungpane,2026-09-19T12:00:00,2026-09-19 15:00:00,2026-09-19 22:00:00,2-3,25,78,0,0,4.4,E,114,W,,,0,Cerah,Sunny,https://api-apps.bmkg.go.id/storage/icon/cuaca/cerah-pm.svg,2026-09-19T15:00:00Z
33,33.74,33.74.14,33.74.14.1010,33.74.14.1010,Jawa Tengah,Kota Semarang,Mijen,Kedungpane,2026-09-19T12:00:00,2026-09-19 18:00:00,2026-09-20 01:00:00,5-6,24,78,0,0,4.7,SE,159,NW,,,0,Cerah,Sunny,https://api-apps.bmkg.go.id/storage/icon/cuaca/cerah-pm.svg,2026-09-19T18:00:00Z
33,33.74,33.74.14,33.74.14.1010,33.74.14.1010,Jawa Tengah,Kota Semarang,Mijen,Kedungpane,2026-09-19T12:00:00,2026-09-19 21:00:00,2026-09-20 04:00:00,8-9,23,76,0,0,7,SE,142,NW,,,0,Cerah,Sunny,https://api-apps.bmkg.go.id/storage/icon/cuaca/cerah-pm.svg,2026-09-19T21:00:00Z
33,33.74,33.74.14,33.74.14.1010,33.74.14.1010,Jawa Tengah,Kota Semarang,Mijen,Kedungpane,2026-09-19T12:00:00,2026-09-20 00:00:00,2026-09-20 07:00:00,11-12,28,56,0,3,8.3,E,130,W,,,0,Cerah,Sunny,https://api-apps.bmkg.go.id/storage/icon/cuaca/cerah-am.svg,2026-09-20T00:00:00Z
33,33.74,33.74.14,33.74.14.1010,33.74.14.1010,Jawa Tengah,Kota Semarang,Mijen,Kedungpane,2026-09-19T12:00:00,2026-09-20 03:00:00,2026-09-20 10:00:00,14-15,32,46,0.1,2,12.7,E,108,W,,,0,Cerah,Sunny,https://api-apps.bmkg.go.id/storage/icon/cuaca/cerah-am.svg,2026-09-20T03:00:00Z
33,33.74,33.74.14,33.74.14.1010,33.74.14.1010,Jawa Tengah,Kota Semarang,Mijen,Kedungpane,2026-09-19T12:00:00,2026-09-20 06:00:00,2026-09-20 13:00:00,17-18,33,48,0.2,19,8.9,NE,61,SW,,,1,Cerah,Sunny,https://api-apps.bmkg.go.id/storage/icon/cuaca/cerah-am.svg,2026-09-20T06:00:00Z
33,33.74,33.74.14,33.74.14.1010,33.74.14.1010,Jawa Tengah,Kota Semarang,Mijen,Kedungpane,2026-09-19T12:00:00,2026-09-20 09:00:00,2026-09-20 16:00:00,20-21,28,73,0,14,12.6,NW,345,SE,,,1,Cerah,Sunny,https://api-apps.bmkg.go.id/storage/icon/cuaca/cerah-am.svg,2026-09-20T09:00:00Z
33,33.74,33.74.14,33.74.14.1010,33.74.14.1010,Jawa Tengah,Kota Semarang,Mijen,Kedungpane,2026-09-19T12:00:00,2026-09-20 12:00:00,2026-09-20 19:00:00,23-24,27,78,0.1,6,8,W,285,E,,,0,Cerah,Sunny,https://api-apps.bmkg.go.id/storage/icon/cuaca/cerah-pm.svg,2026-09-20T12:00:00Z
33,33.74,33.74.14,33.74.14.1010,33.74.14.1010,Jawa Tengah,Kota Semarang,Mijen,Kedungpane,2026-09-19T12:00:00,2026-09-20 15:00:00,2026-09-20 22:00:00,26-27,25,84,0,0,3.3,SE,149,NW,,,0,Cerah,Sunny,https://api-apps.bmkg.go.id/storage/icon/cuaca/cerah-pm.svg,2026-09-20T15:00:00Z
33,33.74,33.74.14,33.74.14.1010,33.74.14.1010,Jawa Tengah,Kota Semarang,Mijen,Kedungpane,2026-09-19T12:00:00,2026-09-20 18:00:00,2026-09-21 01:00:00,29-30,24,86,0,0,6.7,E,134,W,,,0,Cerah,Sunny,https://api-apps.bmkg.go.id/storage/icon/cuaca/cerah-pm.svg,2026-09-20T18:00:00Z
33,33.74,33.74.14,33.74.14.1010,33.74.14.1010,Jawa Tengah,Kota Semarang,Mijen,Kedungpane,2026-09-19T12:00:00,2026-09-20 21:00:00,2026-09-21 04:00:00,32-33,24,77,0,0,9.3,SE,137,NW,,,0,Cerah,Sunny,https://api-apps.bmkg.go.id/storage/icon/cuaca/cerah-pm.svg,2026-09-20T21:00:00Z
33,33.74,33.74.14,33.74.14.1010,33.74.14.1010,Jawa Tengah,Kota Semarang,Mijen,Kedungpane,2026-09-19T12:00:00,2026-09-21 00:00:00,2026-09-21 07:00:00,35-36,28,60,0,0,13.1,E,134,W,,,0,Cerah,Sunny,https://api-apps.bmkg.go.id/storage/icon/cuaca/cerah-am.svg,2026-09-21T00:00:00Z
33,33.74,33.74.14,33.74.14.1010,33.74.14.1010,Jawa Tengah,Kota Semarang,Mijen,Kedungpane,2026-09-19T12:00:00,2026-09-21 03:00:00,2026-09-21 10:00:00,38-39,32,44,0,23,16.1,E,117,W,,,1,Cerah,Sunny,https://api-apps.bmkg.go.id/storage/icon/cuaca/cerah-am.svg,2026-09-21T03:00:00Z
33,33.74,33.74.14,33.74.14.1010,33.74.14.1010,Jawa Tengah,Kota Semarang,Mijen,Kedungpane,2026-09-19T12:00:00,2026-09-21 06:00:00,2026-09-21 13:00:00,41-42,33,48,0.2,16,12.6,E,97,W,,,1,Cerah,Sunny,https://api-apps.bmkg.go.id/storage/icon/cuaca/cerah-am.svg,2026-09-21T06:00:00Z
33,33.74,33.74.14,33.74.14.1010,33.74.14.1010,Jawa Tengah,Kota Semarang,Mijen,Kedungpane,2026-09-19T12:00:00,2026-09-21 09:00:00,2026-09-21 16:00:00,44-45,29,73,0.1,30,11.1,NW,331,SE,,,1,Cerah,Sunny,https://api-apps.bmkg.go.id/storage/icon/cuaca/cerah-am.svg,2026-09-21T09:00:00Z
33,33.74,33.74.14,33.74.14.1010,33.74.14.1010,Jawa Tengah,Kota Semarang,Mijen,Kedungpane,2026-09-19T12:00:00,2026-09-21 12:00:00,2026-09-21 19:00:00,47-48,27,79,0,21,10.8,W,281,E,,,1,Cerah,Sunny,https://api-apps.bmkg.go.id/storage/icon/cuaca/cerah-pm.svg,2026-09-21T12:00:00Z
33,33.74,33.74.14,33.74.14.1010,33.74.14.1010,Jawa Tengah,Kota Semarang,Mijen,Kedungpane,2026-09-19T12:00:00,2026-09-21 15:00:00,2026-09-21 22:00:00,50-51,25,84,0,19,6.7,E,98,W,,,1,Cerah,Sunny,https://api-apps.bmkg.go.id/storage/icon/cuaca/cerah-pm.svg,2026-09-21T15:00:00Z
33,33.74,33.74.14,33.74.14.1011,33.74.14.1011,Jawa Tengah,Kota Semarang,Mijen,Ngadirgo,2026-09-19T12:00:00,2026-09-19 16:00:00,2026-09-19 23:00:00,3-4,24,73,0,2,5,SE,177,NW,,,0,Cerah,Sunny,https://api-apps.bmkg.go.id/storage/icon/cuaca/cerah-pm.svg,2026-09-19T16:00:00Z
33,33.74,33.74.14,33.74.14.1011,33.74.14.1011,Jawa Tengah,Kota Semarang,Mijen,Ngadirgo,2026-09-19T12:00:00,2026-09-19 19:00:00,2026-09-20 02:00:00,6-7,23,73,0,0,5.4,SE,157,NW,,,0,Cerah,Sunny,https://api-apps.bmkg.go.id/storage/icon/cuaca/cerah-pm.svg,2026-09-19T19:00:00Z
33,33.74,33.74.14,33.74.14.1011,33.74.14.1011,Jawa Tengah,Kota Semarang,Mijen,Ngadirgo,2026-09-19T12:00:00,2026-09-19 22:00:00,2026-09-20 05:00:00,9-10,23,75,0,0,5.6,E,132,W,,,0,Cerah,Sunny,https://api-apps.bmkg.go.id/storage/icon/cuaca/cerah-pm.svg,2026-09-19T22:00:00Z
33,33.74,33.74.14,33.74.14.1011,33.74.14.1011,Jawa Tengah,Kota Semarang,Mijen,Ngadirgo,2026-09-19T12:00:00,2026-09-20 01:00:00,2026-09-20 08:00:00,12-13,30,52,0,6,10.5,NE,77,SW,,,0,Cerah,Sunny,https://api-apps.bmkg.go.id/storage/icon/cuaca/cerah-am.svg,2026-09-20T01:00:00Z
33,33.74,33.74.14,33.74.14.1011,33.74.14.1011,Jawa Tengah,Kota Semarang,Mijen,Ngadirgo,2026-09-19T12:00:00,2026-09-20 04:00:00,2026-09-20 11:00:00,15-16,33,46,0.1,8,11.2,N,13,S,,,0,Cerah,Sunny,https://api-apps.bmkg.go.id/storage/icon/cuaca/cerah-am.svg,2026-09-20T04:00:00Z
33,33.74,33.74.14,33.74.14.1011,33.74.14.1011,Jawa Tengah,Kota Semarang,Mijen,Ngadirgo,2026-09-19T12:00:00,2026-09-20 07:00:00,2026-09-20 14:00:00,18-19,31,56,0.2,15,12.7,NW,359,SE,,,1,Cerah,Sunny,https://api-apps.bmkg.go.id/storage/icon/cuaca/cerah-am.svg,2026-09-20T07:00:00Z
33,33.74,33.74.14,33.74.14.1011,33.74.14.1011,Jawa Tengah,Kota Semarang,Mijen,Ngadirgo,2026-09-19T12:00:00,2026-09-20 10:00:00,2026-09-20 17:00:00,21-22,27,79,0,12,7.2,SW,269,NE,,,1,Cerah,Sunny,https://api-apps.bmkg.go.id/storage/icon/cuaca/cerah-am.svg,2026-09-20T10:00:00Z
33,33.74,33.74.14,33.74.14.1011,33.74.14.1011,Jawa Tengah,Kota Semarang,Mijen,Ngadirgo,2026-09-19T12:00:00,2026-09-20 13:00:00,2026-09-20 20:00:00,24-25,26,78,0,3,8.9,SE,142,NW,,,0,Cerah,Sunny,https://api-apps.bmkg.go.id/storage/icon/cuaca/cerah-pm.svg,2026-09-20T13:00:00Z
33,33.74,33.74.14,33.74.14.1011,33.74.14.1011,Jawa Tengah,Kota Semarang,Mijen,Ngadirgo,2026-09-19T12:00:00,2026-09-20 16:00:00,2026-09-20 23:00:00,27-28,25,86,0,7,6,SE,146,NW,,,0,Cerah,Sunny,https://api-apps.bmkg.go.id/storage/icon/cuaca/cerah-pm.svg,2026-09-20T16:00:00Z
33,33.74,33.74.14,33.74.14.1011,33.74.14.1011,Jawa Tengah,Kota Semarang,Mijen,Ngadirgo,2026-09-19T12:00:00,2026-09-20 19:00:00,2026-09-21 02:00:00,30-31,24,85,0,0,7.5,SE,136,NW,,,0,Cerah,Sunny,https://api-apps.bmkg.go.id/storage/icon/cuaca/cerah-pm.svg,2026-09-20T19:00:00Z
33,33.74,33.74.14,33.74.14.1011,33.74.14.1011,Jawa Tengah,Kota Semarang,Mijen,Ngadirgo,2026-09-19T12:00:00,2026-09-20 22:00:00,2026-09-21 05:00:00,33-34,24,77,0,0,8.8,E,125,W,,,0,Cerah,Sunny,https://api-apps.bmkg.go.id/storage/icon/cuaca/cerah-pm.svg,2026-09-20T22:00:00Z
33,33.74,33.74.14,33.74.14.1011,33.74.14.1011,Jawa Tengah,Kota Semarang,Mijen,Ngadirgo,2026-09-19T12:00:00,2026-09-21 01:00:00,2026-09-21 08:00:00,36-37,30,53,0,0,15.7,E,98,W,,,0,Cerah,Sunny,https://api-apps.bmkg.go.id/storage/icon/cuaca/cerah-am.svg,2026-09-21T01:00:00Z
33,33.74,33.74.14,33.74.14.1011,33.74.14.1011,Jawa Tengah,Kota Semarang,Mijen,Ngadirgo,2026-09-19T12:00:00,2026-09-21 04:00:00,2026-09-21 11:00:00,39-40,34,42,0,30,14.4,NE,66,SW,,,1,Cerah,Sunny,https://api-apps.bmkg.go.id/storage/icon/cuaca/cerah-am.svg,2026-09-21T04:00:00Z
33,33.74,33.74.14,33.74.14.1011,33.74.14.1011,Jawa Tengah,Kota Semarang,Mijen,Ngadirgo,2026-09-19T12:00:00,2026-09-21 07:00:00,2026-09-21 14:00:00,42-43,30,65,0.2,47,8.9,NW,348,SE,,,1,Cerah,Sunny,https://api-apps.bmkg.go.id/storage/icon/cuaca/cerah-am.svg,2026-09-21T07:00:00Z
33,33.74,33.74.14,33.74.14.1011,33.74.14.1011,Jawa Tengah,Kota Semarang,Mijen,Ngadirgo,2026-09-19T12:00:00,2026-09-21 10:00:00,2026-09-21 17:00:00,45-46,27,80,0.1,22,10.1,SW,268,NE,,,1,Cerah,Sunny,https://api-apps.bmkg.go.id/storage/icon/cuaca/cerah-am.svg,2026-09-21T10:00:00Z
33,33.74,33.74.14,33.74.14.1011,33.74.14.1011,Jawa Tengah,Kota Semarang,Mijen,Ngadirgo,2026-09-19T12:00:00,2026-09-21 13:00:00,2026-09-21 20:00:00,48-49,26,80,0,22,7.6,SE,142,NW,,,1,Cerah,Sunny,https://api-apps.bmkg.go.id/storage/icon/cuaca/cerah-pm.svg,2026-09-21T13:00:00Z
33,33.74,33.74.14,33.74.14.1011,33.74.14.1011,Jawa Tengah,Kota Semarang,Mijen,Ngadirgo,2026-09-19T12:00:00,2026-09-21 16:00:00,2026-09-21 23:00:00,51-52,25,86,0,21,5.7,SE,170,NW,,,1,Cerah,Sunny,https://api-apps.bmkg.go.id/storage/icon/cuaca/cerah-pm.svg,2026-09-21T16:00:00Z
33,33.74,33.74.14,33.74.14.1012,33.74.14.1012,Jawa Tengah,Kota Semarang,Mijen,Wonoplumbon,2026-09-19T12:00:00,2026-09-19 16:00:00,2026-09-19 23:00:00,3-4,24,73,0,0,5,SE,177,NW,,,0,Cerah,Sunny,https://api-apps.bmkg.go.id/storage/icon/cuaca/cerah-pm.svg,2026-09-19T16:00:00Z
33,33.74,33.74.14,33.74.14.1012,33.74.14.1012,Jawa Tengah,Kota Semarang,Mijen,Wonoplumbon,2026-09-19T12:00:00,2026-09-19 19:00:00,2026-09-20 02:00:00,6-7,23,73,0,0,5.4,SE,157,NW,,,0,Cerah,Sunny,https://api-apps.bmkg.go.id/storage/icon/cuaca/cerah-pm.svg,2026-09-19T19:00:00Z
33,33.74,33.74.14,33.74.14.1012,33.74.14.1012,Jawa Tengah,Kota Semarang,Mijen,Wonoplumbon,2026-09-19T12:00:00,2026-09-19 22:00:00,2026-09-20 05:00:00,9-10,23,75,0,0,5.6,E,132,W,,,0,Cerah,Sunny,https://api-apps.bmkg.go.id/storage/icon/cuaca/cerah-pm.svg,2026-09-19T22:00:00Z
33,33.74,33.74.14,33.74.14.1012,33.74.14.1012,Jawa Tengah,Kota Semarang,Mijen,Wonoplumbon,2026-09-19T12:00:00,2026-09-20 01:00:00,2026-09-20 08:00:00,12-13,30,52,0,8,10.5,NE,77,SW,,,0,Cerah,Sunny,https://api-apps.bmkg.go.id/storage/icon/cuaca/cerah-am.svg,2026-09-20T01:00:00Z
33,33.74,33.74.14,33.74.14.1012,33.74.14.1012,Jawa Tengah,Kota Semarang,Mijen,Wonoplumbon,2026-09-19T12:00:00,2026-09-20 04:00:00,2026-09-20 11:00:00,15-16,33,46,0.1,10,11.2,N,13,S,,,1,Cerah,Sunny,https://api-apps.bmkg.go.id/storage/icon/cuaca/cerah-am.svg,2026-09-20T04:00:00Z
33,33.74,33.74.14,33.74.14.1012,33.74.14.1012,Jawa Tengah,Kota Semarang,Mijen,Wonoplumbon,2026-09-19T12:00:00,2026-09-20 07:00:00,2026-09-20 14:00:00,18-19,32,54,0.2,15,12.7,NW,359,SE,,,1,Cerah,Sunny,https://api-apps.bmkg.go.id/storage/icon/cuaca/cerah-am.svg,2026-09-20T07:00:00Z
33,33.74,33.74.14,33.74.14.1012,33.74.14.1012,Jawa Tengah,Kota Semarang,Mijen,Wonoplumbon,2026-09-19T12:00:00,2026-09-20 10:00:00,2026-09-20 17:00:00,21-22,27,78,0,11,7.2,SW,269,NE,,,1,Cerah,Sunny,https://api-apps.bmkg.go.id/storage/icon/cuaca/cerah-am.svg,2026-09-20T10:00:00Z
33,33.74,33.74.14,33.74.14.1012,33.74.14.1012,Jawa Tengah,Kota Semarang,Mijen,Wonoplumbon,2026-09-19T12:00:00,2026-09-20 13:00:00,2026-09-20 20:00:00,24-25,26,78,0,2,8.9,SE,142,NW,,,0,Cerah,Sunny,https://api-apps.bmkg.go.id/storage/icon/cuaca/cerah-pm.svg,2026-09-20T13:00:00Z
33,33.74,33.74.14,33.74.14.1012,33.74.14.1012,Jawa Tengah,Kota Semarang,Mijen,Wonoplumbon,2026-09-19T12:00:00,2026-09-20 16:00:00,2026-09-20 23:00:00,27-28,24,84,0,7,6,SE,146,NW,,,0,Cerah,Sunny,https://api-apps.bmkg.go.id/storage/icon/cuaca/cerah-pm.svg,2026-09-20T16:00:00Z
33,33.74,33.74.14,33.74.14.1012,33.74.14.1012,Jawa Tengah,Kota Semarang,Mijen,Wonoplumbon,2026-09-19T12:00:00,2026-09-20 19:00:00,2026-09-21 02:00:00,30-31,24,84,0,0,7.5,SE,136,NW,,,0,Cerah,Sunny,https://api-apps.bmkg.go.id/storage/icon/cuaca/cerah-pm.svg,2026-09-20T19:00:00Z
33,33.74,33.74.14,33.74.14.1012,33.74.14.1012,Jawa Tengah,Kota Semarang,Mijen,Wonoplumbon,2026-09-19T12:00:00,2026-09-20 22:00:00,2026-09-21 05:00:00,33-34,24,78,0,0,8.8,E,125,W,,,0,Cerah,Sunny,https://api-apps.bmkg.go.id/storage/icon/cuaca/cerah-pm.svg,2026-09-20T22:00:00Z
33,33.74,33.74.14,33.74.14.1012,33.74.14.1012,Jawa Tengah,Kota Semarang,Mijen,Wonoplumbon,2026-09-19T12:00:00,2026-09-21 01:00:00,2026-09-21 08:00:00,36-37,30,53,0,0,15.7,E,98,W,,,0,Cerah,Sunny,https://api-apps.bmkg.go.id/storage/icon/cuaca/cerah-am.svg,2026-09-21T01:00:00Z
33,33.74,33.74.14,33.74.14.1012,33.74.14.1012,Jawa Tengah,Kota Semarang,Mijen,Wonoplumbon,2026-09-19T12:00:00,2026-09-21 04:00:00,2026-09-21 11:00:00,39-40,34,42,0,30,14.4,NE,66,SW,,,1,Cerah,Sunny,https://api-apps.bmkg.go.id/storage/icon/cuaca/cerah-am.svg,2026-09-21T04:00:00Z
33,33.74,33.74.14,33.74.14.1012,33.74.14.1012,Jawa Tengah,Kota Semarang,Mijen,Wonoplumbon,2026-09-19T12:00:00,2026-09-21 07:00:00,2026-09-21 14:00:00,42-43,31,63,0.2,47,8.9,NW,348,SE,,,1,Cerah,Sunny,https://api-apps.bmkg.go.id/storage/icon/cuaca/cerah-am.svg,2026-09-21T07:00:00Z
33,33.74,33.74.14,33.74.14.1012,33.74.14.1012,Jawa Tengah,Kota Semarang,Mijen,Wonoplumbon,2026-09-19T12:00:00,2026-09-21 10:00:00,2026-09-21 17:00:00,45-46,27,79,0.1,21,10.1,SW,268,NE,,,1,Cerah,Sunny,https://api-apps.bmkg.go.id/storage/icon/cuaca/cerah-am.svg,2026-09-21T10:00:00Z
33,33.74,33.74.14,33.74.14.1012,33.74.14.1012,Jawa Tengah,Kota Semarang,Mijen,Wonoplumbon,2026-09-19T12:00:00,2026-09-21 13:00:00,2026-09-21 20:00:00,48-49,26,79,0,19,7.6,SE,142,NW,,,1,Cerah,Sunny,https://api-apps.bmkg.go.id/storage/icon/cuaca/cerah-pm.svg,2026-09-21T13:00:00Z
33,33.74,33.74.14,33.74.14.1012,33.74.14.1012,Jawa Tengah,Kota Semarang,Mijen,Wonoplumbon,2026-09-19T12:00:00,2026-09-21 16:00:00,2026-09-21 23:00:00,51-52,25,85,0,22,5.7,SE,170,NW,,,1,Cerah,Sunny,https://api-apps.bmkg.go.id/storage/icon/cuaca/cerah-pm.svg,2026-09-21T16:00:00Z
33,33.74,33.74.14,33.74.14.1013,33.74.14.1013,Jawa Tengah,Kota Semarang,Mijen,Jatisari,2026-09-19T12:00:00,2026-09-19 16:00:00,2026-09-19 23:00:00,3-4,23,76,0,11,8.7,SE,165,NW,,,1,Cerah,Sunny,https://api-apps.bmkg.go.id/storage/icon/cuaca/cerah-pm.svg,2026-09-19T16:00:00Z
33,33.74,33.74.14,33.74.14.1013,33.74.14.1013,Jawa Tengah,Kota Semarang,Mijen,Jatisari,2026-09-19T12:00:00,2026-09-19 19:00:00,2026-09-20 02:00:00,6-7,22,78,0,0,6.9,SE,160,NW,,,0,Cerah,Sunny,https://api-apps.bmkg.go.id/storage/icon/cuaca/cerah-pm.svg,2026-09-19T19:00:00Z
33,33.74,33.74.14,33.74.14.1013,33.74.14.1013,Jawa Tengah,Kota Semarang,Mijen,Jatisari,2026-09-19T12:00:00,2026-09-19 22:00:00,2026-09-20 05:00:00,9-10,22,79,0,0,5.5,SE,136,NW,,,0,Cerah,Sunny,https://api-apps.bmkg.go.id/storage/icon/cuaca/cerah-pm.svg,2026-09-19T22:00:00Z
33,33.74,33.74.14,33.74.14.1013,33.74.14.1013,Jawa Tengah,Kota Semarang,Mijen,Jatisari,2026-09-19T12:00:00,2026-09-20 01:00:00,2026-09-20 08:00:00,12-13,28,54,0,3,5.6,NE,55,SW,,,0,Cerah,Sunny,https://api-apps.bmkg.go.id/storage/icon/cuaca/cerah-am.svg,2026-09-20T01:00:00Z
33,33.74,33.74.14,33.74.14.1013,33.74.14.1013,Jawa Tengah,Kota Semarang,Mijen,Jatisari,2026-09-19T12:00:00,2026-09-20 04:00:00,2026-09-20 11:00:00,15-16,32,49,0.3,15,7.8,N,20,S,,,1,Cerah,Sunny,https://api-apps.bmkg.go.id/storage/icon/cuaca/cerah-am.svg,2026-09-20T04:00:00Z
33,33.74,33.74.14,33.74.14.1013,33.74.14.1013,Jawa Tengah,Kota Semarang,Mijen,Jatisari,2026-09-19T12:00:00,2026-09-20 07:00:00,2026-09-20 14:00:00,18-19,30,61,0.5,75,6.1,N,19,S,,,2,Cerah Berawan,Partly Cloudy,https://api-apps.bmkg.go.id/storage/icon/cuaca/cerah berawan-am.svg,2026-09-20T07:00:00Z
33,33.74,33.74.14,33.74.14.1013,33.74.14.1013,Jawa Tengah,Kota Semarang,Mijen,Jatisari,2026-09-19T12:00:00,2026-09-20 10:00:00,2026-09-20 17:00:00,21-22,26,85,0,38,4.9,SW,236,NE,,,1,Cerah,Sunny,https://api-apps.bmkg.go.id/storage/icon/cuaca/cerah-am.svg,2026-09-20T10:00:00Z
33,33.74,33.74.14,33.74.14.1013,33.74.14.1013,Jawa Tengah,Kota Semarang,Mijen,Jatisari,2026-09-19T12:00:00,2026-09-20 13:00:00,2026-09-20 20:00:00,24-25,24,81,0,0,8.7,SE,135,NW,,,0,Cerah,Sunny,https://api-apps.bmkg.go.id/storage/icon/cuaca/cerah-pm.svg,2026-09-20T13:00:00Z
33,33.74,33.74.14,33.74.14.1013,33.74.14.1013,Jawa Tengah,Kota Semarang,Mijen,Jatisari,2026-09-19T12:00:00,2026-09-20 16:00:00,2026-09-20 23:00:00,27-28,23,90,0,26,5.5,SE,156,NW,,,1,Cerah,Sunny,https://api-apps.bmkg.go.id/storage/icon/cuaca/cerah-pm.svg,2026-09-20T16:00:00Z
33,33.74,33.74.14,33.74.14.1013,33.74.14.1013,Jawa Tengah,Kota Semarang,Mijen,Jatisari,2026-09-19T12:00:00,2026-09-20 19:00:00,2026-09-21 02:00:00,30-31,22,89,0,0,6.8,E,131,W,,,0,Cerah,Sunny,https://api-apps.bmkg.go.id/storage/icon/cuaca/cerah-pm.svg,2026-09-20T19:00:00Z
33,33.74,33.74.14,33.74.14.1013,33.74.14.1013,Jawa Tengah,Kota Semarang,Mijen,Jatisari,2026-09-19T12:00:00,2026-09-20 22:00:00,2026-09-21 05:00:00,33-34,22,84,0,0,6.6,E,125,W,,,0,Cerah,Sunny,https://api-apps.bmkg.go.id/storage/icon/cuaca/cerah-pm.svg,2026-09-20T22:00:00Z
33,33.74,33.74.14,33.74.14.1013,33.74.14.1013,Jawa Tengah,Kota Semarang,Mijen,Jatisari,2026-09-19T12:00:00,2026-09-21 01:00:00,2026-09-21 08:00:00,36-37,28,56,0,0,9.8,E,90,W,,,0,Cerah,Sunny,https://api-apps.bmkg.go.id/storage/icon/cuaca/cerah-am.svg,2026-09-21T01:00:00Z
33,33.74,33.74.14,33.74.14.1013,33.74.14.1013,Jawa Tengah,Kota Semarang,Mijen,Jatisari,2026-09-19T12:00:00,2026-09-21 04:00:00,2026-09-21 11:00:00,39-40,32,46,0,31,10.4,NE,66,SW,,,1,Cerah,Sunny,https://api-apps.bmkg.go.id/storage/icon/cuaca/cerah-am.svg,2026-09-21T04:00:00Z
33,33.74,33.74.14,33.74.14.1013,33.74.14.1013,Jawa Tengah,Kota Semarang,Mijen,Jatisari,2026-09-19T12:00:00,2026-09-21 07:00:00,2026-09-21 14:00:00,42-43,29,67,0.4,61,6.9,NW,333,SE,,,2,Cerah Berawan,Partly Cloudy,https://api-apps.bmkg.go.id/storage/icon/cuaca/cerah berawan-am.svg,2026-09-21T07:00:00Z
33,33.74,33.74.14,33.74.14.1013,33.74.14.1013,Jawa Tengah,Kota Semarang,Mijen,Jatisari,2026-09-19T12:00:00,2026-09-21 10:00:00,2026-09-21 17:00:00,45-46,25,87,0.2,70,7.7,S,223,N,,,2,Cerah Berawan,Partly Cloudy,https://api-apps.bmkg.go.id/storage/icon/cuaca/cerah berawan-am.svg,2026-09-21T10:00:00Z
33,33.74,33.74.14,33.74.14.1013,33.74.14.1013,Jawa Tengah,Kota Semarang,Mijen,Jatisari,2026-09-19T12:00:00,2026-09-21 13:00:00,2026-09-21 20:00:00,48-49,24,87,0,42,7.8,SE,137,NW,,,1,Cerah,Sunny,https://api-apps.bmkg.go.id/storage/icon/cuaca/cerah-pm.svg,2026-09-21T13:00:00Z
33,33.74,33.74.14,33.74.14.1013,33.74.14.1013,Jawa Tengah,Kota Semarang,Mijen,Jatisari,2026-09-19T12:00:00,2026-09-21 16:00:00,2026-09-21 23:00:00,51-52,23,92,0,22,7.2,S,181,N,,,1,Cerah,Sunny,https://api-apps.bmkg.go.id/storage/icon/cuaca/cerah-pm.svg,2026-09-21T16:00:00Z
33,33.74,33.74.14,33.74.14.1014,33.74.14.1014,Jawa Tengah,Kota Semarang,Mijen,Pesantren,2026-09-19T12:00:00,2026-09-19 16:00:00,2026-09-19 23:00:00,3-4,24,75,0,8,5,SE,177,NW,,,0,Cerah,Sunny,https://api-apps.bmkg.go.id/storage/icon/cuaca/cerah-pm.svg,2026-09-19T16:00:00Z
33,33.74,33.74.14,33.74.14.1014,33.74.14.1014,Jawa Tengah,Kota Semarang,Mijen,Pesantren,2026-09-19T12:00:00,2026-09-19 19:00:00,2026-09-20 02:00:00,6-7,24,75,0,0,5.4,SE,157,NW,,,0,Cerah,Sunny,https://api-apps.bmkg.go.id/storage/icon/cuaca/cerah-pm.svg,2026-09-19T19:00:00Z
33,33.74,33.74.14,33.74.14.1014,33.74.14.1014,Jawa Tengah,Kota Semarang,Mijen,Pesantren,2026-09-19T12:00:00,2026-09-19 22:00:00,2026-09-20 05:00:00,9-10,24,75,0,0,5.6,E,132,W,,,0,Cerah,Sunny,https://api-apps.bmkg.go.id/storage/icon/cuaca/cerah-pm.svg,2026-09-19T22:00:00Z
33,33.74,33.74.14,33.74.14.1014,33.74.14.1014,Jawa Tengah,Kota Semarang,Mijen,Pesantren,2026-09-19T12:00:00,2026-09-20 01:00:00,2026-09-20 08:00:00,12-13,30,52,0,4,10.5,NE,77,SW,,,0,Cerah,Sunny,https://api-apps.bmkg.go.id/storage/icon/cuaca/cerah-am.svg,2026-09-20T01:00:00Z
33,33.74,33.74.14,33.74.14.1014,33.74.14.1014,Jawa Tengah,Kota Semarang,Mijen,Pesantren,2026-09-19T12:00:00,2026-09-20 04:00:00,2026-09-20 11:00:00,15-16,33,45,0.1,7,11.2,N,13,S,,,0,Cerah,Sunny,https://api-apps.bmkg.go.id/storage/icon/cuaca/cerah-am.svg,2026-09-20T04:00:00Z
33,33.74,33.74.14,33.74.14.1014,33.74.14.1014,Jawa Tengah,Kota Semarang,Mijen,Pesantren,2026-09-19T12:00:00,2026-09-20 07:00:00,2026-09-20 14:00:00,18-19,31,56,0.2,16,12.7,NW,359,SE,,,1,Cerah,Sunny,https://api-apps.bmkg.go.id/storage/icon/cuaca/cerah-am.svg,2026-09-20T07:00:00Z
33,33.74,33.74.14,33.74.14.1014,33.74.14.1014,Jawa Tengah,Kota Semarang,Mijen,Pesantren,2026-09-19T12:00:00,2026-09-20 10:00:00,2026-09-20 17:00:00,21-22,27,79,0,11,7.2,SW,269,NE,,,1,Cerah,Sunny,https://api-apps.bmkg.go.id/storage/icon/cuaca/cerah-am.svg,2026-09-20T10:00:00Z
33,33.74,33.74.14,33.74.14.1014,33.74.14.1014,Jawa Tengah,Kota Semarang,Mijen,Pesantren,2026-09-19T12:00:00,2026-09-20 13:00:00,2026-09-20 20:00:00,24-25,26,78,0.1,4,8.9,SE,142,NW,,,0,Cerah,Sunny,https://api-apps.bmkg.go.id/storage/icon/cuaca/cerah-pm.svg,2026-09-20T13:00:00Z
33,33.74,33.74.14,33.74.14.1014,33.74.14.1014,Jawa Tengah,Kota Semarang,Mijen,Pesantren,2026-09-19T12:00:00,2026-09-20 16:00:00,2026-09-20 23:00:00,27-28,25,85,0,3,6,SE,146,NW,,,0,Cerah,Sunny,https://api-apps.bmkg.go.id/storage/icon/cuaca/cerah-pm.svg,2026-09-20T16:00:00Z
33,33.74,33.74.14,33.74.14.1014,33.74.14.1014,Jawa Tengah,Kota Semarang,Mijen,Pesantren,2026-09-19T12:00:00,2026-09-20 19:00:00,2026-09-21 02:00:00,30-31,24,84,0,0,7.5,SE,136,NW,,,0,Cerah,Sunny,https://api-apps.bmkg.go.id/storage/icon/cuaca/cerah-pm.svg,2026-09-20T19:00:00Z
33,33.74,33.74.14,33.74.14.1014,33.74.14.1014,Jawa Tengah,Kota Semarang,Mijen,Pesantren,2026-09-19T12:00:00,2026-09-20 22:00:00,2026-09-21 05:00:00,33-34,24,76,0,0,8.8,E,125,W,,,0,Cerah,Sunny,https://api-apps.bmkg.go.id/storage/icon/cuaca/cerah-pm.svg,2026-09-20T22:00:00Z
33,33.74,33.74.14,33.74.14.1014,33.74.14.1014,Jawa Tengah,Kota Semarang,Mijen,Pesantren,2026-09-19T12:00:00,2026-09-21 01:00:00,2026-09-21 08:00:00,36-37,30,54,0,0,15.7,E,98,W,,,0,Cerah,Sunny,https://api-apps.bmkg.go.id/storage/icon/cuaca/cerah-am.svg,2026-09-21T01:00:00Z
33,33.74,33.74.14,33.74.14.1014,33.74.14.1014,Jawa Tengah,Kota Semarang,Mijen,Pesantren,2026-09-19T12:00:00,2026-09-21 04:00:00,2026-09-21 11:00:00,39-40,34,42,0,30,14.4,NE,66,SW,,,1,Cerah,Sunny,https://api-apps.bmkg.go.id/storage/icon/cuaca/cerah-am.svg,2026-09-21T04:00:00Z
33,33.74,33.74.14,33.74.14.1014,33.74.14.1014,Jawa Tengah,Kota Semarang,Mijen,Pesantren,2026-09-19T12:00:00,2026-09-21 07:00:00,2026-09-21 14:00:00,42-43,31,63,0.2,42,8.9,NW,348,SE,,,1,Cerah,Sunny,https://api-apps.bmkg.go.id/storage/icon/cuaca/cerah-am.svg,2026-09-21T07:00:00Z
33,33.74,33.74.14,33.74.14.1014,33.74.14.1014,Jawa Tengah,Kota Semarang,Mijen,Pesantren,2026-09-19T12:00:00,2026-09-21 10:00:00,2026-09-21 17:00:00,45-46,28,79,0.1,20,10.1,SW,268,NE,,,1,Cerah,Sunny,https://api-apps.bmkg.go.id/storage/icon/cuaca/cerah-am.svg,2026-09-21T10:00:00Z
33,33.74,33.74.14,33.74.14.1014,33.74.14.1014,Jawa Tengah,Kota Semarang,Mijen,Pesantren,2026-09-19T12:00:00,2026-09-21 13:00:00,2026-09-21 20:00:00,48-49,26,80,0,24,7.6,SE,142,NW,,,1,Cerah,Sunny,https://api-apps.bmkg.go.id/storage/icon/cuaca/cerah-pm.svg,2026-09-21T13:00:00Z
33,33.74,33.74.14,33.74.14.1014,33.74.14.1014,Jawa Tengah,Kota Semarang,Mijen,Pesantren,2026-09-19T12:00:00,2026-09-21 16:00:00,2026-09-21 23:00:00,51-52,25,85,0,18,5.7,SE,170,NW,,,1,Cerah,Sunny,https://api-apps.bmkg.go.id/storage/icon/cuaca/cerah-pm.svg,2026-09-21T16:00:00Z
33,33.74,33.74.15,33.74.15.1001,33.74.15.1001,Jawa Tengah,Kota Semarang,Ngaliyan,Gondoriyo,2026-09-19T12:00:00,2026-09-19 15:00:00,2026-09-19 22:00:00,2-3,26,72,0,0,5.9,SE,158,NW,,,0,Cerah,Sunny,https://api-apps.bmkg.go.id/storage/icon/cuaca/cerah-pm.svg,2026-09-19T15:00:00Z
33,33.74,33.74.15,33.74.15.1001,33.74.15.1001,Jawa Tengah,Kota Semarang,Ngaliyan,Gondoriyo,2026-09-19T12:00:00,2026-09-19 18:00:00,2026-09-20 01:00:00,5-6,24,71,0,0,5,SE,177,NW,,,0,Cerah,Sunny,https://api-apps.bmkg.go.id/storage/icon/cuaca/cerah-pm.svg,2026-09-19T18:00:00Z
33,33.74,33.74.15,33.74.15.1001,33.74.15.1001,Jawa Tengah,Kota Semarang,Ngaliyan,Gondoriyo,2026-09-19T12:00:00,2026-09-19 21:00:00,2026-09-20 04:00:00,8-9,24,74,0,0,5.4,SE,157,NW,,,0,Cerah,Sunny,https://api-apps.bmkg.go.id/storage/icon/cuaca/cerah-pm.svg,2026-09-19T21:00:00Z
33,33.74,33.74.15,33.74.15.1001,33.74.15.1001,Jawa Tengah,Kota Semarang,Ngaliyan,Gondoriyo,2026-09-19T12:00:00,2026-09-20 00:00:00,2026-09-20 07:00:00,11-12,29,54,0,4,5.6,E,132,W,,,0,Cerah,Sunny,https://api-apps.bmkg.go.id/storage/icon/cuaca/cerah-am.svg,2026-09-20T00:00:00Z
33,33.74,33.74.15,33.74.15.1001,33.74.15.1001,Jawa Tengah,Kota Semarang,Ngaliyan,Gondoriyo,2026-09-19T12:00:00,2026-09-20 03:00:00,2026-09-20 10:00:00,14-15,33,45,0,2,10.5,NE,77,SW,,,0,Cerah,Sunny,https://api-apps.bmkg.go.id/storage/icon/cuaca/cerah-am.svg,2026-09-20T03:00:00Z
33,33.74,33.74.15,33.74.15.1001,33.74.15.1001,Jawa Tengah,Kota Semarang,Ngaliyan,Gondoriyo,2026-09-19T12:00:00,2026-09-20 06:00:00,2026-09-20 13:00:00,17-18,33,48,0.1,13,11.2,N,13,S,,,1,Cerah,Sunny,https://api-apps.bmkg.go.id/storage/icon/cuaca/cerah-am.svg,2026-09-20T06:00:00Z
33,33.74,33.74.15,33.74.15.1001,33.74.15.1001,Jawa Tengah,Kota Semarang,Ngaliyan,Gondoriyo,2026-09-19T12:00:00,2026-09-20 09:00:00,2026-09-20 16:00:00,20-21,28,73,0,15,12.7,NW,359,SE,,,1,Cerah,Sunny,https://api-apps.bmkg.go.id/storage/icon/cuaca/cerah-am.svg,2026-09-20T09:00:00Z
33,33.74,33.74.15,33.74.15.1001,33.74.15.1001,Jawa Tengah,Kota Semarang,Ngaliyan,Gondoriyo,2026-09-19T12:00:00,2026-09-20 12:00:00,2026-09-20 19:00:00,23-24,27,77,0.1,5,7.2,SW,269,NE,,,0,Cerah,Sunny,https://api-apps.bmkg.go.id/storage/icon/cuaca/cerah-pm.svg,2026-09-20T12:00:00Z
33,33.74,33.74.15,33.74.15.1001,33.74.15.1001,Jawa Tengah,Kota Semarang,Ngaliyan,Gondoriyo,2026-09-19T12:00:00,2026-09-20 15:00:00,2026-09-20 22:00:00,26-27,26,81,0,0,8.9,SE,142,NW,,,0,Cerah,Sunny,https://api-apps.bmkg.go.id/storage/icon/cuaca/cerah-pm.svg,2026-09-20T15:00:00Z
33,33.74,33.74.15,33.74.15.1001,33.74.15.1001,Jawa Tengah,Kota Semarang,Ngaliyan,Gondoriyo,2026-09-19T12:00:00,2026-09-20 18:00:00,2026-09-21 01:00:00,29-30,25,85,0,0,6,SE,146,NW,,,0,Cerah,Sunny,https://api-apps.bmkg.go.id/storage/icon/cuaca/cerah-pm.svg,2026-09-20T18:00:00Z
33,33.74,33.74.15,33.74.15.1001,33.74.15.1001,Jawa Tengah,Kota Semarang,Ngaliyan,Gondoriyo,2026-09-19T12:00:00,2026-09-20 21:00:00,2026-09-21 04:00:00,32-33,24,76,0,0,7.5,SE,136,NW,,,0,Cerah,Sunny,https://api-apps.bmkg.go.id/storage/icon/cuaca/cerah-pm.svg,2026-09-20T21:00:00Z
33,33.74,33.74.15,33.74.15.1001,33.74.15.1001,Jawa Tengah,Kota Semarang,Ngaliyan,Gondoriyo,2026-09-19T12:00:00,2026-09-21 00:00:00,2026-09-21 07:00:00,35-36,29,57,0,0,8.8,E,125,W,,,0,Cerah,Sunny,https://api-apps.bmkg.go.id/storage/icon/cuaca/cerah-am.svg,2026-09-21T00:00:00Z
33,33.74,33.74.15,33.74.15.1001,33.74.15.1001,Jawa Tengah,Kota Semarang,Ngaliyan,Gondoriyo,2026-09-19T12:00:00,2026-09-21 03:00:00,2026-09-21 10:00:00,38-39,33,42,0,30,15.7,E,98,W,,,1,Cerah,Sunny,https://api-apps.bmkg.go.id/storage/icon/cuaca/cerah-am.svg,2026-09-21T03:00:00Z
33,33.74,33.74.15,33.74.15.1001,33.74.15.1001,Jawa Tengah,Kota Semarang,Ngaliyan,Gondoriyo,2026-09-19T12:00:00,2026-09-21 06:00:00,2026-09-21 13:00:00,41-42,33,50,0.1,16,14.4,NE,66,SW,,,1,Cerah,Sunny,https://api-apps.bmkg.go.id/storage/icon/cuaca/cerah-am.svg,2026-09-21T06:00:00Z
33,33.74,33.74.15,33.74.15.1001,33.74.15.1001,Jawa Tengah,Kota Semarang,Ngaliyan,Gondoriyo,2026-09-19T12:00:00,2026-09-21 09:00:00,2026-09-21 16:00:00,44-45,29,73,0.1,41,8.9,NW,348,SE,,,1,Cerah,Sunny,https://api-apps.bmkg.go.id/storage/icon/cuaca/cerah-am.svg,2026-09-21T09:00:00Z
33,33.74,33.74.15,33.74.15.1001,33.74.15.1001,Jawa Tengah,Kota Semarang,Ngaliyan,Gondoriyo,2026-09-19T12:00:00,2026-09-21 12:00:00,2026-09-21 19:00:00,47-48,27,77,0,19,10.1,SW,268,NE,,,1,Cerah,Sunny,https://api-apps.bmkg.go.id/storage/icon/cuaca/cerah-pm.svg,2026-09-21T12:00:00Z
33,33.74,33.74.15,33.74.15.1001,33.74.15.1001,Jawa Tengah,Kota Semarang,Ngaliyan,Gondoriyo,2026-09-19T12:00:00,2026-09-21 15:00:00,2026-09-21 22:00:00,50-51,26,81,0,24,7.6,SE,142,NW,,,1,Cerah,Sunny,https://api-apps.bmkg.go.id/storage/icon/cuaca/cerah-pm.svg,2026-09-21T15:00:00Z
33,33.74,33.74.15,33.74.15.1002,33.74.15.1002,Jawa Tengah,Kota Semarang,Ngaliyan,Podorejo,2026-09-19T12:00:00,2026-09-19 16:00:00,2026-09-19 23:00:00,3-4,25,72,0,4,5,SE,177,NW,,,0,Cerah,Sunny,https://api-apps.bmkg.go.id/storage/icon/cuaca/cerah-pm.svg,2026-09-19T16:00:00Z
33,33.74,33.74.15,33.74.15.1002,33.74.15.1002,Jawa Tengah,Kota Semarang,Ngaliyan,Podorejo,2026-09-19T12:00:00,2026-09-19 19:00:00,2026-09-20 02:00:00,6-7,24,71,0,0,5.4,SE,157,NW,,,0,Cerah,Sunny,https://api-apps.bmkg.go.id/storage/icon/cuaca/cerah-pm.svg,2026-09-19T19:00:00Z
33,33.74,33.74.15,33.74.15.1002,33.74.15.1002,Jawa Tengah,Kota Semarang,Ngaliyan,Podorejo,2026-09-19T12:00:00,2026-09-19 22:00:00,2026-09-20 05:00:00,9-10,24,73,0,0,5.6,E,132,W,,,0,Cerah,Sunny,https://api-apps.bmkg.go.id/storage/icon/cuaca/cerah-pm.svg,2026-09-19T22:00:00Z
33,33.74,33.74.15,33.74.15.1002,33.74.15.1002,Jawa Tengah,Kota Semarang,Ngaliyan,Podorejo,2026-09-19T12:00:00,2026-09-20 01:00:00,2026-09-20 08:00:00,12-13,30,51,0,7,10.5,NE,77,SW,,,0,Cerah,Sunny,https://api-apps.bmkg.go.id/storage/icon/cuaca/cerah-am.svg,2026-09-20T01:00:00Z
33,33.74,33.74.15,33.74.15.1002,33.74.15.1002,Jawa Tengah,Kota Semarang,Ngaliyan,Podorejo,2026-09-19T12:00:00,2026-09-20 04:00:00,2026-09-20 11:00:00,15-16,34,44,0,4,11.2,N,13,S,,,0,Cerah,Sunny,https://api-apps.bmkg.go.id/storage/icon/cuaca/cerah-am.svg,2026-09-20T04:00:00Z
33,33.74,33.74.15,33.74.15.1002,33.74.15.1002,Jawa Tengah,Kota Semarang,Ngaliyan,Podorejo,2026-09-19T12:00:00,2026-09-20 07:00:00,2026-09-20 14:00:00,18-19,32,54,0.1,8,12.7,NW,359,SE,,,0,Cerah,Sunny,https://api-apps.bmkg.go.id/storage/icon/cuaca/cerah-am.svg,2026-09-20T07:00:00Z
33,33.74,33.74.15,33.74.15.1002,33.74.15.1002,Jawa Tengah,Kota Semarang,Ngaliyan,Podorejo,2026-09-19T12:00:00,2026-09-20 10:00:00,2026-09-20 17:00:00,21-22,28,76,0,11,7.2,SW,269,NE,,,1,Cerah,Sunny,https://api-apps.bmkg.go.id/storage/icon/cuaca/cerah-am.svg,2026-09-20T10:00:00Z
33,33.74,33.74.15,33.74.15.1002,33.74.15.1002,Jawa Tengah,Kota Semarang,Ngaliyan,Podorejo,2026-09-19T12:00:00,2026-09-20 13:00:00,2026-09-20 20:00:00,24-25,27,76,0.1,4,8.9,SE,142,NW,,,0,Cerah,Sunny,https://api-apps.bmkg.go.id/storage/icon/cuaca/cerah-pm.svg,2026-09-20T13:00:00Z
33,33.74,33.74.15,33.74.15.1002,33.74.15.1002,Jawa Tengah,Kota Semarang,Ngaliyan,Podorejo,2026-09-19T12:00:00,2026-09-20 16:00:00,2026-09-20 23:00:00,27-28,26,84,0,0,6,SE,146,NW,,,0,Cerah,Sunny,https://api-apps.bmkg.go.id/storage/icon/cuaca/cerah-pm.svg,2026-09-20T16:00:00Z
33,33.74,33.74.15,33.74.15.1002,33.74.15.1002,Jawa Tengah,Kota Semarang,Ngaliyan,Podorejo,2026-09-19T12:00:00,2026-09-20 19:00:00,2026-09-21 02:00:00,30-31,25,83,0,0,7.5,SE,136,NW,,,0,Cerah,Sunny,https://api-apps.bmkg.go.id/storage/icon/cuaca/cerah-pm.svg,2026-09-20T19:00:00Z
33,33.74,33.74.15,33.74.15.1002,33.74.15.1002,Jawa Tengah,Kota Semarang,Ngaliyan,Podorejo,2026-09-19T12:00:00,2026-09-20 22:00:00,2026-09-21 05:00:00,33-34,25,74,0,0,8.8,E,125,W,,,0,Cerah,Sunny,https://api-apps.bmkg.go.id/storage/icon/cuaca/cerah-pm.svg,2026-09-20T22:00:00Z
33,33.74,33.74.15,33.74.15.1002,33.74.15.1002,Jawa Tengah,Kota Semarang,Ngaliyan,Podorejo,2026-09-19T12:00:00,2026-09-21 01:00:00,2026-09-21 08:00:00,36-37,30,52,0,0,15.7,E,98,W,,,0,Cerah,Sunny,https://api-apps.bmkg.go.id/storage/icon/cuaca/cerah-am.svg,2026-09-21T01:00:00Z
33,33.74,33.74.15,33.74.15.1002,33.74.15.1002,Jawa Tengah,Kota Semarang,Ngaliyan,Podorejo,2026-09-19T12:00:00,2026-09-21 04:00:00,2026-09-21 11:00:00,39-40,34,41,0,29,14.4,NE,66,SW,,,1,Cerah,Sunny,https://api-apps.bmkg.go.id/storage/icon/cuaca/cerah-am.svg,2026-09-21T04:00:00Z
33,33.74,33.74.15,33.74.15.1002,33.74.15.1002,Jawa Tengah,Kota Semarang,Ngaliyan,Podorejo,2026-09-19T12:00:00,2026-09-21 07:00:00,2026-09-21 14:00:00,42-43,31,64,0.1,40,8.9,NW,348,SE,,,1,Cerah,Sunny,https://api-apps.bmkg.go.id/storage/icon/cuaca/cerah-am.svg,2026-09-21T07:00:00Z
33,33.74,33.74.15,33.74.15.1002,33.74.15.1002,Jawa Tengah,Kota Semarang,Ngaliyan,Podorejo,2026-09-19T12:00:00,2026-09-21 10:00:00,2026-09-21 17:00:00,45-46,28,77,0.1,20,10.1,SW,268,NE,,,1,Cerah,Sunny,https://api-apps.bmkg.go.id/storage/icon/cuaca/cerah-am.svg,2026-09-21T10:00:00Z
33,33.74,33.74.15,33.74.15.1002,33.74.15.1002,Jawa Tengah,Kota Semarang,Ngaliyan,Podorejo,2026-09-19T12:00:00,2026-09-21 13:00:00,2026-09-21 20:00:00,48-49,27,77,0,24,7.6,SE,142,NW,,,1,Cerah,Sunny,https://api-apps.bmkg.go.id/storage/icon/cuaca/cerah-pm.svg,2026-09-21T13:00:00Z
33,33.74,33.74.15,33.74.15.1002,33.74.15.1002,Jawa Tengah,Kota Semarang,Ngaliyan,Podorejo,2026-09-19T12:00:00,2026-09-21 16:00:00,2026-09-21 23:00:00,51-52,26,83,0,21,5.7,SE,170,NW,,,1,Cerah,Sunny,https://api-apps.bmkg.go.id/storage/icon/cuaca/cerah-pm.svg,2026-09-21T16:00:00Z
33,33.74,33.74.15,33.74.15.1003,33.74.15.1003,Jawa Tengah,Kota Semarang,Ngaliyan,Bringin,2026-09-19T12:00:00,2026-09-19 16:00:00,2026-09-19 23:00:00,3-4,25,74,0,10,5,SE,177,NW,,,1,Cerah,Sunny,https://api-apps.bmkg.go.id/storage/icon/cuaca/cerah-pm.svg,2026-09-19T16:00:00Z
33,33.74,33.74.15,33.74.15.1003,33.74.15.1003,Jawa Tengah,Kota Semarang,Ngaliyan,Bringin,2026-09-19T12:00:00,2026-09-19 19:00:00,2026-09-20 02:00:00,6-7,24,72,0,1,5.4,SE,157,NW,,,0,Cerah,Sunny,https://api-apps.bmkg.go.id/storage/icon/cuaca/cerah-pm.svg,2026-09-19T19:00:00Z
33,33.74,33.74.15,33.74.15.1003,33.74.15.1003,Jawa Tengah,Kota Semarang,Ngaliyan,Bringin,2026-09-19T12:00:00,2026-09-19 22:00:00,2026-09-20 05:00:00,9-10,24,72,0,0,5.6,E,132,W,,,0,Cerah,Sunny,https://api-apps.bmkg.go.id/storage/icon/cuaca/cerah-pm.svg,2026-09-19T22:00:00Z
33,33.74,33.74.15,33.74.15.1003,33.74.15.1003,Jawa Tengah,Kota Semarang,Ngaliyan,Bringin,2026-09-19T12:00:00,2026-09-20 01:00:00,2026-09-20 08:00:00,12-13,30,51,0,5,10.5,NE,77,SW,,,0,Cerah,Sunny,https://api-apps.bmkg.go.id/storage/icon/cuaca/cerah-am.svg,2026-09-20T01:00:00Z
33,33.74,33.74.15,33.74.15.1003,33.74.15.1003,Jawa Tengah,Kota Semarang,Ngaliyan,Bringin,2026-09-19T12:00:00,2026-09-20 04:00:00,2026-09-20 11:00:00,15-16,34,43,0,4,11.2,N,13,S,,,0,Cerah,Sunny,https://api-apps.bmkg.go.id/storage/icon/cuaca/cerah-am.svg,2026-09-20T04:00:00Z
33,33.74,33.74.15,33.74.15.1003,33.74.15.1003,Jawa Tengah,Kota Semarang,Ngaliyan,Bringin,2026-09-19T12:00:00,2026-09-20 07:00:00,2026-09-20 14:00:00,18-19,32,55,0.1,10,12.7,NW,359,SE,,,1,Cerah,Sunny,https://api-apps.bmkg.go.id/storage/icon/cuaca/cerah-am.svg,2026-09-20T07:00:00Z
33,33.74,33.74.15,33.74.15.1003,33.74.15.1003,Jawa Tengah,Kota Semarang,Ngaliyan,Bringin,2026-09-19T12:00:00,2026-09-20 10:00:00,2026-09-20 17:00:00,21-22,28,77,0,9,7.2,SW,269,NE,,,0,Cerah,Sunny,https://api-apps.bmkg.go.id/storage/icon/cuaca/cerah-am.svg,2026-09-20T10:00:00Z
33,33.74,33.74.15,33.74.15.1003,33.74.15.1003,Jawa Tengah,Kota Semarang,Ngaliyan,Bringin,2026-09-19T12:00:00,2026-09-20 13:00:00,2026-09-20 20:00:00,24-25,27,76,0.1,4,8.9,SE,142,NW,,,0,Cerah,Sunny,https://api-apps.bmkg.go.id/storage/icon/cuaca/cerah-pm.svg,2026-09-20T13:00:00Z
33,33.74,33.74.15,33.74.15.1003,33.74.15.1003,Jawa Tengah,Kota Semarang,Ngaliyan,Bringin,2026-09-19T12:00:00,2026-09-20 16:00:00,2026-09-20 23:00:00,27-28,26,83,0,0,6,SE,146,NW,,,0,Cerah,Sunny,https://api-apps.bmkg.go.id/storage/icon/cuaca/cerah-pm.svg,2026-09-20T16:00:00Z
33,33.74,33.74.15,33.74.15.1003,33.74.15.1003,Jawa Tengah,Kota Semarang,Ngaliyan,Bringin,2026-09-19T12:00:00,2026-09-20 19:00:00,2026-09-21 02:00:00,30-31,25,82,0,0,7.5,SE,136,NW,,,0,Cerah,Sunny,https://api-apps.bmkg.go.id/storage/icon/cuaca/cerah-pm.svg,2026-09-20T19:00:00Z
33,33.74,33.74.15,33.74.15.1003,33.74.15.1003,Jawa Tengah,Kota Semarang,Ngaliyan,Bringin,2026-09-19T12:00:00,2026-09-20 22:00:00,2026-09-21 05:00:00,33-34,25,73,0,0,8.8,E,125,W,,,0,Cerah,Sunny,https://api-apps.bmkg.go.id/storage/icon/cuaca/cerah-pm.svg,2026-09-20T22:00:00Z
33,33.74,33.74.15,33.74.15.1003,33.74.15.1003,Jawa Tengah,Kota Semarang,Ngaliyan,Bringin,2026-09-19T12:00:00,2026-09-21 01:00:00,2026-09-21 08:00:00,36-37,30,52,0,0,15.7,E,98,W,,,0,Cerah,Sunny,https://api-apps.bmkg.go.id/storage/icon/cuaca/cerah-am.svg,2026-09-21T01:00:00Z
33,33.74,33.74.15,33.74.15.1003,33.74.15.1003,Jawa Tengah,Kota Semarang,Ngaliyan,Bringin,2026-09-19T12:00:00,2026-09-21 04:00:00,2026-09-21 11:00:00,39-40,34,41,0,30,14.4,NE,66,SW,,,1,Cerah,Sunny,https://api-apps.bmkg.go.id/storage/icon/cuaca/cerah-am.svg,2026-09-21T04:00:00Z
33,33.74,33.74.15,33.74.15.1003,33.74.15.1003,Jawa Tengah,Kota Semarang,Ngaliyan,Bringin,2026-09-19T12:00:00,2026-09-21 07:00:00,2026-09-21 14:00:00,42-43,31,63,0.1,36,8.9,NW,348,SE,,,1,Cerah,Sunny,https://api-apps.bmkg.go.id/storage/icon/cuaca/cerah-am.svg,2026-09-21T07:00:00Z
33,33.74,33.74.15,33.74.15.1003,33.74.15.1003,Jawa Tengah,Kota Semarang,Ngaliyan,Bringin,2026-09-19T12:00:00,2026-09-21 10:00:00,2026-09-21 17:00:00,45-46,28,76,0.1,18,10.1,SW,268,NE,,,1,Cerah,Sunny,https://api-apps.bmkg.go.id/storage/icon/cuaca/cerah-am.svg,2026-09-21T10:00:00Z
33,33.74,33.74.15,33.74.15.1003,33.74.15.1003,Jawa Tengah,Kota Semarang,Ngaliyan,Bringin,2026-09-19T12:00:00,2026-09-21 13:00:00,2026-09-21 20:00:00,48-49,27,77,0,24,7.6,SE,142,NW,,,1,Cerah,Sunny,https://api-apps.bmkg.go.id/storage/icon/cuaca/cerah-pm.svg,2026-09-21T13:00:00Z
33,33.74,33.74.15,33.74.15.1003,33.74.15.1003,Jawa Tengah,Kota Semarang,Ngaliyan,Bringin,2026-09-19T12:00:00,2026-09-21 16:00:00,2026-09-21 23:00:00,51-52,26,81,0,18,5.7,SE,170,NW,,,1,Cerah,Sunny,https://api-apps.bmkg.go.id/storage/icon/cuaca/cerah-pm.svg,2026-09-21T16:00:00Z
33,33.74,33.74.15,33.74.15.1004,33.74.15.1004,Jawa Tengah,Kota Semarang,Ngaliyan,Purwoyoso,2026-09-19T12:00:00,2026-09-19 16:00:00,2026-09-19 23:00:00,3-4,25,76,0,17,4.7,SE,159,NW,,,1,Cerah,Sunny,https://api-apps.bmkg.go.id/storage/icon/cuaca/cerah-pm.svg,2026-09-19T16:00:00Z
33,33.74,33.74.15,33.74.15.1004,33.74.15.1004,Jawa Tengah,Kota Semarang,Ngaliyan,Purwoyoso,2026-09-19T12:00:00,2026-09-19 19:00:00,2026-09-20 02:00:00,6-7,24,74,0,1,7,SE,142,NW,,,0,Cerah,Sunny,https://api-apps.bmkg.go.id/storage/icon/cuaca/cerah-pm.svg,2026-09-19T19:00:00Z
33,33.74,33.74.15,33.74.15.1004,33.74.15.1004,Jawa Tengah,Kota Semarang,Ngaliyan,Purwoyoso,2026-09-19T12:00:00,2026-09-19 22:00:00,2026-09-20 05:00:00,9-10,24,72,0,0,8.3,E,130,W,,,0,Cerah,Sunny,https://api-apps.bmkg.go.id/storage/icon/cuaca/cerah-pm.svg,2026-09-19T22:00:00Z
33,33.74,33.74.15,33.74.15.1004,33.74.15.1004,Jawa Tengah,Kota Semarang,Ngaliyan,Purwoyoso,2026-09-19T12:00:00,2026-09-20 01:00:00,2026-09-20 08:00:00,12-13,30,51,0,3,12.7,E,108,W,,,0,Cerah,Sunny,https://api-apps.bmkg.go.id/storage/icon/cuaca/cerah-am.svg,2026-09-20T01:00:00Z
33,33.74,33.74.15,33.74.15.1004,33.74.15.1004,Jawa Tengah,Kota Semarang,Ngaliyan,Purwoyoso,2026-09-19T12:00:00,2026-09-20 04:00:00,2026-09-20 11:00:00,15-16,34,42,0,4,8.9,NE,61,SW,,,0,Cerah,Sunny,https://api-apps.bmkg.go.id/storage/icon/cuaca/cerah-am.svg,2026-09-20T04:00:00Z
33,33.74,33.74.15,33.74.15.1004,33.74.15.1004,Jawa Tengah,Kota Semarang,Ngaliyan,Purwoyoso,2026-09-19T12:00:00,2026-09-20 07:00:00,2026-09-20 14:00:00,18-19,32,55,0.1,13,12.6,NW,345,SE,,,1,Cerah,Sunny,https://api-apps.bmkg.go.id/storage/icon/cuaca/cerah-am.svg,2026-09-20T07:00:00Z
33,33.74,33.74.15,33.74.15.1004,33.74.15.1004,Jawa Tengah,Kota Semarang,Ngaliyan,Purwoyoso,2026-09-19T12:00:00,2026-09-20 10:00:00,2026-09-20 17:00:00,21-22,28,77,0,8,8,W,285,E,,,0,Cerah,Sunny,https://api-apps.bmkg.go.id/storage/icon/cuaca/cerah-am.svg,2026-09-20T10:00:00Z
33,33.74,33.74.15,33.74.15.1004,33.74.15.1004,Jawa Tengah,Kota Semarang,Ngaliyan,Purwoyoso,2026-09-19T12:00:00,2026-09-20 13:00:00,2026-09-20 20:00:00,24-25,27,76,0.1,4,3.3,SE,149,NW,,,0,Cerah,Sunny,https://api-apps.bmkg.go.id/storage/icon/cuaca/cerah-pm.svg,2026-09-20T13:00:00Z
33,33.74,33.74.15,33.74.15.1004,33.74.15.1004,Jawa Tengah,Kota Semarang,Ngaliyan,Purwoyoso,2026-09-19T12:00:00,2026-09-20 16:00:00,2026-09-20 23:00:00,27-28,26,82,0,0,6.7,E,134,W,,,0,Cerah,Sunny,https://api-apps.bmkg.go.id/storage/icon/cuaca/cerah-pm.svg,2026-09-20T16:00:00Z
33,33.74,33.74.15,33.74.15.1004,33.74.15.1004,Jawa Tengah,Kota Semarang,Ngaliyan,Purwoyoso,2026-09-19T12:00:00,2026-09-20 19:00:00,2026-09-21 02:00:00,30-31,25,81,0,0,9.3,SE,137,NW,,,0,Cerah,Sunny,https://api-apps.bmkg.go.id/storage/icon/cuaca/cerah-pm.svg,2026-09-20T19:00:00Z
33,33.74,33.74.15,33.74.15.1004,33.74.15.1004,Jawa Tengah,Kota Semarang,Ngaliyan,Purwoyoso,2026-09-19T12:00:00,2026-09-20 22:00:00,2026-09-21 05:00:00,33-34,25,72,0,0,13.1,E,134,W,,,0,Cerah,Sunny,https://api-apps.bmkg.go.id/storage/icon/cuaca/cerah-pm.svg,2026-09-20T22:00:00Z
33,33.74,33.74.15,33.74.15.1004,33.74.15.1004,Jawa Tengah,Kota Semarang,Ngaliyan,Purwoyoso,2026-09-19T12:00:00,2026-09-21 01:00:00,2026-09-21 08:00:00,36-37,30,52,0,0,16.1,E,117,W,,,0,Cerah,Sunny,https://api-apps.bmkg.go.id/storage/icon/cuaca/cerah-am.svg,2026-09-21T01:00:00Z
33,33.74,33.74.15,33.74.15.1004,33.74.15.1004,Jawa Tengah,Kota Semarang,Ngaliyan,Purwoyoso,2026-09-19T12:00:00,2026-09-21 04:00:00,2026-09-21 11:00:00,39-40,34,40,0,30,12.6,E,97,W,,,1,Cerah,Sunny,https://api-apps.bmkg.go.id/storage/icon/cuaca/cerah-am.svg,2026-09-21T04:00:00Z
33,33.74,33.74.15,33.74.15.1004,33.74.15.1004,Jawa Tengah,Kota Semarang,Ngaliyan,Purwoyoso,2026-09-19T12:00:00,2026-09-21 07:00:00,2026-09-21 14:00:00,42-43,31,62,0.1,31,11.1,NW,331,SE,,,1,Cerah,Sunny,https://api-apps.bmkg.go.id/storage/icon/cuaca/cerah-am.svg,2026-09-21T07:00:00Z
33,33.74,33.74.15,33.74.15.1004,33.74.15.1004,Jawa Tengah,Kota Semarang,Ngaliyan,Purwoyoso,2026-09-19T12:00:00,2026-09-21 10:00:00,2026-09-21 17:00:00,45-46,29,74,0.1,17,10.8,W,281,E,,,1,Cerah,Sunny,https://api-apps.bmkg.go.id/storage/icon/cuaca/cerah-am.svg,2026-09-21T10:00:00Z
33,33.74,33.74.15,33.74.15.1004,33.74.15.1004,Jawa Tengah,Kota Semarang,Ngaliyan,Purwoyoso,2026-09-19T12:00:00,2026-09-21 13:00:00,2026-09-21 20:00:00,48-49,27,78,0,25,6.7,E,98,W,,,1,Cerah,Sunny,https://api-apps.bmkg.go.id/storage/icon/cuaca/cerah-pm.svg,2026-09-21T13:00:00Z
33,33.74,33.74.15,33.74.15.1004,33.74.15.1004,Jawa Tengah,Kota Semarang,Ngaliyan,Purwoyoso,2026-09-19T12:00:00,2026-09-21 16:00:00,2026-09-21 23:00:00,51-52,26,80,0,14,6.7,SE,139,NW,,,1,Cerah,Sunny,https://api-apps.bmkg.go.id/storage/icon/cuaca/cerah-pm.svg,2026-09-21T16:00:00Z
33,33.74,33.74.15,33.74.15.1005,33.74.15.1005,Jawa Tengah,Kota Semarang,Ngaliyan,Kalipancur,2026-09-19T12:00:00,2026-09-19 16:00:00,2026-09-19 23:00:00,3-4,25,78,0,24,4.7,SE,159,NW,,,1,Cerah,Sunny,https://api-apps.bmkg.go.id/storage/icon/cuaca/cerah-pm.svg,2026-09-19T16:00:00Z
33,33.74,33.74.15,33.74.15.1005,33.74.15.1005,Jawa Tengah,Kota Semarang,Ngaliyan,Kalipancur,2026-09-19T12:00:00,2026-09-19 19:00:00,2026-09-20 02:00:00,6-7,24,76,0,1,7,SE,142,NW,,,0,Cerah,Sunny,https://api-apps.bmkg.go.id/storage/icon/cuaca/cerah-pm.svg,2026-09-19T19:00:00Z
33,33.74,33.74.15,33.74.15.1005,33.74.15.1005,Jawa Tengah,Kota Semarang,Ngaliyan,Kalipancur,2026-09-19T12:00:00,2026-09-19 22:00:00,2026-09-20 05:00:00,9-10,25,71,0,0,8.3,E,130,W,,,0,Cerah,Sunny,https://api-apps.bmkg.go.id/storage/icon/cuaca/cerah-pm.svg,2026-09-19T22:00:00Z
33,33.74,33.74.15,33.74.15.1005,33.74.15.1005,Jawa Tengah,Kota Semarang,Ngaliyan,Kalipancur,2026-09-19T12:00:00,2026-09-20 01:00:00,2026-09-20 08:00:00,12-13,30,51,0,1,12.7,E,108,W,,,0,Cerah,Sunny,https://api-apps.bmkg.go.id/storage/icon/cuaca/cerah-am.svg,2026-09-20T01:00:00Z
33,33.74,33.74.15,33.74.15.1005,33.74.15.1005,Jawa Tengah,Kota Semarang,Ngaliyan,Kalipancur,2026-09-19T12:00:00,2026-09-20 04:00:00,2026-09-20 11:00:00,15-16,34,41,0,3,8.9,NE,61,SW,,,0,Cerah,Sunny,https://api-apps.bmkg.go.id/storage/icon/cuaca/cerah-am.svg,2026-09-20T04:00:00Z
33,33.74,33.74.15,33.74.15.1005,33.74.15.1005,Jawa Tengah,Kota Semarang,Ngaliyan,Kalipancur,2026-09-19T12:00:00,2026-09-20 07:00:00,2026-09-20 14:00:00,18-19,32,56,0.1,16,12.6,NW,345,SE,,,1,Cerah,Sunny,https://api-apps.bmkg.go.id/storage/icon/cuaca/cerah-am.svg,2026-09-20T07:00:00Z
33,33.74,33.74.15,33.74.15.1005,33.74.15.1005,Jawa Tengah,Kota Semarang,Ngaliyan,Kalipancur,2026-09-19T12:00:00,2026-09-20 10:00:00,2026-09-20 17:00:00,21-22,28,78,0,8,8,W,285,E,,,0,Cerah,Sunny,https://api-apps.bmkg.go.id/storage/icon/cuaca/cerah-am.svg,2026-09-20T10:00:00Z
33,33.74,33.74.15,33.74.15.1005,33.74.15.1005,Jawa Tengah,Kota Semarang,Ngaliyan,Kalipancur,2026-09-19T12:00:00,2026-09-20 13:00:00,2026-09-20 20:00:00,24-25,27,76,0.2,5,3.3,SE,149,NW,,,0,Cerah,Sunny,https://api-apps.bmkg.go.id/storage/icon/cuaca/cerah-pm.svg,2026-09-20T13:00:00Z
33,33.74,33.74.15,33.74.15.1005,33.74.15.1005,Jawa Tengah,Kota Semarang,Ngaliyan,Kalipancur,2026-09-19T12:00:00,2026-09-20 16:00:00,2026-09-20 23:00:00,27-28,26,81,0,0,6.7,E,134,W,,,0,Cerah,Sunny,https://api-apps.bmkg.go.id/storage/icon/cuaca/cerah-pm.svg,2026-09-20T16:00:00Z
33,33.74,33.74.15,33.74.15.1005,33.74.15.1005,Jawa Tengah,Kota Semarang,Ngaliyan,Kalipancur,2026-09-19T12:00:00,2026-09-20 19:00:00,2026-09-21 02:00:00,30-31,25,80,0,0,9.3,SE,137,NW,,,0,Cerah,Sunny,https://api-apps.bmkg.go.id/storage/icon/cuaca/cerah-pm.svg,2026-09-20T19:00:00Z
33,33.74,33.74.15,33.74.15.1005,33.74.15.1005,Jawa Tengah,Kota Semarang,Ngaliyan,Kalipancur,2026-09-19T12:00:00,2026-09-20 22:00:00,2026-09-21 05:00:00,33-34,25,71,0,0,13.1,E,134,W,,,0,Cerah,Sunny,https://api-apps.bmkg.go.id/storage/icon/cuaca/cerah-pm.svg,2026-09-20T22:00:00Z
33,33.74,33.74.15,33.74.15.1005,33.74.15.1005,Jawa Tengah,Kota Semarang,Ngaliyan,Kalipancur,2026-09-19T12:00:00,2026-09-21 01:00:00,2026-09-21 08:00:00,36-37,30,53,0,0,16.1,E,117,W,,,0,Cerah,Sunny,https://api-apps.bmkg.go.id/storage/icon/cuaca/cerah-am.svg,2026-09-21T01:00:00Z
33,33.74,33.74.15,33.74.15.1005,33.74.15.1005,Jawa Tengah,Kota Semarang,Ngaliyan,Kalipancur,2026-09-19T12:00:00,2026-09-21 04:00:00,2026-09-21 11:00:00,39-40,34,40,0,30,12.6,E,97,W,,,1,Cerah,Sunny,https://api-apps.bmkg.go.id/storage/icon/cuaca/cerah-am.svg,2026-09-21T04:00:00Z
33,33.74,33.74.15,33.74.15.1005,33.74.15.1005,Jawa Tengah,Kota Semarang,Ngaliyan,Kalipancur,2026-09-19T12:00:00,2026-09-21 07:00:00,2026-09-21 14:00:00,42-43,32,62,0.1,27,11.1,NW,331,SE,,,1,Cerah,Sunny,https://api-apps.bmkg.go.id/storage/icon/cuaca/cerah-am.svg,2026-09-21T07:00:00Z
33,33.74,33.74.15,33.74.15.1005,33.74.15.1005,Jawa Tengah,Kota Semarang,Ngaliyan,Kalipancur,2026-09-19T12:00:00,2026-09-21 10:00:00,2026-09-21 17:00:00,45-46,29,73,0.1,15,10.8,W,281,E,,,1,Cerah,Sunny,https://api-apps.bmkg.go.id/storage/icon/cuaca/cerah-am.svg,2026-09-21T10:00:00Z
33,33.74,33.74.15,33.74.15.1005,33.74.15.1005,Jawa Tengah,Kota Semarang,Ngaliyan,Kalipancur,2026-09-19T12:00:00,2026-09-21 13:00:00,2026-09-21 20:00:00,48-49,27,78,0,26,6.7,E,98,W,,,1,Cerah,Sunny,https://api-apps.bmkg.go.id/storage/icon/cuaca/cerah-pm.svg,2026-09-21T13:00:00Z
33,33.74,33.74.15,33.74.15.1005,33.74.15.1005,Jawa Tengah,Kota Semarang,Ngaliyan,Kalipancur,2026-09-19T12:00:00,2026-09-21 16:00:00,2026-09-21 23:00:00,51-52,26,78,0,10,6.7,SE,139,NW,,,1,Cerah,Sunny,https://api-apps.bmkg.go.id/storage/icon/cuaca/cerah-pm.svg,2026-09-21T16:00:00Z
33,33.74,33.74.15,33.74.15.1006,33.74.15.1006,Jawa Tengah,Kota Semarang,Ngaliyan,Bambankerep,2026-09-19T12:00:00,2026-09-19 16:00:00,2026-09-19 23:00:00,3-4,25,79,0,20,4.7,SE,159,NW,,,1,Cerah,Sunny,https://api-apps.bmkg.go.id/storage/icon/cuaca/cerah-pm.svg,2026-09-19T16:00:00Z
33,33.74,33.74.15,33.74.15.1006,33.74.15.1006,Jawa Tengah,Kota Semarang,Ngaliyan,Bambankerep,2026-09-19T12:00:00,2026-09-19 19:00:00,2026-09-20 02:00:00,6-7,24,78,0,0,7,SE,142,NW,,,0,Cerah,Sunny,https://api-apps.bmkg.go.id/storage/icon/cuaca/cerah-pm.svg,2026-09-19T19:00:00Z
33,33.74,33.74.15,33.74.15.1006,33.74.15.1006,Jawa Tengah,Kota Semarang,Ngaliyan,Bambankerep,2026-09-19T12:00:00,2026-09-19 22:00:00,2026-09-20 05:00:00,9-10,24,73,0,0,8.3,E,130,W,,,0,Cerah,Sunny,https://api-apps.bmkg.go.id/storage/icon/cuaca/cerah-pm.svg,2026-09-19T22:00:00Z
33,33.74,33.74.15,33.74.15.1006,33.74.15.1006,Jawa Tengah,Kota Semarang,Ngaliyan,Bambankerep,2026-09-19T12:00:00,2026-09-20 01:00:00,2026-09-20 08:00:00,12-13,30,53,0,1,12.7,E,108,W,,,0,Cerah,Sunny,https://api-apps.bmkg.go.id/storage/icon/cuaca/cerah-am.svg,2026-09-20T01:00:00Z
33,33.74,33.74.15,33.74.15.1006,33.74.15.1006,Jawa Tengah,Kota Semarang,Ngaliyan,Bambankerep,2026-09-19T12:00:00,2026-09-20 04:00:00,2026-09-20 11:00:00,15-16,34,43,0.1,6,8.9,NE,61,SW,,,0,Cerah,Sunny,https://api-apps.bmkg.go.id/storage/icon/cuaca/cerah-am.svg,2026-09-20T04:00:00Z
33,33.74,33.74.15,33.74.15.1006,33.74.15.1006,Jawa Tengah,Kota Semarang,Ngaliyan,Bambankerep,2026-09-19T12:00:00,2026-09-20 07:00:00,2026-09-20 14:00:00,18-19,32,56,0.2,17,12.6,NW,345,SE,,,1,Cerah,Sunny,https://api-apps.bmkg.go.id/storage/icon/cuaca/cerah-am.svg,2026-09-20T07:00:00Z
33,33.74,33.74.15,33.74.15.1006,33.74.15.1006,Jawa Tengah,Kota Semarang,Ngaliyan,Bambankerep,2026-09-19T12:00:00,2026-09-20 10:00:00,2026-09-20 17:00:00,21-22,28,79,0,10,8,W,285,E,,,0,Cerah,Sunny,https://api-apps.bmkg.go.id/storage/icon/cuaca/cerah-am.svg,2026-09-20T10:00:00Z
33,33.74,33.74.15,33.74.15.1006,33.74.15.1006,Jawa Tengah,Kota Semarang,Ngaliyan,Bambankerep,2026-09-19T12:00:00,2026-09-20 13:00:00,2026-09-20 20:00:00,24-25,26,80,0.2,7,3.3,SE,149,NW,,,0,Cerah,Sunny,https://api-apps.bmkg.go.id/storage/icon/cuaca/cerah-pm.svg,2026-09-20T13:00:00Z
33,33.74,33.74.15,33.74.15.1006,33.74.15.1006,Jawa Tengah,Kota Semarang,Ngaliyan,Bambankerep,2026-09-19T12:00:00,2026-09-20 16:00:00,2026-09-20 23:00:00,27-28,25,85,0,0,6.7,E,134,W,,,0,Cerah,Sunny,https://api-apps.bmkg.go.id/storage/icon/cuaca/cerah-pm.svg,2026-09-20T16:00:00Z
33,33.74,33.74.15,33.74.15.1006,33.74.15.1006,Jawa Tengah,Kota Semarang,Ngaliyan,Bambankerep,2026-09-19T12:00:00,2026-09-20 19:00:00,2026-09-21 02:00:00,30-31,25,82,0,0,9.3,SE,137,NW,,,0,Cerah,Sunny,https://api-apps.bmkg.go.id/storage/icon/cuaca/cerah-pm.svg,2026-09-20T19:00:00Z
33,33.74,33.74.15,33.74.15.1006,33.74.15.1006,Jawa Tengah,Kota Semarang,Ngaliyan,Bambankerep,2026-09-19T12:00:00,2026-09-20 22:00:00,2026-09-21 05:00:00,33-34,24,74,0,0,13.1,E,134,W,,,0,Cerah,Sunny,https://api-apps.bmkg.go.id/storage/icon/cuaca/cerah-pm.svg,2026-09-20T22:00:00Z
33,33.74,33.74.15,33.74.15.1006,33.74.15.1006,Jawa Tengah,Kota Semarang,Ngaliyan,Bambankerep,2026-09-19T12:00:00,2026-09-21 01:00:00,2026-09-21 08:00:00,36-37,29,54,0,0,16.1,E,117,W,,,0,Cerah,Sunny,https://api-apps.bmkg.go.id/storage/icon/cuaca/cerah-am.svg,2026-09-21T01:00:00Z
33,33.74,33.74.15,33.74.15.1006,33.74.15.1006,Jawa Tengah,Kota Semarang,Ngaliyan,Bambankerep,2026-09-19T12:00:00,2026-09-21 04:00:00,2026-09-21 11:00:00,39-40,34,42,0,30,12.6,E,97,W,,,1,Cerah,Sunny,https://api-apps.bmkg.go.id/storage/icon/cuaca/cerah-am.svg,2026-09-21T04:00:00Z
33,33.74,33.74.15,33.74.15.1006,33.74.15.1006,Jawa Tengah,Kota Semarang,Ngaliyan,Bambankerep,2026-09-19T12:00:00,2026-09-21 07:00:00,2026-09-21 14:00:00,42-43,31,60,0.1,33,11.1,NW,331,SE,,,1,Cerah,Sunny,https://api-apps.bmkg.go.id/storage/icon/cuaca/cerah-am.svg,2026-09-21T07:00:00Z
33,33.74,33.74.15,33.74.15.1006,33.74.15.1006,Jawa Tengah,Kota Semarang,Ngaliyan,Bambankerep,2026-09-19T12:00:00,2026-09-21 10:00:00,2026-09-21 17:00:00,45-46,28,76,0.1,17,10.8,W,281,E,,,1,Cerah,Sunny,https://api-apps.bmkg.go.id/storage/icon/cuaca/cerah-am.svg,2026-09-21T10:00:00Z
33,33.74,33.74.15,33.74.15.1006,33.74.15.1006,Jawa Tengah,Kota Semarang,Ngaliyan,Bambankerep,2026-09-19T12:00:00,2026-09-21 13:00:00,2026-09-21 20:00:00,48-49,26,81,0,26,6.7,E,98,W,,,1,Cerah,Sunny,https://api-apps.bmkg.go.id/storage/icon/cuaca/cerah-pm.svg,2026-09-21T13:00:00Z
33,33.74,33.74.15,33.74.15.1006,33.74.15.1006,Jawa Tengah,Kota Semarang,Ngaliyan,Bambankerep,2026-09-19T12:00:00,2026-09-21 16:00:00,2026-09-21 23:00:00,51-52,25,82,0,12,6.7,SE,139,NW,,,1,Cerah,Sunny,https://api-apps.bmkg.go.id/storage/icon/cuaca/cerah-pm.svg,2026-09-21T16:00:00Z
33,33.74,33.74.15,33.74.15.1007,33.74.15.1007,Jawa Tengah,Kota Semarang,Ngaliyan,Ngaliyan,2026-09-19T12:00:00,2026-09-19 16:00:00,2026-09-19 23:00:00,3-4,25,76,0,17,4.7,SE,159,NW,,,1,Cerah,Sunny,https://api-apps.bmkg.go.id/storage/icon/cuaca/cerah-pm.svg,2026-09-19T16:00:00Z
33,33.74,33.74.15,33.74.15.1007,33.74.15.1007,Jawa Tengah,Kota Semarang,Ngaliyan,Ngaliyan,2026-09-19T12:00:00,2026-09-19 19:00:00,2026-09-20 02:00:00,6-7,24,74,0,1,7,SE,142,NW,,,0,Cerah,Sunny,https://api-apps.bmkg.go.id/storage/icon/cuaca/cerah-pm.svg,2026-09-19T19:00:00Z
33,33.74,33.74.15,33.74.15.1007,33.74.15.1007,Jawa Tengah,Kota Semarang,Ngaliyan,Ngaliyan,2026-09-19T12:00:00,2026-09-19 22:00:00,2026-09-20 05:00:00,9-10,24,72,0,0,8.3,E,130,W,,,0,Cerah,Sunny,https://api-apps.bmkg.go.id/storage/icon/cuaca/cerah-pm.svg,2026-09-19T22:00:00Z
33,33.74,33.74.15,33.74.15.1007,33.74.15.1007,Jawa Tengah,Kota Semarang,Ngaliyan,Ngaliyan,2026-09-19T12:00:00,2026-09-20 01:00:00,2026-09-20 08:00:00,12-13,30,51,0,3,12.7,E,108,W,,,0,Cerah,Sunny,https://api-apps.bmkg.go.id/storage/icon/cuaca/cerah-am.svg,2026-09-20T01:00:00Z
33,33.74,33.74.15,33.74.15.1007,33.74.15.1007,Jawa Tengah,Kota Semarang,Ngaliyan,Ngaliyan,2026-09-19T12:00:00,2026-09-20 04:00:00,2026-09-20 11:00:00,15-16,34,42,0,4,8.9,NE,61,SW,,,0,Cerah,Sunny,https://api-apps.bmkg.go.id/storage/icon/cuaca/cerah-am.svg,2026-09-20T04:00:00Z
33,33.74,33.74.15,33.74.15.1007,33.74.15.1007,Jawa Tengah,Kota Semarang,Ngaliyan,Ngaliyan,2026-09-19T12:00:00,2026-09-20 07:00:00,2026-09-20 14:00:00,18-19,32,55,0.1,13,12.6,NW,345,SE,,,1,Cerah,Sunny,https://api-apps.bmkg.go.id/storage/icon/cuaca/cerah-am.svg,2026-09-20T07:00:00Z
33,33.74,33.74.15,33.74.15.1007,33.74.15.1007,Jawa Tengah,Kota Semarang,Ngaliyan,Ngaliyan,2026-09-19T12:00:00,2026-09-20 10:00:00,2026-09-20 17:00:00,21-22,28,77,0,8,8,W,285,E,,,0,Cerah,Sunny,https://api-apps.bmkg.go.id/storage/icon/cuaca/cerah-am.svg,2026-09-20T10:00:00Z
33,33.74,33.74.15,33.74.15.1007,33.74.15.1007,Jawa Tengah,Kota Semarang,Ngaliyan,Ngaliyan,2026-09-19T12:00:00,2026-09-20 13:00:00,2026-09-20 20:00:00,24-25,27,76,0.1,4,3.3,SE,149,NW,,,0,Cerah,Sunny,https://api-apps.bmkg.go.id/storage/icon/cuaca/cerah-pm.svg,2026-09-20T13:00:00Z
33,33.74,33.74.15,33.74.15.1007,33.74.15.1007,Jawa Tengah,Kota Semarang,Ngaliyan,Ngaliyan,2026-09-19T12:00:00,2026-09-20 16:00:00,2026-09-20 23:00:00,27-28,26,82,0,0,6.7,E,134,W,,,0,Cerah,Sunny,https://api-apps.bmkg.go.id/storage/icon/cuaca/cerah-pm.svg,2026-09-20T16:00:00Z
33,33.74,33.74.15,33.74.15.1007,33.74.15.1007,Jawa Tengah,Kota Semarang,Ngaliyan,Ngaliyan,2026-09-19T12:00:00,2026-09-20 19:00:00,2026-09-21 02:00:00,30-31,25,81,0,0,9.3,SE,137,NW,,,0,Cerah,Sunny,https://api-apps.bmkg.go.id/storage/icon/cuaca/cerah-pm.svg,2026-09-20T19:00:00Z
33,33.74,33.74.15,33.74.15.1007,33.74.15.1007,Jawa Tengah,Kota Semarang,Ngaliyan,Ngaliyan,2026-09-19T12:00:00,2026-09-20 22:00:00,2026-09-21 05:00:00,33-34,25,72,0,0,13.1,E,134,W,,,0,Cerah,Sunny,https://api-apps.bmkg.go.id/storage/icon/cuaca/cerah-pm.svg,2026-09-20T22:00:00Z
33,33.74,33.74.15,33.74.15.1007,33.74.15.1007,Jawa Tengah,Kota Semarang,Ngaliyan,Ngaliyan,2026-09-19T12:00:00,2026-09-21 01:00:00,2026-09-21 08:00:00,36-37,30,52,0,0,16.1,E,117,W,,,0,Cerah,Sunny,https://api-apps.bmkg.go.id/storage/icon/cuaca/cerah-am.svg,2026-09-21T01:00:00Z
33,33.74,33.74.15,33.74.15.1007,33.74.15.1007,Jawa Tengah,Kota Semarang,Ngaliyan,Ngaliyan,2026-09-19T12:00:00,2026-09-21 04:00:00,2026-09-21 11:00:00,39-40,34,40,0,30,12.6,E,97,W,,,1,Cerah,Sunny,https://api-apps.bmkg.go.id/storage/icon/cuaca/cerah-am.svg,2026-09-21T04:00:00Z
33,33.74,33.74.15,33.74.15.1007,33.74.15.1007,Jawa Tengah,Kota Semarang,Ngaliyan,Ngaliyan,2026-09-19T12:00:00,2026-09-21 07:00:00,2026-09-21 14:00:00,42-43,31,62,0.1,31,11.1,NW,331,SE,,,1,Cerah,Sunny,https://api-apps.bmkg.go.id/storage/icon/cuaca/cerah-am.svg,2026-09-21T07:00:00Z
33,33.74,33.74.15,33.74.15.1007,33.74.15.1007,Jawa Tengah,Kota Semarang,Ngaliyan,Ngaliyan,2026-09-19T12:00:00,2026-09-21 10:00:00,2026-09-21 17:00:00,45-46,29,74,0.1,17,10.8,W,281,E,,,1,Cerah,Sunny,https://api-apps.bmkg.go.id/storage/icon/cuaca/cerah-am.svg,2026-09-21T10:00:00Z
33,33.74,33.74.15,33.74.15.1007,33.74.15.1007,Jawa Tengah,Kota Semarang,Ngaliyan,Ngaliyan,2026-09-19T12:00:00,2026-09-21 13:00:00,2026-09-21 20:00:00,48-49,27,78,0,25,6.7,E,98,W,,,1,Cerah,Sunny,https://api-apps.bmkg.go.id/storage/icon/cuaca/cerah-pm.svg,2026-09-21T13:00:00Z
33,33.74,33.74.15,33.74.15.1007,33.74.15.1007,Jawa Tengah,Kota Semarang,Ngaliyan,Ngaliyan,2026-09-19T12:00:00,2026-09-21 16:00:00,2026-09-21 23:00:00,51-52,26,80,0,14,6.7,SE,139,NW,,,1,Cerah,Sunny,https://api-apps.bmkg.go.id/storage/icon/cuaca/cerah-pm.svg,2026-09-21T16:00:00Z
33,33.74,33.74.15,33.74.15.1008,33.74.15.1008,Jawa Tengah,Kota Semarang,Ngaliyan,Tambakaji,2026-09-19T12:00:00,2026-09-19 16:00:00,2026-09-19 23:00:00,3-4,25,76,0,17,4.7,SE,159,NW,,,1,Cerah,Sunny,https://api-apps.bmkg.go.id/storage/icon/cuaca/cerah-pm.svg,2026-09-19T16:00:00Z
33,33.74,33.74.15,33.74.15.1008,33.74.15.1008,Jawa Tengah,Kota Semarang,Ngaliyan,Tambakaji,2026-09-19T12:00:00,2026-09-19 19:00:00,2026-09-20 02:00:00,6-7,24,74,0,1,7,SE,142,NW,,,0,Cerah,Sunny,https://api-apps.bmkg.go.id/storage/icon/cuaca/cerah-pm.svg,2026-09-19T19:00:00Z
33,33.74,33.74.15,33.74.15.1008,33.74.15.1008,Jawa Tengah,Kota Semarang,Ngaliyan,Tambakaji,2026-09-19T12:00:00,2026-09-19 22:00:00,2026-09-20 05:00:00,9-10,24,72,0,0,8.3,E,130,W,,,0,Cerah,Sunny,https://api-apps.bmkg.go.id/storage/icon/cuaca/cerah-pm.svg,2026-09-19T22:00:00Z
33,33.74,33.74.15,33.74.15.1008,33.74.15.1008,Jawa Tengah,Kota Semarang,Ngaliyan,Tambakaji,2026-09-19T12:00:00,2026-09-20 01:00:00,2026-09-20 08:00:00,12-13,30,51,0,3,12.7,E,108,W,,,0,Cerah,Sunny,https://api-apps.bmkg.go.id/storage/icon/cuaca/cerah-am.svg,2026-09-20T01:00:00Z
33,33.74,33.74.15,33.74.15.1008,33.74.15.1008,Jawa Tengah,Kota Semarang,Ngaliyan,Tambakaji,2026-09-19T12:00:00,2026-09-20 04:00:00,2026-09-20 11:00:00,15-16,34,42,0,4,8.9,NE,61,SW,,,0,Cerah,Sunny,https://api-apps.bmkg.go.id/storage/icon/cuaca/cerah-am.svg,2026-09-20T04:00:00Z
33,33.74,33.74.15,33.74.15.1008,33.74.15.1008,Jawa Tengah,Kota Semarang,Ngaliyan,Tambakaji,2026-09-19T12:00:00,2026-09-20 07:00:00,2026-09-20 14:00:00,18-19,32,55,0.1,13,12.6,NW,345,SE,,,1,Cerah,Sunny,https://api-apps.bmkg.go.id/storage/icon/cuaca/cerah-am.svg,2026-09-20T07:00:00Z
33,33.74,33.74.15,33.74.15.1008,33.74.15.1008,Jawa Tengah,Kota Semarang,Ngaliyan,Tambakaji,2026-09-19T12:00:00,2026-09-20 10:00:00,2026-09-20 17:00:00,21-22,28,77,0,8,8,W,285,E,,,0,Cerah,Sunny,https://api-apps.bmkg.go.id/storage/icon/cuaca/cerah-am.svg,2026-09-20T10:00:00Z
33,33.74,33.74.15,33.74.15.1008,33.74.15.1008,Jawa Tengah,Kota Semarang,Ngaliyan,Tambakaji,2026-09-19T12:00:00,2026-09-20 13:00:00,2026-09-20 20:00:00,24-25,27,76,0.1,4,3.3,SE,149,NW,,,0,Cerah,Sunny,https://api-apps.bmkg.go.id/storage/icon/cuaca/cerah-pm.svg,2026-09-20T13:00:00Z
33,33.74,33.74.15,33.74.15.1008,33.74.15.1008,Jawa Tengah,Kota Semarang,Ngaliyan,Tambakaji,2026-09-19T12:00:00,2026-09-20 16:00:00,2026-09-20 23:00:00,27-28,26,82,0,0,6.7,E,134,W,,,0,Cerah,Sunny,https://api-apps.bmkg.go.id/storage/icon/cuaca/cerah-pm.svg,2026-09-20T16:00:00Z
33,33.74,33.74.15,33.74.15.1008,33.74.15.1008,Jawa Tengah,Kota Semarang,Ngaliyan,Tambakaji,2026-09-19T12:00:00,2026-09-20 19:00:00,2026-09-21 02:00:00,30-31,25,81,0,0,9.3,SE,137,NW,,,0,Cerah,Sunny,https://api-apps.bmkg.go.id/storage/icon/cuaca/cerah-pm.svg,2026-09-20T19:00:00Z
33,33.74,33.74.15,33.74.15.1008,33.74.15.1008,Jawa Tengah,Kota Semarang,Ngaliyan,Tambakaji,2026-09-19T12:00:00,2026-09-20 22:00:00,2026-09-21 05:00:00,33-34,25,72,0,0,13.1,E,134,W,,,0,Cerah,Sunny,https://api-apps.bmkg.go.id/storage/icon/cuaca/cerah-pm.svg,2026-09-20T22:00:00Z
33,33.74,33.74.15,33.74.15.1008,33.74.15.1008,Jawa Tengah,Kota Semarang,Ngaliyan,Tambakaji,2026-09-19T12:00:00,2026-09-21 01:00:00,2026-09-21 08:00:00,36-37,30,52,0,0,16.1,E,117,W,,,0,Cerah,Sunny,https://api-apps.bmkg.go.id/storage/icon/cuaca/cerah-am.svg,2026-09-21T01:00:00Z
33,33.74,33.74.15,33.74.15.1008,33.74.15.1008,Jawa Tengah,Kota Semarang,Ngaliyan,Tambakaji,2026-09-19T12:00:00,2026-09-21 04:00:00,2026-09-21 11:00:00,39-40,34,40,0,30,12.6,E,97,W,,,1,Cerah,Sunny,https://api-apps.bmkg.go.id/storage/icon/cuaca/cerah-am.svg,2026-09-21T04:00:00Z
33,33.74,33.74.15,33.74.15.1008,33.74.15.1008,Jawa Tengah,Kota Semarang,Ngaliyan,Tambakaji,2026-09-19T12:00:00,2026-09-21 07:00:00,2026-09-21 14:00:00,42-43,31,62,0.1,31,11.1,NW,331,SE,,,1,Cerah,Sunny,https://api-apps.bmkg.go.id/storage/icon/cuaca/cerah-am.svg,2026-09-21T07:00:00Z
33,33.74,33.74.15,33.74.15.1008,33.74.15.1008,Jawa Tengah,Kota Semarang,Ngaliyan,Tambakaji,2026-09-19T12:00:00,2026-09-21 10:00:00,2026-09-21 17:00:00,45-46,29,74,0.1,17,10.8,W,281,E,,,1,Cerah,Sunny,https://api-apps.bmkg.go.id/storage/icon/cuaca/cerah-am.svg,2026-09-21T10:00:00Z
33,33.74,33.74.15,33.74.15.1008,33.74.15.1008,Jawa Tengah,Kota Semarang,Ngaliyan,Tambakaji,2026-09-19T12:00:00,2026-09-21 13:00:00,2026-09-21 20:00:00,48-49,27,78,0,25,6.7,E,98,W,,,1,Cerah,Sunny,https://api-apps.bmkg.go.id/storage/icon/cuaca/cerah-pm.svg,2026-09-21T13:00:00Z
33,33.74,33.74.15,33.74.15.1008,33.74.15.1008,Jawa Tengah,Kota Semarang,Ngaliyan,Tambakaji,2026-09-19T12:00:00,2026-09-21 16:00:00,2026-09-21 23:00:00,51-52,26,80,0,14,6.7,SE,139,NW,,,1,Cerah,Sunny,https://api-apps.bmkg.go.id/storage/icon/cuaca/cerah-pm.svg,2026-09-21T16:00:00Z
33,33.74,33.74.15,33.74.15.1009,33.74.15.1009,Jawa Tengah,Kota Semarang,Ngaliyan,Wonosari,2026-09-19T12:00:00,2026-09-19 16:00:00,2026-09-19 23:00:00,3-4,26,72,0,5,5,SE,177,NW,,,0,Cerah,Sunny,https://api-apps.bmkg.go.id/storage/icon/cuaca/cerah-pm.svg,2026-09-19T16:00:00Z
33,33.74,33.74.15,33.74.15.1009,33.74.15.1009,Jawa Tengah,Kota Semarang,Ngaliyan,Wonosari,2026-09-19T12:00:00,2026-09-19 19:00:00,2026-09-20 02:00:00,6-7,25,71,0,0,5.4,SE,157,NW,,,0,Cerah,Sunny,https://api-apps.bmkg.go.id/storage/icon/cuaca/cerah-pm.svg,2026-09-19T19:00:00Z
33,33.74,33.74.15,33.74.15.1009,33.74.15.1009,Jawa Tengah,Kota Semarang,Ngaliyan,Wonosari,2026-09-19T12:00:00,2026-09-19 22:00:00,2026-09-20 05:00:00,9-10,25,73,0,0,5.6,E,132,W,,,0,Cerah,Sunny,https://api-apps.bmkg.go.id/storage/icon/cuaca/cerah-pm.svg,2026-09-19T22:00:00Z
33,33.74,33.74.15,33.74.15.1009,33.74.15.1009,Jawa Tengah,Kota Semarang,Ngaliyan,Wonosari,2026-09-19T12:00:00,2026-09-20 01:00:00,2026-09-20 08:00:00,12-13,30,54,0,7,10.5,NE,77,SW,,,0,Cerah,Sunny,https://api-apps.bmkg.go.id/storage/icon/cuaca/cerah-am.svg,2026-09-20T01:00:00Z
33,33.74,33.74.15,33.74.15.1009,33.74.15.1009,Jawa Tengah,Kota Semarang,Ngaliyan,Wonosari,2026-09-19T12:00:00,2026-09-20 04:00:00,2026-09-20 11:00:00,15-16,33,49,0,4,11.2,N,13,S,,,0,Cerah,Sunny,https://api-apps.bmkg.go.id/storage/icon/cuaca/cerah-am.svg,2026-09-20T04:00:00Z
33,33.74,33.74.15,33.74.15.1009,33.74.15.1009,Jawa Tengah,Kota Semarang,Ngaliyan,Wonosari,2026-09-19T12:00:00,2026-09-20 07:00:00,2026-09-20 14:00:00,18-19,31,59,0,6,12.7,NW,359,SE,,,0,Cerah,Sunny,https://api-apps.bmkg.go.id/storage/icon/cuaca/cerah-am.svg,2026-09-20T07:00:00Z
33,33.74,33.74.15,33.74.15.1009,33.74.15.1009,Jawa Tengah,Kota Semarang,Ngaliyan,Wonosari,2026-09-19T12:00:00,2026-09-20 10:00:00,2026-09-20 17:00:00,21-22,28,77,0,10,7.2,SW,269,NE,,,0,Cerah,Sunny,https://api-apps.bmkg.go.id/storage/icon/cuaca/cerah-am.svg,2026-09-20T10:00:00Z
33,33.74,33.74.15,33.74.15.1009,33.74.15.1009,Jawa Tengah,Kota Semarang,Ngaliyan,Wonosari,2026-09-19T12:00:00,2026-09-20 13:00:00,2026-09-20 20:00:00,24-25,27,76,0.1,0,8.9,SE,142,NW,,,0,Cerah,Sunny,https://api-apps.bmkg.go.id/storage/icon/cuaca/cerah-pm.svg,2026-09-20T13:00:00Z
33,33.74,33.74.15,33.74.15.1009,33.74.15.1009,Jawa Tengah,Kota Semarang,Ngaliyan,Wonosari,2026-09-19T12:00:00,2026-09-20 16:00:00,2026-09-20 23:00:00,27-28,26,83,0.1,0,6,SE,146,NW,,,0,Cerah,Sunny,https://api-apps.bmkg.go.id/storage/icon/cuaca/cerah-pm.svg,2026-09-20T16:00:00Z
33,33.74,33.74.15,33.74.15.1009,33.74.15.1009,Jawa Tengah,Kota Semarang,Ngaliyan,Wonosari,2026-09-19T12:00:00,2026-09-20 19:00:00,2026-09-21 02:00:00,30-31,25,82,0,1,7.5,SE,136,NW,,,0,Cerah,Sunny,https://api-apps.bmkg.go.id/storage/icon/cuaca/cerah-pm.svg,2026-09-20T19:00:00Z
33,33.74,33.74.15,33.74.15.1009,33.74.15.1009,Jawa Tengah,Kota Semarang,Ngaliyan,Wonosari,2026-09-19T12:00:00,2026-09-20 22:00:00,2026-09-21 05:00:00,33-34,25,74,0,0,8.8,E,125,W,,,0,Cerah,Sunny,https://api-apps.bmkg.go.id/storage/icon/cuaca/cerah-pm.svg,2026-09-20T22:00:00Z
33,33.74,33.74.15,33.74.15.1009,33.74.15.1009,Jawa Tengah,Kota Semarang,Ngaliyan,Wonosari,2026-09-19T12:00:00,2026-09-21 01:00:00,2026-09-21 08:00:00,36-37,30,55,0,0,15.7,E,98,W,,,0,Cerah,Sunny,https://api-apps.bmkg.go.id/storage/icon/cuaca/cerah-am.svg,2026-09-21T01:00:00Z
33,33.74,33.74.15,33.74.15.1009,33.74.15.1009,Jawa Tengah,Kota Semarang,Ngaliyan,Wonosari,2026-09-19T12:00:00,2026-09-21 04:00:00,2026-09-21 11:00:00,39-40,34,45,0,29,14.4,NE,66,SW,,,1,Cerah,Sunny,https://api-apps.bmkg.go.id/storage/icon/cuaca/cerah-am.svg,2026-09-21T04:00:00Z
33,33.74,33.74.15,33.74.15.1009,33.74.15.1009,Jawa Tengah,Kota Semarang,Ngaliyan,Wonosari,2026-09-19T12:00:00,2026-09-21 07:00:00,2026-09-21 14:00:00,42-43,31,67,0.1,33,8.9,NW,348,SE,,,1,Cerah,Sunny,https://api-apps.bmkg.go.id/storage/icon/cuaca/cerah-am.svg,2026-09-21T07:00:00Z
33,33.74,33.74.15,33.74.15.1009,33.74.15.1009,Jawa Tengah,Kota Semarang,Ngaliyan,Wonosari,2026-09-19T12:00:00,2026-09-21 10:00:00,2026-09-21 17:00:00,45-46,28,77,0.1,19,10.1,SW,268,NE,,,1,Cerah,Sunny,https://api-apps.bmkg.go.id/storage/icon/cuaca/cerah-am.svg,2026-09-21T10:00:00Z
33,33.74,33.74.15,33.74.15.1009,33.74.15.1009,Jawa Tengah,Kota Semarang,Ngaliyan,Wonosari,2026-09-19T12:00:00,2026-09-21 13:00:00,2026-09-21 20:00:00,48-49,27,77,0,30,7.6,SE,142,NW,,,1,Cerah,Sunny,https://api-apps.bmkg.go.id/storage/icon/cuaca/cerah-pm.svg,2026-09-21T13:00:00Z
33,33.74,33.74.15,33.74.15.1009,33.74.15.1009,Jawa Tengah,Kota Semarang,Ngaliyan,Wonosari,2026-09-19T12:00:00,2026-09-21 16:00:00,2026-09-21 23:00:00,51-52,26,81,0,19,5.7,SE,170,NW,,,1,Cerah,Sunny,https://api-apps.bmkg.go.id/storage/icon/cuaca/cerah-pm.svg,2026-09-21T16:00:00Z
33,33.74,33.74.15,33.74.15.1010,33.74.15.1010,Jawa Tengah,Kota Semarang,Ngaliyan,Wates,2026-09-19T12:00:00,2026-09-19 15:00:00,2026-09-19 22:00:00,2-3,25,76,0,0,5.9,SE,158,NW,,,0,Cerah,Sunny,https://api-apps.bmkg.go.id/storage/icon/cuaca/cerah-pm.svg,2026-09-19T15:00:00Z
33,33.74,33.74.15,33.74.15.1010,33.74.15.1010,Jawa Tengah,Kota Semarang,Ngaliyan,Wates,2026-09-19T12:00:00,2026-09-19 18:00:00,2026-09-20 01:00:00,5-6,24,75,0,0,5,SE,177,NW,,,0,Cerah,Sunny,https://api-apps.bmkg.go.id/storage/icon/cuaca/cerah-pm.svg,2026-09-19T18:00:00Z
33,33.74,33.74.15,33.74.15.1010,33.74.15.1010,Jawa Tengah,Kota Semarang,Ngaliyan,Wates,2026-09-19T12:00:00,2026-09-19 21:00:00,2026-09-20 04:00:00,8-9,23,76,0,0,5.4,SE,157,NW,,,0,Cerah,Sunny,https://api-apps.bmkg.go.id/storage/icon/cuaca/cerah-pm.svg,2026-09-19T21:00:00Z
33,33.74,33.74.15,33.74.15.1010,33.74.15.1010,Jawa Tengah,Kota Semarang,Ngaliyan,Wates,2026-09-19T12:00:00,2026-09-20 00:00:00,2026-09-20 07:00:00,11-12,28,56,0,3,5.6,E,132,W,,,0,Cerah,Sunny,https://api-apps.bmkg.go.id/storage/icon/cuaca/cerah-am.svg,2026-09-20T00:00:00Z
33,33.74,33.74.15,33.74.15.1010,33.74.15.1010,Jawa Tengah,Kota Semarang,Ngaliyan,Wates,2026-09-19T12:00:00,2026-09-20 03:00:00,2026-09-20 10:00:00,14-15,32,46,0.1,2,10.5,NE,77,SW,,,0,Cerah,Sunny,https://api-apps.bmkg.go.id/storage/icon/cuaca/cerah-am.svg,2026-09-20T03:00:00Z
33,33.74,33.74.15,33.74.15.1010,33.74.15.1010,Jawa Tengah,Kota Semarang,Ngaliyan,Wates,2026-09-19T12:00:00,2026-09-20 06:00:00,2026-09-20 13:00:00,17-18,33,49,0.2,22,11.2,N,13,S,,,1,Cerah,Sunny,https://api-apps.bmkg.go.id/storage/icon/cuaca/cerah-am.svg,2026-09-20T06:00:00Z
33,33.74,33.74.15,33.74.15.1010,33.74.15.1010,Jawa Tengah,Kota Semarang,Ngaliyan,Wates,2026-09-19T12:00:00,2026-09-20 09:00:00,2026-09-20 16:00:00,20-21,28,74,0,15,12.7,NW,359,SE,,,1,Cerah,Sunny,https://api-apps.bmkg.go.id/storage/icon/cuaca/cerah-am.svg,2026-09-20T09:00:00Z
33,33.74,33.74.15,33.74.15.1010,33.74.15.1010,Jawa Tengah,Kota Semarang,Ngaliyan,Wates,2026-09-19T12:00:00,2026-09-20 12:00:00,2026-09-20 19:00:00,23-24,26,79,0.1,4,7.2,SW,269,NE,,,0,Cerah,Sunny,https://api-apps.bmkg.go.id/storage/icon/cuaca/cerah-pm.svg,2026-09-20T12:00:00Z
33,33.74,33.74.15,33.74.15.1010,33.74.15.1010,Jawa Tengah,Kota Semarang,Ngaliyan,Wates,2026-09-19T12:00:00,2026-09-20 15:00:00,2026-09-20 22:00:00,26-27,25,84,0,3,8.9,SE,142,NW,,,0,Cerah,Sunny,https://api-apps.bmkg.go.id/storage/icon/cuaca/cerah-pm.svg,2026-09-20T15:00:00Z
33,33.74,33.74.15,33.74.15.1010,33.74.15.1010,Jawa Tengah,Kota Semarang,Ngaliyan,Wates,2026-09-19T12:00:00,2026-09-20 18:00:00,2026-09-21 01:00:00,29-30,24,87,0,0,6,SE,146,NW,,,0,Cerah,Sunny,https://api-apps.bmkg.go.id/storage/icon/cuaca/cerah-pm.svg,2026-09-20T18:00:00Z
33,33.74,33.74.15,33.74.15.1010,33.74.15.1010,Jawa Tengah,Kota Semarang,Ngaliyan,Wates,2026-09-19T12:00:00,2026-09-20 21:00:00,2026-09-21 04:00:00,32-33,24,78,0,0,7.5,SE,136,NW,,,0,Cerah,Sunny,https://api-apps.bmkg.go.id/storage/icon/cuaca/cerah-pm.svg,2026-09-20T21:00:00Z
33,33.74,33.74.15,33.74.15.1010,33.74.15.1010,Jawa Tengah,Kota Semarang,Ngaliyan,Wates,2026-09-19T12:00:00,2026-09-21 00:00:00,2026-09-21 07:00:00,35-36,28,60,0,0,8.8,E,125,W,,,0,Cerah,Sunny,https://api-apps.bmkg.go.id/storage/icon/cuaca/cerah-am.svg,2026-09-21T00:00:00Z
33,33.74,33.74.15,33.74.15.1010,33.74.15.1010,Jawa Tengah,Kota Semarang,Ngaliyan,Wates,2026-09-19T12:00:00,2026-09-21 03:00:00,2026-09-21 10:00:00,38-39,32,44,0,27,15.7,E,98,W,,,1,Cerah,Sunny,https://api-apps.bmkg.go.id/storage/icon/cuaca/cerah-am.svg,2026-09-21T03:00:00Z
33,33.74,33.74.15,33.74.15.1010,33.74.15.1010,Jawa Tengah,Kota Semarang,Ngaliyan,Wates,2026-09-19T12:00:00,2026-09-21 06:00:00,2026-09-21 13:00:00,41-42,33,49,0.2,17,14.4,NE,66,SW,,,1,Cerah,Sunny,https://api-apps.bmkg.go.id/storage/icon/cuaca/cerah-am.svg,2026-09-21T06:00:00Z
33,33.74,33.74.15,33.74.15.1010,33.74.15.1010,Jawa Tengah,Kota Semarang,Ngaliyan,Wates,2026-09-19T12:00:00,2026-09-21 09:00:00,2026-09-21 16:00:00,44-45,28,75,0.1,35,8.9,NW,348,SE,,,1,Cerah,Sunny,https://api-apps.bmkg.go.id/storage/icon/cuaca/cerah-am.svg,2026-09-21T09:00:00Z
33,33.74,33.74.15,33.74.15.1010,33.74.15.1010,Jawa Tengah,Kota Semarang,Ngaliyan,Wates,2026-09-19T12:00:00,2026-09-21 12:00:00,2026-09-21 19:00:00,47-48,26,79,0,19,10.1,SW,268,NE,,,1,Cerah,Sunny,https://api-apps.bmkg.go.id/storage/icon/cuaca/cerah-pm.svg,2026-09-21T12:00:00Z
33,33.74,33.74.15,33.74.15.1010,33.74.15.1010,Jawa Tengah,Kota Semarang,Ngaliyan,Wates,2026-09-19T12:00:00,2026-09-21 15:00:00,2026-09-21 22:00:00,50-51,25,84,0,22,7.6,SE,142,NW,,,1,Cerah,Sunny,https://api-apps.bmkg.go.id/storage/icon/cuaca/cerah-pm.svg,2026-09-21T15:00:00Z
33,33.74,33.74.16,33.74.16.1001,33.74.16.1001,Jawa Tengah,Kota Semarang,Tugu,Jerakah,2026-09-19T12:00:00,2026-09-19 15:00:00,2026-09-19 22:00:00,2-3,26,76,0,0,4.4,E,114,W,,,0,Cerah,Sunny,https://api-apps.bmkg.go.id/storage/icon/cuaca/cerah-pm.svg,2026-09-19T15:00:00Z
33,33.74,33.74.16,33.74.16.1001,33.74.16.1001,Jawa Tengah,Kota Semarang,Tugu,Jerakah,2026-09-19T12:00:00,2026-09-19 18:00:00,2026-09-20 01:00:00,5-6,25,76,0,0,4.7,SE,159,NW,,,0,Cerah,Sunny,https://api-apps.bmkg.go.id/storage/icon/cuaca/cerah-pm.svg,2026-09-19T18:00:00Z
33,33.74,33.74.16,33.74.16.1001,33.74.16.1001,Jawa Tengah,Kota Semarang,Tugu,Jerakah,2026-09-19T12:00:00,2026-09-19 21:00:00,2026-09-20 04:00:00,8-9,25,73,0,0,7,SE,142,NW,,,0,Cerah,Sunny,https://api-apps.bmkg.go.id/storage/icon/cuaca/cerah-pm.svg,2026-09-19T21:00:00Z
33,33.74,33.74.16,33.74.16.1001,33.74.16.1001,Jawa Tengah,Kota Semarang,Tugu,Jerakah,2026-09-19T12:00:00,2026-09-20 00:00:00,2026-09-20 07:00:00,11-12,29,56,0,4,8.3,E,130,W,,,0,Cerah,Sunny,https://api-apps.bmkg.go.id/storage/icon/cuaca/cerah-am.svg,2026-09-20T00:00:00Z
33,33.74,33.74.16,33.74.16.1001,33.74.16.1001,Jawa Tengah,Kota Semarang,Tugu,Jerakah,2026-09-19T12:00:00,2026-09-20 03:00:00,2026-09-20 10:00:00,14-15,32,47,0,1,12.7,E,108,W,,,0,Cerah,Sunny,https://api-apps.bmkg.go.id/storage/icon/cuaca/cerah-am.svg,2026-09-20T03:00:00Z
33,33.74,33.74.16,33.74.16.1001,33.74.16.1001,Jawa Tengah,Kota Semarang,Tugu,Jerakah,2026-09-19T12:00:00,2026-09-20 06:00:00,2026-09-20 13:00:00,17-18,33,51,0.1,7,8.9,NE,61,SW,,,0,Cerah,Sunny,https://api-apps.bmkg.go.id/storage/icon/cuaca/cerah-am.svg,2026-09-20T06:00:00Z
33,33.74,33.74.16,33.74.16.1001,33.74.16.1001,Jawa Tengah,Kota Semarang,Tugu,Jerakah,2026-09-19T12:00:00,2026-09-20 09:00:00,2026-09-20 16:00:00,20-21,29,75,0,14,12.6,NW,345,SE,,,1,Cerah,Sunny,https://api-apps.bmkg.go.id/storage/icon/cuaca/cerah-am.svg,2026-09-20T09:00:00Z
33,33.74,33.74.16,33.74.16.1001,33.74.16.1001,Jawa Tengah,Kota Semarang,Tugu,Jerakah,2026-09-19T12:00:00,2026-09-20 12:00:00,2026-09-20 19:00:00,23-24,28,76,0.1,9,8,W,285,E,,,0,Cerah,Sunny,https://api-apps.bmkg.go.id/storage/icon/cuaca/cerah-pm.svg,2026-09-20T12:00:00Z
33,33.74,33.74.16,33.74.16.1001,33.74.16.1001,Jawa Tengah,Kota Semarang,Tugu,Jerakah,2026-09-19T12:00:00,2026-09-20 15:00:00,2026-09-20 22:00:00,26-27,27,81,0,0,3.3,SE,149,NW,,,0,Cerah,Sunny,https://api-apps.bmkg.go.id/storage/icon/cuaca/cerah-pm.svg,2026-09-20T15:00:00Z
33,33.74,33.74.16,33.74.16.1001,33.74.16.1001,Jawa Tengah,Kota Semarang,Tugu,Jerakah,2026-09-19T12:00:00,2026-09-20 18:00:00,2026-09-21 01:00:00,29-30,26,81,0,0,6.7,E,134,W,,,0,Cerah,Sunny,https://api-apps.bmkg.go.id/storage/icon/cuaca/cerah-pm.svg,2026-09-20T18:00:00Z
33,33.74,33.74.16,33.74.16.1001,33.74.16.1001,Jawa Tengah,Kota Semarang,Tugu,Jerakah,2026-09-19T12:00:00,2026-09-20 21:00:00,2026-09-21 04:00:00,32-33,26,73,0,0,9.3,SE,137,NW,,,0,Cerah,Sunny,https://api-apps.bmkg.go.id/storage/icon/cuaca/cerah-pm.svg,2026-09-20T21:00:00Z
33,33.74,33.74.16,33.74.16.1001,33.74.16.1001,Jawa Tengah,Kota Semarang,Tugu,Jerakah,2026-09-19T12:00:00,2026-09-21 00:00:00,2026-09-21 07:00:00,35-36,28,61,0,0,13.1,E,134,W,,,0,Cerah,Sunny,https://api-apps.bmkg.go.id/storage/icon/cuaca/cerah-am.svg,2026-09-21T00:00:00Z
33,33.74,33.74.16,33.74.16.1001,33.74.16.1001,Jawa Tengah,Kota Semarang,Tugu,Jerakah,2026-09-19T12:00:00,2026-09-21 03:00:00,2026-09-21 10:00:00,38-39,33,46,0,11,16.1,E,117,W,,,1,Cerah,Sunny,https://api-apps.bmkg.go.id/storage/icon/cuaca/cerah-am.svg,2026-09-21T03:00:00Z
33,33.74,33.74.16,33.74.16.1001,33.74.16.1001,Jawa Tengah,Kota Semarang,Tugu,Jerakah,2026-09-19T12:00:00,2026-09-21 06:00:00,2026-09-21 13:00:00,41-42,33,54,0.1,17,12.6,E,97,W,,,1,Cerah,Sunny,https://api-apps.bmkg.go.id/storage/icon/cuaca/cerah-am.svg,2026-09-21T06:00:00Z
33,33.74,33.74.16,33.74.16.1001,33.74.16.1001,Jawa Tengah,Kota Semarang,Tugu,Jerakah,2026-09-19T12:00:00,2026-09-21 09:00:00,2026-09-21 16:00:00,44-45,30,70,0,21,11.1,NW,331,SE,,,1,Cerah,Sunny,https://api-apps.bmkg.go.id/storage/icon/cuaca/cerah-am.svg,2026-09-21T09:00:00Z
33,33.74,33.74.16,33.74.16.1001,33.74.16.1001,Jawa Tengah,Kota Semarang,Tugu,Jerakah,2026-09-19T12:00:00,2026-09-21 12:00:00,2026-09-21 19:00:00,47-48,28,75,0,21,10.8,W,281,E,,,1,Cerah,Sunny,https://api-apps.bmkg.go.id/storage/icon/cuaca/cerah-pm.svg,2026-09-21T12:00:00Z
33,33.74,33.74.16,33.74.16.1001,33.74.16.1001,Jawa Tengah,Kota Semarang,Tugu,Jerakah,2026-09-19T12:00:00,2026-09-21 15:00:00,2026-09-21 22:00:00,50-51,27,80,0,12,6.7,E,98,W,,,1,Cerah,Sunny,https://api-apps.bmkg.go.id/storage/icon/cuaca/cerah-pm.svg,2026-09-21T15:00:00Z
33,33.74,33.74.16,33.74.16.1002,33.74.16.1002,Jawa Tengah,Kota Semarang,Tugu,Tugurejo,2026-09-19T12:00:00,2026-09-19 16:00:00,2026-09-19 23:00:00,3-4,26,74,0,16,4.7,SE,159,NW,,,1,Cerah,Sunny,https://api-apps.bmkg.go.id/storage/icon/cuaca/cerah-pm.svg,2026-09-19T16:00:00Z
33,33.74,33.74.16,33.74.16.1002,33.74.16.1002,Jawa Tengah,Kota Semarang,Tugu,Tugurejo,2026-09-19T12:00:00,2026-09-19 19:00:00,2026-09-20 02:00:00,6-7,25,73,0,1,7,SE,142,NW,,,0,Cerah,Sunny,https://api-apps.bmkg.go.id/storage/icon/cuaca/cerah-pm.svg,2026-09-19T19:00:00Z
33,33.74,33.74.16,33.74.16.1002,33.74.16.1002,Jawa Tengah,Kota Semarang,Tugu,Tugurejo,2026-09-19T12:00:00,2026-09-19 22:00:00,2026-09-20 05:00:00,9-10,25,71,0,0,8.3,E,130,W,,,0,Cerah,Sunny,https://api-apps.bmkg.go.id/storage/icon/cuaca/cerah-pm.svg,2026-09-19T22:00:00Z
33,33.74,33.74.16,33.74.16.1002,33.74.16.1002,Jawa Tengah,Kota Semarang,Tugu,Tugurejo,2026-09-19T12:00:00,2026-09-20 01:00:00,2026-09-20 08:00:00,12-13,30,54,0,3,12.7,E,108,W,,,0,Cerah,Sunny,https://api-apps.bmkg.go.id/storage/icon/cuaca/cerah-am.svg,2026-09-20T01:00:00Z
33,33.74,33.74.16,33.74.16.1002,33.74.16.1002,Jawa Tengah,Kota Semarang,Tugu,Tugurejo,2026-09-19T12:00:00,2026-09-20 04:00:00,2026-09-20 11:00:00,15-16,33,47,0,3,8.9,NE,61,SW,,,0,Cerah,Sunny,https://api-apps.bmkg.go.id/storage/icon/cuaca/cerah-am.svg,2026-09-20T04:00:00Z
33,33.74,33.74.16,33.74.16.1002,33.74.16.1002,Jawa Tengah,Kota Semarang,Tugu,Tugurejo,2026-09-19T12:00:00,2026-09-20 07:00:00,2026-09-20 14:00:00,18-19,31,61,0.1,11,12.6,NW,345,SE,,,1,Cerah,Sunny,https://api-apps.bmkg.go.id/storage/icon/cuaca/cerah-am.svg,2026-09-20T07:00:00Z
33,33.74,33.74.16,33.74.16.1002,33.74.16.1002,Jawa Tengah,Kota Semarang,Tugu,Tugurejo,2026-09-19T12:00:00,2026-09-20 10:00:00,2026-09-20 17:00:00,21-22,28,78,0,8,8,W,285,E,,,0,Cerah,Sunny,https://api-apps.bmkg.go.id/storage/icon/cuaca/cerah-am.svg,2026-09-20T10:00:00Z
33,33.74,33.74.16,33.74.16.1002,33.74.16.1002,Jawa Tengah,Kota Semarang,Tugu,Tugurejo,2026-09-19T12:00:00,2026-09-20 13:00:00,2026-09-20 20:00:00,24-25,28,76,0.1,1,3.3,SE,149,NW,,,0,Cerah,Sunny,https://api-apps.bmkg.go.id/storage/icon/cuaca/cerah-pm.svg,2026-09-20T13:00:00Z
33,33.74,33.74.16,33.74.16.1002,33.74.16.1002,Jawa Tengah,Kota Semarang,Tugu,Tugurejo,2026-09-19T12:00:00,2026-09-20 16:00:00,2026-09-20 23:00:00,27-28,26,81,0,0,6.7,E,134,W,,,0,Cerah,Sunny,https://api-apps.bmkg.go.id/storage/icon/cuaca/cerah-pm.svg,2026-09-20T16:00:00Z
33,33.74,33.74.16,33.74.16.1002,33.74.16.1002,Jawa Tengah,Kota Semarang,Tugu,Tugurejo,2026-09-19T12:00:00,2026-09-20 19:00:00,2026-09-21 02:00:00,30-31,26,80,0,0,9.3,SE,137,NW,,,0,Cerah,Sunny,https://api-apps.bmkg.go.id/storage/icon/cuaca/cerah-pm.svg,2026-09-20T19:00:00Z
33,33.74,33.74.16,33.74.16.1002,33.74.16.1002,Jawa Tengah,Kota Semarang,Tugu,Tugurejo,2026-09-19T12:00:00,2026-09-20 22:00:00,2026-09-21 05:00:00,33-34,25,73,0,0,13.1,E,134,W,,,0,Cerah,Sunny,https://api-apps.bmkg.go.id/storage/icon/cuaca/cerah-pm.svg,2026-09-20T22:00:00Z
33,33.74,33.74.16,33.74.16.1002,33.74.16.1002,Jawa Tengah,Kota Semarang,Tugu,Tugurejo,2026-09-19T12:00:00,2026-09-21 01:00:00,2026-09-21 08:00:00,36-37,30,55,0,0,16.1,E,117,W,,,0,Cerah,Sunny,https://api-apps.bmkg.go.id/storage/icon/cuaca/cerah-am.svg,2026-09-21T01:00:00Z
33,33.74,33.74.16,33.74.16.1002,33.74.16.1002,Jawa Tengah,Kota Semarang,Tugu,Tugurejo,2026-09-19T12:00:00,2026-09-21 04:00:00,2026-09-21 11:00:00,39-40,34,45,0,29,12.6,E,97,W,,,1,Cerah,Sunny,https://api-apps.bmkg.go.id/storage/icon/cuaca/cerah-am.svg,2026-09-21T04:00:00Z
33,33.74,33.74.16,33.74.16.1002,33.74.16.1002,Jawa Tengah,Kota Semarang,Tugu,Tugurejo,2026-09-19T12:00:00,2026-09-21 07:00:00,2026-09-21 14:00:00,42-43,31,66,0.1,27,11.1,NW,331,SE,,,1,Cerah,Sunny,https://api-apps.bmkg.go.id/storage/icon/cuaca/cerah-am.svg,2026-09-21T07:00:00Z
33,33.74,33.74.16,33.74.16.1002,33.74.16.1002,Jawa Tengah,Kota Semarang,Tugu,Tugurejo,2026-09-19T12:00:00,2026-09-21 10:00:00,2026-09-21 17:00:00,45-46,29,74,0.1,16,10.8,W,281,E,,,1,Cerah,Sunny,https://api-apps.bmkg.go.id/storage/icon/cuaca/cerah-am.svg,2026-09-21T10:00:00Z
33,33.74,33.74.16,33.74.16.1002,33.74.16.1002,Jawa Tengah,Kota Semarang,Tugu,Tugurejo,2026-09-19T12:00:00,2026-09-21 13:00:00,2026-09-21 20:00:00,48-49,27,79,0,30,6.7,E,98,W,,,1,Cerah,Sunny,https://api-apps.bmkg.go.id/storage/icon/cuaca/cerah-pm.svg,2026-09-21T13:00:00Z
33,33.74,33.74.16,33.74.16.1002,33.74.16.1002,Jawa Tengah,Kota Semarang,Tugu,Tugurejo,2026-09-19T12:00:00,2026-09-21 16:00:00,2026-09-21 23:00:00,51-52,26,79,0,13,6.7,SE,139,NW,,,1,Cerah,Sunny,https://api-apps.bmkg.go.id/storage/icon/cuaca/cerah-pm.svg,2026-09-21T16:00:00Z
33,33.74,33.74.16,33.74.16.1003,33.74.16.1003,Jawa Tengah,Kota Semarang,Tugu,Karanganyar,2026-09-19T12:00:00,2026-09-19 16:00:00,2026-09-19 23:00:00,3-4,26,74,0,16,4.7,SE,159,NW,,,1,Cerah,Sunny,https://api-apps.bmkg.go.id/storage/icon/cuaca/cerah-pm.svg,2026-09-19T16:00:00Z
33,33.74,33.74.16,33.74.16.1003,33.74.16.1003,Jawa Tengah,Kota Semarang,Tugu,Karanganyar,2026-09-19T12:00:00,2026-09-19 19:00:00,2026-09-20 02:00:00,6-7,25,73,0,1,7,SE,142,NW,,,0,Cerah,Sunny,https://api-apps.bmkg.go.id/storage/icon/cuaca/cerah-pm.svg,2026-09-19T19:00:00Z
33,33.74,33.74.16,33.74.16.1003,33.74.16.1003,Jawa Tengah,Kota Semarang,Tugu,Karanganyar,2026-09-19T12:00:00,2026-09-19 22:00:00,2026-09-20 05:00:00,9-10,25,71,0,0,8.3,E,130,W,,,0,Cerah,Sunny,https://api-apps.bmkg.go.id/storage/icon/cuaca/cerah-pm.svg,2026-09-19T22:00:00Z
33,33.74,33.74.16,33.74.16.1003,33.74.16.1003,Jawa Tengah,Kota Semarang,Tugu,Karanganyar,2026-09-19T12:00:00,2026-09-20 01:00:00,2026-09-20 08:00:00,12-13,30,54,0,3,12.7,E,108,W,,,0,Cerah,Sunny,https://api-apps.bmkg.go.id/storage/icon/cuaca/cerah-am.svg,2026-09-20T01:00:00Z
33,33.74,33.74.16,33.74.16.1003,33.74.16.1003,Jawa Tengah,Kota Semarang,Tugu,Karanganyar,2026-09-19T12:00:00,2026-09-20 04:00:00,2026-09-20 11:00:00,15-16,33,47,0,3,8.9,NE,61,SW,,,0,Cerah,Sunny,https://api-apps.bmkg.go.id/storage/icon/cuaca/cerah-am.svg,2026-09-20T04:00:00Z
33,33.74,33.74.16,33.74.16.1003,33.74.16.1003,Jawa Tengah,Kota Semarang,Tugu,Karanganyar,2026-09-19T12:00:00,2026-09-20 07:00:00,2026-09-20 14:00:00,18-19,31,61,0.1,11,12.6,NW,345,SE,,,1,Cerah,Sunny,https://api-apps.bmkg.go.id/storage/icon/cuaca/cerah-am.svg,2026-09-20T07:00:00Z
33,33.74,33.74.16,33.74.16.1003,33.74.16.1003,Jawa Tengah,Kota Semarang,Tugu,Karanganyar,2026-09-19T12:00:00,2026-09-20 10:00:00,2026-09-20 17:00:00,21-22,28,78,0,8,8,W,285,E,,,0,Cerah,Sunny,https://api-apps.bmkg.go.id/storage/icon/cuaca/cerah-am.svg,2026-09-20T10:00:00Z
33,33.74,33.74.16,33.74.16.1003,33.74.16.1003,Jawa Tengah,Kota Semarang,Tugu,Karanganyar,2026-09-19T12:00:00,2026-09-20 13:00:00,2026-09-20 20:00:00,24-25,28,76,0.1,1,3.3,SE,149,NW,,,0,Cerah,Sunny,https://api-apps.bmkg.go.id/storage/icon/cuaca/cerah-pm.svg,2026-09-20T13:00:00Z
33,33.74,33.74.16,33.74.16.1003,33.74.16.1003,Jawa Tengah,Kota Semarang,Tugu,Karanganyar,2026-09-19T12:00:00,2026-09-20 16:00:00,2026-09-20 23:00:00,27-28,26,81,0,0,6.7,E,134,W,,,0,Cerah,Sunny,https://api-apps.bmkg.go.id/storage/icon/cuaca/cerah-pm.svg,2026-09-20T16:00:00Z
33,33.74,33.74.16,33.74.16.1003,33.74.16.1003,Jawa Tengah,Kota Semarang,Tugu,Karanganyar,2026-09-19T12:00:00,2026-09-20 19:00:00,2026-09-21 02:00:00,30-31,26,80,0,0,9.3,SE,137,NW,,,0,Cerah,Sunny,https://api-apps.bmkg.go.id/storage/icon/cuaca/cerah-pm.svg,2026-09-20T19:00:00Z
33,33.74,33.74.16,33.74.16.1003,33.74.16.1003,Jawa Tengah,Kota Semarang,Tugu,Karanganyar,2026-09-19T12:00:00,2026-09-20 22:00:00,2026-09-21 05:00:00,33-34,25,73,0,0,13.1,E,134,W,,,0,Cerah,Sunny,https://api-apps.bmkg.go.id/storage/icon/cuaca/cerah-pm.svg,2026-09-20T22:00:00Z
33,33.74,33.74.16,33.74.16.1003,33.74.16.1003,Jawa Tengah,Kota Semarang,Tugu,Karanganyar,2026-09-19T12:00:00,2026-09-21 01:00:00,2026-09-21 08:00:00,36-37,30,55,0,0,16.1,E,117,W,,,0,Cerah,Sunny,https://api-apps.bmkg.go.id/storage/icon/cuaca/cerah-am.svg,2026-09-21T01:00:00Z
33,33.74,33.74.16,33.74.16.1003,33.74.16.1003,Jawa Tengah,Kota Semarang,Tugu,Karanganyar,2026-09-19T12:00:00,2026-09-21 04:00:00,2026-09-21 11:00:00,39-40,34,45,0,29,12.6,E,97,W,,,1,Cerah,Sunny,https://api-apps.bmkg.go.id/storage/icon/cuaca/cerah-am.svg,2026-09-21T04:00:00Z
33,33.74,33.74.16,33.74.16.1003,33.74.16.1003,Jawa Tengah,Kota Semarang,Tugu,Karanganyar,2026-09-19T12:00:00,2026-09-21 07:00:00,2026-09-21 14:00:00,42-43,31,66,0.1,27,11.1,NW,331,SE,,,1,Cerah,Sunny,https://api-apps.bmkg.go.id/storage/icon/cuaca/cerah-am.svg,2026-09-21T07:00:00Z
33,33.74,33.74.16,33.74.16.1003,33.74.16.1003,Jawa Tengah,Kota Semarang,Tugu,Karanganyar,2026-09-19T12:00:00,2026-09-21 10:00:00,2026-09-21 17:00:00,45-46,29,74,0.1,16,10.8,W,281,E,,,1,Cerah,Sunny,https://api-apps.bmkg.go.id/storage/icon/cuaca/cerah-am.svg,2026-09-21T10:00:00Z
33,33.74,33.74.16,33.74.16.1003,33.74.16.1003,Jawa Tengah,Kota Semarang,Tugu,Karanganyar,2026-09-19T12:00:00,2026-09-21 13:00:00,2026-09-21 20:00:00,48-49,27,79,0,30,6.7,E,98,W,,,1,Cerah,Sunny,https://api-apps.bmkg.go.id/storage/icon/cuaca/cerah-pm.svg,2026-09-21T13:00:00Z
33,33.74,33.74.16,33.74.16.1003,33.74.16.1003,Jawa Tengah,Kota Semarang,Tugu,Karanganyar,2026-09-19T12:00:00,2026-09-21 16:00:00,2026-09-21 23:00:00,51-52,26,79,0,13,6.7,SE,139,NW,,,1,Cerah,Sunny,https://api-apps.bmkg.go.id/storage/icon/cuaca/cerah-pm.svg,2026-09-21T16:00:00Z
33,33.74,33.74.16,33.74.16.1004,33.74.16.1004,Jawa Tengah,Kota Semarang,Tugu,Randugarut,2026-09-19T12:00:00,2026-09-19 16:00:00,2026-09-19 23:00:00,3-4,26,73,0,11,5,SE,177,NW,,,1,Cerah,Sunny,https://api-apps.bmkg.go.id/storage/icon/cuaca/cerah-pm.svg,2026-09-19T16:00:00Z
33,33.74,33.74.16,33.74.16.1004,33.74.16.1004,Jawa Tengah,Kota Semarang,Tugu,Randugarut,2026-09-19T12:00:00,2026-09-19 19:00:00,2026-09-20 02:00:00,6-7,25,72,0,1,5.4,SE,157,NW,,,0,Cerah,Sunny,https://api-apps.bmkg.go.id/storage/icon/cuaca/cerah-pm.svg,2026-09-19T19:00:00Z
33,33.74,33.74.16,33.74.16.1004,33.74.16.1004,Jawa Tengah,Kota Semarang,Tugu,Randugarut,2026-09-19T12:00:00,2026-09-19 22:00:00,2026-09-20 05:00:00,9-10,25,72,0,0,5.6,E,132,W,,,0,Cerah,Sunny,https://api-apps.bmkg.go.id/storage/icon/cuaca/cerah-pm.svg,2026-09-19T22:00:00Z
33,33.74,33.74.16,33.74.16.1004,33.74.16.1004,Jawa Tengah,Kota Semarang,Tugu,Randugarut,2026-09-19T12:00:00,2026-09-20 01:00:00,2026-09-20 08:00:00,12-13,30,54,0,5,10.5,NE,77,SW,,,0,Cerah,Sunny,https://api-apps.bmkg.go.id/storage/icon/cuaca/cerah-am.svg,2026-09-20T01:00:00Z
33,33.74,33.74.16,33.74.16.1004,33.74.16.1004,Jawa Tengah,Kota Semarang,Tugu,Randugarut,2026-09-19T12:00:00,2026-09-20 04:00:00,2026-09-20 11:00:00,15-16,33,48,0,3,11.2,N,13,S,,,0,Cerah,Sunny,https://api-apps.bmkg.go.id/storage/icon/cuaca/cerah-am.svg,2026-09-20T04:00:00Z
33,33.74,33.74.16,33.74.16.1004,33.74.16.1004,Jawa Tengah,Kota Semarang,Tugu,Randugarut,2026-09-19T12:00:00,2026-09-20 07:00:00,2026-09-20 14:00:00,18-19,31,60,0,8,12.7,NW,359,SE,,,0,Cerah,Sunny,https://api-apps.bmkg.go.id/storage/icon/cuaca/cerah-am.svg,2026-09-20T07:00:00Z
33,33.74,33.74.16,33.74.16.1004,33.74.16.1004,Jawa Tengah,Kota Semarang,Tugu,Randugarut,2026-09-19T12:00:00,2026-09-20 10:00:00,2026-09-20 17:00:00,21-22,28,77,0,9,7.2,SW,269,NE,,,0,Cerah,Sunny,https://api-apps.bmkg.go.id/storage/icon/cuaca/cerah-am.svg,2026-09-20T10:00:00Z
33,33.74,33.74.16,33.74.16.1004,33.74.16.1004,Jawa Tengah,Kota Semarang,Tugu,Randugarut,2026-09-19T12:00:00,2026-09-20 13:00:00,2026-09-20 20:00:00,24-25,27,76,0.1,0,8.9,SE,142,NW,,,0,Cerah,Sunny,https://api-apps.bmkg.go.id/storage/icon/cuaca/cerah-pm.svg,2026-09-20T13:00:00Z
33,33.74,33.74.16,33.74.16.1004,33.74.16.1004,Jawa Tengah,Kota Semarang,Tugu,Randugarut,2026-09-19T12:00:00,2026-09-20 16:00:00,2026-09-20 23:00:00,27-28,26,82,0.1,0,6,SE,146,NW,,,0,Cerah,Sunny,https://api-apps.bmkg.go.id/storage/icon/cuaca/cerah-pm.svg,2026-09-20T16:00:00Z
33,33.74,33.74.16,33.74.16.1004,33.74.16.1004,Jawa Tengah,Kota Semarang,Tugu,Randugarut,2026-09-19T12:00:00,2026-09-20 19:00:00,2026-09-21 02:00:00,30-31,25,81,0,0,7.5,SE,136,NW,,,0,Cerah,Sunny,https://api-apps.bmkg.go.id/storage/icon/cuaca/cerah-pm.svg,2026-09-20T19:00:00Z
33,33.74,33.74.16,33.74.16.1004,33.74.16.1004,Jawa Tengah,Kota Semarang,Tugu,Randugarut,2026-09-19T12:00:00,2026-09-20 22:00:00,2026-09-21 05:00:00,33-34,25,73,0,0,8.8,E,125,W,,,0,Cerah,Sunny,https://api-apps.bmkg.go.id/storage/icon/cuaca/cerah-pm.svg,2026-09-20T22:00:00Z
33,33.74,33.74.16,33.74.16.1004,33.74.16.1004,Jawa Tengah,Kota Semarang,Tugu,Randugarut,2026-09-19T12:00:00,2026-09-21 01:00:00,2026-09-21 08:00:00,36-37,30,55,0,0,15.7,E,98,W,,,0,Cerah,Sunny,https://api-apps.bmkg.go.id/storage/icon/cuaca/cerah-am.svg,2026-09-21T01:00:00Z
33,33.74,33.74.16,33.74.16.1004,33.74.16.1004,Jawa Tengah,Kota Semarang,Tugu,Randugarut,2026-09-19T12:00:00,2026-09-21 04:00:00,2026-09-21 11:00:00,39-40,34,45,0,29,14.4,NE,66,SW,,,1,Cerah,Sunny,https://api-apps.bmkg.go.id/storage/icon/cuaca/cerah-am.svg,2026-09-21T04:00:00Z
33,33.74,33.74.16,33.74.16.1004,33.74.16.1004,Jawa Tengah,Kota Semarang,Tugu,Randugarut,2026-09-19T12:00:00,2026-09-21 07:00:00,2026-09-21 14:00:00,42-43,31,67,0.1,30,8.9,NW,348,SE,,,1,Cerah,Sunny,https://api-apps.bmkg.go.id/storage/icon/cuaca/cerah-am.svg,2026-09-21T07:00:00Z
33,33.74,33.74.16,33.74.16.1004,33.74.16.1004,Jawa Tengah,Kota Semarang,Tugu,Randugarut,2026-09-19T12:00:00,2026-09-21 10:00:00,2026-09-21 17:00:00,45-46,29,75,0.1,17,10.1,SW,268,NE,,,1,Cerah,Sunny,https://api-apps.bmkg.go.id/storage/icon/cuaca/cerah-am.svg,2026-09-21T10:00:00Z
33,33.74,33.74.16,33.74.16.1004,33.74.16.1004,Jawa Tengah,Kota Semarang,Tugu,Randugarut,2026-09-19T12:00:00,2026-09-21 13:00:00,2026-09-21 20:00:00,48-49,27,78,0,30,7.6,SE,142,NW,,,1,Cerah,Sunny,https://api-apps.bmkg.go.id/storage/icon/cuaca/cerah-pm.svg,2026-09-21T13:00:00Z
33,33.74,33.74.16,33.74.16.1004,33.74.16.1004,Jawa Tengah,Kota Semarang,Tugu,Randugarut,2026-09-19T12:00:00,2026-09-21 16:00:00,2026-09-21 23:00:00,51-52,26,80,0,16,5.7,SE,170,NW,,,1,Cerah,Sunny,https://api-apps.bmkg.go.id/storage/icon/cuaca/cerah-pm.svg,2026-09-21T16:00:00Z
33,33.74,33.74.16,33.74.16.1005,33.74.16.1005,Jawa Tengah,Kota Semarang,Tugu,Mangkang Wetan,2026-09-19T12:00:00,2026-09-19 16:00:00,2026-09-19 23:00:00,3-4,26,73,0,11,5,SE,177,NW,,,1,Cerah,Sunny,https://api-apps.bmkg.go.id/storage/icon/cuaca/cerah-pm.svg,2026-09-19T16:00:00Z
33,33.74,33.74.16,33.74.16.1005,33.74.16.1005,Jawa Tengah,Kota Semarang,Tugu,Mangkang Wetan,2026-09-19T12:00:00,2026-09-19 19:00:00,2026-09-20 02:00:00,6-7,25,72,0,1,5.4,SE,157,NW,,,0,Cerah,Sunny,https://api-apps.bmkg.go.id/storage/icon/cuaca/cerah-pm.svg,2026-09-19T19:00:00Z
33,33.74,33.74.16,33.74.16.1005,33.74.16.1005,Jawa Tengah,Kota Semarang,Tugu,Mangkang Wetan,2026-09-19T12:00:00,2026-09-19 22:00:00,2026-09-20 05:00:00,9-10,25,72,0,0,5.6,E,132,W,,,0,Cerah,Sunny,https://api-apps.bmkg.go.id/storage/icon/cuaca/cerah-pm.svg,2026-09-19T22:00:00Z
33,33.74,33.74.16,33.74.16.1005,33.74.16.1005,Jawa Tengah,Kota Semarang,Tugu,Mangkang Wetan,2026-09-19T12:00:00,2026-09-20 01:00:00,2026-09-20 08:00:00,12-13,30,54,0,5,10.5,NE,77,SW,,,0,Cerah,Sunny,https://api-apps.bmkg.go.id/storage/icon/cuaca/cerah-am.svg,2026-09-20T01:00:00Z
33,33.74,33.74.16,33.74.16.1005,33.74.16.1005,Jawa Tengah,Kota Semarang,Tugu,Mangkang Wetan,2026-09-19T12:00:00,2026-09-20 04:00:00,2026-09-20 11:00:00,15-16,33,48,0,3,11.2,N,13,S,,,0,Cerah,Sunny,https://api-apps.bmkg.go.id/storage/icon/cuaca/cerah-am.svg,2026-09-20T04:00:00Z
33,33.74,33.74.16,33.74.16.1005,33.74.16.1005,Jawa Tengah,Kota Semarang,Tugu,Mangkang Wetan,2026-09-19T12:00:00,2026-09-20 07:00:00,2026-09-20 14:00:00,18-19,31,60,0,8,12.7,NW,359,SE,,,0,Cerah,Sunny,https://api-apps.bmkg.go.id/storage/icon/cuaca/cerah-am.svg,2026-09-20T07:00:00Z
33,33.74,33.74.16,33.74.16.1005,33.74.16.1005,Jawa Tengah,Kota Semarang,Tugu,Mangkang Wetan,2026-09-19T12:00:00,2026-09-20 10:00:00,2026-09-20 17:00:00,21-22,28,77,0,9,7.2,SW,269,NE,,,0,Cerah,Sunny,https://api-apps.bmkg.go.id/storage/icon/cuaca/cerah-am.svg,2026-09-20T10:00:00Z
33,33.74,33.74.16,33.74.16.1005,33.74.16.1005,Jawa Tengah,Kota Semarang,Tugu,Mangkang Wetan,2026-09-19T12:00:00,2026-09-20 13:00:00,2026-09-20 20:00:00,24-25,27,76,0.1,0,8.9,SE,142,NW,,,0,Cerah,Sunny,https://api-apps.bmkg.go.id/storage/icon/cuaca/cerah-pm.svg,2026-09-20T13:00:00Z
33,33.74,33.74.16,33.74.16.1005,33.74.16.1005,Jawa Tengah,Kota Semarang,Tugu,Mangkang Wetan,2026-09-19T12:00:00,2026-09-20 16:00:00,2026-09-20 23:00:00,27-28,26,82,0.1,0,6,SE,146,NW,,,0,Cerah,Sunny,https://api-apps.bmkg.go.id/storage/icon/cuaca/cerah-pm.svg,2026-09-20T16:00:00Z
33,33.74,33.74.16,33.74.16.1005,33.74.16.1005,Jawa Tengah,Kota Semarang,Tugu,Mangkang Wetan,2026-09-19T12:00:00,2026-09-20 19:00:00,2026-09-21 02:00:00,30-31,25,81,0,0,7.5,SE,136,NW,,,0,Cerah,Sunny,https://api-apps.bmkg.go.id/storage/icon/cuaca/cerah-pm.svg,2026-09-20T19:00:00Z
33,33.74,33.74.16,33.74.16.1005,33.74.16.1005,Jawa Tengah,Kota Semarang,Tugu,Mangkang Wetan,2026-09-19T12:00:00,2026-09-20 22:00:00,2026-09-21 05:00:00,33-34,25,73,0,0,8.8,E,125,W,,,0,Cerah,Sunny,https://api-apps.bmkg.go.id/storage/icon/cuaca/cerah-pm.svg,2026-09-20T22:00:00Z
33,33.74,33.74.16,33.74.16.1005,33.74.16.1005,Jawa Tengah,Kota Semarang,Tugu,Mangkang Wetan,2026-09-19T12:00:00,2026-09-21 01:00:00,2026-09-21 08:00:00,36-37,30,55,0,0,15.7,E,98,W,,,0,Cerah,Sunny,https://api-apps.bmkg.go.id/storage/icon/cuaca/cerah-am.svg,2026-09-21T01:00:00Z
33,33.74,33.74.16,33.74.16.1005,33.74.16.1005,Jawa Tengah,Kota Semarang,Tugu,Mangkang Wetan,2026-09-19T12:00:00,2026-09-21 04:00:00,2026-09-21 11:00:00,39-40,34,45,0,29,14.4,NE,66,SW,,,1,Cerah,Sunny,https://api-apps.bmkg.go.id/storage/icon/cuaca/cerah-am.svg,2026-09-21T04:00:00Z
33,33.74,33.74.16,33.74.16.1005,33.74.16.1005,Jawa Tengah,Kota Semarang,Tugu,Mangkang Wetan,2026-09-19T12:00:00,2026-09-21 07:00:00,2026-09-21 14:00:00,42-43,31,67,0.1,30,8.9,NW,348,SE,,,1,Cerah,Sunny,https://api-apps.bmkg.go.id/storage/icon/cuaca/cerah-am.svg,2026-09-21T07:00:00Z
33,33.74,33.74.16,33.74.16.1005,33.74.16.1005,Jawa Tengah,Kota Semarang,Tugu,Mangkang Wetan,2026-09-19T12:00:00,2026-09-21 10:00:00,2026-09-21 17:00:00,45-46,29,75,0.1,17,10.1,SW,268,NE,,,1,Cerah,Sunny,https://api-apps.bmkg.go.id/storage/icon/cuaca/cerah-am.svg,2026-09-21T10:00:00Z
33,33.74,33.74.16,33.74.16.1005,33.74.16.1005,Jawa Tengah,Kota Semarang,Tugu,Mangkang Wetan,2026-09-19T12:00:00,2026-09-21 13:00:00,2026-09-21 20:00:00,48-49,27,78,0,30,7.6,SE,142,NW,,,1,Cerah,Sunny,https://api-apps.bmkg.go.id/storage/icon/cuaca/cerah-pm.svg,2026-09-21T13:00:00Z
33,33.74,33.74.16,33.74.16.1005,33.74.16.1005,Jawa Tengah,Kota Semarang,Tugu,Mangkang Wetan,2026-09-19T12:00:00,2026-09-21 16:00:00,2026-09-21 23:00:00,51-52,26,80,0,16,5.7,SE,170,NW,,,1,Cerah,Sunny,https://api-apps.bmkg.go.id/storage/icon/cuaca/cerah-pm.svg,2026-09-21T16:00:00Z
33,33.74,33.74.16,33.74.16.1006,33.74.16.1006,Jawa Tengah,Kota Semarang,Tugu,Mangkang Kulon,2026-09-19T12:00:00,2026-09-19 16:00:00,2026-09-19 23:00:00,3-4,26,71,0,6,5,SE,177,NW,,,0,Cerah,Sunny,https://api-apps.bmkg.go.id/storage/icon/cuaca/cerah-pm.svg,2026-09-19T16:00:00Z
33,33.74,33.74.16,33.74.16.1006,33.74.16.1006,Jawa Tengah,Kota Semarang,Tugu,Mangkang Kulon,2026-09-19T12:00:00,2026-09-19 19:00:00,2026-09-20 02:00:00,6-7,25,72,0,1,5.4,SE,157,NW,,,0,Cerah,Sunny,https://api-apps.bmkg.go.id/storage/icon/cuaca/cerah-pm.svg,2026-09-19T19:00:00Z
33,33.74,33.74.16,33.74.16.1006,33.74.16.1006,Jawa Tengah,Kota Semarang,Tugu,Mangkang Kulon,2026-09-19T12:00:00,2026-09-19 22:00:00,2026-09-20 05:00:00,9-10,25,73,0,0,5.6,E,132,W,,,0,Cerah,Sunny,https://api-apps.bmkg.go.id/storage/icon/cuaca/cerah-pm.svg,2026-09-19T22:00:00Z
33,33.74,33.74.16,33.74.16.1006,33.74.16.1006,Jawa Tengah,Kota Semarang,Tugu,Mangkang Kulon,2026-09-19T12:00:00,2026-09-20 01:00:00,2026-09-20 08:00:00,12-13,29,56,0,6,10.5,NE,77,SW,,,0,Cerah,Sunny,https://api-apps.bmkg.go.id/storage/icon/cuaca/cerah-am.svg,2026-09-20T01:00:00Z
33,33.74,33.74.16,33.74.16.1006,33.74.16.1006,Jawa Tengah,Kota Semarang,Tugu,Mangkang Kulon,2026-09-19T12:00:00,2026-09-20 04:00:00,2026-09-20 11:00:00,15-16,32,55,0,3,11.2,N,13,S,,,0,Cerah,Sunny,https://api-apps.bmkg.go.id/storage/icon/cuaca/cerah-am.svg,2026-09-20T04:00:00Z
33,33.74,33.74.16,33.74.16.1006,33.74.16.1006,Jawa Tengah,Kota Semarang,Tugu,Mangkang Kulon,2026-09-19T12:00:00,2026-09-20 07:00:00,2026-09-20 14:00:00,18-19,31,65,0,4,12.7,NW,359,SE,,,0,Cerah,Sunny,https://api-apps.bmkg.go.id/storage/icon/cuaca/cerah-am.svg,2026-09-20T07:00:00Z
33,33.74,33.74.16,33.74.16.1006,33.74.16.1006,Jawa Tengah,Kota Semarang,Tugu,Mangkang Kulon,2026-09-19T12:00:00,2026-09-20 10:00:00,2026-09-20 17:00:00,21-22,28,78,0,9,7.2,SW,269,NE,,,0,Cerah,Sunny,https://api-apps.bmkg.go.id/storage/icon/cuaca/cerah-am.svg,2026-09-20T10:00:00Z
33,33.74,33.74.16,33.74.16.1006,33.74.16.1006,Jawa Tengah,Kota Semarang,Tugu,Mangkang Kulon,2026-09-19T12:00:00,2026-09-20 13:00:00,2026-09-20 20:00:00,24-25,28,77,0.1,0,8.9,SE,142,NW,,,0,Cerah,Sunny,https://api-apps.bmkg.go.id/storage/icon/cuaca/cerah-pm.svg,2026-09-20T13:00:00Z
33,33.74,33.74.16,33.74.16.1006,33.74.16.1006,Jawa Tengah,Kota Semarang,Tugu,Mangkang Kulon,2026-09-19T12:00:00,2026-09-20 16:00:00,2026-09-20 23:00:00,27-28,27,82,0.1,0,6,SE,146,NW,,,0,Cerah,Sunny,https://api-apps.bmkg.go.id/storage/icon/cuaca/cerah-pm.svg,2026-09-20T16:00:00Z
33,33.74,33.74.16,33.74.16.1006,33.74.16.1006,Jawa Tengah,Kota Semarang,Tugu,Mangkang Kulon,2026-09-19T12:00:00,2026-09-20 19:00:00,2026-09-21 02:00:00,30-31,26,81,0,1,7.5,SE,136,NW,,,0,Cerah,Sunny,https://api-apps.bmkg.go.id/storage/icon/cuaca/cerah-pm.svg,2026-09-20T19:00:00Z
33,33.74,33.74.16,33.74.16.1006,33.74.16.1006,Jawa Tengah,Kota Semarang,Tugu,Mangkang Kulon,2026-09-19T12:00:00,2026-09-20 22:00:00,2026-09-21 05:00:00,33-34,26,73,0,0,8.8,E,125,W,,,0,Cerah,Sunny,https://api-apps.bmkg.go.id/storage/icon/cuaca/cerah-pm.svg,2026-09-20T22:00:00Z
33,33.74,33.74.16,33.74.16.1006,33.74.16.1006,Jawa Tengah,Kota Semarang,Tugu,Mangkang Kulon,2026-09-19T12:00:00,2026-09-21 01:00:00,2026-09-21 08:00:00,36-37,30,58,0,0,15.7,E,98,W,,,0,Cerah,Sunny,https://api-apps.bmkg.go.id/storage/icon/cuaca/cerah-am.svg,2026-09-21T01:00:00Z
33,33.74,33.74.16,33.74.16.1006,33.74.16.1006,Jawa Tengah,Kota Semarang,Tugu,Mangkang Kulon,2026-09-19T12:00:00,2026-09-21 04:00:00,2026-09-21 11:00:00,39-40,33,50,0,28,14.4,NE,66,SW,,,1,Cerah,Sunny,https://api-apps.bmkg.go.id/storage/icon/cuaca/cerah-am.svg,2026-09-21T04:00:00Z
33,33.74,33.74.16,33.74.16.1006,33.74.16.1006,Jawa Tengah,Kota Semarang,Tugu,Mangkang Kulon,2026-09-19T12:00:00,2026-09-21 07:00:00,2026-09-21 14:00:00,42-43,30,70,0.1,26,8.9,NW,348,SE,,,1,Cerah,Sunny,https://api-apps.bmkg.go.id/storage/icon/cuaca/cerah-am.svg,2026-09-21T07:00:00Z
33,33.74,33.74.16,33.74.16.1006,33.74.16.1006,Jawa Tengah,Kota Semarang,Tugu,Mangkang Kulon,2026-09-19T12:00:00,2026-09-21 10:00:00,2026-09-21 17:00:00,45-46,29,76,0.1,18,10.1,SW,268,NE,,,1,Cerah,Sunny,https://api-apps.bmkg.go.id/storage/icon/cuaca/cerah-am.svg,2026-09-21T10:00:00Z
33,33.74,33.74.16,33.74.16.1006,33.74.16.1006,Jawa Tengah,Kota Semarang,Tugu,Mangkang Kulon,2026-09-19T12:00:00,2026-09-21 13:00:00,2026-09-21 20:00:00,48-49,27,78,0.1,37,7.6,SE,142,NW,,,1,Cerah,Sunny,https://api-apps.bmkg.go.id/storage/icon/cuaca/cerah-pm.svg,2026-09-21T13:00:00Z
33,33.74,33.74.16,33.74.16.1006,33.74.16.1006,Jawa Tengah,Kota Semarang,Tugu,Mangkang Kulon,2026-09-19T12:00:00,2026-09-21 16:00:00,2026-09-21 23:00:00,51-52,27,80,0,17,5.7,SE,170,NW,,,1,Cerah,Sunny,https://api-apps.bmkg.go.id/storage/icon/cuaca/cerah-pm.svg,2026-09-21T16:00:00Z
33,33.74,33.74.16,33.74.16.1007,33.74.16.1007,Jawa Tengah,Kota Semarang,Tugu,Mangunharjo,2026-09-19T12:00:00,2026-09-19 16:00:00,2026-09-19 23:00:00,3-4,26,72,0,5,5,SE,177,NW,,,0,Cerah,Sunny,https://api-apps.bmkg.go.id/storage/icon/cuaca/cerah-pm.svg,2026-09-19T16:00:00Z
33,33.74,33.74.16,33.74.16.1007,33.74.16.1007,Jawa Tengah,Kota Semarang,Tugu,Mangunharjo,2026-09-19T12:00:00,2026-09-19 19:00:00,2026-09-20 02:00:00,6-7,25,71,0,0,5.4,SE,157,NW,,,0,Cerah,Sunny,https://api-apps.bmkg.go.id/storage/icon/cuaca/cerah-pm.svg,2026-09-19T19:00:00Z
33,33.74,33.74.16,33.74.16.1007,33.74.16.1007,Jawa Tengah,Kota Semarang,Tugu,Mangunharjo,2026-09-19T12:00:00,2026-09-19 22:00:00,2026-09-20 05:00:00,9-10,25,73,0,0,5.6,E,132,W,,,0,Cerah,Sunny,https://api-apps.bmkg.go.id/storage/icon/cuaca/cerah-pm.svg,2026-09-19T22:00:00Z
33,33.74,33.74.16,33.74.16.1007,33.74.16.1007,Jawa Tengah,Kota Semarang,Tugu,Mangunharjo,2026-09-19T12:00:00,2026-09-20 01:00:00,2026-09-20 08:00:00,12-13,30,54,0,7,10.5,NE,77,SW,,,0,Cerah,Sunny,https://api-apps.bmkg.go.id/storage/icon/cuaca/cerah-am.svg,2026-09-20T01:00:00Z
33,33.74,33.74.16,33.74.16.1007,33.74.16.1007,Jawa Tengah,Kota Semarang,Tugu,Mangunharjo,2026-09-19T12:00:00,2026-09-20 04:00:00,2026-09-20 11:00:00,15-16,33,49,0,4,11.2,N,13,S,,,0,Cerah,Sunny,https://api-apps.bmkg.go.id/storage/icon/cuaca/cerah-am.svg,2026-09-20T04:00:00Z
33,33.74,33.74.16,33.74.16.1007,33.74.16.1007,Jawa Tengah,Kota Semarang,Tugu,Mangunharjo,2026-09-19T12:00:00,2026-09-20 07:00:00,2026-09-20 14:00:00,18-19,31,59,0,6,12.7,NW,359,SE,,,0,Cerah,Sunny,https://api-apps.bmkg.go.id/storage/icon/cuaca/cerah-am.svg,2026-09-20T07:00:00Z
33,33.74,33.74.16,33.74.16.1007,33.74.16.1007,Jawa Tengah,Kota Semarang,Tugu,Mangunharjo,2026-09-19T12:00:00,2026-09-20 10:00:00,2026-09-20 17:00:00,21-22,28,77,0,10,7.2,SW,269,NE,,,0,Cerah,Sunny,https://api-apps.bmkg.go.id/storage/icon/cuaca/cerah-am.svg,2026-09-20T10:00:00Z
33,33.74,33.74.16,33.74.16.1007,33.74.16.1007,Jawa Tengah,Kota Semarang,Tugu,Mangunharjo,2026-09-19T12:00:00,2026-09-20 13:00:00,2026-09-20 20:00:00,24-25,27,76,0.1,0,8.9,SE,142,NW,,,0,Cerah,Sunny,https://api-apps.bmkg.go.id/storage/icon/cuaca/cerah-pm.svg,2026-09-20T13:00:00Z
33,33.74,33.74.16,33.74.16.1007,33.74.16.1007,Jawa Tengah,Kota Semarang,Tugu,Mangunharjo,2026-09-19T12:00:00,2026-09-20 16:00:00,2026-09-20 23:00:00,27-28,26,83,0.1,0,6,SE,146,NW,,,0,Cerah,Sunny,https://api-apps.bmkg.go.id/storage/icon/cuaca/cerah-pm.svg,2026-09-20T16:00:00Z
33,33.74,33.74.16,33.74.16.1007,33.74.16.1007,Jawa Tengah,Kota Semarang,Tugu,Mangunharjo,2026-09-19T12:00:00,2026-09-20 19:00:00,2026-09-21 02:00:00,30-31,25,82,0,1,7.5,SE,136,NW,,,0,Cerah,Sunny,https://api-apps.bmkg.go.id/storage/icon/cuaca/cerah-pm.svg,2026-09-20T19:00:00Z
33,33.74,33.74.16,33.74.16.1007,33.74.16.1007,Jawa Tengah,Kota Semarang,Tugu,Mangunharjo,2026-09-19T12:00:00,2026-09-20 22:00:00,2026-09-21 05:00:00,33-34,25,74,0,0,8.8,E,125,W,,,0,Cerah,Sunny,https://api-apps.bmkg.go.id/storage/icon/cuaca/cerah-pm.svg,2026-09-20T22:00:00Z
33,33.74,33.74.16,33.74.16.1007,33.74.16.1007,Jawa Tengah,Kota Semarang,Tugu,Mangunharjo,2026-09-19T12:00:00,2026-09-21 01:00:00,2026-09-21 08:00:00,36-37,30,55,0,0,15.7,E,98,W,,,0,Cerah,Sunny,https://api-apps.bmkg.go.id/storage/icon/cuaca/cerah-am.svg,2026-09-21T01:00:00Z
33,33.74,33.74.16,33.74.16.1007,33.74.16.1007,Jawa Tengah,Kota Semarang,Tugu,Mangunharjo,2026-09-19T12:00:00,2026-09-21 04:00:00,2026-09-21 11:00:00,39-40,34,45,0,29,14.4,NE,66,SW,,,1,Cerah,Sunny,https://api-apps.bmkg.go.id/storage/icon/cuaca/cerah-am.svg,2026-09-21T04:00:00Z
33,33.74,33.74.16,33.74.16.1007,33.74.16.1007,Jawa Tengah,Kota Semarang,Tugu,Mangunharjo,2026-09-19T12:00:00,2026-09-21 07:00:00,2026-09-21 14:00:00,42-43,31,67,0.1,33,8.9,NW,348,SE,,,1,Cerah,Sunny,https://api-apps.bmkg.go.id/storage/icon/cuaca/cerah-am.svg,2026-09-21T07:00:00Z
33,33.74,33.74.16,33.74.16.1007,33.74.16.1007,Jawa Tengah,Kota Semarang,Tugu,Mangunharjo,2026-09-19T12:00:00,2026-09-21 10:00:00,2026-09-21 17:00:00,45-46,28,77,0.1,19,10.1,SW,268,NE,,,1,Cerah,Sunny,https://api-apps.bmkg.go.id/storage/icon/cuaca/cerah-am.svg,2026-09-21T10:00:00Z
33,33.74,33.74.16,33.74.16.1007,33.74.16.1007,Jawa Tengah,Kota Semarang,Tugu,Mangunharjo,2026-09-19T12:00:00,2026-09-21 13:00:00,2026-09-21 20:00:00,48-49,27,77,0,30,7.6,SE,142,NW,,,1,Cerah,Sunny,https://api-apps.bmkg.go.id/storage/icon/cuaca/cerah-pm.svg,2026-09-21T13:00:00Z
33,33.74,33.74.16,33.74.16.1007,33.74.16.1007,Jawa Tengah,Kota Semarang,Tugu,Mangunharjo,2026-09-19T12:00:00,2026-09-21 16:00:00,2026-09-21 23:00:00,51-52,26,81,0,19,5.7,SE,170,NW,,,1,Cerah,Sunny,https://api-apps.bmkg.go.id/storage/icon/cuaca/cerah-pm.svg,2026-09-21T16:00:00Z
