nim,kode_mk,nilai_angka,nilai_huruf,semester
2210001,SD1202,65,B,1
2210001,SD1201,55,B,5
2210001,SI1201,78,D,3
2210002,SD1102,83,E,2
2210002,IF1101,69,E,2
2210002,SI1101,66,C,6
2210003,SD2201,85,C,1
2210003,SI1201,48,A,4
2210003,IF1201,69,A,5
2210004,SD2301,64,C,6
2210004,SD1201,48,D,2
2210004,SI1201,90,C,3
2210005,SD1102,87,C,4
2210005,SD1101,57,A,2
2210005,SI1201,99,C,4
2210006,IF1101,69,E,2
2210006,SD2301,71,C,3
2210006,SD1101,71,E,5
2210007,SD2101,93,C,3
2210007,IF1101,84,B,2
2210007,SI1101,58,A,6
2210008,SD2401,50,E,4
2210008,SI1101,66,C,5
2210008,SI1201,100,C,4
2210009,IF1101,82,C,3
2210009,SD1201,92,C,5
2210009,SD2401,59,C,1
2210010,SD2201,85,C,5
2210010,SD1202,70,B,3
2210010,IF1201,81,D,5
2210011,IF1201,73,A,5
2210011,SI1201,84,B,4
2210011,SD1101,69,A,6
2210012,IF1101,73,D,2
2210012,SD2201,67,D,3
2210012,SD1101,41,A,5
2210013,SI1201,,D,5
2210013,IF1201,84,D,4
2210013,SD1202,55,D,6
2210014,IF1101,80,D,5
2210014,SD2401,73,C,5
2210014,SI1201,70,A,2
2210015,SD1101,50,E,5
2210015,SD2401,84,D,2
2210015,IF1201,79,C,3
2210016,SD1102,75,D,4
2210016,SI1101,68,D,4
2210016,SD1202,56,D,6
2210017,SD1202,63,E,5
2210017,SD1201,72,E,1
2210017,SD1102,71,D,3
2210018,SD1101,75,B,1
2210018,SD2301,54,B,4
2210018,SD2201,64,B,1
2210019,SD2201,57,D,4
2210019,SD1202,75,D,5
2210019,IF1101,65,E,1
2210020,SD1101,68,D,2
2210020,SD1201,70,A,2
2210020,SD1202,68,B,6
2210021,SD1201,70,D,5
2210021,SD2401,64,B,5
2210021,SD2301,75,A,2
2210022,SD1101,59,C,5
2210022,SD2201,79,D,6
2210022,SD1102,71,C,2
2210023,SD2201,49,D,1
2210023,SD2301,77,E,1
2210023,SD1101,60,D,4
2210024,SD1102,68,B,5
2210024,SD1101,91,C,2
2210024,SD1202,75,D,5
2210025,SD1201,69,C,4
2210025,SD1101,74,C,4
2210025,IF1101,87,C,2
2210026,SD2101,94,C,3
2210026,SD1102,63,D,1
2210026,SI1201,75,B,6
2210027,SD1202,42,D,3
2210027,IF1101,74,B,4
2210027,SD1102,56,C,5
2210028,SD1101,76,E,2
2210028,SI1101,71,E,2
2210028,SD2101,65,E,3
2210029,SD2201,31,E,6
2210029,SD1201,81,B,4
2210029,SD2301,77,C,3
2210030,SD2101,61,D,6
2210030,SD1201,88,C,1
2210030,SD2401,85,C,6
2210031,SI1201,77,C,3
2210031,SD1202,81,D,4
2210031,SD2301,87,C,3
2210032,SI1101,79,B,4
2210032,SD1201,60,D,4
2210032,SD1101,67,D,4
2210033,SI1201,72,A,1
2210033,SD2201,71,C,1
2210033,SD2401,81,E,5
2210034,SI1101,60,B,6
2210034,SD1202,82,D,2
2210034,SD1101,85,C,3
2210035,SD2301,58,B,4
2210035,IF1201,,C,3
2210035,SD1102,82,D,6
2210036,SD1201,74,E,3
2210036,IF1101,53,B,5
2210036,SD1202,68,A,2
2210037,SD1101,89,C,5
2210037,SI1101,70,D,1
2210037,IF1201,82,A,5
2210038,IF1201,58,C,4
2210038,SI1101,59,C,6
2210038,SD1101,74,A,1
2210039,IF1101,71,A,1
2210039,SI1101,66,B,2
2210039,SD1201,69,E,2
2210040,SD1101,52,A,5
2210040,SD2301,83,C,1
2210040,SD1202,88,C,3
2210041,SD1102,54,B,5
2210041,SI1101,68,D,4
2210041,SI1201,74,D,6
2210042,SD2201,82,A,2
2210042,SI1201,80,C,4
2210042,SI1101,76,E,3
2210043,SD1201,65,A,4
2210043,SD2301,50,D,2
2210043,SD2101,75,C,5
2210044,SD1101,80,B,3
2210044,SI1101,71,A,1
2210044,SD2301,84,E,6
2210045,SD2201,70,A,5
2210045,SI1101,,A,5
2210045,SD1101,41,D,6
2210046,SD2401,67,D,6
2210046,SD2101,66,C,3
2210046,SD1202,78,C,1
2210047,SI1201,66,B,5
2210047,IF1201,99,C,2
2210047,SD2301,100,C,3
2210048,SD2201,78,B,4
2210048,SD1201,77,C,4
2210048,IF1101,82,B,5
2210049,SD1102,44,A,1
2210049,SI1101,85,C,5
2210049,SD1202,62,D,1
2210050,SI1101,78,B,6
2210050,SD1101,79,E,5
2210050,SI1201,81,D,3
2210051,IF1101,85,C,1
2210051,SD2101,68,E,5
2210051,SD1201,77,C,1
2210052,SD1201,71,B,5
2210052,SD2401,83,A,3
2210052,SI1101,88,C,6
2210053,SI1101,88,C,3
2210053,SD1201,57,E,4
2210053,SI1201,89,C,1
2210054,SD2101,94,C,1
2210054,SD1101,60,E,2
2210054,SD1102,51,A,3
2210055,IF1101,89,C,3
2210055,SD1102,64,E,1
2210055,SI1101,85,C,1
2210056,SD1101,94,C,6
2210056,SD2401,88,C,6
2210056,SD2301,79,E,6
2210057,SD1201,58,B,2
2210057,SD2201,60,B,5
2210057,IF1201,85,C,2
2210058,IF1201,72,E,5
2210058,SD2301,82,D,2
2210058,SD2101,66,E,5
2210059,SD1201,71,B,1
2210059,IF1101,67,E,5
2210059,SD1102,70,C,6
2210060,SI1101,66,C,4
2210060,SD1101,64,D,2
2210060,SD2401,61,C,2
2210061,SD1102,79,B,1
2210061,SD2201,65,D,2
2210061,IF1201,64,C,1
2210062,SD2201,60,D,3
2210062,IF1101,77,E,2
2210062,IF1201,54,A,5
2210063,IF1101,86,C,3
2210063,SI1101,75,E,4
2210063,SD1202,74,A,2
2210064,SI1101,88,C,1
2210064,IF1101,87,C,2
2210064,SD2301,90,C,1
2210065,SD1101,80,A,2
2210065,SD1202,69,A,3
2210065,SD2101,80,E,2
2210066,SD1102,71,B,4
2210066,SD2401,63,E,2
2210066,SD1101,87,C,4
2210067,SD2101,75,D,4
2210067,IF1201,59,A,4
2210067,SI1101,57,A,2
2210068,IF1201,65,E,1
2210068,SD2201,62,E,6
2210068,SD1201,72,D,5
2210069,SD2201,90,C,2
2210069,SD1202,84,C,6
2210069,IF1201,55,B,5
2210070,SD1102,77,B,1
2210070,IF1201,86,C,1
2210070,SD2101,60,B,2
2210071,IF1101,66,C,1
2210071,SI1201,73,E,2
2210071,SD2201,74,A,1
2210072,SI1101,65,E,5
2210072,SD2201,93,C,6
2210072,SD1101,89,C,4
2210073,SI1101,72,B,3
2210073,SD1102,72,C,2
2210073,SD2401,77,A,1
2210074,SD1102,82,A,6
2210074,SD1101,75,B,5
2210074,SD1202,55,D,5
2210075,SD1102,81,C,3
2210075,SD1202,82,B,6
2210075,SD2201,80,A,5
2210076,SD2401,75,C,4
2210076,SD2201,77,A,4
2210076,SD2301,63,D,2
2210077,SD1201,73,B,6
2210077,SD2101,96,C,2
2210077,IF1101,92,C,4
2210078,SD2101,67,C,6
2210078,SD1202,71,D,3
2210078,SD2301,59,E,3
2210079,SD1101,65,C,2
2210079,SD1202,42,A,4
2210079,SI1101,71,B,4
2210080,SI1101,91,C,3
2210080,SD1202,84,A,3
2210080,SI1201,76,C,4
2210081,SD1202,,C,3
2210081,SD2301,86,C,2
2210081,SI1101,71,E,1
2210082,SD2401,65,D,6
2210082,SD2201,69,E,1
2210082,SD1201,99,C,4
2210083,SD1201,38,E,5
2210083,SD1102,58,E,5
2210083,IF1201,61,C,2
2210084,SI1201,70,A,3
2210084,IF1201,68,E,1
2210084,SD1201,84,C,3
2210085,SD2301,78,D,3
2210085,SD1201,66,B,4
2210085,IF1101,84,D,6
2210086,SD2201,54,C,6
2210086,IF1201,59,E,4
2210086,SD2301,74,E,5
2210087,SD1201,64,C,4
2210087,SD2301,93,C,3
2210087,SD2201,70,B,3
2210088,SD1102,81,D,3
2210088,SD1202,83,D,6
2210088,IF1201,81,B,3
2210089,SD1101,78,C,5
2210089,IF1101,,C,4
2210089,SD1201,77,D,3
2210090,SD1201,57,D,1
2210090,IF1101,56,E,4
2210090,SI1201,64,C,6
2210091,SD1201,74,A,4
2210091,IF1201,76,C,5
2210091,SD2201,74,D,3
2210092,SD2201,89,C,2
2210092,SD2301,66,B,1
2210092,SD2401,64,B,1
2210093,SD1202,76,C,1
2210093,SD2301,65,A,1
2210093,SD1102,92,C,4
2210094,SD1102,59,E,2
2210094,SD1101,44,C,5
2210094,SD1202,55,A,3
2210095,SD1102,78,E,2
2210095,SD2301,79,C,6
2210095,SD1202,69,E,2
2210096,SI1101,87,C,5
2210096,IF1201,80,B,1
2210096,SD2401,88,C,3
2210097,SD2201,92,C,5
2210097,SD2301,74,E,5
2210097,SI1101,76,C,2
2210098,SD1102,78,B,5
2210098,SI1101,73,D,4
2210098,SD2401,74,B,2
2210099,SD2101,75,D,4
2210099,IF1101,83,A,4
2210099,SD1201,91,C,5
2210100,SD2201,75,A,5
2210100,SD1201,76,E,3
2210100,IF1201,67,D,3
2210101,SD2101,59,E,3
2210101,SD2401,70,A,4
2210101,SD2201,56,E,5
2210102,SD1101,63,C,5
2210102,SD2101,66,B,2
2210102,SI1101,72,B,1
2210103,SD1202,60,B,3
2210103,SD2301,65,D,2
2210103,SI1201,87,C,4
2210104,SI1201,69,C,1
2210104,IF1101,58,A,1
2210104,IF1201,89,C,4
2210105,SD1101,60,A,4
2210105,SD1102,68,D,4
2210105,SI1101,78,C,6
2210106,SI1201,80,D,2
2210106,SD2301,70,E,6
2210106,IF1201,79,B,6
2210107,SD2101,64,D,6
2210107,SD1202,68,C,6
2210107,SD1101,79,B,6
2210108,SD1102,82,C,3
2210108,SD2201,,C,6
2210108,SD1201,77,E,6
2210109,SD2301,91,C,1
2210109,SI1201,54,E,2
2210109,IF1201,70,D,2
2210110,SD1102,82,B,1
2210110,IF1101,85,C,1
2210110,SD2301,79,E,6
2210111,SI1101,78,E,6
2210111,SD1102,74,A,5
2210111,SD2201,71,C,1
2210112,SD1101,97,C,2
2210112,SI1101,71,B,4
2210112,SD2301,67,E,1
2210113,SD1102,78,A,5
2210113,IF1201,77,A,4
2210113,SD1201,30,C,6
2210114,SD2101,54,D,3
2210114,IF1101,79,B,2
2210114,SD2401,78,E,1
2210115,SD1202,41,E,6
2210115,SD2201,66,A,3
2210115,SD1101,84,B,2
2210116,SD2101,65,E,2
2210116,SI1101,50,B,4
2210116,IF1201,89,C,2
2210117,IF1201,79,C,3
2210117,SD2201,70,D,5
2210117,IF1101,68,A,2
2210118,SD2101,76,D,3
2210118,IF1101,77,B,1
2210118,SD2401,67,E,2
2210119,SD2201,71,B,4
2210119,SI1201,63,D,3
2210119,SD2401,71,D,1
2210120,SD2301,61,D,1
2210120,SD1202,71,E,1
2210120,IF1101,83,A,3
2210121,SD2201,52,B,6
2210121,SD2401,77,C,1
2210121,SD1202,59,D,5
2210122,SD2401,84,E,1
2210122,SD1102,80,C,6
2210122,SD1101,50,C,1
2210123,IF1201,84,E,4
2210123,SD2201,82,C,3
2210123,SI1201,95,C,4
2210124,SD1201,74,E,1
2210124,SD2101,78,C,3
2210124,SD2401,81,C,1
2210125,IF1201,83,B,1
2210125,SD1202,96,C,4
2210125,SD1101,75,A,4
2210126,IF1101,69,A,3
2210126,SD1202,56,A,1
2210126,SD2101,77,E,6
2210127,SD2201,81,C,6
2210127,IF1101,62,D,1
2210127,SD2301,89,C,1
2210128,SD2301,71,D,4
2210128,SD2401,77,A,1
2210128,IF1201,65,D,1
2210129,SD1102,72,E,4
2210129,IF1101,76,B,4
2210129,SD2301,74,E,3
2210130,SD2401,,C,5
2210130,SI1201,62,C,4
2210130,SD1202,76,D,4
2210131,SI1101,85,C,5
2210131,IF1101,88,C,1
2210131,IF1201,69,D,2
2210132,SD1201,60,D,1
2210132,SD2301,80,D,3
2210132,SD1102,98,C,5
2210133,SD1202,59,A,6
2210133,SD2401,76,C,1
2210133,SD1201,70,A,1
2210134,SD1101,58,E,1
2210134,SD2401,86,C,5
2210134,SD2201,96,C,5
2210135,SD2301,91,C,6
2210135,IF1101,64,C,1
2210135,SI1201,48,B,5
2210136,SD1202,64,A,3
2210136,SI1101,56,E,4
2210136,SI1201,,A,3
2210137,SI1101,76,B,3
2210137,SD1101,,C,2
2210137,SD1102,59,E,3
2210138,IF1201,50,C,6
2210138,SD1201,66,C,6
2210138,SI1201,66,C,3
2210139,SD1102,78,E,3
2210139,SD2401,68,B,4
2210139,IF1201,75,E,4
2210140,SD2301,67,D,1
2210140,SI1101,67,A,1
2210140,SD1201,71,D,1
2210141,SD2401,67,A,2
2210141,SD2301,,E,1
2210141,SI1201,78,C,4
2210142,SD1202,75,E,5
2210142,IF1201,,D,5
2210142,IF1101,81,C,6
2210143,SD1101,,B,5
2210143,SD2401,73,D,1
2210143,SI1201,74,C,1
2210144,SD2301,87,C,2
2210144,IF1201,93,C,3
2210144,SD1102,57,A,5
2210145,SI1201,,A,3
2210145,SD2101,81,D,4
2210145,IF1201,83,D,5
2210146,SD1201,67,A,2
2210146,SD1202,54,C,1
2210146,SD2201,99,C,3
2210147,SD1201,77,B,3
2210147,SD1102,84,E,1
2210147,SI1201,71,A,6
2210148,SD1102,,B,4
2210148,SI1201,65,E,2
2210148,SD2301,65,B,3
2210149,SD1201,66,C,3
2210149,SD1101,61,E,5
2210149,SI1101,60,C,3
2210150,SD1101,79,C,4
2210150,IF1201,63,C,1
2210150,SD1102,80,B,6
2210151,SD1101,73,E,5
2210151,SD2101,76,B,5
2210151,SD2301,69,E,4
2210152,SD1102,100,C,1
2210152,SD1202,62,D,6
2210152,IF1201,74,C,6
2210153,SD2401,89,C,5
2210153,SD2301,69,E,1
2210153,SD1202,85,C,4
2210154,IF1201,80,D,4
2210154,SD2301,55,C,1
2210154,SD1201,80,E,6
2210155,IF1201,79,E,5
2210155,SD2201,62,C,2
2210155,SD2401,65,D,2
2210156,SD1201,77,C,2
2210156,SD2401,82,C,3
2210156,SD1101,67,C,5
2210157,SD2301,58,A,4
2210157,IF1101,61,D,4
2210157,SD1202,55,A,3
2210158,SI1101,58,D,1
2210158,SD2401,50,D,5
2210158,SD2201,75,A,6
2210159,SD2301,70,B,3
2210159,SD1102,71,E,5
2210159,IF1101,77,C,5
2210160,SD2101,60,A,2
2210160,SD1201,69,E,3
2210160,IF1101,80,E,2
2210161,SD1201,83,B,3
2210161,IF1101,94,C,2
2210161,SI1201,82,A,4
2210162,SD1102,58,D,4
2210162,SD1202,60,C,4
2210162,SD2401,62,E,6
2210163,SI1201,77,D,5
2210163,SD1101,78,A,2
2210163,SI1101,78,C,5
2210164,SI1201,66,A,4
2210164,SD1101,76,D,1
2210164,SD2201,60,B,4
2210165,SD2201,57,A,2
2210165,IF1201,73,C,1
2210165,IF1101,84,E,6
2210166,SD2101,67,B,2
2210166,SD1102,80,D,5
2210166,SI1101,90,C,5
2210167,SD1101,77,B,4
2210167,SI1101,100,C,3
2210167,IF1101,67,A,4
2210168,SD2301,89,C,2
2210168,SD1102,71,D,1
2210168,IF1101,70,C,3
2210169,SD2101,78,B,5
2210169,IF1101,60,E,1
2210169,SI1101,70,B,1
2210170,SD2301,80,D,2
2210170,SD2201,56,A,4
2210170,SD1101,72,A,3
2210171,SD1202,94,C,1
2210171,SI1101,61,D,5
2210171,SD1101,62,E,4
2210172,SD2301,92,C,2
2210172,IF1101,73,E,2
2210172,SD1102,77,B,4
2210173,SD2201,76,B,3
2210173,IF1101,79,A,6
2210173,SI1201,67,E,6
2210174,SD1102,80,B,4
2210174,IF1101,75,A,5
2210174,SD1101,70,C,5
2210175,SD2101,65,E,5
2210175,SD1101,84,D,1
2210175,SD1202,87,C,2
2210176,SD2101,,C,1
2210176,SI1201,74,E,3
2210176,IF1101,100,C,2
2210177,SD2401,71,E,5
2210177,SD2301,,B,2
2210177,SD1202,72,B,6
2210178,SD2101,66,B,3
2210178,IF1201,61,C,6
2210178,IF1101,62,A,4
2210179,SD1202,63,B,5
2210179,SD1102,62,B,5
2210179,IF1101,74,E,5
2210180,SD2201,92,C,2
2210180,SD2101,66,A,3
2210180,SD1101,71,B,2
2210181,SD1101,68,E,5
2210181,SD1201,82,C,6
2210181,SI1201,70,E,1
2210182,SD1202,48,E,1
2210182,SI1201,78,D,6
2210182,IF1201,74,B,1
2210183,SI1201,69,B,2
2210183,IF1201,85,C,1
2210183,SI1101,77,C,3
2210184,SD2301,72,D,4
2210184,SI1101,76,E,6
2210184,SD1201,100,C,3
2210185,SD2301,,E,1
2210185,SD2401,49,B,5
2210185,SD2101,80,A,5
2210186,SD2301,91,C,4
2210186,SD1101,59,B,2
2210186,SD1201,71,D,4
2210187,SD1102,72,B,4
2210187,IF1201,71,C,5
2210187,SI1201,70,D,6
2210188,SD1101,98,C,1
2210188,SD2301,57,B,2
2210188,SD2201,81,E,3
2210189,SD2401,57,D,4
2210189,SD2101,100,C,4
2210189,SD1201,67,B,1
2210190,SD1102,70,A,1
2210190,IF1101,80,A,3
2210190,SD2301,,E,3
2210191,SI1101,60,A,6
2210191,SD1102,78,E,6
2210191,SD2301,83,D,1
2210192,SD1202,68,C,1
2210192,SI1201,79,E,4
2210192,SD2201,52,B,3
2210193,SD1101,62,C,1
2210193,SD2201,71,D,5
2210193,SD1102,65,B,4
2210194,SD2201,67,C,1
2210194,SD2101,65,A,1
2210194,SI1101,81,A,3
2210195,SD2401,81,B,2
2210195,IF1201,69,D,1
2210195,SD1102,73,B,5
2210196,SI1101,66,A,1
2210196,SD1202,64,E,4
2210196,SD1201,87,C,3
2210197,SI1201,64,A,2
2210197,SD1101,61,C,5
2210197,IF1101,80,B,4
2210198,SI1101,78,A,5
2210198,IF1101,79,A,6
2210198,SD1202,64,A,3
2210199,IF1101,62,E,1
2210199,SD1102,73,D,1
2210199,SD1202,58,B,3
2210200,SI1101,59,C,5
2210200,SD1201,53,C,1
2210200,SI1201,57,C,1
2210201,SD2301,94,C,1
2210201,SD2201,91,C,6
2210201,SI1101,66,C,6
2210202,SI1101,64,D,1
2210202,IF1201,58,D,5
2210202,SD2401,74,A,3
2210203,SD2101,78,B,3
2210203,SI1201,62,C,4
2210203,SD1202,55,B,5
2210204,SD2301,73,E,2
2210204,SD1201,55,A,3
2210204,SD1101,61,D,5
2210205,IF1101,70,B,3
2210205,SI1101,54,C,3
2210205,SD1201,84,E,5
2210206,IF1201,92,C,5
2210206,IF1101,71,D,1
2210206,SD1202,81,A,6
2210207,SD1102,66,A,3
2210207,SD2301,75,C,5
2210207,SD2101,77,A,2
2210208,SD2101,96,C,5
2210208,SD1202,66,B,5
2210208,SD1101,61,A,1
2210209,SD2201,81,E,3
2210209,SD2301,65,B,2
2210209,IF1101,51,D,6
2210210,IF1101,60,A,5
2210210,SI1201,62,B,5
2210210,SD1101,76,E,6
2210211,SD1101,86,C,1
2210211,SD1202,71,E,6
2210211,SI1201,96,C,2
2210212,SD1102,69,C,1
2210212,SD2101,62,E,2
2210212,IF1201,69,B,4
2210213,SI1201,65,B,1
2210213,IF1201,49,B,5
2210213,SD1202,70,C,4
2210214,IF1101,99,C,3
2210214,SD2201,79,A,5
2210214,SD1101,67,C,6
2210215,SD2401,63,A,4
2210215,SI1201,78,C,5
2210215,SD2201,83,E,6
2210216,SD2401,76,D,2
2210216,SD1101,60,C,1
2210216,IF1201,75,B,5
2210217,SD2301,81,D,4
2210217,SD1102,81,D,2
2210217,IF1101,60,B,4
2210218,SD1201,89,C,3
2210218,SD2101,81,E,3
2210218,IF1101,72,E,3
2210219,IF1201,61,A,3
2210219,SI1201,82,A,2
2210219,SI1101,67,D,5
2210220,SI1101,59,D,5
2210220,IF1201,82,D,4
2210220,SD1202,85,C,4
2210221,SI1201,62,D,2
2210221,IF1201,84,B,5
2210221,SD1202,83,C,6
2210222,SD2201,78,B,6
2210222,SI1201,71,C,6
2210222,SD2101,65,B,2
2210223,SI1201,85,C,6
2210223,IF1101,78,D,4
2210223,SD1101,79,E,5
2210224,SD2301,83,A,4
2210224,SD2201,73,E,2
2210224,SD2101,91,C,1
2210225,SI1101,78,D,5
2210225,SD1202,77,D,5
2210225,SD1102,78,B,3
2210226,SD1102,65,D,1
2210226,SI1201,81,A,1
2210226,SD1101,66,D,5
2210227,SD1201,63,E,3
2210227,SI1201,74,D,6
2210227,IF1101,54,E,6
2210228,SD1101,89,C,5
2210228,SD2101,62,A,6
2210228,IF1101,68,C,6
2210229,SI1101,,C,6
2210229,SD2101,74,C,3
2210229,SD1201,64,A,5
2210230,SD1102,75,B,3
2210230,SD2101,81,E,6
2210230,IF1201,70,A,5
2210231,SD1102,59,B,6
2210231,IF1101,84,C,4
2210231,IF1201,72,C,6
2210232,SI1101,52,D,3
2210232,IF1201,64,B,4
2210232,SD2201,78,A,3
2210233,SD2101,63,C,6
2210233,IF1101,56,E,6
2210233,IF1201,67,A,4
2210234,SI1201,67,B,4
2210234,SD2101,95,C,2
2210234,SD1202,73,B,6
2210235,SD2401,72,B,5
2210235,SD1102,54,C,1
2210235,SD1202,64,D,4
2210236,SI1101,78,A,4
2210236,SD2401,70,E,2
2210236,SD1201,87,C,1
2210237,SD2101,86,C,5
2210237,SD2301,100,C,3
2210237,SI1101,76,C,1
2210238,IF1101,59,C,5
2210238,SD1202,77,E,4
2210238,SD2201,85,C,4
2210239,SD1202,86,C,6
2210239,SI1101,71,E,3
2210239,SD2401,94,C,2
2210240,IF1201,93,C,1
2210240,SD1201,68,D,3
2210240,SD2201,89,C,1
2210241,SI1101,76,C,4
2210241,SD1102,64,D,5
2210241,SD1101,72,B,4
2210242,SD2301,71,C,1
2210242,SI1201,73,D,6
2210242,SD2101,73,A,2
2210243,SI1201,87,C,3
2210243,IF1101,64,B,6
2210243,IF1201,52,A,4
2210244,SD1101,66,A,1
2210244,IF1101,77,E,3
2210244,SD2101,58,C,1
2210245,SD2301,72,C,1
2210245,SD1201,71,E,3
2210245,SD1202,69,C,5
2210246,SD1201,90,C,1
2210246,IF1101,69,A,1
2210246,SD1102,65,A,5
2210247,SD2101,70,D,6
2210247,SD2301,54,E,6
2210247,SD1201,56,D,6
2210248,SI1201,65,C,4
2210248,SD2301,71,A,2
2210248,SD1101,77,E,1
2210249,SD2201,60,D,5
2210249,SD1102,81,A,2
2210249,SD1201,72,E,5
2210250,SD1202,68,E,5
2210250,SD1101,64,B,5
2210250,SD2201,90,C,3
2210251,IF1201,65,E,5
2210251,SD2201,78,C,5
2210251,SD1202,84,A,1
2210252,SD2401,78,D,1
2210252,IF1101,,E,3
2210252,SD1201,52,C,6
2210253,SD2301,96,C,4
2210253,SD1102,80,D,4
2210253,SD1202,55,A,6
2210254,SD1202,64,A,4
2210254,IF1101,70,A,5
2210254,SD2101,72,C,5
2210255,SD2401,67,D,1
2210255,SD1101,81,A,4
2210255,SD1201,72,B,2
2210256,SD2401,77,C,4
2210256,SD1201,70,B,1
2210256,IF1201,82,E,4
2210257,SD2301,,E,1
2210257,SD2101,69,B,2
2210257,SD1202,71,E,2
2210258,SI1101,62,B,2
2210258,IF1201,64,A,2
2210258,SD1201,51,D,6
2210259,SD1201,58,D,6
2210259,SI1101,70,A,4
2210259,SI1201,57,A,4
2210260,SD2101,55,C,3
2210260,SI1201,89,C,2
2210260,SD1101,55,C,4
2210261,SD1202,48,C,2
2210261,SD2301,72,B,3
2210261,SI1101,82,D,5
2210262,SD2101,64,B,4
2210262,SD2301,79,D,2
2210262,SD2401,72,A,2
2210263,SD1202,57,A,6
2210263,SD2401,69,D,1
2210263,SD1201,66,B,3
2210264,IF1201,73,B,2
2210264,SD2101,64,C,1
2210264,SD1101,88,C,3
2210265,SD1101,56,D,5
2210265,IF1101,63,A,5
2210265,SD2101,72,E,3
2210266,SD2101,77,D,6
2210266,IF1101,70,A,1
2210266,SD2301,96,C,4
2210267,SD2401,83,C,6
2210267,SD2201,74,E,4
2210267,SI1101,81,B,1
2210268,IF1201,78,A,2
2210268,SD1101,71,E,2
2210268,SD2301,83,D,5
2210269,SD2401,59,C,3
2210269,SI1101,66,E,5
2210269,SD2201,68,E,3
2210270,SD1101,64,C,4
2210270,IF1101,73,E,2
2210270,SI1201,44,E,6
2210271,SD2101,77,C,6
2210271,IF1201,39,B,1
2210271,SD2301,65,C,3
2210272,SI1201,86,C,6
2210272,SD2201,67,D,5
2210272,SD1202,58,C,4
2210273,SD2201,76,D,1
2210273,SD2301,72,C,2
2210273,SD1201,68,A,2
2210274,SI1101,,C,4
2210274,SD2401,49,A,3
2210274,SD1102,67,A,3
2210275,SD1102,98,C,4
2210275,SD1202,71,C,2
2210275,SD2301,81,E,5
2210276,SD1201,82,A,3
2210276,SD2201,74,A,5
2210276,SD2101,88,C,1
2210277,SD1102,66,B,1
2210277,SI1201,73,C,3
2210277,SD1202,56,D,5
2210278,IF1201,65,E,6
2210278,SD1202,69,C,4
2210278,SD2301,78,D,4
2210279,SI1101,70,E,4
2210279,IF1101,86,C,5
2210279,SD1102,78,E,3
2210280,SD2101,61,B,3
2210280,SD1201,77,C,4
2210280,IF1201,67,A,6
2210281,IF1101,83,A,4
2210281,SD1201,76,C,2
2210281,SD1202,81,B,4
2210282,SD1102,58,B,1
2210282,SD1202,,D,5
2210282,SD1201,79,D,2
2210283,SD1102,59,A,6
2210283,SD1202,65,A,6
2210283,SD1201,60,C,4
2210284,SI1201,85,C,5
2210284,SD1102,79,D,1
2210284,SD1202,72,D,2
2210285,SD1102,84,B,5
2210285,SD2401,73,B,3
2210285,SI1201,40,B,2
2210286,SD1201,78,B,3
2210286,SD1101,80,C,1
2210286,SI1201,72,E,6
2210287,SD1201,65,C,1
2210287,SI1101,51,E,1
2210287,SD1101,70,D,4
2210288,SD1101,65,E,3
2210288,SI1201,91,C,5
2210288,IF1101,69,E,3
2210289,SD1201,72,D,6
2210289,IF1101,71,C,2
2210289,SD2101,73,A,1
2210290,SI1201,70,C,5
2210290,SD2201,84,E,1
2210290,SD2101,61,D,4
2210291,SD1101,73,D,6
2210291,SD1202,69,C,1
2210291,SD1201,76,E,2
2210292,SD1102,51,C,6
2210292,SI1201,87,C,5
2210292,SD2201,56,D,2
2210293,SD2401,94,C,6
2210293,SD2201,60,B,2
2210293,SD2101,89,C,6
2210294,SD1202,73,C,3
2210294,SD1201,73,B,3
2210294,IF1201,74,E,1
2210295,SD1202,54,E,2
2210295,SD2201,76,B,5
2210295,SD2101,80,D,6
2210296,SD1101,78,A,5
2210296,IF1101,70,E,4
2210296,SI1101,74,E,5
2210297,SD2101,100,C,1
2210297,SD1102,54,A,3
2210297,IF1101,56,B,6
2210298,SI1101,82,C,6
2210298,SD1202,63,B,3
2210298,SD1102,79,D,4
2210299,IF1101,73,C,2
2210299,SI1101,56,C,4
2210299,SD1101,65,D,1
2210300,SD2301,68,D,5
2210300,SD2401,78,C,5
2210300,SD2201,75,C,2
2310001,SD2101,56,B,4
2310001,SD1202,100,C,4
2310001,SI1101,69,D,2
2310002,SD2101,80,C,4
2310002,SD1102,63,A,2
2310002,SD2401,76,D,3
2310003,SD2201,65,B,4
2310003,IF1201,75,D,1
2310003,IF1101,64,B,1
2310004,IF1101,73,C,3
2310004,SD1102,59,E,5
2310004,SD2301,75,D,1
2310005,SD1202,39,C,5
2310005,SD2301,62,C,1
2310005,SI1201,70,A,3
2310006,SI1201,75,D,6
2310006,SD1102,82,B,2
2310006,SD2101,63,B,3
2310007,SD1102,67,B,4
2310007,IF1201,75,A,1
2310007,SD1202,81,B,4
2310008,SI1101,53,D,2
2310008,SD1202,62,E,3
2310008,SD1201,48,C,1
2310009,SD2201,61,A,3
2310009,SD1102,64,A,1
2310009,SD2301,70,D,2
2310010,SD1102,80,A,5
2310010,SI1201,68,D,2
2310010,SD1201,77,E,1
2310011,SD1101,83,B,5
2310011,SD2101,83,D,1
2310011,SD1202,79,B,6
2310012,SD2401,66,C,2
2310012,SD1201,85,C,4
2310012,IF1201,79,D,4
2310013,SD1102,80,E,1
2310013,SD1201,71,B,3
2310013,SI1201,84,D,2
2310014,SI1201,83,B,6
2310014,SD1101,50,A,6
2310014,SD2101,53,E,2
2310015,SD1201,62,A,5
2310015,SI1201,55,D,2
2310015,SD2401,74,C,6
2310016,SD1202,60,A,6
2310016,SI1201,,D,5
2310016,IF1201,65,A,3
2310017,SD1201,50,E,1
2310017,IF1101,69,D,1
2310017,SD1202,85,C,1
2310018,SD2401,57,D,3
2310018,SD1102,69,A,5
2310018,SI1201,89,C,1
2310019,IF1101,,B,4
2310019,SD1102,45,A,1
2310019,SI1101,82,A,3
2310020,SD1102,80,B,3
2310020,IF1101,70,D,2
2310020,SD2201,74,D,1
2310021,SD1201,79,A,2
2310021,SD2401,,E,3
2310021,IF1201,92,C,2
2310022,SD2401,78,A,3
2310022,SD2301,68,E,3
2310022,SD1202,87,C,1
2310023,SD1201,77,C,6
2310023,SD2101,64,D,2
2310023,SD2401,74,A,4
2310024,SD2401,73,C,6
2310024,IF1101,87,C,5
2310024,SD1101,74,E,6
2310025,SI1101,65,E,2
2310025,SD1202,78,C,5
2310025,IF1201,70,A,2
2310026,SD2101,84,D,1
2310026,SD2401,98,C,4
2310026,SD1202,82,D,6
2310027,SD2301,64,E,5
2310027,IF1101,73,E,5
2310027,SI1101,71,E,6
2310028,SD2101,92,C,5
2310028,IF1101,91,C,5
2310028,SD1101,65,A,6
2310029,SI1101,71,C,6
2310029,SD1201,73,E,6
2310029,IF1201,70,C,2
2310030,SI1101,66,B,5
2310030,IF1201,71,C,5
2310030,SD2401,76,E,4
2310031,SD1102,58,B,4
2310031,SD1202,82,A,6
2310031,SD2101,65,B,2
2310032,SD1202,53,E,3
2310032,SD2401,69,D,5
2310032,SD1101,74,E,4
2310033,SI1201,78,C,1
2310033,IF1201,73,A,3
2310033,SI1101,68,D,1
2310034,SD2101,81,D,3
2310034,SD2401,83,E,3
2310034,SD1202,83,B,5
2310035,SD2201,46,E,5
2310035,SD1201,65,B,4
2310035,SI1101,52,A,4
2310036,SI1101,58,B,6
2310036,SD2201,88,C,4
2310036,SD1102,75,D,3
2310037,IF1101,60,E,6
2310037,SD1202,70,A,5
2310037,SD1101,62,D,2
2310038,SD1201,56,D,5
2310038,SD1101,69,A,2
2310038,SD2301,70,B,4
2310039,SD2301,49,C,2
2310039,SI1101,57,D,1
2310039,SD1201,79,A,1
2310040,SD2201,54,B,3
2310040,SD1201,94,C,5
2310040,IF1201,81,B,2
2310041,SD1202,59,B,1
2310041,SD1101,63,C,2
2310041,IF1101,73,B,1
2310042,IF1101,41,B,3
2310042,SD2401,77,B,3
2310042,SI1201,83,C,3
2310043,SD2301,89,C,2
2310043,IF1101,88,C,3
2310043,SD2201,68,A,1
2310044,SD1101,46,B,3
2310044,SD1201,68,D,3
2310044,SD2101,77,A,2
2310045,SD1202,83,E,2
2310045,SD2301,76,C,1
2310045,SD2201,51,B,5
2310046,SD2101,63,B,3
2310046,SD2201,,C,2
2310046,SD1201,69,A,1
2310047,SD1202,65,B,5
2310047,IF1101,86,C,6
2310047,SD2301,70,E,1
2310048,SD1202,68,C,5
2310048,SD1102,90,C,1
2310048,IF1101,65,E,1
2310049,SD2101,69,C,1
2310049,SD2401,78,C,2
2310049,SI1201,54,C,1
2310050,SD1101,68,C,6
2310050,SD2301,77,A,4
2310050,SD2401,78,D,6
2310051,SD2401,74,A,3
2310051,SD1101,89,C,2
2310051,IF1201,90,C,6
2310052,SI1201,73,C,4
2310052,SD1201,94,C,5
2310052,SD1101,74,B,4
2310053,IF1201,90,C,4
2310053,SD2101,57,C,3
2310053,SI1101,62,D,6
2310054,SI1101,71,E,2
2310054,IF1201,78,E,6
2310054,SD1101,70,D,1
2310055,SD1201,63,C,4
2310055,IF1201,70,A,2
2310055,SD1101,87,C,4
2310056,IF1101,80,E,1
2310056,SD1101,65,B,3
2310056,SD1102,63,C,1
2310057,SD2301,,A,6
2310057,SD1202,74,E,4
2310057,IF1101,68,D,2
2310058,IF1101,77,A,3
2310058,SD1101,82,E,4
2310058,SD2401,84,D,4
2310059,SI1101,78,E,2
2310059,SD2101,63,E,2
2310059,SD2401,57,C,3
2310060,SD2401,65,E,6
2310060,SD1201,63,A,3
2310060,SI1201,60,D,1
2310061,IF1101,75,D,4
2310061,SD2101,76,E,2
2310061,SI1201,81,E,2
2310062,SD2301,74,B,3
2310062,SD1201,76,A,5
2310062,SD2201,74,D,1
2310063,SD2301,68,C,3
2310063,SD2401,79,E,3
2310063,SD1102,62,C,3
2310064,SD1201,58,D,4
2310064,SI1101,80,C,6
2310064,SD2301,72,A,4
2310065,SD2201,81,E,2
2310065,SD1201,68,C,1
2310065,SD2101,63,B,3
2310066,SD1201,56,C,4
2310066,SD2101,84,B,4
2310066,SD2301,72,C,6
2310067,SD2301,69,B,4
2310067,SD1102,67,E,2
2310067,SI1101,94,C,2
2310068,SD1202,81,B,3
2310068,IF1201,70,A,1
2310068,SD2301,81,D,3
2310069,SD2401,62,A,5
2310069,IF1101,83,A,5
2310069,SD1102,94,C,1
2310070,SD2101,77,E,5
2310070,SD1102,,C,3
2310070,SD2301,89,C,2
2310071,SD2201,76,C,3
2310071,SD2101,67,E,1
2310071,SD1101,78,E,2
2310072,SD2301,55,B,4
2310072,SD1102,68,B,3
2310072,SD1201,67,E,2
2310073,SD1101,72,B,2
2310073,SD1102,61,A,1
2310073,SD2301,65,E,2
2310074,SD1201,65,E,3
2310074,SD1202,67,C,2
2310074,IF1101,100,C,4
2310075,SD2401,59,E,3
2310075,SD1202,62,D,3
2310075,SD1201,76,A,2
2310076,SD1101,63,A,2
2310076,SI1201,,E,4
2310076,SD1102,61,A,6
2310077,SD1202,55,B,1
2310077,SD2201,87,C,4
2310077,SD2401,69,D,2
2310078,SD2401,53,E,4
2310078,SD2201,71,A,2
2310078,SI1201,85,C,5
2310079,SD2301,,C,1
2310079,SD2101,49,C,4
2310079,SD2401,72,B,1
2310080,SD1102,,E,5
2310080,SD1201,63,C,5
2310080,SD2101,72,B,6
2310081,SD2401,55,C,4
2310081,SD1102,75,D,5
2310081,IF1201,83,C,1
2310082,SI1101,52,C,3
2310082,SD2301,37,E,1
2310082,SI1201,48,B,5
2310083,SD1101,91,C,6
2310083,SI1201,57,C,1
2310083,SD1202,73,C,5
2310084,SD1102,61,D,6
2310084,SD2401,82,A,1
2310084,SD1202,78,B,2
2310085,SD1102,72,C,1
2310085,SD2101,100,C,6
2310085,SD1202,55,A,1
2310086,SD1201,46,E,5
2310086,IF1101,52,D,1
2310086,SD1101,74,C,6
2310087,IF1101,72,D,4
2310087,SD2201,64,B,5
2310087,SD1101,70,B,2
2310088,SD1201,61,B,1
2310088,SI1201,78,E,1
2310088,SD1101,51,E,3
2310089,SD1202,,C,2
2310089,SD2301,58,A,3
2310089,IF1101,72,E,1
2310090,SD2301,76,E,1
2310090,SD1202,64,D,5
2310090,SI1201,78,D,6
2310091,SD1202,69,C,6
2310091,SD1201,80,E,3
2310091,IF1201,73,B,1
2310092,IF1101,70,D,5
2310092,SD2401,73,E,5
2310092,SD1101,65,C,3
2310093,SD2201,60,B,1
2310093,SI1201,59,B,3
2310093,SD1201,72,C,5
2310094,IF1101,73,B,5
2310094,SI1201,73,C,1
2310094,SD2401,79,E,3
2310095,IF1201,83,D,2
2310095,IF1101,43,C,1
2310095,SD1102,84,A,6
2310096,SD2201,53,B,2
2310096,SD1202,78,E,5
2310096,IF1201,68,B,4
2310097,SI1101,86,C,1
2310097,IF1101,71,B,1
2310097,SI1201,60,A,2
2310098,SD1202,73,C,1
2310098,SD1201,89,C,4
2310098,SD2201,46,A,5
2310099,IF1101,85,C,3
2310099,SI1201,67,A,3
2310099,SD2301,64,E,6
2310100,SD1101,84,A,3
2310100,SD2401,88,C,3
2310100,SI1101,77,D,1
2310101,SD2401,68,B,5
2310101,SI1201,79,D,3
2310101,SD1101,74,A,4
2310102,SD1102,68,A,6
2310102,SD2401,57,C,2
2310102,IF1201,87,C,4
2310103,SI1201,84,B,3
2310103,SD2201,64,C,5
2310103,SD1202,80,B,2
2310104,SD1201,81,B,3
2310104,IF1201,48,D,1
2310104,SI1101,85,C,4
2310105,SD2101,82,C,3
2310105,SD1201,67,D,1
2310105,IF1101,84,C,1
2310106,IF1101,70,E,2
2310106,SD1201,56,E,2
2310106,SD2101,81,A,6
2310107,SD2301,62,B,5
2310107,IF1101,70,E,6
2310107,SD1102,91,C,2
2310108,SI1201,66,B,1
2310108,IF1201,49,B,1
2310108,SD2101,80,C,5
2310109,SD2101,45,A,6
2310109,SI1101,62,A,3
2310109,SD2201,49,B,4
2310110,SI1201,67,A,2
2310110,SD2401,89,C,3
2310110,IF1201,55,D,3
2310111,SD1202,69,C,4
2310111,SD2301,82,B,3
2310111,SD2401,82,E,3
2310112,SI1101,92,C,6
2310112,SD1202,83,E,6
2310112,SD2301,75,D,1
2310113,SD1201,81,D,6
2310113,SD1102,70,C,1
2310113,IF1101,62,D,5
2310114,SD1102,55,C,2
2310114,SD2401,69,A,4
2310114,SD2201,80,B,5
2310115,SI1101,76,B,2
2310115,SD1102,45,D,5
2310115,SI1201,65,E,1
2310116,SI1201,68,B,1
2310116,IF1101,88,C,2
2310116,SD2101,67,E,3
2310117,SD2301,92,C,2
2310117,SD1102,72,C,2
2310117,IF1201,50,C,5
2310118,IF1101,54,E,3
2310118,SI1201,67,D,3
2310118,SD1101,74,E,4
2310119,SD1101,79,C,1
2310119,SD1201,52,B,6
2310119,SD1102,80,D,2
2310120,SD1101,62,A,2
2310120,SD1102,70,A,2
2310120,SD1201,79,E,1
2310121,SD2401,69,E,6
2310121,IF1101,85,C,4
2310121,SD1202,52,B,4
2310122,SD2101,68,E,6
2310122,SD1101,54,D,2
2310122,SD2401,55,B,5
2310123,SI1101,64,D,1
2310123,SD2401,70,C,2
2310123,SD1101,100,C,3
2310124,IF1201,75,C,4
2310124,SD2101,92,C,5
2310124,SD1202,69,D,3
2310125,SI1201,84,E,1
2310125,IF1201,94,C,4
2310125,SD2101,89,C,1
2310126,SD1101,69,A,6
2310126,SD2401,60,B,1
2310126,SI1101,49,C,6
2310127,IF1101,55,B,3
2310127,SD2401,77,D,3
2310127,SD2101,75,E,6
2310128,SD1102,57,A,1
2310128,SI1201,69,D,2
2310128,IF1201,70,C,6
2310129,SD1202,79,A,3
2310129,SD2201,79,C,2
2310129,SD2101,100,C,3
2310130,SI1101,60,A,2
2310130,SD1102,70,D,3
2310130,SD1201,,C,6
2310131,SI1101,54,C,6
2310131,SD1101,83,E,5
2310131,SD1202,81,E,1
2310132,SD1102,63,A,2
2310132,IF1201,81,B,5
2310132,IF1101,72,E,6
2310133,SI1101,50,D,1
2310133,SD1102,74,E,4
2310133,SD1201,68,A,2
2310134,SD2301,84,C,6
2310134,SD1202,69,D,2
2310134,IF1101,64,A,3
2310135,SD1101,77,E,2
2310135,SI1201,76,A,4
2310135,SD2201,69,C,5
2310136,IF1101,71,C,4
2310136,SD1101,54,A,3
2310136,IF1201,74,C,6
2310137,SD1201,71,C,3
2310137,SD2101,70,A,4
2310137,SD2201,70,B,5
2310138,SD1202,68,B,2
2310138,SI1101,63,C,5
2310138,SD1101,55,B,4
2310139,SD1201,71,D,6
2310139,IF1101,53,D,6
2310139,SD2101,,D,5
2310140,SD1201,59,C,4
2310140,SD2201,84,D,3
2310140,SI1101,75,B,6
2310141,SD1102,46,A,1
2310141,IF1101,68,E,1
2310141,SI1101,62,B,1
2310142,SD1101,66,A,3
2310142,IF1101,80,B,1
2310142,SD1202,66,C,1
2310143,SD2201,98,C,2
2310143,SD1201,68,E,2
2310143,IF1201,72,C,3
2310144,SD2301,77,B,3
2310144,SI1101,63,C,4
2310144,SD1202,62,E,6
2310145,IF1101,61,D,1
2310145,SD2301,74,D,1
2310145,SI1101,60,C,6
2310146,SD2101,82,A,5
2310146,SD2401,84,D,6
2310146,SD1202,80,A,6
2310147,SD2401,71,A,6
2310147,SD2201,67,C,6
2310147,SD1102,77,B,3
2310148,SI1201,79,D,5
2310148,SD1102,68,B,6
2310148,IF1101,68,D,1
2310149,SD2101,75,A,4
2310149,SD1101,89,C,2
2310149,SD1202,72,C,4
2310150,SD1101,66,D,6
2310150,SD2101,55,A,6
2310150,IF1201,76,D,3
2310151,SD2201,67,C,6
2310151,IF1201,66,E,5
2310151,SD1102,84,A,4
2310152,SD1102,68,B,4
2310152,SI1101,100,C,3
2310152,IF1101,80,E,3
2310153,SD2301,63,E,2
2310153,SD2201,63,D,1
2310153,SD2401,78,B,2
2310154,IF1101,81,B,3
2310154,SD1102,83,A,6
2310154,SD2101,73,C,1
2310155,SD2401,83,E,5
2310155,SI1201,48,E,3
2310155,SD1201,66,B,5
2310156,SD2401,63,E,2
2310156,SD1102,67,C,3
2310156,IF1101,66,B,6
2310157,IF1201,79,C,1
2310157,SD2101,79,C,3
2310157,SI1201,68,E,4
2310158,SD2301,83,E,3
2310158,IF1101,87,C,5
2310158,SD1101,74,C,2
2310159,IF1201,82,E,3
2310159,SD2301,84,E,6
2310159,SD2401,,C,1
2310160,IF1101,66,D,5
2310160,IF1201,92,C,5
2310160,SI1101,70,E,4
2310161,IF1101,66,D,2
2310161,SD1102,82,A,3
2310161,SD2101,,D,3
2310162,SI1201,69,C,1
2310162,SD1202,80,D,2
2310162,SD2401,77,D,6
2310163,IF1201,84,D,2
2310163,SI1201,71,C,1
2310163,SI1101,85,C,1
2310164,SD2401,55,C,3
2310164,SD1201,65,A,4
2310164,SD2101,62,E,3
2310165,SD1202,67,C,2
2310165,IF1101,63,D,2
2310165,SD2301,52,E,5
2310166,IF1201,79,B,3
2310166,IF1101,82,E,2
2310166,SD1101,38,A,3
2310167,SI1201,87,C,2
2310167,IF1101,74,E,3
2310167,SI1101,75,D,3
2310168,SD2401,66,E,4
2310168,SD1201,66,A,1
2310168,SD1202,84,A,6
2310169,SD1102,84,B,1
2310169,SD2401,79,B,2
2310169,SD1201,52,D,2
2310170,SD2301,66,D,5
2310170,IF1201,43,E,1
2310170,SI1101,91,C,3
2310171,SI1101,82,B,5
2310171,SD1102,78,C,1
2310171,SD1201,78,B,2
2310172,SD1101,71,D,4
2310172,SI1201,55,A,1
2310172,IF1101,89,C,5
2310173,IF1201,73,C,3
2310173,SD1202,77,B,2
2310173,SD2401,70,E,6
2310174,SD1101,70,A,1
2310174,SD1102,73,B,6
2310174,IF1101,64,D,4
2310175,SD1202,83,D,4
2310175,SD2201,80,E,4
2310175,SD1102,80,E,2
2310176,SD1201,67,A,6
2310176,IF1101,61,D,1
2310176,SD2301,90,C,5
2310177,SD2201,68,A,5
2310177,SD1201,89,C,5
2310177,SD1202,74,E,1
2310178,SD2301,73,A,4
2310178,SD1102,73,A,4
2310178,SD1201,71,D,1
2310179,IF1101,83,E,4
2310179,SD2101,88,C,6
2310179,SD2301,64,C,2
2310180,SD2101,66,E,3
2310180,IF1101,72,D,4
2310180,SD2401,79,E,1
2310181,SD1101,99,C,2
2310181,SI1201,76,C,6
2310181,SD2201,,E,1
2310182,SD1102,70,C,4
2310182,IF1201,68,E,5
2310182,SD2401,83,B,4
2310183,IF1101,61,C,2
2310183,SD1101,70,E,2
2310183,SD2401,73,A,5
2310184,SD2201,92,C,5
2310184,IF1201,93,C,5
2310184,SD2401,76,C,4
2310185,IF1201,61,B,5
2310185,SD1202,72,D,2
2310185,SI1101,76,D,3
2310186,SI1201,46,C,4
2310186,SD1202,93,C,3
2310186,SD2301,74,C,5
2310187,SI1201,71,B,3
2310187,SI1101,65,B,1
2310187,IF1201,65,B,1
2310188,IF1101,59,C,5
2310188,SD2401,88,C,6
2310188,SD1202,74,E,1
2310189,SD1201,61,A,6
2310189,SD1202,64,B,4
2310189,SD2301,92,C,3
2310190,IF1201,48,B,5
2310190,SD2201,82,D,4
2310190,SI1101,71,C,6
2310191,IF1101,68,C,3
2310191,SD2101,70,B,2
2310191,SD1202,73,E,3
2310192,IF1101,83,C,5
2310192,SI1201,87,C,6
2310192,IF1201,90,C,4
2310193,SD1202,69,C,1
2310193,IF1101,53,D,6
2310193,SD2401,64,B,2
2310194,IF1101,68,A,2
2310194,SD2101,75,B,2
2310194,SI1201,83,A,3
2310195,IF1101,67,B,5
2310195,SD2301,85,C,2
2310195,SI1201,63,D,5
2310196,IF1101,78,C,3
2310196,SD1101,65,D,4
2310196,SD2201,71,B,6
2310197,SD1202,78,C,6
2310197,SD2101,74,E,5
2310197,SD2401,76,E,2
2310198,IF1201,72,C,5
2310198,SD1202,43,E,5
2310198,SD1101,76,B,2
2310199,SI1201,60,E,4
2310199,SD1102,78,C,4
2310199,SD1201,81,E,2
2310200,SD2101,73,E,1
2310200,SD2401,82,C,2
2310200,SD1101,60,A,1
2310201,IF1201,58,C,1
2310201,SD1102,55,E,2
2310201,IF1101,61,A,6
2310202,SD1101,61,C,3
2310202,SD1102,60,E,3
2310202,SD2401,94,C,3
2310203,SD1202,64,A,3
2310203,SD2201,78,C,1
2310203,SD1101,68,B,5
2310204,SD1201,65,C,2
2310204,SI1201,70,A,2
2310204,SD1202,,C,3
2310205,SD2301,62,E,2
2310205,SD2401,80,C,3
2310205,SD1201,48,E,1
2310206,SD1102,83,B,2
2310206,SD2301,57,E,2
2310206,SD2401,77,C,6
2310207,SD2101,63,D,6
2310207,SD1201,69,A,5
2310207,SD2201,74,A,1
2310208,SI1101,69,B,1
2310208,SD2401,74,E,6
2310208,SD2201,72,E,5
2310209,SD1102,81,C,6
2310209,SD2201,72,D,3
2310209,SD1201,77,D,4
2310210,SD2401,81,A,6
2310210,SD2201,71,D,4
2310210,SI1101,62,C,4
2310211,IF1201,,B,6
2310211,SI1201,73,D,2
2310211,SD1101,,B,3
2310212,SI1201,73,E,3
2310212,IF1201,78,E,5
2310212,SD1101,63,E,6
2310213,SI1101,73,C,3
2310213,SD1102,64,A,6
2310213,SD1101,62,A,2
2310214,SD1201,68,E,4
2310214,SD2401,,B,6
2310214,SD2201,49,D,4
2310215,IF1201,97,C,4
2310215,SD2201,89,C,2
2310215,SD1102,77,A,1
2310216,SD1101,74,A,6
2310216,IF1201,61,E,2
2310216,SD1102,41,A,1
2310217,SD1101,76,A,4
2310217,SD2201,74,A,4
2310217,SI1201,80,B,5
2310218,IF1101,73,D,5
2310218,SD2101,75,B,6
2310218,SD1102,81,A,1
2310219,SD2301,75,A,3
2310219,SD1202,,B,4
2310219,SI1201,71,D,4
2310220,SD2301,76,D,1
2310220,SD2101,62,A,1
2310220,IF1201,47,B,3
2310221,SD2101,66,A,3
2310221,SD2301,73,A,6
2310221,SD1102,86,C,5
2310222,SD1201,58,D,1
2310222,IF1101,82,E,6
2310222,SD2401,64,C,4
2310223,SD1202,60,D,1
2310223,SD2201,58,E,3
2310223,IF1201,52,D,2
2310224,SD2401,57,D,2
2310224,SI1101,71,B,2
2310224,SD2301,78,C,3
2310225,SI1201,74,E,3
2310225,SI1101,70,D,5
2310225,SD1102,63,A,6
2310226,IF1201,77,D,5
2310226,SD2401,55,E,4
2310226,SD1101,61,A,6
2310227,SI1201,53,D,4
2310227,SD1101,65,A,4
2310227,IF1201,81,B,1
2310228,SD1202,77,B,6
2310228,SD2301,73,D,1
2310228,IF1201,73,E,2
2310229,SD1102,72,D,5
2310229,SD1101,76,D,2
2310229,IF1101,58,E,1
2310230,SD2101,100,C,2
2310230,SI1101,,B,4
2310230,SD1101,51,C,2
2310231,SD1101,52,D,5
2310231,SD2301,81,A,2
2310231,SD1202,49,E,1
2310232,SD2401,73,D,1
2310232,IF1101,66,E,6
2310232,SD1101,75,C,2
2310233,IF1101,65,C,2
2310233,SD1102,55,A,6
2310233,SI1101,58,E,2
2310234,SD1201,75,B,6
2310234,SD1102,52,C,3
2310234,SI1101,67,C,6
2310235,SD1102,59,B,4
2310235,SD1101,66,A,6
2310235,SD2301,64,B,6
2310236,SD2201,41,E,3
2310236,SD2301,75,C,1
2310236,SD1201,72,D,1
2310237,SI1201,67,D,3
2310237,SD2401,82,C,1
2310237,SD1202,72,D,3
2310238,SD1201,61,E,3
2310238,SD2301,49,E,2
2310238,SD2201,85,C,4
2310239,SD2201,78,A,5
2310239,SI1101,58,D,4
2310239,IF1101,56,A,1
2310240,SD1201,84,D,4
2310240,SD2401,74,D,4
2310240,SI1101,81,D,4
2310241,SD2401,77,E,2
2310241,SD2201,60,D,3
2310241,SD1202,66,B,2
2310242,SD2401,72,E,4
2310242,SD2201,79,A,3
2310242,SD1102,64,C,4
2310243,SD1101,83,D,6
2310243,SD1202,82,A,1
2310243,SI1201,61,D,4
2310244,SD1102,84,B,2
2310244,SD2201,76,B,5
2310244,SI1101,87,C,2
2310245,IF1101,76,C,2
2310245,SD1201,67,D,3
2310245,SD2401,81,D,6
2310246,SD1202,97,C,2
2310246,IF1201,,B,1
2310246,SD1201,78,C,3
2310247,SD2101,46,C,2
2310247,SI1101,67,C,6
2310247,SD1102,66,E,3
2310248,SD2201,64,C,2
2310248,IF1201,78,D,3
2310248,SD1101,73,A,5
2310249,SD2301,77,E,6
2310249,SI1101,87,C,5
2310249,IF1201,100,C,2
2310250,SI1101,72,A,2
2310250,SD2201,61,E,2
2310250,SD2301,71,D,2
2310251,SD1102,66,A,4
2310251,IF1101,79,B,3
2310251,SD1101,75,E,5
2310252,SD2101,87,C,6
2310252,IF1101,80,A,3
2310252,SD2301,75,D,3
2310253,SD2101,85,C,5
2310253,SI1101,54,D,6
2310253,SI1201,48,B,3
2310254,SD1201,63,C,3
2310254,SD2201,81,E,4
2310254,IF1101,59,D,6
2310255,SD1101,74,B,1
2310255,SD2201,79,E,5
2310255,SI1201,69,A,6
2310256,IF1201,83,A,6
2310256,SI1101,73,B,3
2310256,SD1201,81,D,3
2310257,SD1102,66,E,3
2310257,SD2401,71,C,5
2310257,SD2301,68,D,4
2310258,SD1202,82,E,2
2310258,SD2401,71,A,3
2310258,IF1101,63,D,1
2310259,SI1101,62,E,2
2310259,IF1201,53,B,3
2310259,SD1102,68,C,6
2310260,SI1201,86,C,1
2310260,IF1101,77,C,4
2310260,SD2201,74,A,3
2310261,SD2201,78,E,5
2310261,SD2301,83,C,5
2310261,SD1101,73,D,4
2310262,IF1201,75,D,2
2310262,SI1201,71,C,3
2310262,SD1101,70,A,4
2310263,SD1101,53,E,6
2310263,SD1201,66,E,2
2310263,SD2201,98,C,4
2310264,SD1202,60,E,4
2310264,SI1101,68,E,2
2310264,SD1101,72,E,3
2310265,SI1201,75,B,5
2310265,SD2401,54,E,3
2310265,SI1101,74,A,4
2310266,SD2101,54,D,5
2310266,SD2201,65,E,6
2310266,SD1202,48,B,3
2310267,SD2101,58,B,4
2310267,SD1101,83,D,1
2310267,SI1101,93,C,3
2310268,SD1201,68,B,4
2310268,SD2401,69,B,6
2310268,SD2101,70,D,2
2310269,SD1102,85,C,6
2310269,SI1101,60,B,3
2310269,SD2301,58,B,1
2310270,SD2101,63,C,1
2310270,SD2401,74,B,6
2310270,SD2201,74,A,4
2310271,SD1101,44,E,5
2310271,SD2301,69,A,6
2310271,SI1101,55,C,4
2310272,SD2101,81,E,4
2310272,SD1101,57,C,6
2310272,IF1201,69,D,3
2310273,IF1101,62,E,5
2310273,SD1201,76,C,6
2310273,IF1201,84,D,3
2310274,SI1101,71,E,1
2310274,SD2401,54,B,1
2310274,SD1202,48,D,6
2310275,IF1201,71,D,6
2310275,SD2301,55,A,3
2310275,SD1201,64,A,2
2310276,SI1201,65,E,1
2310276,SD1101,70,D,2
2310276,IF1201,,B,6
2310277,SI1101,72,D,1
2310277,SD2301,63,A,5
2310277,SD1102,95,C,6
2310278,SD2201,66,C,4
2310278,IF1101,84,A,1
2310278,SI1201,85,C,5
2310279,SI1201,82,A,2
2310279,SD1201,59,B,1
2310279,SI1101,80,A,3
2310280,IF1101,89,C,5
2310280,SD2401,47,D,4
2310280,SD2201,78,E,1
2310281,SD2201,50,B,2
2310281,SD2401,61,E,5
2310281,SD1102,85,C,5
2310282,SD1102,63,B,1
2310282,SI1101,70,C,3
2310282,SD1201,75,E,4
2310283,SD2101,91,C,5
2310283,SD2301,54,A,3
2310283,SI1201,76,B,3
2310284,SD2401,51,B,3
2310284,SD1101,73,A,6
2310284,SD2301,69,C,4
2310285,IF1101,66,E,2
2310285,SD1202,74,C,2
2310285,SD1201,63,E,1
2310286,SD1201,59,A,5
2310286,SD2201,56,D,5
2310286,SD1202,91,C,3
2310287,SD1202,83,B,6
2310287,IF1101,59,C,3
2310287,SD2201,76,A,4
2310288,SI1101,93,C,2
2310288,SD2201,64,E,2
2310288,SD2301,65,E,6
2310289,SD2401,66,A,5
2310289,IF1201,87,C,1
2310289,SD2301,74,C,1
2310290,SD1202,70,E,4
2310290,SD2201,74,B,3
2310290,SD2301,64,E,1
2310291,SI1101,70,E,2
2310291,SI1201,70,D,2
2310291,SD1102,71,E,3
2310292,IF1201,92,C,6
2310292,SD2101,71,D,6
2310292,SD1201,86,C,1
2310293,SI1101,62,D,5
2310293,SI1201,58,A,5
2310293,SD2201,86,C,3
2310294,SI1201,85,C,6
2310294,SD1202,54,E,3
2310294,SI1101,72,D,4
2310295,SI1101,61,E,2
2310295,SD2101,,D,6
2310295,SD2401,54,A,3
2310296,SD2401,72,E,4
2310296,IF1201,86,C,1
2310296,SD1101,73,E,2
2310297,SD2101,88,C,5
2310297,SD1202,53,C,1
2310297,SD1101,59,A,6
2310298,SD2101,64,A,3
2310298,SD1101,69,C,1
2310298,SD1201,83,A,5
2310299,SD1201,57,A,3
2310299,SD1102,65,A,2
2310299,SD2101,50,C,1
2310300,SD2301,79,A,1
2310300,SD1102,70,C,6
2310300,SI1201,62,A,3
2410001,SI1101,53,C,2
2410001,SD2401,68,B,3
2410001,SD2201,65,C,3
2410002,SD2301,73,B,6
2410002,SI1201,53,D,5
2410002,SD1101,67,B,3
2410003,SI1101,69,C,3
2410003,SD1202,72,E,5
2410003,SD2101,67,D,6
2410004,SI1201,,C,3
2410004,SD1101,58,B,5
2410004,SD1202,85,C,6
2410005,IF1201,73,E,2
2410005,SD1102,79,E,3
2410005,IF1101,65,B,5
2410006,SI1101,63,C,4
2410006,SD2301,80,C,4
2410006,SD1101,63,D,1
2410007,SD2301,71,C,1
2410007,SD1202,69,A,5
2410007,SD1101,56,D,6
2410008,IF1201,58,E,4
2410008,SD1201,56,B,2
2410008,SD2401,96,C,5
2410009,SD1202,68,E,1
2410009,IF1201,47,A,2
2410009,SD2201,55,B,3
2410010,SD1101,82,D,3
2410010,SD1102,46,D,3
2410010,SD2301,74,D,4
2410011,SD1201,82,E,6
2410011,SD1101,89,C,2
2410011,SD2101,86,C,2
2410012,SD1202,48,A,4
2410012,SD1102,74,B,2
2410012,IF1101,68,E,2
2410013,SD1201,74,B,2
2410013,SD1101,63,D,2
2410013,IF1201,68,C,6
2410014,SD2101,89,C,3
2410014,SD1202,60,E,2
2410014,SD1101,76,C,2
2410015,SD2101,59,E,6
2410015,SD2401,69,C,5
2410015,IF1101,63,D,2
2410016,SD1202,91,C,3
2410016,SD1201,76,D,6
2410016,IF1201,75,B,6
2410017,SI1201,100,C,4
2410017,SD1101,47,B,3
2410017,SD1201,65,E,1
2410018,SD2401,67,C,5
2410018,SD2301,59,D,2
2410018,SD1202,77,D,6
2410019,SD2401,74,E,4
2410019,SD1102,69,D,2
2410019,IF1201,72,B,5
2410020,SD1102,68,A,3
2410020,SD2301,80,B,3
2410020,SD1101,57,A,4
2410021,SD1102,73,D,5
2410021,SD1202,57,A,3
2410021,SD1201,66,A,4
2410022,SD1201,64,D,5
2410022,SD2201,,E,6
2410022,IF1101,74,C,5
2410023,SD1101,66,B,6
2410023,IF1101,83,E,2
2410023,SD2201,64,C,4
2410024,IF1201,85,C,3
2410024,SD1102,74,E,5
2410024,SD2401,63,B,6
2410025,SD2101,62,B,2
2410025,IF1101,60,D,1
2410025,SI1201,61,E,3
2410026,IF1201,,B,6
2410026,SD1201,59,C,1
2410026,IF1101,73,A,4
2410027,SI1101,85,C,3
2410027,SI1201,61,C,1
2410027,IF1201,56,B,2
2410028,SD1101,44,A,2
2410028,SD2101,77,B,4
2410028,SD2201,75,A,2
2410029,SD2401,67,C,2
2410029,SI1201,94,C,6
2410029,SI1101,82,C,1
2410030,SD2301,63,B,4
2410030,SD2101,90,C,1
2410030,SI1201,78,E,6
2410031,SD1101,64,A,2
2410031,SI1101,60,C,4
2410031,SI1201,73,D,2
2410032,SD1101,83,A,6
2410032,IF1201,87,C,3
2410032,SI1201,81,B,4
2410033,SD2301,88,C,5
2410033,SD1102,60,E,6
2410033,IF1201,78,A,1
2410034,SD1102,66,A,3
2410034,SD2401,59,D,3
2410034,IF1201,65,E,4
2410035,SI1201,67,E,1
2410035,IF1201,87,C,6
2410035,SD2101,72,B,1
2410036,SD1202,56,D,3
2410036,SD2301,68,B,2
2410036,SI1101,60,E,6
2410037,IF1201,69,B,1
2410037,SD2101,67,A,2
2410037,SI1101,81,E,6
2410038,SD1101,93,C,4
2410038,IF1201,71,D,3
2410038,SD2101,58,C,6
2410039,SD2301,72,A,1
2410039,IF1201,,A,1
2410039,SD2201,67,A,5
2410040,SD2101,66,E,4
2410040,SD2401,65,B,6
2410040,SI1201,56,E,3
2410041,SD2401,70,A,3
2410041,SD1201,82,C,6
2410041,SD2201,81,D,6
2410042,SD2301,65,B,3
2410042,SD2401,56,E,1
2410042,SD1101,66,B,1
2410043,IF1101,100,C,5
2410043,IF1201,54,B,4
2410043,SD2201,59,B,1
2410044,SI1201,65,E,6
2410044,SD2201,80,C,5
2410044,SD1101,84,A,5
2410045,IF1101,70,C,3
2410045,SD2201,78,D,3
2410045,SD1102,,A,2
2410046,IF1101,77,A,2
2410046,SD2301,68,D,3
2410046,SD1201,68,D,5
2410047,SD1202,83,C,2
2410047,IF1201,79,C,2
2410047,SD1101,92,C,2
2410048,SD2201,64,B,2
2410048,SD2401,63,D,2
2410048,SD2301,95,C,2
2410049,SD2201,74,C,6
2410049,SI1201,74,A,6
2410049,SD2301,65,A,3
2410050,SD2101,63,D,6
2410050,IF1101,55,E,1
2410050,SD1102,57,C,2
2410051,SI1101,56,D,6
2410051,IF1201,64,A,5
2410051,SI1201,79,C,1
2410052,SD2201,78,C,1
2410052,SD2101,60,A,6
2410052,SI1201,79,E,6
2410053,SD2301,59,B,2
2410053,IF1101,57,A,2
2410053,SD2201,86,C,6
2410054,SD2301,63,C,2
2410054,IF1101,77,A,3
2410054,SD1102,64,A,4
2410055,SI1101,67,D,2
2410055,SD1102,49,D,5
2410055,SD1201,71,E,1
2410056,SI1101,62,D,1
2410056,SD1102,76,E,3
2410056,SD1201,81,E,4
2410057,IF1201,74,C,6
2410057,IF1101,78,A,1
2410057,SD1101,93,C,3
2410058,SD2201,59,E,3
2410058,SD1101,45,D,3
2410058,SI1201,,A,4
2410059,SD2401,66,D,3
2410059,SD2301,77,B,4
2410059,SD2101,56,B,6
2410060,SD2401,76,D,3
2410060,SD2201,72,B,1
2410060,SD1201,71,B,1
2410061,SD2301,69,E,5
2410061,SD1201,69,C,1
2410061,SI1201,89,C,4
2410062,IF1101,79,D,4
2410062,SD1102,83,C,5
2410062,IF1201,98,C,5
2410063,SD2201,64,B,2
2410063,SD1201,78,B,3
2410063,IF1101,73,E,2
2410064,SD1101,80,A,2
2410064,SI1201,72,C,3
2410064,SD1201,70,A,5
2410065,SI1201,85,C,1
2410065,SI1101,67,C,3
2410065,IF1201,74,E,5
2410066,SD2201,74,C,3
2410066,SD1101,79,E,2
2410066,SD1201,66,E,4
2410067,SD2201,70,E,4
2410067,SD2301,68,A,4
2410067,SI1101,81,B,4
2410068,SD2101,48,A,4
2410068,SD2401,55,B,1
2410068,SD1102,56,E,1
2410069,SD1101,71,E,1
2410069,SI1101,80,C,2
2410069,SD1102,79,B,2
2410070,SD1201,82,C,1
2410070,SD1202,64,E,2
2410070,SD2301,78,E,6
2410071,SI1201,82,E,3
2410071,SD1202,69,C,5
2410071,IF1101,58,C,3
2410072,SD2301,84,D,1
2410072,SD1101,54,C,6
2410072,IF1201,54,D,1
2410073,IF1101,68,B,6
2410073,SI1201,94,C,6
2410073,SD1202,55,D,3
2410074,SD2301,74,E,3
2410074,SD1102,73,B,5
2410074,SD2401,,A,2
2410075,SD1102,59,D,1
2410075,SI1101,69,D,5
2410075,SD1202,81,E,6
2410076,SD1101,80,B,1
2410076,SD1202,64,A,3
2410076,SD2201,80,B,6
2410077,SD2201,79,C,3
2410077,SD2301,32,C,4
2410077,IF1201,73,E,5
2410078,SD1101,,D,2
2410078,IF1101,69,B,6
2410078,SD1202,99,C,6
2410079,SD1201,42,D,2
2410079,SD1101,100,C,3
2410079,SD2301,70,B,3
2410080,SD1102,77,D,2
2410080,SI1101,72,C,2
2410080,IF1101,71,A,4
2410081,IF1101,81,B,5
2410081,SD1101,85,C,3
2410081,SD1201,69,A,4
2410082,SD1202,84,C,4
2410082,SD1102,98,C,5
2410082,IF1201,94,C,6
2410083,SI1101,65,A,3
2410083,SD1102,65,E,3
2410083,IF1201,77,B,5
2410084,SI1201,70,B,3
2410084,SD2101,63,B,4
2410084,SD1202,71,A,5
2410085,IF1201,69,C,1
2410085,SD2201,59,D,1
2410085,SD1201,76,A,4
2410086,SD1101,62,D,5
2410086,SD2401,58,D,5
2410086,SD2101,60,E,4
2410087,SD2201,80,C,5
2410087,SI1201,69,D,2
2410087,SD1101,61,C,1
2410088,IF1201,88,C,5
2410088,SD2401,88,C,1
2410088,SD1101,,B,2
2410089,SD1101,82,D,3
2410089,SD2301,67,E,5
2410089,SD1102,68,E,2
2410090,IF1101,88,C,1
2410090,SD2301,57,E,5
2410090,SI1201,93,C,4
2410091,IF1201,61,D,3
2410091,SD2201,80,A,5
2410091,SD1102,89,C,3
2410092,SD1102,76,E,3
2410092,SD2301,89,C,3
2410092,SD1201,87,C,3
2410093,SD1201,40,C,6
2410093,SD1102,91,C,6
2410093,SD2101,82,B,4
2410094,SD1202,57,D,6
2410094,SD1101,90,C,3
2410094,SI1201,72,C,2
2410095,SD2201,,D,3
2410095,SI1101,59,D,6
2410095,SD1201,84,E,2
2410096,IF1101,71,A,6
2410096,SD1102,79,B,2
2410096,SD1201,60,B,3
2410097,IF1201,73,D,3
2410097,SD1202,68,D,2
2410097,SD1201,83,B,3
2410098,SD1202,64,C,1
2410098,SD2201,76,C,2
2410098,IF1101,51,A,2
2410099,SD2401,66,D,5
2410099,SD2301,74,C,5
2410099,SI1201,74,C,1
2410100,SD2101,78,B,5
2410100,SD1101,71,A,3
2410100,SD1202,66,C,5
2410101,SD1201,54,C,1
2410101,IF1101,77,C,4
2410101,SD2401,50,A,5
2410102,SI1101,82,B,6
2410102,SD1201,65,E,1
2410102,SD2101,95,C,5
2410103,IF1201,68,D,4
2410103,SI1101,84,C,3
2410103,SD1202,74,B,4
2410104,SD2301,83,D,1
2410104,SD2101,82,E,5
2410104,SD1102,79,A,1
2410105,SD1201,66,D,5
2410105,SD2201,84,D,1
2410105,IF1101,87,C,4
2410106,SD2301,49,A,1
2410106,SI1101,69,B,5
2410106,SD1202,78,C,4
2410107,SI1101,85,C,1
2410107,SI1201,91,C,3
2410107,SD2401,67,B,5
2410108,SD2101,80,B,1
2410108,IF1201,60,A,5
2410108,SD1101,71,A,3
2410109,SD2101,69,A,3
2410109,SD1201,69,A,4
2410109,SD1101,52,C,3
2410110,SD1101,77,C,4
2410110,SD2101,98,C,5
2410110,SD1202,100,C,2
2410111,IF1201,61,B,5
2410111,SD1102,71,C,1
2410111,SD2101,49,A,4
2410112,SD1202,67,B,2
2410112,SD2201,49,A,5
2410112,IF1101,66,A,4
2410113,SD1102,77,C,3
2410113,SD1201,69,C,6
2410113,IF1201,71,B,4
2410114,SD1201,58,B,4
2410114,IF1201,91,C,1
2410114,SI1101,52,A,6
2410115,SD1201,80,E,4
2410115,SD1102,72,A,1
2410115,SD1202,80,A,6
2410116,SD2401,88,C,6
2410116,SD1201,64,B,4
2410116,SD2101,55,C,2
2410117,IF1201,67,E,3
2410117,SD1101,78,B,5
2410117,SI1101,59,A,5
2410118,SD1202,83,D,3
2410118,SD1201,66,E,3
2410118,IF1201,73,A,3
2410119,IF1201,96,C,2
2410119,SD2101,66,C,3
2410119,SD1102,71,B,6
2410120,SI1201,55,E,6
2410120,SD1101,77,E,1
2410120,SD1202,61,B,4
2410121,IF1201,52,B,4
2410121,SD2401,67,E,4
2410121,IF1101,75,B,3
2410122,SD2201,58,C,1
2410122,SD2301,82,B,4
2410122,SI1201,67,B,3
2410123,SD1101,64,B,2
2410123,SD1202,84,D,1
2410123,SD2201,74,A,4
2410124,SD1201,51,A,4
2410124,SD2201,70,B,2
2410124,SD2301,84,A,4
2410125,SD1202,86,C,3
2410125,SD2101,62,B,6
2410125,SD2301,72,A,2
2410126,SD2101,40,E,4
2410126,SD1101,60,E,5
2410126,IF1101,77,E,6
2410127,SD1201,77,E,2
2410127,SD1102,70,C,6
2410127,SD2401,86,C,6
2410128,IF1101,70,E,3
2410128,SD1201,75,D,6
2410128,SD2201,100,C,2
2410129,SD2201,59,A,1
2410129,SD2401,56,C,3
2410129,SD2301,74,D,4
2410130,SD1101,56,A,1
2410130,SD1102,54,D,5
2410130,IF1201,67,D,5
2410131,IF1201,64,C,5
2410131,IF1101,51,E,3
2410131,SD2101,74,D,5
2410132,IF1201,71,D,1
2410132,SD1101,70,A,6
2410132,SD2401,84,E,1
2410133,SD2201,60,D,2
2410133,SD1202,74,D,6
2410133,SD1101,66,B,2
2410134,SD1202,69,E,6
2410134,SD1101,74,C,4
2410134,SD2301,89,C,5
2410135,SD1101,80,B,1
2410135,SD2301,82,C,5
2410135,SD1102,56,D,3
2410136,IF1201,,E,4
2410136,SD1102,60,E,6
2410136,SD1202,67,B,6
2410137,SD2401,51,C,6
2410137,SD2301,57,C,4
2410137,SD2201,73,D,1
2410138,SD2301,72,C,6
2410138,IF1201,72,D,4
2410138,SD2201,,B,1
2410139,IF1101,58,E,2
2410139,SD1102,81,E,5
2410139,SI1101,77,C,6
2410140,SD2101,93,C,3
2410140,SD1101,71,E,1
2410140,SD1201,73,A,5
2410141,SD2201,70,B,6
2410141,SI1101,71,E,4
2410141,SI1201,84,D,6
2410142,SD2101,71,A,6
2410142,SD2401,61,A,4
2410142,SI1101,64,E,5
2410143,IF1101,86,C,1
2410143,SD2301,74,A,5
2410143,SD1102,70,B,5
2410144,IF1101,60,A,1
2410144,IF1201,78,B,4
2410144,SD2101,44,B,5
2410145,IF1201,79,A,5
2410145,SD1201,58,C,3
2410145,SI1201,81,E,2
2410146,SD2301,76,A,4
2410146,SI1101,87,C,5
2410146,SD2401,77,C,5
2410147,IF1101,91,C,6
2410147,SD1201,100,C,6
2410147,SD2301,88,C,4
2410148,SD2401,63,C,3
2410148,SD1102,70,A,5
2410148,SD1202,72,D,3
2410149,SD2101,77,B,1
2410149,SI1201,84,B,2
2410149,SD2201,65,B,1
2410150,SD1201,75,D,4
2410150,SD2201,74,D,1
2410150,SD2301,68,A,1
2410151,SD1101,76,B,2
2410151,IF1101,75,E,5
2410151,SD2101,89,C,3
2410152,IF1101,68,D,3
2410152,SD1102,71,C,3
2410152,SI1101,66,A,2
2410153,IF1101,71,E,1
2410153,SD2301,75,A,6
2410153,SD2201,56,C,6
2410154,SI1201,76,D,2
2410154,SI1101,67,E,5
2410154,SD1202,64,E,4
2410155,SD1101,81,D,3
2410155,SI1101,60,D,3
2410155,SD1202,69,E,5
2410156,SD2301,78,C,2
2410156,IF1101,78,D,4
2410156,IF1201,59,D,4
2410157,SD1101,83,D,6
2410157,SD2201,78,D,5
2410157,SD1201,77,A,4
2410158,SD2101,68,D,1
2410158,SD1102,75,C,6
2410158,IF1201,55,E,6
2410159,IF1101,89,C,4
2410159,SD2101,79,A,5
2410159,SD1201,75,D,4
2410160,SI1101,54,E,1
2410160,SI1201,75,E,2
2410160,SD2401,76,B,3
2410161,SD1101,61,A,5
2410161,SI1201,84,B,6
2410161,SD1201,74,E,5
2410162,SD1102,56,A,6
2410162,SD1101,74,B,2
2410162,SI1201,64,A,1
2410163,SD2301,87,C,4
2410163,IF1101,70,D,6
2410163,SD1201,73,B,2
2410164,SI1101,51,D,3
2410164,SD1201,95,C,5
2410164,SD2101,71,E,4
2410165,IF1101,64,A,2
2410165,SD2401,63,E,4
2410165,SI1101,64,E,4
2410166,SD1202,42,C,3
2410166,IF1201,64,D,1
2410166,SD2301,75,D,4
2410167,SI1101,85,C,3
2410167,SD1102,58,A,4
2410167,IF1201,81,E,2
2410168,SD1102,66,D,3
2410168,SI1201,66,D,1
2410168,SD2301,69,C,6
2410169,SD1201,63,C,5
2410169,SD2101,85,C,1
2410169,SD2201,74,B,6
2410170,IF1101,79,C,6
2410170,SD2301,74,C,3
2410170,SI1201,65,A,6
2410171,IF1101,56,D,4
2410171,SI1101,64,B,2
2410171,SI1201,91,C,3
2410172,SD2401,64,B,2
2410172,IF1201,77,A,1
2410172,SI1101,87,C,5
2410173,SI1201,75,D,6
2410173,SD2101,91,C,2
2410173,SD2401,75,A,2
2410174,SI1201,69,B,4
2410174,SD1201,74,B,3
2410174,SD2301,64,A,1
2410175,SD2301,82,B,2
2410175,SD1101,74,C,6
2410175,SI1101,68,D,3
2410176,SD2201,81,D,5
2410176,SI1101,55,C,3
2410176,SD2401,49,C,3
2410177,SD2201,70,D,4
2410177,SD2101,87,C,3
2410177,SI1201,58,B,4
2410178,SD1101,79,C,1
2410178,SD2101,81,A,1
2410178,SD1102,78,B,2
2410179,SD1101,77,D,4
2410179,SI1101,85,C,4
2410179,SD1201,37,B,1
2410180,SD2101,67,A,6
2410180,SD1202,77,D,1
2410180,SD1201,63,D,1
2410181,IF1201,63,B,4
2410181,SD2201,62,A,6
2410181,SD1102,77,A,2
2410182,SD1202,78,C,1
2410182,SD2401,79,B,6
2410182,SD1201,97,C,2
2410183,IF1101,76,C,2
2410183,SD1202,77,C,6
2410183,IF1201,55,E,6
2410184,SD2301,80,C,5
2410184,SD2401,77,A,3
2410184,SI1101,73,A,4
2410185,IF1201,73,E,5
2410185,SD1202,77,C,5
2410185,SD2101,63,A,6
2410186,IF1101,68,C,5
2410186,SD2201,72,A,6
2410186,SD2401,100,C,5
2410187,SD1102,93,C,5
2410187,SI1101,67,D,1
2410187,IF1101,69,D,4
2410188,SD1202,61,E,3
2410188,SD2301,63,A,5
2410188,SI1101,65,A,2
2410189,SI1201,27,B,3
2410189,IF1101,74,A,6
2410189,SD2301,63,D,1
2410190,SI1101,61,B,1
2410190,SD2301,93,C,4
2410190,SD1202,44,B,6
2410191,SD2101,69,A,6
2410191,SD1202,78,A,3
2410191,SD2301,92,C,4
2410192,SD1202,56,A,6
2410192,SD2401,84,C,3
2410192,SD2201,86,C,4
2410193,SD1201,82,E,1
2410193,SD1101,58,B,2
2410193,SD2301,67,A,6
2410194,SD1201,64,C,1
2410194,IF1201,93,C,2
2410194,SD1102,77,C,3
2410195,SD2401,63,C,3
2410195,SD1202,65,B,6
2410195,IF1201,67,E,6
2410196,IF1201,75,A,5
2410196,SD2401,70,D,6
2410196,SD1102,83,B,3
2410197,SD1101,69,D,6
2410197,SD2201,52,A,1
2410197,SD2101,75,C,3
2410198,SI1201,69,C,6
2410198,SD2101,77,D,4
2410198,SD1201,64,C,4
2410199,SD1101,94,C,4
2410199,SD2101,72,A,6
2410199,SD1102,58,C,5
2410200,SI1101,84,D,5
2410200,SD2401,61,A,5
2410200,SD2301,58,E,6
2410201,SI1101,75,B,3
2410201,SD1201,60,D,1
2410201,SD2301,89,C,2
2410202,SD2301,75,B,5
2410202,IF1201,95,C,1
2410202,SD1201,,C,5
2410203,SD1201,86,C,6
2410203,SD1101,56,C,3
2410203,SI1201,82,C,6
2410204,SD1102,56,E,2
2410204,SD2301,70,C,4
2410204,SI1101,88,C,1
2410205,SD2101,60,E,1
2410205,SD2301,70,E,2
2410205,SI1201,55,A,5
2410206,SD1102,75,A,4
2410206,SI1201,69,B,2
2410206,SD2201,83,C,2
2410207,SI1201,82,C,5
2410207,SD2201,69,A,5
2410207,SD1101,89,C,2
2410208,SD1202,100,C,1
2410208,SD2401,,D,5
2410208,SD2301,68,D,3
2410209,SD1201,86,C,1
2410209,SD2301,96,C,6
2410209,SI1201,55,A,5
2410210,SD1102,71,E,6
2410210,SD2401,72,C,2
2410210,SD1101,71,E,5
2410211,IF1101,81,B,5
2410211,SD1201,74,C,3
2410211,SD1202,77,A,1
2410212,IF1201,71,B,1
2410212,SD1201,67,B,4
2410212,SD1202,48,D,5
2410213,SD1102,67,D,3
2410213,SD1201,90,C,2
2410213,SI1201,54,E,5
2410214,SD1102,76,C,6
2410214,SD2401,69,B,3
2410214,SD2301,77,B,2
2410215,SD1201,81,E,2
2410215,SD1202,67,C,3
2410215,SD1101,75,D,3
2410216,SD2101,57,B,1
2410216,SD2301,55,D,6
2410216,IF1101,83,C,2
2410217,SD1201,77,B,1
2410217,IF1101,,D,1
2410217,SI1101,59,B,5
2410218,SD2101,72,A,4
2410218,SD1102,90,C,4
2410218,SD2201,76,A,4
2410219,SI1201,67,A,2
2410219,SI1101,90,C,1
2410219,SD1102,86,C,2
2410220,IF1101,79,D,1
2410220,IF1201,87,C,5
2410220,SI1101,75,B,5
2410221,SD1202,86,C,5
2410221,SD2401,63,D,6
2410221,SD1101,71,A,5
2410222,SD1201,76,D,6
2410222,SD2301,84,C,1
2410222,SI1101,92,C,1
2410223,IF1101,65,D,4
2410223,SD2301,59,C,3
2410223,SD1101,88,C,5
2410224,SD2201,70,A,3
2410224,SD2401,93,C,4
2410224,SD1201,58,B,6
2410225,SD2301,62,C,3
2410225,SI1201,39,B,6
2410225,SD1102,65,E,6
2410226,SI1101,67,E,2
2410226,SD2201,76,E,1
2410226,SD2401,78,E,1
2410227,SD1201,62,A,1
2410227,SD1202,72,E,2
2410227,SD1102,70,C,6
2410228,SI1201,78,B,5
2410228,IF1101,69,E,3
2410228,SD2201,50,D,2
2410229,SD2401,62,A,3
2410229,SD1201,74,B,1
2410229,SD2201,91,C,3
2410230,SD2101,84,B,2
2410230,SD2201,76,B,2
2410230,SD1102,62,C,5
2410231,SD1201,53,A,2
2410231,IF1101,57,C,2
2410231,SD2201,59,C,5
2410232,SD2301,60,D,2
2410232,SI1201,77,B,6
2410232,SD2201,60,A,2
2410233,SD2201,70,C,6
2410233,SD2301,61,C,2
2410233,IF1101,45,E,4
2410234,IF1201,68,C,1
2410234,SD1102,62,D,5
2410234,SD2101,74,A,2
2410235,SD1101,,E,1
2410235,SD2301,54,A,1
2410235,SD1201,53,E,2
2410236,SD2101,77,B,2
2410236,SD2201,59,E,4
2410236,SD2401,76,D,2
2410237,SD1101,89,C,5
2410237,IF1101,94,C,4
2410237,SD1201,59,A,2
2410238,SI1101,79,D,6
2410238,SD2101,74,C,4
2410238,SD1101,70,C,2
2410239,SI1101,81,D,4
2410239,IF1101,73,A,5
2410239,SD1102,70,A,3
2410240,SI1201,69,C,2
2410240,SD2401,59,D,3
2410240,SD2301,79,B,6
2410241,SD2201,83,C,3
2410241,SD2401,,A,2
2410241,SD2301,85,C,4
2410242,SD1102,66,B,6
2410242,SI1101,68,C,5
2410242,SD2401,69,A,2
2410243,SD2101,67,C,4
2410243,SI1201,73,A,2
2410243,SD1201,83,D,4
2410244,IF1201,80,E,4
2410244,SD2101,88,C,4
2410244,SD2401,,A,1
2410245,SD1202,68,B,1
2410245,SD1101,61,E,3
2410245,IF1101,73,E,5
2410246,SD1102,78,E,4
2410246,SI1101,57,B,1
2410246,IF1101,72,A,4
2410247,SD2101,92,C,6
2410247,SI1201,85,C,4
2410247,SD1201,80,B,1
2410248,SD2101,92,C,3
2410248,SI1101,74,A,5
2410248,IF1201,66,E,1
2410249,SI1201,66,B,1
2410249,SD2101,62,D,3
2410249,SD2401,74,B,1
2410250,SD2401,,B,5
2410250,SD2101,60,D,6
2410250,SD1201,76,E,4
2410251,SD2301,90,C,1
2410251,SD2101,87,C,2
2410251,SI1101,71,B,5
2410252,SI1101,77,A,4
2410252,SD1101,71,B,5
2410252,IF1101,66,B,3
2410253,SD2101,86,C,4
2410253,SD2301,78,C,6
2410253,SD2201,75,C,2
2410254,IF1101,81,E,6
2410254,SI1101,59,B,3
2410254,SD1201,81,D,1
2410255,SD2201,83,B,4
2410255,SD1102,55,C,1
2410255,SD1201,62,D,2
2410256,SI1101,67,A,2
2410256,IF1201,97,C,1
2410256,IF1101,54,C,5
2410257,IF1101,69,C,3
2410257,SD1202,82,C,1
2410257,SD1101,72,B,6
2410258,SD1101,82,B,2
2410258,SI1101,76,C,6
2410258,SD2301,57,B,2
2410259,SD2301,54,C,4
2410259,IF1101,94,C,5
2410259,SD1102,92,C,4
2410260,SD1101,88,C,5
2410260,SD2401,74,B,4
2410260,SD2301,62,E,4
2410261,SD1101,79,B,5
2410261,SD1102,77,D,5
2410261,SI1201,71,D,6
2410262,IF1101,75,A,1
2410262,SD2301,79,B,6
2410262,IF1201,78,B,5
2410263,SD2401,61,C,2
2410263,SD2301,54,B,3
2410263,SI1101,60,E,4
2410264,IF1201,59,A,3
2410264,SI1201,77,D,5
2410264,SD1201,78,C,3
2410265,IF1201,64,E,5
2410265,SI1201,76,B,3
2410265,SD1102,73,D,3
2410266,SD2201,65,C,1
2410266,IF1101,80,B,4
2410266,SD2401,,A,5
2410267,SD1101,64,A,6
2410267,SD2201,75,E,2
2410267,IF1201,70,E,5
2410268,SI1201,72,D,1
2410268,IF1201,44,B,4
2410268,IF1101,99,C,4
2410269,SD2401,82,D,6
2410269,IF1201,82,A,2
2410269,SD1202,57,D,6
2410270,SD2101,65,A,4
2410270,SD1201,57,E,6
2410270,SD1101,67,C,5
2410271,SD1202,47,D,1
2410271,SD2201,79,B,4
2410271,SD2301,85,C,1
2410272,SD2401,,D,4
2410272,SD2201,68,A,4
2410272,SD2301,66,B,6
2410273,SD1202,70,B,6
2410273,SD2301,64,D,5
2410273,SI1201,77,D,5
2410274,SD1101,66,C,5
2410274,IF1101,79,B,2
2410274,SD1102,65,B,3
2410275,SD2201,78,C,6
2410275,SD2401,92,C,4
2410275,SD2301,71,B,1
2410276,SD2301,57,C,2
2410276,SI1101,62,A,3
2410276,SD1102,50,B,1
2410277,IF1201,53,D,1
2410277,SD1201,62,D,2
2410277,SD2301,77,C,4
2410278,IF1101,100,C,3
2410278,SD2401,74,B,5
2410278,SI1201,67,C,1
2410279,SD2401,75,A,4
2410279,IF1101,89,C,3
2410279,IF1201,,E,4
2410280,SD1202,78,A,5
2410280,SD2201,83,B,4
2410280,SI1201,85,C,5
2410281,SD2401,80,D,1
2410281,SD1202,64,B,4
2410281,SD2201,64,D,3
2410282,SD2401,70,E,5
2410282,SD1102,62,C,1
2410282,SD2301,88,C,4
2410283,IF1201,95,C,3
2410283,SD1102,71,B,2
2410283,SI1201,77,C,4
2410284,SD1202,72,B,5
2410284,SD1102,77,D,5
2410284,SD2401,77,B,4
2410285,SD1202,75,E,5
2410285,SD1102,57,B,3
2410285,SD1201,72,A,3
2410286,SD2201,66,C,1
2410286,SI1101,,C,5
2410286,SD2401,83,A,4
2410287,SD2201,63,B,4
2410287,SD2101,74,A,1
2410287,SD1202,72,E,3
2410288,SI1101,70,A,6
2410288,SD1201,59,E,4
2410288,SD1101,69,D,1
2410289,SD1102,82,A,4
2410289,SD2401,69,A,5
2410289,SD1202,87,C,6
2410290,SD1202,78,B,1
2410290,SD1201,68,C,2
2410290,SD2301,64,A,4
2410291,SI1101,33,B,6
2410291,SD1101,77,D,2
2410291,SI1201,74,D,4
2410292,SD2401,,A,4
2410292,SD1102,77,A,2
2410292,SD2301,87,C,2
2410293,SI1101,63,A,6
2410293,SD2301,84,D,1
2410293,SD2201,64,B,3
2410294,SD1201,73,C,5
2410294,SD2401,94,C,5
2410294,SD2301,62,E,6
2410295,SD1202,67,B,5
2410295,SD2201,61,A,2
2410295,IF1201,,A,4
2410296,SD1102,55,D,5
2410296,IF1101,49,E,4
2410296,IF1201,51,D,1
2410297,SD1202,88,C,4
2410297,SD2101,61,E,5
2410297,SD1201,80,D,6
2410298,SD2301,72,E,3
2410298,SD2101,72,D,4
2410298,SI1101,66,E,5
2410299,SD1201,46,B,1
2410299,SI1201,68,C,3
2410299,SD1102,47,B,1
2410300,SD1102,51,B,3
2410300,SD1101,79,A,3
2410300,SI1101,81,B,3
2220001,SD2201,82,D,3
2220001,SI1201,66,E,4
2220001,SD2401,58,E,4
2220002,SD2401,95,C,4
2220002,SD1101,59,C,2
2220002,SI1201,78,E,4
2220003,SD1202,73,B,3
2220003,SD1101,86,C,4
2220003,SD2401,69,E,3
2220004,SD2301,62,C,1
2220004,SD1201,76,D,6
2220004,SD1101,61,A,2
2220005,IF1201,68,C,2
2220005,SD1101,56,B,5
2220005,SD1201,70,C,3
2220006,SD2101,72,A,2
2220006,IF1201,62,C,3
2220006,SI1101,68,B,2
2220007,IF1101,70,D,5
2220007,SI1101,79,B,6
2220007,SD2301,89,C,2
2220008,SD2301,81,D,6
2220008,SD2401,82,B,4
2220008,SD1201,74,D,5
2220009,SD1202,91,C,4
2220009,SI1101,53,E,1
2220009,IF1101,80,D,2
2220010,SD2401,69,E,1
2220010,SD1102,64,B,2
2220010,IF1201,62,E,4
2220011,IF1201,77,A,2
2220011,SD1202,56,B,3
2220011,SD2201,84,D,6
2220012,SD2301,73,A,3
2220012,SD1202,94,C,6
2220012,SD1201,89,C,3
2220013,SD1102,63,B,6
2220013,SD1201,83,D,4
2220013,SI1201,79,C,6
2220014,SI1101,100,C,3
2220014,IF1201,85,C,5
2220014,SD2401,56,A,2
2220015,IF1101,75,A,3
2220015,SD1202,78,C,2
2220015,SD1102,89,C,1
2220016,SI1101,54,A,1
2220016,SI1201,53,C,6
2220016,SD1201,81,D,6
2220017,SI1101,77,A,3
2220017,IF1101,91,C,5
2220017,IF1201,64,D,3
2220018,SD2401,59,A,5
2220018,SD1101,71,E,3
2220018,SD1102,88,C,1
2220019,IF1201,60,C,6
2220019,SD2201,51,D,4
2220019,SD1202,75,B,2
2220020,SI1101,72,E,3
2220020,SD1102,57,B,5
2220020,SD2301,91,C,1
2220021,SI1201,67,A,1
2220021,IF1201,73,E,1
2220021,IF1101,81,D,4
2220022,IF1101,95,C,2
2220022,SD1201,78,C,2
2220022,SD1102,93,C,5
2220023,SD2301,68,B,3
2220023,IF1201,85,C,4
2220023,SD2201,60,C,2
2220024,SD1201,,E,5
2220024,SD1101,71,C,3
2220024,IF1201,70,A,2
2220025,SD1101,89,C,6
2220025,SD1201,75,E,1
2220025,SD2201,55,E,3
2220026,IF1101,74,B,2
2220026,SD1101,67,A,3
2220026,SD1102,77,C,2
2220027,IF1201,88,C,2
2220027,SD2401,52,B,6
2220027,SI1201,69,D,6
2220028,SI1201,76,A,3
2220028,IF1201,76,A,5
2220028,SD1102,86,C,4
2220029,SI1201,67,E,4
2220029,SD1202,65,C,4
2220029,SD2301,65,A,6
2220030,IF1101,65,B,4
2220030,SD2401,62,C,3
2220030,SD1101,60,D,2
2220031,SD2301,80,A,3
2220031,SD1201,66,C,1
2220031,SD1102,76,B,6
2220032,IF1201,95,C,4
2220032,SD1102,68,A,3
2220032,SI1201,59,C,1
2220033,SI1201,,A,1
2220033,SD1201,60,E,1
2220033,SI1101,64,A,1
2220034,SI1201,82,D,1
2220034,SD1202,87,C,1
2220034,SD2401,68,D,4
2220035,SI1101,73,E,5
2220035,SD2201,84,A,3
2220035,SD1201,60,B,1
2220036,SD2401,58,E,2
2220036,SD2101,74,C,2
2220036,SI1201,66,A,6
2220037,IF1101,62,D,5
2220037,SI1201,75,B,4
2220037,SD2201,55,B,1
2220038,IF1101,54,C,4
2220038,SI1101,67,A,2
2220038,SD1101,70,D,4
2220039,SD1102,68,B,3
2220039,SD2201,83,B,3
2220039,SI1201,93,C,2
2220040,SD1201,,A,5
2220040,IF1101,65,D,4
2220040,SD2301,50,A,2
2220041,SD1202,71,A,6
2220041,SD2201,52,B,1
2220041,SD2101,67,C,6
2220042,IF1201,71,D,2
2220042,SD1102,56,C,4
2220042,SD2401,83,A,1
2220043,IF1101,69,C,5
2220043,SD2101,73,B,2
2220043,SI1101,84,D,1
2220044,SD2401,86,C,3
2220044,SD2101,64,B,1
2220044,SI1101,74,E,5
2220045,SD2401,76,D,1
2220045,SI1101,94,C,2
2220045,SD2101,64,D,6
2220046,SD1101,60,D,6
2220046,SD2101,59,C,1
2220046,IF1101,76,D,2
2220047,SD2101,62,B,1
2220047,SD1101,60,A,1
2220047,SD2301,63,B,1
2220048,SD1102,76,C,3
2220048,SI1201,57,E,6
2220048,SD2201,72,A,1
2220049,SD1202,68,E,6
2220049,IF1101,78,B,3
2220049,SD1101,72,B,4
2220050,SD1102,78,C,3
2220050,SD1101,72,E,3
2220050,SD2201,54,A,6
2220051,IF1201,68,C,4
2220051,SD2401,66,A,1
2220051,SD2101,71,D,3
2220052,SD2401,61,C,6
2220052,SD2301,74,D,2
2220052,SD1102,,C,1
2220053,SD1102,76,D,3
2220053,IF1101,84,A,3
2220053,SI1101,59,A,5
2220054,IF1101,67,B,1
2220054,SD2101,40,E,3
2220054,SD2401,71,A,3
2220055,SD1101,72,B,1
2220055,SD2401,75,A,4
2220055,SI1201,88,C,6
2220056,SD2301,55,E,5
2220056,SD1201,61,D,1
2220056,SD1101,77,B,6
2220057,SD1201,73,C,6
2220057,SD1101,66,C,6
2220057,SD1202,81,D,6
2220058,SD1201,,C,2
2220058,SI1201,95,C,6
2220058,IF1201,82,A,2
2220059,SD2101,64,D,4
2220059,SD1101,71,C,2
2220059,SD1202,56,E,2
2220060,SD1101,46,E,3
2220060,SD1201,67,B,6
2220060,SD1202,82,D,2
2220061,SI1101,61,D,4
2220061,IF1101,78,E,1
2220061,SD1102,71,A,6
2220062,SD2401,61,A,6
2220062,SI1201,61,E,3
2220062,IF1101,69,D,2
2220063,SI1101,63,D,1
2220063,SD1202,79,A,3
2220063,SD1101,80,C,2
2220064,SD1101,63,A,5
2220064,SD2401,77,D,2
2220064,SI1201,50,A,3
2220065,SD2301,90,C,6
2220065,SI1201,47,B,4
2220065,SD1101,62,A,5
2220066,SI1101,52,B,6
2220066,IF1201,87,C,2
2220066,SD2401,56,D,1
2220067,SD2201,82,E,3
2220067,SD2301,87,C,2
2220067,IF1101,72,D,4
2220068,SD2101,86,C,3
2220068,SD1102,65,A,4
2220068,IF1101,73,E,3
2220069,SD1102,86,C,4
2220069,IF1101,49,A,1
2220069,IF1201,74,D,4
2220070,SD1101,84,C,4
2220070,IF1201,48,E,6
2220070,SD2301,80,C,1
2220071,IF1201,53,C,4
2220071,SD1101,70,D,4
2220071,SD2401,91,C,1
2220072,SD2401,52,C,3
2220072,SD1201,58,E,6
2220072,SI1201,87,C,4
2220073,SD1201,83,E,3
2220073,SD1101,65,B,1
2220073,SD1102,58,D,2
2220074,SI1201,70,D,2
2220074,SD1202,83,A,2
2220074,IF1201,61,B,5
2220075,SD2401,54,C,3
2220075,SI1201,64,B,1
2220075,SD2301,58,B,4
2220076,IF1101,85,C,5
2220076,SI1201,72,B,4
2220076,SD2301,57,C,6
2220077,SI1101,60,A,3
2220077,SD2101,67,E,4
2220077,SD2301,55,B,4
2220078,SD1101,63,C,1
2220078,SD2301,53,A,5
2220078,SI1101,,C,5
2220079,IF1201,78,C,3
2220079,SD1102,85,C,1
2220079,SD1201,59,B,2
2220080,SI1101,74,C,5
2220080,SD1102,69,C,2
2220080,SD1201,64,B,5
2220081,IF1101,66,E,4
2220081,SD1101,66,A,1
2220081,SI1201,81,E,6
2220082,SD1201,46,D,6
2220082,SD1102,99,C,6
2220082,IF1201,84,D,1
2220083,SI1101,78,E,2
2220083,IF1101,74,E,4
2220083,SD2101,,A,4
2220084,SD2101,82,D,6
2220084,SD1201,85,C,4
2220084,SI1201,90,C,6
2220085,SD2301,89,C,3
2220085,SI1201,78,C,2
2220085,SD2401,71,A,5
2220086,SD1101,79,E,1
2220086,SD2201,60,A,5
2220086,SD2301,66,C,1
2220087,SD2201,68,C,6
2220087,SD1102,90,C,4
2220087,SD2301,79,A,3
2220088,SD2301,45,B,2
2220088,SD1202,60,C,4
2220088,IF1201,58,A,3
2220089,IF1201,78,B,3
2220089,SI1101,80,A,2
2220089,SD2301,72,A,3
2220090,SD1201,83,C,2
2220090,SI1201,64,D,3
2220090,SD1101,61,E,6
2220091,SD1102,,E,2
2220091,SI1201,56,E,3
2220091,IF1201,65,A,4
2220092,SD1201,58,D,3
2220092,SD1102,55,D,4
2220092,SD2101,77,B,3
2220093,SD2201,83,D,4
2220093,SD2401,74,E,1
2220093,SD2101,64,D,5
2220094,SD2201,36,E,5
2220094,SI1201,43,C,5
2220094,SD2301,67,B,6
2220095,SI1101,87,C,6
2220095,SD2101,79,D,5
2220095,SD1201,62,B,2
2220096,SD2201,87,C,5
2220096,SD2401,64,E,4
2220096,SI1101,72,B,2
2220097,SD2301,85,C,4
2220097,SD1201,42,C,1
2220097,SD1102,74,C,6
2220098,SD2101,65,E,5
2220098,IF1201,83,B,2
2220098,SD2401,85,C,3
2220099,IF1201,68,B,5
2220099,SD2101,66,D,4
2220099,SI1101,90,C,1
2220100,IF1101,68,A,5
2220100,SD2401,79,C,5
2220100,SD1201,72,E,2
2220101,SD2101,83,D,4
2220101,IF1201,76,B,5
2220101,SD1102,80,D,4
2220102,IF1201,80,B,6
2220102,SD2301,,B,4
2220102,SD1202,87,C,2
2220103,SD1101,48,A,4
2220103,SD2401,62,C,2
2220103,SD1102,80,B,3
2220104,SD2101,95,C,3
2220104,SD1101,71,D,3
2220104,IF1101,77,C,5
2220105,SI1201,44,D,3
2220105,SD1102,64,E,3
2220105,IF1101,67,D,4
2220106,SD1102,78,B,3
2220106,SD2101,65,C,5
2220106,SD2401,70,B,3
2220107,SI1101,75,C,4
2220107,SD1101,85,C,6
2220107,SD2201,60,D,4
2220108,IF1101,51,B,3
2220108,SD2401,71,D,5
2220108,SD1102,67,B,1
2220109,SD2101,77,D,4
2220109,SD2301,58,A,4
2220109,SD1201,65,D,3
2220110,SI1201,66,B,2
2220110,IF1101,60,A,3
2220110,SD2401,71,E,2
2220111,SD1101,55,A,5
2220111,SD1102,61,D,2
2220111,SD2401,73,B,3
2220112,SI1201,68,E,6
2220112,IF1201,65,B,5
2220112,SD2101,67,A,1
2220113,SD1101,78,E,1
2220113,SD2201,76,D,1
2220113,SD2301,69,B,5
2220114,SD2401,94,C,4
2220114,IF1201,72,D,1
2220114,SD2301,58,C,1
2220115,SD2301,70,D,6
2220115,SD1202,74,C,6
2220115,SD2201,82,A,6
2220116,SD2101,83,E,3
2220116,SI1101,91,C,4
2220116,IF1101,60,D,4
2220117,SD2401,82,C,2
2220117,SD1202,74,C,4
2220117,SD1201,76,B,2
2220118,IF1101,86,C,4
2220118,SD2301,70,B,2
2220118,SD1101,61,A,5
2220119,SD2101,85,C,6
2220119,SD2401,58,B,2
2220119,SD1101,65,D,1
2220120,SD2401,76,D,6
2220120,SI1201,82,A,1
2220120,SD2101,68,B,4
2220121,SD2301,75,A,3
2220121,SD1201,86,C,3
2220121,SI1101,61,E,1
2220122,SD2401,73,D,4
2220122,SD2201,70,D,3
2220122,SD2101,79,C,2
2220123,SD1201,65,A,4
2220123,SD2201,83,E,1
2220123,SD2301,65,C,5
2220124,IF1201,66,D,2
2220124,SD2201,32,A,2
2220124,SD2301,76,C,5
2220125,SD1202,,D,6
2220125,SD2101,66,A,5
2220125,SD2301,78,A,4
2220126,SD2201,70,C,5
2220126,IF1101,76,D,2
2220126,SI1201,92,C,3
2220127,SD1101,90,C,4
2220127,SI1201,72,A,4
2220127,IF1101,59,B,4
2220128,SD1101,71,B,5
2220128,SD1201,80,D,4
2220128,SD2101,91,C,3
2220129,IF1101,70,B,5
2220129,SD2301,81,B,2
2220129,SD2401,72,E,2
2220130,IF1201,63,E,4
2220130,SI1201,53,D,5
2220130,IF1101,49,C,6
2220131,IF1201,100,C,4
2220131,SD1202,91,C,2
2220131,SD1201,74,E,3
2220132,SI1101,93,C,6
2220132,SD2301,65,E,1
2220132,SI1201,71,A,4
2220133,SD1201,87,C,1
2220133,SD2401,48,C,2
2220133,SD1202,78,E,5
2220134,SI1201,81,E,3
2220134,SD1101,82,E,4
2220134,IF1101,67,A,4
2220135,SD2101,60,C,5
2220135,SD1101,87,C,2
2220135,SD2301,91,C,1
2220136,SD2101,38,A,1
2220136,SD1201,69,A,4
2220136,IF1201,60,D,6
2220137,SD2401,100,C,3
2220137,IF1201,69,D,6
2220137,SD1102,67,C,4
2220138,SD1201,71,E,2
2220138,SD2201,94,C,5
2220138,SD2101,70,B,1
2220139,SI1201,70,D,2
2220139,SD1201,,D,1
2220139,SD2301,64,C,6
2220140,SI1201,76,C,1
2220140,SD2301,98,C,4
2220140,SD1201,67,C,4
2220141,SD1201,82,C,2
2220141,SI1101,88,C,3
2220141,SD2201,89,C,6
2220142,IF1101,79,B,5
2220142,SD1102,92,C,4
2220142,SD2101,69,A,1
2220143,IF1101,74,E,5
2220143,SD2101,55,A,6
2220143,SD1102,53,E,2
2220144,SD1201,74,C,1
2220144,IF1101,81,E,3
2220144,SD1102,71,E,6
2220145,IF1201,42,B,4
2220145,IF1101,70,B,2
2220145,SD1202,89,C,1
2220146,SI1101,62,C,5
2220146,IF1101,88,C,2
2220146,SD2401,75,D,4
2220147,SD1202,61,A,1
2220147,SD1101,74,B,5
2220147,SD2201,80,C,1
2220148,SD1201,75,C,3
2220148,SD2401,83,D,6
2220148,SD1101,58,D,6
2220149,IF1201,72,A,5
2220149,SI1201,65,D,5
2220149,SD2201,67,E,5
2220150,IF1101,57,D,1
2220150,SD1202,67,C,2
2220150,SD2301,85,C,3
2220151,SI1101,81,C,5
2220151,IF1201,83,C,4
2220151,IF1101,71,C,5
2220152,IF1101,41,E,2
2220152,SD1201,68,C,3
2220152,SD1102,58,C,3
2220153,SD2101,76,E,4
2220153,SI1101,61,D,4
2220153,SI1201,76,B,5
2220154,SI1201,65,A,5
2220154,IF1101,65,B,1
2220154,SD1201,48,E,1
2220155,SD1102,86,C,4
2220155,SD1101,69,A,5
2220155,SD2201,82,B,4
2220156,SD2401,69,A,3
2220156,SD1101,71,C,6
2220156,SI1201,70,D,2
2220157,SD2201,65,B,1
2220157,SD2301,75,B,5
2220157,SD1201,80,A,6
2220158,SD1101,46,A,6
2220158,SD1102,71,E,2
2220158,SD2301,79,E,4
2220159,SD1102,69,B,5
2220159,IF1101,83,C,2
2220159,SD2101,81,E,4
2220160,SD1201,86,C,6
2220160,SI1101,58,B,6
2220160,SD2101,74,C,3
2220161,SD1202,79,A,6
2220161,SD2201,83,E,2
2220161,IF1101,50,C,5
2220162,SD2101,85,C,2
2220162,SI1101,87,C,5
2220162,SD1202,66,A,6
2220163,IF1201,70,B,2
2220163,SI1201,63,E,2
2220163,SD2401,79,E,3
2220164,SI1101,78,E,3
2220164,SD2101,74,B,6
2220164,SD1102,60,E,5
2220165,SD1102,97,C,1
2220165,SD1101,54,A,2
2220165,SI1201,57,B,2
2220166,SD2301,69,C,5
2220166,SD2101,55,B,3
2220166,SD2201,68,E,2
2220167,SD1101,66,C,1
2220167,IF1101,76,B,1
2220167,SD2301,68,C,5
2220168,IF1101,67,A,4
2220168,SD2301,84,A,5
2220168,IF1201,56,A,3
2220169,SD2201,70,C,6
2220169,IF1101,59,A,3
2220169,SD2401,56,A,4
2220170,SD1202,86,C,1
2220170,SD1201,88,C,1
2220170,SD2101,71,B,1
2220171,SD2301,96,C,4
2220171,SD2201,84,B,5
2220171,SD1101,76,C,5
2220172,SD1201,72,C,2
2220172,SD1102,78,C,1
2220172,IF1201,66,E,4
2220173,SD1202,77,B,6
2220173,SD2301,88,C,4
2220173,SD2101,64,E,3
2220174,SD1102,77,B,3
2220174,SD1101,72,C,2
2220174,SD1201,,C,2
2220175,SD1102,47,C,3
2220175,SD2201,67,A,1
2220175,SD1202,78,E,1
2220176,SD1202,64,B,6
2220176,SD2301,76,D,6
2220176,SD1201,60,C,2
2220177,SD2101,64,A,2
2220177,SI1101,69,A,1
2220177,IF1201,86,C,4
2220178,SD2201,85,C,1
2220178,SD1201,52,B,4
2220178,IF1201,46,A,4
2220179,SI1201,73,D,6
2220179,SD1101,68,A,2
2220179,SD1202,81,E,1
2220180,IF1101,58,D,5
2220180,SI1101,41,C,3
2220180,SD2401,69,D,4
2220181,SI1201,61,D,3
2220181,IF1201,71,A,2
2220181,SD2101,51,E,4
2220182,SD2301,88,C,3
2220182,SI1101,77,B,3
2220182,SD1201,100,C,1
2220183,IF1101,90,C,4
2220183,SD2201,56,A,4
2220183,SD1202,89,C,5
2220184,SD2101,69,A,2
2220184,SD1102,60,D,1
2220184,SD1101,71,C,6
2220185,IF1201,73,B,5
2220185,SD2301,93,C,6
2220185,SD2201,66,E,1
2220186,SD1201,52,D,3
2220186,SD1202,83,A,2
2220186,SD1101,65,A,2
2220187,SD1101,76,C,6
2220187,SI1201,84,A,2
2220187,SD2401,81,D,2
2220188,SD2101,66,B,1
2220188,SD1102,73,A,2
2220188,SD1202,71,B,6
2220189,SD1202,79,B,2
2220189,SD2201,100,C,5
2220189,SI1101,57,C,4
2220190,SD2201,73,D,3
2220190,SD1102,64,B,1
2220190,IF1201,86,C,3
2220191,SD1102,67,A,2
2220191,SI1101,44,D,1
2220191,IF1101,77,B,1
2220192,SD2301,72,C,1
2220192,SD1101,65,E,2
2220192,SI1101,,A,1
2220193,SI1101,42,D,2
2220193,SD2201,79,B,5
2220193,SD1202,59,C,5
2220194,SD1101,71,A,4
2220194,SD2301,75,C,4
2220194,SD2201,68,C,6
2220195,SD2301,72,A,2
2220195,IF1201,76,E,5
2220195,SD1202,87,C,2
2220196,SD1202,95,C,4
2220196,SI1201,57,A,4
2220196,IF1201,87,C,5
2220197,IF1101,80,C,1
2220197,SI1201,91,C,3
2220197,SD2301,77,B,5
2220198,SD1102,87,C,3
2220198,SD1101,64,A,2
2220198,SD2101,84,C,6
2220199,SD2401,77,B,5
2220199,SD1202,67,B,1
2220199,SD1102,56,A,6
2220200,SD1102,42,A,1
2220200,SD2201,87,C,6
2220200,IF1101,79,E,5
2220201,SD2301,86,C,3
2220201,SD1101,68,D,2
2220201,SD2201,82,D,3
2220202,SI1101,73,C,6
2220202,SD2301,79,A,6
2220202,SD1102,75,D,1
2220203,SI1201,83,A,3
2220203,SD2301,,A,2
2220203,SD2401,81,E,1
2220204,SD1202,52,E,4
2220204,SD2401,64,A,6
2220204,SI1101,81,D,4
2220205,SD2301,92,C,4
2220205,SD2401,79,B,3
2220205,SI1101,,C,6
2220206,SD1101,88,C,5
2220206,SD1102,68,C,4
2220206,IF1201,53,A,2
2220207,SD1202,69,B,6
2220207,IF1101,57,C,1
2220207,SD2401,66,A,2
2220208,SD1201,50,E,4
2220208,SD2301,65,A,3
2220208,SD2201,78,D,4
2220209,IF1101,72,D,5
2220209,SI1101,82,A,2
2220209,SD2101,71,D,3
2220210,SD2201,62,B,2
2220210,SI1201,62,E,6
2220210,SI1101,66,E,1
2220211,SD1202,76,A,6
2220211,SD1101,74,C,1
2220211,SD2201,69,E,3
2220212,IF1201,73,A,1
2220212,IF1101,78,A,6
2220212,SI1201,53,B,6
2220213,SI1201,48,D,6
2220213,SD2401,,D,1
2220213,SI1101,63,C,2
2220214,SI1101,79,C,4
2220214,SI1201,52,C,6
2220214,SD2201,81,D,4
2220215,SD1201,74,A,5
2220215,IF1101,49,D,5
2220215,SI1101,79,B,6
2220216,IF1201,62,D,4
2220216,SD2401,73,D,2
2220216,SD2101,80,A,1
2220217,SD2201,80,E,1
2220217,SI1101,74,D,1
2220217,SD1201,49,A,3
2220218,SD1101,100,C,4
2220218,SD2401,67,D,5
2220218,SD1102,67,A,6
2220219,SD2401,77,E,4
2220219,IF1101,61,D,5
2220219,SD2101,59,C,3
2220220,SD1201,66,C,4
2220220,SD1202,66,B,6
2220220,SD2201,62,A,5
2220221,SD1202,55,C,6
2220221,SI1201,80,D,2
2220221,SD1201,79,E,5
2220222,SD1201,74,C,2
2220222,SD1202,89,C,4
2220222,SD2201,69,A,5
2220223,SD1202,75,C,4
2220223,SI1201,77,D,5
2220223,SI1101,95,C,3
2220224,SI1101,,C,6
2220224,SD2201,65,B,3
2220224,SD2401,100,C,5
2220225,SD2201,72,A,3
2220225,IF1201,77,D,2
2220225,SD1102,54,B,6
2220226,SD1201,65,C,5
2220226,SD2101,72,E,2
2220226,SI1101,64,E,6
2220227,SD2201,72,B,2
2220227,SD1202,78,C,5
2220227,SD2301,61,B,2
2220228,SD1201,63,D,3
2220228,SI1101,64,C,5
2220228,IF1101,74,B,4
2220229,SI1201,61,E,3
2220229,SD2401,70,A,6
2220229,SD1101,66,B,3
2220230,IF1101,66,C,1
2220230,SD2301,83,D,6
2220230,IF1201,55,A,4
2220231,SD1201,78,A,1
2220231,IF1201,72,D,1
2220231,SD2301,94,C,3
2220232,IF1201,67,C,5
2220232,SI1201,77,C,3
2220232,SD2401,66,B,1
2220233,SI1101,76,E,6
2220233,SD2401,58,D,6
2220233,IF1201,77,B,3
2220234,SI1101,76,A,1
2220234,SD1102,67,C,5
2220234,SD1202,53,D,5
2220235,SD1102,63,C,2
2220235,SD2401,62,E,6
2220235,IF1201,71,B,6
2220236,SD1201,72,D,2
2220236,SD2301,57,C,2
2220236,IF1101,92,C,1
2220237,SI1201,70,A,6
2220237,SD2201,100,C,6
2220237,SD2301,63,A,4
2220238,IF1101,63,B,3
2220238,SD1201,68,E,4
2220238,SI1201,46,A,3
2220239,IF1201,80,C,4
2220239,SD1102,71,C,1
2220239,SD2301,,E,1
2220240,SD1102,63,D,3
2220240,SD2201,,D,5
2220240,SD2301,70,B,1
2220241,SD2201,71,B,6
2220241,SI1201,62,B,3
2220241,SD1201,64,E,4
2220242,IF1201,63,C,4
2220242,SD1101,,B,1
2220242,SD1202,88,C,6
2220243,SD2201,91,C,4
2220243,SD2301,69,E,3
2220243,SI1201,83,B,2
2220244,SD1201,45,B,4
2220244,SD1202,,C,4
2220244,SI1101,74,C,5
2220245,SD1102,75,C,4
2220245,SI1101,65,A,6
2220245,SD2101,39,E,2
2220246,SD1201,86,C,6
2220246,SD2101,54,C,1
2220246,SI1201,92,C,1
2220247,SD1101,63,E,4
2220247,IF1201,59,E,2
2220247,SD1102,67,C,5
2220248,SI1101,74,B,4
2220248,SD2401,56,D,4
2220248,IF1101,66,D,6
2220249,SD1201,81,B,2
2220249,IF1101,82,E,1
2220249,IF1201,60,C,4
2220250,SI1201,68,C,4
2220250,IF1101,77,A,5
2220250,SI1101,87,C,5
2220251,SD2201,61,C,3
2220251,SI1101,64,D,3
2220251,SD1201,74,A,1
2220252,SD1202,65,C,2
2220252,SD2301,71,C,3
2220252,SD2401,84,E,4
2220253,SD1101,47,D,5
2220253,SD1201,60,A,1
2220253,IF1201,58,A,6
2220254,SD2301,82,A,1
2220254,SD2401,75,C,6
2220254,SD1201,58,C,5
2220255,SI1201,79,E,5
2220255,SD2101,84,B,6
2220255,SD2301,68,C,1
2220256,SD2201,67,E,4
2220256,SD1202,81,B,6
2220256,SD1201,53,D,5
2220257,SD1101,58,C,1
2220257,IF1201,75,B,3
2220257,SD2401,55,E,5
2220258,SI1101,70,B,6
2220258,SD1102,63,B,5
2220258,SD2401,71,C,6
2220259,SD2101,76,D,1
2220259,SI1101,72,D,5
2220259,IF1101,80,E,4
2220260,SD1101,73,E,2
2220260,SD2401,60,D,6
2220260,SD2201,63,E,3
2220261,SD1202,80,B,2
2220261,SD1101,56,D,5
2220261,SD2101,69,D,5
2220262,SD1101,75,B,3
2220262,SD2101,,D,5
2220262,SD1102,77,C,6
2220263,SD2301,74,A,6
2220263,SD2401,76,C,5
2220263,SD1202,76,E,1
2220264,SD2301,81,E,3
2220264,IF1101,90,C,3
2220264,SI1101,54,C,4
2220265,SD2301,81,A,4
2220265,SI1201,61,E,4
2220265,SD2201,68,E,2
2220266,SD2401,58,A,2
2220266,SD1102,86,C,4
2220266,SI1201,69,B,3
2220267,SD2301,54,A,5
2220267,SI1101,89,C,3
2220267,SD2401,54,C,5
2220268,SD2101,75,A,2
2220268,SD2401,74,A,6
2220268,SD1201,86,C,5
2220269,SI1201,54,B,4
2220269,SD1201,66,E,3
2220269,SD1101,77,E,2
2220270,SD1201,100,C,2
2220270,SD2101,79,E,4
2220270,SD2301,49,E,1
2220271,IF1101,69,E,4
2220271,SD2401,66,E,1
2220271,SI1201,77,E,2
2220272,SI1201,78,E,2
2220272,SD1201,61,A,5
2220272,SD2401,57,C,3
2220273,IF1101,63,C,1
2220273,SD2101,73,D,4
2220273,SD1101,67,E,6
2220274,SD1102,96,C,3
2220274,SI1201,75,E,4
2220274,SD2401,89,C,1
2220275,SD1102,66,C,2
2220275,SD2201,72,A,4
2220275,SI1201,82,D,6
2220276,SD1201,85,C,5
2220276,SD1101,66,D,1
2220276,SD1202,75,B,1
2220277,SD2401,77,C,1
2220277,SD1202,71,D,4
2220277,IF1201,95,C,2
2220278,SD2101,77,C,6
2220278,SI1101,66,E,5
2220278,IF1201,69,C,4
2220279,SD2101,57,C,4
2220279,SD2401,76,A,2
2220279,SD1202,70,E,1
2220280,SI1201,84,E,6
2220280,SD1202,76,A,3
2220280,SD1201,75,B,1
2220281,SD2101,96,C,4
2220281,SD2201,68,B,1
2220281,SD2301,82,D,5
2220282,SD2101,49,E,4
2220282,IF1201,84,D,1
2220282,SD2201,62,B,1
2220283,SI1101,70,B,2
2220283,SD2301,81,E,2
2220283,SI1201,64,E,3
2220284,SD1201,66,A,6
2220284,SI1201,88,C,4
2220284,SI1101,75,D,2
2220285,IF1101,81,D,4
2220285,SI1101,53,B,1
2220285,SD2101,84,B,6
2220286,SI1201,95,C,2
2220286,SD2201,97,C,4
2220286,SI1101,53,B,1
2220287,SD1101,68,C,6
2220287,SD1102,82,B,5
2220287,SD2401,78,D,5
2220288,SD2401,69,D,2
2220288,SD1101,46,B,4
2220288,SI1101,74,D,4
2220289,SI1101,,E,2
2220289,SD1102,83,C,5
2220289,SD1201,90,C,6
2220290,SD2101,98,C,5
2220290,SD2201,70,E,6
2220290,IF1101,71,C,2
2220291,SD1202,71,C,3
2220291,SD1201,67,C,5
2220291,SD1101,64,E,1
2220292,SI1101,51,C,1
2220292,SD1201,66,E,2
2220292,SD2201,67,B,4
2220293,IF1101,85,C,6
2220293,SD2401,59,C,1
2220293,SD1102,78,D,5
2220294,SD1101,94,C,6
2220294,SI1201,69,E,6
2220294,SD1102,93,C,4
2220295,SI1101,70,D,3
2220295,IF1201,85,C,2
2220295,SD1202,75,E,1
2220296,SD2201,60,C,3
2220296,SD2301,73,B,2
2220296,SI1101,74,C,5
2220297,SD1101,66,B,3
2220297,SD1201,62,D,6
2220297,SD1202,69,E,4
2220298,SD2201,62,E,4
2220298,SD1102,80,E,1
2220298,SD2401,72,D,2
2220299,IF1201,80,D,6
2220299,SD1201,68,C,4
2220299,SD2201,66,A,4
2220300,SD1102,58,A,4
2220300,SD1202,82,B,2
2220300,IF1101,62,B,1
2320001,SD1202,83,A,2
2320001,SD1201,81,E,6
2320001,SD2301,64,C,2
2320002,IF1201,50,B,1
2320002,SD1102,58,D,1
2320002,SI1101,,E,6
2320003,SD2301,77,B,4
2320003,SD1102,46,E,1
2320003,SI1101,78,C,2
2320004,SI1201,85,C,2
2320004,SI1101,57,C,5
2320004,IF1101,93,C,1
2320005,SD2101,61,D,2
2320005,SD1201,83,E,2
2320005,SD2401,51,B,3
2320006,IF1201,52,B,5
2320006,SD1201,61,B,2
2320006,SD1202,68,B,1
2320007,SD2101,97,C,5
2320007,SI1101,75,B,3
2320007,IF1101,56,C,6
2320008,SD1201,52,D,3
2320008,SD2301,66,D,3
2320008,SD2101,60,D,5
2320009,SI1101,63,D,1
2320009,SD1102,77,E,3
2320009,SI1201,62,B,6
2320010,SD2301,59,E,1
2320010,SD1102,64,A,1
2320010,SD1202,45,B,3
2320011,SD1102,90,C,1
2320011,IF1201,69,A,6
2320011,SI1101,63,C,5
2320012,SD1201,69,B,4
2320012,SD2101,53,B,6
2320012,SD2301,,B,3
2320013,SD2301,70,B,4
2320013,SD1202,64,A,6
2320013,SD2401,84,D,3
2320014,SD2201,82,D,3
2320014,IF1201,45,D,6
2320014,SI1101,82,C,1
2320015,SI1101,52,D,1
2320015,SD1102,77,C,2
2320015,SD2101,47,E,2
2320016,IF1101,65,C,3
2320016,SD2301,65,C,2
2320016,SD1101,,C,6
2320017,IF1201,85,C,1
2320017,SD1101,89,C,3
2320017,SD1202,69,D,4
2320018,SD1202,79,A,2
2320018,SD2401,64,C,1
2320018,SD1201,56,C,3
2320019,SD1101,78,C,1
2320019,SI1101,81,A,2
2320019,SD1202,71,D,6
2320020,IF1201,60,C,6
2320020,IF1101,49,A,6
2320020,SD1202,69,C,3
2320021,SI1201,83,B,5
2320021,SD1102,77,E,2
2320021,SD1101,78,E,2
2320022,SD1202,69,E,1
2320022,SI1101,90,C,3
2320022,SD2101,63,C,5
2320023,IF1101,66,D,2
2320023,SD1102,60,C,1
2320023,SI1201,58,C,4
2320024,IF1201,74,D,6
2320024,SD1201,73,B,2
2320024,SD2301,78,A,1
2320025,SD2301,81,A,4
2320025,SD1201,66,A,4
2320025,SD1202,81,E,3
2320026,SD2401,72,D,2
2320026,SD1101,75,C,5
2320026,SD1102,90,C,1
2320027,SD2101,92,C,6
2320027,SD2301,76,C,2
2320027,SD1102,81,B,5
2320028,SD1202,65,A,6
2320028,SI1101,58,A,3
2320028,SD1101,62,C,1
2320029,IF1101,90,C,4
2320029,SD1202,76,A,5
2320029,SD2201,72,A,4
2320030,SD2301,67,D,2
2320030,IF1201,70,E,2
2320030,SI1201,77,A,6
2320031,SD2401,48,D,5
2320031,SD1201,78,C,5
2320031,SD2101,83,C,4
2320032,IF1201,61,A,3
2320032,SD2301,62,A,1
2320032,SD1202,87,C,3
2320033,SI1201,100,C,4
2320033,SD2201,61,E,2
2320033,SD1102,77,C,3
2320034,SI1101,63,E,2
2320034,SI1201,83,D,1
2320034,IF1201,68,B,1
2320035,SI1101,61,A,4
2320035,SD1201,82,E,4
2320035,IF1201,89,C,2
2320036,SD1101,74,D,6
2320036,SD1102,83,B,2
2320036,SI1201,76,E,5
2320037,SD2301,81,B,2
2320037,IF1201,61,E,4
2320037,SD1201,93,C,1
2320038,SD2101,67,B,4
2320038,SD2301,78,E,4
2320038,SD1201,73,E,5
2320039,SD1201,70,E,2
2320039,IF1101,70,C,6
2320039,SD1102,72,E,6
2320040,SD2301,91,C,5
2320040,SD1101,69,C,5
2320040,SI1101,72,A,6
2320041,IF1201,,D,4
2320041,SD2201,68,E,3
2320041,IF1101,79,A,3
2320042,SD2301,90,C,4
2320042,SD1201,50,B,2
2320042,SD2101,61,B,1
2320043,SD2101,89,C,4
2320043,IF1101,66,E,6
2320043,SI1201,82,B,6
2320044,SI1201,68,D,6
2320044,SD1201,55,A,1
2320044,SD1202,80,C,3
2320045,SD2301,,C,1
2320045,SD2201,75,A,6
2320045,SD2401,74,C,4
2320046,SD2201,67,C,5
2320046,SD1202,76,B,5
2320046,SD1102,66,E,1
2320047,SD1201,71,B,3
2320047,SD2201,73,B,4
2320047,SD1202,59,E,1
2320048,SI1101,51,D,2
2320048,SI1201,66,D,1
2320048,SD2101,78,B,5
2320049,SD1201,73,E,3
2320049,SD2301,72,E,5
2320049,SD2201,66,E,2
2320050,SD2201,65,A,6
2320050,SD2401,63,D,6
2320050,SD2101,51,B,3
2320051,SD2401,91,C,5
2320051,SD2101,62,D,1
2320051,SD2201,83,C,1
2320052,SD2201,73,E,2
2320052,SD1102,58,E,4
2320052,SI1201,59,C,4
2320053,SI1201,71,C,2
2320053,SI1101,82,B,2
2320053,SD2201,77,B,6
2320054,SD1201,58,E,3
2320054,SD1101,69,A,5
2320054,SI1101,74,B,6
2320055,SI1101,74,A,1
2320055,SD1101,100,C,4
2320055,SD1102,90,C,5
2320056,SD2401,71,A,2
2320056,SD2101,100,C,4
2320056,SD1202,67,A,5
2320057,IF1101,55,A,2
2320057,SD2201,63,D,5
2320057,SD2301,81,D,3
2320058,SI1201,59,B,5
2320058,SD2401,54,B,6
2320058,SD2101,60,E,6
2320059,SD2201,59,B,3
2320059,SI1201,48,B,4
2320059,SI1101,53,C,6
2320060,SD2401,84,B,6
2320060,SD1201,56,C,1
2320060,IF1101,61,D,3
2320061,SD2301,82,D,4
2320061,SD1102,71,A,6
2320061,SD2401,,C,1
2320062,SD2401,77,D,5
2320062,IF1101,54,C,6
2320062,SD1102,57,B,2
2320063,SD2301,61,A,3
2320063,SD1102,87,C,4
2320063,IF1101,59,B,6
2320064,SD2101,77,C,3
2320064,SD2301,74,C,5
2320064,IF1101,60,D,4
2320065,SD1202,64,A,4
2320065,IF1201,57,C,5
2320065,SD1201,85,C,2
2320066,SD1102,52,B,5
2320066,IF1101,88,C,3
2320066,SD1201,88,C,5
2320067,SD2401,66,A,4
2320067,IF1201,68,C,4
2320067,SD2101,87,C,1
2320068,SD2201,58,B,1
2320068,SD2301,100,C,1
2320068,SD1102,63,A,5
2320069,SI1201,72,E,2
2320069,IF1201,86,C,6
2320069,IF1101,61,B,4
2320070,SD1101,88,C,3
2320070,SD1102,56,A,6
2320070,SD1201,94,C,1
2320071,SD2401,76,B,3
2320071,SD1102,85,C,2
2320071,SI1101,67,A,4
2320072,IF1101,58,C,6
2320072,SD2201,72,C,2
2320072,SD2301,43,C,3
2320073,SD1101,77,B,4
2320073,SD1202,89,C,3
2320073,SI1201,51,A,5
2320074,SD1202,79,A,3
2320074,SI1201,84,A,3
2320074,IF1201,59,E,3
2320075,SI1101,77,E,1
2320075,SD1202,64,D,4
2320075,IF1101,77,E,4
2320076,SD2401,89,C,6
2320076,SD1202,69,E,2
2320076,SD2101,62,D,4
2320077,SD2101,53,A,4
2320077,SI1201,59,A,6
2320077,IF1101,66,B,3
2320078,IF1201,56,A,1
2320078,SD1202,77,C,4
2320078,IF1101,70,D,4
2320079,SI1201,61,C,6
2320079,SD1202,83,C,1
2320079,SD1102,36,E,1
2320080,SD2201,68,E,1
2320080,SD2101,64,B,3
2320080,SD1101,79,D,4
2320081,IF1101,78,A,5
2320081,SI1201,91,C,6
2320081,SD2301,77,E,6
2320082,SD2401,59,C,1
2320082,SD2101,88,C,2
2320082,IF1201,53,C,5
2320083,SD1102,82,D,1
2320083,SI1101,87,C,4
2320083,SD2201,77,E,3
2320084,SI1101,68,A,3
2320084,SD1201,91,C,4
2320084,SD1101,75,D,4
2320085,SD2301,,B,3
2320085,IF1201,74,B,5
2320085,SD2201,77,D,5
2320086,SD2301,70,B,5
2320086,SD2401,56,D,4
2320086,IF1101,72,B,4
2320087,SD1202,63,C,6
2320087,SD2101,83,A,6
2320087,IF1101,79,C,4
2320088,SD1202,98,C,1
2320088,SD2201,81,B,6
2320088,IF1101,64,C,5
2320089,SD2301,80,B,6
2320089,SD1202,68,E,5
2320089,SI1101,67,D,4
2320090,SD2101,82,C,5
2320090,SD1102,71,A,2
2320090,SD1101,65,B,6
2320091,SI1101,,D,6
2320091,IF1101,80,D,6
2320091,SD2401,72,E,6
2320092,SI1201,84,A,1
2320092,SD1202,72,A,1
2320092,IF1201,53,B,6
2320093,SI1101,68,B,1
2320093,SD2401,63,C,5
2320093,SD2101,72,A,5
2320094,SD2201,84,D,5
2320094,IF1101,74,E,2
2320094,SD2401,70,B,3
2320095,SD1101,68,B,1
2320095,SD2301,54,E,3
2320095,SD1202,71,E,2
2320096,SI1201,64,D,1
2320096,SD1102,71,A,6
2320096,SD2101,73,A,6
2320097,SD1102,74,B,2
2320097,IF1201,70,B,4
2320097,SD1201,82,B,2
2320098,SD1102,53,D,4
2320098,SI1201,63,B,2
2320098,SD2301,82,A,6
2320099,IF1101,69,E,6
2320099,SD2101,55,D,2
2320099,SD1201,76,C,3
2320100,SD2201,74,C,1
2320100,SD1101,57,D,2
2320100,SI1101,75,A,2
2320101,IF1201,84,A,3
2320101,SI1201,75,C,1
2320101,SD1201,79,B,6
2320102,SD1102,80,E,6
2320102,SD2101,68,C,1
2320102,SD2201,92,C,6
2320103,SD1102,86,C,2
2320103,SI1201,53,E,2
2320103,SI1101,66,C,1
2320104,SD2301,81,D,3
2320104,SD1102,50,C,6
2320104,IF1201,74,B,1
2320105,SD2301,66,B,2
2320105,IF1101,85,C,1
2320105,SI1101,64,C,3
2320106,SD1202,71,B,1
2320106,SD2101,82,B,4
2320106,SD1101,79,E,5
2320107,SD2101,68,B,3
2320107,IF1201,68,D,4
2320107,SD1202,60,C,6
2320108,SD1201,55,B,5
2320108,SD1102,87,C,4
2320108,SI1101,45,E,3
2320109,IF1201,67,D,3
2320109,SD2201,78,C,3
2320109,IF1101,61,C,1
2320110,SD2101,73,E,2
2320110,SI1101,55,C,4
2320110,SD2301,77,E,6
2320111,SD1201,79,D,6
2320111,SD1102,64,D,1
2320111,SI1201,44,D,1
2320112,SD2401,79,A,2
2320112,SD2101,75,C,1
2320112,IF1201,48,B,2
2320113,SD1102,60,A,5
2320113,SD1202,76,E,4
2320113,SI1101,76,D,4
2320114,SD1201,83,B,6
2320114,SD1101,75,A,3
2320114,SD1202,68,C,5
2320115,SD1102,84,E,5
2320115,IF1101,81,A,2
2320115,SD2101,70,C,3
2320116,SD2401,95,C,6
2320116,SI1101,42,B,3
2320116,IF1201,71,C,5
2320117,SD1201,77,D,2
2320117,SD1202,67,C,6
2320117,SD1102,66,D,5
2320118,IF1101,69,A,4
2320118,SD1202,65,D,5
2320118,SI1101,80,B,2
2320119,SD2301,88,C,2
2320119,IF1101,66,B,5
2320119,SI1101,61,B,4
2320120,SD1102,82,E,6
2320120,SI1101,44,B,1
2320120,SD1101,78,A,6
2320121,SD1202,61,D,5
2320121,SD2301,75,E,4
2320121,IF1201,65,A,2
2320122,SD1102,77,C,4
2320122,SD2201,72,B,3
2320122,SD1201,60,C,4
2320123,SD2301,71,B,2
2320123,SD1202,89,C,1
2320123,SD2401,56,D,3
2320124,SI1201,63,C,2
2320124,SD1202,77,E,2
2320124,SD1201,57,C,3
2320125,SD2101,85,C,6
2320125,SD2401,75,B,4
2320125,SD2301,90,C,2
2320126,SD1102,69,D,5
2320126,SI1101,79,A,5
2320126,SD2401,69,C,1
2320127,IF1101,79,D,1
2320127,SD1202,66,C,4
2320127,SD2401,68,B,5
2320128,SD2101,57,E,3
2320128,SD1201,73,B,6
2320128,SD1101,63,E,1
2320129,SD2401,76,B,1
2320129,SD2101,69,D,1
2320129,SI1101,77,D,3
2320130,SD2301,72,E,2
2320130,SD2101,74,B,4
2320130,IF1101,55,D,5
2320131,SI1201,76,A,6
2320131,SD2301,61,D,3
2320131,SD2401,45,D,1
2320132,SD1201,63,B,3
2320132,SD2401,76,A,3
2320132,SD2201,90,C,5
2320133,SI1101,90,C,4
2320133,SD1102,81,A,1
2320133,SD1202,86,C,5
2320134,SD1202,95,C,4
2320134,SI1101,76,A,5
2320134,SD2301,96,C,4
2320135,IF1201,,A,3
2320135,SD1202,53,E,1
2320135,SD1102,,E,3
2320136,SD1102,69,B,3
2320136,SD2301,85,C,1
2320136,SD1201,69,C,6
2320137,SD2201,69,A,1
2320137,SD1101,76,D,2
2320137,SD1202,75,A,3
2320138,IF1201,61,A,2
2320138,SI1101,,B,1
2320138,SI1201,,C,3
2320139,SD1202,58,C,1
2320139,SI1201,85,C,4
2320139,SD2401,59,C,2
2320140,SI1101,68,D,3
2320140,SD1101,83,E,3
2320140,SD2101,98,C,1
2320141,SI1201,53,C,2
2320141,SD1202,96,C,2
2320141,SI1101,55,D,1
2320142,SD1101,65,C,4
2320142,SI1201,61,D,6
2320142,SD1202,80,B,2
2320143,SD1202,71,C,1
2320143,SD2301,69,E,4
2320143,SD2401,54,E,1
2320144,SD1102,67,B,3
2320144,SD2101,60,A,1
2320144,SD1201,67,D,2
2320145,SD2301,75,A,3
2320145,IF1101,55,E,6
2320145,SD1201,58,B,6
2320146,IF1101,90,C,5
2320146,SD1201,99,C,4
2320146,SD2301,55,C,6
2320147,SD1102,77,E,1
2320147,IF1201,100,C,5
2320147,SD2101,91,C,2
2320148,SI1201,72,D,1
2320148,SD1202,81,E,3
2320148,SD1201,89,C,3
2320149,SD1102,32,C,6
2320149,SD1201,51,A,4
2320149,SD2401,78,C,1
2320150,IF1101,75,B,1
2320150,SD1102,63,B,3
2320150,SD2301,68,B,1
2320151,SD1101,73,D,6
2320151,SD2101,72,A,6
2320151,SD1201,79,D,3
2320152,SD1201,78,E,5
2320152,SI1201,50,E,1
2320152,SI1101,70,E,1
2320153,SI1101,83,A,5
2320153,SD1101,49,E,4
2320153,SD1202,64,C,5
2320154,SD1101,77,C,4
2320154,SI1101,100,C,6
2320154,SD1201,68,E,2
2320155,SD1201,82,B,3
2320155,IF1101,77,D,3
2320155,SI1201,81,E,3
2320156,SD1201,85,C,1
2320156,SD2201,62,A,6
2320156,SD1102,75,D,5
2320157,SI1201,78,B,6
2320157,SD2201,68,D,3
2320157,IF1201,85,C,4
2320158,SD2401,100,C,5
2320158,SD1101,73,C,3
2320158,SD1202,72,E,4
2320159,IF1101,76,C,2
2320159,SD1201,59,E,1
2320159,SI1201,64,D,6
2320160,SD2301,90,C,5
2320160,SD1202,67,B,4
2320160,SI1201,71,D,5
2320161,SD2101,81,B,4
2320161,SI1201,62,E,2
2320161,SI1101,69,D,5
2320162,IF1101,93,C,2
2320162,SD2401,58,A,6
2320162,SD1101,45,A,3
2320163,SD2301,,C,6
2320163,SD2101,80,A,2
2320163,SI1101,84,B,5
2320164,SD1102,63,D,6
2320164,SD2201,60,A,3
2320164,SD1101,63,C,2
2320165,IF1101,58,E,5
2320165,IF1201,69,A,3
2320165,SI1101,76,C,4
2320166,SD2301,92,C,4
2320166,IF1201,84,C,1
2320166,IF1101,90,C,1
2320167,IF1201,59,D,4
2320167,IF1101,68,B,4
2320167,SI1201,60,A,1
2320168,SD1101,69,E,6
2320168,SD1201,85,C,5
2320168,IF1201,90,C,2
2320169,IF1201,77,C,3
2320169,SI1201,51,B,4
2320169,SD2101,80,A,2
2320170,SI1201,96,C,5
2320170,SI1101,95,C,1
2320170,SD1201,95,C,3
2320171,SI1101,67,B,5
2320171,SI1201,86,C,6
2320171,SD1201,,D,5
2320172,SD2301,63,A,6
2320172,SD2401,78,C,3
2320172,SD1202,67,A,2
2320173,SD2201,71,E,2
2320173,SI1201,67,A,4
2320173,SD2401,74,A,1
2320174,SD1201,60,B,5
2320174,SI1201,60,C,5
2320174,SD1101,57,C,4
2320175,SD1201,83,B,2
2320175,SD1102,81,A,2
2320175,SD2301,45,A,2
2320176,SI1201,62,C,6
2320176,SD2101,57,C,3
2320176,SD2301,65,B,5
2320177,SD2301,75,D,2
2320177,SI1201,94,C,4
2320177,IF1101,69,B,5
2320178,SD1101,53,D,6
2320178,IF1101,54,A,1
2320178,SD2401,62,E,3
2320179,SI1101,77,B,6
2320179,IF1101,73,B,2
2320179,SD2201,82,D,6
2320180,SI1201,94,C,2
2320180,IF1201,69,C,1
2320180,SD1101,76,B,6
2320181,SD2201,99,C,2
2320181,SD1201,77,D,4
2320181,SI1201,77,D,3
2320182,SD2301,72,D,1
2320182,SD1202,63,E,5
2320182,SD1101,47,B,5
2320183,SD2301,70,D,2
2320183,SD2201,95,C,5
2320183,SD1201,64,E,6
2320184,IF1201,80,C,4
2320184,SD2201,58,C,1
2320184,SD2101,68,D,1
2320185,SD1101,71,A,6
2320185,SD1201,84,E,1
2320185,SD2301,80,D,6
2320186,SI1101,59,A,3
2320186,IF1101,72,E,2
2320186,IF1201,73,E,3
2320187,SD1102,73,B,6
2320187,IF1101,82,A,5
2320187,SD2101,37,A,5
2320188,SD1201,93,C,1
2320188,SI1201,79,D,2
2320188,SD2401,82,B,5
2320189,SI1201,61,C,3
2320189,SD2301,53,C,2
2320189,SD2101,79,C,3
2320190,SD1202,85,C,3
2320190,SD2101,86,C,4
2320190,IF1101,46,A,6
2320191,SD2301,73,A,4
2320191,SI1201,93,C,2
2320191,SD1102,78,E,4
2320192,SI1201,48,D,2
2320192,SD1101,50,E,3
2320192,SD1102,86,C,5
2320193,SD2301,78,A,4
2320193,SI1201,89,C,3
2320193,SD1201,40,C,6
2320194,SD1102,59,E,3
2320194,SD2201,79,A,5
2320194,SI1101,76,E,6
2320195,SD2201,62,E,6
2320195,SI1101,69,B,1
2320195,IF1201,74,A,3
2320196,SD2301,88,C,3
2320196,SD1202,65,E,4
2320196,SI1201,59,E,4
2320197,IF1201,38,E,4
2320197,SD2401,63,E,6
2320197,SI1201,81,C,6
2320198,SD1202,55,A,6
2320198,SD2201,80,B,5
2320198,SD1101,,C,3
2320199,SD1202,73,B,1
2320199,SI1101,55,C,5
2320199,SD2101,73,B,4
2320200,SD1102,93,C,4
2320200,SD1202,79,E,3
2320200,IF1201,84,E,6
2320201,SD1101,66,E,6
2320201,SD1202,71,D,3
2320201,SD1102,73,D,2
2320202,SD1102,60,A,2
2320202,SI1101,73,B,5
2320202,IF1101,67,E,3
2320203,SD1102,64,B,3
2320203,SD2401,74,A,5
2320203,SD2201,80,E,6
2320204,SI1101,75,E,4
2320204,SD1102,74,B,3
2320204,IF1101,71,B,1
2320205,IF1101,59,E,6
2320205,IF1201,63,E,3
2320205,SD2201,66,E,4
2320206,SD2301,61,C,3
2320206,SD2101,67,C,3
2320206,SI1201,55,B,5
2320207,IF1101,71,D,6
2320207,SD1202,79,D,1
2320207,SD2201,75,D,5
2320208,SD1101,63,E,2
2320208,SI1101,80,C,4
2320208,SD2201,65,C,4
2320209,SD1202,80,D,6
2320209,IF1101,48,C,2
2320209,IF1201,80,E,1
2320210,SD1101,85,C,6
2320210,SI1201,71,E,3
2320210,SD2201,71,E,1
2320211,SD1102,75,D,3
2320211,SD1101,79,D,1
2320211,SD1202,82,C,2
2320212,IF1201,79,E,3
2320212,SD1102,83,C,2
2320212,SD2301,68,E,2
2320213,SD2101,80,C,5
2320213,SD1102,74,A,4
2320213,SD2301,69,C,6
2320214,SD1102,66,D,3
2320214,SD2201,60,C,4
2320214,SD1201,78,C,5
2320215,SD2301,75,D,3
2320215,IF1201,72,A,1
2320215,SI1101,84,B,2
2320216,IF1101,73,E,6
2320216,SD1101,77,D,2
2320216,SD1102,65,E,2
2320217,SD1102,64,B,3
2320217,SI1201,67,B,3
2320217,IF1101,63,E,4
2320218,SD1201,53,E,4
2320218,SD1101,78,D,1
2320218,SI1101,100,C,5
2320219,IF1201,92,C,6
2320219,SI1101,59,A,6
2320219,SD1202,98,C,1
2320220,SD1102,89,C,5
2320220,SI1101,69,B,3
2320220,SD2301,49,E,4
2320221,SD1102,67,B,1
2320221,SD2401,52,B,4
2320221,SD1202,74,D,4
2320222,SD2301,62,C,2
2320222,IF1201,76,A,6
2320222,SI1101,71,D,2
2320223,SD2101,84,D,3
2320223,SD1202,72,C,5
2320223,SD2201,75,E,5
2320224,SD1101,85,C,4
2320224,IF1201,58,E,1
2320224,IF1101,94,C,5
2320225,SD1201,74,E,5
2320225,SD1202,69,D,3
2320225,IF1201,32,C,3
2320226,SD1202,35,A,2
2320226,IF1101,64,E,4
2320226,SD2401,58,B,5
2320227,SD2101,71,D,1
2320227,SD1101,47,A,1
2320227,SD1102,71,C,5
2320228,SD2101,87,C,4
2320228,SD2401,71,A,6
2320228,SD1201,54,E,2
2320229,SD2201,73,C,2
2320229,SD1202,78,A,6
2320229,IF1101,50,E,2
2320230,SI1101,61,E,5
2320230,SD2401,81,C,2
2320230,IF1201,84,C,5
2320231,SD2101,97,C,2
2320231,SI1101,65,C,1
2320231,SD2201,90,C,3
2320232,SD2101,91,C,4
2320232,IF1101,69,E,3
2320232,SD1201,38,A,2
2320233,IF1101,74,D,4
2320233,SD1102,90,C,1
2320233,SI1201,57,E,4
2320234,SD1202,86,C,1
2320234,SD1201,79,B,1
2320234,SD1101,58,A,1
2320235,SD1201,79,B,3
2320235,SD1202,66,C,5
2320235,SI1101,83,A,3
2320236,SD2101,72,E,3
2320236,IF1101,88,C,2
2320236,SD1101,83,B,3
2320237,SD1201,84,B,6
2320237,SI1101,71,A,2
2320237,SD2401,74,D,4
2320238,SD2201,54,E,1
2320238,SD1201,75,B,6
2320238,SD1102,68,B,1
2320239,SD2301,95,C,5
2320239,SD1101,68,D,5
2320239,IF1101,65,C,1
2320240,SD2301,66,E,4
2320240,IF1101,68,D,1
2320240,SI1101,57,C,2
2320241,SD1101,75,E,2
2320241,SD2301,69,C,3
2320241,SI1101,72,B,4
2320242,SI1201,91,C,6
2320242,SD2401,63,A,2
2320242,SD2101,57,D,4
2320243,SD2301,77,C,4
2320243,IF1201,62,C,4
2320243,SI1101,67,B,4
2320244,SD2401,70,D,4
2320244,SD1201,59,C,2
2320244,SD1101,54,A,5
2320245,SD2301,68,D,4
2320245,IF1201,73,D,4
2320245,SD1101,64,D,1
2320246,SD1102,57,B,5
2320246,SI1101,62,B,4
2320246,SD2201,63,B,5
2320247,IF1201,72,D,5
2320247,SD2101,98,C,3
2320247,SD1101,83,D,5
2320248,SD1102,87,C,2
2320248,SD1101,73,B,2
2320248,SD1202,62,E,4
2320249,SD2301,71,B,2
2320249,SD1101,47,E,5
2320249,SD2201,72,B,2
2320250,SI1101,75,B,2
2320250,SD1101,73,C,5
2320250,SD2301,63,C,3
2320251,SD1201,72,C,3
2320251,IF1201,73,C,2
2320251,SI1201,65,E,2
2320252,SD2301,,A,5
2320252,SD1102,64,D,5
2320252,SD1101,46,D,5
2320253,SD1202,49,C,1
2320253,IF1201,92,C,5
2320253,SD2101,78,D,4
2320254,SI1201,79,B,3
2320254,IF1101,65,A,5
2320254,SD2201,79,D,1
2320255,SD1102,63,C,5
2320255,SD2401,74,D,4
2320255,IF1101,52,E,5
2320256,SD2401,87,C,5
2320256,SD2301,64,D,1
2320256,SD1102,86,C,1
2320257,SD1201,61,A,1
2320257,SD1102,89,C,4
2320257,SD1202,78,C,2
2320258,SI1101,53,E,3
2320258,SD1201,71,C,4
2320258,SD2101,64,D,3
2320259,SI1101,75,E,1
2320259,SD1201,73,E,1
2320259,SI1201,83,E,2
2320260,SD2401,64,D,6
2320260,SD1101,61,D,5
2320260,IF1201,77,D,6
2320261,IF1101,61,E,2
2320261,SD2201,61,C,2
2320261,SD2401,,A,2
2320262,SD1201,52,A,2
2320262,SD1202,67,C,5
2320262,SI1201,74,B,6
2320263,IF1101,70,B,2
2320263,IF1201,46,D,1
2320263,SD2301,71,A,1
2320264,SD2101,66,B,3
2320264,SD1201,77,E,2
2320264,SD2301,64,C,3
2320265,SD1101,61,B,4
2320265,SD1201,,E,3
2320265,SD2401,87,C,5
2320266,SD2401,80,A,3
2320266,SD1102,92,C,1
2320266,IF1101,73,C,1
2320267,SI1201,84,D,2
2320267,SD1201,68,B,2
2320267,SD2401,60,C,3
2320268,SD1102,86,C,2
2320268,SD2201,73,D,3
2320268,SD1201,63,D,1
2320269,SD2401,74,D,1
2320269,SD1201,36,E,4
2320269,SD1101,81,A,5
2320270,IF1101,64,A,4
2320270,SD2301,54,D,4
2320270,SD2201,84,E,5
2320271,SD2301,76,B,4
2320271,SD1101,70,D,4
2320271,SD1102,75,E,3
2320272,SD1101,51,C,1
2320272,SD1202,77,B,6
2320272,SD2301,58,C,6
2320273,SD2101,71,E,6
2320273,SI1201,58,A,3
2320273,SD1101,96,C,2
2320274,IF1101,58,A,4
2320274,SD1201,100,C,3
2320274,SD1102,59,B,3
2320275,SD2201,70,E,4
2320275,IF1201,64,B,1
2320275,SD1201,41,E,5
2320276,SD2401,75,C,1
2320276,SI1101,79,D,1
2320276,SD2201,52,A,5
2320277,SD2201,84,D,1
2320277,SD2401,72,C,3
2320277,SI1101,95,C,5
2320278,SD1102,75,A,3
2320278,SD1201,66,A,1
2320278,IF1201,82,D,3
2320279,SD2301,69,D,3
2320279,SD1102,50,D,1
2320279,SD2101,96,C,4
2320280,SD2101,61,B,6
2320280,SD1102,76,B,5
2320280,SI1101,98,C,3
2320281,SI1201,70,B,1
2320281,SD1101,84,C,6
2320281,IF1201,76,E,4
2320282,SD2201,54,D,5
2320282,IF1201,94,C,3
2320282,SD2101,75,E,1
2320283,SD2301,70,E,2
2320283,SD2401,78,E,5
2320283,IF1201,,D,4
2320284,SD1201,80,C,4
2320284,IF1201,74,B,3
2320284,IF1101,60,C,2
2320285,SD1202,64,B,3
2320285,SD1101,72,D,3
2320285,SD1102,83,D,1
2320286,SD1201,63,A,6
2320286,SD1102,71,E,2
2320286,IF1201,55,B,2
2320287,SD2401,67,D,2
2320287,SD2101,80,A,1
2320287,SI1101,82,D,3
2320288,IF1101,73,B,5
2320288,SD1201,,A,4
2320288,IF1201,84,D,6
2320289,SD1102,62,D,6
2320289,IF1101,69,C,4
2320289,SD1201,61,D,3
2320290,SD2201,67,A,5
2320290,SI1101,87,C,1
2320290,SD1101,51,D,2
2320291,SI1201,69,B,4
2320291,SD2301,50,C,6
2320291,SD2101,90,C,3
2320292,IF1201,66,E,3
2320292,SD2301,73,C,5
2320292,SD1202,77,D,5
2320293,SI1101,100,C,3
2320293,SD2101,86,C,5
2320293,IF1101,95,C,4
2320294,SD2201,57,C,2
2320294,SI1101,70,E,4
2320294,SD1201,75,B,5
2320295,SD2401,78,B,1
2320295,SI1201,79,E,4
2320295,SI1101,81,C,5
2320296,SD1201,,E,3
2320296,IF1101,73,D,6
2320296,SD2401,67,D,2
2320297,SD2301,79,D,2
2320297,SI1101,53,D,3
2320297,SD1202,,E,4
2320298,IF1101,,D,4
2320298,SD1101,77,C,5
2320298,SD1201,62,B,4
2320299,SD1102,72,C,4
2320299,SD2201,73,A,2
2320299,SD1202,61,D,1
2320300,IF1101,65,C,5
2320300,SD1201,67,A,1
2320300,SD1202,59,C,4
2420001,SD2101,77,E,4
2420001,IF1201,82,D,6
2420001,IF1101,86,C,1
2420002,IF1201,73,D,5
2420002,SD1201,78,D,2
2420002,SD2101,83,C,5
2420003,IF1201,52,A,3
2420003,SD2201,72,B,5
2420003,SD2101,69,E,5
2420004,SD2101,65,B,1
2420004,SD1202,72,A,1
2420004,IF1201,64,C,6
2420005,SI1201,58,D,5
2420005,SD2201,71,E,4
2420005,SD1101,69,C,2
2420006,SI1201,60,C,1
2420006,SD1201,68,A,6
2420006,IF1201,68,B,1
2420007,SI1201,90,C,4
2420007,SI1101,69,A,6
2420007,SD2201,54,E,1
2420008,IF1101,66,E,5
2420008,SD1102,70,A,3
2420008,SD2401,67,B,2
2420009,SD1201,58,D,6
2420009,SD1102,77,D,2
2420009,IF1101,68,A,5
2420010,SI1101,55,C,2
2420010,SD1202,72,A,3
2420010,SD2101,75,D,3
2420011,SD2201,68,D,2
2420011,SD2101,86,C,5
2420011,SD1201,71,A,6
2420012,SD2201,80,A,4
2420012,SD2101,80,E,6
2420012,SD2401,93,C,6
2420013,SD1101,64,D,3
2420013,SD1102,64,A,4
2420013,IF1101,78,E,5
2420014,SD2401,80,C,3
2420014,SD2201,,B,4
2420014,IF1101,67,A,4
2420015,SD2301,59,C,1
2420015,SD1101,62,A,1
2420015,SI1201,71,A,2
2420016,SD2101,61,B,3
2420016,SD2401,78,C,2
2420016,IF1101,85,C,3
2420017,SD1102,66,E,6
2420017,SD1201,71,A,4
2420017,SD2101,67,C,2
2420018,SD2201,78,C,5
2420018,SD2101,59,A,4
2420018,SD2301,64,E,4
2420019,SD2201,78,A,6
2420019,SD2101,85,C,6
2420019,SD2301,93,C,6
2420020,SD2401,73,B,1
2420020,SD1102,67,D,6
2420020,SD2101,68,E,5
2420021,SD1201,64,C,5
2420021,SD2201,65,E,2
2420021,SD2401,62,C,4
2420022,SI1201,99,C,5
2420022,IF1101,59,A,5
2420022,SD1102,79,B,5
2420023,SD2101,65,A,1
2420023,SD1201,,A,5
2420023,SD1101,77,C,4
2420024,SD1201,63,C,3
2420024,SD1102,85,C,6
2420024,SD2101,67,D,4
2420025,SD1202,56,D,5
2420025,SD1201,74,C,2
2420025,SD2101,57,E,2
2420026,SD1102,61,A,1
2420026,SI1201,64,E,4
2420026,SD2301,60,B,5
2420027,SD1201,57,A,5
2420027,IF1201,54,D,5
2420027,SD2101,80,A,5
2420028,SI1101,62,B,6
2420028,IF1201,,C,5
2420028,IF1101,74,E,5
2420029,SD1202,91,C,3
2420029,SD1101,73,B,1
2420029,SD1201,72,C,1
2420030,IF1101,59,B,6
2420030,SI1101,81,B,2
2420030,SI1201,79,C,5
2420031,SD2201,71,C,2
2420031,SD2401,69,E,4
2420031,SD2101,68,E,5
2420032,SD2201,53,D,6
2420032,SD1102,78,A,4
2420032,SD1201,72,A,1
2420033,IF1101,66,D,3
2420033,SD1202,86,C,6
2420033,SD2101,77,E,3
2420034,SD1201,93,C,4
2420034,SI1101,75,C,5
2420034,SD1202,62,B,6
2420035,SD2101,72,D,4
2420035,IF1201,82,B,3
2420035,SD2201,82,E,4
2420036,IF1201,85,C,6
2420036,SD2201,74,A,2
2420036,SD2101,80,E,1
2420037,SD2201,78,B,2
2420037,IF1201,73,C,2
2420037,SD1201,76,C,1
2420038,SD2101,76,A,6
2420038,SD1202,88,C,5
2420038,SD1101,58,E,6
2420039,SD2101,68,D,5
2420039,SD2401,51,A,5
2420039,SI1201,53,D,2
2420040,SD1202,59,E,6
2420040,SD1101,75,C,5
2420040,SD2201,61,C,1
2420041,SD2301,73,D,2
2420041,SD2201,52,A,1
2420041,SD2401,81,A,3
2420042,SD2101,82,C,4
2420042,SI1201,77,D,4
2420042,SD2301,56,A,6
2420043,SI1201,82,C,3
2420043,SD1202,81,A,5
2420043,SD2201,59,B,2
2420044,SD1101,57,D,4
2420044,SD1202,72,E,4
2420044,IF1201,80,A,5
2420045,SD1202,79,C,2
2420045,SD2401,45,C,5
2420045,SD2301,56,D,3
2420046,IF1101,71,B,4
2420046,SD1102,82,E,4
2420046,SD1202,67,C,3
2420047,SI1201,68,E,1
2420047,IF1101,58,D,1
2420047,SD2101,61,C,3
2420048,SI1101,73,D,1
2420048,SD1102,91,C,1
2420048,SD1202,76,C,3
2420049,SD1101,,E,6
2420049,SI1201,85,C,3
2420049,SD1201,53,A,1
2420050,SD2201,59,C,1
2420050,IF1201,74,B,3
2420050,SD2101,71,C,2
2420051,SD2301,39,A,4
2420051,SD1101,66,B,4
2420051,SD2201,81,D,5
2420052,SD2301,91,C,6
2420052,SI1201,68,E,6
2420052,IF1101,51,E,4
2420053,SI1201,,A,2
2420053,SD1102,67,E,6
2420053,SD2301,50,E,1
2420054,SI1101,76,C,1
2420054,SI1201,63,A,5
2420054,SD1202,64,C,4
2420055,SD1202,78,B,5
2420055,SD2301,83,D,4
2420055,SI1101,,D,2
2420056,IF1201,71,A,6
2420056,SD1201,68,B,6
2420056,IF1101,71,D,5
2420057,SD2201,,A,3
2420057,SD1202,75,C,6
2420057,SD1201,66,A,1
2420058,SD2401,83,A,2
2420058,SI1201,51,C,1
2420058,SI1101,,E,3
2420059,SD1202,55,A,5
2420059,SI1101,84,B,5
2420059,SD2301,76,E,6
2420060,SI1101,83,E,5
2420060,SD2201,66,C,6
2420060,IF1201,87,C,4
2420061,IF1101,60,E,4
2420061,SD2301,60,D,5
2420061,SI1101,60,D,4
2420062,SD2201,85,C,4
2420062,SD2101,58,E,4
2420062,SD1102,65,C,2
2420063,SI1201,81,D,5
2420063,SD1102,83,E,2
2420063,SD1101,70,A,2
2420064,SD2201,80,C,6
2420064,SD1201,65,D,4
2420064,IF1101,57,D,3
2420065,SD2301,81,C,5
2420065,SI1101,76,E,6
2420065,SD1102,66,D,5
2420066,SI1201,70,A,2
2420066,SD1101,61,E,4
2420066,SD1201,68,B,5
2420067,SD1101,68,C,1
2420067,SD2101,81,A,4
2420067,SD1202,74,C,5
2420068,SD2301,76,E,3
2420068,SD2101,83,B,3
2420068,IF1201,90,C,6
2420069,SD2201,72,A,5
2420069,SI1101,75,C,6
2420069,IF1201,60,C,3
2420070,SD1201,76,D,3
2420070,SD2301,66,D,6
2420070,SI1201,89,C,2
2420071,SD2401,83,D,3
2420071,IF1201,59,E,5
2420071,SD2201,79,C,6
2420072,SD1101,77,C,5
2420072,SD1201,60,E,4
2420072,SI1101,76,D,3
2420073,SD2401,72,E,3
2420073,IF1101,62,E,6
2420073,SI1201,59,C,4
2420074,SI1201,70,C,3
2420074,SI1101,76,E,2
2420074,SD2301,56,B,5
2420075,SD1201,70,C,4
2420075,IF1101,90,C,5
2420075,IF1201,89,C,6
2420076,SD1201,51,D,6
2420076,SD1101,62,C,2
2420076,SD2301,56,B,1
2420077,SD1101,81,A,4
2420077,SD1102,74,E,6
2420077,SI1101,80,B,3
2420078,SD1201,74,B,6
2420078,SD2301,,B,2
2420078,SD2201,79,B,5
2420079,SI1201,67,E,3
2420079,SD1101,66,B,4
2420079,SD2301,60,A,3
2420080,SI1101,77,B,3
2420080,SD1201,84,A,2
2420080,SD2401,59,A,6
2420081,IF1101,73,C,2
2420081,SD1101,76,A,5
2420081,SI1101,57,E,5
2420082,IF1201,57,E,6
2420082,SD1101,61,D,6
2420082,SD2401,79,B,1
2420083,SD2201,76,E,6
2420083,IF1101,63,B,1
2420083,SD1101,68,C,1
2420084,SD1102,80,A,5
2420084,SD2401,75,B,6
2420084,SD2201,63,D,1
2420085,IF1101,69,B,5
2420085,SD1101,65,D,3
2420085,SD1102,70,E,5
2420086,SD1201,88,C,1
2420086,SD2301,61,D,5
2420086,SD2201,77,C,2
2420087,SD2301,62,B,2
2420087,SI1101,66,A,2
2420087,SD1201,71,E,2
2420088,SD2201,78,A,3
2420088,SI1101,52,A,6
2420088,SD1102,61,A,2
2420089,SD1201,77,E,6
2420089,IF1201,57,E,4
2420089,SD1101,63,B,5
2420090,SD2301,75,B,5
2420090,IF1101,88,C,3
2420090,IF1201,57,D,4
2420091,SI1101,74,A,6
2420091,SD2101,60,A,1
2420091,IF1201,74,B,3
2420092,SD1202,68,B,6
2420092,SI1201,69,A,2
2420092,SD2101,77,C,3
2420093,IF1101,,C,1
2420093,SD2101,72,B,4
2420093,SD1102,76,E,3
2420094,SD1201,78,D,4
2420094,SD2401,53,B,2
2420094,SD1102,66,A,4
2420095,SD1101,90,C,2
2420095,SD2101,88,C,2
2420095,SD2301,60,B,1
2420096,SD1102,70,D,1
2420096,SD2101,60,C,3
2420096,SD2401,86,C,3
2420097,SD2401,68,B,5
2420097,SD1202,58,B,3
2420097,SI1201,66,B,1
2420098,SD1102,57,B,5
2420098,SD2301,92,C,1
2420098,SD1101,75,A,3
2420099,SD2201,75,D,4
2420099,IF1201,79,E,1
2420099,IF1101,100,C,5
2420100,SD1102,52,D,3
2420100,SD2201,76,D,5
2420100,IF1101,71,E,3
2420101,SI1201,67,C,1
2420101,SD2401,51,E,2
2420101,SD1201,68,E,2
2420102,SD1101,82,B,5
2420102,IF1201,67,E,4
2420102,SI1101,71,A,6
2420103,SD1202,67,B,5
2420103,IF1201,61,B,4
2420103,SD1102,75,D,2
2420104,SD1101,69,B,3
2420104,SD1202,87,C,5
2420104,SI1101,74,E,6
2420105,SD1102,73,D,6
2420105,SD1201,78,B,5
2420105,IF1201,78,C,2
2420106,SD2301,70,D,2
2420106,SI1101,71,A,3
2420106,SD2101,54,A,3
2420107,SD1202,77,D,2
2420107,SD2401,58,E,2
2420107,IF1201,55,A,6
2420108,SI1201,57,D,2
2420108,IF1101,71,E,6
2420108,IF1201,76,A,2
2420109,SD1102,68,C,6
2420109,IF1101,64,B,6
2420109,SD2301,52,E,2
2420110,SD1102,66,D,4
2420110,SD2201,88,C,1
2420110,IF1101,75,C,5
2420111,SD1202,55,C,3
2420111,SD2401,64,E,2
2420111,SI1101,81,A,1
2420112,SI1201,64,E,1
2420112,SD2101,57,D,6
2420112,SD1202,76,E,3
2420113,SI1201,71,B,5
2420113,SD1102,88,C,2
2420113,SD1201,74,A,6
2420114,SI1101,92,C,6
2420114,SD1102,76,A,3
2420114,SD1101,74,A,4
2420115,SI1101,69,A,1
2420115,SI1201,64,D,2
2420115,SD2201,88,C,1
2420116,SD2101,90,C,1
2420116,IF1101,57,B,2
2420116,SD2201,61,C,4
2420117,SD1201,85,C,2
2420117,IF1101,68,E,3
2420117,SD2101,79,B,6
2420118,SD1101,99,C,3
2420118,SD1201,85,C,4
2420118,SD1202,69,E,3
2420119,SD2101,46,D,5
2420119,SD1101,53,A,5
2420119,SD1202,86,C,3
2420120,IF1201,59,A,3
2420120,SI1101,80,D,5
2420120,SD1201,55,D,6
2420121,IF1201,89,C,6
2420121,SD1201,78,C,6
2420121,SD1102,52,D,1
2420122,SD2101,83,C,3
2420122,SD1101,71,C,2
2420122,IF1101,63,E,5
2420123,SD1102,86,C,2
2420123,IF1201,71,D,2
2420123,SD2401,72,D,1
2420124,IF1101,79,B,1
2420124,SD1101,68,D,6
2420124,SD1202,49,E,1
2420125,SD2201,79,C,2
2420125,SD1202,64,A,2
2420125,SD2301,72,A,5
2420126,SI1101,78,C,2
2420126,IF1101,81,B,4
2420126,SD2201,83,E,2
2420127,SD2401,74,B,4
2420127,IF1101,69,C,2
2420127,SD1101,78,A,4
2420128,IF1201,77,D,3
2420128,SD1101,79,B,6
2420128,SI1201,46,B,6
2420129,SD2301,77,E,5
2420129,SD1102,77,D,1
2420129,IF1201,76,A,2
2420130,IF1201,41,D,4
2420130,SD1202,84,C,5
2420130,SD1101,67,E,2
2420131,SD2101,86,C,2
2420131,SD1202,96,C,6
2420131,SD2401,62,D,5
2420132,SD1201,77,E,2
2420132,SI1201,72,C,1
2420132,SD2101,71,C,3
2420133,SD1202,71,A,4
2420133,SI1201,64,B,2
2420133,SD2401,83,E,1
2420134,SI1201,87,C,4
2420134,SD2301,69,C,5
2420134,IF1201,80,B,1
2420135,SI1101,81,E,5
2420135,SI1201,66,C,3
2420135,SD2101,,E,2
2420136,SI1201,78,B,2
2420136,SD1101,53,C,4
2420136,SD2101,81,E,3
2420137,SI1101,93,C,2
2420137,SD2401,,C,4
2420137,IF1101,84,C,2
2420138,SD2301,52,A,3
2420138,IF1201,78,C,5
2420138,SD2201,69,A,3
2420139,SD2301,71,C,6
2420139,SI1101,67,B,5
2420139,SD1101,82,D,1
2420140,SD2301,67,A,6
2420140,SD1201,76,E,3
2420140,SD1101,59,A,6
2420141,SD2401,46,B,4
2420141,SD2301,61,D,4
2420141,IF1101,65,B,2
2420142,SD1101,68,C,1
2420142,SD2401,69,D,6
2420142,IF1201,74,A,4
2420143,SD2301,74,C,6
2420143,SD1201,80,D,6
2420143,SD2101,62,B,5
2420144,SD2301,81,C,2
2420144,IF1101,63,B,4
2420144,SD1102,75,B,4
2420145,SD2301,81,B,6
2420145,IF1101,75,E,4
2420145,SI1101,67,E,3
2420146,SI1101,76,B,3
2420146,SD2101,76,E,1
2420146,SD1102,49,C,4
2420147,SD1202,75,C,3
2420147,IF1201,87,C,5
2420147,SD2401,73,B,3
2420148,SD1102,,C,3
2420148,SD2101,67,C,5
2420148,IF1101,78,B,2
2420149,SD1202,80,C,1
2420149,SI1201,80,A,3
2420149,SD1101,64,B,1
2420150,SD1102,67,E,4
2420150,SD2301,55,C,2
2420150,IF1201,84,D,4
2420151,SD1201,59,D,4
2420151,SI1101,63,E,3
2420151,SI1201,51,C,1
2420152,SD2401,69,A,3
2420152,SI1201,68,D,5
2420152,SD1202,74,B,5
2420153,SD2401,82,C,6
2420153,SI1201,78,E,3
2420153,SD1101,74,C,3
2420154,IF1201,89,C,6
2420154,SI1201,58,E,2
2420154,SD1102,59,D,5
2420155,IF1101,,C,1
2420155,SD2301,82,C,2
2420155,SI1101,55,B,5
2420156,IF1101,63,D,3
2420156,SD1101,70,D,6
2420156,SD2301,83,D,5
2420157,SD2301,79,E,5
2420157,SD1101,57,B,2
2420157,SD2401,49,A,2
2420158,SD1101,85,C,1
2420158,SD1102,67,C,5
2420158,IF1101,68,A,1
2420159,SI1201,63,C,6
2420159,SD2201,68,E,5
2420159,SD1101,77,D,6
2420160,SD1201,69,C,5
2420160,SD2301,87,C,5
2420160,SD1102,75,E,1
2420161,SD1202,64,B,1
2420161,SD2301,74,D,6
2420161,SD1101,67,E,1
2420162,SD2301,79,B,2
2420162,IF1101,93,C,2
2420162,SI1101,45,A,2
2420163,IF1101,59,D,2
2420163,SI1101,64,C,4
2420163,IF1201,64,C,6
2420164,SD1101,,B,3
2420164,IF1201,61,D,1
2420164,SD2301,43,B,2
2420165,SD2201,56,D,1
2420165,IF1101,82,D,3
2420165,SD2401,54,E,6
2420166,SI1201,77,B,3
2420166,IF1101,,B,3
2420166,SD2201,64,A,3
2420167,SD2201,55,B,1
2420167,SD2101,74,B,4
2420167,IF1101,56,B,1
2420168,SD2301,74,A,2
2420168,IF1201,93,C,3
2420168,SD2401,79,E,3
2420169,SD1102,60,E,4
2420169,SI1101,84,B,1
2420169,SD1202,77,E,1
2420170,SD1202,85,C,6
2420170,SI1101,,C,4
2420170,SD1101,60,A,2
2420171,IF1101,78,A,4
2420171,SD2201,,D,4
2420171,SD2101,84,C,6
2420172,SD1102,79,A,4
2420172,IF1101,79,C,1
2420172,IF1201,67,A,2
2420173,SD1202,82,B,4
2420173,SI1101,48,E,3
2420173,IF1201,75,A,5
2420174,SD1201,65,A,3
2420174,IF1101,57,C,3
2420174,SI1201,70,E,6
2420175,SD2401,69,D,4
2420175,SD2301,48,A,5
2420175,IF1201,85,C,2
2420176,SD2101,83,D,4
2420176,SD2201,86,C,6
2420176,SI1201,67,E,5
2420177,SD2301,52,E,4
2420177,SD1102,71,C,4
2420177,SI1201,82,A,2
2420178,IF1101,51,A,5
2420178,SD2101,65,A,5
2420178,SD2301,74,A,2
2420179,SI1201,68,A,3
2420179,SD2101,76,A,3
2420179,SD2201,78,A,6
2420180,SD2401,62,B,4
2420180,SD2101,91,C,1
2420180,SD2201,72,B,2
2420181,IF1101,52,C,5
2420181,SI1201,55,E,4
2420181,SD1202,75,B,2
2420182,SD1202,79,E,3
2420182,IF1101,75,B,3
2420182,SD1101,86,C,5
2420183,SD2101,,A,6
2420183,SD1101,70,D,4
2420183,SD2401,54,E,6
2420184,SD2201,60,D,4
2420184,IF1201,92,C,4
2420184,SD1102,46,B,3
2420185,SD2401,99,C,1
2420185,SI1101,66,D,3
2420185,SD1202,65,A,1
2420186,SI1201,68,B,3
2420186,SD1202,76,E,6
2420186,SD2301,91,C,2
2420187,IF1101,68,A,4
2420187,SI1201,64,C,4
2420187,SD1102,83,D,6
2420188,SD2101,61,B,4
2420188,SI1101,56,D,1
2420188,IF1101,70,B,4
2420189,SD2101,88,C,1
2420189,IF1201,61,E,2
2420189,SD2401,75,E,2
2420190,SD2201,72,A,4
2420190,SD2301,,E,5
2420190,IF1101,,B,5
2420191,SD2301,78,C,6
2420191,SD1102,63,A,1
2420191,SD1202,54,A,1
2420192,SI1201,49,C,4
2420192,SD2401,63,B,3
2420192,IF1101,74,B,3
2420193,SD1202,76,D,5
2420193,IF1101,41,B,5
2420193,SD1102,64,D,2
2420194,SD2301,49,D,4
2420194,SD2101,75,D,2
2420194,SI1201,76,C,1
2420195,SD2401,65,A,6
2420195,SD1201,79,B,3
2420195,SD2201,71,D,5
2420196,IF1201,89,C,3
2420196,SD1101,94,C,6
2420196,SD1102,77,E,2
2420197,SD1101,70,B,5
2420197,IF1201,80,E,4
2420197,SI1201,67,C,3
2420198,SD2401,79,C,3
2420198,SD1201,67,B,6
2420198,SD1101,71,A,1
2420199,SD2201,64,A,2
2420199,SD2301,81,E,5
2420199,SD1101,68,C,1
2420200,IF1101,76,D,4
2420200,SD2201,77,B,4
2420200,SD2101,65,D,2
2420201,SD1201,88,C,4
2420201,SD1101,75,A,5
2420201,SI1201,64,C,1
2420202,SD2201,52,B,2
2420202,IF1101,65,E,2
2420202,SD1101,84,B,3
2420203,SD1101,72,C,1
2420203,SD2201,80,D,6
2420203,IF1201,74,B,2
2420204,IF1101,61,B,5
2420204,SD2301,60,D,6
2420204,IF1201,70,D,6
2420205,SI1201,72,D,5
2420205,SD2101,60,D,4
2420205,SD1102,70,E,3
2420206,SD2201,78,C,6
2420206,SD2101,56,D,5
2420206,SD1202,62,D,1
2420207,SI1201,60,E,5
2420207,SD2201,67,D,3
2420207,SI1101,84,B,2
2420208,SD2101,69,E,6
2420208,SI1101,86,C,1
2420208,SI1201,69,E,5
2420209,SD1102,78,C,3
2420209,IF1101,69,A,1
2420209,SD2101,71,B,4
2420210,SD1201,67,A,2
2420210,SI1101,77,D,1
2420210,SD2401,56,A,2
2420211,SD2201,,B,3
2420211,SD1101,66,D,4
2420211,IF1101,53,C,1
2420212,SD1202,70,C,2
2420212,SD2201,74,D,2
2420212,SD1101,78,D,2
2420213,SD1101,60,C,1
2420213,SD2201,77,A,1
2420213,SD1201,82,B,5
2420214,SD1102,78,C,1
2420214,IF1101,75,E,3
2420214,SD2401,54,D,2
2420215,SD1102,73,B,6
2420215,IF1101,56,A,1
2420215,SI1101,78,B,3
2420216,SD2401,63,C,5
2420216,SD2201,68,E,2
2420216,IF1101,63,D,2
2420217,IF1101,83,E,6
2420217,SI1101,66,D,4
2420217,SD2101,59,E,4
2420218,SD1201,78,A,5
2420218,SD1101,82,B,4
2420218,IF1101,82,A,3
2420219,SD2101,68,C,2
2420219,SD1101,72,B,2
2420219,SD2301,50,C,2
2420220,SD1102,86,C,2
2420220,SI1201,56,C,1
2420220,SD1101,60,D,5
2420221,SD1202,72,E,6
2420221,IF1201,51,E,1
2420221,SD2301,70,B,3
2420222,IF1201,66,B,6
2420222,SI1201,69,B,3
2420222,SD1201,51,D,2
2420223,SD2301,97,C,1
2420223,IF1201,71,A,3
2420223,SD1101,85,C,3
2420224,SD1202,86,C,5
2420224,SD2101,87,C,1
2420224,SD1102,75,D,4
2420225,SD2301,53,D,6
2420225,SI1201,73,A,5
2420225,SD1202,66,C,2
2420226,IF1201,86,C,2
2420226,SD2301,86,C,2
2420226,IF1101,75,B,3
2420227,SD2101,69,D,4
2420227,SD1101,57,E,6
2420227,SD1202,49,D,6
2420228,SI1201,65,D,4
2420228,SD1202,67,C,5
2420228,IF1101,68,C,5
2420229,SD1101,74,A,4
2420229,SD2401,90,C,2
2420229,IF1101,52,B,2
2420230,IF1101,79,B,1
2420230,SD1101,73,D,1
2420230,SD2201,60,E,4
2420231,IF1201,69,A,3
2420231,SD1202,79,A,5
2420231,SD2301,62,B,5
2420232,SD1202,100,C,1
2420232,SD2301,52,D,5
2420232,IF1101,58,E,1
2420233,IF1101,62,C,6
2420233,SD1101,66,B,6
2420233,SD2401,64,A,3
2420234,SD1101,99,C,1
2420234,SD2201,64,E,3
2420234,SD1201,79,B,6
2420235,IF1101,47,B,4
2420235,SI1201,66,D,2
2420235,SD2101,71,D,5
2420236,SD1101,65,D,1
2420236,SI1201,66,A,1
2420236,SD2301,75,B,5
2420237,SI1201,64,C,5
2420237,SD1202,67,E,3
2420237,SD2201,47,C,5
2420238,SD2101,95,C,6
2420238,IF1101,57,D,6
2420238,SD1101,70,B,6
2420239,SD2301,68,E,5
2420239,SD1102,42,C,2
2420239,SD1201,71,B,5
2420240,SD1102,76,D,3
2420240,SD1202,63,B,5
2420240,SD2101,64,E,2
2420241,SD2201,62,D,2
2420241,SD1202,90,C,2
2420241,IF1101,62,B,6
2420242,SD1201,57,D,2
2420242,IF1201,60,D,3
2420242,SD2201,59,B,2
2420243,SD2401,56,E,5
2420243,SD1102,78,A,4
2420243,IF1101,63,A,6
2420244,SD1102,93,C,2
2420244,SD1101,71,B,3
2420244,SI1201,55,A,6
2420245,SD1101,88,C,4
2420245,SD1202,69,A,3
2420245,SD1102,73,B,3
2420246,SD2301,72,E,2
2420246,SD2401,65,A,4
2420246,SD1202,75,C,3
2420247,IF1201,81,C,6
2420247,SI1101,43,D,4
2420247,SD1201,64,A,3
2420248,SI1101,68,C,6
2420248,SD1202,82,D,2
2420248,SD2101,74,D,4
2420249,SD2101,80,C,1
2420249,IF1101,84,E,5
2420249,IF1201,71,A,3
2420250,SI1201,93,C,4
2420250,SI1101,77,D,6
2420250,SD1201,81,E,4
2420251,SD2201,68,A,5
2420251,SD2101,,B,4
2420251,SD1102,95,C,1
2420252,SI1201,70,D,3
2420252,SD2201,72,C,1
2420252,SI1101,53,B,1
2420253,SD1202,68,C,6
2420253,SD2301,62,B,5
2420253,IF1201,82,C,5
2420254,SD2101,97,C,2
2420254,SD1101,72,E,4
2420254,SD1201,48,D,4
2420255,SI1101,73,B,3
2420255,SD2101,65,A,2
2420255,SD1102,65,B,4
2420256,SD2401,80,C,3
2420256,IF1201,92,C,3
2420256,SD1102,69,C,5
2420257,SD2201,57,A,5
2420257,SD1201,80,B,2
2420257,SD1202,94,C,3
2420258,SD1101,72,B,1
2420258,SD2301,83,A,2
2420258,SD1202,62,B,4
2420259,SD1201,77,D,2
2420259,SD2101,62,D,3
2420259,SD1101,49,A,1
2420260,SD2401,72,D,3
2420260,SD1101,58,E,1
2420260,IF1101,54,B,3
2420261,SD1201,79,D,2
2420261,SD1202,84,D,4
2420261,SD2201,70,A,3
2420262,IF1101,76,C,4
2420262,SD1202,70,B,6
2420262,SD2201,69,A,1
2420263,SI1201,68,E,3
2420263,SD2401,86,C,1
2420263,IF1101,69,D,2
2420264,SI1201,70,D,3
2420264,SD1202,47,A,3
2420264,SD2101,58,E,4
2420265,SD2101,90,C,1
2420265,SD1102,65,C,3
2420265,SD1202,73,B,3
2420266,SI1101,70,A,1
2420266,SD2101,82,A,5
2420266,SD1102,74,C,4
2420267,SI1201,62,E,3
2420267,SD2401,76,E,1
2420267,SD2301,87,C,1
2420268,SD1101,65,D,5
2420268,IF1101,83,E,5
2420268,SI1101,94,C,3
2420269,SD1101,56,B,6
2420269,SD1201,67,C,4
2420269,IF1101,93,C,2
2420270,SD2401,77,B,4
2420270,SD2201,49,E,3
2420270,IF1201,75,C,6
2420271,IF1101,60,D,4
2420271,SI1201,68,C,5
2420271,SD2101,83,A,3
2420272,IF1201,54,E,3
2420272,IF1101,59,B,6
2420272,SD2301,86,C,4
2420273,SD1101,74,D,1
2420273,SD2401,61,D,4
2420273,SI1201,,E,2
2420274,SD2301,62,C,3
2420274,SI1101,54,B,4
2420274,SD2201,64,C,2
2420275,IF1101,87,C,6
2420275,SD2401,62,D,4
2420275,SI1101,72,C,1
2420276,SD1101,72,A,6
2420276,SD2201,58,A,5
2420276,SI1201,69,A,4
2420277,IF1201,91,C,2
2420277,SD2201,70,E,6
2420277,IF1101,74,C,3
2420278,SD2101,51,A,2
2420278,SD1202,64,D,4
2420278,SD1102,69,E,2
2420279,SD2201,65,B,5
2420279,SD2101,84,D,3
2420279,SD1201,62,E,1
2420280,SD2301,73,A,5
2420280,SD2101,39,E,4
2420280,SD2201,72,E,1
2420281,SD1201,74,E,2
2420281,IF1101,,C,4
2420281,SD2101,73,E,2
2420282,SD2401,82,A,6
2420282,IF1101,87,C,5
2420282,SD2201,74,C,6
2420283,SD2201,58,B,5
2420283,SD1102,70,B,4
2420283,IF1201,76,E,2
2420284,SD2201,72,C,5
2420284,SD1102,94,C,2
2420284,SD2101,70,B,4
2420285,IF1201,82,A,6
2420285,SD1202,58,B,2
2420285,SD2401,86,C,2
2420286,IF1201,51,C,2
2420286,SD1202,85,C,2
2420286,SD2301,84,E,5
2420287,IF1201,72,B,4
2420287,SD1102,78,C,2
2420287,SD2401,69,A,6
2420288,SD1202,70,A,6
2420288,SD2101,60,D,1
2420288,SD2201,88,C,5
2420289,IF1201,60,D,1
2420289,SD1201,66,A,6
2420289,SI1101,80,B,2
2420290,SD2201,51,B,1
2420290,SD1102,63,A,1
2420290,SD2401,82,E,2
2420291,SD1101,77,B,5
2420291,SD1102,74,E,3
2420291,SD2301,69,D,4
2420292,SD2101,73,A,4
2420292,IF1201,80,A,5
2420292,SD1102,74,A,4
2420293,SI1201,,E,6
2420293,SD1101,79,A,4
2420293,SD2401,46,D,6
2420294,SI1101,66,C,2
2420294,SD1102,74,C,1
2420294,IF1201,37,D,4
2420295,IF1201,95,C,4
2420295,SD1201,69,C,2
2420295,SD1202,74,E,5
2420296,SD1102,69,C,4
2420296,SD2201,78,C,4
2420296,SD1101,83,D,4
2420297,SD2401,65,E,4
2420297,SI1201,75,A,2
2420297,IF1101,74,D,1
2420298,SD2301,,C,6
2420298,SD1201,57,C,2
2420298,SD2401,,B,4
2420299,SD2301,81,D,1
2420299,SD2401,62,D,5
2420299,SD2101,53,C,2
2420300,SI1201,91,C,3
2420300,SD2201,42,A,1
2420300,SD1101,74,A,5
2230001,SI1201,88,C,4
2230001,IF1201,63,E,5
2230001,SD2301,74,C,1
2230002,SD1202,76,E,5
2230002,SD1101,76,B,2
2230002,SD2201,74,B,3
2230003,SD1201,,E,4
2230003,SD2401,74,E,4
2230003,IF1201,73,E,5
2230004,IF1101,74,A,5
2230004,SD2301,59,C,2
2230004,SD2201,81,A,4
2230005,SD1102,71,A,2
2230005,SD1201,73,C,2
2230005,IF1201,76,C,3
2230006,SD2301,47,D,2
2230006,SI1101,54,D,3
2230006,SD1101,67,E,1
2230007,IF1201,83,D,4
2230007,SD1202,62,A,1
2230007,SD2201,96,C,4
2230008,SI1201,72,C,4
2230008,SD1202,79,C,1
2230008,SD1101,86,C,5
2230009,SD1101,60,D,6
2230009,SI1201,62,E,6
2230009,SD1102,55,B,1
2230010,SI1201,60,A,6
2230010,IF1101,68,B,3
2230010,SD1102,79,E,3
2230011,SI1201,61,C,6
2230011,SD2301,65,E,3
2230011,SD1102,56,D,6
2230012,SI1101,69,D,4
2230012,SD1202,67,B,6
2230012,SD2401,71,E,3
2230013,SD2301,80,B,2
2230013,SD2401,90,C,3
2230013,SD1102,98,C,1
2230014,SD2401,71,A,3
2230014,SD1102,77,A,3
2230014,SD1202,88,C,3
2230015,SI1101,79,B,4
2230015,SD2101,72,B,2
2230015,IF1201,89,C,6
2230016,SD1201,74,D,4
2230016,SI1101,,C,4
2230016,SD2201,50,C,4
2230017,SD2401,85,C,3
2230017,IF1201,94,C,4
2230017,SI1201,39,B,1
2230018,SD2201,68,E,3
2230018,SD2401,74,B,5
2230018,SD2301,75,B,2
2230019,IF1101,83,C,2
2230019,SI1201,70,A,5
2230019,IF1201,48,B,5
2230020,SD2101,63,C,4
2230020,SI1201,45,B,3
2230020,SI1101,70,C,5
2230021,SD1102,71,A,5
2230021,SD1201,69,A,1
2230021,IF1201,60,D,3
2230022,IF1101,65,B,3
2230022,SI1101,54,B,1
2230022,SD1102,66,E,6
2230023,IF1201,84,E,4
2230023,SI1201,87,C,4
2230023,SD2201,61,B,3
2230024,SD1202,67,A,6
2230024,SD2101,80,A,6
2230024,IF1101,77,D,4
2230025,SD1202,92,C,6
2230025,SI1201,65,E,2
2230025,SD1102,73,D,3
2230026,SD2101,52,B,6
2230026,SD1102,68,A,3
2230026,SD1202,77,E,4
2230027,SD1102,66,D,6
2230027,SD1101,78,D,2
2230027,SI1101,55,E,6
2230028,SI1101,57,B,6
2230028,SD1101,61,A,1
2230028,SD2101,79,D,4
2230029,IF1201,75,C,3
2230029,SD1201,59,D,4
2230029,SD2101,74,E,3
2230030,SD1201,72,A,1
2230030,SI1201,62,B,5
2230030,SD2401,60,A,2
2230031,SD2301,,B,3
2230031,SI1101,73,A,3
2230031,SD1201,72,A,2
2230032,SD2101,65,A,6
2230032,SD2301,69,D,2
2230032,IF1101,54,A,6
2230033,SD2201,76,A,3
2230033,SD2401,63,B,5
2230033,SI1201,79,D,4
2230034,SD1102,57,A,2
2230034,SD2401,68,C,3
2230034,SD1101,70,A,6
2230035,SD1101,50,E,5
2230035,SD1201,65,A,6
2230035,SD2401,63,D,5
2230036,SD1202,54,B,3
2230036,SD2401,88,C,1
2230036,SI1201,58,E,6
2230037,SD1101,86,C,2
2230037,SD2301,60,E,3
2230037,SD2101,60,E,3
2230038,SD2201,58,A,2
2230038,SD2101,67,A,3
2230038,SD1201,95,C,4
2230039,IF1201,88,C,5
2230039,SD1102,48,B,6
2230039,SD1201,92,C,1
2230040,SI1201,67,C,5
2230040,SD1202,87,C,6
2230040,SD2401,79,A,3
2230041,SD1101,,D,5
2230041,SD2201,98,C,4
2230041,SD2301,62,E,4
2230042,SI1201,82,D,4
2230042,SD2201,85,C,2
2230042,SD1202,66,D,4
2230043,SI1201,60,D,2
2230043,SI1101,70,A,3
2230043,SD2201,54,C,5
2230044,SD2201,57,A,5
2230044,SD2401,76,E,2
2230044,SD1102,90,C,1
2230045,SI1101,,E,5
2230045,SD2201,54,D,6
2230045,SD1201,75,B,2
2230046,SD2301,98,C,2
2230046,SD2201,65,C,4
2230046,SD1201,61,E,1
2230047,SI1201,79,E,1
2230047,SD1102,83,E,4
2230047,SD2401,69,B,2
2230048,SD2201,78,A,1
2230048,SD1101,61,C,3
2230048,SD1201,66,D,3
2230049,SD1102,69,D,4
2230049,SD1201,53,E,2
2230049,SI1201,56,E,5
2230050,SI1101,73,C,2
2230050,SD2301,61,E,5
2230050,SD1201,92,C,4
2230051,SD1101,71,C,3
2230051,SD2201,81,C,4
2230051,SD2301,,A,1
2230052,SI1101,55,D,2
2230052,SD1101,81,B,4
2230052,SD2301,76,B,2
2230053,SD1202,63,D,4
2230053,SD2401,71,D,6
2230053,SI1201,73,C,3
2230054,SD1101,96,C,3
2230054,SD1202,89,C,5
2230054,SD2201,53,D,1
2230055,SD2301,55,A,6
2230055,SD1102,64,A,2
2230055,SD1101,78,A,2
2230056,IF1201,100,C,3
2230056,SD2401,77,E,5
2230056,SD2101,69,D,5
2230057,IF1101,95,C,2
2230057,IF1201,60,A,2
2230057,SI1101,,C,6
2230058,SD1102,78,C,6
2230058,SD2201,69,B,5
2230058,IF1201,66,B,5
2230059,SD2201,59,C,6
2230059,SI1101,58,C,1
2230059,IF1201,79,D,2
2230060,SD1202,77,D,2
2230060,IF1101,75,B,3
2230060,SD2401,65,E,1
2230061,SD2401,85,C,4
2230061,SD1201,66,C,2
2230061,SD1102,88,C,6
2230062,SD1201,81,D,4
2230062,SD2201,64,B,6
2230062,SD2401,73,D,5
2230063,SD1202,52,D,2
2230063,SI1101,57,E,2
2230063,IF1201,85,C,6
2230064,SD2401,72,B,4
2230064,SD1202,71,E,4
2230064,SD2201,51,D,1
2230065,SD1102,62,D,4
2230065,SI1201,79,B,1
2230065,SD2401,51,E,3
2230066,SI1101,73,D,2
2230066,SI1201,60,C,1
2230066,SD1202,49,E,1
2230067,SD1101,44,E,6
2230067,SD2401,,E,2
2230067,SD2101,48,E,5
2230068,SD1102,81,D,2
2230068,SD2101,58,E,1
2230068,SI1201,79,B,4
2230069,SD1101,60,E,2
2230069,SD1201,,D,4
2230069,SD2301,76,C,1
2230070,SD1202,78,C,4
2230070,SD2301,76,A,1
2230070,SD1101,76,B,5
2230071,IF1201,91,C,2
2230071,SD2101,74,D,6
2230071,SD1101,,C,2
2230072,SD2101,75,B,2
2230072,SD2401,,B,6
2230072,IF1201,70,A,6
2230073,SD2201,90,C,2
2230073,SD2101,92,C,6
2230073,SD2401,52,C,5
2230074,SD2201,73,D,4
2230074,SD1102,79,D,5
2230074,SD1201,84,E,2
2230075,SD2401,62,D,3
2230075,SD2101,71,A,2
2230075,SD2201,81,A,3
2230076,SD2201,58,C,1
2230076,IF1101,70,B,5
2230076,IF1201,70,B,5
2230077,SD2301,80,D,1
2230077,SD1202,65,E,1
2230077,IF1101,65,B,1
2230078,SD2301,,B,3
2230078,SD1202,65,A,5
2230078,SD2401,77,A,5
2230079,IF1201,80,D,1
2230079,IF1101,41,A,2
2230079,SD1102,69,D,1
2230080,SD2301,53,D,1
2230080,SD2101,78,E,2
2230080,SD1102,76,A,4
2230081,SD2101,77,A,5
2230081,IF1101,55,A,5
2230081,SD2301,76,A,4
2230082,SD1102,75,B,2
2230082,SD2401,100,C,4
2230082,SI1201,70,D,6
2230083,SD2301,91,C,2
2230083,SD1102,75,A,6
2230083,SD2401,83,B,6
2230084,SD1101,73,A,4
2230084,IF1201,89,C,5
2230084,SD2101,79,A,6
2230085,SD1101,37,E,1
2230085,SD1201,76,E,1
2230085,SI1101,51,E,3
2230086,SD1101,66,E,1
2230086,SD1202,77,C,4
2230086,IF1101,60,D,1
2230087,IF1201,75,D,3
2230087,SD2401,74,D,2
2230087,SI1201,65,E,2
2230088,SD1101,81,B,1
2230088,SI1101,74,B,4
2230088,SD2101,86,C,3
2230089,SD2401,71,B,6
2230089,SD2101,86,C,3
2230089,SD1202,52,D,1
2230090,SD2201,73,E,5
2230090,SD1201,68,A,2
2230090,SI1201,58,D,5
2230091,SD1102,87,C,3
2230091,SD1201,71,B,6
2230091,SD1202,46,E,2
2230092,SD2101,55,B,6
2230092,SD1101,57,B,1
2230092,SD1202,76,E,5
2230093,SD2201,79,C,3
2230093,SI1101,46,E,1
2230093,SI1201,85,C,6
2230094,IF1201,70,D,4
2230094,SD1102,55,A,4
2230094,IF1101,65,D,6
2230095,SD1202,86,C,1
2230095,SD2101,52,C,6
2230095,SI1201,46,D,3
2230096,SD1101,76,C,3
2230096,IF1101,62,D,6
2230096,SD1102,72,D,2
2230097,SD2301,57,C,2
2230097,SD1102,100,C,6
2230097,SD2101,64,B,3
2230098,IF1101,54,A,3
2230098,SI1201,76,E,4
2230098,SD1202,71,C,5
2230099,SD2101,69,E,1
2230099,SD1202,65,C,3
2230099,SD2301,65,B,4
2230100,IF1101,71,A,6
2230100,SD1101,94,C,3
2230100,SD1201,,D,1
2230101,SD1102,74,A,5
2230101,SD1101,74,A,3
2230101,IF1101,45,E,4
2230102,SD1101,64,E,3
2230102,SD2201,69,C,6
2230102,SD1202,59,E,1
2230103,SD2201,84,A,3
2230103,SD2101,88,C,6
2230103,SD2301,81,C,1
2230104,IF1201,98,C,1
2230104,SI1101,67,A,1
2230104,SD1102,50,C,1
2230105,SD2201,66,C,4
2230105,IF1201,80,B,3
2230105,SI1201,99,C,1
2230106,IF1101,84,A,5
2230106,SD1202,96,C,3
2230106,SD2101,66,A,4
2230107,SD1102,61,C,3
2230107,SI1101,74,D,5
2230107,SD1201,83,A,6
2230108,SD2301,70,C,3
2230108,IF1101,80,A,2
2230108,SD1101,57,D,3
2230109,IF1101,86,C,5
2230109,SD2301,78,C,2
2230109,SI1201,73,E,6
2230110,SD2401,55,C,2
2230110,SD2301,69,E,4
2230110,SD2201,72,B,1
2230111,SD2201,72,A,1
2230111,SD2101,75,C,1
2230111,SI1201,86,C,3
2230112,SD2301,49,C,2
2230112,SD2101,62,B,3
2230112,SD1201,82,E,1
2230113,SD2101,71,D,1
2230113,SD1102,51,D,4
2230113,IF1101,75,A,6
2230114,SI1201,81,C,6
2230114,SD2301,57,D,6
2230114,SD2201,86,C,5
2230115,SD2401,86,C,5
2230115,SI1101,60,A,2
2230115,IF1101,100,C,1
2230116,SD1201,82,C,5
2230116,SD2201,71,E,6
2230116,SI1101,55,A,1
2230117,IF1201,54,B,4
2230117,SD2201,86,C,1
2230117,SD1102,92,C,3
2230118,SD2101,61,D,1
2230118,IF1101,57,D,5
2230118,SI1101,77,B,6
2230119,SD1201,74,D,3
2230119,IF1101,83,D,6
2230119,SD2201,66,A,5
2230120,SD1202,75,A,6
2230120,SD2301,58,B,6
2230120,SD2101,73,A,3
2230121,SD1201,68,B,5
2230121,SD2301,81,E,6
2230121,IF1101,78,E,2
2230122,SD1101,73,C,5
2230122,SD1102,55,C,3
2230122,SD1201,87,C,2
2230123,SD2101,93,C,4
2230123,SD1202,59,E,1
2230123,SD2301,73,B,6
2230124,SD1102,55,E,5
2230124,IF1101,81,C,6
2230124,SD1201,63,D,4
2230125,SD2201,71,E,3
2230125,IF1201,41,E,6
2230125,SD1202,90,C,5
2230126,SD2201,96,C,5
2230126,IF1101,73,D,6
2230126,SD2301,63,B,3
2230127,IF1201,80,B,6
2230127,SI1201,72,D,3
2230127,SD1201,80,D,5
2230128,SD1202,35,B,4
2230128,IF1101,88,C,2
2230128,SD2401,74,A,5
2230129,IF1201,65,A,5
2230129,IF1101,71,D,2
2230129,SD2401,50,E,3
2230130,SD2301,54,E,2
2230130,SD2401,67,A,4
2230130,SI1201,65,A,6
2230131,IF1201,79,D,1
2230131,SD1201,83,A,3
2230131,SI1101,72,C,5
2230132,SD2301,64,A,1
2230132,SI1201,89,C,1
2230132,SI1101,83,A,4
2230133,IF1101,70,A,3
2230133,SD2301,76,D,1
2230133,SD1101,95,C,6
2230134,SD2201,68,D,5
2230134,SD2301,54,B,5
2230134,SD1101,56,B,6
2230135,SI1101,43,B,2
2230135,SD1201,63,A,1
2230135,SD2401,76,E,3
2230136,SI1101,72,B,5
2230136,SI1201,84,A,4
2230136,SD2201,62,E,6
2230137,SI1101,63,E,3
2230137,SD2201,91,C,4
2230137,SD1101,55,A,4
2230138,SD1201,57,D,2
2230138,SD2401,52,D,3
2230138,SD1102,,E,2
2230139,SI1201,76,E,1
2230139,SD1101,73,A,4
2230139,SD2201,65,B,1
2230140,SD1202,69,A,5
2230140,IF1101,98,C,2
2230140,SI1201,77,D,6
2230141,SD2201,84,B,4
2230141,IF1101,83,D,6
2230141,SD1201,60,C,5
2230142,SD2101,92,C,4
2230142,SD1201,73,B,1
2230142,SI1201,70,B,6
2230143,SD2301,87,C,3
2230143,SD1102,62,B,6
2230143,SI1201,63,C,6
2230144,SD2101,67,C,4
2230144,SD1201,95,C,3
2230144,IF1201,96,C,4
2230145,IF1201,59,E,2
2230145,SD2101,75,D,4
2230145,SD1102,77,C,6
2230146,SD2401,46,D,2
2230146,SD2301,57,E,5
2230146,IF1101,76,A,3
2230147,SI1201,58,D,6
2230147,SD1202,59,A,2
2230147,SD2101,72,D,2
2230148,SD2101,85,C,2
2230148,IF1201,66,E,1
2230148,IF1101,76,E,2
2230149,SI1101,73,D,2
2230149,IF1101,100,C,5
2230149,SI1201,66,A,5
2230150,SD1202,87,C,5
2230150,SD2301,90,C,5
2230150,SD2401,63,D,1
2230151,SD1201,73,A,5
2230151,IF1101,85,C,1
2230151,IF1201,100,C,3
2230152,SD1102,78,B,1
2230152,IF1201,76,B,4
2230152,SD2101,61,D,1
2230153,SD1101,53,B,3
2230153,SD1202,60,D,5
2230153,SD1102,86,C,6
2230154,SD2201,68,D,3
2230154,SD2101,63,D,6
2230154,SI1101,86,C,2
2230155,SD1101,54,E,1
2230155,SD2301,67,D,4
2230155,SD2201,59,C,1
2230156,IF1101,58,B,6
2230156,SD2401,82,A,5
2230156,SD1202,81,B,5
2230157,SD2201,80,A,2
2230157,SI1201,65,E,1
2230157,SD1102,66,C,1
2230158,IF1201,83,B,5
2230158,SD2301,52,E,3
2230158,SD1202,77,C,3
2230159,SI1101,88,C,4
2230159,IF1101,86,C,5
2230159,SI1201,92,C,5
2230160,SI1101,74,D,4
2230160,SD2401,77,E,2
2230160,SD1101,55,B,5
2230161,SD1201,75,A,2
2230161,SD2101,,A,4
2230161,SD2301,95,C,5
2230162,SD2301,73,A,3
2230162,SD1202,59,B,6
2230162,SD2101,68,D,6
2230163,SD2201,59,B,6
2230163,SD2301,69,A,2
2230163,SD1101,81,E,6
2230164,SD1101,67,A,5
2230164,SD1202,77,D,2
2230164,SD2201,86,C,6
2230165,SD2101,68,C,1
2230165,SD2301,,B,4
2230165,SD1101,79,B,4
2230166,SD1202,63,A,1
2230166,SD1101,56,C,5
2230166,SI1201,63,C,1
2230167,SD1101,81,B,3
2230167,SD1201,64,D,4
2230167,SD2101,73,A,1
2230168,SD1202,72,E,3
2230168,SD1201,54,D,5
2230168,SD2401,50,D,4
2230169,SI1101,62,C,6
2230169,SD1101,47,E,5
2230169,IF1201,74,D,2
2230170,SD1101,42,C,1
2230170,SD2101,50,B,4
2230170,SD1102,84,D,6
2230171,SD1101,71,E,4
2230171,SD2101,67,E,4
2230171,SD1201,62,A,6
2230172,SD1201,67,C,3
2230172,SD2401,76,B,4
2230172,SD1101,55,D,6
2230173,SD2301,48,D,6
2230173,IF1101,81,E,5
2230173,SD2401,48,A,3
2230174,SI1101,75,A,5
2230174,SD2201,57,A,6
2230174,IF1201,55,C,1
2230175,SD2201,70,E,5
2230175,SI1201,90,C,5
2230175,SD1102,74,C,6
2230176,SD1201,96,C,2
2230176,SD2301,87,C,5
2230176,IF1201,61,D,6
2230177,SD2401,71,E,3
2230177,IF1201,56,C,5
2230177,SI1201,69,E,3
2230178,SD2401,72,A,6
2230178,SD2101,86,C,2
2230178,SI1101,71,A,2
2230179,SI1101,67,C,2
2230179,SD2401,91,C,4
2230179,SD2101,74,B,1
2230180,SI1201,98,C,1
2230180,SD1102,56,E,3
2230180,IF1101,71,C,4
2230181,SI1101,78,B,3
2230181,SD2301,73,C,4
2230181,SD2201,60,D,4
2230182,IF1101,69,E,4
2230182,SI1201,76,A,4
2230182,SD1201,69,D,2
2230183,SD1102,71,A,3
2230183,SD2101,73,D,4
2230183,IF1101,65,B,2
2230184,SD1101,75,B,2
2230184,SD1102,71,A,5
2230184,SD1201,55,C,5
2230185,SD1101,90,C,5
2230185,SD1202,76,D,3
2230185,IF1101,71,B,5
2230186,IF1201,89,C,6
2230186,SD2301,100,C,5
2230186,SD1101,72,C,1
2230187,SD2301,68,E,5
2230187,IF1101,68,D,3
2230187,SD1202,71,D,3
2230188,SD1102,74,C,6
2230188,IF1201,70,B,2
2230188,SD1101,53,B,3
2230189,IF1201,64,A,5
2230189,SD1201,68,D,3
2230189,SI1101,68,D,5
2230190,SD2401,78,E,2
2230190,SD1101,58,B,4
2230190,SI1101,70,A,1
2230191,SD1102,,B,1
2230191,SD2101,64,B,2
2230191,SI1101,64,E,4
2230192,SD2201,56,A,6
2230192,SD2101,76,C,1
2230192,SI1101,89,C,1
2230193,SD2201,76,A,4
2230193,SD2401,50,C,5
2230193,SI1101,65,D,3
2230194,SI1101,84,D,2
2230194,SD2101,70,E,5
2230194,SD2301,67,D,4
2230195,SI1201,78,E,1
2230195,SD1102,77,E,6
2230195,SD2201,64,B,3
2230196,SD2401,50,E,5
2230196,IF1201,81,D,4
2230196,SD2301,59,E,6
2230197,SI1101,84,E,5
2230197,SI1201,67,B,4
2230197,SD1202,89,C,4
2230198,SD1101,59,C,5
2230198,SD2101,65,E,4
2230198,SD2301,71,E,2
2230199,SD2201,65,C,6
2230199,SD1201,53,A,6
2230199,SD2301,80,A,4
2230200,IF1101,78,C,6
2230200,SI1101,99,C,6
2230200,SD2201,64,C,1
2230201,IF1201,73,C,2
2230201,SD1102,70,D,2
2230201,SD1201,79,C,5
2230202,SI1101,71,B,1
2230202,SD2101,79,E,4
2230202,IF1101,79,A,5
2230203,IF1201,64,B,6
2230203,SD1101,70,B,5
2230203,IF1101,74,C,2
2230204,IF1201,62,D,3
2230204,SD1101,100,C,1
2230204,SI1201,,E,5
2230205,SD1202,79,B,4
2230205,SD1201,59,E,5
2230205,SI1201,61,C,1
2230206,SD1101,78,A,4
2230206,SD1202,66,E,2
2230206,SI1101,67,D,4
2230207,SD2301,72,E,1
2230207,SD1102,68,D,1
2230207,SI1101,90,C,4
2230208,SD1102,68,D,5
2230208,SD2401,63,E,4
2230208,SD1201,56,E,4
2230209,SD2401,61,B,4
2230209,SI1101,84,C,3
2230209,SD1101,93,C,2
2230210,SI1101,68,B,2
2230210,IF1101,70,B,6
2230210,SD1101,99,C,2
2230211,IF1101,100,C,5
2230211,SI1101,78,D,5
2230211,SD1202,59,E,5
2230212,IF1101,84,C,4
2230212,SD2401,47,A,6
2230212,SD2301,84,A,1
2230213,SD1101,79,D,1
2230213,SD2301,61,E,1
2230213,SD2101,,A,4
2230214,SD2401,,B,5
2230214,SD1202,61,D,1
2230214,SI1201,63,E,4
2230215,SD1201,54,E,5
2230215,IF1101,79,A,2
2230215,SD2301,88,C,6
2230216,IF1201,,C,4
2230216,SD2401,78,A,3
2230216,SD1201,65,C,5
2230217,SD2101,89,C,4
2230217,SD1201,60,E,3
2230217,SD2301,81,B,2
2230218,SD1101,76,D,5
2230218,SD1102,55,E,6
2230218,SD2301,66,C,2
2230219,SD2101,64,A,3
2230219,SD1102,69,C,3
2230219,IF1201,39,B,3
2230220,SD1102,,D,1
2230220,SD2101,69,D,1
2230220,IF1201,47,C,3
2230221,SD1101,57,E,6
2230221,SD1102,81,C,2
2230221,SI1201,64,E,6
2230222,SD2301,70,E,2
2230222,SD2201,81,D,6
2230222,SD1101,64,A,1
2230223,SD1202,71,C,5
2230223,SI1101,72,A,1
2230223,SD2301,60,B,2
2230224,SD1102,71,B,1
2230224,SD1101,88,C,6
2230224,SD2101,77,C,6
2230225,SD2301,81,D,3
2230225,SD2401,76,C,2
2230225,SD2101,62,C,5
2230226,SD2301,60,E,4
2230226,SD2101,57,C,1
2230226,SI1101,71,B,5
2230227,SD2301,53,E,6
2230227,SD1102,56,B,6
2230227,SD2401,80,B,3
2230228,SD2101,67,C,6
2230228,SD1202,55,C,5
2230228,SD1102,47,E,6
2230229,SD2101,,C,3
2230229,SI1101,72,A,3
2230229,SD2301,61,C,2
2230230,SD2401,65,A,4
2230230,SI1201,78,A,1
2230230,SD2101,83,A,6
2230231,IF1201,68,C,2
2230231,SI1201,35,D,6
2230231,SI1101,58,C,5
2230232,SD2401,73,C,4
2230232,SD2101,72,A,6
2230232,SD1201,72,A,2
2230233,SD1102,,C,1
2230233,SD1101,73,C,6
2230233,IF1101,69,C,3
2230234,SD1202,76,B,3
2230234,SD2301,60,A,5
2230234,IF1101,78,C,6
2230235,SD2301,71,D,5
2230235,SD2101,54,B,1
2230235,SD2401,88,C,5
2230236,SI1201,72,B,4
2230236,SD1202,91,C,4
2230236,SD2401,85,C,2
2230237,SD1102,86,C,4
2230237,SI1201,69,E,6
2230237,SI1101,70,E,5
2230238,SD1101,49,B,5
2230238,SI1101,74,B,2
2230238,SD1102,88,C,5
2230239,SD2201,62,D,1
2230239,IF1101,74,E,5
2230239,SD1202,70,E,5
2230240,SD2201,75,B,1
2230240,SI1101,75,C,3
2230240,SD1102,55,D,2
2230241,SD2101,69,C,5
2230241,SI1201,64,D,3
2230241,SD1202,70,B,6
2230242,SI1101,51,B,5
2230242,SD1102,60,E,5
2230242,IF1201,57,D,4
2230243,IF1201,73,B,6
2230243,IF1101,86,C,6
2230243,SI1201,80,B,4
2230244,SD1102,83,D,6
2230244,SI1101,71,E,1
2230244,SD1201,73,E,2
2230245,SD2301,53,B,2
2230245,SD2201,84,A,2
2230245,SD1101,69,C,3
2230246,IF1201,43,A,6
2230246,SD1101,93,C,2
2230246,SD2201,86,C,6
2230247,SD2201,100,C,6
2230247,SI1101,70,A,1
2230247,SD1101,88,C,6
2230248,IF1201,83,E,1
2230248,SD2101,85,C,4
2230248,SD1202,68,E,2
2230249,SD2301,68,A,1
2230249,IF1101,87,C,1
2230249,IF1201,71,A,2
2230250,SD1202,63,D,2
2230250,SD2101,66,D,2
2230250,SD1201,72,E,6
2230251,SD2401,71,D,6
2230251,SD1202,65,C,2
2230251,SD1102,66,C,6
2230252,SD1101,79,A,6
2230252,SD2401,71,D,4
2230252,IF1101,74,C,3
2230253,SD1101,53,E,2
2230253,SD2401,76,A,4
2230253,SD2101,78,E,3
2230254,IF1201,68,E,4
2230254,SD1202,,B,3
2230254,SI1101,81,B,5
2230255,IF1101,69,C,3
2230255,IF1201,84,B,3
2230255,SD1201,79,E,5
2230256,IF1201,84,B,5
2230256,IF1101,74,B,5
2230256,SD1101,78,D,4
2230257,SD2401,67,D,1
2230257,SI1201,39,B,3
2230257,SD2201,77,A,5
2230258,SD2201,76,B,1
2230258,IF1201,69,D,5
2230258,SI1201,60,B,4
2230259,SD2401,71,E,5
2230259,SI1101,95,C,3
2230259,SI1201,63,E,4
2230260,IF1101,73,A,2
2230260,SD2101,83,B,5
2230260,SD1202,66,A,2
2230261,SD2101,80,C,5
2230261,SD2301,69,D,2
2230261,SI1101,84,C,6
2230262,SD2101,82,B,2
2230262,SI1101,61,C,1
2230262,SD2201,65,B,4
2230263,SD1101,86,C,1
2230263,SD1202,73,E,3
2230263,SD2101,58,C,2
2230264,IF1201,78,E,2
2230264,SD2201,70,D,2
2230264,SD1201,93,C,3
2230265,SD2101,80,C,4
2230265,SD2401,80,E,4
2230265,SD2301,75,A,3
2230266,IF1201,54,B,1
2230266,SD2301,80,D,5
2230266,SD1101,85,C,1
2230267,SD2401,77,E,5
2230267,SD2101,60,D,3
2230267,IF1201,71,D,5
2230268,SD2301,82,A,3
2230268,SD1202,87,C,3
2230268,SD2201,38,C,3
2230269,SD2101,64,E,6
2230269,IF1101,81,E,6
2230269,IF1201,70,B,1
2230270,SD1102,70,A,4
2230270,SD2101,59,C,2
2230270,SI1101,70,C,6
2230271,SD2201,65,A,3
2230271,SD1102,67,A,1
2230271,SD2301,75,A,6
2230272,IF1101,84,C,1
2230272,SD1101,87,C,5
2230272,SD2101,79,C,4
2230273,SD1202,85,C,3
2230273,SD2101,80,A,1
2230273,SI1101,67,D,4
2230274,SD1102,75,A,5
2230274,SD2301,75,E,3
2230274,SD2101,59,D,1
2230275,SD1202,65,C,2
2230275,SD2401,68,E,5
2230275,IF1101,52,C,6
2230276,SD1101,78,B,4
2230276,SD2101,57,B,4
2230276,SI1201,65,A,3
2230277,SD1102,61,E,5
2230277,IF1201,82,D,2
2230277,IF1101,68,B,5
2230278,SD1201,66,B,2
2230278,IF1101,85,C,1
2230278,SD2401,65,B,3
2230279,IF1201,77,B,2
2230279,SI1101,73,A,3
2230279,IF1101,62,E,2
2230280,SD2201,68,A,1
2230280,SI1201,75,C,2
2230280,SD1202,64,A,2
2230281,IF1101,61,C,3
2230281,SD1202,65,B,3
2230281,SD2101,69,C,2
2230282,SD2101,70,D,5
2230282,SD1102,76,B,2
2230282,SD2401,50,C,4
2230283,IF1201,61,B,2
2230283,SD1102,76,A,2
2230283,SD2301,64,B,3
2230284,SI1101,75,B,4
2230284,IF1101,81,B,1
2230284,SI1201,75,E,6
2230285,SD1202,48,D,5
2230285,SD1102,91,C,6
2230285,SD2401,52,D,4
2230286,SD1201,85,C,3
2230286,SD1102,70,D,2
2230286,SI1201,64,D,6
2230287,SD2201,74,B,2
2230287,SI1101,,B,4
2230287,SI1201,62,D,3
2230288,SD1202,76,C,4
2230288,SD2401,68,C,1
2230288,SD2301,71,E,3
2230289,SD2401,73,A,6
2230289,SD1101,,C,6
2230289,SD2301,74,D,6
2230290,SD2201,69,D,5
2230290,SD2401,84,C,1
2230290,SD1101,68,C,3
2230291,IF1101,48,C,5
2230291,SD2401,63,A,5
2230291,SI1201,70,C,2
2230292,SD1201,71,B,2
2230292,SD1102,82,C,4
2230292,SD2101,84,A,4
2230293,SI1201,64,D,5
2230293,SD2201,61,E,2
2230293,IF1101,70,A,3
2230294,SI1201,79,A,3
2230294,SD2201,86,C,6
2230294,IF1201,100,C,2
2230295,SD1201,58,C,4
2230295,IF1201,64,D,6
2230295,SD2401,70,A,6
2230296,SD2101,71,C,2
2230296,SD1102,42,A,6
2230296,SI1101,53,E,2
2230297,SD2301,68,D,5
2230297,SD1201,58,C,3
2230297,SD2401,60,D,5
2230298,SD2401,78,D,3
2230298,SD1102,72,B,6
2230298,SD2101,55,D,1
2230299,SI1201,79,C,6
2230299,SD2101,,B,3
2230299,SD1202,90,C,2
2230300,SI1201,83,B,2
2230300,SD1101,90,C,4
2230300,SD2101,84,A,5
2330001,SD2101,62,A,1
2330001,SD1101,67,A,6
2330001,SD2201,80,E,6
2330002,SI1201,56,A,1
2330002,SI1101,60,C,5
2330002,SD1202,64,A,4
2330003,SD2401,76,A,2
2330003,SD2301,,D,4
2330003,SD1202,90,C,4
2330004,SD1201,49,E,3
2330004,SD2101,58,B,5
2330004,SI1101,91,C,2
2330005,IF1201,82,E,1
2330005,SD2201,81,B,1
2330005,SD2401,82,D,1
2330006,SD2201,55,A,3
2330006,IF1101,68,E,5
2330006,SD1201,87,C,5
2330007,SD2301,78,C,5
2330007,SD2101,85,C,6
2330007,SI1101,57,E,6
2330008,SD2301,70,B,6
2330008,SD1102,62,A,6
2330008,SD1101,78,D,3
2330009,SD1202,61,C,6
2330009,SD1102,72,E,2
2330009,SI1101,55,C,5
2330010,SD1102,86,C,5
2330010,SD1201,71,B,1
2330010,IF1101,71,D,3
2330011,SD2101,56,C,3
2330011,SD1202,97,C,6
2330011,SD1201,51,E,5
2330012,SD2301,78,A,4
2330012,SI1201,89,C,5
2330012,SD1101,74,A,2
2330013,SD1101,59,D,5
2330013,IF1101,74,A,5
2330013,SD1102,72,C,2
2330014,SD1201,60,A,4
2330014,SI1201,56,D,5
2330014,SD1202,77,B,4
2330015,SD2401,75,B,4
2330015,SD2301,81,B,6
2330015,SD2201,72,A,2
2330016,SD2301,69,C,1
2330016,SD1101,52,C,4
2330016,SD1102,64,B,5
2330017,SD2401,65,C,5
2330017,SI1201,71,B,1
2330017,SD1201,74,C,2
2330018,IF1101,45,B,2
2330018,SD2101,98,C,6
2330018,SD1102,82,C,4
2330019,SD2401,79,E,4
2330019,SD1101,81,C,5
2330019,SD1201,85,C,3
2330020,SD1101,64,C,5
2330020,SD1201,86,C,5
2330020,SD2401,63,A,5
2330021,IF1201,80,E,4
2330021,SD1101,66,A,6
2330021,SI1201,84,E,1
2330022,SI1201,64,A,3
2330022,IF1101,,A,3
2330022,SD2301,76,A,3
2330023,SD2301,90,C,1
2330023,SD1201,68,D,4
2330023,SI1101,80,A,4
2330024,SD2401,77,A,1
2330024,SI1201,74,E,4
2330024,SI1101,53,B,6
2330025,SD2101,,B,1
2330025,SD2301,90,C,3
2330025,SD1102,90,C,6
2330026,SD1202,71,A,2
2330026,IF1201,79,B,5
2330026,SD2301,64,E,2
2330027,SD1102,75,E,1
2330027,SD2201,64,D,6
2330027,SD1202,52,A,6
2330028,SD1201,,C,1
2330028,SD1101,69,E,4
2330028,SD2301,68,C,2
2330029,SD1202,71,D,5
2330029,SI1201,66,C,4
2330029,SD2101,47,C,1
2330030,SD2201,68,B,1
2330030,SD2401,81,A,1
2330030,SI1201,61,D,5
2330031,SI1201,63,C,6
2330031,SD2201,52,B,2
2330031,IF1101,62,A,5
2330032,SD2401,56,A,6
2330032,SD1201,75,A,2
2330032,SD2201,64,A,5
2330033,SI1201,,E,6
2330033,SD1101,56,E,4
2330033,IF1101,82,A,3
2330034,IF1101,89,C,1
2330034,SD2101,100,C,6
2330034,SD2201,80,C,1
2330035,SD1202,70,A,6
2330035,SD1102,69,D,3
2330035,IF1201,54,B,3
2330036,SD2201,80,D,3
2330036,SI1101,68,B,3
2330036,IF1201,89,C,3
2330037,SD2401,79,C,2
2330037,SD2201,96,C,1
2330037,IF1201,93,C,1
2330038,SD2101,83,D,4
2330038,SI1101,55,E,6
2330038,SD2301,75,E,5
2330039,SI1201,41,E,5
2330039,SD1202,78,B,5
2330039,IF1201,73,A,2
2330040,SD1201,68,D,2
2330040,SD2301,61,A,4
2330040,IF1101,64,C,4
2330041,SD1101,50,C,4
2330041,SD2301,75,D,5
2330041,SD2201,68,C,3
2330042,SD2201,66,D,3
2330042,SD1101,47,A,3
2330042,SI1201,87,C,1
2330043,SD2401,77,D,3
2330043,SD2301,55,B,5
2330043,IF1201,91,C,5
2330044,SI1201,69,A,4
2330044,SD2401,71,A,5
2330044,SD2101,91,C,1
2330045,IF1101,74,C,4
2330045,SD2101,92,C,4
2330045,SI1101,76,D,5
2330046,IF1101,76,C,4
2330046,SD2301,,B,3
2330046,SD2101,62,B,2
2330047,SI1101,75,D,3
2330047,SD1202,54,A,6
2330047,SD1102,62,D,6
2330048,SD1102,62,A,6
2330048,SD2201,76,E,6
2330048,SD1202,68,D,4
2330049,SD2401,77,E,5
2330049,SD2301,84,D,1
2330049,SD2101,57,A,1
2330050,SD2201,66,D,3
2330050,SD1201,63,B,3
2330050,IF1101,47,C,2
2330051,SI1101,81,D,1
2330051,SI1201,74,B,1
2330051,IF1101,62,A,1
2330052,SD2401,77,C,6
2330052,SD2101,71,E,5
2330052,SD1201,61,A,5
2330053,SI1101,70,D,3
2330053,SD1201,79,B,2
2330053,SD1102,90,C,3
2330054,SI1101,75,C,5
2330054,SD1202,63,B,4
2330054,SD1102,72,E,6
2330055,SD1201,56,A,1
2330055,IF1101,74,B,3
2330055,SI1101,74,A,6
2330056,SI1101,78,D,6
2330056,SD2301,87,C,6
2330056,SD1102,74,A,2
2330057,SD2101,75,D,4
2330057,SD1202,84,A,2
2330057,SI1201,83,E,5
2330058,SD1101,67,C,5
2330058,SD2301,73,E,2
2330058,IF1201,66,B,4
2330059,SD2301,73,A,6
2330059,SD2401,71,B,3
2330059,SD1201,76,C,6
2330060,SD1101,59,C,3
2330060,SI1201,56,D,4
2330060,SD2101,71,D,4
2330061,SD1101,78,C,6
2330061,IF1101,54,C,5
2330061,SI1101,44,B,5
2330062,SD2201,72,E,1
2330062,SI1101,59,D,5
2330062,SD2301,71,D,3
2330063,SD1202,55,E,1
2330063,IF1201,80,A,5
2330063,SD1201,82,C,4
2330064,SD1102,67,A,2
2330064,SD1201,88,C,5
2330064,SD1202,87,C,6
2330065,SD1201,67,C,1
2330065,SD1102,42,B,2
2330065,SD2401,53,C,1
2330066,SD1101,79,A,5
2330066,SD2301,,D,6
2330066,SD2401,95,C,2
2330067,SD2201,79,B,4
2330067,SD1102,62,E,5
2330067,SD2101,85,C,2
2330068,IF1201,62,A,3
2330068,SD1101,100,C,2
2330068,SD1202,73,D,6
2330069,SD1102,53,E,4
2330069,SD1202,64,E,6
2330069,SI1101,58,B,5
2330070,SD1202,72,A,1
2330070,SD1102,62,B,1
2330070,SI1101,54,B,6
2330071,SI1101,61,A,4
2330071,SD1101,68,A,1
2330071,SD1201,66,E,6
2330072,SD1102,60,C,3
2330072,IF1101,69,E,3
2330072,SD2101,59,E,5
2330073,SI1101,85,C,6
2330073,SD2301,76,B,5
2330073,IF1201,68,B,3
2330074,SD2401,84,B,6
2330074,SI1201,67,A,5
2330074,SD1202,77,A,4
2330075,SD2301,74,E,6
2330075,SD1102,53,D,6
2330075,SI1101,69,A,3
2330076,IF1101,57,B,1
2330076,IF1201,75,D,1
2330076,SI1201,70,D,3
2330077,SD2201,47,D,1
2330077,SI1101,82,C,5
2330077,SD1101,59,A,4
2330078,IF1101,57,B,1
2330078,IF1201,67,B,4
2330078,SI1101,73,D,6
2330079,SD2301,67,B,5
2330079,SD2201,69,A,5
2330079,IF1101,70,B,5
2330080,SD2401,73,E,2
2330080,IF1201,81,C,3
2330080,SI1101,82,E,3
2330081,IF1201,56,E,4
2330081,SD1201,61,B,5
2330081,SD2201,77,B,2
2330082,SI1101,53,D,6
2330082,SD1201,57,C,6
2330082,SD1101,62,D,6
2330083,SI1201,87,C,5
2330083,SD2401,91,C,2
2330083,SD1202,70,C,1
2330084,SD1201,93,C,4
2330084,SD1101,96,C,4
2330084,SI1201,41,D,3
2330085,IF1201,68,C,1
2330085,SD1102,61,E,4
2330085,SD1201,61,D,4
2330086,SI1201,,D,4
2330086,SD1102,94,C,3
2330086,SD2301,74,D,6
2330087,SD2301,68,B,1
2330087,SI1201,46,D,4
2330087,IF1101,81,C,5
2330088,SD1202,74,A,3
2330088,IF1101,70,A,6
2330088,SD2201,74,C,1
2330089,SD2401,68,D,4
2330089,IF1101,72,B,1
2330089,SD1202,92,C,3
2330090,SD1201,,C,5
2330090,SD1101,89,C,1
2330090,IF1101,88,C,2
2330091,SD1101,89,C,4
2330091,SD1102,42,B,2
2330091,SD2401,70,C,1
2330092,SD1102,63,A,6
2330092,SD2201,57,D,2
2330092,SD1101,84,D,5
2330093,SD2101,62,E,2
2330093,SD1201,75,A,4
2330093,SD2201,62,C,2
2330094,IF1201,75,C,5
2330094,SD2301,70,C,2
2330094,SD2101,58,E,6
2330095,SD2201,80,B,6
2330095,SD1201,58,B,4
2330095,SD1101,76,A,4
2330096,SD1102,70,B,4
2330096,SD1101,70,A,5
2330096,SI1201,57,A,4
2330097,SD2101,56,A,3
2330097,SD2301,76,B,6
2330097,SD1202,100,C,2
2330098,SD1201,89,C,6
2330098,SD2301,80,D,6
2330098,IF1101,64,E,4
2330099,SD1101,47,B,5
2330099,SD2401,65,E,4
2330099,IF1201,75,A,6
2330100,SD2101,66,E,2
2330100,SI1101,71,E,3
2330100,SD2201,68,E,5
2330101,SD1102,83,C,2
2330101,SI1201,54,A,5
2330101,SI1101,37,E,6
2330102,SD1101,76,A,3
2330102,SD1102,75,C,1
2330102,SD1202,63,C,5
2330103,SD1202,54,D,6
2330103,SD2301,84,C,6
2330103,SD2401,59,D,6
2330104,SD2201,78,C,3
2330104,SD1102,72,B,4
2330104,SD1202,87,C,1
2330105,SD1201,73,C,4
2330105,SD2101,68,A,1
2330105,SI1201,57,C,2
2330106,SD1202,62,B,4
2330106,SI1201,86,C,5
2330106,SD1102,76,B,6
2330107,SD1202,66,A,5
2330107,SI1101,70,E,2
2330107,SD2201,84,C,4
2330108,SD2101,79,E,4
2330108,SD2401,83,A,2
2330108,SI1201,83,C,3
2330109,SD1102,60,C,4
2330109,SI1201,62,C,2
2330109,SD1101,67,B,4
2330110,SI1101,56,C,2
2330110,SD1102,70,A,6
2330110,SD1101,68,A,2
2330111,SD2301,62,B,5
2330111,SD2401,,C,4
2330111,SD1102,87,C,3
2330112,SD1102,86,C,6
2330112,SD2201,58,E,5
2330112,SD1201,65,D,4
2330113,SD2301,72,D,1
2330113,IF1201,74,A,1
2330113,SD1102,66,A,6
2330114,IF1201,76,B,1
2330114,SD2201,66,D,1
2330114,SD1201,77,D,3
2330115,SD2301,,D,2
2330115,IF1201,79,C,5
2330115,SD2401,73,C,3
2330116,SI1201,65,B,1
2330116,SD2101,72,B,3
2330116,SD1102,55,E,6
2330117,IF1201,60,E,2
2330117,IF1101,62,E,4
2330117,SD2101,62,C,1
2330118,SD1101,65,C,5
2330118,IF1201,62,E,3
2330118,SD2201,51,C,3
2330119,IF1201,83,E,4
2330119,SD2301,70,E,4
2330119,SD2201,74,C,5
2330120,IF1201,62,E,2
2330120,SD1201,77,C,2
2330120,SD2401,84,D,6
2330121,SD1101,79,B,5
2330121,SD1201,71,A,3
2330121,SD1202,69,A,1
2330122,SD2301,76,A,2
2330122,SD1101,75,E,6
2330122,SD2401,72,C,3
2330123,IF1201,75,C,4
2330123,SD2301,,C,4
2330123,SD1201,70,C,1
2330124,SD1202,77,B,1
2330124,SD2101,87,C,1
2330124,SD1102,60,D,4
2330125,IF1101,81,D,2
2330125,SD2401,66,D,6
2330125,SD2101,84,E,4
2330126,SD2401,81,C,1
2330126,SD2301,81,B,1
2330126,SD1101,89,C,1
2330127,IF1201,79,A,6
2330127,SI1101,72,B,6
2330127,SD2101,68,B,1
2330128,SD2301,64,E,6
2330128,IF1101,92,C,6
2330128,IF1201,69,D,6
2330129,SD1201,77,E,4
2330129,SI1201,88,C,6
2330129,SD1101,98,C,6
2330130,SD1201,,E,5
2330130,SD2101,69,B,1
2330130,SI1201,75,D,1
2330131,SD1102,80,A,5
2330131,SD2401,68,E,5
2330131,SD2201,77,D,1
2330132,IF1201,83,D,1
2330132,SD1102,87,C,4
2330132,SD2201,70,C,2
2330133,SD2401,50,B,3
2330133,SD1201,74,E,3
2330133,IF1201,65,A,1
2330134,SD1101,58,C,1
2330134,IF1101,91,C,6
2330134,SI1201,85,C,3
2330135,SD1102,,E,3
2330135,SD2301,93,C,3
2330135,SD1201,93,C,3
2330136,SI1201,80,E,3
2330136,IF1201,84,C,3
2330136,SI1101,82,D,1
2330137,SD1102,,D,2
2330137,SI1101,63,E,2
2330137,SD1202,66,A,6
2330138,SD2201,89,C,6
2330138,SD1101,70,E,6
2330138,SD1201,78,B,2
2330139,SD1102,78,A,2
2330139,SD2201,72,C,1
2330139,SD2401,83,E,6
2330140,SD2101,65,C,4
2330140,IF1101,94,C,3
2330140,SI1101,79,B,2
2330141,SD1101,70,E,2
2330141,SD1201,69,D,5
2330141,SD2201,81,A,4
2330142,IF1101,77,B,5
2330142,SD1101,90,C,4
2330142,SD1201,67,B,2
2330143,SD1201,52,E,2
2330143,IF1201,90,C,6
2330143,SD2201,75,D,4
2330144,IF1201,56,E,1
2330144,SD1102,57,D,6
2330144,SI1101,60,E,4
2330145,SD2401,60,D,2
2330145,IF1101,73,B,1
2330145,SD1102,67,D,1
2330146,SI1201,78,B,1
2330146,SI1101,79,E,5
2330146,SD1101,82,B,1
2330147,SD1202,69,C,3
2330147,SD2401,73,E,6
2330147,IF1201,95,C,3
2330148,IF1101,57,C,1
2330148,SI1201,50,D,4
2330148,SD1202,86,C,6
2330149,SI1201,59,C,1
2330149,SD1202,69,B,1
2330149,IF1201,48,D,3
2330150,SD2201,82,E,4
2330150,SD1102,95,C,1
2330150,IF1201,78,C,2
2330151,SD2101,78,D,5
2330151,SI1201,75,C,2
2330151,SD2401,54,D,5
2330152,IF1201,78,A,1
2330152,SD1101,61,C,6
2330152,SD1201,73,E,3
2330153,SD1101,42,C,5
2330153,SD2401,,B,2
2330153,SD1201,84,A,5
2330154,SD1202,,C,2
2330154,SD1201,53,C,3
2330154,SD2401,69,D,5
2330155,SD2301,49,C,3
2330155,SD1202,77,E,2
2330155,SI1201,92,C,4
2330156,SD1101,77,A,3
2330156,SD2301,52,C,1
2330156,IF1101,58,E,1
2330157,SD1101,66,C,3
2330157,SD2101,43,D,3
2330157,SI1101,64,A,3
2330158,SD2301,49,A,6
2330158,SD1201,71,D,4
2330158,SI1201,69,D,4
2330159,IF1101,74,B,2
2330159,SD2301,70,E,6
2330159,IF1201,67,C,1
2330160,SD1102,67,B,4
2330160,SD2101,65,D,5
2330160,SD2301,83,B,6
2330161,SD2301,67,D,3
2330161,SD1201,74,C,4
2330161,SI1101,67,E,2
2330162,SD1101,52,C,2
2330162,SI1201,71,B,5
2330162,SD1201,51,E,2
2330163,SD1202,60,C,5
2330163,IF1101,79,B,5
2330163,SI1101,68,D,2
2330164,SD1102,65,D,5
2330164,SD2201,66,B,5
2330164,SD2301,72,A,1
2330165,SD1202,80,E,1
2330165,SD2301,65,B,5
2330165,IF1101,74,D,6
2330166,SD2301,85,C,1
2330166,SD1202,65,A,2
2330166,SD2101,88,C,1
2330167,IF1201,77,A,4
2330167,SD1101,64,A,2
2330167,SI1201,70,C,5
2330168,SI1201,57,B,2
2330168,SD1101,55,C,1
2330168,SD2201,61,E,4
2330169,SD2301,53,D,1
2330169,IF1101,67,E,2
2330169,SD2101,58,D,2
2330170,IF1201,82,D,1
2330170,SD2401,80,C,4
2330170,SD1202,89,C,4
2330171,SI1201,63,D,5
2330171,SD2301,77,D,4
2330171,IF1101,66,D,5
2330172,SD2301,44,D,2
2330172,SI1201,68,A,2
2330172,IF1201,72,B,1
2330173,SI1201,53,B,3
2330173,SD2101,76,C,4
2330173,IF1201,65,D,2
2330174,SI1201,68,B,1
2330174,SD1101,86,C,1
2330174,SD1102,82,E,5
2330175,SD2301,78,A,2
2330175,SD2201,74,D,4
2330175,SD2101,58,E,3
2330176,SD2301,,A,5
2330176,SD1102,54,D,5
2330176,IF1201,82,E,3
2330177,SD1102,75,C,4
2330177,SI1201,62,B,4
2330177,SD2301,73,A,4
2330178,SI1101,70,A,5
2330178,IF1101,85,C,6
2330178,SD2401,87,C,2
2330179,SD1102,85,C,3
2330179,SD2201,73,B,6
2330179,SI1101,68,D,1
2330180,IF1101,70,A,5
2330180,SD2401,73,A,6
2330180,SD2101,43,D,2
2330181,SI1201,64,A,2
2330181,SD2401,74,E,3
2330181,SD2101,67,B,6
2330182,IF1201,100,C,5
2330182,SD2401,77,B,4
2330182,SD1202,74,C,5
2330183,SD1102,91,C,1
2330183,SI1201,56,C,5
2330183,SD2401,76,D,5
2330184,SD2401,47,D,1
2330184,SD2201,69,A,6
2330184,SD2301,93,C,4
2330185,SD1102,87,C,6
2330185,SI1101,61,A,6
2330185,SD2401,63,A,3
2330186,IF1101,79,C,2
2330186,SI1101,55,C,4
2330186,SD1201,79,C,1
2330187,IF1101,70,B,6
2330187,IF1201,68,A,5
2330187,SD1201,84,A,3
2330188,SD2301,68,D,5
2330188,SI1201,52,B,4
2330188,SD1101,68,E,4
2330189,SD1201,44,A,5
2330189,SD2301,81,B,4
2330189,IF1101,71,C,2
2330190,SD1101,80,A,2
2330190,SD2301,75,E,2
2330190,SI1201,85,C,3
2330191,SD1201,70,A,5
2330191,SD2201,72,A,6
2330191,SD1202,71,B,6
2330192,SD1102,58,A,1
2330192,SI1101,70,C,4
2330192,IF1201,57,E,6
2330193,SD2201,66,E,6
2330193,SD1102,55,C,6
2330193,SD1201,68,C,1
2330194,SD2401,61,A,6
2330194,SI1201,64,E,5
2330194,IF1201,71,E,1
2330195,SD2301,62,D,4
2330195,SD1102,,C,5
2330195,SD2201,59,C,3
2330196,SD2401,60,A,1
2330196,SD1201,87,C,6
2330196,SD2101,87,C,3
2330197,SD1201,79,A,6
2330197,SI1101,91,C,3
2330197,SI1201,74,E,6
2330198,IF1101,55,B,4
2330198,SD2101,67,D,4
2330198,SD2301,71,B,5
2330199,SI1201,89,C,4
2330199,IF1201,78,D,4
2330199,SD1202,82,D,2
2330200,SD2301,80,E,3
2330200,IF1101,91,C,1
2330200,SD2101,76,A,6
2330201,SD2401,71,A,5
2330201,SD2301,73,D,3
2330201,SD1101,67,D,2
2330202,SD2201,60,B,5
2330202,SD2101,69,B,1
2330202,IF1101,72,B,3
2330203,SI1201,54,C,2
2330203,SD1101,72,D,5
2330203,SD1201,58,E,3
2330204,SD1201,61,C,6
2330204,SI1201,96,C,6
2330204,SD1202,58,C,5
2330205,SD1202,84,E,2
2330205,IF1201,51,E,5
2330205,SD1102,71,C,3
2330206,SD1202,88,C,2
2330206,IF1201,69,D,4
2330206,SD1102,65,D,4
2330207,IF1101,60,A,4
2330207,SD1202,76,C,2
2330207,SD2301,71,B,5
2330208,SD1101,49,C,2
2330208,SD2101,51,E,3
2330208,SD2201,74,C,2
2330209,SD1102,,C,2
2330209,SI1101,67,E,3
2330209,SD2201,89,C,2
2330210,SD1202,81,A,1
2330210,SI1101,,E,6
2330210,SD1101,82,E,5
2330211,SD1102,82,D,3
2330211,SI1201,82,C,3
2330211,IF1201,,B,2
2330212,SD2201,75,E,2
2330212,SD1102,73,E,2
2330212,SD2301,57,A,6
2330213,SI1201,66,D,1
2330213,SD1201,59,C,6
2330213,SD1202,72,C,3
2330214,SI1201,64,E,5
2330214,SD2301,60,B,5
2330214,IF1101,65,C,6
2330215,SD1101,62,C,5
2330215,SI1101,60,B,5
2330215,SD2401,81,E,1
2330216,SD2101,84,A,4
2330216,IF1201,83,A,3
2330216,SD1101,89,C,6
2330217,SI1201,82,B,5
2330217,SD2301,73,B,1
2330217,SD2101,75,C,6
2330218,SD2201,51,C,2
2330218,SD1102,75,E,2
2330218,SI1101,80,D,4
2330219,SD1201,87,C,1
2330219,SD2101,78,D,3
2330219,SD1101,84,E,6
2330220,SI1201,78,E,4
2330220,SD2101,58,A,4
2330220,SD1101,92,C,6
2330221,SD1201,62,E,2
2330221,IF1101,60,A,5
2330221,SD2301,88,C,6
2330222,SD2101,69,D,1
2330222,SD1201,66,E,5
2330222,SI1201,67,D,3
2330223,SD2101,66,D,4
2330223,SD2201,72,E,4
2330223,SD2301,100,C,4
2330224,SD2201,71,D,2
2330224,SI1201,75,A,4
2330224,SD1202,72,A,3
2330225,SD2101,89,C,4
2330225,SD1202,70,D,5
2330225,IF1101,89,C,5
2330226,SD2301,58,E,1
2330226,SD2401,57,B,2
2330226,SD2201,79,C,4
2330227,SD1202,67,C,2
2330227,SD2101,,B,3
2330227,IF1201,65,B,5
2330228,SD1102,66,A,6
2330228,SI1101,62,C,1
2330228,SD1202,74,A,3
2330229,IF1201,64,D,2
2330229,SD2201,68,A,5
2330229,SD1101,70,B,5
2330230,SD1101,80,E,4
2330230,SI1201,,C,1
2330230,SD2201,62,A,2
2330231,SD2201,86,C,6
2330231,IF1201,,C,1
2330231,SD1102,58,A,5
2330232,SD1201,80,E,4
2330232,SI1201,73,A,5
2330232,SD2201,58,A,3
2330233,SD2401,75,A,5
2330233,SD2101,54,C,4
2330233,SD1102,72,A,4
2330234,SD2301,71,B,4
2330234,SD1101,71,C,1
2330234,IF1101,62,A,3
2330235,SD1101,74,E,5
2330235,SD1202,93,C,6
2330235,SD1201,81,C,6
2330236,SD2101,68,B,2
2330236,SD2201,48,D,2
2330236,SD2401,100,C,4
2330237,SD1202,74,E,4
2330237,SD2301,65,E,5
2330237,SD2101,76,E,5
2330238,SD1202,55,C,6
2330238,SD1102,89,C,1
2330238,SD1201,86,C,6
2330239,IF1101,51,D,6
2330239,SD2101,71,E,2
2330239,SD2401,67,E,6
2330240,SD2301,79,E,2
2330240,SD1101,88,C,4
2330240,SI1101,75,C,6
2330241,IF1201,50,B,2
2330241,SD2401,71,C,2
2330241,SD1202,65,B,4
2330242,SI1201,76,B,3
2330242,IF1101,59,C,2
2330242,SD1102,79,C,2
2330243,SD2401,81,E,2
2330243,IF1201,73,E,1
2330243,IF1101,65,C,4
2330244,IF1101,63,B,1
2330244,SD2201,76,A,1
2330244,SD2401,85,C,4
2330245,SD2101,78,E,6
2330245,SI1101,76,E,5
2330245,SD1101,70,C,1
2330246,SD2401,,D,1
2330246,SD2101,80,A,5
2330246,SD1102,65,E,4
2330247,SD1202,71,A,6
2330247,IF1201,80,C,3
2330247,SD2201,71,E,3
2330248,SI1101,68,C,3
2330248,SD2301,73,B,3
2330248,SD1101,52,A,1
2330249,IF1201,75,C,4
2330249,SI1201,46,D,3
2330249,SD2201,75,D,6
2330250,SD1101,65,E,6
2330250,IF1201,74,A,1
2330250,SD1102,68,D,6
2330251,SD1202,84,A,2
2330251,SD1201,65,D,2
2330251,SD1102,81,B,1
2330252,IF1201,82,D,3
2330252,SD1201,45,D,1
2330252,SD1202,87,C,1
2330253,SD1101,68,D,2
2330253,SD2401,58,C,6
2330253,SI1201,80,E,6
2330254,SD1102,76,B,6
2330254,IF1201,83,A,3
2330254,SD2301,74,C,2
2330255,SD1201,59,A,1
2330255,SD1202,67,D,5
2330255,SI1201,83,A,3
2330256,SD2101,61,E,5
2330256,SD2301,70,D,1
2330256,SD2201,61,D,4
2330257,SD1101,82,D,2
2330257,SI1201,71,B,3
2330257,SD2401,65,C,3
2330258,SD2101,73,D,3
2330258,SD2401,94,C,5
2330258,SI1201,47,A,2
2330259,IF1201,89,C,5
2330259,SD1201,64,D,4
2330259,SI1101,75,D,4
2330260,SD1201,86,C,3
2330260,SD2201,88,C,3
2330260,IF1201,80,D,4
2330261,SD2301,56,E,6
2330261,SI1201,70,B,1
2330261,SD2101,51,D,1
2330262,SD1202,71,B,6
2330262,IF1201,99,C,4
2330262,SD1102,73,D,1
2330263,SD2201,53,B,3
2330263,SI1101,75,D,1
2330263,SD1101,92,C,1
2330264,SD1102,58,C,4
2330264,SI1101,95,C,4
2330264,SD1201,50,E,6
2330265,SD2101,44,A,5
2330265,IF1101,64,A,3
2330265,IF1201,76,A,4
2330266,SD1202,73,E,6
2330266,SI1201,57,C,1
2330266,SD2401,57,C,2
2330267,IF1201,81,D,1
2330267,SD1201,75,D,4
2330267,SD1202,71,A,4
2330268,SD1201,53,E,5
2330268,SD2401,,A,4
2330268,SI1201,63,C,4
2330269,SI1101,68,B,4
2330269,SD1201,47,E,5
2330269,SD2201,82,D,4
2330270,SD1201,93,C,3
2330270,IF1101,65,C,2
2330270,SD2101,91,C,1
2330271,SD1101,56,C,5
2330271,SD1202,55,C,1
2330271,SI1201,87,C,6
2330272,SD1102,73,D,1
2330272,SI1201,63,B,6
2330272,SD2101,59,A,4
2330273,SD2101,69,D,1
2330273,SD2201,64,B,4
2330273,SD1102,54,C,3
2330274,SD2401,,D,2
2330274,SD1102,74,B,5
2330274,SD1101,80,C,3
2330275,SD1202,69,D,1
2330275,SI1101,60,D,3
2330275,IF1201,86,C,6
2330276,IF1201,88,C,3
2330276,IF1101,77,C,6
2330276,SD1201,63,E,6
2330277,SD2301,58,E,6
2330277,SD2201,62,E,3
2330277,SD2101,65,A,6
2330278,SD2201,64,A,3
2330278,SD1102,62,E,1
2330278,SI1201,67,A,1
2330279,SD1202,62,E,6
2330279,SD1201,77,D,4
2330279,IF1201,71,C,5
2330280,SD1102,51,A,4
2330280,SI1101,54,D,6
2330280,IF1101,66,E,5
2330281,SD1201,68,D,2
2330281,SI1101,66,B,1
2330281,SD1202,67,B,5
2330282,IF1101,95,C,2
2330282,SD2101,66,A,3
2330282,SD1102,81,E,1
2330283,SD2401,64,E,1
2330283,SD2301,75,A,3
2330283,SD1201,65,C,5
2330284,SD2301,66,A,6
2330284,SD1202,69,A,6
2330284,SD1101,75,E,2
2330285,SD1102,79,E,2
2330285,SI1201,52,B,1
2330285,IF1201,66,D,4
2330286,SD1101,71,C,6
2330286,SD2201,,A,3
2330286,SD1202,69,A,4
2330287,SD1201,76,A,3
2330287,SD2301,52,E,6
2330287,SD2401,57,A,6
2330288,SD1201,80,D,5
2330288,IF1101,69,E,6
2330288,SI1101,97,C,3
2330289,IF1201,60,A,5
2330289,SD2401,85,C,6
2330289,SI1201,64,C,6
2330290,SI1101,70,E,1
2330290,SD2101,74,D,2
2330290,SD1201,85,C,1
2330291,SI1101,78,C,6
2330291,SD1101,68,D,1
2330291,IF1101,60,D,4
2330292,SD2301,60,B,4
2330292,SD2101,61,B,6
2330292,SD1102,76,A,1
2330293,SD1102,60,C,3
2330293,SD2301,58,A,5
2330293,SI1201,87,C,2
2330294,SD1201,67,E,6
2330294,SI1101,70,D,2
2330294,SD2401,69,C,5
2330295,SD1101,64,C,5
2330295,IF1201,76,A,6
2330295,IF1101,58,B,4
2330296,SI1101,68,E,3
2330296,SD2401,65,D,4
2330296,SD2301,71,B,4
2330297,SD2201,96,C,6
2330297,IF1201,80,D,4
2330297,SD2401,90,C,5
2330298,SD2201,63,D,1
2330298,IF1201,80,C,5
2330298,SD2401,88,C,5
2330299,SD2401,63,A,1
2330299,SD1201,86,C,6
2330299,SD2301,59,C,3
2330300,SD2201,72,C,6
2330300,SI1101,65,A,6
2330300,SD1201,73,E,3
2430001,SD2201,89,C,3
2430001,SD1202,77,A,5
2430001,SD1102,77,B,3
2430002,SD2301,73,C,6
2430002,SD1201,89,C,4
2430002,SD2201,72,E,6
2430003,SI1201,83,A,5
2430003,SD1101,60,C,4
2430003,IF1201,61,D,4
2430004,IF1101,69,A,2
2430004,SD1101,78,C,2
2430004,SD2201,77,C,5
2430005,SD1202,47,D,4
2430005,SI1201,73,E,6
2430005,SD1101,69,B,4
2430006,IF1201,70,B,3
2430006,SD2401,61,A,3
2430006,SD1101,74,D,6
2430007,SD2201,80,C,6
2430007,SD1101,71,C,6
2430007,SD2401,34,B,4
2430008,IF1101,77,A,3
2430008,IF1201,93,C,1
2430008,SD1102,91,C,2
2430009,IF1101,63,D,1
2430009,SD1202,69,C,6
2430009,SD1101,64,D,5
2430010,SD2201,76,B,4
2430010,SI1101,84,A,2
2430010,SD2401,76,D,1
2430011,SD1101,75,D,2
2430011,SD2301,74,D,3
2430011,SD2201,44,E,6
2430012,SD2101,68,A,2
2430012,SD1101,39,A,6
2430012,IF1101,61,E,6
2430013,SI1201,,A,1
2430013,SD2101,,C,6
2430013,SD2301,65,B,6
2430014,SD1101,98,C,3
2430014,IF1201,84,D,4
2430014,SD2101,47,D,4
2430015,SD1101,55,D,3
2430015,SD2301,87,C,6
2430015,SD1201,81,E,4
2430016,SI1201,73,B,1
2430016,SD2401,72,D,4
2430016,IF1201,85,C,2
2430017,SI1101,69,C,4
2430017,SD2401,47,B,5
2430017,SI1201,63,E,4
2430018,SD1202,83,E,4
2430018,SD2401,69,C,1
2430018,SD1102,70,C,5
2430019,SD2401,56,B,1
2430019,SD2201,71,E,3
2430019,SI1101,64,D,6
2430020,SD1101,67,A,1
2430020,SD1201,75,A,5
2430020,IF1101,51,B,4
2430021,IF1101,62,D,3
2430021,IF1201,85,C,2
2430021,SD2401,60,C,1
2430022,SD1202,67,D,4
2430022,SD1102,54,C,2
2430022,SI1101,76,D,4
2430023,SD1102,83,C,2
2430023,SD1202,74,A,2
2430023,SD2401,67,C,5
2430024,SI1101,80,B,2
2430024,SD1202,80,B,1
2430024,IF1201,66,D,6
2430025,SD1101,77,C,5
2430025,IF1101,65,A,6
2430025,SD1102,63,E,2
2430026,SD2101,71,E,5
2430026,SI1101,61,C,4
2430026,SD1201,80,A,3
2430027,IF1101,81,E,5
2430027,SD1102,61,A,2
2430027,SD2401,84,A,6
2430028,SD2101,72,B,4
2430028,SI1101,67,E,5
2430028,SD1102,74,C,2
2430029,SD2101,58,B,3
2430029,SD1202,72,A,3
2430029,SI1101,81,D,1
2430030,SD2201,71,B,6
2430030,SD2101,64,E,2
2430030,SD2401,59,D,5
2430031,SD1101,,D,2
2430031,SD1201,61,E,4
2430031,SD2301,87,C,1
2430032,SD1202,60,D,3
2430032,SI1101,66,C,5
2430032,SD2101,62,C,1
2430033,SD1201,69,C,3
2430033,SD2401,62,E,3
2430033,SI1101,60,A,5
2430034,SD1201,59,C,6
2430034,SD2101,68,D,4
2430034,IF1201,63,C,1
2430035,SD2301,81,B,3
2430035,SD1201,71,A,2
2430035,SD1101,59,E,4
2430036,SI1101,49,E,3
2430036,SI1201,68,E,5
2430036,SD2101,97,C,2
2430037,SD2101,78,E,3
2430037,IF1101,73,C,5
2430037,SI1201,47,E,3
2430038,SD2401,70,C,4
2430038,SD1101,90,C,4
2430038,IF1101,75,B,2
2430039,SD1102,80,E,4
2430039,SD2401,63,E,5
2430039,SD2201,66,E,5
2430040,SD1201,64,B,2
2430040,SD2201,,C,5
2430040,IF1201,77,B,5
2430041,SD2401,69,A,4
2430041,SI1201,78,B,4
2430041,SI1101,59,A,4
2430042,SD2301,,E,1
2430042,SD1101,74,A,6
2430042,IF1101,76,B,5
2430043,SD1102,88,C,4
2430043,SI1101,75,B,3
2430043,IF1201,77,E,4
2430044,SI1101,68,E,2
2430044,IF1101,74,E,3
2430044,SD2301,80,A,3
2430045,SD2301,78,A,5
2430045,SD2101,66,D,3
2430045,SI1101,75,D,5
2430046,SD1202,87,C,5
2430046,SD2401,90,C,6
2430046,SI1201,87,C,5
2430047,SI1201,67,E,1
2430047,IF1201,82,B,2
2430047,SD2101,82,A,5
2430048,SD2301,76,E,1
2430048,SD2401,60,B,2
2430048,IF1101,68,C,1
2430049,SD2101,82,A,1
2430049,SI1101,64,E,5
2430049,SI1201,84,B,5
2430050,SD1102,88,C,6
2430050,SD1202,72,A,4
2430050,SD1201,74,A,4
2430051,IF1201,74,E,2
2430051,IF1101,56,B,5
2430051,SD2101,63,A,2
2430052,SD2401,78,C,5
2430052,SD1201,52,A,4
2430052,IF1201,93,C,5
2430053,SD1202,70,A,5
2430053,SD2101,66,D,1
2430053,SD2201,78,D,2
2430054,SI1201,72,B,1
2430054,SI1101,79,A,1
2430054,SD1102,64,A,6
2430055,SI1101,83,A,1
2430055,SD2101,52,E,3
2430055,SD1102,81,E,2
2430056,SD1102,85,C,3
2430056,SD2201,55,D,2
2430056,SD2301,89,C,1
2430057,SD2301,67,D,1
2430057,SD2201,66,E,4
2430057,IF1201,83,E,1
2430058,SD1201,65,D,4
2430058,SD2201,77,B,6
2430058,SD2101,,C,4
2430059,SD1202,79,A,3
2430059,SI1201,98,C,5
2430059,SD2301,93,C,1
2430060,IF1201,66,C,1
2430060,SD1201,78,D,1
2430060,SI1201,79,A,3
2430061,SD1102,68,A,4
2430061,SD1202,100,C,3
2430061,SI1201,80,D,4
2430062,SD2101,87,C,6
2430062,SD2201,70,C,3
2430062,SD2301,78,D,4
2430063,SD2401,71,C,2
2430063,IF1201,52,E,2
2430063,SI1101,82,D,2
2430064,IF1201,48,D,3
2430064,SI1201,84,B,3
2430064,SD2301,55,B,1
2430065,SD2401,67,C,2
2430065,SD2201,71,D,6
2430065,SI1201,92,C,5
2430066,SD1102,78,C,5
2430066,SD1201,83,D,6
2430066,SD1101,63,D,5
2430067,IF1101,56,B,1
2430067,IF1201,75,B,6
2430067,SD1102,60,A,5
2430068,SI1201,71,D,5
2430068,SD1101,61,E,6
2430068,SD2301,100,C,5
2430069,SD2401,74,E,5
2430069,SD2301,81,B,5
2430069,SD2101,,E,5
2430070,IF1201,68,C,6
2430070,IF1101,63,C,6
2430070,SI1201,79,B,4
2430071,SD1202,85,C,2
2430071,IF1101,76,D,4
2430071,SD2401,52,E,2
2430072,SD1102,85,C,5
2430072,SD2101,83,D,3
2430072,SI1101,59,B,1
2430073,IF1201,55,B,5
2430073,SD2401,82,D,4
2430073,IF1101,95,C,2
2430074,SD1102,96,C,4
2430074,SD2201,64,D,4
2430074,SD2401,,E,5
2430075,SD1101,60,C,2
2430075,SD2301,75,C,5
2430075,IF1101,79,A,2
2430076,SD2101,74,A,3
2430076,IF1101,46,A,4
2430076,SI1101,64,C,6
2430077,SI1201,56,D,3
2430077,SD2401,53,A,1
2430077,SD1202,53,D,4
2430078,SD2301,76,A,4
2430078,IF1101,86,C,1
2430078,SD1202,76,C,6
2430079,SI1101,53,E,5
2430079,IF1201,68,C,2
2430079,SD1102,52,D,6
2430080,SI1101,90,C,6
2430080,SD1202,90,C,1
2430080,SD1101,59,D,5
2430081,SD2401,68,C,4
2430081,SD2101,78,A,2
2430081,SD2201,,D,3
2430082,IF1101,56,B,5
2430082,SD1201,77,B,1
2430082,IF1201,80,C,6
2430083,IF1201,80,D,5
2430083,SI1201,65,C,2
2430083,SD2301,72,B,3
2430084,IF1101,54,B,3
2430084,SD1202,70,B,1
2430084,SD1101,74,E,5
2430085,SD2201,78,B,1
2430085,SD1101,60,C,4
2430085,SD1202,65,A,2
2430086,IF1101,78,B,2
2430086,SD2201,89,C,1
2430086,SD1102,56,B,6
2430087,SD2201,75,D,4
2430087,SD2401,81,D,3
2430087,SD1101,66,C,1
2430088,SD2101,69,B,6
2430088,SD2301,83,C,3
2430088,IF1201,92,C,2
2430089,SD1102,88,C,2
2430089,SD1202,80,B,3
2430089,IF1101,76,D,2
2430090,SD2201,65,D,4
2430090,SD1202,50,B,6
2430090,SD1102,65,D,5
2430091,SD1102,67,D,4
2430091,SD2401,75,C,5
2430091,SI1101,57,B,2
2430092,SI1101,51,B,1
2430092,IF1201,66,A,3
2430092,SD2101,51,E,6
2430093,IF1201,60,B,4
2430093,SD2301,82,E,6
2430093,SD1101,95,C,3
2430094,SD2301,51,D,1
2430094,SI1201,71,C,4
2430094,SD1101,67,A,1
2430095,SD1102,71,A,2
2430095,SD1201,92,C,4
2430095,SD2401,66,B,2
2430096,SI1201,67,E,3
2430096,SD1102,55,C,1
2430096,SD1101,,D,4
2430097,SD2101,68,B,6
2430097,SD1201,75,D,5
2430097,SD1102,77,E,3
2430098,SD1202,88,C,2
2430098,SD1102,50,D,3
2430098,SI1201,72,D,5
2430099,SD1202,57,B,5
2430099,SD1201,93,C,5
2430099,SI1201,68,C,2
2430100,SD1201,87,C,3
2430100,SD2101,43,D,3
2430100,SI1201,68,E,2
2430101,SD1102,79,A,4
2430101,SD1101,70,A,4
2430101,SI1101,48,A,4
2430102,SD1101,72,A,5
2430102,SD1201,79,C,4
2430102,IF1101,77,A,3
2430103,SD1201,74,E,4
2430103,SI1201,67,A,5
2430103,SD1102,69,B,4
2430104,SD1101,66,C,3
2430104,IF1201,90,C,5
2430104,IF1101,77,D,2
2430105,SD2301,83,C,3
2430105,SD1102,83,D,1
2430105,IF1101,94,C,5
2430106,SI1201,74,E,3
2430106,SD1102,60,C,2
2430106,SD1202,94,C,1
2430107,SD2201,69,B,2
2430107,SI1101,73,E,4
2430107,IF1101,,C,1
2430108,SD1202,65,E,3
2430108,SD1102,86,C,2
2430108,SI1101,46,B,3
2430109,SD2401,68,C,2
2430109,IF1201,80,D,6
2430109,SI1201,84,E,3
2430110,SI1101,64,B,4
2430110,SD1202,58,D,2
2430110,SD2301,92,C,4
2430111,SD1202,87,C,6
2430111,SI1101,63,E,4
2430111,IF1101,66,E,5
2430112,SI1201,85,C,4
2430112,SD1201,88,C,2
2430112,SD1202,77,E,3
2430113,SD2201,63,E,2
2430113,SD1202,,B,5
2430113,SI1101,70,D,2
2430114,SI1201,73,C,3
2430114,SI1101,88,C,1
2430114,SD2301,,B,3
2430115,SD2301,60,A,2
2430115,SD1102,95,C,4
2430115,SD1201,42,C,2
2430116,SI1101,62,C,6
2430116,SI1201,70,C,2
2430116,SD2101,90,C,5
2430117,SD2201,64,C,2
2430117,SD1201,96,C,5
2430117,SD1102,71,E,5
2430118,SD1201,49,E,6
2430118,SI1101,60,D,2
2430118,SD2401,86,C,2
2430119,SI1201,,B,3
2430119,IF1201,69,B,3
2430119,SD1102,67,B,2
2430120,SD2101,59,B,6
2430120,SD1101,55,D,1
2430120,SI1101,77,D,3
2430121,IF1101,58,A,2
2430121,SD2401,58,A,6
2430121,SI1101,59,D,2
2430122,IF1101,72,D,1
2430122,SD1202,56,A,5
2430122,SD2201,80,E,5
2430123,SD1102,72,E,3
2430123,SD2101,74,B,1
2430123,SI1101,71,C,1
2430124,SD1201,73,A,5
2430124,IF1201,72,C,2
2430124,SD1101,99,C,6
2430125,SD2301,87,C,1
2430125,SI1101,78,B,3
2430125,SD1202,75,E,5
2430126,SD2101,63,B,1
2430126,SD1201,77,B,4
2430126,SD2401,88,C,4
2430127,SD1101,,C,2
2430127,SD2201,60,B,2
2430127,SD2401,77,D,6
2430128,SD2301,81,E,3
2430128,SI1101,80,B,4
2430128,SD1101,76,D,4
2430129,SD1101,78,B,4
2430129,SD2201,74,C,3
2430129,IF1201,73,B,3
2430130,SD1102,67,A,3
2430130,SD2201,74,A,3
2430130,SI1201,71,D,5
2430131,SD1201,68,A,1
2430131,SD1202,50,B,6
2430131,SD2101,75,D,6
2430132,SD1201,72,C,1
2430132,SD2401,57,B,6
2430132,SD2201,70,B,5
2430133,SD1202,65,D,4
2430133,SD1101,76,A,4
2430133,SD2401,,D,6
2430134,SI1201,61,B,1
2430134,SD1101,71,C,1
2430134,SD2101,90,C,6
2430135,SD2401,57,E,3
2430135,SD1201,76,C,1
2430135,SI1201,74,C,6
2430136,SD1201,71,B,2
2430136,SD2401,70,C,3
2430136,SD1202,62,C,5
2430137,SD2201,70,B,5
2430137,SD1101,53,D,2
2430137,SD2101,78,A,4
2430138,SD1101,72,B,6
2430138,SI1101,66,C,6
2430138,IF1101,100,C,5
2430139,SD1202,69,C,5
2430139,SI1101,65,E,6
2430139,SD2101,82,D,1
2430140,SD1202,77,B,3
2430140,SD1101,57,A,4
2430140,SD1102,71,D,2
2430141,SI1101,76,A,3
2430141,IF1101,74,C,6
2430141,SD1101,78,B,2
2430142,IF1201,69,E,2
2430142,SD1101,100,C,1
2430142,SI1201,69,C,2
2430143,SD2101,61,E,6
2430143,IF1101,58,B,5
2430143,SI1101,65,C,4
2430144,SD2101,55,E,1
2430144,SD1101,66,E,1
2430144,IF1201,66,C,6
2430145,SI1201,76,B,6
2430145,IF1101,71,C,2
2430145,SD2201,78,B,6
2430146,SD2201,95,C,6
2430146,IF1101,59,D,2
2430146,SI1201,58,A,5
2430147,SD1202,90,C,2
2430147,SD2201,71,E,4
2430147,SD2401,89,C,5
2430148,SD1101,84,B,6
2430148,IF1201,74,D,2
2430148,SD2201,74,D,6
2430149,IF1101,,C,1
2430149,SI1101,63,B,6
2430149,SD2201,82,C,1
2430150,SD1201,,A,3
2430150,IF1201,56,B,6
2430150,SD1202,64,B,3
2430151,SD2201,86,C,6
2430151,SD1201,88,C,1
2430151,SD2301,66,B,5
2430152,SD1202,52,C,6
2430152,SD1201,73,A,4
2430152,SD2301,83,D,2
2430153,SD1202,81,A,6
2430153,SI1101,88,C,3
2430153,IF1201,67,D,1
2430154,SD2401,45,A,3
2430154,SI1201,72,A,3
2430154,IF1201,75,D,4
2430155,SD1201,80,D,2
2430155,SI1101,82,B,6
2430155,SD2401,73,C,5
2430156,SD1202,89,C,1
2430156,SD2301,53,D,3
2430156,SD1201,70,B,3
2430157,SD2301,55,C,3
2430157,IF1101,77,E,4
2430157,SD1102,53,D,3
2430158,SD2401,76,D,3
2430158,SD2301,68,B,2
2430158,SD1201,73,B,4
2430159,SD2201,72,C,4
2430159,SD2101,71,D,5
2430159,SI1201,53,A,3
2430160,SD1202,70,E,4
2430160,SD2101,63,C,1
2430160,SD2301,45,C,5
2430161,SD1202,73,B,4
2430161,SD2201,64,A,4
2430161,SD2101,76,B,2
2430162,SD1102,87,C,6
2430162,SD1201,75,E,5
2430162,SI1101,76,C,5
2430163,SD1201,68,C,2
2430163,SD2301,77,D,3
2430163,SD1101,64,C,2
2430164,SD2401,,E,6
2430164,IF1101,71,B,2
2430164,SD2301,84,C,5
2430165,SD1202,83,A,5
2430165,SD1201,86,C,1
2430165,SI1201,77,D,2
2430166,SD1201,72,D,4
2430166,SD1102,54,E,4
2430166,SD1101,69,B,1
2430167,SI1101,71,E,4
2430167,SD1102,59,E,6
2430167,SD2201,67,E,6
2430168,SI1201,59,A,4
2430168,SD1101,50,E,4
2430168,SD1102,,B,3
2430169,IF1101,58,E,5
2430169,SD2201,82,E,2
2430169,IF1201,92,C,2
2430170,SD1202,76,E,2
2430170,SI1101,71,A,2
2430170,SD2101,66,C,4
2430171,SD1202,66,A,6
2430171,SD2401,68,A,6
2430171,SD2301,66,D,1
2430172,SD2201,47,B,5
2430172,SD2301,63,B,4
2430172,SI1201,,A,4
2430173,SI1101,86,C,5
2430173,SD2401,67,B,3
2430173,IF1101,65,C,4
2430174,SI1201,52,C,4
2430174,SD2101,56,E,4
2430174,SD1201,46,B,4
2430175,SD2401,59,A,6
2430175,IF1101,69,D,1
2430175,SD2201,64,E,3
2430176,SD1101,73,A,2
2430176,IF1101,69,D,4
2430176,SD2301,86,C,2
2430177,SD2201,57,A,1
2430177,SD1201,75,C,2
2430177,SD2301,69,E,4
2430178,SD2301,51,A,3
2430178,IF1201,77,A,5
2430178,SD2401,46,D,4
2430179,IF1201,69,D,6
2430179,SD2201,78,A,3
2430179,SI1101,71,B,2
2430180,SI1201,71,A,1
2430180,SI1101,66,E,4
2430180,SD2101,,B,1
2430181,SD2101,66,C,3
2430181,SD1201,70,E,3
2430181,SI1101,70,C,3
2430182,SD1202,62,B,1
2430182,SD2401,69,A,3
2430182,SD1201,60,A,6
2430183,SD2101,76,A,4
2430183,SI1101,85,C,6
2430183,SD2401,72,B,1
2430184,SD2201,65,A,3
2430184,SD1101,,B,5
2430184,IF1101,60,E,2
2430185,IF1201,72,A,6
2430185,SD1201,52,E,1
2430185,SD2101,80,B,6
2430186,SD2201,70,B,4
2430186,IF1201,70,E,5
2430186,SD2101,79,D,5
2430187,SD2101,83,D,6
2430187,SD1102,41,E,2
2430187,SD1202,94,C,4
2430188,SD2301,97,C,5
2430188,SD1201,69,A,3
2430188,IF1201,67,A,2
2430189,SI1201,68,A,5
2430189,SD2301,56,E,6
2430189,SD2401,94,C,1
2430190,IF1101,77,E,5
2430190,SD2101,80,C,6
2430190,IF1201,56,A,1
2430191,IF1201,91,C,5
2430191,SD1201,83,A,4
2430191,SD1101,77,C,1
2430192,SD2301,55,E,2
2430192,SD2401,73,C,5
2430192,SD1101,76,B,2
2430193,SD2401,71,C,1
2430193,SD2301,59,A,2
2430193,SD1201,55,C,4
2430194,SD2401,58,D,6
2430194,IF1201,77,B,5
2430194,SI1201,58,C,4
2430195,SD2401,73,A,2
2430195,IF1101,86,C,6
2430195,SI1201,83,E,4
2430196,SD1202,50,C,5
2430196,SD1102,72,C,4
2430196,SD1101,77,C,3
2430197,SD1202,86,C,2
2430197,SD1201,,A,6
2430197,SI1201,61,E,5
2430198,SD1102,53,E,1
2430198,SD2101,96,C,5
2430198,SD1101,87,C,3
2430199,SI1101,59,A,1
2430199,IF1201,88,C,1
2430199,SD1101,86,C,4
2430200,SD1202,81,C,5
2430200,SD2201,67,D,2
2430200,SD2301,63,B,1
2430201,SD2201,67,B,2
2430201,SD2101,93,C,4
2430201,SD1101,80,D,2
2430202,SD1102,,A,3
2430202,SI1201,64,E,2
2430202,SD2101,48,B,4
2430203,SD1102,63,E,1
2430203,SD1202,67,C,3
2430203,SI1201,95,C,5
2430204,SD2101,100,C,5
2430204,SI1101,72,B,4
2430204,SD1201,63,C,5
2430205,SD1201,73,B,3
2430205,IF1101,64,B,3
2430205,SI1101,73,A,5
2430206,IF1101,68,E,2
2430206,SD2201,,E,2
2430206,SD1102,78,A,1
2430207,SI1101,91,C,1
2430207,SD2101,79,C,6
2430207,SD2401,91,C,5
2430208,SD1102,57,D,4
2430208,SD2301,,A,3
2430208,SD1101,59,A,6
2430209,SD2301,75,B,6
2430209,IF1101,52,E,2
2430209,SD2101,70,C,5
2430210,SI1101,83,D,1
2430210,SD2101,84,E,2
2430210,SD1102,66,A,6
2430211,SD1101,67,E,3
2430211,SD1102,50,D,5
2430211,IF1201,64,B,6
2430212,SD2201,72,C,6
2430212,SD2401,68,C,3
2430212,SD2301,72,C,5
2430213,SD1102,68,D,1
2430213,IF1201,55,B,4
2430213,SI1201,65,B,3
2430214,SI1101,75,E,3
2430214,SD2401,74,B,6
2430214,SD1102,,C,2
2430215,SI1201,85,C,2
2430215,IF1201,68,B,3
2430215,SD2301,67,D,4
2430216,SD2201,72,C,2
2430216,IF1101,69,E,1
2430216,SI1101,80,A,1
2430217,SD1201,82,D,2
2430217,SI1101,75,E,4
2430217,SD1202,90,C,2
2430218,SI1201,55,D,1
2430218,SD1101,92,C,3
2430218,SD2301,68,E,1
2430219,SI1101,93,C,2
2430219,SD1201,73,D,4
2430219,IF1201,65,D,2
2430220,SI1101,56,C,1
2430220,IF1101,73,D,6
2430220,SD1101,80,D,3
2430221,SI1201,66,B,4
2430221,SI1101,71,C,6
2430221,SD2301,68,D,5
2430222,SD1201,60,D,3
2430222,SD2401,40,D,6
2430222,SD1202,67,B,5
2430223,SD1102,89,C,2
2430223,SD1201,50,C,5
2430223,SD1202,80,D,4
2430224,SD1202,61,C,5
2430224,IF1101,,A,6
2430224,SI1101,51,B,4
2430225,IF1201,58,E,6
2430225,SI1101,65,E,6
2430225,SD1202,97,C,3
2430226,SD2301,75,C,5
2430226,SD2101,81,A,6
2430226,SI1201,77,C,1
2430227,SD2301,72,B,5
2430227,SI1201,75,E,2
2430227,IF1101,35,C,6
2430228,SD2201,67,D,3
2430228,SD1101,78,B,4
2430228,SI1101,82,D,1
2430229,IF1101,68,D,5
2430229,SD2401,57,A,5
2430229,IF1201,51,B,1
2430230,SD1102,64,C,4
2430230,SD1101,60,A,6
2430230,SD2401,70,E,1
2430231,SI1101,64,B,6
2430231,SI1201,85,C,5
2430231,SD1101,72,B,2
2430232,SD2101,67,E,4
2430232,IF1201,78,B,3
2430232,SI1101,69,E,3
2430233,IF1101,64,E,5
2430233,SD2201,68,D,1
2430233,SD1101,72,A,4
2430234,IF1101,55,A,3
2430234,SD1202,75,B,1
2430234,SD2201,57,D,6
2430235,SD2301,81,B,2
2430235,SI1101,44,E,1
2430235,IF1201,68,A,6
2430236,SD2301,77,D,3
2430236,SD1201,75,B,6
2430236,SD1102,49,A,1
2430237,SD2301,65,E,3
2430237,SD2201,74,C,4
2430237,IF1201,87,C,5
2430238,IF1101,87,C,4
2430238,SD2101,71,C,6
2430238,IF1201,49,C,4
2430239,SI1101,54,A,2
2430239,SD1202,79,A,1
2430239,IF1101,91,C,3
2430240,IF1101,89,C,6
2430240,SD1102,63,A,4
2430240,SD2301,75,C,6
2430241,SI1101,46,A,4
2430241,SD2401,70,E,1
2430241,IF1101,73,B,4
2430242,SI1101,86,C,1
2430242,SD1101,70,C,5
2430242,SD2301,60,C,5
2430243,SD2401,80,B,5
2430243,SD1202,72,D,4
2430243,SD2201,85,C,6
2430244,SI1201,61,E,2
2430244,SD2201,76,A,5
2430244,SD2301,57,B,1
2430245,SI1201,88,C,4
2430245,SD1102,68,E,3
2430245,IF1201,71,A,2
2430246,SD1202,78,B,2
2430246,SD1101,75,C,6
2430246,SD2401,76,E,4
2430247,SD2201,74,E,2
2430247,SD1102,84,E,2
2430247,SD2401,55,D,6
2430248,SD2401,71,A,4
2430248,SD1101,72,A,5
2430248,SI1201,71,D,3
2430249,IF1101,62,A,3
2430249,SD2401,59,B,5
2430249,SI1201,67,E,5
2430250,SD1201,80,D,3
2430250,SD1202,,C,1
2430250,SI1101,56,C,5
2430251,SI1101,56,C,1
2430251,SD1101,76,C,6
2430251,SI1201,65,C,6
2430252,SD2101,53,A,6
2430252,SI1101,85,C,1
2430252,SD1102,100,C,1
2430253,SD1101,64,B,3
2430253,SD2201,71,C,6
2430253,SI1101,65,A,2
2430254,IF1201,86,C,3
2430254,SD1102,73,E,4
2430254,SD2101,77,C,1
2430255,IF1201,83,E,6
2430255,SD1102,60,C,3
2430255,SD2101,56,C,4
2430256,SD1201,86,C,4
2430256,SD1202,84,B,6
2430256,SD2401,64,D,1
2430257,SI1101,69,D,4
2430257,SD2301,40,A,2
2430257,SD2101,58,C,1
2430258,SD1202,,D,1
2430258,SD2401,87,C,5
2430258,SD1201,62,E,6
2430259,SD1101,71,C,4
2430259,SD2101,65,D,6
2430259,SD1201,73,B,4
2430260,SD1201,80,B,4
2430260,IF1101,53,D,2
2430260,SD2101,49,B,5
2430261,SI1101,80,A,4
2430261,SD2201,64,C,5
2430261,SD2401,66,E,2
2430262,SD1102,91,C,3
2430262,SD1101,76,E,2
2430262,IF1201,86,C,6
2430263,IF1201,78,D,3
2430263,SD2401,63,C,1
2430263,SD2301,86,C,2
2430264,SD1201,63,B,2
2430264,IF1101,72,C,4
2430264,SI1201,57,C,4
2430265,SD1201,69,B,3
2430265,SD2301,73,D,1
2430265,SD1102,56,C,5
2430266,IF1101,65,B,5
2430266,SI1201,62,A,2
2430266,SD1102,93,C,3
2430267,SD1202,57,C,1
2430267,IF1201,100,C,3
2430267,SD1102,61,C,2
2430268,IF1201,65,E,1
2430268,SD1102,63,D,2
2430268,SD1202,97,C,4
2430269,SI1101,62,D,2
2430269,SD1101,77,B,1
2430269,SD1202,75,B,6
2430270,IF1201,64,A,1
2430270,SD2201,89,C,6
2430270,SI1201,65,D,5
2430271,SD2201,,C,4
2430271,SI1101,59,A,4
2430271,IF1101,85,C,1
2430272,SI1101,66,A,3
2430272,SD2201,68,E,3
2430272,SD2301,76,E,6
2430273,IF1201,82,C,2
2430273,SD1101,,A,4
2430273,SD2401,72,A,5
2430274,IF1101,73,E,2
2430274,SD1201,77,A,5
2430274,SD2201,64,C,1
2430275,SD1201,63,A,4
2430275,SD1102,86,C,4
2430275,SD2301,57,D,4
2430276,SD1101,75,A,3
2430276,SI1201,62,C,4
2430276,IF1201,51,A,1
2430277,SD1201,87,C,6
2430277,IF1201,72,E,1
2430277,IF1101,76,C,4
2430278,SD1101,65,B,2
2430278,SD1202,,C,4
2430278,IF1201,77,B,3
2430279,SD1201,71,C,1
2430279,IF1201,77,C,4
2430279,SD1202,46,B,2
2430280,SD2301,68,E,4
2430280,SD1201,81,B,4
2430280,SD1102,67,D,3
2430281,SD1202,57,A,2
2430281,SI1201,67,D,2
2430281,SD1101,79,E,1
2430282,IF1201,79,D,3
2430282,SD1101,76,D,1
2430282,SI1201,72,D,1
2430283,IF1101,78,B,3
2430283,SD2201,74,E,5
2430283,IF1201,55,B,6
2430284,SD2301,66,B,3
2430284,SD2201,57,A,6
2430284,SD1201,70,E,5
2430285,SD1202,66,C,6
2430285,SD1102,80,E,3
2430285,SI1201,71,E,5
2430286,IF1101,81,B,2
2430286,SD1101,74,A,6
2430286,SD2201,64,C,3
2430287,SD1202,60,B,1
2430287,IF1101,75,A,4
2430287,SD1201,84,C,5
2430288,IF1101,60,B,1
2430288,SD2201,85,C,4
2430288,SD2301,98,C,4
2430289,IF1201,78,A,2
2430289,SD1102,64,E,5
2430289,IF1101,89,C,1
2430290,SD1201,89,C,3
2430290,SD2201,65,D,3
2430290,IF1201,56,E,3
2430291,SI1201,77,B,2
2430291,SD2101,74,A,6
2430291,SD1102,73,D,4
2430292,IF1101,53,E,4
2430292,SD2201,65,A,6
2430292,SD2301,61,A,4
2430293,SI1201,79,C,1
2430293,IF1101,86,C,5
2430293,SD2301,80,A,4
2430294,SD2201,52,B,6
2430294,SD2101,65,E,5
2430294,SD1102,53,D,4
2430295,IF1201,79,A,3
2430295,SD2101,54,C,2
2430295,SD2301,69,C,2
2430296,SD1102,65,E,1
2430296,SD2401,61,A,1
2430296,SD2201,61,E,3
2430297,SD1101,62,A,2
2430297,SD2301,71,B,5
2430297,SD1102,54,D,4
2430298,SI1101,79,B,6
2430298,SD1101,85,C,6
2430298,SI1201,63,C,6
2430299,SD1102,67,E,4
2430299,SD2401,66,B,5
2430299,SI1101,72,D,4
2430300,SD1202,79,B,2
2430300,SD2401,74,C,5
2430300,SD1102,69,D,6
2320112,IF1201,48,B,2
2430147,SD2401,89,C,5
2220145,SD1202,89,C,1
2310078,SD2401,53,E,4
2410228,IF1101,69,E,3
2410185,IF1201,73,E,5
2330090,SD1101,89,C,1
2230240,SD1102,55,D,2
2210168,SD1102,71,D,1
2420181,IF1101,52,C,5
2310115,SD1102,45,D,5
2320193,SD2301,78,A,4
2410134,SD2301,89,C,5
2420252,SD2201,72,C,1
2320245,SD2301,68,D,4
2320111,SD1201,79,D,6
2320281,SI1201,70,B,1
2330045,SD2101,92,C,4
2210083,SD1201,38,E,5
2310065,SD1201,68,C,1
2310048,IF1101,65,E,1
2420184,IF1201,92,C,4
2210049,SD1202,62,D,1
2310215,SD1102,77,A,1
2410258,SD1101,82,B,2
2420147,SD1202,75,C,3
2220277,SD1202,71,D,4
2330070,SD1102,62,B,1
2410148,SD1102,70,A,5
2230010,SD1102,79,E,3
2310241,SD2201,60,D,3
2310206,SD2401,77,C,6
2310073,SD1101,72,B,2
2420128,SD1101,79,B,6
2430126,SD2101,63,B,1
2430056,SD1102,85,C,3
2320298,SD1101,77,C,5
2220135,SD2301,91,C,1
2330208,SD1101,49,C,2
2410056,SD1201,81,E,4
2410002,SD1101,67,B,3
2420136,SI1201,78,B,2
2220183,IF1101,90,C,4
2210261,SD1202,48,C,2
2220020,SI1101,72,E,3
2320166,IF1101,90,C,1
2320246,SI1101,62,B,4
2220051,SD2401,66,A,1
2330073,SI1101,85,C,6
2210153,SD1202,85,C,4
2420234,SD2201,64,E,3
2430158,SD1201,73,B,4
2210265,IF1101,63,A,5
2310183,IF1101,61,C,2
2320005,SD2101,61,D,2
2330209,SD2201,89,C,2
2230059,SD2201,59,C,6
2310141,SI1101,62,B,1
2410059,SD2401,66,D,3
2320147,IF1201,100,C,5
2420282,IF1101,87,C,5
2410156,IF1101,78,D,4
2210146,SD1202,54,C,1
2410206,SD1102,75,A,4
2320166,IF1101,90,C,1
2210001,SI1201,78,D,3
2320139,SD2401,59,C,2
2320005,SD2101,61,D,2
2430083,IF1201,80,D,5
2420113,SI1201,71,B,5
2330004,SI1101,91,C,2
2230039,IF1201,88,C,5
2310060,SI1201,60,D,1
2210159,SD2301,70,B,3
2410300,SD1101,79,A,3
2420229,IF1101,52,B,2
2230001,IF1201,63,E,5
2210236,SI1101,78,A,4
2410257,SD1101,72,B,6
2430185,SD1201,52,E,1
2420128,IF1201,77,D,3
2430255,IF1201,83,E,6
2330126,SD1101,89,C,1
2310151,SD2201,67,C,6
2310218,SD2101,75,B,6
2210106,SI1201,80,D,2
2230180,SI1201,98,C,1
2230296,SD2101,71,C,2
2220122,SD2101,79,C,2
2320173,SI1201,67,A,4
2330223,SD2201,72,E,4
2220245,SD1102,75,C,4
2330171,SD2301,77,D,4
2310039,SI1101,57,D,1
2230137,SD1101,55,A,4
2330104,SD1102,72,B,4
2410055,SD1201,71,E,1
2330230,SI1201,,C,1
2420132,SI1201,72,C,1
2430128,SD2301,81,E,3
2430174,SI1201,52,C,4
2220270,SD2101,79,E,4
2310160,IF1101,66,D,5
2310141,SI1101,62,B,1
2210243,IF1201,52,A,4
2330286,SD2201,,A,3
2410286,SD2401,83,A,4
2420072,SD1201,60,E,4
2420045,SD2401,45,C,5
2210292,SD2201,56,D,2
2330046,IF1101,76,C,4
2230028,SD1101,61,A,1
2320256,SD2401,87,C,5
2410211,SD1201,74,C,3
2410033,SD1102,60,E,6
2210284,SI1201,85,C,5
2210154,SD2301,55,C,1
2220123,SD2201,83,E,1
2410211,IF1101,81,B,5
2410034,SD1102,66,A,3
2220100,SD2401,79,C,5
2230111,SD2201,72,A,1
2420267,SI1201,62,E,3
2420192,IF1101,74,B,3
2410003,SD2101,67,D,6
2330287,SD2301,52,E,6
2210267,SD2201,74,E,4
2420275,SI1101,72,C,1
2420015,SI1201,71,A,2
2210002,IF1101,69,E,2
2230036,SD2401,88,C,1
2330046,IF1101,76,C,4
2420136,SD1101,53,C,4
2220108,SD1102,67,B,1
2320255,IF1101,52,E,5
2420162,IF1101,93,C,2
2410052,SI1201,79,E,6
2210263,SD2401,69,D,1
2330108,SD2101,79,E,4
2320241,SI1101,72,B,4
2320095,SD1101,68,B,1
2230002,SD2201,74,B,3
2210252,SD2401,78,D,1
2330136,IF1201,84,C,3
2230189,IF1201,64,A,5
2330081,SD1201,61,B,5
2410105,SD1201,66,D,5
2310168,SD1202,84,A,6
2320132,SD2401,76,A,3
2220073,SD1101,65,B,1
2220172,SD1201,72,C,2
2410170,SD2301,74,C,3
2430013,SD2101,,C,6
2320075,SI1101,77,E,1
2410033,SD1102,60,E,6
2310087,IF1101,72,D,4
2430043,SI1101,75,B,3
2220046,IF1101,76,D,2
2220266,SD2401,58,A,2
2430117,SD2201,64,C,2
2320077,SI1201,59,A,6
2420004,IF1201,64,C,6
2210001,SD1201,117,A,1
2210002,SD1202,-5,E,2
