adm1,adm2,adm3,adm4,kode_diminta,provinsi,kotkab,kecamatan,desa,analysis_date,utc_datetime,local_datetime,time_index,t,hu,tp,tcc,ws,wd,wd_deg,wd_to,vs,vs_text,weather,weather_desc,weather_desc_en,image,datetime
32,32.71,32.71.01,32.71.01.1001,32.71.01.1001,Jawa Barat,Kota Bogor,Bogor Selatan,Batu Tulis,2026-09-19T12:00:00,2026-09-19 15:00:00,2026-09-19 22:00:00,2-3,24,82,0,21,7.4,SE,171,NW,,,1,Cerah,Sunny,https://api-apps.bmkg.go.id/storage/icon/cuaca/cerah-pm.svg,2026-09-19T15:00:00Z
32,32.71,32.71.01,32.71.01.1001,32.71.01.1001,Jawa Barat,Kota Bogor,Bogor Selatan,Batu Tulis,2026-09-19T12:00:00,2026-09-19 18:00:00,2026-09-20 01:00:00,5-6,23,87,0,21,5,SE,175,NW,,,1,Cerah,Sunny,https://api-apps.bmkg.go.id/storage/icon/cuaca/cerah-pm.svg,2026-09-19T18:00:00Z
32,32.71,32.71.01,32.71.01.1001,32.71.01.1001,Jawa Barat,Kota Bogor,Bogor Selatan,Batu Tulis,2026-09-19T12:00:00,2026-09-19 21:00:00,2026-09-20 04:00:00,8-9,23,85,0,6,1.8,SE,165,NW,,,0,Cerah,Sunny,https://api-apps.bmkg.go.id/storage/icon/cuaca/cerah-pm.svg,2026-09-19T21:00:00Z
32,32.71,32.71.01,32.71.01.1001,32.71.01.1001,Jawa Barat,Kota Bogor,Bogor Selatan,Batu Tulis,2026-09-19T12:00:00,2026-09-20 00:00:00,2026-09-20 07:00:00,11-12,25,76,0,17,7.1,N,7,S,,,1,Cerah,Sunny,https://api-apps.bmkg.go.id/storage/icon/cuaca/cerah-am.svg,2026-09-20T00:00:00Z
32,32.71,32.71.01,32.71.01.1001,32.71.01.1001,Jawa Barat,Kota Bogor,Bogor Selatan,Batu Tulis,2026-09-19T12:00:00,2026-09-20 03:00:00,2026-09-20 10:00:00,14-15,29,61,0.1,43,7.8,NW,353,SE,,,1,Cerah,Sunny,https://api-apps.bmkg.go.id/storage/icon/cuaca/cerah-am.svg,2026-09-20T03:00:00Z
32,32.71,32.71.01,32.71.01.1001,32.71.01.1001,Jawa Barat,Kota Bogor,Bogor Selatan,Batu Tulis,2026-09-19T12:00:00,2026-09-20 06:00:00,2026-09-20 13:00:00,17-18,31,49,0.1,14,10.7,E,132,W,,,1,Cerah,Sunny,https://api-apps.bmkg.go.id/storage/icon/cuaca/cerah-am.svg,2026-09-20T06:00:00Z
32,32.71,32.71.01,32.71.01.1001,32.71.01.1001,Jawa Barat,Kota Bogor,Bogor Selatan,Batu Tulis,2026-09-19T12:00:00,2026-09-20 09:00:00,2026-09-20 16:00:00,20-21,28,65,1,34,2,NW,346,SE,,,1,Cerah,Sunny,https://api-apps.bmkg.go.id/storage/icon/cuaca/cerah-am.svg,2026-09-20T09:00:00Z
32,32.71,32.71.01,32.71.01.1001,32.71.01.1001,Jawa Barat,Kota Bogor,Bogor Selatan,Batu Tulis,2026-09-19T12:00:00,2026-09-20 12:00:00,2026-09-20 19:00:00,23-24,25,89,0,21,5.7,N,27,S,,,1,Cerah,Sunny,https://api-apps.bmkg.go.id/storage/icon/cuaca/cerah-pm.svg,2026-09-20T12:00:00Z
32,32.71,32.71.01,32.71.01.1001,32.71.01.1001,Jawa Barat,Kota Bogor,Bogor Selatan,Batu Tulis,2026-09-19T12:00:00,2026-09-20 15:00:00,2026-09-20 22:00:00,26-27,24,92,0,40,0.8,S,220,N,,,1,Cerah,Sunny,https://api-apps.bmkg.go.id/storage/icon/cuaca/cerah-pm.svg,2026-09-20T15:00:00Z
32,32.71,32.71.01,32.71.01.1001,32.71.01.1001,Jawa Barat,Kota Bogor,Bogor Selatan,Batu Tulis,2026-09-19T12:00:00,2026-09-20 18:00:00,2026-09-21 01:00:00,29-30,23,94,0,40,2.8,S,206,N,,,1,Cerah,Sunny,https://api-apps.bmkg.go.id/storage/icon/cuaca/cerah-pm.svg,2026-09-20T18:00:00Z
32,32.71,32.71.01,32.71.01.1001,32.71.01.1001,Jawa Barat,Kota Bogor,Bogor Selatan,Batu Tulis,2026-09-19T12:00:00,2026-09-20 21:00:00,2026-09-21 04:00:00,32-33,23,92,0,16,3.5,SE,174,NW,,,1,Cerah,Sunny,https://api-apps.bmkg.go.id/storage/icon/cuaca/cerah-pm.svg,2026-09-20T21:00:00Z
32,32.71,32.71.01,32.71.01.1001,32.71.01.1001,Jawa Barat,Kota Bogor,Bogor Selatan,Batu Tulis,2026-09-19T12:00:00,2026-09-21 00:00:00,2026-09-21 07:00:00,35-36,27,72,0,16,2.1,SE,138,NW,,,1,Cerah,Sunny,https://api-apps.bmkg.go.id/storage/icon/cuaca/cerah-am.svg,2026-09-21T00:00:00Z
32,32.71,32.71.01,32.71.01.1001,32.71.01.1001,Jawa Barat,Kota Bogor,Bogor Selatan,Batu Tulis,2026-09-19T12:00:00,2026-09-21 03:00:00,2026-09-21 10:00:00,38-39,30,60,0.1,25,3.9,N,30,S,,,1,Cerah,Sunny,https://api-apps.bmkg.go.id/storage/icon/cuaca/cerah-am.svg,2026-09-21T03:00:00Z
32,32.71,32.71.01,32.71.01.1001,32.71.01.1001,Jawa Barat,Kota Bogor,Bogor Selatan,Batu Tulis,2026-09-19T12:00:00,2026-09-21 06:00:00,2026-09-21 13:00:00,41-42,30,61,0.5,65,5.7,N,45,S,,,2,Cerah Berawan,Partly Cloudy,https://api-apps.bmkg.go.id/storage/icon/cuaca/cerah berawan-am.svg,2026-09-21T06:00:00Z
32,32.71,32.71.01,32.71.01.1001,32.71.01.1001,Jawa Barat,Kota Bogor,Bogor Selatan,Batu Tulis,2026-09-19T12:00:00,2026-09-21 09:00:00,2026-09-21 16:00:00,44-45,26,79,0.5,53,5.7,NW,317,SE,,,1,Cerah,Sunny,https://api-apps.bmkg.go.id/storage/icon/cuaca/cerah-am.svg,2026-09-21T09:00:00Z
32,32.71,32.71.01,32.71.01.1001,32.71.01.1001,Jawa Barat,Kota Bogor,Bogor Selatan,Batu Tulis,2026-09-19T12:00:00,2026-09-21 12:00:00,2026-09-21 19:00:00,47-48,24,93,0,58,2.6,N,39,S,,,1,Cerah,Sunny,https://api-apps.bmkg.go.id/storage/icon/cuaca/cerah-pm.svg,2026-09-21T12:00:00Z
32,32.71,32.71.01,32.71.01.1001,32.71.01.1001,Jawa Barat,Kota Bogor,Bogor Selatan,Batu Tulis,2026-09-19T12:00:00,2026-09-21 15:00:00,2026-09-21 22:00:00,50-51,23,94,0,32,4,SE,158,NW,,,1,Cerah,Sunny,https://api-apps.bmkg.go.id/storage/icon/cuaca/cerah-pm.svg,2026-09-21T15:00:00Z
32,32.71,32.71.01,32.71.01.1002,32.71.01.1002,Jawa Barat,Kota Bogor,Bogor Selatan,Bondongan,2026-09-19T12:00:00,2026-09-19 15:00:00,2026-09-19 22:00:00,2-3,24,82,0,21,7.4,SE,171,NW,,,1,Cerah,Sunny,https://api-apps.bmkg.go.id/storage/icon/cuaca/cerah-pm.svg,2026-09-19T15:00:00Z
32,32.71,32.71.01,32.71.01.1002,32.71.01.1002,Jawa Barat,Kota Bogor,Bogor Selatan,Bondongan,2026-09-19T12:00:00,2026-09-19 18:00:00,2026-09-20 01:00:00,5-6,23,87,0,21,5,SE,175,NW,,,1,Cerah,Sunny,https://api-apps.bmkg.go.id/storage/icon/cuaca/cerah-pm.svg,2026-09-19T18:00:00Z
32,32.71,32.71.01,32.71.01.1002,32.71.01.1002,Jawa Barat,Kota Bogor,Bogor Selatan,Bondongan,2026-09-19T12:00:00,2026-09-19 21:00:00,2026-09-20 04:00:00,8-9,23,85,0,6,1.8,SE,165,NW,,,0,Cerah,Sunny,https://api-apps.bmkg.go.id/storage/icon/cuaca/cerah-pm.svg,2026-09-19T21:00:00Z
32,32.71,32.71.01,32.71.01.1002,32.71.01.1002,Jawa Barat,Kota Bogor,Bogor Selatan,Bondongan,2026-09-19T12:00:00,2026-09-20 00:00:00,2026-09-20 07:00:00,11-12,25,76,0,17,7.1,N,7,S,,,1,Cerah,Sunny,https://api-apps.bmkg.go.id/storage/icon/cuaca/cerah-am.svg,2026-09-20T00:00:00Z
32,32.71,32.71.01,32.71.01.1002,32.71.01.1002,Jawa Barat,Kota Bogor,Bogor Selatan,Bondongan,2026-09-19T12:00:00,2026-09-20 03:00:00,2026-09-20 10:00:00,14-15,29,61,0.1,43,7.8,NW,353,SE,,,1,Cerah,Sunny,https://api-apps.bmkg.go.id/storage/icon/cuaca/cerah-am.svg,2026-09-20T03:00:00Z
32,32.71,32.71.01,32.71.01.1002,32.71.01.1002,Jawa Barat,Kota Bogor,Bogor Selatan,Bondongan,2026-09-19T12:00:00,2026-09-20 06:00:00,2026-09-20 13:00:00,17-18,31,49,0.1,14,10.7,E,132,W,,,1,Cerah,Sunny,https://api-apps.bmkg.go.id/storage/icon/cuaca/cerah-am.svg,2026-09-20T06:00:00Z
32,32.71,32.71.01,32.71.01.1002,32.71.01.1002,Jawa Barat,Kota Bogor,Bogor Selatan,Bondongan,2026-09-19T12:00:00,2026-09-20 09:00:00,2026-09-20 16:00:00,20-21,28,65,1,34,2,NW,346,SE,,,1,Cerah,Sunny,https://api-apps.bmkg.go.id/storage/icon/cuaca/cerah-am.svg,2026-09-20T09:00:00Z
32,32.71,32.71.01,32.71.01.1002,32.71.01.1002,Jawa Barat,Kota Bogor,Bogor Selatan,Bondongan,2026-09-19T12:00:00,2026-09-20 12:00:00,2026-09-20 19:00:00,23-24,25,89,0,21,5.7,N,27,S,,,1,Cerah,Sunny,https://api-apps.bmkg.go.id/storage/icon/cuaca/cerah-pm.svg,2026-09-20T12:00:00Z
32,32.71,32.71.01,32.71.01.1002,32.71.01.1002,Jawa Barat,Kota Bogor,Bogor Selatan,Bondongan,2026-09-19T12:00:00,2026-09-20 15:00:00,2026-09-20 22:00:00,26-27,24,92,0,40,0.8,S,220,N,,,1,Cerah,Sunny,https://api-apps.bmkg.go.id/storage/icon/cuaca/cerah-pm.svg,2026-09-20T15:00:00Z
32,32.71,32.71.01,32.71.01.1002,32.71.01.1002,Jawa Barat,Kota Bogor,Bogor Selatan,Bondongan,2026-09-19T12:00:00,2026-09-20 18:00:00,2026-09-21 01:00:00,29-30,23,94,0,40,2.8,S,206,N,,,1,Cerah,Sunny,https://api-apps.bmkg.go.id/storage/icon/cuaca/cerah-pm.svg,2026-09-20T18:00:00Z
32,32.71,32.71.01,32.71.01.1002,32.71.01.1002,Jawa Barat,Kota Bogor,Bogor Selatan,Bondongan,2026-09-19T12:00:00,2026-09-20 21:00:00,2026-09-21 04:00:00,32-33,23,92,0,16,3.5,SE,174,NW,,,1,Cerah,Sunny,https://api-apps.bmkg.go.id/storage/icon/cuaca/cerah-pm.svg,2026-09-20T21:00:00Z
32,32.71,32.71.01,32.71.01.1002,32.71.01.1002,Jawa Barat,Kota Bogor,Bogor Selatan,Bondongan,2026-09-19T12:00:00,2026-09-21 00:00:00,2026-09-21 07:00:00,35-36,27,72,0,16,2.1,SE,138,NW,,,1,Cerah,Sunny,https://api-apps.bmkg.go.id/storage/icon/cuaca/cerah-am.svg,2026-09-21T00:00:00Z
32,32.71,32.71.01,32.71.01.1002,32.71.01.1002,Jawa Barat,Kota Bogor,Bogor Selatan,Bondongan,2026-09-19T12:00:00,2026-09-21 03:00:00,2026-09-21 10:00:00,38-39,30,60,0.1,25,3.9,N,30,S,,,1,Cerah,Sunny,https://api-apps.bmkg.go.id/storage/icon/cuaca/cerah-am.svg,2026-09-21T03:00:00Z
32,32.71,32.71.01,32.71.01.1002,32.71.01.1002,Jawa Barat,Kota Bogor,Bogor Selatan,Bondongan,2026-09-19T12:00:00,2026-09-21 06:00:00,2026-09-21 13:00:00,41-42,30,61,0.5,65,5.7,N,45,S,,,2,Cerah Berawan,Partly Cloudy,https://api-apps.bmkg.go.id/storage/icon/cuaca/cerah berawan-am.svg,2026-09-21T06:00:00Z
32,32.71,32.71.01,32.71.01.1002,32.71.01.1002,Jawa Barat,Kota Bogor,Bogor Selatan,Bondongan,2026-09-19T12:00:00,2026-09-21 09:00:00,2026-09-21 16:00:00,44-45,26,79,0.5,53,5.7,NW,317,SE,,,1,Cerah,Sunny,https://api-apps.bmkg.go.id/storage/icon/cuaca/cerah-am.svg,2026-09-21T09:00:00Z
32,32.71,32.71.01,32.71.01.1002,32.71.01.1002,Jawa Barat,Kota Bogor,Bogor Selatan,Bondongan,2026-09-19T12:00:00,2026-09-21 12:00:00,2026-09-21 19:00:00,47-48,24,93,0,58,2.6,N,39,S,,,1,Cerah,Sunny,https://api-apps.bmkg.go.id/storage/icon/cuaca/cerah-pm.svg,2026-09-21T12:00:00Z
32,32.71,32.71.01,32.71.01.1002,32.71.01.1002,Jawa Barat,Kota Bogor,Bogor Selatan,Bondongan,2026-09-19T12:00:00,2026-09-21 15:00:00,2026-09-21 22:00:00,50-51,23,94,0,32,4,SE,158,NW,,,1,Cerah,Sunny,https://api-apps.bmkg.go.id/storage/icon/cuaca/cerah-pm.svg,2026-09-21T15:00:00Z
32,32.71,32.71.01,32.71.01.1003,32.71.01.1003,Jawa Barat,Kota Bogor,Bogor Selatan,Empang,2026-09-19T12:00:00,2026-09-19 15:00:00,2026-09-19 22:00:00,2-3,24,82,0,21,7.4,SE,171,NW,,,1,Cerah,Sunny,https://api-apps.bmkg.go.id/storage/icon/cuaca/cerah-pm.svg,2026-09-19T15:00:00Z
32,32.71,32.71.01,32.71.01.1003,32.71.01.1003,Jawa Barat,Kota Bogor,Bogor Selatan,Empang,2026-09-19T12:00:00,2026-09-19 18:00:00,2026-09-20 01:00:00,5-6,23,87,0,21,5,SE,175,NW,,,1,Cerah,Sunny,https://api-apps.bmkg.go.id/storage/icon/cuaca/cerah-pm.svg,2026-09-19T18:00:00Z
32,32.71,32.71.01,32.71.01.1003,32.71.01.1003,Jawa Barat,Kota Bogor,Bogor Selatan,Empang,2026-09-19T12:00:00,2026-09-19 21:00:00,2026-09-20 04:00:00,8-9,23,85,0,6,1.8,SE,165,NW,,,0,Cerah,Sunny,https://api-apps.bmkg.go.id/storage/icon/cuaca/cerah-pm.svg,2026-09-19T21:00:00Z
32,32.71,32.71.01,32.71.01.1003,32.71.01.1003,Jawa Barat,Kota Bogor,Bogor Selatan,Empang,2026-09-19T12:00:00,2026-09-20 00:00:00,2026-09-20 07:00:00,11-12,25,76,0,17,7.1,N,7,S,,,1,Cerah,Sunny,https://api-apps.bmkg.go.id/storage/icon/cuaca/cerah-am.svg,2026-09-20T00:00:00Z
32,32.71,32.71.01,32.71.01.1003,32.71.01.1003,Jawa Barat,Kota Bogor,Bogor Selatan,Empang,2026-09-19T12:00:00,2026-09-20 03:00:00,2026-09-20 10:00:00,14-15,29,61,0.1,43,7.8,NW,353,SE,,,1,Cerah,Sunny,https://api-apps.bmkg.go.id/storage/icon/cuaca/cerah-am.svg,2026-09-20T03:00:00Z
32,32.71,32.71.01,32.71.01.1003,32.71.01.1003,Jawa Barat,Kota Bogor,Bogor Selatan,Empang,2026-09-19T12:00:00,2026-09-20 06:00:00,2026-09-20 13:00:00,17-18,31,49,0.1,14,10.7,E,132,W,,,1,Cerah,Sunny,https://api-apps.bmkg.go.id/storage/icon/cuaca/cerah-am.svg,2026-09-20T06:00:00Z
32,32.71,32.71.01,32.71.01.1003,32.71.01.1003,Jawa Barat,Kota Bogor,Bogor Selatan,Empang,2026-09-19T12:00:00,2026-09-20 09:00:00,2026-09-20 16:00:00,20-21,28,65,1,34,2,NW,346,SE,,,1,Cerah,Sunny,https://api-apps.bmkg.go.id/storage/icon/cuaca/cerah-am.svg,2026-09-20T09:00:00Z
32,32.71,32.71.01,32.71.01.1003,32.71.01.1003,Jawa Barat,Kota Bogor,Bogor Selatan,Empang,2026-09-19T12:00:00,2026-09-20 12:00:00,2026-09-20 19:00:00,23-24,25,89,0,21,5.7,N,27,S,,,1,Cerah,Sunny,https://api-apps.bmkg.go.id/storage/icon/cuaca/cerah-pm.svg,2026-09-20T12:00:00Z
32,32.71,32.71.01,32.71.01.1003,32.71.01.1003,Jawa Barat,Kota Bogor,Bogor Selatan,Empang,2026-09-19T12:00:00,2026-09-20 15:00:00,2026-09-20 22:00:00,26-27,24,92,0,40,0.8,S,220,N,,,1,Cerah,Sunny,https://api-apps.bmkg.go.id/storage/icon/cuaca/cerah-pm.svg,2026-09-20T15:00:00Z
32,32.71,32.71.01,32.71.01.1003,32.71.01.1003,Jawa Barat,Kota Bogor,Bogor Selatan,Empang,2026-09-19T12:00:00,2026-09-20 18:00:00,2026-09-21 01:00:00,29-30,23,94,0,40,2.8,S,206,N,,,1,Cerah,Sunny,https://api-apps.bmkg.go.id/storage/icon/cuaca/cerah-pm.svg,2026-09-20T18:00:00Z
32,32.71,32.71.01,32.71.01.1003,32.71.01.1003,Jawa Barat,Kota Bogor,Bogor Selatan,Empang,2026-09-19T12:00:00,2026-09-20 21:00:00,2026-09-21 04:00:00,32-33,23,92,0,16,3.5,SE,174,NW,,,1,Cerah,Sunny,https://api-apps.bmkg.go.id/storage/icon/cuaca/cerah-pm.svg,2026-09-20T21:00:00Z
32,32.71,32.71.01,32.71.01.1003,32.71.01.1003,Jawa Barat,Kota Bogor,Bogor Selatan,Empang,2026-09-19T12:00:00,2026-09-21 00:00:00,2026-09-21 07:00:00,35-36,27,72,0,16,2.1,SE,138,NW,,,1,Cerah,Sunny,https://api-apps.bmkg.go.id/storage/icon/cuaca/cerah-am.svg,2026-09-21T00:00:00Z
32,32.71,32.71.01,32.71.01.1003,32.71.01.1003,Jawa Barat,Kota Bogor,Bogor Selatan,Empang,2026-09-19T12:00:00,2026-09-21 03:00:00,2026-09-21 10:00:00,38-39,30,60,0.1,25,3.9,N,30,S,,,1,Cerah,Sunny,https://api-apps.bmkg.go.id/storage/icon/cuaca/cerah-am.svg,2026-09-21T03:00:00Z
32,32.71,32.71.01,32.71.01.1003,32.71.01.1003,Jawa Barat,Kota Bogor,Bogor Selatan,Empang,2026-09-19T12:00:00,2026-09-21 06:00:00,2026-09-21 13:00:00,41-42,30,61,0.5,65,5.7,N,45,S,,,2,Cerah Berawan,Partly Cloudy,https://api-apps.bmkg.go.id/storage/icon/cuaca/cerah berawan-am.svg,2026-09-21T06:00:00Z
32,32.71,32.71.01,32.71.01.1003,32.71.01.1003,Jawa Barat,Kota Bogor,Bogor Selatan,Empang,2026-09-19T12:00:00,2026-09-21 09:00:00,2026-09-21 16:00:00,44-45,26,79,0.5,53,5.7,NW,317,SE,,,1,Cerah,Sunny,https://api-apps.bmkg.go.id/storage/icon/cuaca/cerah-am.svg,2026-09-21T09:00:00Z
32,32.71,32.71.01,32.71.01.1003,32.71.01.1003,Jawa Barat,Kota Bogor,Bogor Selatan,Empang,2026-09-19T12:00:00,2026-09-21 12:00:00,2026-09-21 19:00:00,47-48,24,93,0,58,2.6,N,39,S,,,1,Cerah,Sunny,https://api-apps.bmkg.go.id/storage/icon/cuaca/cerah-pm.svg,2026-09-21T12:00:00Z
32,32.71,32.71.01,32.71.01.1003,32.71.01.1003,Jawa Barat,Kota Bogor,Bogor Selatan,Empang,2026-09-19T12:00:00,2026-09-21 15:00:00,2026-09-21 22:00:00,50-51,23,94,0,32,4,SE,158,NW,,,1,Cerah,Sunny,https://api-apps.bmkg.go.id/storage/icon/cuaca/cerah-pm.svg,2026-09-21T15:00:00Z
32,32.71,32.71.01,32.71.01.1004,32.71.01.1004,Jawa Barat,Kota Bogor,Bogor Selatan,Lawanggintung,2026-09-19T12:00:00,2026-09-19 15:00:00,2026-09-19 22:00:00,2-3,23,84,0,31,7.4,SE,171,NW,,,1,Cerah,Sunny,https://api-apps.bmkg.go.id/storage/icon/cuaca/cerah-pm.svg,2026-09-19T15:00:00Z
32,32.71,32.71.01,32.71.01.1004,32.71.01.1004,Jawa Barat,Kota Bogor,Bogor Selatan,Lawanggintung,2026-09-19T12:00:00,2026-09-19 18:00:00,2026-09-20 01:00:00,5-6,22,87,0,22,5,SE,175,NW,,,1,Cerah,Sunny,https://api-apps.bmkg.go.id/storage/icon/cuaca/cerah-pm.svg,2026-09-19T18:00:00Z
32,32.71,32.71.01,32.71.01.1004,32.71.01.1004,Jawa Barat,Kota Bogor,Bogor Selatan,Lawanggintung,2026-09-19T12:00:00,2026-09-19 21:00:00,2026-09-20 04:00:00,8-9,22,85,0,6,1.8,SE,165,NW,,,0,Cerah,Sunny,https://api-apps.bmkg.go.id/storage/icon/cuaca/cerah-pm.svg,2026-09-19T21:00:00Z
32,32.71,32.71.01,32.71.01.1004,32.71.01.1004,Jawa Barat,Kota Bogor,Bogor Selatan,Lawanggintung,2026-09-19T12:00:00,2026-09-20 00:00:00,2026-09-20 07:00:00,11-12,25,78,0,18,7.1,N,7,S,,,1,Cerah,Sunny,https://api-apps.bmkg.go.id/storage/icon/cuaca/cerah-am.svg,2026-09-20T00:00:00Z
32,32.71,32.71.01,32.71.01.1004,32.71.01.1004,Jawa Barat,Kota Bogor,Bogor Selatan,Lawanggintung,2026-09-19T12:00:00,2026-09-20 03:00:00,2026-09-20 10:00:00,14-15,28,64,0,48,7.8,NW,353,SE,,,1,Cerah,Sunny,https://api-apps.bmkg.go.id/storage/icon/cuaca/cerah-am.svg,2026-09-20T03:00:00Z
32,32.71,32.71.01,32.71.01.1004,32.71.01.1004,Jawa Barat,Kota Bogor,Bogor Selatan,Lawanggintung,2026-09-19T12:00:00,2026-09-20 06:00:00,2026-09-20 13:00:00,17-18,30,53,0.2,14,10.7,E,132,W,,,1,Cerah,Sunny,https://api-apps.bmkg.go.id/storage/icon/cuaca/cerah-am.svg,2026-09-20T06:00:00Z
32,32.71,32.71.01,32.71.01.1004,32.71.01.1004,Jawa Barat,Kota Bogor,Bogor Selatan,Lawanggintung,2026-09-19T12:00:00,2026-09-20 09:00:00,2026-09-20 16:00:00,20-21,27,70,0.9,38,2,NW,346,SE,,,1,Cerah,Sunny,https://api-apps.bmkg.go.id/storage/icon/cuaca/cerah-am.svg,2026-09-20T09:00:00Z
32,32.71,32.71.01,32.71.01.1004,32.71.01.1004,Jawa Barat,Kota Bogor,Bogor Selatan,Lawanggintung,2026-09-19T12:00:00,2026-09-20 12:00:00,2026-09-20 19:00:00,23-24,24,89,0,22,5.7,N,27,S,,,1,Cerah,Sunny,https://api-apps.bmkg.go.id/storage/icon/cuaca/cerah-pm.svg,2026-09-20T12:00:00Z
32,32.71,32.71.01,32.71.01.1004,32.71.01.1004,Jawa Barat,Kota Bogor,Bogor Selatan,Lawanggintung,2026-09-19T12:00:00,2026-09-20 15:00:00,2026-09-20 22:00:00,26-27,24,93,0,44,0.8,S,220,N,,,1,Cerah,Sunny,https://api-apps.bmkg.go.id/storage/icon/cuaca/cerah-pm.svg,2026-09-20T15:00:00Z
32,32.71,32.71.01,32.71.01.1004,32.71.01.1004,Jawa Barat,Kota Bogor,Bogor Selatan,Lawanggintung,2026-09-19T12:00:00,2026-09-20 18:00:00,2026-09-21 01:00:00,29-30,23,94,0,41,2.8,S,206,N,,,1,Cerah,Sunny,https://api-apps.bmkg.go.id/storage/icon/cuaca/cerah-pm.svg,2026-09-20T18:00:00Z
32,32.71,32.71.01,32.71.01.1004,32.71.01.1004,Jawa Barat,Kota Bogor,Bogor Selatan,Lawanggintung,2026-09-19T12:00:00,2026-09-20 21:00:00,2026-09-21 04:00:00,32-33,22,92,0,23,3.5,SE,174,NW,,,1,Cerah,Sunny,https://api-apps.bmkg.go.id/storage/icon/cuaca/cerah-pm.svg,2026-09-20T21:00:00Z
32,32.71,32.71.01,32.71.01.1004,32.71.01.1004,Jawa Barat,Kota Bogor,Bogor Selatan,Lawanggintung,2026-09-19T12:00:00,2026-09-21 00:00:00,2026-09-21 07:00:00,35-36,26,74,0,17,2.1,SE,138,NW,,,1,Cerah,Sunny,https://api-apps.bmkg.go.id/storage/icon/cuaca/cerah-am.svg,2026-09-21T00:00:00Z
32,32.71,32.71.01,32.71.01.1004,32.71.01.1004,Jawa Barat,Kota Bogor,Bogor Selatan,Lawanggintung,2026-09-19T12:00:00,2026-09-21 03:00:00,2026-09-21 10:00:00,38-39,29,61,0.2,25,3.9,N,30,S,,,1,Cerah,Sunny,https://api-apps.bmkg.go.id/storage/icon/cuaca/cerah-am.svg,2026-09-21T03:00:00Z
32,32.71,32.71.01,32.71.01.1004,32.71.01.1004,Jawa Barat,Kota Bogor,Bogor Selatan,Lawanggintung,2026-09-19T12:00:00,2026-09-21 06:00:00,2026-09-21 13:00:00,41-42,29,64,0.6,64,5.7,N,45,S,,,2,Cerah Berawan,Partly Cloudy,https://api-apps.bmkg.go.id/storage/icon/cuaca/cerah berawan-am.svg,2026-09-21T06:00:00Z
32,32.71,32.71.01,32.71.01.1004,32.71.01.1004,Jawa Barat,Kota Bogor,Bogor Selatan,Lawanggintung,2026-09-19T12:00:00,2026-09-21 09:00:00,2026-09-21 16:00:00,44-45,26,82,0.4,49,5.7,NW,317,SE,,,1,Cerah,Sunny,https://api-apps.bmkg.go.id/storage/icon/cuaca/cerah-am.svg,2026-09-21T09:00:00Z
32,32.71,32.71.01,32.71.01.1004,32.71.01.1004,Jawa Barat,Kota Bogor,Bogor Selatan,Lawanggintung,2026-09-19T12:00:00,2026-09-21 12:00:00,2026-09-21 19:00:00,47-48,24,94,0,62,2.6,N,39,S,,,2,Cerah Berawan,Partly Cloudy,https://api-apps.bmkg.go.id/storage/icon/cuaca/cerah berawan-pm.svg,2026-09-21T12:00:00Z
32,32.71,32.71.01,32.71.01.1004,32.71.01.1004,Jawa Barat,Kota Bogor,Bogor Selatan,Lawanggintung,2026-09-19T12:00:00,2026-09-21 15:00:00,2026-09-21 22:00:00,50-51,23,94,0,35,4,SE,158,NW,,,1,Cerah,Sunny,https://api-apps.bmkg.go.id/storage/icon/cuaca/cerah-pm.svg,2026-09-21T15:00:00Z
32,32.71,32.71.01,32.71.01.1005,32.71.01.1005,Jawa Barat,Kota Bogor,Bogor Selatan,Pamoyanan,2026-09-19T12:00:00,2026-09-19 15:00:00,2026-09-19 22:00:00,2-3,23,83,0,19,6.7,SE,151,NW,,,1,Cerah,Sunny,https://api-apps.bmkg.go.id/storage/icon/cuaca/cerah-pm.svg,2026-09-19T15:00:00Z
32,32.71,32.71.01,32.71.01.1005,32.71.01.1005,Jawa Barat,Kota Bogor,Bogor Selatan,Pamoyanan,2026-09-19T12:00:00,2026-09-19 18:00:00,2026-09-20 01:00:00,5-6,22,88,0,17,4.9,SE,146,NW,,,1,Cerah,Sunny,https://api-apps.bmkg.go.id/storage/icon/cuaca/cerah-pm.svg,2026-09-19T18:00:00Z
32,32.71,32.71.01,32.71.01.1005,32.71.01.1005,Jawa Barat,Kota Bogor,Bogor Selatan,Pamoyanan,2026-09-19T12:00:00,2026-09-19 21:00:00,2026-09-20 04:00:00,8-9,22,86,0,5,0.4,SE,156,NW,,,0,Cerah,Sunny,https://api-apps.bmkg.go.id/storage/icon/cuaca/cerah-pm.svg,2026-09-19T21:00:00Z
32,32.71,32.71.01,32.71.01.1005,32.71.01.1005,Jawa Barat,Kota Bogor,Bogor Selatan,Pamoyanan,2026-09-19T12:00:00,2026-09-20 00:00:00,2026-09-20 07:00:00,11-12,25,76,0,17,7,N,7,S,,,1,Cerah,Sunny,https://api-apps.bmkg.go.id/storage/icon/cuaca/cerah-am.svg,2026-09-20T00:00:00Z
32,32.71,32.71.01,32.71.01.1005,32.71.01.1005,Jawa Barat,Kota Bogor,Bogor Selatan,Pamoyanan,2026-09-19T12:00:00,2026-09-20 03:00:00,2026-09-20 10:00:00,14-15,29,61,0.5,53,6.7,NW,341,SE,,,1,Cerah,Sunny,https://api-apps.bmkg.go.id/storage/icon/cuaca/cerah-am.svg,2026-09-20T03:00:00Z
32,32.71,32.71.01,32.71.01.1005,32.71.01.1005,Jawa Barat,Kota Bogor,Bogor Selatan,Pamoyanan,2026-09-19T12:00:00,2026-09-20 06:00:00,2026-09-20 13:00:00,17-18,30,52,0.1,16,6.8,NE,82,SW,,,1,Cerah,Sunny,https://api-apps.bmkg.go.id/storage/icon/cuaca/cerah-am.svg,2026-09-20T06:00:00Z
32,32.71,32.71.01,32.71.01.1005,32.71.01.1005,Jawa Barat,Kota Bogor,Bogor Selatan,Pamoyanan,2026-09-19T12:00:00,2026-09-20 09:00:00,2026-09-20 16:00:00,20-21,27,67,0.9,32,4,S,206,N,,,1,Cerah,Sunny,https://api-apps.bmkg.go.id/storage/icon/cuaca/cerah-am.svg,2026-09-20T09:00:00Z
32,32.71,32.71.01,32.71.01.1005,32.71.01.1005,Jawa Barat,Kota Bogor,Bogor Selatan,Pamoyanan,2026-09-19T12:00:00,2026-09-20 12:00:00,2026-09-20 19:00:00,23-24,24,91,0,20,1.2,NE,57,SW,,,1,Cerah,Sunny,https://api-apps.bmkg.go.id/storage/icon/cuaca/cerah-pm.svg,2026-09-20T12:00:00Z
32,32.71,32.71.01,32.71.01.1005,32.71.01.1005,Jawa Barat,Kota Bogor,Bogor Selatan,Pamoyanan,2026-09-19T12:00:00,2026-09-20 15:00:00,2026-09-20 22:00:00,26-27,23,94,0,54,3.5,N,27,S,,,1,Cerah,Sunny,https://api-apps.bmkg.go.id/storage/icon/cuaca/cerah-pm.svg,2026-09-20T15:00:00Z
32,32.71,32.71.01,32.71.01.1005,32.71.01.1005,Jawa Barat,Kota Bogor,Bogor Selatan,Pamoyanan,2026-09-19T12:00:00,2026-09-20 18:00:00,2026-09-21 01:00:00,29-30,22,96,0,55,1,N,19,S,,,1,Cerah,Sunny,https://api-apps.bmkg.go.id/storage/icon/cuaca/cerah-pm.svg,2026-09-20T18:00:00Z
32,32.71,32.71.01,32.71.01.1005,32.71.01.1005,Jawa Barat,Kota Bogor,Bogor Selatan,Pamoyanan,2026-09-19T12:00:00,2026-09-20 21:00:00,2026-09-21 04:00:00,32-33,22,93,0,20,2.8,E,128,W,,,1,Cerah,Sunny,https://api-apps.bmkg.go.id/storage/icon/cuaca/cerah-pm.svg,2026-09-20T21:00:00Z
32,32.71,32.71.01,32.71.01.1005,32.71.01.1005,Jawa Barat,Kota Bogor,Bogor Selatan,Pamoyanan,2026-09-19T12:00:00,2026-09-21 00:00:00,2026-09-21 07:00:00,35-36,26,73,0,20,2.1,SE,170,NW,,,1,Cerah,Sunny,https://api-apps.bmkg.go.id/storage/icon/cuaca/cerah-am.svg,2026-09-21T00:00:00Z
32,32.71,32.71.01,32.71.01.1005,32.71.01.1005,Jawa Barat,Kota Bogor,Bogor Selatan,Pamoyanan,2026-09-19T12:00:00,2026-09-21 03:00:00,2026-09-21 10:00:00,38-39,29,62,0.1,24,7.7,NW,351,SE,,,1,Cerah,Sunny,https://api-apps.bmkg.go.id/storage/icon/cuaca/cerah-am.svg,2026-09-21T03:00:00Z
32,32.71,32.71.01,32.71.01.1005,32.71.01.1005,Jawa Barat,Kota Bogor,Bogor Selatan,Pamoyanan,2026-09-19T12:00:00,2026-09-21 06:00:00,2026-09-21 13:00:00,41-42,28,67,0.6,72,7.5,NE,62,SW,,,2,Cerah Berawan,Partly Cloudy,https://api-apps.bmkg.go.id/storage/icon/cuaca/cerah berawan-am.svg,2026-09-21T06:00:00Z
32,32.71,32.71.01,32.71.01.1005,32.71.01.1005,Jawa Barat,Kota Bogor,Bogor Selatan,Pamoyanan,2026-09-19T12:00:00,2026-09-21 09:00:00,2026-09-21 16:00:00,44-45,26,81,0.4,53,3,SW,254,NE,,,1,Cerah,Sunny,https://api-apps.bmkg.go.id/storage/icon/cuaca/cerah-am.svg,2026-09-21T09:00:00Z
32,32.71,32.71.01,32.71.01.1005,32.71.01.1005,Jawa Barat,Kota Bogor,Bogor Selatan,Pamoyanan,2026-09-19T12:00:00,2026-09-21 12:00:00,2026-09-21 19:00:00,47-48,24,94,0,56,3.8,SE,156,NW,,,1,Cerah,Sunny,https://api-apps.bmkg.go.id/storage/icon/cuaca/cerah-pm.svg,2026-09-21T12:00:00Z
32,32.71,32.71.01,32.71.01.1005,32.71.01.1005,Jawa Barat,Kota Bogor,Bogor Selatan,Pamoyanan,2026-09-19T12:00:00,2026-09-21 15:00:00,2026-09-21 22:00:00,50-51,22,95,0,35,5.9,SE,148,NW,,,1,Cerah,Sunny,https://api-apps.bmkg.go.id/storage/icon/cuaca/cerah-pm.svg,2026-09-21T15:00:00Z
32,32.71,32.71.01,32.71.01.1006,32.71.01.1006,Jawa Barat,Kota Bogor,Bogor Selatan,Rangga Mekar,2026-09-19T12:00:00,2026-09-19 15:00:00,2026-09-19 22:00:00,2-3,24,82,0,21,7.4,SE,171,NW,,,1,Cerah,Sunny,https://api-apps.bmkg.go.id/storage/icon/cuaca/cerah-pm.svg,2026-09-19T15:00:00Z
32,32.71,32.71.01,32.71.01.1006,32.71.01.1006,Jawa Barat,Kota Bogor,Bogor Selatan,Rangga Mekar,2026-09-19T12:00:00,2026-09-19 18:00:00,2026-09-20 01:00:00,5-6,23,87,0,21,5,SE,175,NW,,,1,Cerah,Sunny,https://api-apps.bmkg.go.id/storage/icon/cuaca/cerah-pm.svg,2026-09-19T18:00:00Z
32,32.71,32.71.01,32.71.01.1006,32.71.01.1006,Jawa Barat,Kota Bogor,Bogor Selatan,Rangga Mekar,2026-09-19T12:00:00,2026-09-19 21:00:00,2026-09-20 04:00:00,8-9,23,85,0,6,1.8,SE,165,NW,,,0,Cerah,Sunny,https://api-apps.bmkg.go.id/storage/icon/cuaca/cerah-pm.svg,2026-09-19T21:00:00Z
32,32.71,32.71.01,32.71.01.1006,32.71.01.1006,Jawa Barat,Kota Bogor,Bogor Selatan,Rangga Mekar,2026-09-19T12:00:00,2026-09-20 00:00:00,2026-09-20 07:00:00,11-12,25,76,0,17,7.1,N,7,S,,,1,Cerah,Sunny,https://api-apps.bmkg.go.id/storage/icon/cuaca/cerah-am.svg,2026-09-20T00:00:00Z
32,32.71,32.71.01,32.71.01.1006,32.71.01.1006,Jawa Barat,Kota Bogor,Bogor Selatan,Rangga Mekar,2026-09-19T12:00:00,2026-09-20 03:00:00,2026-09-20 10:00:00,14-15,29,61,0.1,43,7.8,NW,353,SE,,,1,Cerah,Sunny,https://api-apps.bmkg.go.id/storage/icon/cuaca/cerah-am.svg,2026-09-20T03:00:00Z
32,32.71,32.71.01,32.71.01.1006,32.71.01.1006,Jawa Barat,Kota Bogor,Bogor Selatan,Rangga Mekar,2026-09-19T12:00:00,2026-09-20 06:00:00,2026-09-20 13:00:00,17-18,31,49,0.1,14,10.7,E,132,W,,,1,Cerah,Sunny,https://api-apps.bmkg.go.id/storage/icon/cuaca/cerah-am.svg,2026-09-20T06:00:00Z
32,32.71,32.71.01,32.71.01.1006,32.71.01.1006,Jawa Barat,Kota Bogor,Bogor Selatan,Rangga Mekar,2026-09-19T12:00:00,2026-09-20 09:00:00,2026-09-20 16:00:00,20-21,28,65,1,34,2,NW,346,SE,,,1,Cerah,Sunny,https://api-apps.bmkg.go.id/storage/icon/cuaca/cerah-am.svg,2026-09-20T09:00:00Z
32,32.71,32.71.01,32.71.01.1006,32.71.01.1006,Jawa Barat,Kota Bogor,Bogor Selatan,Rangga Mekar,2026-09-19T12:00:00,2026-09-20 12:00:00,2026-09-20 19:00:00,23-24,25,89,0,21,5.7,N,27,S,,,1,Cerah,Sunny,https://api-apps.bmkg.go.id/storage/icon/cuaca/cerah-pm.svg,2026-09-20T12:00:00Z
32,32.71,32.71.01,32.71.01.1006,32.71.01.1006,Jawa Barat,Kota Bogor,Bogor Selatan,Rangga Mekar,2026-09-19T12:00:00,2026-09-20 15:00:00,2026-09-20 22:00:00,26-27,24,92,0,40,0.8,S,220,N,,,1,Cerah,Sunny,https://api-apps.bmkg.go.id/storage/icon/cuaca/cerah-pm.svg,2026-09-20T15:00:00Z
32,32.71,32.71.01,32.71.01.1006,32.71.01.1006,Jawa Barat,Kota Bogor,Bogor Selatan,Rangga Mekar,2026-09-19T12:00:00,2026-09-20 18:00:00,2026-09-21 01:00:00,29-30,23,94,0,40,2.8,S,206,N,,,1,Cerah,Sunny,https://api-apps.bmkg.go.id/storage/icon/cuaca/cerah-pm.svg,2026-09-20T18:00:00Z
32,32.71,32.71.01,32.71.01.1006,32.71.01.1006,Jawa Barat,Kota Bogor,Bogor Selatan,Rangga Mekar,2026-09-19T12:00:00,2026-09-20 21:00:00,2026-09-21 04:00:00,32-33,23,92,0,16,3.5,SE,174,NW,,,1,Cerah,Sunny,https://api-apps.bmkg.go.id/storage/icon/cuaca/cerah-pm.svg,2026-09-20T21:00:00Z
32,32.71,32.71.01,32.71.01.1006,32.71.01.1006,Jawa Barat,Kota Bogor,Bogor Selatan,Rangga Mekar,2026-09-19T12:00:00,2026-09-21 00:00:00,2026-09-21 07:00:00,35-36,27,72,0,16,2.1,SE,138,NW,,,1,Cerah,Sunny,https://api-apps.bmkg.go.id/storage/icon/cuaca/cerah-am.svg,2026-09-21T00:00:00Z
32,32.71,32.71.01,32.71.01.1006,32.71.01.1006,Jawa Barat,Kota Bogor,Bogor Selatan,Rangga Mekar,2026-09-19T12:00:00,2026-09-21 03:00:00,2026-09-21 10:00:00,38-39,30,60,0.1,25,3.9,N,30,S,,,1,Cerah,Sunny,https://api-apps.bmkg.go.id/storage/icon/cuaca/cerah-am.svg,2026-09-21T03:00:00Z
32,32.71,32.71.01,32.71.01.1006,32.71.01.1006,Jawa Barat,Kota Bogor,Bogor Selatan,Rangga Mekar,2026-09-19T12:00:00,2026-09-21 06:00:00,2026-09-21 13:00:00,41-42,30,61,0.5,65,5.7,N,45,S,,,2,Cerah Berawan,Partly Cloudy,https://api-apps.bmkg.go.id/storage/icon/cuaca/cerah berawan-am.svg,2026-09-21T06:00:00Z
32,32.71,32.71.01,32.71.01.1006,32.71.01.1006,Jawa Barat,Kota Bogor,Bogor Selatan,Rangga Mekar,2026-09-19T12:00:00,2026-09-21 09:00:00,2026-09-21 16:00:00,44-45,26,79,0.5,53,5.7,NW,317,SE,,,1,Cerah,Sunny,https://api-apps.bmkg.go.id/storage/icon/cuaca/cerah-am.svg,2026-09-21T09:00:00Z
32,32.71,32.71.01,32.71.01.1006,32.71.01.1006,Jawa Barat,Kota Bogor,Bogor Selatan,Rangga Mekar,2026-09-19T12:00:00,2026-09-21 12:00:00,2026-09-21 19:00:00,47-48,24,93,0,58,2.6,N,39,S,,,1,Cerah,Sunny,https://api-apps.bmkg.go.id/storage/icon/cuaca/cerah-pm.svg,2026-09-21T12:00:00Z
32,32.71,32.71.01,32.71.01.1006,32.71.01.1006,Jawa Barat,Kota Bogor,Bogor Selatan,Rangga Mekar,2026-09-19T12:00:00,2026-09-21 15:00:00,2026-09-21 22:00:00,50-51,23,94,0,32,4,SE,158,NW,,,1,Cerah,Sunny,https://api-apps.bmkg.go.id/storage/icon/cuaca/cerah-pm.svg,2026-09-21T15:00:00Z
32,32.71,32.71.01,32.71.01.1007,32.71.01.1007,Jawa Barat,Kota Bogor,Bogor Selatan,Mulya Harja,2026-09-19T12:00:00,2026-09-19 16:00:00,2026-09-19 23:00:00,3-4,22,86,0,18,4.9,SE,146,NW,,,1,Cerah,Sunny,https://api-apps.bmkg.go.id/storage/icon/cuaca/cerah-pm.svg,2026-09-19T16:00:00Z
32,32.71,32.71.01,32.71.01.1007,32.71.01.1007,Jawa Barat,Kota Bogor,Bogor Selatan,Mulya Harja,2026-09-19T12:00:00,2026-09-19 19:00:00,2026-09-20 02:00:00,6-7,22,88,0,15,0.4,SE,156,NW,,,1,Cerah,Sunny,https://api-apps.bmkg.go.id/storage/icon/cuaca/cerah-pm.svg,2026-09-19T19:00:00Z
32,32.71,32.71.01,32.71.01.1007,32.71.01.1007,Jawa Barat,Kota Bogor,Bogor Selatan,Mulya Harja,2026-09-19T12:00:00,2026-09-19 22:00:00,2026-09-20 05:00:00,9-10,22,87,0,8,7,N,7,S,,,0,Cerah,Sunny,https://api-apps.bmkg.go.id/storage/icon/cuaca/cerah-pm.svg,2026-09-19T22:00:00Z
32,32.71,32.71.01,32.71.01.1007,32.71.01.1007,Jawa Barat,Kota Bogor,Bogor Selatan,Mulya Harja,2026-09-19T12:00:00,2026-09-20 01:00:00,2026-09-20 08:00:00,12-13,28,65,0,9,6.7,NW,341,SE,,,0,Cerah,Sunny,https://api-apps.bmkg.go.id/storage/icon/cuaca/cerah-am.svg,2026-09-20T01:00:00Z
32,32.71,32.71.01,32.71.01.1007,32.71.01.1007,Jawa Barat,Kota Bogor,Bogor Selatan,Mulya Harja,2026-09-19T12:00:00,2026-09-20 04:00:00,2026-09-20 11:00:00,15-16,28,67,0.5,49,6.8,NE,82,SW,,,1,Cerah,Sunny,https://api-apps.bmkg.go.id/storage/icon/cuaca/cerah-am.svg,2026-09-20T04:00:00Z
32,32.71,32.71.01,32.71.01.1007,32.71.01.1007,Jawa Barat,Kota Bogor,Bogor Selatan,Mulya Harja,2026-09-19T12:00:00,2026-09-20 07:00:00,2026-09-20 14:00:00,18-19,31,51,0.1,25,4,S,206,N,,,1,Cerah,Sunny,https://api-apps.bmkg.go.id/storage/icon/cuaca/cerah-am.svg,2026-09-20T07:00:00Z
32,32.71,32.71.01,32.71.01.1007,32.71.01.1007,Jawa Barat,Kota Bogor,Bogor Selatan,Mulya Harja,2026-09-19T12:00:00,2026-09-20 10:00:00,2026-09-20 17:00:00,21-22,26,78,0.9,29,1.2,NE,57,SW,,,1,Cerah,Sunny,https://api-apps.bmkg.go.id/storage/icon/cuaca/cerah-am.svg,2026-09-20T10:00:00Z
32,32.71,32.71.01,32.71.01.1007,32.71.01.1007,Jawa Barat,Kota Bogor,Bogor Selatan,Mulya Harja,2026-09-19T12:00:00,2026-09-20 13:00:00,2026-09-20 20:00:00,24-25,24,93,0,60,3.5,N,27,S,,,1,Cerah,Sunny,https://api-apps.bmkg.go.id/storage/icon/cuaca/cerah-pm.svg,2026-09-20T13:00:00Z
32,32.71,32.71.01,32.71.01.1007,32.71.01.1007,Jawa Barat,Kota Bogor,Bogor Selatan,Mulya Harja,2026-09-19T12:00:00,2026-09-20 16:00:00,2026-09-20 23:00:00,27-28,23,95,0,54,1,N,19,S,,,1,Cerah,Sunny,https://api-apps.bmkg.go.id/storage/icon/cuaca/cerah-pm.svg,2026-09-20T16:00:00Z
32,32.71,32.71.01,32.71.01.1007,32.71.01.1007,Jawa Barat,Kota Bogor,Bogor Selatan,Mulya Harja,2026-09-19T12:00:00,2026-09-20 19:00:00,2026-09-21 02:00:00,30-31,22,96,0,60,2.8,E,128,W,,,2,Cerah Berawan,Partly Cloudy,https://api-apps.bmkg.go.id/storage/icon/cuaca/cerah berawan-pm.svg,2026-09-20T19:00:00Z
32,32.71,32.71.01,32.71.01.1007,32.71.01.1007,Jawa Barat,Kota Bogor,Bogor Selatan,Mulya Harja,2026-09-19T12:00:00,2026-09-20 22:00:00,2026-09-21 05:00:00,33-34,22,93,0,25,2.1,SE,170,NW,,,1,Cerah,Sunny,https://api-apps.bmkg.go.id/storage/icon/cuaca/cerah-pm.svg,2026-09-20T22:00:00Z
32,32.71,32.71.01,32.71.01.1007,32.71.01.1007,Jawa Barat,Kota Bogor,Bogor Selatan,Mulya Harja,2026-09-19T12:00:00,2026-09-21 01:00:00,2026-09-21 08:00:00,36-37,27,67,0,39,7.7,NW,351,SE,,,1,Cerah,Sunny,https://api-apps.bmkg.go.id/storage/icon/cuaca/cerah-am.svg,2026-09-21T01:00:00Z
32,32.71,32.71.01,32.71.01.1007,32.71.01.1007,Jawa Barat,Kota Bogor,Bogor Selatan,Mulya Harja,2026-09-19T12:00:00,2026-09-21 04:00:00,2026-09-21 11:00:00,39-40,30,58,0.1,49,7.5,NE,62,SW,,,1,Cerah,Sunny,https://api-apps.bmkg.go.id/storage/icon/cuaca/cerah-am.svg,2026-09-21T04:00:00Z
32,32.71,32.71.01,32.71.01.1007,32.71.01.1007,Jawa Barat,Kota Bogor,Bogor Selatan,Mulya Harja,2026-09-19T12:00:00,2026-09-21 07:00:00,2026-09-21 14:00:00,42-43,28,70,0.6,92,3,SW,254,NE,,,3,Berawan,Mostly Cloudy,https://api-apps.bmkg.go.id/storage/icon/cuaca/berawan-am.svg,2026-09-21T07:00:00Z
32,32.71,32.71.01,32.71.01.1007,32.71.01.1007,Jawa Barat,Kota Bogor,Bogor Selatan,Mulya Harja,2026-09-19T12:00:00,2026-09-21 10:00:00,2026-09-21 17:00:00,45-46,24,88,0.4,22,3.8,SE,156,NW,,,1,Cerah,Sunny,https://api-apps.bmkg.go.id/storage/icon/cuaca/cerah-am.svg,2026-09-21T10:00:00Z
32,32.71,32.71.01,32.71.01.1007,32.71.01.1007,Jawa Barat,Kota Bogor,Bogor Selatan,Mulya Harja,2026-09-19T12:00:00,2026-09-21 13:00:00,2026-09-21 20:00:00,48-49,23,95,0,47,5.9,SE,148,NW,,,1,Cerah,Sunny,https://api-apps.bmkg.go.id/storage/icon/cuaca/cerah-pm.svg,2026-09-21T13:00:00Z
32,32.71,32.71.01,32.71.01.1007,32.71.01.1007,Jawa Barat,Kota Bogor,Bogor Selatan,Mulya Harja,2026-09-19T12:00:00,2026-09-21 16:00:00,2026-09-21 23:00:00,51-52,22,93,0,30,4.9,SE,141,NW,,,1,Cerah,Sunny,https://api-apps.bmkg.go.id/storage/icon/cuaca/cerah-pm.svg,2026-09-21T16:00:00Z
32,32.71,32.71.01,32.71.01.1008,32.71.01.1008,Jawa Barat,Kota Bogor,Bogor Selatan,Cikaret,2026-09-19T12:00:00,2026-09-19 16:00:00,2026-09-19 23:00:00,3-4,23,84,0,20,5,SE,175,NW,,,1,Cerah,Sunny,https://api-apps.bmkg.go.id/storage/icon/cuaca/cerah-pm.svg,2026-09-19T16:00:00Z
32,32.71,32.71.01,32.71.01.1008,32.71.01.1008,Jawa Barat,Kota Bogor,Bogor Selatan,Cikaret,2026-09-19T12:00:00,2026-09-19 19:00:00,2026-09-20 02:00:00,6-7,23,87,0,19,1.8,SE,165,NW,,,1,Cerah,Sunny,https://api-apps.bmkg.go.id/storage/icon/cuaca/cerah-pm.svg,2026-09-19T19:00:00Z
32,32.71,32.71.01,32.71.01.1008,32.71.01.1008,Jawa Barat,Kota Bogor,Bogor Selatan,Cikaret,2026-09-19T12:00:00,2026-09-19 22:00:00,2026-09-20 05:00:00,9-10,23,86,0,10,7.1,N,7,S,,,1,Cerah,Sunny,https://api-apps.bmkg.go.id/storage/icon/cuaca/cerah-pm.svg,2026-09-19T22:00:00Z
32,32.71,32.71.01,32.71.01.1008,32.71.01.1008,Jawa Barat,Kota Bogor,Bogor Selatan,Cikaret,2026-09-19T12:00:00,2026-09-20 01:00:00,2026-09-20 08:00:00,12-13,28,65,0,10,7.8,NW,353,SE,,,1,Cerah,Sunny,https://api-apps.bmkg.go.id/storage/icon/cuaca/cerah-am.svg,2026-09-20T01:00:00Z
32,32.71,32.71.01,32.71.01.1008,32.71.01.1008,Jawa Barat,Kota Bogor,Bogor Selatan,Cikaret,2026-09-19T12:00:00,2026-09-20 04:00:00,2026-09-20 11:00:00,15-16,29,64,0.1,47,10.7,E,132,W,,,1,Cerah,Sunny,https://api-apps.bmkg.go.id/storage/icon/cuaca/cerah-am.svg,2026-09-20T04:00:00Z
32,32.71,32.71.01,32.71.01.1008,32.71.01.1008,Jawa Barat,Kota Bogor,Bogor Selatan,Cikaret,2026-09-19T12:00:00,2026-09-20 07:00:00,2026-09-20 14:00:00,18-19,31,48,0.1,26,2,NW,346,SE,,,1,Cerah,Sunny,https://api-apps.bmkg.go.id/storage/icon/cuaca/cerah-am.svg,2026-09-20T07:00:00Z
32,32.71,32.71.01,32.71.01.1008,32.71.01.1008,Jawa Barat,Kota Bogor,Bogor Selatan,Cikaret,2026-09-19T12:00:00,2026-09-20 10:00:00,2026-09-20 17:00:00,21-22,26,76,1,27,5.7,N,27,S,,,1,Cerah,Sunny,https://api-apps.bmkg.go.id/storage/icon/cuaca/cerah-am.svg,2026-09-20T10:00:00Z
32,32.71,32.71.01,32.71.01.1008,32.71.01.1008,Jawa Barat,Kota Bogor,Bogor Selatan,Cikaret,2026-09-19T12:00:00,2026-09-20 13:00:00,2026-09-20 20:00:00,24-25,24,90,0,49,0.8,S,220,N,,,1,Cerah,Sunny,https://api-apps.bmkg.go.id/storage/icon/cuaca/cerah-pm.svg,2026-09-20T13:00:00Z
32,32.71,32.71.01,32.71.01.1008,32.71.01.1008,Jawa Barat,Kota Bogor,Bogor Selatan,Cikaret,2026-09-19T12:00:00,2026-09-20 16:00:00,2026-09-20 23:00:00,27-28,24,93,0,40,2.8,S,206,N,,,1,Cerah,Sunny,https://api-apps.bmkg.go.id/storage/icon/cuaca/cerah-pm.svg,2026-09-20T16:00:00Z
32,32.71,32.71.01,32.71.01.1008,32.71.01.1008,Jawa Barat,Kota Bogor,Bogor Selatan,Cikaret,2026-09-19T12:00:00,2026-09-20 19:00:00,2026-09-21 02:00:00,30-31,23,94,0,48,3.5,SE,174,NW,,,1,Cerah,Sunny,https://api-apps.bmkg.go.id/storage/icon/cuaca/cerah-pm.svg,2026-09-20T19:00:00Z
32,32.71,32.71.01,32.71.01.1008,32.71.01.1008,Jawa Barat,Kota Bogor,Bogor Selatan,Cikaret,2026-09-19T12:00:00,2026-09-20 22:00:00,2026-09-21 05:00:00,33-34,23,91,0,22,2.1,SE,138,NW,,,1,Cerah,Sunny,https://api-apps.bmkg.go.id/storage/icon/cuaca/cerah-pm.svg,2026-09-20T22:00:00Z
32,32.71,32.71.01,32.71.01.1008,32.71.01.1008,Jawa Barat,Kota Bogor,Bogor Selatan,Cikaret,2026-09-19T12:00:00,2026-09-21 01:00:00,2026-09-21 08:00:00,36-37,28,66,0,37,3.9,N,30,S,,,1,Cerah,Sunny,https://api-apps.bmkg.go.id/storage/icon/cuaca/cerah-am.svg,2026-09-21T01:00:00Z
32,32.71,32.71.01,32.71.01.1008,32.71.01.1008,Jawa Barat,Kota Bogor,Bogor Selatan,Cikaret,2026-09-19T12:00:00,2026-09-21 04:00:00,2026-09-21 11:00:00,39-40,31,56,0.1,31,5.7,N,45,S,,,1,Cerah,Sunny,https://api-apps.bmkg.go.id/storage/icon/cuaca/cerah-am.svg,2026-09-21T04:00:00Z
32,32.71,32.71.01,32.71.01.1008,32.71.01.1008,Jawa Barat,Kota Bogor,Bogor Selatan,Cikaret,2026-09-19T12:00:00,2026-09-21 07:00:00,2026-09-21 14:00:00,42-43,29,65,0.5,96,5.7,NW,317,SE,,,3,Berawan,Mostly Cloudy,https://api-apps.bmkg.go.id/storage/icon/cuaca/berawan-am.svg,2026-09-21T07:00:00Z
32,32.71,32.71.01,32.71.01.1008,32.71.01.1008,Jawa Barat,Kota Bogor,Bogor Selatan,Cikaret,2026-09-19T12:00:00,2026-09-21 10:00:00,2026-09-21 17:00:00,45-46,25,86,0.5,22,2.6,N,39,S,,,1,Cerah,Sunny,https://api-apps.bmkg.go.id/storage/icon/cuaca/cerah-am.svg,2026-09-21T10:00:00Z
32,32.71,32.71.01,32.71.01.1008,32.71.01.1008,Jawa Barat,Kota Bogor,Bogor Selatan,Cikaret,2026-09-19T12:00:00,2026-09-21 13:00:00,2026-09-21 20:00:00,48-49,24,94,0,51,4,SE,158,NW,,,1,Cerah,Sunny,https://api-apps.bmkg.go.id/storage/icon/cuaca/cerah-pm.svg,2026-09-21T13:00:00Z
32,32.71,32.71.01,32.71.01.1008,32.71.01.1008,Jawa Barat,Kota Bogor,Bogor Selatan,Cikaret,2026-09-19T12:00:00,2026-09-21 16:00:00,2026-09-21 23:00:00,51-52,23,92,0,26,3.8,SE,172,NW,,,1,Cerah,Sunny,https://api-apps.bmkg.go.id/storage/icon/cuaca/cerah-pm.svg,2026-09-21T16:00:00Z
32,32.71,32.71.01,32.71.01.1009,32.71.01.1009,Jawa Barat,Kota Bogor,Bogor Selatan,Bojong Kerta,2026-09-19T12:00:00,2026-09-19 16:00:00,2026-09-19 23:00:00,3-4,21,89,0,35,1.2,E,117,W,,,1,Cerah,Sunny,https://api-apps.bmkg.go.id/storage/icon/cuaca/cerah-pm.svg,2026-09-19T16:00:00Z
32,32.71,32.71.01,32.71.01.1009,32.71.01.1009,Jawa Barat,Kota Bogor,Bogor Selatan,Bojong Kerta,2026-09-19T12:00:00,2026-09-19 19:00:00,2026-09-20 02:00:00,6-7,21,89,0,14,0.6,E,103,W,,,1,Cerah,Sunny,https://api-apps.bmkg.go.id/storage/icon/cuaca/cerah-pm.svg,2026-09-19T19:00:00Z
32,32.71,32.71.01,32.71.01.1009,32.71.01.1009,Jawa Barat,Kota Bogor,Bogor Selatan,Bojong Kerta,2026-09-19T12:00:00,2026-09-19 22:00:00,2026-09-20 05:00:00,9-10,21,88,0,8,5.7,NW,357,SE,,,0,Cerah,Sunny,https://api-apps.bmkg.go.id/storage/icon/cuaca/cerah-pm.svg,2026-09-19T22:00:00Z
32,32.71,32.71.01,32.71.01.1009,32.71.01.1009,Jawa Barat,Kota Bogor,Bogor Selatan,Bojong Kerta,2026-09-19T12:00:00,2026-09-20 01:00:00,2026-09-20 08:00:00,12-13,26,70,0,14,5.8,NW,340,SE,,,1,Cerah,Sunny,https://api-apps.bmkg.go.id/storage/icon/cuaca/cerah-am.svg,2026-09-20T01:00:00Z
32,32.71,32.71.01,32.71.01.1009,32.71.01.1009,Jawa Barat,Kota Bogor,Bogor Selatan,Bojong Kerta,2026-09-19T12:00:00,2026-09-20 04:00:00,2026-09-20 11:00:00,15-16,25,79,0.1,65,4.3,E,126,W,,,2,Cerah Berawan,Partly Cloudy,https://api-apps.bmkg.go.id/storage/icon/cuaca/cerah berawan-am.svg,2026-09-20T04:00:00Z
32,32.71,32.71.01,32.71.01.1009,32.71.01.1009,Jawa Barat,Kota Bogor,Bogor Selatan,Bojong Kerta,2026-09-19T12:00:00,2026-09-20 07:00:00,2026-09-20 14:00:00,18-19,28,64,0.4,33,5.2,S,191,N,,,1,Cerah,Sunny,https://api-apps.bmkg.go.id/storage/icon/cuaca/cerah-am.svg,2026-09-20T07:00:00Z
32,32.71,32.71.01,32.71.01.1009,32.71.01.1009,Jawa Barat,Kota Bogor,Bogor Selatan,Bojong Kerta,2026-09-19T12:00:00,2026-09-20 10:00:00,2026-09-20 17:00:00,21-22,24,86,1.3,37,0.8,E,115,W,,,61,Hujan Ringan,Light Rain,https://api-apps.bmkg.go.id/storage/icon/cuaca/hujan ringan-am.svg,2026-09-20T10:00:00Z
32,32.71,32.71.01,32.71.01.1009,32.71.01.1009,Jawa Barat,Kota Bogor,Bogor Selatan,Bojong Kerta,2026-09-19T12:00:00,2026-09-20 13:00:00,2026-09-20 20:00:00,24-25,22,96,0,75,2.6,N,44,S,,,2,Cerah Berawan,Partly Cloudy,https://api-apps.bmkg.go.id/storage/icon/cuaca/cerah berawan-pm.svg,2026-09-20T13:00:00Z
32,32.71,32.71.01,32.71.01.1009,32.71.01.1009,Jawa Barat,Kota Bogor,Bogor Selatan,Bojong Kerta,2026-09-19T12:00:00,2026-09-20 16:00:00,2026-09-20 23:00:00,27-28,21,97,0,67,1.2,N,39,S,,,2,Cerah Berawan,Partly Cloudy,https://api-apps.bmkg.go.id/storage/icon/cuaca/cerah berawan-pm.svg,2026-09-20T16:00:00Z
32,32.71,32.71.01,32.71.01.1009,32.71.01.1009,Jawa Barat,Kota Bogor,Bogor Selatan,Bojong Kerta,2026-09-19T12:00:00,2026-09-20 19:00:00,2026-09-21 02:00:00,30-31,20,97,0,68,1.8,E,120,W,,,2,Cerah Berawan,Partly Cloudy,https://api-apps.bmkg.go.id/storage/icon/cuaca/cerah berawan-pm.svg,2026-09-20T19:00:00Z
32,32.71,32.71.01,32.71.01.1009,32.71.01.1009,Jawa Barat,Kota Bogor,Bogor Selatan,Bojong Kerta,2026-09-19T12:00:00,2026-09-20 22:00:00,2026-09-21 05:00:00,33-34,20,94,0,46,0.9,SE,137,NW,,,1,Cerah,Sunny,https://api-apps.bmkg.go.id/storage/icon/cuaca/cerah-pm.svg,2026-09-20T22:00:00Z
32,32.71,32.71.01,32.71.01.1009,32.71.01.1009,Jawa Barat,Kota Bogor,Bogor Selatan,Bojong Kerta,2026-09-19T12:00:00,2026-09-21 01:00:00,2026-09-21 08:00:00,36-37,25,73,0,47,6.6,NW,340,SE,,,1,Cerah,Sunny,https://api-apps.bmkg.go.id/storage/icon/cuaca/cerah-am.svg,2026-09-21T01:00:00Z
32,32.71,32.71.01,32.71.01.1009,32.71.01.1009,Jawa Barat,Kota Bogor,Bogor Selatan,Bojong Kerta,2026-09-19T12:00:00,2026-09-21 04:00:00,2026-09-21 11:00:00,39-40,28,64,0.8,74,0.8,NE,64,SW,,,2,Cerah Berawan,Partly Cloudy,https://api-apps.bmkg.go.id/storage/icon/cuaca/cerah berawan-am.svg,2026-09-21T04:00:00Z
32,32.71,32.71.01,32.71.01.1009,32.71.01.1009,Jawa Barat,Kota Bogor,Bogor Selatan,Bojong Kerta,2026-09-19T12:00:00,2026-09-21 07:00:00,2026-09-21 14:00:00,42-43,26,76,1,88,2.7,SW,262,NE,,,61,Hujan Ringan,Light Rain,https://api-apps.bmkg.go.id/storage/icon/cuaca/hujan ringan-am.svg,2026-09-21T07:00:00Z
32,32.71,32.71.01,32.71.01.1009,32.71.01.1009,Jawa Barat,Kota Bogor,Bogor Selatan,Bojong Kerta,2026-09-19T12:00:00,2026-09-21 10:00:00,2026-09-21 17:00:00,45-46,22,94,1,47,1.8,SE,147,NW,,,1,Cerah,Sunny,https://api-apps.bmkg.go.id/storage/icon/cuaca/cerah-am.svg,2026-09-21T10:00:00Z
32,32.71,32.71.01,32.71.01.1009,32.71.01.1009,Jawa Barat,Kota Bogor,Bogor Selatan,Bojong Kerta,2026-09-19T12:00:00,2026-09-21 13:00:00,2026-09-21 20:00:00,48-49,21,97,0,54,2.1,E,122,W,,,1,Cerah,Sunny,https://api-apps.bmkg.go.id/storage/icon/cuaca/cerah-pm.svg,2026-09-21T13:00:00Z
32,32.71,32.71.01,32.71.01.1009,32.71.01.1009,Jawa Barat,Kota Bogor,Bogor Selatan,Bojong Kerta,2026-09-19T12:00:00,2026-09-21 16:00:00,2026-09-21 23:00:00,51-52,21,95,0,46,1.5,E,122,W,,,1,Cerah,Sunny,https://api-apps.bmkg.go.id/storage/icon/cuaca/cerah-pm.svg,2026-09-21T16:00:00Z
32,32.71,32.71.01,32.71.01.1010,32.71.01.1010,Jawa Barat,Kota Bogor,Bogor Selatan,Rancamaya,2026-09-19T12:00:00,2026-09-19 16:00:00,2026-09-19 23:00:00,3-4,21,88,0,25,4.9,SE,146,NW,,,1,Cerah,Sunny,https://api-apps.bmkg.go.id/storage/icon/cuaca/cerah-pm.svg,2026-09-19T16:00:00Z
32,32.71,32.71.01,32.71.01.1010,32.71.01.1010,Jawa Barat,Kota Bogor,Bogor Selatan,Rancamaya,2026-09-19T12:00:00,2026-09-19 19:00:00,2026-09-20 02:00:00,6-7,21,89,0,13,0.4,SE,156,NW,,,1,Cerah,Sunny,https://api-apps.bmkg.go.id/storage/icon/cuaca/cerah-pm.svg,2026-09-19T19:00:00Z
32,32.71,32.71.01,32.71.01.1010,32.71.01.1010,Jawa Barat,Kota Bogor,Bogor Selatan,Rancamaya,2026-09-19T12:00:00,2026-09-19 22:00:00,2026-09-20 05:00:00,9-10,21,88,0,7,7,N,7,S,,,0,Cerah,Sunny,https://api-apps.bmkg.go.id/storage/icon/cuaca/cerah-pm.svg,2026-09-19T22:00:00Z
32,32.71,32.71.01,32.71.01.1010,32.71.01.1010,Jawa Barat,Kota Bogor,Bogor Selatan,Rancamaya,2026-09-19T12:00:00,2026-09-20 01:00:00,2026-09-20 08:00:00,12-13,26,67,0,11,6.7,NW,341,SE,,,1,Cerah,Sunny,https://api-apps.bmkg.go.id/storage/icon/cuaca/cerah-am.svg,2026-09-20T01:00:00Z
32,32.71,32.71.01,32.71.01.1010,32.71.01.1010,Jawa Barat,Kota Bogor,Bogor Selatan,Rancamaya,2026-09-19T12:00:00,2026-09-20 04:00:00,2026-09-20 11:00:00,15-16,26,75,0.5,58,6.8,NE,82,SW,,,1,Cerah,Sunny,https://api-apps.bmkg.go.id/storage/icon/cuaca/cerah-am.svg,2026-09-20T04:00:00Z
32,32.71,32.71.01,32.71.01.1010,32.71.01.1010,Jawa Barat,Kota Bogor,Bogor Selatan,Rancamaya,2026-09-19T12:00:00,2026-09-20 07:00:00,2026-09-20 14:00:00,18-19,29,58,0.3,28,4,S,206,N,,,1,Cerah,Sunny,https://api-apps.bmkg.go.id/storage/icon/cuaca/cerah-am.svg,2026-09-20T07:00:00Z
32,32.71,32.71.01,32.71.01.1010,32.71.01.1010,Jawa Barat,Kota Bogor,Bogor Selatan,Rancamaya,2026-09-19T12:00:00,2026-09-20 10:00:00,2026-09-20 17:00:00,21-22,24,84,1.1,34,1.2,NE,57,SW,,,61,Hujan Ringan,Light Rain,https://api-apps.bmkg.go.id/storage/icon/cuaca/hujan ringan-am.svg,2026-09-20T10:00:00Z
32,32.71,32.71.01,32.71.01.1010,32.71.01.1010,Jawa Barat,Kota Bogor,Bogor Selatan,Rancamaya,2026-09-19T12:00:00,2026-09-20 13:00:00,2026-09-20 20:00:00,24-25,22,95,0,72,3.5,N,27,S,,,2,Cerah Berawan,Partly Cloudy,https://api-apps.bmkg.go.id/storage/icon/cuaca/cerah berawan-pm.svg,2026-09-20T13:00:00Z
32,32.71,32.71.01,32.71.01.1010,32.71.01.1010,Jawa Barat,Kota Bogor,Bogor Selatan,Rancamaya,2026-09-19T12:00:00,2026-09-20 16:00:00,2026-09-20 23:00:00,27-28,22,97,0,68,1,N,19,S,,,2,Cerah Berawan,Partly Cloudy,https://api-apps.bmkg.go.id/storage/icon/cuaca/cerah berawan-pm.svg,2026-09-20T16:00:00Z
32,32.71,32.71.01,32.71.01.1010,32.71.01.1010,Jawa Barat,Kota Bogor,Bogor Selatan,Rancamaya,2026-09-19T12:00:00,2026-09-20 19:00:00,2026-09-21 02:00:00,30-31,21,97,0,71,2.8,E,128,W,,,2,Cerah Berawan,Partly Cloudy,https://api-apps.bmkg.go.id/storage/icon/cuaca/cerah berawan-pm.svg,2026-09-20T19:00:00Z
32,32.71,32.71.01,32.71.01.1010,32.71.01.1010,Jawa Barat,Kota Bogor,Bogor Selatan,Rancamaya,2026-09-19T12:00:00,2026-09-20 22:00:00,2026-09-21 05:00:00,33-34,21,94,0,37,2.1,SE,170,NW,,,1,Cerah,Sunny,https://api-apps.bmkg.go.id/storage/icon/cuaca/cerah-pm.svg,2026-09-20T22:00:00Z
32,32.71,32.71.01,32.71.01.1010,32.71.01.1010,Jawa Barat,Kota Bogor,Bogor Selatan,Rancamaya,2026-09-19T12:00:00,2026-09-21 01:00:00,2026-09-21 08:00:00,36-37,26,71,0,44,7.7,NW,351,SE,,,1,Cerah,Sunny,https://api-apps.bmkg.go.id/storage/icon/cuaca/cerah-am.svg,2026-09-21T01:00:00Z
32,32.71,32.71.01,32.71.01.1010,32.71.01.1010,Jawa Barat,Kota Bogor,Bogor Selatan,Rancamaya,2026-09-19T12:00:00,2026-09-21 04:00:00,2026-09-21 11:00:00,39-40,29,61,0.5,70,7.5,NE,62,SW,,,2,Cerah Berawan,Partly Cloudy,https://api-apps.bmkg.go.id/storage/icon/cuaca/cerah berawan-am.svg,2026-09-21T04:00:00Z
32,32.71,32.71.01,32.71.01.1010,32.71.01.1010,Jawa Barat,Kota Bogor,Bogor Selatan,Rancamaya,2026-09-19T12:00:00,2026-09-21 07:00:00,2026-09-21 14:00:00,42-43,26,75,0.9,88,3,SW,254,NE,,,2,Cerah Berawan,Partly Cloudy,https://api-apps.bmkg.go.id/storage/icon/cuaca/cerah berawan-am.svg,2026-09-21T07:00:00Z
32,32.71,32.71.01,32.71.01.1010,32.71.01.1010,Jawa Barat,Kota Bogor,Bogor Selatan,Rancamaya,2026-09-19T12:00:00,2026-09-21 10:00:00,2026-09-21 17:00:00,45-46,23,92,0.9,34,3.8,SE,156,NW,,,1,Cerah,Sunny,https://api-apps.bmkg.go.id/storage/icon/cuaca/cerah-am.svg,2026-09-21T10:00:00Z
32,32.71,32.71.01,32.71.01.1010,32.71.01.1010,Jawa Barat,Kota Bogor,Bogor Selatan,Rancamaya,2026-09-19T12:00:00,2026-09-21 13:00:00,2026-09-21 20:00:00,48-49,22,96,0,49,5.9,SE,148,NW,,,1,Cerah,Sunny,https://api-apps.bmkg.go.id/storage/icon/cuaca/cerah-pm.svg,2026-09-21T13:00:00Z
32,32.71,32.71.01,32.71.01.1010,32.71.01.1010,Jawa Barat,Kota Bogor,Bogor Selatan,Rancamaya,2026-09-19T12:00:00,2026-09-21 16:00:00,2026-09-21 23:00:00,51-52,21,94,0,40,4.9,SE,141,NW,,,1,Cerah,Sunny,https://api-apps.bmkg.go.id/storage/icon/cuaca/cerah-pm.svg,2026-09-21T16:00:00Z
32,32.71,32.71.01,32.71.01.1011,32.71.01.1011,Jawa Barat,Kota Bogor,Bogor Selatan,Kertamaya,2026-09-19T12:00:00,2026-09-19 16:00:00,2026-09-19 23:00:00,3-4,22,87,0,26,4.9,SE,146,NW,,,1,Cerah,Sunny,https://api-apps.bmkg.go.id/storage/icon/cuaca/cerah-pm.svg,2026-09-19T16:00:00Z
32,32.71,32.71.01,32.71.01.1011,32.71.01.1011,Jawa Barat,Kota Bogor,Bogor Selatan,Kertamaya,2026-09-19T12:00:00,2026-09-19 19:00:00,2026-09-20 02:00:00,6-7,22,88,0,15,0.4,SE,156,NW,,,1,Cerah,Sunny,https://api-apps.bmkg.go.id/storage/icon/cuaca/cerah-pm.svg,2026-09-19T19:00:00Z
32,32.71,32.71.01,32.71.01.1011,32.71.01.1011,Jawa Barat,Kota Bogor,Bogor Selatan,Kertamaya,2026-09-19T12:00:00,2026-09-19 22:00:00,2026-09-20 05:00:00,9-10,22,87,0,9,7,N,7,S,,,0,Cerah,Sunny,https://api-apps.bmkg.go.id/storage/icon/cuaca/cerah-pm.svg,2026-09-19T22:00:00Z
32,32.71,32.71.01,32.71.01.1011,32.71.01.1011,Jawa Barat,Kota Bogor,Bogor Selatan,Kertamaya,2026-09-19T12:00:00,2026-09-20 01:00:00,2026-09-20 08:00:00,12-13,27,66,0,12,6.7,NW,341,SE,,,1,Cerah,Sunny,https://api-apps.bmkg.go.id/storage/icon/cuaca/cerah-am.svg,2026-09-20T01:00:00Z
32,32.71,32.71.01,32.71.01.1011,32.71.01.1011,Jawa Barat,Kota Bogor,Bogor Selatan,Kertamaya,2026-09-19T12:00:00,2026-09-20 04:00:00,2026-09-20 11:00:00,15-16,27,71,0.2,55,6.8,NE,82,SW,,,1,Cerah,Sunny,https://api-apps.bmkg.go.id/storage/icon/cuaca/cerah-am.svg,2026-09-20T04:00:00Z
32,32.71,32.71.01,32.71.01.1011,32.71.01.1011,Jawa Barat,Kota Bogor,Bogor Selatan,Kertamaya,2026-09-19T12:00:00,2026-09-20 07:00:00,2026-09-20 14:00:00,18-19,30,55,0.2,28,4,S,206,N,,,1,Cerah,Sunny,https://api-apps.bmkg.go.id/storage/icon/cuaca/cerah-am.svg,2026-09-20T07:00:00Z
32,32.71,32.71.01,32.71.01.1011,32.71.01.1011,Jawa Barat,Kota Bogor,Bogor Selatan,Kertamaya,2026-09-19T12:00:00,2026-09-20 10:00:00,2026-09-20 17:00:00,21-22,25,82,0.8,31,1.2,NE,57,SW,,,1,Cerah,Sunny,https://api-apps.bmkg.go.id/storage/icon/cuaca/cerah-am.svg,2026-09-20T10:00:00Z
32,32.71,32.71.01,32.71.01.1011,32.71.01.1011,Jawa Barat,Kota Bogor,Bogor Selatan,Kertamaya,2026-09-19T12:00:00,2026-09-20 13:00:00,2026-09-20 20:00:00,24-25,23,93,0,64,3.5,N,27,S,,,2,Cerah Berawan,Partly Cloudy,https://api-apps.bmkg.go.id/storage/icon/cuaca/cerah berawan-pm.svg,2026-09-20T13:00:00Z
32,32.71,32.71.01,32.71.01.1011,32.71.01.1011,Jawa Barat,Kota Bogor,Bogor Selatan,Kertamaya,2026-09-19T12:00:00,2026-09-20 16:00:00,2026-09-20 23:00:00,27-28,22,95,0,54,1,N,19,S,,,1,Cerah,Sunny,https://api-apps.bmkg.go.id/storage/icon/cuaca/cerah-pm.svg,2026-09-20T16:00:00Z
32,32.71,32.71.01,32.71.01.1011,32.71.01.1011,Jawa Barat,Kota Bogor,Bogor Selatan,Kertamaya,2026-09-19T12:00:00,2026-09-20 19:00:00,2026-09-21 02:00:00,30-31,22,96,0,60,2.8,E,128,W,,,1,Cerah,Sunny,https://api-apps.bmkg.go.id/storage/icon/cuaca/cerah-pm.svg,2026-09-20T19:00:00Z
32,32.71,32.71.01,32.71.01.1011,32.71.01.1011,Jawa Barat,Kota Bogor,Bogor Selatan,Kertamaya,2026-09-19T12:00:00,2026-09-20 22:00:00,2026-09-21 05:00:00,33-34,22,93,0,32,2.1,SE,170,NW,,,1,Cerah,Sunny,https://api-apps.bmkg.go.id/storage/icon/cuaca/cerah-pm.svg,2026-09-20T22:00:00Z
32,32.71,32.71.01,32.71.01.1011,32.71.01.1011,Jawa Barat,Kota Bogor,Bogor Selatan,Kertamaya,2026-09-19T12:00:00,2026-09-21 01:00:00,2026-09-21 08:00:00,36-37,27,69,0,41,7.7,NW,351,SE,,,1,Cerah,Sunny,https://api-apps.bmkg.go.id/storage/icon/cuaca/cerah-am.svg,2026-09-21T01:00:00Z
32,32.71,32.71.01,32.71.01.1011,32.71.01.1011,Jawa Barat,Kota Bogor,Bogor Selatan,Kertamaya,2026-09-19T12:00:00,2026-09-21 04:00:00,2026-09-21 11:00:00,39-40,30,60,0.3,53,7.5,NE,62,SW,,,1,Cerah,Sunny,https://api-apps.bmkg.go.id/storage/icon/cuaca/cerah-am.svg,2026-09-21T04:00:00Z
32,32.71,32.71.01,32.71.01.1011,32.71.01.1011,Jawa Barat,Kota Bogor,Bogor Selatan,Kertamaya,2026-09-19T12:00:00,2026-09-21 07:00:00,2026-09-21 14:00:00,42-43,27,71,0.7,91,3,SW,254,NE,,,3,Berawan,Mostly Cloudy,https://api-apps.bmkg.go.id/storage/icon/cuaca/berawan-am.svg,2026-09-21T07:00:00Z
32,32.71,32.71.01,32.71.01.1011,32.71.01.1011,Jawa Barat,Kota Bogor,Bogor Selatan,Kertamaya,2026-09-19T12:00:00,2026-09-21 10:00:00,2026-09-21 17:00:00,45-46,24,90,0.7,31,3.8,SE,156,NW,,,1,Cerah,Sunny,https://api-apps.bmkg.go.id/storage/icon/cuaca/cerah-am.svg,2026-09-21T10:00:00Z
32,32.71,32.71.01,32.71.01.1011,32.71.01.1011,Jawa Barat,Kota Bogor,Bogor Selatan,Kertamaya,2026-09-19T12:00:00,2026-09-21 13:00:00,2026-09-21 20:00:00,48-49,23,95,0,49,5.9,SE,148,NW,,,1,Cerah,Sunny,https://api-apps.bmkg.go.id/storage/icon/cuaca/cerah-pm.svg,2026-09-21T13:00:00Z
32,32.71,32.71.01,32.71.01.1011,32.71.01.1011,Jawa Barat,Kota Bogor,Bogor Selatan,Kertamaya,2026-09-19T12:00:00,2026-09-21 16:00:00,2026-09-21 23:00:00,51-52,22,93,0,35,4.9,SE,141,NW,,,1,Cerah,Sunny,https://api-apps.bmkg.go.id/storage/icon/cuaca/cerah-pm.svg,2026-09-21T16:00:00Z
32,32.71,32.71.01,32.71.01.1012,32.71.01.1012,Jawa Barat,Kota Bogor,Bogor Selatan,Harjasari,2026-09-19T12:00:00,2026-09-19 16:00:00,2026-09-19 23:00:00,3-4,22,88,0,34,1.2,E,117,W,,,1,Cerah,Sunny,https://api-apps.bmkg.go.id/storage/icon/cuaca/cerah-pm.svg,2026-09-19T16:00:00Z
32,32.71,32.71.01,32.71.01.1012,32.71.01.1012,Jawa Barat,Kota Bogor,Bogor Selatan,Harjasari,2026-09-19T12:00:00,2026-09-19 19:00:00,2026-09-20 02:00:00,6-7,22,88,0,16,0.6,E,103,W,,,1,Cerah,Sunny,https://api-apps.bmkg.go.id/storage/icon/cuaca/cerah-pm.svg,2026-09-19T19:00:00Z
32,32.71,32.71.01,32.71.01.1012,32.71.01.1012,Jawa Barat,Kota Bogor,Bogor Selatan,Harjasari,2026-09-19T12:00:00,2026-09-19 22:00:00,2026-09-20 05:00:00,9-10,22,87,0,10,5.7,NW,357,SE,,,0,Cerah,Sunny,https://api-apps.bmkg.go.id/storage/icon/cuaca/cerah-pm.svg,2026-09-19T22:00:00Z
32,32.71,32.71.01,32.71.01.1012,32.71.01.1012,Jawa Barat,Kota Bogor,Bogor Selatan,Harjasari,2026-09-19T12:00:00,2026-09-20 01:00:00,2026-09-20 08:00:00,12-13,26,68,0,15,5.8,NW,340,SE,,,1,Cerah,Sunny,https://api-apps.bmkg.go.id/storage/icon/cuaca/cerah-am.svg,2026-09-20T01:00:00Z
32,32.71,32.71.01,32.71.01.1012,32.71.01.1012,Jawa Barat,Kota Bogor,Bogor Selatan,Harjasari,2026-09-19T12:00:00,2026-09-20 04:00:00,2026-09-20 11:00:00,15-16,26,75,0,62,4.3,E,126,W,,,2,Cerah Berawan,Partly Cloudy,https://api-apps.bmkg.go.id/storage/icon/cuaca/cerah berawan-am.svg,2026-09-20T04:00:00Z
32,32.71,32.71.01,32.71.01.1012,32.71.01.1012,Jawa Barat,Kota Bogor,Bogor Selatan,Harjasari,2026-09-19T12:00:00,2026-09-20 07:00:00,2026-09-20 14:00:00,18-19,29,60,0.4,31,5.2,S,191,N,,,1,Cerah,Sunny,https://api-apps.bmkg.go.id/storage/icon/cuaca/cerah-am.svg,2026-09-20T07:00:00Z
32,32.71,32.71.01,32.71.01.1012,32.71.01.1012,Jawa Barat,Kota Bogor,Bogor Selatan,Harjasari,2026-09-19T12:00:00,2026-09-20 10:00:00,2026-09-20 17:00:00,21-22,24,85,1,33,0.8,E,115,W,,,1,Cerah,Sunny,https://api-apps.bmkg.go.id/storage/icon/cuaca/cerah-am.svg,2026-09-20T10:00:00Z
32,32.71,32.71.01,32.71.01.1012,32.71.01.1012,Jawa Barat,Kota Bogor,Bogor Selatan,Harjasari,2026-09-19T12:00:00,2026-09-20 13:00:00,2026-09-20 20:00:00,24-25,23,93,0,68,2.6,N,44,S,,,2,Cerah Berawan,Partly Cloudy,https://api-apps.bmkg.go.id/storage/icon/cuaca/cerah berawan-pm.svg,2026-09-20T13:00:00Z
32,32.71,32.71.01,32.71.01.1012,32.71.01.1012,Jawa Barat,Kota Bogor,Bogor Selatan,Harjasari,2026-09-19T12:00:00,2026-09-20 16:00:00,2026-09-20 23:00:00,27-28,22,95,0,54,1.2,N,39,S,,,1,Cerah,Sunny,https://api-apps.bmkg.go.id/storage/icon/cuaca/cerah-pm.svg,2026-09-20T16:00:00Z
32,32.71,32.71.01,32.71.01.1012,32.71.01.1012,Jawa Barat,Kota Bogor,Bogor Selatan,Harjasari,2026-09-19T12:00:00,2026-09-20 19:00:00,2026-09-21 02:00:00,30-31,21,96,0,59,1.8,E,120,W,,,1,Cerah,Sunny,https://api-apps.bmkg.go.id/storage/icon/cuaca/cerah-pm.svg,2026-09-20T19:00:00Z
32,32.71,32.71.01,32.71.01.1012,32.71.01.1012,Jawa Barat,Kota Bogor,Bogor Selatan,Harjasari,2026-09-19T12:00:00,2026-09-20 22:00:00,2026-09-21 05:00:00,33-34,21,93,0,40,0.9,SE,137,NW,,,1,Cerah,Sunny,https://api-apps.bmkg.go.id/storage/icon/cuaca/cerah-pm.svg,2026-09-20T22:00:00Z
32,32.71,32.71.01,32.71.01.1012,32.71.01.1012,Jawa Barat,Kota Bogor,Bogor Selatan,Harjasari,2026-09-19T12:00:00,2026-09-21 01:00:00,2026-09-21 08:00:00,36-37,26,72,0,43,6.6,NW,340,SE,,,1,Cerah,Sunny,https://api-apps.bmkg.go.id/storage/icon/cuaca/cerah-am.svg,2026-09-21T01:00:00Z
32,32.71,32.71.01,32.71.01.1012,32.71.01.1012,Jawa Barat,Kota Bogor,Bogor Selatan,Harjasari,2026-09-19T12:00:00,2026-09-21 04:00:00,2026-09-21 11:00:00,39-40,29,62,0.6,57,0.8,NE,64,SW,,,1,Cerah,Sunny,https://api-apps.bmkg.go.id/storage/icon/cuaca/cerah-am.svg,2026-09-21T04:00:00Z
32,32.71,32.71.01,32.71.01.1012,32.71.01.1012,Jawa Barat,Kota Bogor,Bogor Selatan,Harjasari,2026-09-19T12:00:00,2026-09-21 07:00:00,2026-09-21 14:00:00,42-43,27,72,0.8,90,2.7,SW,262,NE,,,2,Cerah Berawan,Partly Cloudy,https://api-apps.bmkg.go.id/storage/icon/cuaca/cerah berawan-am.svg,2026-09-21T07:00:00Z
32,32.71,32.71.01,32.71.01.1012,32.71.01.1012,Jawa Barat,Kota Bogor,Bogor Selatan,Harjasari,2026-09-19T12:00:00,2026-09-21 10:00:00,2026-09-21 17:00:00,45-46,23,93,0.6,40,1.8,SE,147,NW,,,1,Cerah,Sunny,https://api-apps.bmkg.go.id/storage/icon/cuaca/cerah-am.svg,2026-09-21T10:00:00Z
32,32.71,32.71.01,32.71.01.1012,32.71.01.1012,Jawa Barat,Kota Bogor,Bogor Selatan,Harjasari,2026-09-19T12:00:00,2026-09-21 13:00:00,2026-09-21 20:00:00,48-49,22,96,0,50,2.1,E,122,W,,,1,Cerah,Sunny,https://api-apps.bmkg.go.id/storage/icon/cuaca/cerah-pm.svg,2026-09-21T13:00:00Z
32,32.71,32.71.01,32.71.01.1012,32.71.01.1012,Jawa Barat,Kota Bogor,Bogor Selatan,Harjasari,2026-09-19T12:00:00,2026-09-21 16:00:00,2026-09-21 23:00:00,51-52,22,93,0,40,1.5,E,122,W,,,1,Cerah,Sunny,https://api-apps.bmkg.go.id/storage/icon/cuaca/cerah-pm.svg,2026-09-21T16:00:00Z
32,32.71,32.71.01,32.71.01.1013,32.71.01.1013,Jawa Barat,Kota Bogor,Bogor Selatan,Muara Sari,2026-09-19T12:00:00,2026-09-19 16:00:00,2026-09-19 23:00:00,3-4,22,87,0,26,4.9,SE,146,NW,,,1,Cerah,Sunny,https://api-apps.bmkg.go.id/storage/icon/cuaca/cerah-pm.svg,2026-09-19T16:00:00Z
32,32.71,32.71.01,32.71.01.1013,32.71.01.1013,Jawa Barat,Kota Bogor,Bogor Selatan,Muara Sari,2026-09-19T12:00:00,2026-09-19 19:00:00,2026-09-20 02:00:00,6-7,22,88,0,15,0.4,SE,156,NW,,,1,Cerah,Sunny,https://api-apps.bmkg.go.id/storage/icon/cuaca/cerah-pm.svg,2026-09-19T19:00:00Z
32,32.71,32.71.01,32.71.01.1013,32.71.01.1013,Jawa Barat,Kota Bogor,Bogor Selatan,Muara Sari,2026-09-19T12:00:00,2026-09-19 22:00:00,2026-09-20 05:00:00,9-10,22,87,0,9,7,N,7,S,,,0,Cerah,Sunny,https://api-apps.bmkg.go.id/storage/icon/cuaca/cerah-pm.svg,2026-09-19T22:00:00Z
32,32.71,32.71.01,32.71.01.1013,32.71.01.1013,Jawa Barat,Kota Bogor,Bogor Selatan,Muara Sari,2026-09-19T12:00:00,2026-09-20 01:00:00,2026-09-20 08:00:00,12-13,27,66,0,12,6.7,NW,341,SE,,,1,Cerah,Sunny,https://api-apps.bmkg.go.id/storage/icon/cuaca/cerah-am.svg,2026-09-20T01:00:00Z
32,32.71,32.71.01,32.71.01.1013,32.71.01.1013,Jawa Barat,Kota Bogor,Bogor Selatan,Muara Sari,2026-09-19T12:00:00,2026-09-20 04:00:00,2026-09-20 11:00:00,15-16,27,71,0.2,55,6.8,NE,82,SW,,,1,Cerah,Sunny,https://api-apps.bmkg.go.id/storage/icon/cuaca/cerah-am.svg,2026-09-20T04:00:00Z
32,32.71,32.71.01,32.71.01.1013,32.71.01.1013,Jawa Barat,Kota Bogor,Bogor Selatan,Muara Sari,2026-09-19T12:00:00,2026-09-20 07:00:00,2026-09-20 14:00:00,18-19,30,55,0.2,28,4,S,206,N,,,1,Cerah,Sunny,https://api-apps.bmkg.go.id/storage/icon/cuaca/cerah-am.svg,2026-09-20T07:00:00Z
32,32.71,32.71.01,32.71.01.1013,32.71.01.1013,Jawa Barat,Kota Bogor,Bogor Selatan,Muara Sari,2026-09-19T12:00:00,2026-09-20 10:00:00,2026-09-20 17:00:00,21-22,25,82,0.8,31,1.2,NE,57,SW,,,1,Cerah,Sunny,https://api-apps.bmkg.go.id/storage/icon/cuaca/cerah-am.svg,2026-09-20T10:00:00Z
32,32.71,32.71.01,32.71.01.1013,32.71.01.1013,Jawa Barat,Kota Bogor,Bogor Selatan,Muara Sari,2026-09-19T12:00:00,2026-09-20 13:00:00,2026-09-20 20:00:00,24-25,23,93,0,64,3.5,N,27,S,,,2,Cerah Berawan,Partly Cloudy,https://api-apps.bmkg.go.id/storage/icon/cuaca/cerah berawan-pm.svg,2026-09-20T13:00:00Z
32,32.71,32.71.01,32.71.01.1013,32.71.01.1013,Jawa Barat,Kota Bogor,Bogor Selatan,Muara Sari,2026-09-19T12:00:00,2026-09-20 16:00:00,2026-09-20 23:00:00,27-28,22,95,0,54,1,N,19,S,,,1,Cerah,Sunny,https://api-apps.bmkg.go.id/storage/icon/cuaca/cerah-pm.svg,2026-09-20T16:00:00Z
32,32.71,32.71.01,32.71.01.1013,32.71.01.1013,Jawa Barat,Kota Bogor,Bogor Selatan,Muara Sari,2026-09-19T12:00:00,2026-09-20 19:00:00,2026-09-21 02:00:00,30-31,22,96,0,60,2.8,E,128,W,,,1,Cerah,Sunny,https://api-apps.bmkg.go.id/storage/icon/cuaca/cerah-pm.svg,2026-09-20T19:00:00Z
32,32.71,32.71.01,32.71.01.1013,32.71.01.1013,Jawa Barat,Kota Bogor,Bogor Selatan,Muara Sari,2026-09-19T12:00:00,2026-09-20 22:00:00,2026-09-21 05:00:00,33-34,22,93,0,32,2.1,SE,170,NW,,,1,Cerah,Sunny,https://api-apps.bmkg.go.id/storage/icon/cuaca/cerah-pm.svg,2026-09-20T22:00:00Z
32,32.71,32.71.01,32.71.01.1013,32.71.01.1013,Jawa Barat,Kota Bogor,Bogor Selatan,Muara Sari,2026-09-19T12:00:00,2026-09-21 01:00:00,2026-09-21 08:00:00,36-37,27,69,0,41,7.7,NW,351,SE,,,1,Cerah,Sunny,https://api-apps.bmkg.go.id/storage/icon/cuaca/cerah-am.svg,2026-09-21T01:00:00Z
32,32.71,32.71.01,32.71.01.1013,32.71.01.1013,Jawa Barat,Kota Bogor,Bogor Selatan,Muara Sari,2026-09-19T12:00:00,2026-09-21 04:00:00,2026-09-21 11:00:00,39-40,30,60,0.3,53,7.5,NE,62,SW,,,1,Cerah,Sunny,https://api-apps.bmkg.go.id/storage/icon/cuaca/cerah-am.svg,2026-09-21T04:00:00Z
32,32.71,32.71.01,32.71.01.1013,32.71.01.1013,Jawa Barat,Kota Bogor,Bogor Selatan,Muara Sari,2026-09-19T12:00:00,2026-09-21 07:00:00,2026-09-21 14:00:00,42-43,27,71,0.7,91,3,SW,254,NE,,,3,Berawan,Mostly Cloudy,https://api-apps.bmkg.go.id/storage/icon/cuaca/berawan-am.svg,2026-09-21T07:00:00Z
32,32.71,32.71.01,32.71.01.1013,32.71.01.1013,Jawa Barat,Kota Bogor,Bogor Selatan,Muara Sari,2026-09-19T12:00:00,2026-09-21 10:00:00,2026-09-21 17:00:00,45-46,24,90,0.7,31,3.8,SE,156,NW,,,1,Cerah,Sunny,https://api-apps.bmkg.go.id/storage/icon/cuaca/cerah-am.svg,2026-09-21T10:00:00Z
32,32.71,32.71.01,32.71.01.1013,32.71.01.1013,Jawa Barat,Kota Bogor,Bogor Selatan,Muara Sari,2026-09-19T12:00:00,2026-09-21 13:00:00,2026-09-21 20:00:00,48-49,23,95,0,49,5.9,SE,148,NW,,,1,Cerah,Sunny,https://api-apps.bmkg.go.id/storage/icon/cuaca/cerah-pm.svg,2026-09-21T13:00:00Z
32,32.71,32.71.01,32.71.01.1013,32.71.01.1013,Jawa Barat,Kota Bogor,Bogor Selatan,Muara Sari,2026-09-19T12:00:00,2026-09-21 16:00:00,2026-09-21 23:00:00,51-52,22,93,0,35,4.9,SE,141,NW,,,1,Cerah,Sunny,https://api-apps.bmkg.go.id/storage/icon/cuaca/cerah-pm.svg,2026-09-21T16:00:00Z
32,32.71,32.71.01,32.71.01.1014,32.71.01.1014,Jawa Barat,Kota Bogor,Bogor Selatan,Genteng,2026-09-19T12:00:00,2026-09-19 16:00:00,2026-09-19 23:00:00,3-4,22,87,0,26,4.9,SE,146,NW,,,1,Cerah,Sunny,https://api-apps.bmkg.go.id/storage/icon/cuaca/cerah-pm.svg,2026-09-19T16:00:00Z
32,32.71,32.71.01,32.71.01.1014,32.71.01.1014,Jawa Barat,Kota Bogor,Bogor Selatan,Genteng,2026-09-19T12:00:00,2026-09-19 19:00:00,2026-09-20 02:00:00,6-7,22,88,0,15,0.4,SE,156,NW,,,1,Cerah,Sunny,https://api-apps.bmkg.go.id/storage/icon/cuaca/cerah-pm.svg,2026-09-19T19:00:00Z
32,32.71,32.71.01,32.71.01.1014,32.71.01.1014,Jawa Barat,Kota Bogor,Bogor Selatan,Genteng,2026-09-19T12:00:00,2026-09-19 22:00:00,2026-09-20 05:00:00,9-10,22,87,0,9,7,N,7,S,,,0,Cerah,Sunny,https://api-apps.bmkg.go.id/storage/icon/cuaca/cerah-pm.svg,2026-09-19T22:00:00Z
32,32.71,32.71.01,32.71.01.1014,32.71.01.1014,Jawa Barat,Kota Bogor,Bogor Selatan,Genteng,2026-09-19T12:00:00,2026-09-20 01:00:00,2026-09-20 08:00:00,12-13,27,66,0,12,6.7,NW,341,SE,,,1,Cerah,Sunny,https://api-apps.bmkg.go.id/storage/icon/cuaca/cerah-am.svg,2026-09-20T01:00:00Z
32,32.71,32.71.01,32.71.01.1014,32.71.01.1014,Jawa Barat,Kota Bogor,Bogor Selatan,Genteng,2026-09-19T12:00:00,2026-09-20 04:00:00,2026-09-20 11:00:00,15-16,27,71,0.2,55,6.8,NE,82,SW,,,1,Cerah,Sunny,https://api-apps.bmkg.go.id/storage/icon/cuaca/cerah-am.svg,2026-09-20T04:00:00Z
32,32.71,32.71.01,32.71.01.1014,32.71.01.1014,Jawa Barat,Kota Bogor,Bogor Selatan,Genteng,2026-09-19T12:00:00,2026-09-20 07:00:00,2026-09-20 14:00:00,18-19,30,55,0.2,28,4,S,206,N,,,1,Cerah,Sunny,https://api-apps.bmkg.go.id/storage/icon/cuaca/cerah-am.svg,2026-09-20T07:00:00Z
32,32.71,32.71.01,32.71.01.1014,32.71.01.1014,Jawa Barat,Kota Bogor,Bogor Selatan,Genteng,2026-09-19T12:00:00,2026-09-20 10:00:00,2026-09-20 17:00:00,21-22,25,82,0.8,31,1.2,NE,57,SW,,,1,Cerah,Sunny,https://api-apps.bmkg.go.id/storage/icon/cuaca/cerah-am.svg,2026-09-20T10:00:00Z
32,32.71,32.71.01,32.71.01.1014,32.71.01.1014,Jawa Barat,Kota Bogor,Bogor Selatan,Genteng,2026-09-19T12:00:00,2026-09-20 13:00:00,2026-09-20 20:00:00,24-25,23,93,0,64,3.5,N,27,S,,,2,Cerah Berawan,Partly Cloudy,https://api-apps.bmkg.go.id/storage/icon/cuaca/cerah berawan-pm.svg,2026-09-20T13:00:00Z
32,32.71,32.71.01,32.71.01.1014,32.71.01.1014,Jawa Barat,Kota Bogor,Bogor Selatan,Genteng,2026-09-19T12:00:00,2026-09-20 16:00:00,2026-09-20 23:00:00,27-28,22,95,0,54,1,N,19,S,,,1,Cerah,Sunny,https://api-apps.bmkg.go.id/storage/icon/cuaca/cerah-pm.svg,2026-09-20T16:00:00Z
32,32.71,32.71.01,32.71.01.1014,32.71.01.1014,Jawa Barat,Kota Bogor,Bogor Selatan,Genteng,2026-09-19T12:00:00,2026-09-20 19:00:00,2026-09-21 02:00:00,30-31,22,96,0,60,2.8,E,128,W,,,1,Cerah,Sunny,https://api-apps.bmkg.go.id/storage/icon/cuaca/cerah-pm.svg,2026-09-20T19:00:00Z
32,32.71,32.71.01,32.71.01.1014,32.71.01.1014,Jawa Barat,Kota Bogor,Bogor Selatan,Genteng,2026-09-19T12:00:00,2026-09-20 22:00:00,2026-09-21 05:00:00,33-34,22,93,0,32,2.1,SE,170,NW,,,1,Cerah,Sunny,https://api-apps.bmkg.go.id/storage/icon/cuaca/cerah-pm.svg,2026-09-20T22:00:00Z
32,32.71,32.71.01,32.71.01.1014,32.71.01.1014,Jawa Barat,Kota Bogor,Bogor Selatan,Genteng,2026-09-19T12:00:00,2026-09-21 01:00:00,2026-09-21 08:00:00,36-37,27,69,0,41,7.7,NW,351,SE,,,1,Cerah,Sunny,https://api-apps.bmkg.go.id/storage/icon/cuaca/cerah-am.svg,2026-09-21T01:00:00Z
32,32.71,32.71.01,32.71.01.1014,32.71.01.1014,Jawa Barat,Kota Bogor,Bogor Selatan,Genteng,2026-09-19T12:00:00,2026-09-21 04:00:00,2026-09-21 11:00:00,39-40,30,60,0.3,53,7.5,NE,62,SW,,,1,Cerah,Sunny,https://api-apps.bmkg.go.id/storage/icon/cuaca/cerah-am.svg,2026-09-21T04:00:00Z
32,32.71,32.71.01,32.71.01.1014,32.71.01.1014,Jawa Barat,Kota Bogor,Bogor Selatan,Genteng,2026-09-19T12:00:00,2026-09-21 07:00:00,2026-09-21 14:00:00,42-43,27,71,0.7,91,3,SW,254,NE,,,3,Berawan,Mostly Cloudy,https://api-apps.bmkg.go.id/storage/icon/cuaca/berawan-am.svg,2026-09-21T07:00:00Z
32,32.71,32.71.01,32.71.01.1014,32.71.01.1014,Jawa Barat,Kota Bogor,Bogor Selatan,Genteng,2026-09-19T12:00:00,2026-09-21 10:00:00,2026-09-21 17:00:00,45-46,24,90,0.7,31,3.8,SE,156,NW,,,1,Cerah,Sunny,https://api-apps.bmkg.go.id/storage/icon/cuaca/cerah-am.svg,2026-09-21T10:00:00Z
32,32.71,32.71.01,32.71.01.1014,32.71.01.1014,Jawa Barat,Kota Bogor,Bogor Selatan,Genteng,2026-09-19T12:00:00,2026-09-21 13:00:00,2026-09-21 20:00:00,48-49,23,95,0,49,5.9,SE,148,NW,,,1,Cerah,Sunny,https://api-apps.bmkg.go.id/storage/icon/cuaca/cerah-pm.svg,2026-09-21T13:00:00Z
32,32.71,32.71.01,32.71.01.1014,32.71.01.1014,Jawa Barat,Kota Bogor,Bogor Selatan,Genteng,2026-09-19T12:00:00,2026-09-21 16:00:00,2026-09-21 23:00:00,51-52,22,93,0,35,4.9,SE,141,NW,,,1,Cerah,Sunny,https://api-apps.bmkg.go.id/storage/icon/cuaca/cerah-pm.svg,2026-09-21T16:00:00Z
32,32.71,32.71.01,32.71.01.1015,32.71.01.1015,Jawa Barat,Kota Bogor,Bogor Selatan,Pakuan,2026-09-19T12:00:00,2026-09-19 15:00:00,2026-09-19 22:00:00,2-3,23,84,0,31,7.4,SE,171,NW,,,1,Cerah,Sunny,https://api-apps.bmkg.go.id/storage/icon/cuaca/cerah-pm.svg,2026-09-19T15:00:00Z
32,32.71,32.71.01,32.71.01.1015,32.71.01.1015,Jawa Barat,Kota Bogor,Bogor Selatan,Pakuan,2026-09-19T12:00:00,2026-09-19 18:00:00,2026-09-20 01:00:00,5-6,22,87,0,22,5,SE,175,NW,,,1,Cerah,Sunny,https://api-apps.bmkg.go.id/storage/icon/cuaca/cerah-pm.svg,2026-09-19T18:00:00Z
32,32.71,32.71.01,32.71.01.1015,32.71.01.1015,Jawa Barat,Kota Bogor,Bogor Selatan,Pakuan,2026-09-19T12:00:00,2026-09-19 21:00:00,2026-09-20 04:00:00,8-9,22,85,0,6,1.8,SE,165,NW,,,0,Cerah,Sunny,https://api-apps.bmkg.go.id/storage/icon/cuaca/cerah-pm.svg,2026-09-19T21:00:00Z
32,32.71,32.71.01,32.71.01.1015,32.71.01.1015,Jawa Barat,Kota Bogor,Bogor Selatan,Pakuan,2026-09-19T12:00:00,2026-09-20 00:00:00,2026-09-20 07:00:00,11-12,25,78,0,18,7.1,N,7,S,,,1,Cerah,Sunny,https://api-apps.bmkg.go.id/storage/icon/cuaca/cerah-am.svg,2026-09-20T00:00:00Z
32,32.71,32.71.01,32.71.01.1015,32.71.01.1015,Jawa Barat,Kota Bogor,Bogor Selatan,Pakuan,2026-09-19T12:00:00,2026-09-20 03:00:00,2026-09-20 10:00:00,14-15,28,64,0,48,7.8,NW,353,SE,,,1,Cerah,Sunny,https://api-apps.bmkg.go.id/storage/icon/cuaca/cerah-am.svg,2026-09-20T03:00:00Z
32,32.71,32.71.01,32.71.01.1015,32.71.01.1015,Jawa Barat,Kota Bogor,Bogor Selatan,Pakuan,2026-09-19T12:00:00,2026-09-20 06:00:00,2026-09-20 13:00:00,17-18,30,53,0.2,14,10.7,E,132,W,,,1,Cerah,Sunny,https://api-apps.bmkg.go.id/storage/icon/cuaca/cerah-am.svg,2026-09-20T06:00:00Z
32,32.71,32.71.01,32.71.01.1015,32.71.01.1015,Jawa Barat,Kota Bogor,Bogor Selatan,Pakuan,2026-09-19T12:00:00,2026-09-20 09:00:00,2026-09-20 16:00:00,20-21,27,70,0.9,38,2,NW,346,SE,,,1,Cerah,Sunny,https://api-apps.bmkg.go.id/storage/icon/cuaca/cerah-am.svg,2026-09-20T09:00:00Z
32,32.71,32.71.01,32.71.01.1015,32.71.01.1015,Jawa Barat,Kota Bogor,Bogor Selatan,Pakuan,2026-09-19T12:00:00,2026-09-20 12:00:00,2026-09-20 19:00:00,23-24,24,89,0,22,5.7,N,27,S,,,1,Cerah,Sunny,https://api-apps.bmkg.go.id/storage/icon/cuaca/cerah-pm.svg,2026-09-20T12:00:00Z
32,32.71,32.71.01,32.71.01.1015,32.71.01.1015,Jawa Barat,Kota Bogor,Bogor Selatan,Pakuan,2026-09-19T12:00:00,2026-09-20 15:00:00,2026-09-20 22:00:00,26-27,24,93,0,44,0.8,S,220,N,,,1,Cerah,Sunny,https://api-apps.bmkg.go.id/storage/icon/cuaca/cerah-pm.svg,2026-09-20T15:00:00Z
32,32.71,32.71.01,32.71.01.1015,32.71.01.1015,Jawa Barat,Kota Bogor,Bogor Selatan,Pakuan,2026-09-19T12:00:00,2026-09-20 18:00:00,2026-09-21 01:00:00,29-30,23,94,0,41,2.8,S,206,N,,,1,Cerah,Sunny,https://api-apps.bmkg.go.id/storage/icon/cuaca/cerah-pm.svg,2026-09-20T18:00:00Z
32,32.71,32.71.01,32.71.01.1015,32.71.01.1015,Jawa Barat,Kota Bogor,Bogor Selatan,Pakuan,2026-09-19T12:00:00,2026-09-20 21:00:00,2026-09-21 04:00:00,32-33,22,92,0,23,3.5,SE,174,NW,,,1,Cerah,Sunny,https://api-apps.bmkg.go.id/storage/icon/cuaca/cerah-pm.svg,2026-09-20T21:00:00Z
32,32.71,32.71.01,32.71.01.1015,32.71.01.1015,Jawa Barat,Kota Bogor,Bogor Selatan,Pakuan,2026-09-19T12:00:00,2026-09-21 00:00:00,2026-09-21 07:00:00,35-36,26,74,0,17,2.1,SE,138,NW,,,1,Cerah,Sunny,https://api-apps.bmkg.go.id/storage/icon/cuaca/cerah-am.svg,2026-09-21T00:00:00Z
32,32.71,32.71.01,32.71.01.1015,32.71.01.1015,Jawa Barat,Kota Bogor,Bogor Selatan,Pakuan,2026-09-19T12:00:00,2026-09-21 03:00:00,2026-09-21 10:00:00,38-39,29,61,0.2,25,3.9,N,30,S,,,1,Cerah,Sunny,https://api-apps.bmkg.go.id/storage/icon/cuaca/cerah-am.svg,2026-09-21T03:00:00Z
32,32.71,32.71.01,32.71.01.1015,32.71.01.1015,Jawa Barat,Kota Bogor,Bogor Selatan,Pakuan,2026-09-19T12:00:00,2026-09-21 06:00:00,2026-09-21 13:00:00,41-42,29,64,0.6,64,5.7,N,45,S,,,2,Cerah Berawan,Partly Cloudy,https://api-apps.bmkg.go.id/storage/icon/cuaca/cerah berawan-am.svg,2026-09-21T06:00:00Z
32,32.71,32.71.01,32.71.01.1015,32.71.01.1015,Jawa Barat,Kota Bogor,Bogor Selatan,Pakuan,2026-09-19T12:00:00,2026-09-21 09:00:00,2026-09-21 16:00:00,44-45,26,82,0.4,49,5.7,NW,317,SE,,,1,Cerah,Sunny,https://api-apps.bmkg.go.id/storage/icon/cuaca/cerah-am.svg,2026-09-21T09:00:00Z
32,32.71,32.71.01,32.71.01.1015,32.71.01.1015,Jawa Barat,Kota Bogor,Bogor Selatan,Pakuan,2026-09-19T12:00:00,2026-09-21 12:00:00,2026-09-21 19:00:00,47-48,24,94,0,62,2.6,N,39,S,,,2,Cerah Berawan,Partly Cloudy,https://api-apps.bmkg.go.id/storage/icon/cuaca/cerah berawan-pm.svg,2026-09-21T12:00:00Z
32,32.71,32.71.01,32.71.01.1015,32.71.01.1015,Jawa Barat,Kota Bogor,Bogor Selatan,Pakuan,2026-09-19T12:00:00,2026-09-21 15:00:00,2026-09-21 22:00:00,50-51,23,94,0,35,4,SE,158,NW,,,1,Cerah,Sunny,https://api-apps.bmkg.go.id/storage/icon/cuaca/cerah-pm.svg,2026-09-21T15:00:00Z
32,32.71,32.71.01,32.71.01.1016,32.71.01.1016,Jawa Barat,Kota Bogor,Bogor Selatan,Cipaku,2026-09-19T12:00:00,2026-09-19 15:00:00,2026-09-19 22:00:00,2-3,23,84,0,31,7.4,SE,171,NW,,,1,Cerah,Sunny,https://api-apps.bmkg.go.id/storage/icon/cuaca/cerah-pm.svg,2026-09-19T15:00:00Z
32,32.71,32.71.01,32.71.01.1016,32.71.01.1016,Jawa Barat,Kota Bogor,Bogor Selatan,Cipaku,2026-09-19T12:00:00,2026-09-19 18:00:00,2026-09-20 01:00:00,5-6,22,87,0,22,5,SE,175,NW,,,1,Cerah,Sunny,https://api-apps.bmkg.go.id/storage/icon/cuaca/cerah-pm.svg,2026-09-19T18:00:00Z
32,32.71,32.71.01,32.71.01.1016,32.71.01.1016,Jawa Barat,Kota Bogor,Bogor Selatan,Cipaku,2026-09-19T12:00:00,2026-09-19 21:00:00,2026-09-20 04:00:00,8-9,22,85,0,6,1.8,SE,165,NW,,,0,Cerah,Sunny,https://api-apps.bmkg.go.id/storage/icon/cuaca/cerah-pm.svg,2026-09-19T21:00:00Z
32,32.71,32.71.01,32.71.01.1016,32.71.01.1016,Jawa Barat,Kota Bogor,Bogor Selatan,Cipaku,2026-09-19T12:00:00,2026-09-20 00:00:00,2026-09-20 07:00:00,11-12,25,78,0,18,7.1,N,7,S,,,1,Cerah,Sunny,https://api-apps.bmkg.go.id/storage/icon/cuaca/cerah-am.svg,2026-09-20T00:00:00Z
32,32.71,32.71.01,32.71.01.1016,32.71.01.1016,Jawa Barat,Kota Bogor,Bogor Selatan,Cipaku,2026-09-19T12:00:00,2026-09-20 03:00:00,2026-09-20 10:00:00,14-15,28,64,0,48,7.8,NW,353,SE,,,1,Cerah,Sunny,https://api-apps.bmkg.go.id/storage/icon/cuaca/cerah-am.svg,2026-09-20T03:00:00Z
32,32.71,32.71.01,32.71.01.1016,32.71.01.1016,Jawa Barat,Kota Bogor,Bogor Selatan,Cipaku,2026-09-19T12:00:00,2026-09-20 06:00:00,2026-09-20 13:00:00,17-18,30,53,0.2,14,10.7,E,132,W,,,1,Cerah,Sunny,https://api-apps.bmkg.go.id/storage/icon/cuaca/cerah-am.svg,2026-09-20T06:00:00Z
32,32.71,32.71.01,32.71.01.1016,32.71.01.1016,Jawa Barat,Kota Bogor,Bogor Selatan,Cipaku,2026-09-19T12:00:00,2026-09-20 09:00:00,2026-09-20 16:00:00,20-21,27,70,0.9,38,2,NW,346,SE,,,1,Cerah,Sunny,https://api-apps.bmkg.go.id/storage/icon/cuaca/cerah-am.svg,2026-09-20T09:00:00Z
32,32.71,32.71.01,32.71.01.1016,32.71.01.1016,Jawa Barat,Kota Bogor,Bogor Selatan,Cipaku,2026-09-19T12:00:00,2026-09-20 12:00:00,2026-09-20 19:00:00,23-24,24,89,0,22,5.7,N,27,S,,,1,Cerah,Sunny,https://api-apps.bmkg.go.id/storage/icon/cuaca/cerah-pm.svg,2026-09-20T12:00:00Z
32,32.71,32.71.01,32.71.01.1016,32.71.01.1016,Jawa Barat,Kota Bogor,Bogor Selatan,Cipaku,2026-09-19T12:00:00,2026-09-20 15:00:00,2026-09-20 22:00:00,26-27,24,93,0,44,0.8,S,220,N,,,1,Cerah,Sunny,https://api-apps.bmkg.go.id/storage/icon/cuaca/cerah-pm.svg,2026-09-20T15:00:00Z
32,32.71,32.71.01,32.71.01.1016,32.71.01.1016,Jawa Barat,Kota Bogor,Bogor Selatan,Cipaku,2026-09-19T12:00:00,2026-09-20 18:00:00,2026-09-21 01:00:00,29-30,23,94,0,41,2.8,S,206,N,,,1,Cerah,Sunny,https://api-apps.bmkg.go.id/storage/icon/cuaca/cerah-pm.svg,2026-09-20T18:00:00Z
32,32.71,32.71.01,32.71.01.1016,32.71.01.1016,Jawa Barat,Kota Bogor,Bogor Selatan,Cipaku,2026-09-19T12:00:00,2026-09-20 21:00:00,2026-09-21 04:00:00,32-33,22,92,0,23,3.5,SE,174,NW,,,1,Cerah,Sunny,https://api-apps.bmkg.go.id/storage/icon/cuaca/cerah-pm.svg,2026-09-20T21:00:00Z
32,32.71,32.71.01,32.71.01.1016,32.71.01.1016,Jawa Barat,Kota Bogor,Bogor Selatan,Cipaku,2026-09-19T12:00:00,2026-09-21 00:00:00,2026-09-21 07:00:00,35-36,26,74,0,17,2.1,SE,138,NW,,,1,Cerah,Sunny,https://api-apps.bmkg.go.id/storage/icon/cuaca/cerah-am.svg,2026-09-21T00:00:00Z
32,32.71,32.71.01,32.71.01.1016,32.71.01.1016,Jawa Barat,Kota Bogor,Bogor Selatan,Cipaku,2026-09-19T12:00:00,2026-09-21 03:00:00,2026-09-21 10:00:00,38-39,29,61,0.2,25,3.9,N,30,S,,,1,Cerah,Sunny,https://api-apps.bmkg.go.id/storage/icon/cuaca/cerah-am.svg,2026-09-21T03:00:00Z
32,32.71,32.71.01,32.71.01.1016,32.71.01.1016,Jawa Barat,Kota Bogor,Bogor Selatan,Cipaku,2026-09-19T12:00:00,2026-09-21 06:00:00,2026-09-21 13:00:00,41-42,29,64,0.6,64,5.7,N,45,S,,,2,Cerah Berawan,Partly Cloudy,https://api-apps.bmkg.go.id/storage/icon/cuaca/cerah berawan-am.svg,2026-09-21T06:00:00Z
32,32.71,32.71.01,32.71.01.1016,32.71.01.1016,Jawa Barat,Kota Bogor,Bogor Selatan,Cipaku,2026-09-19T12:00:00,2026-09-21 09:00:00,2026-09-21 16:00:00,44-45,26,82,0.4,49,5.7,NW,317,SE,,,1,Cerah,Sunny,https://api-apps.bmkg.go.id/storage/icon/cuaca/cerah-am.svg,2026-09-21T09:00:00Z
32,32.71,32.71.01,32.71.01.1016,32.71.01.1016,Jawa Barat,Kota Bogor,Bogor Selatan,Cipaku,2026-09-19T12:00:00,2026-09-21 12:00:00,2026-09-21 19:00:00,47-48,24,94,0,62,2.6,N,39,S,,,2,Cerah Berawan,Partly Cloudy,https://api-apps.bmkg.go.id/storage/icon/cuaca/cerah berawan-pm.svg,2026-09-21T12:00:00Z
32,32.71,32.71.01,32.71.01.1016,32.71.01.1016,Jawa Barat,Kota Bogor,Bogor Selatan,Cipaku,2026-09-19T12:00:00,2026-09-21 15:00:00,2026-09-21 22:00:00,50-51,23,94,0,35,4,SE,158,NW,,,1,Cerah,Sunny,https://api-apps.bmkg.go.id/storage/icon/cuaca/cerah-pm.svg,2026-09-21T15:00:00Z
32,32.71,32.71.02,32.71.02.1001,32.71.02.1001,Jawa Barat,Kota Bogor,Bogor Timur,Sukasari,2026-09-19T12:00:00,2026-09-19 15:00:00,2026-09-19 22:00:00,2-3,23,84,0,31,7.4,SE,171,NW,,,1,Cerah,Sunny,https://api-apps.bmkg.go.id/storage/icon/cuaca/cerah-pm.svg,2026-09-19T15:00:00Z
32,32.71,32.71.02,32.71.02.1001,32.71.02.1001,Jawa Barat,Kota Bogor,Bogor Timur,Sukasari,2026-09-19T12:00:00,2026-09-19 18:00:00,2026-09-20 01:00:00,5-6,22,87,0,22,5,SE,175,NW,,,1,Cerah,Sunny,https://api-apps.bmkg.go.id/storage/icon/cuaca/cerah-pm.svg,2026-09-19T18:00:00Z
32,32.71,32.71.02,32.71.02.1001,32.71.02.1001,Jawa Barat,Kota Bogor,Bogor Timur,Sukasari,2026-09-19T12:00:00,2026-09-19 21:00:00,2026-09-20 04:00:00,8-9,22,85,0,6,1.8,SE,165,NW,,,0,Cerah,Sunny,https://api-apps.bmkg.go.id/storage/icon/cuaca/cerah-pm.svg,2026-09-19T21:00:00Z
32,32.71,32.71.02,32.71.02.1001,32.71.02.1001,Jawa Barat,Kota Bogor,Bogor Timur,Sukasari,2026-09-19T12:00:00,2026-09-20 00:00:00,2026-09-20 07:00:00,11-12,25,78,0,18,7.1,N,7,S,,,1,Cerah,Sunny,https://api-apps.bmkg.go.id/storage/icon/cuaca/cerah-am.svg,2026-09-20T00:00:00Z
32,32.71,32.71.02,32.71.02.1001,32.71.02.1001,Jawa Barat,Kota Bogor,Bogor Timur,Sukasari,2026-09-19T12:00:00,2026-09-20 03:00:00,2026-09-20 10:00:00,14-15,28,64,0,48,7.8,NW,353,SE,,,1,Cerah,Sunny,https://api-apps.bmkg.go.id/storage/icon/cuaca/cerah-am.svg,2026-09-20T03:00:00Z
32,32.71,32.71.02,32.71.02.1001,32.71.02.1001,Jawa Barat,Kota Bogor,Bogor Timur,Sukasari,2026-09-19T12:00:00,2026-09-20 06:00:00,2026-09-20 13:00:00,17-18,30,53,0.2,14,10.7,E,132,W,,,1,Cerah,Sunny,https://api-apps.bmkg.go.id/storage/icon/cuaca/cerah-am.svg,2026-09-20T06:00:00Z
32,32.71,32.71.02,32.71.02.1001,32.71.02.1001,Jawa Barat,Kota Bogor,Bogor Timur,Sukasari,2026-09-19T12:00:00,2026-09-20 09:00:00,2026-09-20 16:00:00,20-21,27,70,0.9,38,2,NW,346,SE,,,1,Cerah,Sunny,https://api-apps.bmkg.go.id/storage/icon/cuaca/cerah-am.svg,2026-09-20T09:00:00Z
32,32.71,32.71.02,32.71.02.1001,32.71.02.1001,Jawa Barat,Kota Bogor,Bogor Timur,Sukasari,2026-09-19T12:00:00,2026-09-20 12:00:00,2026-09-20 19:00:00,23-24,24,89,0,22,5.7,N,27,S,,,1,Cerah,Sunny,https://api-apps.bmkg.go.id/storage/icon/cuaca/cerah-pm.svg,2026-09-20T12:00:00Z
32,32.71,32.71.02,32.71.02.1001,32.71.02.1001,Jawa Barat,Kota Bogor,Bogor Timur,Sukasari,2026-09-19T12:00:00,2026-09-20 15:00:00,2026-09-20 22:00:00,26-27,24,93,0,44,0.8,S,220,N,,,1,Cerah,Sunny,https://api-apps.bmkg.go.id/storage/icon/cuaca/cerah-pm.svg,2026-09-20T15:00:00Z
32,32.71,32.71.02,32.71.02.1001,32.71.02.1001,Jawa Barat,Kota Bogor,Bogor Timur,Sukasari,2026-09-19T12:00:00,2026-09-20 18:00:00,2026-09-21 01:00:00,29-30,23,94,0,41,2.8,S,206,N,,,1,Cerah,Sunny,https://api-apps.bmkg.go.id/storage/icon/cuaca/cerah-pm.svg,2026-09-20T18:00:00Z
32,32.71,32.71.02,32.71.02.1001,32.71.02.1001,Jawa Barat,Kota Bogor,Bogor Timur,Sukasari,2026-09-19T12:00:00,2026-09-20 21:00:00,2026-09-21 04:00:00,32-33,22,92,0,23,3.5,SE,174,NW,,,1,Cerah,Sunny,https://api-apps.bmkg.go.id/storage/icon/cuaca/cerah-pm.svg,2026-09-20T21:00:00Z
32,32.71,32.71.02,32.71.02.1001,32.71.02.1001,Jawa Barat,Kota Bogor,Bogor Timur,Sukasari,2026-09-19T12:00:00,2026-09-21 00:00:00,2026-09-21 07:00:00,35-36,26,74,0,17,2.1,SE,138,NW,,,1,Cerah,Sunny,https://api-apps.bmkg.go.id/storage/icon/cuaca/cerah-am.svg,2026-09-21T00:00:00Z
32,32.71,32.71.02,32.71.02.1001,32.71.02.1001,Jawa Barat,Kota Bogor,Bogor Timur,Sukasari,2026-09-19T12:00:00,2026-09-21 03:00:00,2026-09-21 10:00:00,38-39,29,61,0.2,25,3.9,N,30,S,,,1,Cerah,Sunny,https://api-apps.bmkg.go.id/storage/icon/cuaca/cerah-am.svg,2026-09-21T03:00:00Z
32,32.71,32.71.02,32.71.02.1001,32.71.02.1001,Jawa Barat,Kota Bogor,Bogor Timur,Sukasari,2026-09-19T12:00:00,2026-09-21 06:00:00,2026-09-21 13:00:00,41-42,29,64,0.6,64,5.7,N,45,S,,,2,Cerah Berawan,Partly Cloudy,https://api-apps.bmkg.go.id/storage/icon/cuaca/cerah berawan-am.svg,2026-09-21T06:00:00Z
32,32.71,32.71.02,32.71.02.1001,32.71.02.1001,Jawa Barat,Kota Bogor,Bogor Timur,Sukasari,2026-09-19T12:00:00,2026-09-21 09:00:00,2026-09-21 16:00:00,44-45,26,82,0.4,49,5.7,NW,317,SE,,,1,Cerah,Sunny,https://api-apps.bmkg.go.id/storage/icon/cuaca/cerah-am.svg,2026-09-21T09:00:00Z
32,32.71,32.71.02,32.71.02.1001,32.71.02.1001,Jawa Barat,Kota Bogor,Bogor Timur,Sukasari,2026-09-19T12:00:00,2026-09-21 12:00:00,2026-09-21 19:00:00,47-48,24,94,0,62,2.6,N,39,S,,,2,Cerah Berawan,Partly Cloudy,https://api-apps.bmkg.go.id/storage/icon/cuaca/cerah berawan-pm.svg,2026-09-21T12:00:00Z
32,32.71,32.71.02,32.71.02.1001,32.71.02.1001,Jawa Barat,Kota Bogor,Bogor Timur,Sukasari,2026-09-19T12:00:00,2026-09-21 15:00:00,2026-09-21 22:00:00,50-51,23,94,0,35,4,SE,158,NW,,,1,Cerah,Sunny,https://api-apps.bmkg.go.id/storage/icon/cuaca/cerah-pm.svg,2026-09-21T15:00:00Z
32,32.71,32.71.02,32.71.02.1002,32.71.02.1002,Jawa Barat,Kota Bogor,Bogor Timur,Baranangsiang,2026-09-19T12:00:00,2026-09-19 15:00:00,2026-09-19 22:00:00,2-3,24,82,0,32,7.4,SE,171,NW,,,1,Cerah,Sunny,https://api-apps.bmkg.go.id/storage/icon/cuaca/cerah-pm.svg,2026-09-19T15:00:00Z
32,32.71,32.71.02,32.71.02.1002,32.71.02.1002,Jawa Barat,Kota Bogor,Bogor Timur,Baranangsiang,2026-09-19T12:00:00,2026-09-19 18:00:00,2026-09-20 01:00:00,5-6,23,86,0,24,5,SE,175,NW,,,1,Cerah,Sunny,https://api-apps.bmkg.go.id/storage/icon/cuaca/cerah-pm.svg,2026-09-19T18:00:00Z
32,32.71,32.71.02,32.71.02.1002,32.71.02.1002,Jawa Barat,Kota Bogor,Bogor Timur,Baranangsiang,2026-09-19T12:00:00,2026-09-19 21:00:00,2026-09-20 04:00:00,8-9,23,84,0,7,1.8,SE,165,NW,,,0,Cerah,Sunny,https://api-apps.bmkg.go.id/storage/icon/cuaca/cerah-pm.svg,2026-09-19T21:00:00Z
32,32.71,32.71.02,32.71.02.1002,32.71.02.1002,Jawa Barat,Kota Bogor,Bogor Timur,Baranangsiang,2026-09-19T12:00:00,2026-09-20 00:00:00,2026-09-20 07:00:00,11-12,25,77,0,19,7.1,N,7,S,,,1,Cerah,Sunny,https://api-apps.bmkg.go.id/storage/icon/cuaca/cerah-am.svg,2026-09-20T00:00:00Z
32,32.71,32.71.02,32.71.02.1002,32.71.02.1002,Jawa Barat,Kota Bogor,Bogor Timur,Baranangsiang,2026-09-19T12:00:00,2026-09-20 03:00:00,2026-09-20 10:00:00,14-15,29,62,0,38,7.8,NW,353,SE,,,1,Cerah,Sunny,https://api-apps.bmkg.go.id/storage/icon/cuaca/cerah-am.svg,2026-09-20T03:00:00Z
32,32.71,32.71.02,32.71.02.1002,32.71.02.1002,Jawa Barat,Kota Bogor,Bogor Timur,Baranangsiang,2026-09-19T12:00:00,2026-09-20 06:00:00,2026-09-20 13:00:00,17-18,31,49,0.1,12,10.7,E,132,W,,,1,Cerah,Sunny,https://api-apps.bmkg.go.id/storage/icon/cuaca/cerah-am.svg,2026-09-20T06:00:00Z
32,32.71,32.71.02,32.71.02.1002,32.71.02.1002,Jawa Barat,Kota Bogor,Bogor Timur,Baranangsiang,2026-09-19T12:00:00,2026-09-20 09:00:00,2026-09-20 16:00:00,20-21,28,69,1.3,40,2,NW,346,SE,,,61,Hujan Ringan,Light Rain,https://api-apps.bmkg.go.id/storage/icon/cuaca/hujan ringan-am.svg,2026-09-20T09:00:00Z
32,32.71,32.71.02,32.71.02.1002,32.71.02.1002,Jawa Barat,Kota Bogor,Bogor Timur,Baranangsiang,2026-09-19T12:00:00,2026-09-20 12:00:00,2026-09-20 19:00:00,23-24,25,87,0,22,5.7,N,27,S,,,1,Cerah,Sunny,https://api-apps.bmkg.go.id/storage/icon/cuaca/cerah-pm.svg,2026-09-20T12:00:00Z
32,32.71,32.71.02,32.71.02.1002,32.71.02.1002,Jawa Barat,Kota Bogor,Bogor Timur,Baranangsiang,2026-09-19T12:00:00,2026-09-20 15:00:00,2026-09-20 22:00:00,26-27,24,91,0,30,0.8,S,220,N,,,1,Cerah,Sunny,https://api-apps.bmkg.go.id/storage/icon/cuaca/cerah-pm.svg,2026-09-20T15:00:00Z
32,32.71,32.71.02,32.71.02.1002,32.71.02.1002,Jawa Barat,Kota Bogor,Bogor Timur,Baranangsiang,2026-09-19T12:00:00,2026-09-20 18:00:00,2026-09-21 01:00:00,29-30,23,93,0,27,2.8,S,206,N,,,1,Cerah,Sunny,https://api-apps.bmkg.go.id/storage/icon/cuaca/cerah-pm.svg,2026-09-20T18:00:00Z
32,32.71,32.71.02,32.71.02.1002,32.71.02.1002,Jawa Barat,Kota Bogor,Bogor Timur,Baranangsiang,2026-09-19T12:00:00,2026-09-20 21:00:00,2026-09-21 04:00:00,32-33,23,91,0,17,3.5,SE,174,NW,,,1,Cerah,Sunny,https://api-apps.bmkg.go.id/storage/icon/cuaca/cerah-pm.svg,2026-09-20T21:00:00Z
32,32.71,32.71.02,32.71.02.1002,32.71.02.1002,Jawa Barat,Kota Bogor,Bogor Timur,Baranangsiang,2026-09-19T12:00:00,2026-09-21 00:00:00,2026-09-21 07:00:00,35-36,27,73,0,12,2.1,SE,138,NW,,,1,Cerah,Sunny,https://api-apps.bmkg.go.id/storage/icon/cuaca/cerah-am.svg,2026-09-21T00:00:00Z
32,32.71,32.71.02,32.71.02.1002,32.71.02.1002,Jawa Barat,Kota Bogor,Bogor Timur,Baranangsiang,2026-09-19T12:00:00,2026-09-21 03:00:00,2026-09-21 10:00:00,38-39,30,59,0.1,23,3.9,N,30,S,,,1,Cerah,Sunny,https://api-apps.bmkg.go.id/storage/icon/cuaca/cerah-am.svg,2026-09-21T03:00:00Z
32,32.71,32.71.02,32.71.02.1002,32.71.02.1002,Jawa Barat,Kota Bogor,Bogor Timur,Baranangsiang,2026-09-19T12:00:00,2026-09-21 06:00:00,2026-09-21 13:00:00,41-42,31,58,0.5,57,5.7,N,45,S,,,1,Cerah,Sunny,https://api-apps.bmkg.go.id/storage/icon/cuaca/cerah-am.svg,2026-09-21T06:00:00Z
32,32.71,32.71.02,32.71.02.1002,32.71.02.1002,Jawa Barat,Kota Bogor,Bogor Timur,Baranangsiang,2026-09-19T12:00:00,2026-09-21 09:00:00,2026-09-21 16:00:00,44-45,26,81,0.8,49,5.7,NW,317,SE,,,1,Cerah,Sunny,https://api-apps.bmkg.go.id/storage/icon/cuaca/cerah-am.svg,2026-09-21T09:00:00Z
32,32.71,32.71.02,32.71.02.1002,32.71.02.1002,Jawa Barat,Kota Bogor,Bogor Timur,Baranangsiang,2026-09-19T12:00:00,2026-09-21 12:00:00,2026-09-21 19:00:00,47-48,24,93,0,62,2.6,N,39,S,,,2,Cerah Berawan,Partly Cloudy,https://api-apps.bmkg.go.id/storage/icon/cuaca/cerah berawan-pm.svg,2026-09-21T12:00:00Z
32,32.71,32.71.02,32.71.02.1002,32.71.02.1002,Jawa Barat,Kota Bogor,Bogor Timur,Baranangsiang,2026-09-19T12:00:00,2026-09-21 15:00:00,2026-09-21 22:00:00,50-51,24,93,0,30,4,SE,158,NW,,,1,Cerah,Sunny,https://api-apps.bmkg.go.id/storage/icon/cuaca/cerah-pm.svg,2026-09-21T15:00:00Z
32,32.71,32.71.02,32.71.02.1003,32.71.02.1003,Jawa Barat,Kota Bogor,Bogor Timur,Katulampa,2026-09-19T12:00:00,2026-09-19 15:00:00,2026-09-19 22:00:00,2-3,23,84,0,31,7.4,SE,171,NW,,,1,Cerah,Sunny,https://api-apps.bmkg.go.id/storage/icon/cuaca/cerah-pm.svg,2026-09-19T15:00:00Z
32,32.71,32.71.02,32.71.02.1003,32.71.02.1003,Jawa Barat,Kota Bogor,Bogor Timur,Katulampa,2026-09-19T12:00:00,2026-09-19 18:00:00,2026-09-20 01:00:00,5-6,22,87,0,22,5,SE,175,NW,,,1,Cerah,Sunny,https://api-apps.bmkg.go.id/storage/icon/cuaca/cerah-pm.svg,2026-09-19T18:00:00Z
32,32.71,32.71.02,32.71.02.1003,32.71.02.1003,Jawa Barat,Kota Bogor,Bogor Timur,Katulampa,2026-09-19T12:00:00,2026-09-19 21:00:00,2026-09-20 04:00:00,8-9,22,85,0,6,1.8,SE,165,NW,,,0,Cerah,Sunny,https://api-apps.bmkg.go.id/storage/icon/cuaca/cerah-pm.svg,2026-09-19T21:00:00Z
32,32.71,32.71.02,32.71.02.1003,32.71.02.1003,Jawa Barat,Kota Bogor,Bogor Timur,Katulampa,2026-09-19T12:00:00,2026-09-20 00:00:00,2026-09-20 07:00:00,11-12,25,78,0,18,7.1,N,7,S,,,1,Cerah,Sunny,https://api-apps.bmkg.go.id/storage/icon/cuaca/cerah-am.svg,2026-09-20T00:00:00Z
32,32.71,32.71.02,32.71.02.1003,32.71.02.1003,Jawa Barat,Kota Bogor,Bogor Timur,Katulampa,2026-09-19T12:00:00,2026-09-20 03:00:00,2026-09-20 10:00:00,14-15,28,64,0,48,7.8,NW,353,SE,,,1,Cerah,Sunny,https://api-apps.bmkg.go.id/storage/icon/cuaca/cerah-am.svg,2026-09-20T03:00:00Z
32,32.71,32.71.02,32.71.02.1003,32.71.02.1003,Jawa Barat,Kota Bogor,Bogor Timur,Katulampa,2026-09-19T12:00:00,2026-09-20 06:00:00,2026-09-20 13:00:00,17-18,30,53,0.2,14,10.7,E,132,W,,,1,Cerah,Sunny,https://api-apps.bmkg.go.id/storage/icon/cuaca/cerah-am.svg,2026-09-20T06:00:00Z
32,32.71,32.71.02,32.71.02.1003,32.71.02.1003,Jawa Barat,Kota Bogor,Bogor Timur,Katulampa,2026-09-19T12:00:00,2026-09-20 09:00:00,2026-09-20 16:00:00,20-21,27,70,0.9,38,2,NW,346,SE,,,1,Cerah,Sunny,https://api-apps.bmkg.go.id/storage/icon/cuaca/cerah-am.svg,2026-09-20T09:00:00Z
32,32.71,32.71.02,32.71.02.1003,32.71.02.1003,Jawa Barat,Kota Bogor,Bogor Timur,Katulampa,2026-09-19T12:00:00,2026-09-20 12:00:00,2026-09-20 19:00:00,23-24,24,89,0,22,5.7,N,27,S,,,1,Cerah,Sunny,https://api-apps.bmkg.go.id/storage/icon/cuaca/cerah-pm.svg,2026-09-20T12:00:00Z
32,32.71,32.71.02,32.71.02.1003,32.71.02.1003,Jawa Barat,Kota Bogor,Bogor Timur,Katulampa,2026-09-19T12:00:00,2026-09-20 15:00:00,2026-09-20 22:00:00,26-27,24,93,0,44,0.8,S,220,N,,,1,Cerah,Sunny,https://api-apps.bmkg.go.id/storage/icon/cuaca/cerah-pm.svg,2026-09-20T15:00:00Z
32,32.71,32.71.02,32.71.02.1003,32.71.02.1003,Jawa Barat,Kota Bogor,Bogor Timur,Katulampa,2026-09-19T12:00:00,2026-09-20 18:00:00,2026-09-21 01:00:00,29-30,23,94,0,41,2.8,S,206,N,,,1,Cerah,Sunny,https://api-apps.bmkg.go.id/storage/icon/cuaca/cerah-pm.svg,2026-09-20T18:00:00Z
32,32.71,32.71.02,32.71.02.1003,32.71.02.1003,Jawa Barat,Kota Bogor,Bogor Timur,Katulampa,2026-09-19T12:00:00,2026-09-20 21:00:00,2026-09-21 04:00:00,32-33,22,92,0,23,3.5,SE,174,NW,,,1,Cerah,Sunny,https://api-apps.bmkg.go.id/storage/icon/cuaca/cerah-pm.svg,2026-09-20T21:00:00Z
32,32.71,32.71.02,32.71.02.1003,32.71.02.1003,Jawa Barat,Kota Bogor,Bogor Timur,Katulampa,2026-09-19T12:00:00,2026-09-21 00:00:00,2026-09-21 07:00:00,35-36,26,74,0,17,2.1,SE,138,NW,,,1,Cerah,Sunny,https://api-apps.bmkg.go.id/storage/icon/cuaca/cerah-am.svg,2026-09-21T00:00:00Z
32,32.71,32.71.02,32.71.02.1003,32.71.02.1003,Jawa Barat,Kota Bogor,Bogor Timur,Katulampa,2026-09-19T12:00:00,2026-09-21 03:00:00,2026-09-21 10:00:00,38-39,29,61,0.2,25,3.9,N,30,S,,,1,Cerah,Sunny,https://api-apps.bmkg.go.id/storage/icon/cuaca/cerah-am.svg,2026-09-21T03:00:00Z
32,32.71,32.71.02,32.71.02.1003,32.71.02.1003,Jawa Barat,Kota Bogor,Bogor Timur,Katulampa,2026-09-19T12:00:00,2026-09-21 06:00:00,2026-09-21 13:00:00,41-42,29,64,0.6,64,5.7,N,45,S,,,2,Cerah Berawan,Partly Cloudy,https://api-apps.bmkg.go.id/storage/icon/cuaca/cerah berawan-am.svg,2026-09-21T06:00:00Z
32,32.71,32.71.02,32.71.02.1003,32.71.02.1003,Jawa Barat,Kota Bogor,Bogor Timur,Katulampa,2026-09-19T12:00:00,2026-09-21 09:00:00,2026-09-21 16:00:00,44-45,26,82,0.4,49,5.7,NW,317,SE,,,1,Cerah,Sunny,https://api-apps.bmkg.go.id/storage/icon/cuaca/cerah-am.svg,2026-09-21T09:00:00Z
32,32.71,32.71.02,32.71.02.1003,32.71.02.1003,Jawa Barat,Kota Bogor,Bogor Timur,Katulampa,2026-09-19T12:00:00,2026-09-21 12:00:00,2026-09-21 19:00:00,47-48,24,94,0,62,2.6,N,39,S,,,2,Cerah Berawan,Partly Cloudy,https://api-apps.bmkg.go.id/storage/icon/cuaca/cerah berawan-pm.svg,2026-09-21T12:00:00Z
32,32.71,32.71.02,32.71.02.1003,32.71.02.1003,Jawa Barat,Kota Bogor,Bogor Timur,Katulampa,2026-09-19T12:00:00,2026-09-21 15:00:00,2026-09-21 22:00:00,50-51,23,94,0,35,4,SE,158,NW,,,1,Cerah,Sunny,https://api-apps.bmkg.go.id/storage/icon/cuaca/cerah-pm.svg,2026-09-21T15:00:00Z
32,32.71,32.71.02,32.71.02.1004,32.71.02.1004,Jawa Barat,Kota Bogor,Bogor Timur,Sindangsari,2026-09-19T12:00:00,2026-09-19 15:00:00,2026-09-19 22:00:00,2-3,22,88,0,42,2.8,SE,136,NW,,,1,Cerah,Sunny,https://api-apps.bmkg.go.id/storage/icon/cuaca/cerah-pm.svg,2026-09-19T15:00:00Z
32,32.71,32.71.02,32.71.02.1004,32.71.02.1004,Jawa Barat,Kota Bogor,Bogor Timur,Sindangsari,2026-09-19T12:00:00,2026-09-19 18:00:00,2026-09-20 01:00:00,5-6,22,88,0,21,1.2,E,117,W,,,1,Cerah,Sunny,https://api-apps.bmkg.go.id/storage/icon/cuaca/cerah-pm.svg,2026-09-19T18:00:00Z
32,32.71,32.71.02,32.71.02.1004,32.71.02.1004,Jawa Barat,Kota Bogor,Bogor Timur,Sindangsari,2026-09-19T12:00:00,2026-09-19 21:00:00,2026-09-20 04:00:00,8-9,22,87,0,6,0.6,E,103,W,,,0,Cerah,Sunny,https://api-apps.bmkg.go.id/storage/icon/cuaca/cerah-pm.svg,2026-09-19T21:00:00Z
32,32.71,32.71.02,32.71.02.1004,32.71.02.1004,Jawa Barat,Kota Bogor,Bogor Timur,Sindangsari,2026-09-19T12:00:00,2026-09-20 00:00:00,2026-09-20 07:00:00,11-12,24,81,0,19,5.7,NW,357,SE,,,1,Cerah,Sunny,https://api-apps.bmkg.go.id/storage/icon/cuaca/cerah-am.svg,2026-09-20T00:00:00Z
32,32.71,32.71.02,32.71.02.1004,32.71.02.1004,Jawa Barat,Kota Bogor,Bogor Timur,Sindangsari,2026-09-19T12:00:00,2026-09-20 03:00:00,2026-09-20 10:00:00,14-15,27,69,0,64,5.8,NW,340,SE,,,2,Cerah Berawan,Partly Cloudy,https://api-apps.bmkg.go.id/storage/icon/cuaca/cerah berawan-am.svg,2026-09-20T03:00:00Z
32,32.71,32.71.02,32.71.02.1004,32.71.02.1004,Jawa Barat,Kota Bogor,Bogor Timur,Sindangsari,2026-09-19T12:00:00,2026-09-20 06:00:00,2026-09-20 13:00:00,17-18,28,62,0.4,16,4.3,E,126,W,,,1,Cerah,Sunny,https://api-apps.bmkg.go.id/storage/icon/cuaca/cerah-am.svg,2026-09-20T06:00:00Z
32,32.71,32.71.02,32.71.02.1004,32.71.02.1004,Jawa Barat,Kota Bogor,Bogor Timur,Sindangsari,2026-09-19T12:00:00,2026-09-20 09:00:00,2026-09-20 16:00:00,20-21,26,75,1,41,5.2,S,191,N,,,1,Cerah,Sunny,https://api-apps.bmkg.go.id/storage/icon/cuaca/cerah-am.svg,2026-09-20T09:00:00Z
32,32.71,32.71.02,32.71.02.1004,32.71.02.1004,Jawa Barat,Kota Bogor,Bogor Timur,Sindangsari,2026-09-19T12:00:00,2026-09-20 12:00:00,2026-09-20 19:00:00,23-24,23,92,0,25,0.8,E,115,W,,,1,Cerah,Sunny,https://api-apps.bmkg.go.id/storage/icon/cuaca/cerah-pm.svg,2026-09-20T12:00:00Z
32,32.71,32.71.02,32.71.02.1004,32.71.02.1004,Jawa Barat,Kota Bogor,Bogor Timur,Sindangsari,2026-09-19T12:00:00,2026-09-20 15:00:00,2026-09-20 22:00:00,26-27,22,95,0,60,2.6,N,44,S,,,2,Cerah Berawan,Partly Cloudy,https://api-apps.bmkg.go.id/storage/icon/cuaca/cerah berawan-pm.svg,2026-09-20T15:00:00Z
32,32.71,32.71.02,32.71.02.1004,32.71.02.1004,Jawa Barat,Kota Bogor,Bogor Timur,Sindangsari,2026-09-19T12:00:00,2026-09-20 18:00:00,2026-09-21 01:00:00,29-30,21,96,0,57,1.2,N,39,S,,,1,Cerah,Sunny,https://api-apps.bmkg.go.id/storage/icon/cuaca/cerah-pm.svg,2026-09-20T18:00:00Z
32,32.71,32.71.02,32.71.02.1004,32.71.02.1004,Jawa Barat,Kota Bogor,Bogor Timur,Sindangsari,2026-09-19T12:00:00,2026-09-20 21:00:00,2026-09-21 04:00:00,32-33,21,94,0,37,1.8,E,120,W,,,1,Cerah,Sunny,https://api-apps.bmkg.go.id/storage/icon/cuaca/cerah-pm.svg,2026-09-20T21:00:00Z
32,32.71,32.71.02,32.71.02.1004,32.71.02.1004,Jawa Barat,Kota Bogor,Bogor Timur,Sindangsari,2026-09-19T12:00:00,2026-09-21 00:00:00,2026-09-21 07:00:00,35-36,25,77,0,23,0.9,SE,137,NW,,,1,Cerah,Sunny,https://api-apps.bmkg.go.id/storage/icon/cuaca/cerah-am.svg,2026-09-21T00:00:00Z
32,32.71,32.71.02,32.71.02.1004,32.71.02.1004,Jawa Barat,Kota Bogor,Bogor Timur,Sindangsari,2026-09-19T12:00:00,2026-09-21 03:00:00,2026-09-21 10:00:00,38-39,28,65,0.6,29,6.6,NW,340,SE,,,1,Cerah,Sunny,https://api-apps.bmkg.go.id/storage/icon/cuaca/cerah-am.svg,2026-09-21T03:00:00Z
32,32.71,32.71.02,32.71.02.1004,32.71.02.1004,Jawa Barat,Kota Bogor,Bogor Timur,Sindangsari,2026-09-19T12:00:00,2026-09-21 06:00:00,2026-09-21 13:00:00,41-42,27,72,0.8,71,0.8,NE,64,SW,,,2,Cerah Berawan,Partly Cloudy,https://api-apps.bmkg.go.id/storage/icon/cuaca/cerah berawan-am.svg,2026-09-21T06:00:00Z
32,32.71,32.71.02,32.71.02.1004,32.71.02.1004,Jawa Barat,Kota Bogor,Bogor Timur,Sindangsari,2026-09-19T12:00:00,2026-09-21 09:00:00,2026-09-21 16:00:00,44-45,24,87,0.6,46,2.7,SW,262,NE,,,1,Cerah,Sunny,https://api-apps.bmkg.go.id/storage/icon/cuaca/cerah-am.svg,2026-09-21T09:00:00Z
32,32.71,32.71.02,32.71.02.1004,32.71.02.1004,Jawa Barat,Kota Bogor,Bogor Timur,Sindangsari,2026-09-19T12:00:00,2026-09-21 12:00:00,2026-09-21 19:00:00,47-48,22,96,0,68,1.8,SE,147,NW,,,2,Cerah Berawan,Partly Cloudy,https://api-apps.bmkg.go.id/storage/icon/cuaca/cerah berawan-pm.svg,2026-09-21T12:00:00Z
32,32.71,32.71.02,32.71.02.1004,32.71.02.1004,Jawa Barat,Kota Bogor,Bogor Timur,Sindangsari,2026-09-19T12:00:00,2026-09-21 15:00:00,2026-09-21 22:00:00,50-51,22,95,0,44,2.1,E,122,W,,,1,Cerah,Sunny,https://api-apps.bmkg.go.id/storage/icon/cuaca/cerah-pm.svg,2026-09-21T15:00:00Z
32,32.71,32.71.02,32.71.02.1005,32.71.02.1005,Jawa Barat,Kota Bogor,Bogor Timur,Sindangrasa,2026-09-19T12:00:00,2026-09-19 15:00:00,2026-09-19 22:00:00,2-3,22,86,0,30,6.7,SE,151,NW,,,1,Cerah,Sunny,https://api-apps.bmkg.go.id/storage/icon/cuaca/cerah-pm.svg,2026-09-19T15:00:00Z
32,32.71,32.71.02,32.71.02.1005,32.71.02.1005,Jawa Barat,Kota Bogor,Bogor Timur,Sindangrasa,2026-09-19T12:00:00,2026-09-19 18:00:00,2026-09-20 01:00:00,5-6,22,88,0,19,4.9,SE,146,NW,,,1,Cerah,Sunny,https://api-apps.bmkg.go.id/storage/icon/cuaca/cerah-pm.svg,2026-09-19T18:00:00Z
32,32.71,32.71.02,32.71.02.1005,32.71.02.1005,Jawa Barat,Kota Bogor,Bogor Timur,Sindangrasa,2026-09-19T12:00:00,2026-09-19 21:00:00,2026-09-20 04:00:00,8-9,22,87,0,5,0.4,SE,156,NW,,,0,Cerah,Sunny,https://api-apps.bmkg.go.id/storage/icon/cuaca/cerah-pm.svg,2026-09-19T21:00:00Z
32,32.71,32.71.02,32.71.02.1005,32.71.02.1005,Jawa Barat,Kota Bogor,Bogor Timur,Sindangrasa,2026-09-19T12:00:00,2026-09-20 00:00:00,2026-09-20 07:00:00,11-12,24,79,0,18,7,N,7,S,,,1,Cerah,Sunny,https://api-apps.bmkg.go.id/storage/icon/cuaca/cerah-am.svg,2026-09-20T00:00:00Z
32,32.71,32.71.02,32.71.02.1005,32.71.02.1005,Jawa Barat,Kota Bogor,Bogor Timur,Sindangrasa,2026-09-19T12:00:00,2026-09-20 03:00:00,2026-09-20 10:00:00,14-15,28,65,0.2,59,6.7,NW,341,SE,,,1,Cerah,Sunny,https://api-apps.bmkg.go.id/storage/icon/cuaca/cerah-am.svg,2026-09-20T03:00:00Z
32,32.71,32.71.02,32.71.02.1005,32.71.02.1005,Jawa Barat,Kota Bogor,Bogor Timur,Sindangrasa,2026-09-19T12:00:00,2026-09-20 06:00:00,2026-09-20 13:00:00,17-18,29,57,0.2,16,6.8,NE,82,SW,,,1,Cerah,Sunny,https://api-apps.bmkg.go.id/storage/icon/cuaca/cerah-am.svg,2026-09-20T06:00:00Z
32,32.71,32.71.02,32.71.02.1005,32.71.02.1005,Jawa Barat,Kota Bogor,Bogor Timur,Sindangrasa,2026-09-19T12:00:00,2026-09-20 09:00:00,2026-09-20 16:00:00,20-21,26,71,0.8,37,4,S,206,N,,,1,Cerah,Sunny,https://api-apps.bmkg.go.id/storage/icon/cuaca/cerah-am.svg,2026-09-20T09:00:00Z
32,32.71,32.71.02,32.71.02.1005,32.71.02.1005,Jawa Barat,Kota Bogor,Bogor Timur,Sindangrasa,2026-09-19T12:00:00,2026-09-20 12:00:00,2026-09-20 19:00:00,23-24,24,92,0,23,1.2,NE,57,SW,,,1,Cerah,Sunny,https://api-apps.bmkg.go.id/storage/icon/cuaca/cerah-pm.svg,2026-09-20T12:00:00Z
32,32.71,32.71.02,32.71.02.1005,32.71.02.1005,Jawa Barat,Kota Bogor,Bogor Timur,Sindangrasa,2026-09-19T12:00:00,2026-09-20 15:00:00,2026-09-20 22:00:00,26-27,23,95,0,57,3.5,N,27,S,,,1,Cerah,Sunny,https://api-apps.bmkg.go.id/storage/icon/cuaca/cerah-pm.svg,2026-09-20T15:00:00Z
32,32.71,32.71.02,32.71.02.1005,32.71.02.1005,Jawa Barat,Kota Bogor,Bogor Timur,Sindangrasa,2026-09-19T12:00:00,2026-09-20 18:00:00,2026-09-21 01:00:00,29-30,22,96,0,56,1,N,19,S,,,1,Cerah,Sunny,https://api-apps.bmkg.go.id/storage/icon/cuaca/cerah-pm.svg,2026-09-20T18:00:00Z
32,32.71,32.71.02,32.71.02.1005,32.71.02.1005,Jawa Barat,Kota Bogor,Bogor Timur,Sindangrasa,2026-09-19T12:00:00,2026-09-20 21:00:00,2026-09-21 04:00:00,32-33,22,94,0,28,2.8,E,128,W,,,1,Cerah,Sunny,https://api-apps.bmkg.go.id/storage/icon/cuaca/cerah-pm.svg,2026-09-20T21:00:00Z
32,32.71,32.71.02,32.71.02.1005,32.71.02.1005,Jawa Barat,Kota Bogor,Bogor Timur,Sindangrasa,2026-09-19T12:00:00,2026-09-21 00:00:00,2026-09-21 07:00:00,35-36,26,75,0,22,2.1,SE,170,NW,,,1,Cerah,Sunny,https://api-apps.bmkg.go.id/storage/icon/cuaca/cerah-am.svg,2026-09-21T00:00:00Z
32,32.71,32.71.02,32.71.02.1005,32.71.02.1005,Jawa Barat,Kota Bogor,Bogor Timur,Sindangrasa,2026-09-19T12:00:00,2026-09-21 03:00:00,2026-09-21 10:00:00,38-39,29,63,0.3,27,7.7,NW,351,SE,,,1,Cerah,Sunny,https://api-apps.bmkg.go.id/storage/icon/cuaca/cerah-am.svg,2026-09-21T03:00:00Z
32,32.71,32.71.02,32.71.02.1005,32.71.02.1005,Jawa Barat,Kota Bogor,Bogor Timur,Sindangrasa,2026-09-19T12:00:00,2026-09-21 06:00:00,2026-09-21 13:00:00,41-42,28,69,0.7,71,7.5,NE,62,SW,,,2,Cerah Berawan,Partly Cloudy,https://api-apps.bmkg.go.id/storage/icon/cuaca/cerah berawan-am.svg,2026-09-21T06:00:00Z
32,32.71,32.71.02,32.71.02.1005,32.71.02.1005,Jawa Barat,Kota Bogor,Bogor Timur,Sindangrasa,2026-09-19T12:00:00,2026-09-21 09:00:00,2026-09-21 16:00:00,44-45,25,84,0.7,49,3,SW,254,NE,,,1,Cerah,Sunny,https://api-apps.bmkg.go.id/storage/icon/cuaca/cerah-am.svg,2026-09-21T09:00:00Z
32,32.71,32.71.02,32.71.02.1005,32.71.02.1005,Jawa Barat,Kota Bogor,Bogor Timur,Sindangrasa,2026-09-19T12:00:00,2026-09-21 12:00:00,2026-09-21 19:00:00,47-48,23,95,0,62,3.8,SE,156,NW,,,2,Cerah Berawan,Partly Cloudy,https://api-apps.bmkg.go.id/storage/icon/cuaca/cerah berawan-pm.svg,2026-09-21T12:00:00Z
32,32.71,32.71.02,32.71.02.1005,32.71.02.1005,Jawa Barat,Kota Bogor,Bogor Timur,Sindangrasa,2026-09-19T12:00:00,2026-09-21 15:00:00,2026-09-21 22:00:00,50-51,22,95,0,40,5.9,SE,148,NW,,,1,Cerah,Sunny,https://api-apps.bmkg.go.id/storage/icon/cuaca/cerah-pm.svg,2026-09-21T15:00:00Z
32,32.71,32.71.02,32.71.02.1006,32.71.02.1006,Jawa Barat,Kota Bogor,Bogor Timur,Tajur,2026-09-19T12:00:00,2026-09-19 15:00:00,2026-09-19 22:00:00,2-3,23,84,0,31,7.4,SE,171,NW,,,1,Cerah,Sunny,https://api-apps.bmkg.go.id/storage/icon/cuaca/cerah-pm.svg,2026-09-19T15:00:00Z
32,32.71,32.71.02,32.71.02.1006,32.71.02.1006,Jawa Barat,Kota Bogor,Bogor Timur,Tajur,2026-09-19T12:00:00,2026-09-19 18:00:00,2026-09-20 01:00:00,5-6,22,87,0,22,5,SE,175,NW,,,1,Cerah,Sunny,https://api-apps.bmkg.go.id/storage/icon/cuaca/cerah-pm.svg,2026-09-19T18:00:00Z
32,32.71,32.71.02,32.71.02.1006,32.71.02.1006,Jawa Barat,Kota Bogor,Bogor Timur,Tajur,2026-09-19T12:00:00,2026-09-19 21:00:00,2026-09-20 04:00:00,8-9,22,85,0,6,1.8,SE,165,NW,,,0,Cerah,Sunny,https://api-apps.bmkg.go.id/storage/icon/cuaca/cerah-pm.svg,2026-09-19T21:00:00Z
32,32.71,32.71.02,32.71.02.1006,32.71.02.1006,Jawa Barat,Kota Bogor,Bogor Timur,Tajur,2026-09-19T12:00:00,2026-09-20 00:00:00,2026-09-20 07:00:00,11-12,25,78,0,18,7.1,N,7,S,,,1,Cerah,Sunny,https://api-apps.bmkg.go.id/storage/icon/cuaca/cerah-am.svg,2026-09-20T00:00:00Z
32,32.71,32.71.02,32.71.02.1006,32.71.02.1006,Jawa Barat,Kota Bogor,Bogor Timur,Tajur,2026-09-19T12:00:00,2026-09-20 03:00:00,2026-09-20 10:00:00,14-15,28,64,0,48,7.8,NW,353,SE,,,1,Cerah,Sunny,https://api-apps.bmkg.go.id/storage/icon/cuaca/cerah-am.svg,2026-09-20T03:00:00Z
32,32.71,32.71.02,32.71.02.1006,32.71.02.1006,Jawa Barat,Kota Bogor,Bogor Timur,Tajur,2026-09-19T12:00:00,2026-09-20 06:00:00,2026-09-20 13:00:00,17-18,30,53,0.2,14,10.7,E,132,W,,,1,Cerah,Sunny,https://api-apps.bmkg.go.id/storage/icon/cuaca/cerah-am.svg,2026-09-20T06:00:00Z
32,32.71,32.71.02,32.71.02.1006,32.71.02.1006,Jawa Barat,Kota Bogor,Bogor Timur,Tajur,2026-09-19T12:00:00,2026-09-20 09:00:00,2026-09-20 16:00:00,20-21,27,70,0.9,38,2,NW,346,SE,,,1,Cerah,Sunny,https://api-apps.bmkg.go.id/storage/icon/cuaca/cerah-am.svg,2026-09-20T09:00:00Z
32,32.71,32.71.02,32.71.02.1006,32.71.02.1006,Jawa Barat,Kota Bogor,Bogor Timur,Tajur,2026-09-19T12:00:00,2026-09-20 12:00:00,2026-09-20 19:00:00,23-24,24,89,0,22,5.7,N,27,S,,,1,Cerah,Sunny,https://api-apps.bmkg.go.id/storage/icon/cuaca/cerah-pm.svg,2026-09-20T12:00:00Z
32,32.71,32.71.02,32.71.02.1006,32.71.02.1006,Jawa Barat,Kota Bogor,Bogor Timur,Tajur,2026-09-19T12:00:00,2026-09-20 15:00:00,2026-09-20 22:00:00,26-27,24,93,0,44,0.8,S,220,N,,,1,Cerah,Sunny,https://api-apps.bmkg.go.id/storage/icon/cuaca/cerah-pm.svg,2026-09-20T15:00:00Z
32,32.71,32.71.02,32.71.02.1006,32.71.02.1006,Jawa Barat,Kota Bogor,Bogor Timur,Tajur,2026-09-19T12:00:00,2026-09-20 18:00:00,2026-09-21 01:00:00,29-30,23,94,0,41,2.8,S,206,N,,,1,Cerah,Sunny,https://api-apps.bmkg.go.id/storage/icon/cuaca/cerah-pm.svg,2026-09-20T18:00:00Z
32,32.71,32.71.02,32.71.02.1006,32.71.02.1006,Jawa Barat,Kota Bogor,Bogor Timur,Tajur,2026-09-19T12:00:00,2026-09-20 21:00:00,2026-09-21 04:00:00,32-33,22,92,0,23,3.5,SE,174,NW,,,1,Cerah,Sunny,https://api-apps.bmkg.go.id/storage/icon/cuaca/cerah-pm.svg,2026-09-20T21:00:00Z
32,32.71,32.71.02,32.71.02.1006,32.71.02.1006,Jawa Barat,Kota Bogor,Bogor Timur,Tajur,2026-09-19T12:00:00,2026-09-21 00:00:00,2026-09-21 07:00:00,35-36,26,74,0,17,2.1,SE,138,NW,,,1,Cerah,Sunny,https://api-apps.bmkg.go.id/storage/icon/cuaca/cerah-am.svg,2026-09-21T00:00:00Z
32,32.71,32.71.02,32.71.02.1006,32.71.02.1006,Jawa Barat,Kota Bogor,Bogor Timur,Tajur,2026-09-19T12:00:00,2026-09-21 03:00:00,2026-09-21 10:00:00,38-39,29,61,0.2,25,3.9,N,30,S,,,1,Cerah,Sunny,https://api-apps.bmkg.go.id/storage/icon/cuaca/cerah-am.svg,2026-09-21T03:00:00Z
32,32.71,32.71.02,32.71.02.1006,32.71.02.1006,Jawa Barat,Kota Bogor,Bogor Timur,Tajur,2026-09-19T12:00:00,2026-09-21 06:00:00,2026-09-21 13:00:00,41-42,29,64,0.6,64,5.7,N,45,S,,,2,Cerah Berawan,Partly Cloudy,https://api-apps.bmkg.go.id/storage/icon/cuaca/cerah berawan-am.svg,2026-09-21T06:00:00Z
32,32.71,32.71.02,32.71.02.1006,32.71.02.1006,Jawa Barat,Kota Bogor,Bogor Timur,Tajur,2026-09-19T12:00:00,2026-09-21 09:00:00,2026-09-21 16:00:00,44-45,26,82,0.4,49,5.7,NW,317,SE,,,1,Cerah,Sunny,https://api-apps.bmkg.go.id/storage/icon/cuaca/cerah-am.svg,2026-09-21T09:00:00Z
32,32.71,32.71.02,32.71.02.1006,32.71.02.1006,Jawa Barat,Kota Bogor,Bogor Timur,Tajur,2026-09-19T12:00:00,2026-09-21 12:00:00,2026-09-21 19:00:00,47-48,24,94,0,62,2.6,N,39,S,,,2,Cerah Berawan,Partly Cloudy,https://api-apps.bmkg.go.id/storage/icon/cuaca/cerah berawan-pm.svg,2026-09-21T12:00:00Z
32,32.71,32.71.02,32.71.02.1006,32.71.02.1006,Jawa Barat,Kota Bogor,Bogor Timur,Tajur,2026-09-19T12:00:00,2026-09-21 15:00:00,2026-09-21 22:00:00,50-51,23,94,0,35,4,SE,158,NW,,,1,Cerah,Sunny,https://api-apps.bmkg.go.id/storage/icon/cuaca/cerah-pm.svg,2026-09-21T15:00:00Z
32,32.71,32.71.03,32.71.03.1001,32.71.03.1001,Jawa Barat,Kota Bogor,Bogor Tengah,Gudang,2026-09-19T12:00:00,2026-09-19 15:00:00,2026-09-19 22:00:00,2-3,24,80,0,24,7.4,SE,171,NW,,,1,Cerah,Sunny,https://api-apps.bmkg.go.id/storage/icon/cuaca/cerah-pm.svg,2026-09-19T15:00:00Z
32,32.71,32.71.03,32.71.03.1001,32.71.03.1001,Jawa Barat,Kota Bogor,Bogor Tengah,Gudang,2026-09-19T12:00:00,2026-09-19 18:00:00,2026-09-20 01:00:00,5-6,23,86,0,25,5,SE,175,NW,,,1,Cerah,Sunny,https://api-apps.bmkg.go.id/storage/icon/cuaca/cerah-pm.svg,2026-09-19T18:00:00Z
32,32.71,32.71.03,32.71.03.1001,32.71.03.1001,Jawa Barat,Kota Bogor,Bogor Tengah,Gudang,2026-09-19T12:00:00,2026-09-19 21:00:00,2026-09-20 04:00:00,8-9,23,84,0,7,1.8,SE,165,NW,,,0,Cerah,Sunny,https://api-apps.bmkg.go.id/storage/icon/cuaca/cerah-pm.svg,2026-09-19T21:00:00Z
32,32.71,32.71.03,32.71.03.1001,32.71.03.1001,Jawa Barat,Kota Bogor,Bogor Tengah,Gudang,2026-09-19T12:00:00,2026-09-20 00:00:00,2026-09-20 07:00:00,11-12,25,76,0,16,7.1,N,7,S,,,1,Cerah,Sunny,https://api-apps.bmkg.go.id/storage/icon/cuaca/cerah-am.svg,2026-09-20T00:00:00Z
32,32.71,32.71.03,32.71.03.1001,32.71.03.1001,Jawa Barat,Kota Bogor,Bogor Tengah,Gudang,2026-09-19T12:00:00,2026-09-20 03:00:00,2026-09-20 10:00:00,14-15,30,60,0,34,7.8,NW,353,SE,,,1,Cerah,Sunny,https://api-apps.bmkg.go.id/storage/icon/cuaca/cerah-am.svg,2026-09-20T03:00:00Z
32,32.71,32.71.03,32.71.03.1001,32.71.03.1001,Jawa Barat,Kota Bogor,Bogor Tengah,Gudang,2026-09-19T12:00:00,2026-09-20 06:00:00,2026-09-20 13:00:00,17-18,32,46,0.1,12,10.7,E,132,W,,,1,Cerah,Sunny,https://api-apps.bmkg.go.id/storage/icon/cuaca/cerah-am.svg,2026-09-20T06:00:00Z
32,32.71,32.71.03,32.71.03.1001,32.71.03.1001,Jawa Barat,Kota Bogor,Bogor Tengah,Gudang,2026-09-19T12:00:00,2026-09-20 09:00:00,2026-09-20 16:00:00,20-21,28,63,1.3,36,2,NW,346,SE,,,61,Hujan Ringan,Light Rain,https://api-apps.bmkg.go.id/storage/icon/cuaca/hujan ringan-am.svg,2026-09-20T09:00:00Z
32,32.71,32.71.03,32.71.03.1001,32.71.03.1001,Jawa Barat,Kota Bogor,Bogor Tengah,Gudang,2026-09-19T12:00:00,2026-09-20 12:00:00,2026-09-20 19:00:00,23-24,25,87,0,22,5.7,N,27,S,,,1,Cerah,Sunny,https://api-apps.bmkg.go.id/storage/icon/cuaca/cerah-pm.svg,2026-09-20T12:00:00Z
32,32.71,32.71.03,32.71.03.1001,32.71.03.1001,Jawa Barat,Kota Bogor,Bogor Tengah,Gudang,2026-09-19T12:00:00,2026-09-20 15:00:00,2026-09-20 22:00:00,26-27,25,90,0,26,0.8,S,220,N,,,1,Cerah,Sunny,https://api-apps.bmkg.go.id/storage/icon/cuaca/cerah-pm.svg,2026-09-20T15:00:00Z
32,32.71,32.71.03,32.71.03.1001,32.71.03.1001,Jawa Barat,Kota Bogor,Bogor Tengah,Gudang,2026-09-19T12:00:00,2026-09-20 18:00:00,2026-09-21 01:00:00,29-30,24,93,0,25,2.8,S,206,N,,,1,Cerah,Sunny,https://api-apps.bmkg.go.id/storage/icon/cuaca/cerah-pm.svg,2026-09-20T18:00:00Z
32,32.71,32.71.03,32.71.03.1001,32.71.03.1001,Jawa Barat,Kota Bogor,Bogor Tengah,Gudang,2026-09-19T12:00:00,2026-09-20 21:00:00,2026-09-21 04:00:00,32-33,23,91,0,11,3.5,SE,174,NW,,,1,Cerah,Sunny,https://api-apps.bmkg.go.id/storage/icon/cuaca/cerah-pm.svg,2026-09-20T21:00:00Z
32,32.71,32.71.03,32.71.03.1001,32.71.03.1001,Jawa Barat,Kota Bogor,Bogor Tengah,Gudang,2026-09-19T12:00:00,2026-09-21 00:00:00,2026-09-21 07:00:00,35-36,27,70,0,11,2.1,SE,138,NW,,,1,Cerah,Sunny,https://api-apps.bmkg.go.id/storage/icon/cuaca/cerah-am.svg,2026-09-21T00:00:00Z
32,32.71,32.71.03,32.71.03.1001,32.71.03.1001,Jawa Barat,Kota Bogor,Bogor Tengah,Gudang,2026-09-19T12:00:00,2026-09-21 03:00:00,2026-09-21 10:00:00,38-39,31,58,0.1,26,3.9,N,30,S,,,1,Cerah,Sunny,https://api-apps.bmkg.go.id/storage/icon/cuaca/cerah-am.svg,2026-09-21T03:00:00Z
32,32.71,32.71.03,32.71.03.1001,32.71.03.1001,Jawa Barat,Kota Bogor,Bogor Tengah,Gudang,2026-09-19T12:00:00,2026-09-21 06:00:00,2026-09-21 13:00:00,41-42,31,56,0.4,58,5.7,N,45,S,,,1,Cerah,Sunny,https://api-apps.bmkg.go.id/storage/icon/cuaca/cerah-am.svg,2026-09-21T06:00:00Z
32,32.71,32.71.03,32.71.03.1001,32.71.03.1001,Jawa Barat,Kota Bogor,Bogor Tengah,Gudang,2026-09-19T12:00:00,2026-09-21 09:00:00,2026-09-21 16:00:00,44-45,27,77,0.9,54,5.7,NW,317,SE,,,1,Cerah,Sunny,https://api-apps.bmkg.go.id/storage/icon/cuaca/cerah-am.svg,2026-09-21T09:00:00Z
32,32.71,32.71.03,32.71.03.1001,32.71.03.1001,Jawa Barat,Kota Bogor,Bogor Tengah,Gudang,2026-09-19T12:00:00,2026-09-21 12:00:00,2026-09-21 19:00:00,47-48,25,92,0,60,2.6,N,39,S,,,1,Cerah,Sunny,https://api-apps.bmkg.go.id/storage/icon/cuaca/cerah-pm.svg,2026-09-21T12:00:00Z
32,32.71,32.71.03,32.71.03.1001,32.71.03.1001,Jawa Barat,Kota Bogor,Bogor Tengah,Gudang,2026-09-19T12:00:00,2026-09-21 15:00:00,2026-09-21 22:00:00,50-51,24,93,0,28,4,SE,158,NW,,,1,Cerah,Sunny,https://api-apps.bmkg.go.id/storage/icon/cuaca/cerah-pm.svg,2026-09-21T15:00:00Z
32,32.71,32.71.03,32.71.03.1002,32.71.03.1002,Jawa Barat,Kota Bogor,Bogor Tengah,Paledang,2026-09-19T12:00:00,2026-09-19 15:00:00,2026-09-19 22:00:00,2-3,24,80,0,24,7.4,SE,171,NW,,,1,Cerah,Sunny,https://api-apps.bmkg.go.id/storage/icon/cuaca/cerah-pm.svg,2026-09-19T15:00:00Z
32,32.71,32.71.03,32.71.03.1002,32.71.03.1002,Jawa Barat,Kota Bogor,Bogor Tengah,Paledang,2026-09-19T12:00:00,2026-09-19 18:00:00,2026-09-20 01:00:00,5-6,23,86,0,25,5,SE,175,NW,,,1,Cerah,Sunny,https://api-apps.bmkg.go.id/storage/icon/cuaca/cerah-pm.svg,2026-09-19T18:00:00Z
32,32.71,32.71.03,32.71.03.1002,32.71.03.1002,Jawa Barat,Kota Bogor,Bogor Tengah,Paledang,2026-09-19T12:00:00,2026-09-19 21:00:00,2026-09-20 04:00:00,8-9,23,84,0,7,1.8,SE,165,NW,,,0,Cerah,Sunny,https://api-apps.bmkg.go.id/storage/icon/cuaca/cerah-pm.svg,2026-09-19T21:00:00Z
32,32.71,32.71.03,32.71.03.1002,32.71.03.1002,Jawa Barat,Kota Bogor,Bogor Tengah,Paledang,2026-09-19T12:00:00,2026-09-20 00:00:00,2026-09-20 07:00:00,11-12,25,76,0,16,7.1,N,7,S,,,1,Cerah,Sunny,https://api-apps.bmkg.go.id/storage/icon/cuaca/cerah-am.svg,2026-09-20T00:00:00Z
32,32.71,32.71.03,32.71.03.1002,32.71.03.1002,Jawa Barat,Kota Bogor,Bogor Tengah,Paledang,2026-09-19T12:00:00,2026-09-20 03:00:00,2026-09-20 10:00:00,14-15,30,60,0,34,7.8,NW,353,SE,,,1,Cerah,Sunny,https://api-apps.bmkg.go.id/storage/icon/cuaca/cerah-am.svg,2026-09-20T03:00:00Z
32,32.71,32.71.03,32.71.03.1002,32.71.03.1002,Jawa Barat,Kota Bogor,Bogor Tengah,Paledang,2026-09-19T12:00:00,2026-09-20 06:00:00,2026-09-20 13:00:00,17-18,32,46,0.1,12,10.7,E,132,W,,,1,Cerah,Sunny,https://api-apps.bmkg.go.id/storage/icon/cuaca/cerah-am.svg,2026-09-20T06:00:00Z
32,32.71,32.71.03,32.71.03.1002,32.71.03.1002,Jawa Barat,Kota Bogor,Bogor Tengah,Paledang,2026-09-19T12:00:00,2026-09-20 09:00:00,2026-09-20 16:00:00,20-21,28,63,1.3,36,2,NW,346,SE,,,61,Hujan Ringan,Light Rain,https://api-apps.bmkg.go.id/storage/icon/cuaca/hujan ringan-am.svg,2026-09-20T09:00:00Z
32,32.71,32.71.03,32.71.03.1002,32.71.03.1002,Jawa Barat,Kota Bogor,Bogor Tengah,Paledang,2026-09-19T12:00:00,2026-09-20 12:00:00,2026-09-20 19:00:00,23-24,25,87,0,22,5.7,N,27,S,,,1,Cerah,Sunny,https://api-apps.bmkg.go.id/storage/icon/cuaca/cerah-pm.svg,2026-09-20T12:00:00Z
32,32.71,32.71.03,32.71.03.1002,32.71.03.1002,Jawa Barat,Kota Bogor,Bogor Tengah,Paledang,2026-09-19T12:00:00,2026-09-20 15:00:00,2026-09-20 22:00:00,26-27,25,90,0,26,0.8,S,220,N,,,1,Cerah,Sunny,https://api-apps.bmkg.go.id/storage/icon/cuaca/cerah-pm.svg,2026-09-20T15:00:00Z
32,32.71,32.71.03,32.71.03.1002,32.71.03.1002,Jawa Barat,Kota Bogor,Bogor Tengah,Paledang,2026-09-19T12:00:00,2026-09-20 18:00:00,2026-09-21 01:00:00,29-30,24,93,0,25,2.8,S,206,N,,,1,Cerah,Sunny,https://api-apps.bmkg.go.id/storage/icon/cuaca/cerah-pm.svg,2026-09-20T18:00:00Z
32,32.71,32.71.03,32.71.03.1002,32.71.03.1002,Jawa Barat,Kota Bogor,Bogor Tengah,Paledang,2026-09-19T12:00:00,2026-09-20 21:00:00,2026-09-21 04:00:00,32-33,23,91,0,11,3.5,SE,174,NW,,,1,Cerah,Sunny,https://api-apps.bmkg.go.id/storage/icon/cuaca/cerah-pm.svg,2026-09-20T21:00:00Z
32,32.71,32.71.03,32.71.03.1002,32.71.03.1002,Jawa Barat,Kota Bogor,Bogor Tengah,Paledang,2026-09-19T12:00:00,2026-09-21 00:00:00,2026-09-21 07:00:00,35-36,27,70,0,11,2.1,SE,138,NW,,,1,Cerah,Sunny,https://api-apps.bmkg.go.id/storage/icon/cuaca/cerah-am.svg,2026-09-21T00:00:00Z
32,32.71,32.71.03,32.71.03.1002,32.71.03.1002,Jawa Barat,Kota Bogor,Bogor Tengah,Paledang,2026-09-19T12:00:00,2026-09-21 03:00:00,2026-09-21 10:00:00,38-39,31,58,0.1,26,3.9,N,30,S,,,1,Cerah,Sunny,https://api-apps.bmkg.go.id/storage/icon/cuaca/cerah-am.svg,2026-09-21T03:00:00Z
32,32.71,32.71.03,32.71.03.1002,32.71.03.1002,Jawa Barat,Kota Bogor,Bogor Tengah,Paledang,2026-09-19T12:00:00,2026-09-21 06:00:00,2026-09-21 13:00:00,41-42,31,56,0.4,58,5.7,N,45,S,,,1,Cerah,Sunny,https://api-apps.bmkg.go.id/storage/icon/cuaca/cerah-am.svg,2026-09-21T06:00:00Z
32,32.71,32.71.03,32.71.03.1002,32.71.03.1002,Jawa Barat,Kota Bogor,Bogor Tengah,Paledang,2026-09-19T12:00:00,2026-09-21 09:00:00,2026-09-21 16:00:00,44-45,27,77,0.9,54,5.7,NW,317,SE,,,1,Cerah,Sunny,https://api-apps.bmkg.go.id/storage/icon/cuaca/cerah-am.svg,2026-09-21T09:00:00Z
32,32.71,32.71.03,32.71.03.1002,32.71.03.1002,Jawa Barat,Kota Bogor,Bogor Tengah,Paledang,2026-09-19T12:00:00,2026-09-21 12:00:00,2026-09-21 19:00:00,47-48,25,92,0,60,2.6,N,39,S,,,1,Cerah,Sunny,https://api-apps.bmkg.go.id/storage/icon/cuaca/cerah-pm.svg,2026-09-21T12:00:00Z
32,32.71,32.71.03,32.71.03.1002,32.71.03.1002,Jawa Barat,Kota Bogor,Bogor Tengah,Paledang,2026-09-19T12:00:00,2026-09-21 15:00:00,2026-09-21 22:00:00,50-51,24,93,0,28,4,SE,158,NW,,,1,Cerah,Sunny,https://api-apps.bmkg.go.id/storage/icon/cuaca/cerah-pm.svg,2026-09-21T15:00:00Z
32,32.71,32.71.03,32.71.03.1003,32.71.03.1003,Jawa Barat,Kota Bogor,Bogor Tengah,Pabaton,2026-09-19T12:00:00,2026-09-19 15:00:00,2026-09-19 22:00:00,2-3,24,80,0,24,7.4,SE,171,NW,,,1,Cerah,Sunny,https://api-apps.bmkg.go.id/storage/icon/cuaca/cerah-pm.svg,2026-09-19T15:00:00Z
32,32.71,32.71.03,32.71.03.1003,32.71.03.1003,Jawa Barat,Kota Bogor,Bogor Tengah,Pabaton,2026-09-19T12:00:00,2026-09-19 18:00:00,2026-09-20 01:00:00,5-6,23,86,0,25,5,SE,175,NW,,,1,Cerah,Sunny,https://api-apps.bmkg.go.id/storage/icon/cuaca/cerah-pm.svg,2026-09-19T18:00:00Z
32,32.71,32.71.03,32.71.03.1003,32.71.03.1003,Jawa Barat,Kota Bogor,Bogor Tengah,Pabaton,2026-09-19T12:00:00,2026-09-19 21:00:00,2026-09-20 04:00:00,8-9,23,84,0,7,1.8,SE,165,NW,,,0,Cerah,Sunny,https://api-apps.bmkg.go.id/storage/icon/cuaca/cerah-pm.svg,2026-09-19T21:00:00Z
32,32.71,32.71.03,32.71.03.1003,32.71.03.1003,Jawa Barat,Kota Bogor,Bogor Tengah,Pabaton,2026-09-19T12:00:00,2026-09-20 00:00:00,2026-09-20 07:00:00,11-12,25,76,0,16,7.1,N,7,S,,,1,Cerah,Sunny,https://api-apps.bmkg.go.id/storage/icon/cuaca/cerah-am.svg,2026-09-20T00:00:00Z
32,32.71,32.71.03,32.71.03.1003,32.71.03.1003,Jawa Barat,Kota Bogor,Bogor Tengah,Pabaton,2026-09-19T12:00:00,2026-09-20 03:00:00,2026-09-20 10:00:00,14-15,30,60,0,34,7.8,NW,353,SE,,,1,Cerah,Sunny,https://api-apps.bmkg.go.id/storage/icon/cuaca/cerah-am.svg,2026-09-20T03:00:00Z
32,32.71,32.71.03,32.71.03.1003,32.71.03.1003,Jawa Barat,Kota Bogor,Bogor Tengah,Pabaton,2026-09-19T12:00:00,2026-09-20 06:00:00,2026-09-20 13:00:00,17-18,32,46,0.1,12,10.7,E,132,W,,,1,Cerah,Sunny,https://api-apps.bmkg.go.id/storage/icon/cuaca/cerah-am.svg,2026-09-20T06:00:00Z
32,32.71,32.71.03,32.71.03.1003,32.71.03.1003,Jawa Barat,Kota Bogor,Bogor Tengah,Pabaton,2026-09-19T12:00:00,2026-09-20 09:00:00,2026-09-20 16:00:00,20-21,28,63,1.3,36,2,NW,346,SE,,,61,Hujan Ringan,Light Rain,https://api-apps.bmkg.go.id/storage/icon/cuaca/hujan ringan-am.svg,2026-09-20T09:00:00Z
32,32.71,32.71.03,32.71.03.1003,32.71.03.1003,Jawa Barat,Kota Bogor,Bogor Tengah,Pabaton,2026-09-19T12:00:00,2026-09-20 12:00:00,2026-09-20 19:00:00,23-24,25,87,0,22,5.7,N,27,S,,,1,Cerah,Sunny,https://api-apps.bmkg.go.id/storage/icon/cuaca/cerah-pm.svg,2026-09-20T12:00:00Z
32,32.71,32.71.03,32.71.03.1003,32.71.03.1003,Jawa Barat,Kota Bogor,Bogor Tengah,Pabaton,2026-09-19T12:00:00,2026-09-20 15:00:00,2026-09-20 22:00:00,26-27,25,90,0,26,0.8,S,220,N,,,1,Cerah,Sunny,https://api-apps.bmkg.go.id/storage/icon/cuaca/cerah-pm.svg,2026-09-20T15:00:00Z
32,32.71,32.71.03,32.71.03.1003,32.71.03.1003,Jawa Barat,Kota Bogor,Bogor Tengah,Pabaton,2026-09-19T12:00:00,2026-09-20 18:00:00,2026-09-21 01:00:00,29-30,24,93,0,25,2.8,S,206,N,,,1,Cerah,Sunny,https://api-apps.bmkg.go.id/storage/icon/cuaca/cerah-pm.svg,2026-09-20T18:00:00Z
32,32.71,32.71.03,32.71.03.1003,32.71.03.1003,Jawa Barat,Kota Bogor,Bogor Tengah,Pabaton,2026-09-19T12:00:00,2026-09-20 21:00:00,2026-09-21 04:00:00,32-33,23,91,0,11,3.5,SE,174,NW,,,1,Cerah,Sunny,https://api-apps.bmkg.go.id/storage/icon/cuaca/cerah-pm.svg,2026-09-20T21:00:00Z
32,32.71,32.71.03,32.71.03.1003,32.71.03.1003,Jawa Barat,Kota Bogor,Bogor Tengah,Pabaton,2026-09-19T12:00:00,2026-09-21 00:00:00,2026-09-21 07:00:00,35-36,27,70,0,11,2.1,SE,138,NW,,,1,Cerah,Sunny,https://api-apps.bmkg.go.id/storage/icon/cuaca/cerah-am.svg,2026-09-21T00:00:00Z
32,32.71,32.71.03,32.71.03.1003,32.71.03.1003,Jawa Barat,Kota Bogor,Bogor Tengah,Pabaton,2026-09-19T12:00:00,2026-09-21 03:00:00,2026-09-21 10:00:00,38-39,31,58,0.1,26,3.9,N,30,S,,,1,Cerah,Sunny,https://api-apps.bmkg.go.id/storage/icon/cuaca/cerah-am.svg,2026-09-21T03:00:00Z
32,32.71,32.71.03,32.71.03.1003,32.71.03.1003,Jawa Barat,Kota Bogor,Bogor Tengah,Pabaton,2026-09-19T12:00:00,2026-09-21 06:00:00,2026-09-21 13:00:00,41-42,31,56,0.4,58,5.7,N,45,S,,,1,Cerah,Sunny,https://api-apps.bmkg.go.id/storage/icon/cuaca/cerah-am.svg,2026-09-21T06:00:00Z
32,32.71,32.71.03,32.71.03.1003,32.71.03.1003,Jawa Barat,Kota Bogor,Bogor Tengah,Pabaton,2026-09-19T12:00:00,2026-09-21 09:00:00,2026-09-21 16:00:00,44-45,27,77,0.9,54,5.7,NW,317,SE,,,1,Cerah,Sunny,https://api-apps.bmkg.go.id/storage/icon/cuaca/cerah-am.svg,2026-09-21T09:00:00Z
32,32.71,32.71.03,32.71.03.1003,32.71.03.1003,Jawa Barat,Kota Bogor,Bogor Tengah,Pabaton,2026-09-19T12:00:00,2026-09-21 12:00:00,2026-09-21 19:00:00,47-48,25,92,0,60,2.6,N,39,S,,,1,Cerah,Sunny,https://api-apps.bmkg.go.id/storage/icon/cuaca/cerah-pm.svg,2026-09-21T12:00:00Z
32,32.71,32.71.03,32.71.03.1003,32.71.03.1003,Jawa Barat,Kota Bogor,Bogor Tengah,Pabaton,2026-09-19T12:00:00,2026-09-21 15:00:00,2026-09-21 22:00:00,50-51,24,93,0,28,4,SE,158,NW,,,1,Cerah,Sunny,https://api-apps.bmkg.go.id/storage/icon/cuaca/cerah-pm.svg,2026-09-21T15:00:00Z
32,32.71,32.71.03,32.71.03.1004,32.71.03.1004,Jawa Barat,Kota Bogor,Bogor Tengah,Cibogor,2026-09-19T12:00:00,2026-09-19 15:00:00,2026-09-19 22:00:00,2-3,24,80,0,24,7.4,SE,171,NW,,,1,Cerah,Sunny,https://api-apps.bmkg.go.id/storage/icon/cuaca/cerah-pm.svg,2026-09-19T15:00:00Z
32,32.71,32.71.03,32.71.03.1004,32.71.03.1004,Jawa Barat,Kota Bogor,Bogor Tengah,Cibogor,2026-09-19T12:00:00,2026-09-19 18:00:00,2026-09-20 01:00:00,5-6,23,86,0,25,5,SE,175,NW,,,1,Cerah,Sunny,https://api-apps.bmkg.go.id/storage/icon/cuaca/cerah-pm.svg,2026-09-19T18:00:00Z
32,32.71,32.71.03,32.71.03.1004,32.71.03.1004,Jawa Barat,Kota Bogor,Bogor Tengah,Cibogor,2026-09-19T12:00:00,2026-09-19 21:00:00,2026-09-20 04:00:00,8-9,23,84,0,7,1.8,SE,165,NW,,,0,Cerah,Sunny,https://api-apps.bmkg.go.id/storage/icon/cuaca/cerah-pm.svg,2026-09-19T21:00:00Z
32,32.71,32.71.03,32.71.03.1004,32.71.03.1004,Jawa Barat,Kota Bogor,Bogor Tengah,Cibogor,2026-09-19T12:00:00,2026-09-20 00:00:00,2026-09-20 07:00:00,11-12,25,76,0,16,7.1,N,7,S,,,1,Cerah,Sunny,https://api-apps.bmkg.go.id/storage/icon/cuaca/cerah-am.svg,2026-09-20T00:00:00Z
32,32.71,32.71.03,32.71.03.1004,32.71.03.1004,Jawa Barat,Kota Bogor,Bogor Tengah,Cibogor,2026-09-19T12:00:00,2026-09-20 03:00:00,2026-09-20 10:00:00,14-15,30,60,0,34,7.8,NW,353,SE,,,1,Cerah,Sunny,https://api-apps.bmkg.go.id/storage/icon/cuaca/cerah-am.svg,2026-09-20T03:00:00Z
32,32.71,32.71.03,32.71.03.1004,32.71.03.1004,Jawa Barat,Kota Bogor,Bogor Tengah,Cibogor,2026-09-19T12:00:00,2026-09-20 06:00:00,2026-09-20 13:00:00,17-18,32,46,0.1,12,10.7,E,132,W,,,1,Cerah,Sunny,https://api-apps.bmkg.go.id/storage/icon/cuaca/cerah-am.svg,2026-09-20T06:00:00Z
32,32.71,32.71.03,32.71.03.1004,32.71.03.1004,Jawa Barat,Kota Bogor,Bogor Tengah,Cibogor,2026-09-19T12:00:00,2026-09-20 09:00:00,2026-09-20 16:00:00,20-21,28,63,1.3,36,2,NW,346,SE,,,61,Hujan Ringan,Light Rain,https://api-apps.bmkg.go.id/storage/icon/cuaca/hujan ringan-am.svg,2026-09-20T09:00:00Z
32,32.71,32.71.03,32.71.03.1004,32.71.03.1004,Jawa Barat,Kota Bogor,Bogor Tengah,Cibogor,2026-09-19T12:00:00,2026-09-20 12:00:00,2026-09-20 19:00:00,23-24,25,87,0,22,5.7,N,27,S,,,1,Cerah,Sunny,https://api-apps.bmkg.go.id/storage/icon/cuaca/cerah-pm.svg,2026-09-20T12:00:00Z
32,32.71,32.71.03,32.71.03.1004,32.71.03.1004,Jawa Barat,Kota Bogor,Bogor Tengah,Cibogor,2026-09-19T12:00:00,2026-09-20 15:00:00,2026-09-20 22:00:00,26-27,25,90,0,26,0.8,S,220,N,,,1,Cerah,Sunny,https://api-apps.bmkg.go.id/storage/icon/cuaca/cerah-pm.svg,2026-09-20T15:00:00Z
32,32.71,32.71.03,32.71.03.1004,32.71.03.1004,Jawa Barat,Kota Bogor,Bogor Tengah,Cibogor,2026-09-19T12:00:00,2026-09-20 18:00:00,2026-09-21 01:00:00,29-30,24,93,0,25,2.8,S,206,N,,,1,Cerah,Sunny,https://api-apps.bmkg.go.id/storage/icon/cuaca/cerah-pm.svg,2026-09-20T18:00:00Z
32,32.71,32.71.03,32.71.03.1004,32.71.03.1004,Jawa Barat,Kota Bogor,Bogor Tengah,Cibogor,2026-09-19T12:00:00,2026-09-20 21:00:00,2026-09-21 04:00:00,32-33,23,91,0,11,3.5,SE,174,NW,,,1,Cerah,Sunny,https://api-apps.bmkg.go.id/storage/icon/cuaca/cerah-pm.svg,2026-09-20T21:00:00Z
32,32.71,32.71.03,32.71.03.1004,32.71.03.1004,Jawa Barat,Kota Bogor,Bogor Tengah,Cibogor,2026-09-19T12:00:00,2026-09-21 00:00:00,2026-09-21 07:00:00,35-36,27,70,0,11,2.1,SE,138,NW,,,1,Cerah,Sunny,https://api-apps.bmkg.go.id/storage/icon/cuaca/cerah-am.svg,2026-09-21T00:00:00Z
32,32.71,32.71.03,32.71.03.1004,32.71.03.1004,Jawa Barat,Kota Bogor,Bogor Tengah,Cibogor,2026-09-19T12:00:00,2026-09-21 03:00:00,2026-09-21 10:00:00,38-39,31,58,0.1,26,3.9,N,30,S,,,1,Cerah,Sunny,https://api-apps.bmkg.go.id/storage/icon/cuaca/cerah-am.svg,2026-09-21T03:00:00Z
32,32.71,32.71.03,32.71.03.1004,32.71.03.1004,Jawa Barat,Kota Bogor,Bogor Tengah,Cibogor,2026-09-19T12:00:00,2026-09-21 06:00:00,2026-09-21 13:00:00,41-42,31,56,0.4,58,5.7,N,45,S,,,1,Cerah,Sunny,https://api-apps.bmkg.go.id/storage/icon/cuaca/cerah-am.svg,2026-09-21T06:00:00Z
32,32.71,32.71.03,32.71.03.1004,32.71.03.1004,Jawa Barat,Kota Bogor,Bogor Tengah,Cibogor,2026-09-19T12:00:00,2026-09-21 09:00:00,2026-09-21 16:00:00,44-45,27,77,0.9,54,5.7,NW,317,SE,,,1,Cerah,Sunny,https://api-apps.bmkg.go.id/storage/icon/cuaca/cerah-am.svg,2026-09-21T09:00:00Z
32,32.71,32.71.03,32.71.03.1004,32.71.03.1004,Jawa Barat,Kota Bogor,Bogor Tengah,Cibogor,2026-09-19T12:00:00,2026-09-21 12:00:00,2026-09-21 19:00:00,47-48,25,92,0,60,2.6,N,39,S,,,1,Cerah,Sunny,https://api-apps.bmkg.go.id/storage/icon/cuaca/cerah-pm.svg,2026-09-21T12:00:00Z
32,32.71,32.71.03,32.71.03.1004,32.71.03.1004,Jawa Barat,Kota Bogor,Bogor Tengah,Cibogor,2026-09-19T12:00:00,2026-09-21 15:00:00,2026-09-21 22:00:00,50-51,24,93,0,28,4,SE,158,NW,,,1,Cerah,Sunny,https://api-apps.bmkg.go.id/storage/icon/cuaca/cerah-pm.svg,2026-09-21T15:00:00Z
32,32.71,32.71.03,32.71.03.1005,32.71.03.1005,Jawa Barat,Kota Bogor,Bogor Tengah,Babakan,2026-09-19T12:00:00,2026-09-19 15:00:00,2026-09-19 22:00:00,2-3,24,80,0,24,7.4,SE,171,NW,,,1,Cerah,Sunny,https://api-apps.bmkg.go.id/storage/icon/cuaca/cerah-pm.svg,2026-09-19T15:00:00Z
32,32.71,32.71.03,32.71.03.1005,32.71.03.1005,Jawa Barat,Kota Bogor,Bogor Tengah,Babakan,2026-09-19T12:00:00,2026-09-19 18:00:00,2026-09-20 01:00:00,5-6,23,86,0,25,5,SE,175,NW,,,1,Cerah,Sunny,https://api-apps.bmkg.go.id/storage/icon/cuaca/cerah-pm.svg,2026-09-19T18:00:00Z
32,32.71,32.71.03,32.71.03.1005,32.71.03.1005,Jawa Barat,Kota Bogor,Bogor Tengah,Babakan,2026-09-19T12:00:00,2026-09-19 21:00:00,2026-09-20 04:00:00,8-9,23,84,0,7,1.8,SE,165,NW,,,0,Cerah,Sunny,https://api-apps.bmkg.go.id/storage/icon/cuaca/cerah-pm.svg,2026-09-19T21:00:00Z
32,32.71,32.71.03,32.71.03.1005,32.71.03.1005,Jawa Barat,Kota Bogor,Bogor Tengah,Babakan,2026-09-19T12:00:00,2026-09-20 00:00:00,2026-09-20 07:00:00,11-12,25,76,0,16,7.1,N,7,S,,,1,Cerah,Sunny,https://api-apps.bmkg.go.id/storage/icon/cuaca/cerah-am.svg,2026-09-20T00:00:00Z
32,32.71,32.71.03,32.71.03.1005,32.71.03.1005,Jawa Barat,Kota Bogor,Bogor Tengah,Babakan,2026-09-19T12:00:00,2026-09-20 03:00:00,2026-09-20 10:00:00,14-15,30,60,0,34,7.8,NW,353,SE,,,1,Cerah,Sunny,https://api-apps.bmkg.go.id/storage/icon/cuaca/cerah-am.svg,2026-09-20T03:00:00Z
32,32.71,32.71.03,32.71.03.1005,32.71.03.1005,Jawa Barat,Kota Bogor,Bogor Tengah,Babakan,2026-09-19T12:00:00,2026-09-20 06:00:00,2026-09-20 13:00:00,17-18,32,46,0.1,12,10.7,E,132,W,,,1,Cerah,Sunny,https://api-apps.bmkg.go.id/storage/icon/cuaca/cerah-am.svg,2026-09-20T06:00:00Z
32,32.71,32.71.03,32.71.03.1005,32.71.03.1005,Jawa Barat,Kota Bogor,Bogor Tengah,Babakan,2026-09-19T12:00:00,2026-09-20 09:00:00,2026-09-20 16:00:00,20-21,28,63,1.3,36,2,NW,346,SE,,,61,Hujan Ringan,Light Rain,https://api-apps.bmkg.go.id/storage/icon/cuaca/hujan ringan-am.svg,2026-09-20T09:00:00Z
32,32.71,32.71.03,32.71.03.1005,32.71.03.1005,Jawa Barat,Kota Bogor,Bogor Tengah,Babakan,2026-09-19T12:00:00,2026-09-20 12:00:00,2026-09-20 19:00:00,23-24,25,87,0,22,5.7,N,27,S,,,1,Cerah,Sunny,https://api-apps.bmkg.go.id/storage/icon/cuaca/cerah-pm.svg,2026-09-20T12:00:00Z
32,32.71,32.71.03,32.71.03.1005,32.71.03.1005,Jawa Barat,Kota Bogor,Bogor Tengah,Babakan,2026-09-19T12:00:00,2026-09-20 15:00:00,2026-09-20 22:00:00,26-27,25,90,0,26,0.8,S,220,N,,,1,Cerah,Sunny,https://api-apps.bmkg.go.id/storage/icon/cuaca/cerah-pm.svg,2026-09-20T15:00:00Z
32,32.71,32.71.03,32.71.03.1005,32.71.03.1005,Jawa Barat,Kota Bogor,Bogor Tengah,Babakan,2026-09-19T12:00:00,2026-09-20 18:00:00,2026-09-21 01:00:00,29-30,24,93,0,25,2.8,S,206,N,,,1,Cerah,Sunny,https://api-apps.bmkg.go.id/storage/icon/cuaca/cerah-pm.svg,2026-09-20T18:00:00Z
32,32.71,32.71.03,32.71.03.1005,32.71.03.1005,Jawa Barat,Kota Bogor,Bogor Tengah,Babakan,2026-09-19T12:00:00,2026-09-20 21:00:00,2026-09-21 04:00:00,32-33,23,91,0,11,3.5,SE,174,NW,,,1,Cerah,Sunny,https://api-apps.bmkg.go.id/storage/icon/cuaca/cerah-pm.svg,2026-09-20T21:00:00Z
32,32.71,32.71.03,32.71.03.1005,32.71.03.1005,Jawa Barat,Kota Bogor,Bogor Tengah,Babakan,2026-09-19T12:00:00,2026-09-21 00:00:00,2026-09-21 07:00:00,35-36,27,70,0,11,2.1,SE,138,NW,,,1,Cerah,Sunny,https://api-apps.bmkg.go.id/storage/icon/cuaca/cerah-am.svg,2026-09-21T00:00:00Z
32,32.71,32.71.03,32.71.03.1005,32.71.03.1005,Jawa Barat,Kota Bogor,Bogor Tengah,Babakan,2026-09-19T12:00:00,2026-09-21 03:00:00,2026-09-21 10:00:00,38-39,31,58,0.1,26,3.9,N,30,S,,,1,Cerah,Sunny,https://api-apps.bmkg.go.id/storage/icon/cuaca/cerah-am.svg,2026-09-21T03:00:00Z
32,32.71,32.71.03,32.71.03.1005,32.71.03.1005,Jawa Barat,Kota Bogor,Bogor Tengah,Babakan,2026-09-19T12:00:00,2026-09-21 06:00:00,2026-09-21 13:00:00,41-42,31,56,0.4,58,5.7,N,45,S,,,1,Cerah,Sunny,https://api-apps.bmkg.go.id/storage/icon/cuaca/cerah-am.svg,2026-09-21T06:00:00Z
32,32.71,32.71.03,32.71.03.1005,32.71.03.1005,Jawa Barat,Kota Bogor,Bogor Tengah,Babakan,2026-09-19T12:00:00,2026-09-21 09:00:00,2026-09-21 16:00:00,44-45,27,77,0.9,54,5.7,NW,317,SE,,,1,Cerah,Sunny,https://api-apps.bmkg.go.id/storage/icon/cuaca/cerah-am.svg,2026-09-21T09:00:00Z
32,32.71,32.71.03,32.71.03.1005,32.71.03.1005,Jawa Barat,Kota Bogor,Bogor Tengah,Babakan,2026-09-19T12:00:00,2026-09-21 12:00:00,2026-09-21 19:00:00,47-48,25,92,0,60,2.6,N,39,S,,,1,Cerah,Sunny,https://api-apps.bmkg.go.id/storage/icon/cuaca/cerah-pm.svg,2026-09-21T12:00:00Z
32,32.71,32.71.03,32.71.03.1005,32.71.03.1005,Jawa Barat,Kota Bogor,Bogor Tengah,Babakan,2026-09-19T12:00:00,2026-09-21 15:00:00,2026-09-21 22:00:00,50-51,24,93,0,28,4,SE,158,NW,,,1,Cerah,Sunny,https://api-apps.bmkg.go.id/storage/icon/cuaca/cerah-pm.svg,2026-09-21T15:00:00Z
32,32.71,32.71.03,32.71.03.1006,32.71.03.1006,Jawa Barat,Kota Bogor,Bogor Tengah,Sempur,2026-09-19T12:00:00,2026-09-19 15:00:00,2026-09-19 22:00:00,2-3,25,81,0,22,7.4,SE,171,NW,,,1,Cerah,Sunny,https://api-apps.bmkg.go.id/storage/icon/cuaca/cerah-pm.svg,2026-09-19T15:00:00Z
32,32.71,32.71.03,32.71.03.1006,32.71.03.1006,Jawa Barat,Kota Bogor,Bogor Tengah,Sempur,2026-09-19T12:00:00,2026-09-19 18:00:00,2026-09-20 01:00:00,5-6,23,87,0,23,5,SE,175,NW,,,1,Cerah,Sunny,https://api-apps.bmkg.go.id/storage/icon/cuaca/cerah-pm.svg,2026-09-19T18:00:00Z
32,32.71,32.71.03,32.71.03.1006,32.71.03.1006,Jawa Barat,Kota Bogor,Bogor Tengah,Sempur,2026-09-19T12:00:00,2026-09-19 21:00:00,2026-09-20 04:00:00,8-9,23,85,0,7,1.8,SE,165,NW,,,0,Cerah,Sunny,https://api-apps.bmkg.go.id/storage/icon/cuaca/cerah-pm.svg,2026-09-19T21:00:00Z
32,32.71,32.71.03,32.71.03.1006,32.71.03.1006,Jawa Barat,Kota Bogor,Bogor Tengah,Sempur,2026-09-19T12:00:00,2026-09-20 00:00:00,2026-09-20 07:00:00,11-12,25,77,0,17,7.1,N,7,S,,,1,Cerah,Sunny,https://api-apps.bmkg.go.id/storage/icon/cuaca/cerah-am.svg,2026-09-20T00:00:00Z
32,32.71,32.71.03,32.71.03.1006,32.71.03.1006,Jawa Barat,Kota Bogor,Bogor Tengah,Sempur,2026-09-19T12:00:00,2026-09-20 03:00:00,2026-09-20 10:00:00,14-15,30,60,0,26,7.8,NW,353,SE,,,1,Cerah,Sunny,https://api-apps.bmkg.go.id/storage/icon/cuaca/cerah-am.svg,2026-09-20T03:00:00Z
32,32.71,32.71.03,32.71.03.1006,32.71.03.1006,Jawa Barat,Kota Bogor,Bogor Tengah,Sempur,2026-09-19T12:00:00,2026-09-20 06:00:00,2026-09-20 13:00:00,17-18,32,47,0,11,10.7,E,132,W,,,1,Cerah,Sunny,https://api-apps.bmkg.go.id/storage/icon/cuaca/cerah-am.svg,2026-09-20T06:00:00Z
32,32.71,32.71.03,32.71.03.1006,32.71.03.1006,Jawa Barat,Kota Bogor,Bogor Tengah,Sempur,2026-09-19T12:00:00,2026-09-20 09:00:00,2026-09-20 16:00:00,20-21,28,65,1.4,41,2,NW,346,SE,,,61,Hujan Ringan,Light Rain,https://api-apps.bmkg.go.id/storage/icon/cuaca/hujan ringan-am.svg,2026-09-20T09:00:00Z
32,32.71,32.71.03,32.71.03.1006,32.71.03.1006,Jawa Barat,Kota Bogor,Bogor Tengah,Sempur,2026-09-19T12:00:00,2026-09-20 12:00:00,2026-09-20 19:00:00,23-24,26,87,0,23,5.7,N,27,S,,,1,Cerah,Sunny,https://api-apps.bmkg.go.id/storage/icon/cuaca/cerah-pm.svg,2026-09-20T12:00:00Z
32,32.71,32.71.03,32.71.03.1006,32.71.03.1006,Jawa Barat,Kota Bogor,Bogor Tengah,Sempur,2026-09-19T12:00:00,2026-09-20 15:00:00,2026-09-20 22:00:00,26-27,25,91,0,23,0.8,S,220,N,,,1,Cerah,Sunny,https://api-apps.bmkg.go.id/storage/icon/cuaca/cerah-pm.svg,2026-09-20T15:00:00Z
32,32.71,32.71.03,32.71.03.1006,32.71.03.1006,Jawa Barat,Kota Bogor,Bogor Tengah,Sempur,2026-09-19T12:00:00,2026-09-20 18:00:00,2026-09-21 01:00:00,29-30,24,93,0,26,2.8,S,206,N,,,1,Cerah,Sunny,https://api-apps.bmkg.go.id/storage/icon/cuaca/cerah-pm.svg,2026-09-20T18:00:00Z
32,32.71,32.71.03,32.71.03.1006,32.71.03.1006,Jawa Barat,Kota Bogor,Bogor Tengah,Sempur,2026-09-19T12:00:00,2026-09-20 21:00:00,2026-09-21 04:00:00,32-33,23,91,0,11,3.5,SE,174,NW,,,1,Cerah,Sunny,https://api-apps.bmkg.go.id/storage/icon/cuaca/cerah-pm.svg,2026-09-20T21:00:00Z
32,32.71,32.71.03,32.71.03.1006,32.71.03.1006,Jawa Barat,Kota Bogor,Bogor Tengah,Sempur,2026-09-19T12:00:00,2026-09-21 00:00:00,2026-09-21 07:00:00,35-36,27,72,0,10,2.1,SE,138,NW,,,1,Cerah,Sunny,https://api-apps.bmkg.go.id/storage/icon/cuaca/cerah-am.svg,2026-09-21T00:00:00Z
32,32.71,32.71.03,32.71.03.1006,32.71.03.1006,Jawa Barat,Kota Bogor,Bogor Tengah,Sempur,2026-09-19T12:00:00,2026-09-21 03:00:00,2026-09-21 10:00:00,38-39,31,59,0.1,26,3.9,N,30,S,,,1,Cerah,Sunny,https://api-apps.bmkg.go.id/storage/icon/cuaca/cerah-am.svg,2026-09-21T03:00:00Z
32,32.71,32.71.03,32.71.03.1006,32.71.03.1006,Jawa Barat,Kota Bogor,Bogor Tengah,Sempur,2026-09-19T12:00:00,2026-09-21 06:00:00,2026-09-21 13:00:00,41-42,32,56,0.6,52,5.7,N,45,S,,,1,Cerah,Sunny,https://api-apps.bmkg.go.id/storage/icon/cuaca/cerah-am.svg,2026-09-21T06:00:00Z
32,32.71,32.71.03,32.71.03.1006,32.71.03.1006,Jawa Barat,Kota Bogor,Bogor Tengah,Sempur,2026-09-19T12:00:00,2026-09-21 09:00:00,2026-09-21 16:00:00,44-45,27,79,1,60,5.7,NW,317,SE,,,1,Cerah,Sunny,https://api-apps.bmkg.go.id/storage/icon/cuaca/cerah-am.svg,2026-09-21T09:00:00Z
32,32.71,32.71.03,32.71.03.1006,32.71.03.1006,Jawa Barat,Kota Bogor,Bogor Tengah,Sempur,2026-09-19T12:00:00,2026-09-21 12:00:00,2026-09-21 19:00:00,47-48,25,92,0,51,2.6,N,39,S,,,1,Cerah,Sunny,https://api-apps.bmkg.go.id/storage/icon/cuaca/cerah-pm.svg,2026-09-21T12:00:00Z
32,32.71,32.71.03,32.71.03.1006,32.71.03.1006,Jawa Barat,Kota Bogor,Bogor Tengah,Sempur,2026-09-19T12:00:00,2026-09-21 15:00:00,2026-09-21 22:00:00,50-51,24,94,0,24,4,SE,158,NW,,,1,Cerah,Sunny,https://api-apps.bmkg.go.id/storage/icon/cuaca/cerah-pm.svg,2026-09-21T15:00:00Z
32,32.71,32.71.03,32.71.03.1007,32.71.03.1007,Jawa Barat,Kota Bogor,Bogor Tengah,Tegallega,2026-09-19T12:00:00,2026-09-19 15:00:00,2026-09-19 22:00:00,2-3,24,80,0,24,7.4,SE,171,NW,,,1,Cerah,Sunny,https://api-apps.bmkg.go.id/storage/icon/cuaca/cerah-pm.svg,2026-09-19T15:00:00Z
32,32.71,32.71.03,32.71.03.1007,32.71.03.1007,Jawa Barat,Kota Bogor,Bogor Tengah,Tegallega,2026-09-19T12:00:00,2026-09-19 18:00:00,2026-09-20 01:00:00,5-6,23,86,0,25,5,SE,175,NW,,,1,Cerah,Sunny,https://api-apps.bmkg.go.id/storage/icon/cuaca/cerah-pm.svg,2026-09-19T18:00:00Z
32,32.71,32.71.03,32.71.03.1007,32.71.03.1007,Jawa Barat,Kota Bogor,Bogor Tengah,Tegallega,2026-09-19T12:00:00,2026-09-19 21:00:00,2026-09-20 04:00:00,8-9,23,84,0,7,1.8,SE,165,NW,,,0,Cerah,Sunny,https://api-apps.bmkg.go.id/storage/icon/cuaca/cerah-pm.svg,2026-09-19T21:00:00Z
32,32.71,32.71.03,32.71.03.1007,32.71.03.1007,Jawa Barat,Kota Bogor,Bogor Tengah,Tegallega,2026-09-19T12:00:00,2026-09-20 00:00:00,2026-09-20 07:00:00,11-12,25,76,0,16,7.1,N,7,S,,,1,Cerah,Sunny,https://api-apps.bmkg.go.id/storage/icon/cuaca/cerah-am.svg,2026-09-20T00:00:00Z
32,32.71,32.71.03,32.71.03.1007,32.71.03.1007,Jawa Barat,Kota Bogor,Bogor Tengah,Tegallega,2026-09-19T12:00:00,2026-09-20 03:00:00,2026-09-20 10:00:00,14-15,30,60,0,34,7.8,NW,353,SE,,,1,Cerah,Sunny,https://api-apps.bmkg.go.id/storage/icon/cuaca/cerah-am.svg,2026-09-20T03:00:00Z
32,32.71,32.71.03,32.71.03.1007,32.71.03.1007,Jawa Barat,Kota Bogor,Bogor Tengah,Tegallega,2026-09-19T12:00:00,2026-09-20 06:00:00,2026-09-20 13:00:00,17-18,32,46,0.1,12,10.7,E,132,W,,,1,Cerah,Sunny,https://api-apps.bmkg.go.id/storage/icon/cuaca/cerah-am.svg,2026-09-20T06:00:00Z
32,32.71,32.71.03,32.71.03.1007,32.71.03.1007,Jawa Barat,Kota Bogor,Bogor Tengah,Tegallega,2026-09-19T12:00:00,2026-09-20 09:00:00,2026-09-20 16:00:00,20-21,28,63,1.3,36,2,NW,346,SE,,,61,Hujan Ringan,Light Rain,https://api-apps.bmkg.go.id/storage/icon/cuaca/hujan ringan-am.svg,2026-09-20T09:00:00Z
32,32.71,32.71.03,32.71.03.1007,32.71.03.1007,Jawa Barat,Kota Bogor,Bogor Tengah,Tegallega,2026-09-19T12:00:00,2026-09-20 12:00:00,2026-09-20 19:00:00,23-24,25,87,0,22,5.7,N,27,S,,,1,Cerah,Sunny,https://api-apps.bmkg.go.id/storage/icon/cuaca/cerah-pm.svg,2026-09-20T12:00:00Z
32,32.71,32.71.03,32.71.03.1007,32.71.03.1007,Jawa Barat,Kota Bogor,Bogor Tengah,Tegallega,2026-09-19T12:00:00,2026-09-20 15:00:00,2026-09-20 22:00:00,26-27,25,90,0,26,0.8,S,220,N,,,1,Cerah,Sunny,https://api-apps.bmkg.go.id/storage/icon/cuaca/cerah-pm.svg,2026-09-20T15:00:00Z
32,32.71,32.71.03,32.71.03.1007,32.71.03.1007,Jawa Barat,Kota Bogor,Bogor Tengah,Tegallega,2026-09-19T12:00:00,2026-09-20 18:00:00,2026-09-21 01:00:00,29-30,24,93,0,25,2.8,S,206,N,,,1,Cerah,Sunny,https://api-apps.bmkg.go.id/storage/icon/cuaca/cerah-pm.svg,2026-09-20T18:00:00Z
32,32.71,32.71.03,32.71.03.1007,32.71.03.1007,Jawa Barat,Kota Bogor,Bogor Tengah,Tegallega,2026-09-19T12:00:00,2026-09-20 21:00:00,2026-09-21 04:00:00,32-33,23,91,0,11,3.5,SE,174,NW,,,1,Cerah,Sunny,https://api-apps.bmkg.go.id/storage/icon/cuaca/cerah-pm.svg,2026-09-20T21:00:00Z
32,32.71,32.71.03,32.71.03.1007,32.71.03.1007,Jawa Barat,Kota Bogor,Bogor Tengah,Tegallega,2026-09-19T12:00:00,2026-09-21 00:00:00,2026-09-21 07:00:00,35-36,27,70,0,11,2.1,SE,138,NW,,,1,Cerah,Sunny,https://api-apps.bmkg.go.id/storage/icon/cuaca/cerah-am.svg,2026-09-21T00:00:00Z
32,32.71,32.71.03,32.71.03.1007,32.71.03.1007,Jawa Barat,Kota Bogor,Bogor Tengah,Tegallega,2026-09-19T12:00:00,2026-09-21 03:00:00,2026-09-21 10:00:00,38-39,31,58,0.1,26,3.9,N,30,S,,,1,Cerah,Sunny,https://api-apps.bmkg.go.id/storage/icon/cuaca/cerah-am.svg,2026-09-21T03:00:00Z
32,32.71,32.71.03,32.71.03.1007,32.71.03.1007,Jawa Barat,Kota Bogor,Bogor Tengah,Tegallega,2026-09-19T12:00:00,2026-09-21 06:00:00,2026-09-21 13:00:00,41-42,31,56,0.4,58,5.7,N,45,S,,,1,Cerah,Sunny,https://api-apps.bmkg.go.id/storage/icon/cuaca/cerah-am.svg,2026-09-21T06:00:00Z
32,32.71,32.71.03,32.71.03.1007,32.71.03.1007,Jawa Barat,Kota Bogor,Bogor Tengah,Tegallega,2026-09-19T12:00:00,2026-09-21 09:00:00,2026-09-21 16:00:00,44-45,27,77,0.9,54,5.7,NW,317,SE,,,1,Cerah,Sunny,https://api-apps.bmkg.go.id/storage/icon/cuaca/cerah-am.svg,2026-09-21T09:00:00Z
32,32.71,32.71.03,32.71.03.1007,32.71.03.1007,Jawa Barat,Kota Bogor,Bogor Tengah,Tegallega,2026-09-19T12:00:00,2026-09-21 12:00:00,2026-09-21 19:00:00,47-48,25,92,0,60,2.6,N,39,S,,,1,Cerah,Sunny,https://api-apps.bmkg.go.id/storage/icon/cuaca/cerah-pm.svg,2026-09-21T12:00:00Z
32,32.71,32.71.03,32.71.03.1007,32.71.03.1007,Jawa Barat,Kota Bogor,Bogor Tengah,Tegallega,2026-09-19T12:00:00,2026-09-21 15:00:00,2026-09-21 22:00:00,50-51,24,93,0,28,4,SE,158,NW,,,1,Cerah,Sunny,https://api-apps.bmkg.go.id/storage/icon/cuaca/cerah-pm.svg,2026-09-21T15:00:00Z
32,32.71,32.71.03,32.71.03.1008,32.71.03.1008,Jawa Barat,Kota Bogor,Bogor Tengah,Babakan Pasar,2026-09-19T12:00:00,2026-09-19 15:00:00,2026-09-19 22:00:00,2-3,24,80,0,24,7.4,SE,171,NW,,,1,Cerah,Sunny,https://api-apps.bmkg.go.id/storage/icon/cuaca/cerah-pm.svg,2026-09-19T15:00:00Z
32,32.71,32.71.03,32.71.03.1008,32.71.03.1008,Jawa Barat,Kota Bogor,Bogor Tengah,Babakan Pasar,2026-09-19T12:00:00,2026-09-19 18:00:00,2026-09-20 01:00:00,5-6,23,86,0,25,5,SE,175,NW,,,1,Cerah,Sunny,https://api-apps.bmkg.go.id/storage/icon/cuaca/cerah-pm.svg,2026-09-19T18:00:00Z
32,32.71,32.71.03,32.71.03.1008,32.71.03.1008,Jawa Barat,Kota Bogor,Bogor Tengah,Babakan Pasar,2026-09-19T12:00:00,2026-09-19 21:00:00,2026-09-20 04:00:00,8-9,23,84,0,7,1.8,SE,165,NW,,,0,Cerah,Sunny,https://api-apps.bmkg.go.id/storage/icon/cuaca/cerah-pm.svg,2026-09-19T21:00:00Z
32,32.71,32.71.03,32.71.03.1008,32.71.03.1008,Jawa Barat,Kota Bogor,Bogor Tengah,Babakan Pasar,2026-09-19T12:00:00,2026-09-20 00:00:00,2026-09-20 07:00:00,11-12,25,76,0,16,7.1,N,7,S,,,1,Cerah,Sunny,https://api-apps.bmkg.go.id/storage/icon/cuaca/cerah-am.svg,2026-09-20T00:00:00Z
32,32.71,32.71.03,32.71.03.1008,32.71.03.1008,Jawa Barat,Kota Bogor,Bogor Tengah,Babakan Pasar,2026-09-19T12:00:00,2026-09-20 03:00:00,2026-09-20 10:00:00,14-15,30,60,0,34,7.8,NW,353,SE,,,1,Cerah,Sunny,https://api-apps.bmkg.go.id/storage/icon/cuaca/cerah-am.svg,2026-09-20T03:00:00Z
32,32.71,32.71.03,32.71.03.1008,32.71.03.1008,Jawa Barat,Kota Bogor,Bogor Tengah,Babakan Pasar,2026-09-19T12:00:00,2026-09-20 06:00:00,2026-09-20 13:00:00,17-18,32,46,0.1,12,10.7,E,132,W,,,1,Cerah,Sunny,https://api-apps.bmkg.go.id/storage/icon/cuaca/cerah-am.svg,2026-09-20T06:00:00Z
32,32.71,32.71.03,32.71.03.1008,32.71.03.1008,Jawa Barat,Kota Bogor,Bogor Tengah,Babakan Pasar,2026-09-19T12:00:00,2026-09-20 09:00:00,2026-09-20 16:00:00,20-21,28,63,1.3,36,2,NW,346,SE,,,61,Hujan Ringan,Light Rain,https://api-apps.bmkg.go.id/storage/icon/cuaca/hujan ringan-am.svg,2026-09-20T09:00:00Z
32,32.71,32.71.03,32.71.03.1008,32.71.03.1008,Jawa Barat,Kota Bogor,Bogor Tengah,Babakan Pasar,2026-09-19T12:00:00,2026-09-20 12:00:00,2026-09-20 19:00:00,23-24,25,87,0,22,5.7,N,27,S,,,1,Cerah,Sunny,https://api-apps.bmkg.go.id/storage/icon/cuaca/cerah-pm.svg,2026-09-20T12:00:00Z
32,32.71,32.71.03,32.71.03.1008,32.71.03.1008,Jawa Barat,Kota Bogor,Bogor Tengah,Babakan Pasar,2026-09-19T12:00:00,2026-09-20 15:00:00,2026-09-20 22:00:00,26-27,25,90,0,26,0.8,S,220,N,,,1,Cerah,Sunny,https://api-apps.bmkg.go.id/storage/icon/cuaca/cerah-pm.svg,2026-09-20T15:00:00Z
32,32.71,32.71.03,32.71.03.1008,32.71.03.1008,Jawa Barat,Kota Bogor,Bogor Tengah,Babakan Pasar,2026-09-19T12:00:00,2026-09-20 18:00:00,2026-09-21 01:00:00,29-30,24,93,0,25,2.8,S,206,N,,,1,Cerah,Sunny,https://api-apps.bmkg.go.id/storage/icon/cuaca/cerah-pm.svg,2026-09-20T18:00:00Z
32,32.71,32.71.03,32.71.03.1008,32.71.03.1008,Jawa Barat,Kota Bogor,Bogor Tengah,Babakan Pasar,2026-09-19T12:00:00,2026-09-20 21:00:00,2026-09-21 04:00:00,32-33,23,91,0,11,3.5,SE,174,NW,,,1,Cerah,Sunny,https://api-apps.bmkg.go.id/storage/icon/cuaca/cerah-pm.svg,2026-09-20T21:00:00Z
32,32.71,32.71.03,32.71.03.1008,32.71.03.1008,Jawa Barat,Kota Bogor,Bogor Tengah,Babakan Pasar,2026-09-19T12:00:00,2026-09-21 00:00:00,2026-09-21 07:00:00,35-36,27,70,0,11,2.1,SE,138,NW,,,1,Cerah,Sunny,https://api-apps.bmkg.go.id/storage/icon/cuaca/cerah-am.svg,2026-09-21T00:00:00Z
32,32.71,32.71.03,32.71.03.1008,32.71.03.1008,Jawa Barat,Kota Bogor,Bogor Tengah,Babakan Pasar,2026-09-19T12:00:00,2026-09-21 03:00:00,2026-09-21 10:00:00,38-39,31,58,0.1,26,3.9,N,30,S,,,1,Cerah,Sunny,https://api-apps.bmkg.go.id/storage/icon/cuaca/cerah-am.svg,2026-09-21T03:00:00Z
32,32.71,32.71.03,32.71.03.1008,32.71.03.1008,Jawa Barat,Kota Bogor,Bogor Tengah,Babakan Pasar,2026-09-19T12:00:00,2026-09-21 06:00:00,2026-09-21 13:00:00,41-42,31,56,0.4,58,5.7,N,45,S,,,1,Cerah,Sunny,https://api-apps.bmkg.go.id/storage/icon/cuaca/cerah-am.svg,2026-09-21T06:00:00Z
32,32.71,32.71.03,32.71.03.1008,32.71.03.1008,Jawa Barat,Kota Bogor,Bogor Tengah,Babakan Pasar,2026-09-19T12:00:00,2026-09-21 09:00:00,2026-09-21 16:00:00,44-45,27,77,0.9,54,5.7,NW,317,SE,,,1,Cerah,Sunny,https://api-apps.bmkg.go.id/storage/icon/cuaca/cerah-am.svg,2026-09-21T09:00:00Z
32,32.71,32.71.03,32.71.03.1008,32.71.03.1008,Jawa Barat,Kota Bogor,Bogor Tengah,Babakan Pasar,2026-09-19T12:00:00,2026-09-21 12:00:00,2026-09-21 19:00:00,47-48,25,92,0,60,2.6,N,39,S,,,1,Cerah,Sunny,https://api-apps.bmkg.go.id/storage/icon/cuaca/cerah-pm.svg,2026-09-21T12:00:00Z
32,32.71,32.71.03,32.71.03.1008,32.71.03.1008,Jawa Barat,Kota Bogor,Bogor Tengah,Babakan Pasar,2026-09-19T12:00:00,2026-09-21 15:00:00,2026-09-21 22:00:00,50-51,24,93,0,28,4,SE,158,NW,,,1,Cerah,Sunny,https://api-apps.bmkg.go.id/storage/icon/cuaca/cerah-pm.svg,2026-09-21T15:00:00Z
32,32.71,32.71.03,32.71.03.1009,32.71.03.1009,Jawa Barat,Kota Bogor,Bogor Tengah,Panaragan,2026-09-19T12:00:00,2026-09-19 15:00:00,2026-09-19 22:00:00,2-3,24,81,0,23,7.4,SE,171,NW,,,1,Cerah,Sunny,https://api-apps.bmkg.go.id/storage/icon/cuaca/cerah-pm.svg,2026-09-19T15:00:00Z
32,32.71,32.71.03,32.71.03.1009,32.71.03.1009,Jawa Barat,Kota Bogor,Bogor Tengah,Panaragan,2026-09-19T12:00:00,2026-09-19 18:00:00,2026-09-20 01:00:00,5-6,23,87,0,27,5,SE,175,NW,,,1,Cerah,Sunny,https://api-apps.bmkg.go.id/storage/icon/cuaca/cerah-pm.svg,2026-09-19T18:00:00Z
32,32.71,32.71.03,32.71.03.1009,32.71.03.1009,Jawa Barat,Kota Bogor,Bogor Tengah,Panaragan,2026-09-19T12:00:00,2026-09-19 21:00:00,2026-09-20 04:00:00,8-9,23,84,0,9,1.8,SE,165,NW,,,0,Cerah,Sunny,https://api-apps.bmkg.go.id/storage/icon/cuaca/cerah-pm.svg,2026-09-19T21:00:00Z
32,32.71,32.71.03,32.71.03.1009,32.71.03.1009,Jawa Barat,Kota Bogor,Bogor Tengah,Panaragan,2026-09-19T12:00:00,2026-09-20 00:00:00,2026-09-20 07:00:00,11-12,25,76,0,15,7.1,N,7,S,,,1,Cerah,Sunny,https://api-apps.bmkg.go.id/storage/icon/cuaca/cerah-am.svg,2026-09-20T00:00:00Z
32,32.71,32.71.03,32.71.03.1009,32.71.03.1009,Jawa Barat,Kota Bogor,Bogor Tengah,Panaragan,2026-09-19T12:00:00,2026-09-20 03:00:00,2026-09-20 10:00:00,14-15,30,60,0,32,7.8,NW,353,SE,,,1,Cerah,Sunny,https://api-apps.bmkg.go.id/storage/icon/cuaca/cerah-am.svg,2026-09-20T03:00:00Z
32,32.71,32.71.03,32.71.03.1009,32.71.03.1009,Jawa Barat,Kota Bogor,Bogor Tengah,Panaragan,2026-09-19T12:00:00,2026-09-20 06:00:00,2026-09-20 13:00:00,17-18,32,47,0.1,16,10.7,E,132,W,,,1,Cerah,Sunny,https://api-apps.bmkg.go.id/storage/icon/cuaca/cerah-am.svg,2026-09-20T06:00:00Z
32,32.71,32.71.03,32.71.03.1009,32.71.03.1009,Jawa Barat,Kota Bogor,Bogor Tengah,Panaragan,2026-09-19T12:00:00,2026-09-20 09:00:00,2026-09-20 16:00:00,20-21,28,67,1.1,35,2,NW,346,SE,,,61,Hujan Ringan,Light Rain,https://api-apps.bmkg.go.id/storage/icon/cuaca/hujan ringan-am.svg,2026-09-20T09:00:00Z
32,32.71,32.71.03,32.71.03.1009,32.71.03.1009,Jawa Barat,Kota Bogor,Bogor Tengah,Panaragan,2026-09-19T12:00:00,2026-09-20 12:00:00,2026-09-20 19:00:00,23-24,25,88,0,26,5.7,N,27,S,,,1,Cerah,Sunny,https://api-apps.bmkg.go.id/storage/icon/cuaca/cerah-pm.svg,2026-09-20T12:00:00Z
32,32.71,32.71.03,32.71.03.1009,32.71.03.1009,Jawa Barat,Kota Bogor,Bogor Tengah,Panaragan,2026-09-19T12:00:00,2026-09-20 15:00:00,2026-09-20 22:00:00,26-27,24,91,0,29,0.8,S,220,N,,,1,Cerah,Sunny,https://api-apps.bmkg.go.id/storage/icon/cuaca/cerah-pm.svg,2026-09-20T15:00:00Z
32,32.71,32.71.03,32.71.03.1009,32.71.03.1009,Jawa Barat,Kota Bogor,Bogor Tengah,Panaragan,2026-09-19T12:00:00,2026-09-20 18:00:00,2026-09-21 01:00:00,29-30,24,92,0,25,2.8,S,206,N,,,1,Cerah,Sunny,https://api-apps.bmkg.go.id/storage/icon/cuaca/cerah-pm.svg,2026-09-20T18:00:00Z
32,32.71,32.71.03,32.71.03.1009,32.71.03.1009,Jawa Barat,Kota Bogor,Bogor Tengah,Panaragan,2026-09-19T12:00:00,2026-09-20 21:00:00,2026-09-21 04:00:00,32-33,23,91,0,11,3.5,SE,174,NW,,,1,Cerah,Sunny,https://api-apps.bmkg.go.id/storage/icon/cuaca/cerah-pm.svg,2026-09-20T21:00:00Z
32,32.71,32.71.03,32.71.03.1009,32.71.03.1009,Jawa Barat,Kota Bogor,Bogor Tengah,Panaragan,2026-09-19T12:00:00,2026-09-21 00:00:00,2026-09-21 07:00:00,35-36,27,72,0,12,2.1,SE,138,NW,,,1,Cerah,Sunny,https://api-apps.bmkg.go.id/storage/icon/cuaca/cerah-am.svg,2026-09-21T00:00:00Z
32,32.71,32.71.03,32.71.03.1009,32.71.03.1009,Jawa Barat,Kota Bogor,Bogor Tengah,Panaragan,2026-09-19T12:00:00,2026-09-21 03:00:00,2026-09-21 10:00:00,38-39,30,60,0.1,32,3.9,N,30,S,,,1,Cerah,Sunny,https://api-apps.bmkg.go.id/storage/icon/cuaca/cerah-am.svg,2026-09-21T03:00:00Z
32,32.71,32.71.03,32.71.03.1009,32.71.03.1009,Jawa Barat,Kota Bogor,Bogor Tengah,Panaragan,2026-09-19T12:00:00,2026-09-21 06:00:00,2026-09-21 13:00:00,41-42,31,59,0.6,60,5.7,N,45,S,,,1,Cerah,Sunny,https://api-apps.bmkg.go.id/storage/icon/cuaca/cerah-am.svg,2026-09-21T06:00:00Z
32,32.71,32.71.03,32.71.03.1009,32.71.03.1009,Jawa Barat,Kota Bogor,Bogor Tengah,Panaragan,2026-09-19T12:00:00,2026-09-21 09:00:00,2026-09-21 16:00:00,44-45,27,79,1,55,5.7,NW,317,SE,,,1,Cerah,Sunny,https://api-apps.bmkg.go.id/storage/icon/cuaca/cerah-am.svg,2026-09-21T09:00:00Z
32,32.71,32.71.03,32.71.03.1009,32.71.03.1009,Jawa Barat,Kota Bogor,Bogor Tengah,Panaragan,2026-09-19T12:00:00,2026-09-21 12:00:00,2026-09-21 19:00:00,47-48,25,92,0,54,2.6,N,39,S,,,1,Cerah,Sunny,https://api-apps.bmkg.go.id/storage/icon/cuaca/cerah-pm.svg,2026-09-21T12:00:00Z
32,32.71,32.71.03,32.71.03.1009,32.71.03.1009,Jawa Barat,Kota Bogor,Bogor Tengah,Panaragan,2026-09-19T12:00:00,2026-09-21 15:00:00,2026-09-21 22:00:00,50-51,24,94,0,31,4,SE,158,NW,,,1,Cerah,Sunny,https://api-apps.bmkg.go.id/storage/icon/cuaca/cerah-pm.svg,2026-09-21T15:00:00Z
32,32.71,32.71.03,32.71.03.1010,32.71.03.1010,Jawa Barat,Kota Bogor,Bogor Tengah,Ciwaringin,2026-09-19T12:00:00,2026-09-19 15:00:00,2026-09-19 22:00:00,2-3,25,81,0,22,7.4,SE,171,NW,,,1,Cerah,Sunny,https://api-apps.bmkg.go.id/storage/icon/cuaca/cerah-pm.svg,2026-09-19T15:00:00Z
32,32.71,32.71.03,32.71.03.1010,32.71.03.1010,Jawa Barat,Kota Bogor,Bogor Tengah,Ciwaringin,2026-09-19T12:00:00,2026-09-19 18:00:00,2026-09-20 01:00:00,5-6,23,87,0,23,5,SE,175,NW,,,1,Cerah,Sunny,https://api-apps.bmkg.go.id/storage/icon/cuaca/cerah-pm.svg,2026-09-19T18:00:00Z
32,32.71,32.71.03,32.71.03.1010,32.71.03.1010,Jawa Barat,Kota Bogor,Bogor Tengah,Ciwaringin,2026-09-19T12:00:00,2026-09-19 21:00:00,2026-09-20 04:00:00,8-9,23,85,0,7,1.8,SE,165,NW,,,0,Cerah,Sunny,https://api-apps.bmkg.go.id/storage/icon/cuaca/cerah-pm.svg,2026-09-19T21:00:00Z
32,32.71,32.71.03,32.71.03.1010,32.71.03.1010,Jawa Barat,Kota Bogor,Bogor Tengah,Ciwaringin,2026-09-19T12:00:00,2026-09-20 00:00:00,2026-09-20 07:00:00,11-12,25,77,0,17,7.1,N,7,S,,,1,Cerah,Sunny,https://api-apps.bmkg.go.id/storage/icon/cuaca/cerah-am.svg,2026-09-20T00:00:00Z
32,32.71,32.71.03,32.71.03.1010,32.71.03.1010,Jawa Barat,Kota Bogor,Bogor Tengah,Ciwaringin,2026-09-19T12:00:00,2026-09-20 03:00:00,2026-09-20 10:00:00,14-15,30,60,0,26,7.8,NW,353,SE,,,1,Cerah,Sunny,https://api-apps.bmkg.go.id/storage/icon/cuaca/cerah-am.svg,2026-09-20T03:00:00Z
32,32.71,32.71.03,32.71.03.1010,32.71.03.1010,Jawa Barat,Kota Bogor,Bogor Tengah,Ciwaringin,2026-09-19T12:00:00,2026-09-20 06:00:00,2026-09-20 13:00:00,17-18,32,47,0,11,10.7,E,132,W,,,1,Cerah,Sunny,https://api-apps.bmkg.go.id/storage/icon/cuaca/cerah-am.svg,2026-09-20T06:00:00Z
32,32.71,32.71.03,32.71.03.1010,32.71.03.1010,Jawa Barat,Kota Bogor,Bogor Tengah,Ciwaringin,2026-09-19T12:00:00,2026-09-20 09:00:00,2026-09-20 16:00:00,20-21,28,65,1.4,41,2,NW,346,SE,,,61,Hujan Ringan,Light Rain,https://api-apps.bmkg.go.id/storage/icon/cuaca/hujan ringan-am.svg,2026-09-20T09:00:00Z
32,32.71,32.71.03,32.71.03.1010,32.71.03.1010,Jawa Barat,Kota Bogor,Bogor Tengah,Ciwaringin,2026-09-19T12:00:00,2026-09-20 12:00:00,2026-09-20 19:00:00,23-24,26,87,0,23,5.7,N,27,S,,,1,Cerah,Sunny,https://api-apps.bmkg.go.id/storage/icon/cuaca/cerah-pm.svg,2026-09-20T12:00:00Z
32,32.71,32.71.03,32.71.03.1010,32.71.03.1010,Jawa Barat,Kota Bogor,Bogor Tengah,Ciwaringin,2026-09-19T12:00:00,2026-09-20 15:00:00,2026-09-20 22:00:00,26-27,25,91,0,23,0.8,S,220,N,,,1,Cerah,Sunny,https://api-apps.bmkg.go.id/storage/icon/cuaca/cerah-pm.svg,2026-09-20T15:00:00Z
32,32.71,32.71.03,32.71.03.1010,32.71.03.1010,Jawa Barat,Kota Bogor,Bogor Tengah,Ciwaringin,2026-09-19T12:00:00,2026-09-20 18:00:00,2026-09-21 01:00:00,29-30,24,93,0,26,2.8,S,206,N,,,1,Cerah,Sunny,https://api-apps.bmkg.go.id/storage/icon/cuaca/cerah-pm.svg,2026-09-20T18:00:00Z
32,32.71,32.71.03,32.71.03.1010,32.71.03.1010,Jawa Barat,Kota Bogor,Bogor Tengah,Ciwaringin,2026-09-19T12:00:00,2026-09-20 21:00:00,2026-09-21 04:00:00,32-33,23,91,0,11,3.5,SE,174,NW,,,1,Cerah,Sunny,https://api-apps.bmkg.go.id/storage/icon/cuaca/cerah-pm.svg,2026-09-20T21:00:00Z
32,32.71,32.71.03,32.71.03.1010,32.71.03.1010,Jawa Barat,Kota Bogor,Bogor Tengah,Ciwaringin,2026-09-19T12:00:00,2026-09-21 00:00:00,2026-09-21 07:00:00,35-36,27,72,0,10,2.1,SE,138,NW,,,1,Cerah,Sunny,https://api-apps.bmkg.go.id/storage/icon/cuaca/cerah-am.svg,2026-09-21T00:00:00Z
32,32.71,32.71.03,32.71.03.1010,32.71.03.1010,Jawa Barat,Kota Bogor,Bogor Tengah,Ciwaringin,2026-09-19T12:00:00,2026-09-21 03:00:00,2026-09-21 10:00:00,38-39,31,59,0.1,26,3.9,N,30,S,,,1,Cerah,Sunny,https://api-apps.bmkg.go.id/storage/icon/cuaca/cerah-am.svg,2026-09-21T03:00:00Z
32,32.71,32.71.03,32.71.03.1010,32.71.03.1010,Jawa Barat,Kota Bogor,Bogor Tengah,Ciwaringin,2026-09-19T12:00:00,2026-09-21 06:00:00,2026-09-21 13:00:00,41-42,32,56,0.6,52,5.7,N,45,S,,,1,Cerah,Sunny,https://api-apps.bmkg.go.id/storage/icon/cuaca/cerah-am.svg,2026-09-21T06:00:00Z
32,32.71,32.71.03,32.71.03.1010,32.71.03.1010,Jawa Barat,Kota Bogor,Bogor Tengah,Ciwaringin,2026-09-19T12:00:00,2026-09-21 09:00:00,2026-09-21 16:00:00,44-45,27,79,1,60,5.7,NW,317,SE,,,1,Cerah,Sunny,https://api-apps.bmkg.go.id/storage/icon/cuaca/cerah-am.svg,2026-09-21T09:00:00Z
32,32.71,32.71.03,32.71.03.1010,32.71.03.1010,Jawa Barat,Kota Bogor,Bogor Tengah,Ciwaringin,2026-09-19T12:00:00,2026-09-21 12:00:00,2026-09-21 19:00:00,47-48,25,92,0,51,2.6,N,39,S,,,1,Cerah,Sunny,https://api-apps.bmkg.go.id/storage/icon/cuaca/cerah-pm.svg,2026-09-21T12:00:00Z
32,32.71,32.71.03,32.71.03.1010,32.71.03.1010,Jawa Barat,Kota Bogor,Bogor Tengah,Ciwaringin,2026-09-19T12:00:00,2026-09-21 15:00:00,2026-09-21 22:00:00,50-51,24,94,0,24,4,SE,158,NW,,,1,Cerah,Sunny,https://api-apps.bmkg.go.id/storage/icon/cuaca/cerah-pm.svg,2026-09-21T15:00:00Z
32,32.71,32.71.03,32.71.03.1011,32.71.03.1011,Jawa Barat,Kota Bogor,Bogor Tengah,Kebon Kalapa,2026-09-19T12:00:00,2026-09-19 15:00:00,2026-09-19 22:00:00,2-3,24,81,0,23,7.4,SE,171,NW,,,1,Cerah,Sunny,https://api-apps.bmkg.go.id/storage/icon/cuaca/cerah-pm.svg,2026-09-19T15:00:00Z
32,32.71,32.71.03,32.71.03.1011,32.71.03.1011,Jawa Barat,Kota Bogor,Bogor Tengah,Kebon Kalapa,2026-09-19T12:00:00,2026-09-19 18:00:00,2026-09-20 01:00:00,5-6,23,87,0,27,5,SE,175,NW,,,1,Cerah,Sunny,https://api-apps.bmkg.go.id/storage/icon/cuaca/cerah-pm.svg,2026-09-19T18:00:00Z
32,32.71,32.71.03,32.71.03.1011,32.71.03.1011,Jawa Barat,Kota Bogor,Bogor Tengah,Kebon Kalapa,2026-09-19T12:00:00,2026-09-19 21:00:00,2026-09-20 04:00:00,8-9,23,84,0,9,1.8,SE,165,NW,,,0,Cerah,Sunny,https://api-apps.bmkg.go.id/storage/icon/cuaca/cerah-pm.svg,2026-09-19T21:00:00Z
32,32.71,32.71.03,32.71.03.1011,32.71.03.1011,Jawa Barat,Kota Bogor,Bogor Tengah,Kebon Kalapa,2026-09-19T12:00:00,2026-09-20 00:00:00,2026-09-20 07:00:00,11-12,25,76,0,15,7.1,N,7,S,,,1,Cerah,Sunny,https://api-apps.bmkg.go.id/storage/icon/cuaca/cerah-am.svg,2026-09-20T00:00:00Z
32,32.71,32.71.03,32.71.03.1011,32.71.03.1011,Jawa Barat,Kota Bogor,Bogor Tengah,Kebon Kalapa,2026-09-19T12:00:00,2026-09-20 03:00:00,2026-09-20 10:00:00,14-15,30,60,0,32,7.8,NW,353,SE,,,1,Cerah,Sunny,https://api-apps.bmkg.go.id/storage/icon/cuaca/cerah-am.svg,2026-09-20T03:00:00Z
32,32.71,32.71.03,32.71.03.1011,32.71.03.1011,Jawa Barat,Kota Bogor,Bogor Tengah,Kebon Kalapa,2026-09-19T12:00:00,2026-09-20 06:00:00,2026-09-20 13:00:00,17-18,32,47,0.1,16,10.7,E,132,W,,,1,Cerah,Sunny,https://api-apps.bmkg.go.id/storage/icon/cuaca/cerah-am.svg,2026-09-20T06:00:00Z
32,32.71,32.71.03,32.71.03.1011,32.71.03.1011,Jawa Barat,Kota Bogor,Bogor Tengah,Kebon Kalapa,2026-09-19T12:00:00,2026-09-20 09:00:00,2026-09-20 16:00:00,20-21,28,67,1.1,35,2,NW,346,SE,,,61,Hujan Ringan,Light Rain,https://api-apps.bmkg.go.id/storage/icon/cuaca/hujan ringan-am.svg,2026-09-20T09:00:00Z
32,32.71,32.71.03,32.71.03.1011,32.71.03.1011,Jawa Barat,Kota Bogor,Bogor Tengah,Kebon Kalapa,2026-09-19T12:00:00,2026-09-20 12:00:00,2026-09-20 19:00:00,23-24,25,88,0,26,5.7,N,27,S,,,1,Cerah,Sunny,https://api-apps.bmkg.go.id/storage/icon/cuaca/cerah-pm.svg,2026-09-20T12:00:00Z
32,32.71,32.71.03,32.71.03.1011,32.71.03.1011,Jawa Barat,Kota Bogor,Bogor Tengah,Kebon Kalapa,2026-09-19T12:00:00,2026-09-20 15:00:00,2026-09-20 22:00:00,26-27,24,91,0,29,0.8,S,220,N,,,1,Cerah,Sunny,https://api-apps.bmkg.go.id/storage/icon/cuaca/cerah-pm.svg,2026-09-20T15:00:00Z
32,32.71,32.71.03,32.71.03.1011,32.71.03.1011,Jawa Barat,Kota Bogor,Bogor Tengah,Kebon Kalapa,2026-09-19T12:00:00,2026-09-20 18:00:00,2026-09-21 01:00:00,29-30,24,92,0,25,2.8,S,206,N,,,1,Cerah,Sunny,https://api-apps.bmkg.go.id/storage/icon/cuaca/cerah-pm.svg,2026-09-20T18:00:00Z
32,32.71,32.71.03,32.71.03.1011,32.71.03.1011,Jawa Barat,Kota Bogor,Bogor Tengah,Kebon Kalapa,2026-09-19T12:00:00,2026-09-20 21:00:00,2026-09-21 04:00:00,32-33,23,91,0,11,3.5,SE,174,NW,,,1,Cerah,Sunny,https://api-apps.bmkg.go.id/storage/icon/cuaca/cerah-pm.svg,2026-09-20T21:00:00Z
32,32.71,32.71.03,32.71.03.1011,32.71.03.1011,Jawa Barat,Kota Bogor,Bogor Tengah,Kebon Kalapa,2026-09-19T12:00:00,2026-09-21 00:00:00,2026-09-21 07:00:00,35-36,27,72,0,12,2.1,SE,138,NW,,,1,Cerah,Sunny,https://api-apps.bmkg.go.id/storage/icon/cuaca/cerah-am.svg,2026-09-21T00:00:00Z
32,32.71,32.71.03,32.71.03.1011,32.71.03.1011,Jawa Barat,Kota Bogor,Bogor Tengah,Kebon Kalapa,2026-09-19T12:00:00,2026-09-21 03:00:00,2026-09-21 10:00:00,38-39,30,60,0.1,32,3.9,N,30,S,,,1,Cerah,Sunny,https://api-apps.bmkg.go.id/storage/icon/cuaca/cerah-am.svg,2026-09-21T03:00:00Z
32,32.71,32.71.03,32.71.03.1011,32.71.03.1011,Jawa Barat,Kota Bogor,Bogor Tengah,Kebon Kalapa,2026-09-19T12:00:00,2026-09-21 06:00:00,2026-09-21 13:00:00,41-42,31,59,0.6,60,5.7,N,45,S,,,1,Cerah,Sunny,https://api-apps.bmkg.go.id/storage/icon/cuaca/cerah-am.svg,2026-09-21T06:00:00Z
32,32.71,32.71.03,32.71.03.1011,32.71.03.1011,Jawa Barat,Kota Bogor,Bogor Tengah,Kebon Kalapa,2026-09-19T12:00:00,2026-09-21 09:00:00,2026-09-21 16:00:00,44-45,27,79,1,55,5.7,NW,317,SE,,,1,Cerah,Sunny,https://api-apps.bmkg.go.id/storage/icon/cuaca/cerah-am.svg,2026-09-21T09:00:00Z
32,32.71,32.71.03,32.71.03.1011,32.71.03.1011,Jawa Barat,Kota Bogor,Bogor Tengah,Kebon Kalapa,2026-09-19T12:00:00,2026-09-21 12:00:00,2026-09-21 19:00:00,47-48,25,92,0,54,2.6,N,39,S,,,1,Cerah,Sunny,https://api-apps.bmkg.go.id/storage/icon/cuaca/cerah-pm.svg,2026-09-21T12:00:00Z
32,32.71,32.71.03,32.71.03.1011,32.71.03.1011,Jawa Barat,Kota Bogor,Bogor Tengah,Kebon Kalapa,2026-09-19T12:00:00,2026-09-21 15:00:00,2026-09-21 22:00:00,50-51,24,94,0,31,4,SE,158,NW,,,1,Cerah,Sunny,https://api-apps.bmkg.go.id/storage/icon/cuaca/cerah-pm.svg,2026-09-21T15:00:00Z
32,32.71,32.71.04,32.71.04.1001,32.71.04.1001,Jawa Barat,Kota Bogor,Bogor Barat,Menteng,2026-09-19T12:00:00,2026-09-19 15:00:00,2026-09-19 22:00:00,2-3,24,82,0,22,7.4,SE,171,NW,,,1,Cerah,Sunny,https://api-apps.bmkg.go.id/storage/icon/cuaca/cerah-pm.svg,2026-09-19T15:00:00Z
32,32.71,32.71.04,32.71.04.1001,32.71.04.1001,Jawa Barat,Kota Bogor,Bogor Barat,Menteng,2026-09-19T12:00:00,2026-09-19 18:00:00,2026-09-20 01:00:00,5-6,23,87,0,25,5,SE,175,NW,,,1,Cerah,Sunny,https://api-apps.bmkg.go.id/storage/icon/cuaca/cerah-pm.svg,2026-09-19T18:00:00Z
32,32.71,32.71.04,32.71.04.1001,32.71.04.1001,Jawa Barat,Kota Bogor,Bogor Barat,Menteng,2026-09-19T12:00:00,2026-09-19 21:00:00,2026-09-20 04:00:00,8-9,23,85,0,9,1.8,SE,165,NW,,,0,Cerah,Sunny,https://api-apps.bmkg.go.id/storage/icon/cuaca/cerah-pm.svg,2026-09-19T21:00:00Z
32,32.71,32.71.04,32.71.04.1001,32.71.04.1001,Jawa Barat,Kota Bogor,Bogor Barat,Menteng,2026-09-19T12:00:00,2026-09-20 00:00:00,2026-09-20 07:00:00,11-12,25,78,0,16,7.1,N,7,S,,,1,Cerah,Sunny,https://api-apps.bmkg.go.id/storage/icon/cuaca/cerah-am.svg,2026-09-20T00:00:00Z
32,32.71,32.71.04,32.71.04.1001,32.71.04.1001,Jawa Barat,Kota Bogor,Bogor Barat,Menteng,2026-09-19T12:00:00,2026-09-20 03:00:00,2026-09-20 10:00:00,14-15,30,60,0,25,7.8,NW,353,SE,,,1,Cerah,Sunny,https://api-apps.bmkg.go.id/storage/icon/cuaca/cerah-am.svg,2026-09-20T03:00:00Z
32,32.71,32.71.04,32.71.04.1001,32.71.04.1001,Jawa Barat,Kota Bogor,Bogor Barat,Menteng,2026-09-19T12:00:00,2026-09-20 06:00:00,2026-09-20 13:00:00,17-18,32,48,0.1,15,10.7,E,132,W,,,1,Cerah,Sunny,https://api-apps.bmkg.go.id/storage/icon/cuaca/cerah-am.svg,2026-09-20T06:00:00Z
32,32.71,32.71.04,32.71.04.1001,32.71.04.1001,Jawa Barat,Kota Bogor,Bogor Barat,Menteng,2026-09-19T12:00:00,2026-09-20 09:00:00,2026-09-20 16:00:00,20-21,28,68,1.1,40,2,NW,346,SE,,,61,Hujan Ringan,Light Rain,https://api-apps.bmkg.go.id/storage/icon/cuaca/hujan ringan-am.svg,2026-09-20T09:00:00Z
32,32.71,32.71.04,32.71.04.1001,32.71.04.1001,Jawa Barat,Kota Bogor,Bogor Barat,Menteng,2026-09-19T12:00:00,2026-09-20 12:00:00,2026-09-20 19:00:00,23-24,25,88,0,26,5.7,N,27,S,,,1,Cerah,Sunny,https://api-apps.bmkg.go.id/storage/icon/cuaca/cerah-pm.svg,2026-09-20T12:00:00Z
32,32.71,32.71.04,32.71.04.1001,32.71.04.1001,Jawa Barat,Kota Bogor,Bogor Barat,Menteng,2026-09-19T12:00:00,2026-09-20 15:00:00,2026-09-20 22:00:00,26-27,25,91,0,26,0.8,S,220,N,,,1,Cerah,Sunny,https://api-apps.bmkg.go.id/storage/icon/cuaca/cerah-pm.svg,2026-09-20T15:00:00Z
32,32.71,32.71.04,32.71.04.1001,32.71.04.1001,Jawa Barat,Kota Bogor,Bogor Barat,Menteng,2026-09-19T12:00:00,2026-09-20 18:00:00,2026-09-21 01:00:00,29-30,24,93,0,27,2.8,S,206,N,,,1,Cerah,Sunny,https://api-apps.bmkg.go.id/storage/icon/cuaca/cerah-pm.svg,2026-09-20T18:00:00Z
32,32.71,32.71.04,32.71.04.1001,32.71.04.1001,Jawa Barat,Kota Bogor,Bogor Barat,Menteng,2026-09-19T12:00:00,2026-09-20 21:00:00,2026-09-21 04:00:00,32-33,23,91,0,11,3.5,SE,174,NW,,,1,Cerah,Sunny,https://api-apps.bmkg.go.id/storage/icon/cuaca/cerah-pm.svg,2026-09-20T21:00:00Z
32,32.71,32.71.04,32.71.04.1001,32.71.04.1001,Jawa Barat,Kota Bogor,Bogor Barat,Menteng,2026-09-19T12:00:00,2026-09-21 00:00:00,2026-09-21 07:00:00,35-36,27,73,0,11,2.1,SE,138,NW,,,1,Cerah,Sunny,https://api-apps.bmkg.go.id/storage/icon/cuaca/cerah-am.svg,2026-09-21T00:00:00Z
32,32.71,32.71.04,32.71.04.1001,32.71.04.1001,Jawa Barat,Kota Bogor,Bogor Barat,Menteng,2026-09-19T12:00:00,2026-09-21 03:00:00,2026-09-21 10:00:00,38-39,30,61,0.1,31,3.9,N,30,S,,,1,Cerah,Sunny,https://api-apps.bmkg.go.id/storage/icon/cuaca/cerah-am.svg,2026-09-21T03:00:00Z
32,32.71,32.71.04,32.71.04.1001,32.71.04.1001,Jawa Barat,Kota Bogor,Bogor Barat,Menteng,2026-09-19T12:00:00,2026-09-21 06:00:00,2026-09-21 13:00:00,41-42,31,58,0.7,54,5.7,N,45,S,,,1,Cerah,Sunny,https://api-apps.bmkg.go.id/storage/icon/cuaca/cerah-am.svg,2026-09-21T06:00:00Z
32,32.71,32.71.04,32.71.04.1001,32.71.04.1001,Jawa Barat,Kota Bogor,Bogor Barat,Menteng,2026-09-19T12:00:00,2026-09-21 09:00:00,2026-09-21 16:00:00,44-45,27,81,1,61,5.7,NW,317,SE,,,2,Cerah Berawan,Partly Cloudy,https://api-apps.bmkg.go.id/storage/icon/cuaca/cerah berawan-am.svg,2026-09-21T09:00:00Z
32,32.71,32.71.04,32.71.04.1001,32.71.04.1001,Jawa Barat,Kota Bogor,Bogor Barat,Menteng,2026-09-19T12:00:00,2026-09-21 12:00:00,2026-09-21 19:00:00,47-48,25,92,0,47,2.6,N,39,S,,,1,Cerah,Sunny,https://api-apps.bmkg.go.id/storage/icon/cuaca/cerah-pm.svg,2026-09-21T12:00:00Z
32,32.71,32.71.04,32.71.04.1001,32.71.04.1001,Jawa Barat,Kota Bogor,Bogor Barat,Menteng,2026-09-19T12:00:00,2026-09-21 15:00:00,2026-09-21 22:00:00,50-51,24,94,0,27,4,SE,158,NW,,,1,Cerah,Sunny,https://api-apps.bmkg.go.id/storage/icon/cuaca/cerah-pm.svg,2026-09-21T15:00:00Z
32,32.71,32.71.04,32.71.04.1002,32.71.04.1002,Jawa Barat,Kota Bogor,Bogor Barat,Sindang Barang,2026-09-19T12:00:00,2026-09-19 15:00:00,2026-09-19 22:00:00,2-3,24,84,0,21,7.4,SE,171,NW,,,1,Cerah,Sunny,https://api-apps.bmkg.go.id/storage/icon/cuaca/cerah-pm.svg,2026-09-19T15:00:00Z
32,32.71,32.71.04,32.71.04.1002,32.71.04.1002,Jawa Barat,Kota Bogor,Bogor Barat,Sindang Barang,2026-09-19T12:00:00,2026-09-19 18:00:00,2026-09-20 01:00:00,5-6,23,88,0,26,5,SE,175,NW,,,1,Cerah,Sunny,https://api-apps.bmkg.go.id/storage/icon/cuaca/cerah-pm.svg,2026-09-19T18:00:00Z
32,32.71,32.71.04,32.71.04.1002,32.71.04.1002,Jawa Barat,Kota Bogor,Bogor Barat,Sindang Barang,2026-09-19T12:00:00,2026-09-19 21:00:00,2026-09-20 04:00:00,8-9,23,85,0,11,1.8,SE,165,NW,,,1,Cerah,Sunny,https://api-apps.bmkg.go.id/storage/icon/cuaca/cerah-pm.svg,2026-09-19T21:00:00Z
32,32.71,32.71.04,32.71.04.1002,32.71.04.1002,Jawa Barat,Kota Bogor,Bogor Barat,Sindang Barang,2026-09-19T12:00:00,2026-09-20 00:00:00,2026-09-20 07:00:00,11-12,25,78,0,15,7.1,N,7,S,,,1,Cerah,Sunny,https://api-apps.bmkg.go.id/storage/icon/cuaca/cerah-am.svg,2026-09-20T00:00:00Z
32,32.71,32.71.04,32.71.04.1002,32.71.04.1002,Jawa Barat,Kota Bogor,Bogor Barat,Sindang Barang,2026-09-19T12:00:00,2026-09-20 03:00:00,2026-09-20 10:00:00,14-15,30,60,0,24,7.8,NW,353,SE,,,1,Cerah,Sunny,https://api-apps.bmkg.go.id/storage/icon/cuaca/cerah-am.svg,2026-09-20T03:00:00Z
32,32.71,32.71.04,32.71.04.1002,32.71.04.1002,Jawa Barat,Kota Bogor,Bogor Barat,Sindang Barang,2026-09-19T12:00:00,2026-09-20 06:00:00,2026-09-20 13:00:00,17-18,32,49,0.1,18,10.7,E,132,W,,,1,Cerah,Sunny,https://api-apps.bmkg.go.id/storage/icon/cuaca/cerah-am.svg,2026-09-20T06:00:00Z
32,32.71,32.71.04,32.71.04.1002,32.71.04.1002,Jawa Barat,Kota Bogor,Bogor Barat,Sindang Barang,2026-09-19T12:00:00,2026-09-20 09:00:00,2026-09-20 16:00:00,20-21,28,70,0.7,38,2,NW,346,SE,,,1,Cerah,Sunny,https://api-apps.bmkg.go.id/storage/icon/cuaca/cerah-am.svg,2026-09-20T09:00:00Z
32,32.71,32.71.04,32.71.04.1002,32.71.04.1002,Jawa Barat,Kota Bogor,Bogor Barat,Sindang Barang,2026-09-19T12:00:00,2026-09-20 12:00:00,2026-09-20 19:00:00,23-24,25,89,0,29,5.7,N,27,S,,,1,Cerah,Sunny,https://api-apps.bmkg.go.id/storage/icon/cuaca/cerah-pm.svg,2026-09-20T12:00:00Z
32,32.71,32.71.04,32.71.04.1002,32.71.04.1002,Jawa Barat,Kota Bogor,Bogor Barat,Sindang Barang,2026-09-19T12:00:00,2026-09-20 15:00:00,2026-09-20 22:00:00,26-27,25,91,0,29,0.8,S,220,N,,,1,Cerah,Sunny,https://api-apps.bmkg.go.id/storage/icon/cuaca/cerah-pm.svg,2026-09-20T15:00:00Z
32,32.71,32.71.04,32.71.04.1002,32.71.04.1002,Jawa Barat,Kota Bogor,Bogor Barat,Sindang Barang,2026-09-19T12:00:00,2026-09-20 18:00:00,2026-09-21 01:00:00,29-30,24,92,0,27,2.8,S,206,N,,,1,Cerah,Sunny,https://api-apps.bmkg.go.id/storage/icon/cuaca/cerah-pm.svg,2026-09-20T18:00:00Z
32,32.71,32.71.04,32.71.04.1002,32.71.04.1002,Jawa Barat,Kota Bogor,Bogor Barat,Sindang Barang,2026-09-19T12:00:00,2026-09-20 21:00:00,2026-09-21 04:00:00,32-33,23,91,0,11,3.5,SE,174,NW,,,1,Cerah,Sunny,https://api-apps.bmkg.go.id/storage/icon/cuaca/cerah-pm.svg,2026-09-20T21:00:00Z
32,32.71,32.71.04,32.71.04.1002,32.71.04.1002,Jawa Barat,Kota Bogor,Bogor Barat,Sindang Barang,2026-09-19T12:00:00,2026-09-21 00:00:00,2026-09-21 07:00:00,35-36,27,74,0,13,2.1,SE,138,NW,,,1,Cerah,Sunny,https://api-apps.bmkg.go.id/storage/icon/cuaca/cerah-am.svg,2026-09-21T00:00:00Z
32,32.71,32.71.04,32.71.04.1002,32.71.04.1002,Jawa Barat,Kota Bogor,Bogor Barat,Sindang Barang,2026-09-19T12:00:00,2026-09-21 03:00:00,2026-09-21 10:00:00,38-39,30,62,0.1,36,3.9,N,30,S,,,1,Cerah,Sunny,https://api-apps.bmkg.go.id/storage/icon/cuaca/cerah-am.svg,2026-09-21T03:00:00Z
32,32.71,32.71.04,32.71.04.1002,32.71.04.1002,Jawa Barat,Kota Bogor,Bogor Barat,Sindang Barang,2026-09-19T12:00:00,2026-09-21 06:00:00,2026-09-21 13:00:00,41-42,31,60,0.8,55,5.7,N,45,S,,,1,Cerah,Sunny,https://api-apps.bmkg.go.id/storage/icon/cuaca/cerah-am.svg,2026-09-21T06:00:00Z
32,32.71,32.71.04,32.71.04.1002,32.71.04.1002,Jawa Barat,Kota Bogor,Bogor Barat,Sindang Barang,2026-09-19T12:00:00,2026-09-21 09:00:00,2026-09-21 16:00:00,44-45,26,83,1.2,62,5.7,NW,317,SE,,,61,Hujan Ringan,Light Rain,https://api-apps.bmkg.go.id/storage/icon/cuaca/hujan ringan-am.svg,2026-09-21T09:00:00Z
32,32.71,32.71.04,32.71.04.1002,32.71.04.1002,Jawa Barat,Kota Bogor,Bogor Barat,Sindang Barang,2026-09-19T12:00:00,2026-09-21 12:00:00,2026-09-21 19:00:00,47-48,25,92,0,43,2.6,N,39,S,,,1,Cerah,Sunny,https://api-apps.bmkg.go.id/storage/icon/cuaca/cerah-pm.svg,2026-09-21T12:00:00Z
32,32.71,32.71.04,32.71.04.1002,32.71.04.1002,Jawa Barat,Kota Bogor,Bogor Barat,Sindang Barang,2026-09-19T12:00:00,2026-09-21 15:00:00,2026-09-21 22:00:00,50-51,24,95,0,29,4,SE,158,NW,,,1,Cerah,Sunny,https://api-apps.bmkg.go.id/storage/icon/cuaca/cerah-pm.svg,2026-09-21T15:00:00Z
32,32.71,32.71.04,32.71.04.1003,32.71.04.1003,Jawa Barat,Kota Bogor,Bogor Barat,Bubulak,2026-09-19T12:00:00,2026-09-19 15:00:00,2026-09-19 22:00:00,2-3,24,85,0,20,7.4,SE,171,NW,,,1,Cerah,Sunny,https://api-apps.bmkg.go.id/storage/icon/cuaca/cerah-pm.svg,2026-09-19T15:00:00Z
32,32.71,32.71.04,32.71.04.1003,32.71.04.1003,Jawa Barat,Kota Bogor,Bogor Barat,Bubulak,2026-09-19T12:00:00,2026-09-19 18:00:00,2026-09-20 01:00:00,5-6,23,88,0,23,5,SE,175,NW,,,1,Cerah,Sunny,https://api-apps.bmkg.go.id/storage/icon/cuaca/cerah-pm.svg,2026-09-19T18:00:00Z
32,32.71,32.71.04,32.71.04.1003,32.71.04.1003,Jawa Barat,Kota Bogor,Bogor Barat,Bubulak,2026-09-19T12:00:00,2026-09-19 21:00:00,2026-09-20 04:00:00,8-9,23,86,0,10,1.8,SE,165,NW,,,0,Cerah,Sunny,https://api-apps.bmkg.go.id/storage/icon/cuaca/cerah-pm.svg,2026-09-19T21:00:00Z
32,32.71,32.71.04,32.71.04.1003,32.71.04.1003,Jawa Barat,Kota Bogor,Bogor Barat,Bubulak,2026-09-19T12:00:00,2026-09-20 00:00:00,2026-09-20 07:00:00,11-12,25,80,0,15,7.1,N,7,S,,,1,Cerah,Sunny,https://api-apps.bmkg.go.id/storage/icon/cuaca/cerah-am.svg,2026-09-20T00:00:00Z
32,32.71,32.71.04,32.71.04.1003,32.71.04.1003,Jawa Barat,Kota Bogor,Bogor Barat,Bubulak,2026-09-19T12:00:00,2026-09-20 03:00:00,2026-09-20 10:00:00,14-15,31,60,0,17,7.8,NW,353,SE,,,1,Cerah,Sunny,https://api-apps.bmkg.go.id/storage/icon/cuaca/cerah-am.svg,2026-09-20T03:00:00Z
32,32.71,32.71.04,32.71.04.1003,32.71.04.1003,Jawa Barat,Kota Bogor,Bogor Barat,Bubulak,2026-09-19T12:00:00,2026-09-20 06:00:00,2026-09-20 13:00:00,17-18,32,49,0.1,16,10.7,E,132,W,,,1,Cerah,Sunny,https://api-apps.bmkg.go.id/storage/icon/cuaca/cerah-am.svg,2026-09-20T06:00:00Z
32,32.71,32.71.04,32.71.04.1003,32.71.04.1003,Jawa Barat,Kota Bogor,Bogor Barat,Bubulak,2026-09-19T12:00:00,2026-09-20 09:00:00,2026-09-20 16:00:00,20-21,28,70,0.6,44,2,NW,346,SE,,,1,Cerah,Sunny,https://api-apps.bmkg.go.id/storage/icon/cuaca/cerah-am.svg,2026-09-20T09:00:00Z
32,32.71,32.71.04,32.71.04.1003,32.71.04.1003,Jawa Barat,Kota Bogor,Bogor Barat,Bubulak,2026-09-19T12:00:00,2026-09-20 12:00:00,2026-09-20 19:00:00,23-24,25,89,0,27,5.7,N,27,S,,,1,Cerah,Sunny,https://api-apps.bmkg.go.id/storage/icon/cuaca/cerah-pm.svg,2026-09-20T12:00:00Z
32,32.71,32.71.04,32.71.04.1003,32.71.04.1003,Jawa Barat,Kota Bogor,Bogor Barat,Bubulak,2026-09-19T12:00:00,2026-09-20 15:00:00,2026-09-20 22:00:00,26-27,25,91,0,27,0.8,S,220,N,,,1,Cerah,Sunny,https://api-apps.bmkg.go.id/storage/icon/cuaca/cerah-pm.svg,2026-09-20T15:00:00Z
32,32.71,32.71.04,32.71.04.1003,32.71.04.1003,Jawa Barat,Kota Bogor,Bogor Barat,Bubulak,2026-09-19T12:00:00,2026-09-20 18:00:00,2026-09-21 01:00:00,29-30,24,93,0,29,2.8,S,206,N,,,1,Cerah,Sunny,https://api-apps.bmkg.go.id/storage/icon/cuaca/cerah-pm.svg,2026-09-20T18:00:00Z
32,32.71,32.71.04,32.71.04.1003,32.71.04.1003,Jawa Barat,Kota Bogor,Bogor Barat,Bubulak,2026-09-19T12:00:00,2026-09-20 21:00:00,2026-09-21 04:00:00,32-33,24,91,0,11,3.5,SE,174,NW,,,1,Cerah,Sunny,https://api-apps.bmkg.go.id/storage/icon/cuaca/cerah-pm.svg,2026-09-20T21:00:00Z
32,32.71,32.71.04,32.71.04.1003,32.71.04.1003,Jawa Barat,Kota Bogor,Bogor Barat,Bubulak,2026-09-19T12:00:00,2026-09-21 00:00:00,2026-09-21 07:00:00,35-36,27,75,0,11,2.1,SE,138,NW,,,1,Cerah,Sunny,https://api-apps.bmkg.go.id/storage/icon/cuaca/cerah-am.svg,2026-09-21T00:00:00Z
32,32.71,32.71.04,32.71.04.1003,32.71.04.1003,Jawa Barat,Kota Bogor,Bogor Barat,Bubulak,2026-09-19T12:00:00,2026-09-21 03:00:00,2026-09-21 10:00:00,38-39,31,62,0.1,34,3.9,N,30,S,,,1,Cerah,Sunny,https://api-apps.bmkg.go.id/storage/icon/cuaca/cerah-am.svg,2026-09-21T03:00:00Z
32,32.71,32.71.04,32.71.04.1003,32.71.04.1003,Jawa Barat,Kota Bogor,Bogor Barat,Bubulak,2026-09-19T12:00:00,2026-09-21 06:00:00,2026-09-21 13:00:00,41-42,32,59,0.9,48,5.7,N,45,S,,,1,Cerah,Sunny,https://api-apps.bmkg.go.id/storage/icon/cuaca/cerah-am.svg,2026-09-21T06:00:00Z
32,32.71,32.71.04,32.71.04.1003,32.71.04.1003,Jawa Barat,Kota Bogor,Bogor Barat,Bubulak,2026-09-19T12:00:00,2026-09-21 09:00:00,2026-09-21 16:00:00,44-45,26,84,1.2,66,5.7,NW,317,SE,,,61,Hujan Ringan,Light Rain,https://api-apps.bmkg.go.id/storage/icon/cuaca/hujan ringan-am.svg,2026-09-21T09:00:00Z
32,32.71,32.71.04,32.71.04.1003,32.71.04.1003,Jawa Barat,Kota Bogor,Bogor Barat,Bubulak,2026-09-19T12:00:00,2026-09-21 12:00:00,2026-09-21 19:00:00,47-48,25,93,0,38,2.6,N,39,S,,,1,Cerah,Sunny,https://api-apps.bmkg.go.id/storage/icon/cuaca/cerah-pm.svg,2026-09-21T12:00:00Z
32,32.71,32.71.04,32.71.04.1003,32.71.04.1003,Jawa Barat,Kota Bogor,Bogor Barat,Bubulak,2026-09-19T12:00:00,2026-09-21 15:00:00,2026-09-21 22:00:00,50-51,24,95,0,24,4,SE,158,NW,,,1,Cerah,Sunny,https://api-apps.bmkg.go.id/storage/icon/cuaca/cerah-pm.svg,2026-09-21T15:00:00Z
32,32.71,32.71.04,32.71.04.1004,32.71.04.1004,Jawa Barat,Kota Bogor,Bogor Barat,Marga Jaya,2026-09-19T12:00:00,2026-09-19 15:00:00,2026-09-19 22:00:00,2-3,24,84,0,21,7.4,SE,171,NW,,,1,Cerah,Sunny,https://api-apps.bmkg.go.id/storage/icon/cuaca/cerah-pm.svg,2026-09-19T15:00:00Z
32,32.71,32.71.04,32.71.04.1004,32.71.04.1004,Jawa Barat,Kota Bogor,Bogor Barat,Marga Jaya,2026-09-19T12:00:00,2026-09-19 18:00:00,2026-09-20 01:00:00,5-6,23,88,0,26,5,SE,175,NW,,,1,Cerah,Sunny,https://api-apps.bmkg.go.id/storage/icon/cuaca/cerah-pm.svg,2026-09-19T18:00:00Z
32,32.71,32.71.04,32.71.04.1004,32.71.04.1004,Jawa Barat,Kota Bogor,Bogor Barat,Marga Jaya,2026-09-19T12:00:00,2026-09-19 21:00:00,2026-09-20 04:00:00,8-9,23,85,0,11,1.8,SE,165,NW,,,1,Cerah,Sunny,https://api-apps.bmkg.go.id/storage/icon/cuaca/cerah-pm.svg,2026-09-19T21:00:00Z
32,32.71,32.71.04,32.71.04.1004,32.71.04.1004,Jawa Barat,Kota Bogor,Bogor Barat,Marga Jaya,2026-09-19T12:00:00,2026-09-20 00:00:00,2026-09-20 07:00:00,11-12,25,78,0,15,7.1,N,7,S,,,1,Cerah,Sunny,https://api-apps.bmkg.go.id/storage/icon/cuaca/cerah-am.svg,2026-09-20T00:00:00Z
32,32.71,32.71.04,32.71.04.1004,32.71.04.1004,Jawa Barat,Kota Bogor,Bogor Barat,Marga Jaya,2026-09-19T12:00:00,2026-09-20 03:00:00,2026-09-20 10:00:00,14-15,30,60,0,24,7.8,NW,353,SE,,,1,Cerah,Sunny,https://api-apps.bmkg.go.id/storage/icon/cuaca/cerah-am.svg,2026-09-20T03:00:00Z
32,32.71,32.71.04,32.71.04.1004,32.71.04.1004,Jawa Barat,Kota Bogor,Bogor Barat,Marga Jaya,2026-09-19T12:00:00,2026-09-20 06:00:00,2026-09-20 13:00:00,17-18,32,49,0.1,18,10.7,E,132,W,,,1,Cerah,Sunny,https://api-apps.bmkg.go.id/storage/icon/cuaca/cerah-am.svg,2026-09-20T06:00:00Z
32,32.71,32.71.04,32.71.04.1004,32.71.04.1004,Jawa Barat,Kota Bogor,Bogor Barat,Marga Jaya,2026-09-19T12:00:00,2026-09-20 09:00:00,2026-09-20 16:00:00,20-21,28,70,0.7,38,2,NW,346,SE,,,1,Cerah,Sunny,https://api-apps.bmkg.go.id/storage/icon/cuaca/cerah-am.svg,2026-09-20T09:00:00Z
32,32.71,32.71.04,32.71.04.1004,32.71.04.1004,Jawa Barat,Kota Bogor,Bogor Barat,Marga Jaya,2026-09-19T12:00:00,2026-09-20 12:00:00,2026-09-20 19:00:00,23-24,25,89,0,29,5.7,N,27,S,,,1,Cerah,Sunny,https://api-apps.bmkg.go.id/storage/icon/cuaca/cerah-pm.svg,2026-09-20T12:00:00Z
32,32.71,32.71.04,32.71.04.1004,32.71.04.1004,Jawa Barat,Kota Bogor,Bogor Barat,Marga Jaya,2026-09-19T12:00:00,2026-09-20 15:00:00,2026-09-20 22:00:00,26-27,25,91,0,29,0.8,S,220,N,,,1,Cerah,Sunny,https://api-apps.bmkg.go.id/storage/icon/cuaca/cerah-pm.svg,2026-09-20T15:00:00Z
32,32.71,32.71.04,32.71.04.1004,32.71.04.1004,Jawa Barat,Kota Bogor,Bogor Barat,Marga Jaya,2026-09-19T12:00:00,2026-09-20 18:00:00,2026-09-21 01:00:00,29-30,24,92,0,27,2.8,S,206,N,,,1,Cerah,Sunny,https://api-apps.bmkg.go.id/storage/icon/cuaca/cerah-pm.svg,2026-09-20T18:00:00Z
32,32.71,32.71.04,32.71.04.1004,32.71.04.1004,Jawa Barat,Kota Bogor,Bogor Barat,Marga Jaya,2026-09-19T12:00:00,2026-09-20 21:00:00,2026-09-21 04:00:00,32-33,23,91,0,11,3.5,SE,174,NW,,,1,Cerah,Sunny,https://api-apps.bmkg.go.id/storage/icon/cuaca/cerah-pm.svg,2026-09-20T21:00:00Z
32,32.71,32.71.04,32.71.04.1004,32.71.04.1004,Jawa Barat,Kota Bogor,Bogor Barat,Marga Jaya,2026-09-19T12:00:00,2026-09-21 00:00:00,2026-09-21 07:00:00,35-36,27,74,0,13,2.1,SE,138,NW,,,1,Cerah,Sunny,https://api-apps.bmkg.go.id/storage/icon/cuaca/cerah-am.svg,2026-09-21T00:00:00Z
32,32.71,32.71.04,32.71.04.1004,32.71.04.1004,Jawa Barat,Kota Bogor,Bogor Barat,Marga Jaya,2026-09-19T12:00:00,2026-09-21 03:00:00,2026-09-21 10:00:00,38-39,30,62,0.1,36,3.9,N,30,S,,,1,Cerah,Sunny,https://api-apps.bmkg.go.id/storage/icon/cuaca/cerah-am.svg,2026-09-21T03:00:00Z
32,32.71,32.71.04,32.71.04.1004,32.71.04.1004,Jawa Barat,Kota Bogor,Bogor Barat,Marga Jaya,2026-09-19T12:00:00,2026-09-21 06:00:00,2026-09-21 13:00:00,41-42,31,60,0.8,55,5.7,N,45,S,,,1,Cerah,Sunny,https://api-apps.bmkg.go.id/storage/icon/cuaca/cerah-am.svg,2026-09-21T06:00:00Z
32,32.71,32.71.04,32.71.04.1004,32.71.04.1004,Jawa Barat,Kota Bogor,Bogor Barat,Marga Jaya,2026-09-19T12:00:00,2026-09-21 09:00:00,2026-09-21 16:00:00,44-45,26,83,1.2,62,5.7,NW,317,SE,,,61,Hujan Ringan,Light Rain,https://api-apps.bmkg.go.id/storage/icon/cuaca/hujan ringan-am.svg,2026-09-21T09:00:00Z
32,32.71,32.71.04,32.71.04.1004,32.71.04.1004,Jawa Barat,Kota Bogor,Bogor Barat,Marga Jaya,2026-09-19T12:00:00,2026-09-21 12:00:00,2026-09-21 19:00:00,47-48,25,92,0,43,2.6,N,39,S,,,1,Cerah,Sunny,https://api-apps.bmkg.go.id/storage/icon/cuaca/cerah-pm.svg,2026-09-21T12:00:00Z
32,32.71,32.71.04,32.71.04.1004,32.71.04.1004,Jawa Barat,Kota Bogor,Bogor Barat,Marga Jaya,2026-09-19T12:00:00,2026-09-21 15:00:00,2026-09-21 22:00:00,50-51,24,95,0,29,4,SE,158,NW,,,1,Cerah,Sunny,https://api-apps.bmkg.go.id/storage/icon/cuaca/cerah-pm.svg,2026-09-21T15:00:00Z
32,32.71,32.71.04,32.71.04.1005,32.71.04.1005,Jawa Barat,Kota Bogor,Bogor Barat,Balumbang Jaya,2026-09-19T12:00:00,2026-09-19 15:00:00,2026-09-19 22:00:00,2-3,24,85,0,20,7.4,SE,171,NW,,,1,Cerah,Sunny,https://api-apps.bmkg.go.id/storage/icon/cuaca/cerah-pm.svg,2026-09-19T15:00:00Z
32,32.71,32.71.04,32.71.04.1005,32.71.04.1005,Jawa Barat,Kota Bogor,Bogor Barat,Balumbang Jaya,2026-09-19T12:00:00,2026-09-19 18:00:00,2026-09-20 01:00:00,5-6,23,88,0,23,5,SE,175,NW,,,1,Cerah,Sunny,https://api-apps.bmkg.go.id/storage/icon/cuaca/cerah-pm.svg,2026-09-19T18:00:00Z
32,32.71,32.71.04,32.71.04.1005,32.71.04.1005,Jawa Barat,Kota Bogor,Bogor Barat,Balumbang Jaya,2026-09-19T12:00:00,2026-09-19 21:00:00,2026-09-20 04:00:00,8-9,23,86,0,10,1.8,SE,165,NW,,,0,Cerah,Sunny,https://api-apps.bmkg.go.id/storage/icon/cuaca/cerah-pm.svg,2026-09-19T21:00:00Z
32,32.71,32.71.04,32.71.04.1005,32.71.04.1005,Jawa Barat,Kota Bogor,Bogor Barat,Balumbang Jaya,2026-09-19T12:00:00,2026-09-20 00:00:00,2026-09-20 07:00:00,11-12,25,80,0,15,7.1,N,7,S,,,1,Cerah,Sunny,https://api-apps.bmkg.go.id/storage/icon/cuaca/cerah-am.svg,2026-09-20T00:00:00Z
32,32.71,32.71.04,32.71.04.1005,32.71.04.1005,Jawa Barat,Kota Bogor,Bogor Barat,Balumbang Jaya,2026-09-19T12:00:00,2026-09-20 03:00:00,2026-09-20 10:00:00,14-15,31,60,0,17,7.8,NW,353,SE,,,1,Cerah,Sunny,https://api-apps.bmkg.go.id/storage/icon/cuaca/cerah-am.svg,2026-09-20T03:00:00Z
32,32.71,32.71.04,32.71.04.1005,32.71.04.1005,Jawa Barat,Kota Bogor,Bogor Barat,Balumbang Jaya,2026-09-19T12:00:00,2026-09-20 06:00:00,2026-09-20 13:00:00,17-18,32,49,0.1,16,10.7,E,132,W,,,1,Cerah,Sunny,https://api-apps.bmkg.go.id/storage/icon/cuaca/cerah-am.svg,2026-09-20T06:00:00Z
32,32.71,32.71.04,32.71.04.1005,32.71.04.1005,Jawa Barat,Kota Bogor,Bogor Barat,Balumbang Jaya,2026-09-19T12:00:00,2026-09-20 09:00:00,2026-09-20 16:00:00,20-21,28,70,0.6,44,2,NW,346,SE,,,1,Cerah,Sunny,https://api-apps.bmkg.go.id/storage/icon/cuaca/cerah-am.svg,2026-09-20T09:00:00Z
32,32.71,32.71.04,32.71.04.1005,32.71.04.1005,Jawa Barat,Kota Bogor,Bogor Barat,Balumbang Jaya,2026-09-19T12:00:00,2026-09-20 12:00:00,2026-09-20 19:00:00,23-24,25,89,0,27,5.7,N,27,S,,,1,Cerah,Sunny,https://api-apps.bmkg.go.id/storage/icon/cuaca/cerah-pm.svg,2026-09-20T12:00:00Z
32,32.71,32.71.04,32.71.04.1005,32.71.04.1005,Jawa Barat,Kota Bogor,Bogor Barat,Balumbang Jaya,2026-09-19T12:00:00,2026-09-20 15:00:00,2026-09-20 22:00:00,26-27,25,91,0,27,0.8,S,220,N,,,1,Cerah,Sunny,https://api-apps.bmkg.go.id/storage/icon/cuaca/cerah-pm.svg,2026-09-20T15:00:00Z
32,32.71,32.71.04,32.71.04.1005,32.71.04.1005,Jawa Barat,Kota Bogor,Bogor Barat,Balumbang Jaya,2026-09-19T12:00:00,2026-09-20 18:00:00,2026-09-21 01:00:00,29-30,24,93,0,29,2.8,S,206,N,,,1,Cerah,Sunny,https://api-apps.bmkg.go.id/storage/icon/cuaca/cerah-pm.svg,2026-09-20T18:00:00Z
32,32.71,32.71.04,32.71.04.1005,32.71.04.1005,Jawa Barat,Kota Bogor,Bogor Barat,Balumbang Jaya,2026-09-19T12:00:00,2026-09-20 21:00:00,2026-09-21 04:00:00,32-33,24,91,0,11,3.5,SE,174,NW,,,1,Cerah,Sunny,https://api-apps.bmkg.go.id/storage/icon/cuaca/cerah-pm.svg,2026-09-20T21:00:00Z
32,32.71,32.71.04,32.71.04.1005,32.71.04.1005,Jawa Barat,Kota Bogor,Bogor Barat,Balumbang Jaya,2026-09-19T12:00:00,2026-09-21 00:00:00,2026-09-21 07:00:00,35-36,27,75,0,11,2.1,SE,138,NW,,,1,Cerah,Sunny,https://api-apps.bmkg.go.id/storage/icon/cuaca/cerah-am.svg,2026-09-21T00:00:00Z
32,32.71,32.71.04,32.71.04.1005,32.71.04.1005,Jawa Barat,Kota Bogor,Bogor Barat,Balumbang Jaya,2026-09-19T12:00:00,2026-09-21 03:00:00,2026-09-21 10:00:00,38-39,31,62,0.1,34,3.9,N,30,S,,,1,Cerah,Sunny,https://api-apps.bmkg.go.id/storage/icon/cuaca/cerah-am.svg,2026-09-21T03:00:00Z
32,32.71,32.71.04,32.71.04.1005,32.71.04.1005,Jawa Barat,Kota Bogor,Bogor Barat,Balumbang Jaya,2026-09-19T12:00:00,2026-09-21 06:00:00,2026-09-21 13:00:00,41-42,32,59,0.9,48,5.7,N,45,S,,,1,Cerah,Sunny,https://api-apps.bmkg.go.id/storage/icon/cuaca/cerah-am.svg,2026-09-21T06:00:00Z
32,32.71,32.71.04,32.71.04.1005,32.71.04.1005,Jawa Barat,Kota Bogor,Bogor Barat,Balumbang Jaya,2026-09-19T12:00:00,2026-09-21 09:00:00,2026-09-21 16:00:00,44-45,26,84,1.2,66,5.7,NW,317,SE,,,61,Hujan Ringan,Light Rain,https://api-apps.bmkg.go.id/storage/icon/cuaca/hujan ringan-am.svg,2026-09-21T09:00:00Z
32,32.71,32.71.04,32.71.04.1005,32.71.04.1005,Jawa Barat,Kota Bogor,Bogor Barat,Balumbang Jaya,2026-09-19T12:00:00,2026-09-21 12:00:00,2026-09-21 19:00:00,47-48,25,93,0,38,2.6,N,39,S,,,1,Cerah,Sunny,https://api-apps.bmkg.go.id/storage/icon/cuaca/cerah-pm.svg,2026-09-21T12:00:00Z
32,32.71,32.71.04,32.71.04.1005,32.71.04.1005,Jawa Barat,Kota Bogor,Bogor Barat,Balumbang Jaya,2026-09-19T12:00:00,2026-09-21 15:00:00,2026-09-21 22:00:00,50-51,24,95,0,24,4,SE,158,NW,,,1,Cerah,Sunny,https://api-apps.bmkg.go.id/storage/icon/cuaca/cerah-pm.svg,2026-09-21T15:00:00Z
32,32.71,32.71.04,32.71.04.1006,32.71.04.1006,Jawa Barat,Kota Bogor,Bogor Barat,Situ Gede,2026-09-19T12:00:00,2026-09-19 15:00:00,2026-09-19 22:00:00,2-3,24,85,0,20,7.4,SE,171,NW,,,1,Cerah,Sunny,https://api-apps.bmkg.go.id/storage/icon/cuaca/cerah-pm.svg,2026-09-19T15:00:00Z
32,32.71,32.71.04,32.71.04.1006,32.71.04.1006,Jawa Barat,Kota Bogor,Bogor Barat,Situ Gede,2026-09-19T12:00:00,2026-09-19 18:00:00,2026-09-20 01:00:00,5-6,23,88,0,23,5,SE,175,NW,,,1,Cerah,Sunny,https://api-apps.bmkg.go.id/storage/icon/cuaca/cerah-pm.svg,2026-09-19T18:00:00Z
32,32.71,32.71.04,32.71.04.1006,32.71.04.1006,Jawa Barat,Kota Bogor,Bogor Barat,Situ Gede,2026-09-19T12:00:00,2026-09-19 21:00:00,2026-09-20 04:00:00,8-9,23,86,0,10,1.8,SE,165,NW,,,0,Cerah,Sunny,https://api-apps.bmkg.go.id/storage/icon/cuaca/cerah-pm.svg,2026-09-19T21:00:00Z
32,32.71,32.71.04,32.71.04.1006,32.71.04.1006,Jawa Barat,Kota Bogor,Bogor Barat,Situ Gede,2026-09-19T12:00:00,2026-09-20 00:00:00,2026-09-20 07:00:00,11-12,25,80,0,15,7.1,N,7,S,,,1,Cerah,Sunny,https://api-apps.bmkg.go.id/storage/icon/cuaca/cerah-am.svg,2026-09-20T00:00:00Z
32,32.71,32.71.04,32.71.04.1006,32.71.04.1006,Jawa Barat,Kota Bogor,Bogor Barat,Situ Gede,2026-09-19T12:00:00,2026-09-20 03:00:00,2026-09-20 10:00:00,14-15,31,60,0,17,7.8,NW,353,SE,,,1,Cerah,Sunny,https://api-apps.bmkg.go.id/storage/icon/cuaca/cerah-am.svg,2026-09-20T03:00:00Z
32,32.71,32.71.04,32.71.04.1006,32.71.04.1006,Jawa Barat,Kota Bogor,Bogor Barat,Situ Gede,2026-09-19T12:00:00,2026-09-20 06:00:00,2026-09-20 13:00:00,17-18,32,49,0.1,16,10.7,E,132,W,,,1,Cerah,Sunny,https://api-apps.bmkg.go.id/storage/icon/cuaca/cerah-am.svg,2026-09-20T06:00:00Z
32,32.71,32.71.04,32.71.04.1006,32.71.04.1006,Jawa Barat,Kota Bogor,Bogor Barat,Situ Gede,2026-09-19T12:00:00,2026-09-20 09:00:00,2026-09-20 16:00:00,20-21,28,70,0.6,44,2,NW,346,SE,,,1,Cerah,Sunny,https://api-apps.bmkg.go.id/storage/icon/cuaca/cerah-am.svg,2026-09-20T09:00:00Z
32,32.71,32.71.04,32.71.04.1006,32.71.04.1006,Jawa Barat,Kota Bogor,Bogor Barat,Situ Gede,2026-09-19T12:00:00,2026-09-20 12:00:00,2026-09-20 19:00:00,23-24,25,89,0,27,5.7,N,27,S,,,1,Cerah,Sunny,https://api-apps.bmkg.go.id/storage/icon/cuaca/cerah-pm.svg,2026-09-20T12:00:00Z
32,32.71,32.71.04,32.71.04.1006,32.71.04.1006,Jawa Barat,Kota Bogor,Bogor Barat,Situ Gede,2026-09-19T12:00:00,2026-09-20 15:00:00,2026-09-20 22:00:00,26-27,25,91,0,27,0.8,S,220,N,,,1,Cerah,Sunny,https://api-apps.bmkg.go.id/storage/icon/cuaca/cerah-pm.svg,2026-09-20T15:00:00Z
32,32.71,32.71.04,32.71.04.1006,32.71.04.1006,Jawa Barat,Kota Bogor,Bogor Barat,Situ Gede,2026-09-19T12:00:00,2026-09-20 18:00:00,2026-09-21 01:00:00,29-30,24,93,0,29,2.8,S,206,N,,,1,Cerah,Sunny,https://api-apps.bmkg.go.id/storage/icon/cuaca/cerah-pm.svg,2026-09-20T18:00:00Z
32,32.71,32.71.04,32.71.04.1006,32.71.04.1006,Jawa Barat,Kota Bogor,Bogor Barat,Situ Gede,2026-09-19T12:00:00,2026-09-20 21:00:00,2026-09-21 04:00:00,32-33,24,91,0,11,3.5,SE,174,NW,,,1,Cerah,Sunny,https://api-apps.bmkg.go.id/storage/icon/cuaca/cerah-pm.svg,2026-09-20T21:00:00Z
32,32.71,32.71.04,32.71.04.1006,32.71.04.1006,Jawa Barat,Kota Bogor,Bogor Barat,Situ Gede,2026-09-19T12:00:00,2026-09-21 00:00:00,2026-09-21 07:00:00,35-36,27,75,0,11,2.1,SE,138,NW,,,1,Cerah,Sunny,https://api-apps.bmkg.go.id/storage/icon/cuaca/cerah-am.svg,2026-09-21T00:00:00Z
32,32.71,32.71.04,32.71.04.1006,32.71.04.1006,Jawa Barat,Kota Bogor,Bogor Barat,Situ Gede,2026-09-19T12:00:00,2026-09-21 03:00:00,2026-09-21 10:00:00,38-39,31,62,0.1,34,3.9,N,30,S,,,1,Cerah,Sunny,https://api-apps.bmkg.go.id/storage/icon/cuaca/cerah-am.svg,2026-09-21T03:00:00Z
32,32.71,32.71.04,32.71.04.1006,32.71.04.1006,Jawa Barat,Kota Bogor,Bogor Barat,Situ Gede,2026-09-19T12:00:00,2026-09-21 06:00:00,2026-09-21 13:00:00,41-42,32,59,0.9,48,5.7,N,45,S,,,1,Cerah,Sunny,https://api-apps.bmkg.go.id/storage/icon/cuaca/cerah-am.svg,2026-09-21T06:00:00Z
32,32.71,32.71.04,32.71.04.1006,32.71.04.1006,Jawa Barat,Kota Bogor,Bogor Barat,Situ Gede,2026-09-19T12:00:00,2026-09-21 09:00:00,2026-09-21 16:00:00,44-45,26,84,1.2,66,5.7,NW,317,SE,,,61,Hujan Ringan,Light Rain,https://api-apps.bmkg.go.id/storage/icon/cuaca/hujan ringan-am.svg,2026-09-21T09:00:00Z
32,32.71,32.71.04,32.71.04.1006,32.71.04.1006,Jawa Barat,Kota Bogor,Bogor Barat,Situ Gede,2026-09-19T12:00:00,2026-09-21 12:00:00,2026-09-21 19:00:00,47-48,25,93,0,38,2.6,N,39,S,,,1,Cerah,Sunny,https://api-apps.bmkg.go.id/storage/icon/cuaca/cerah-pm.svg,2026-09-21T12:00:00Z
32,32.71,32.71.04,32.71.04.1006,32.71.04.1006,Jawa Barat,Kota Bogor,Bogor Barat,Situ Gede,2026-09-19T12:00:00,2026-09-21 15:00:00,2026-09-21 22:00:00,50-51,24,95,0,24,4,SE,158,NW,,,1,Cerah,Sunny,https://api-apps.bmkg.go.id/storage/icon/cuaca/cerah-pm.svg,2026-09-21T15:00:00Z
32,32.71,32.71.04,32.71.04.1007,32.71.04.1007,Jawa Barat,Kota Bogor,Bogor Barat,Semplak,2026-09-19T12:00:00,2026-09-19 15:00:00,2026-09-19 22:00:00,2-3,24,85,0,20,7.4,SE,171,NW,,,1,Cerah,Sunny,https://api-apps.bmkg.go.id/storage/icon/cuaca/cerah-pm.svg,2026-09-19T15:00:00Z
32,32.71,32.71.04,32.71.04.1007,32.71.04.1007,Jawa Barat,Kota Bogor,Bogor Barat,Semplak,2026-09-19T12:00:00,2026-09-19 18:00:00,2026-09-20 01:00:00,5-6,23,88,0,23,5,SE,175,NW,,,1,Cerah,Sunny,https://api-apps.bmkg.go.id/storage/icon/cuaca/cerah-pm.svg,2026-09-19T18:00:00Z
32,32.71,32.71.04,32.71.04.1007,32.71.04.1007,Jawa Barat,Kota Bogor,Bogor Barat,Semplak,2026-09-19T12:00:00,2026-09-19 21:00:00,2026-09-20 04:00:00,8-9,23,86,0,10,1.8,SE,165,NW,,,0,Cerah,Sunny,https://api-apps.bmkg.go.id/storage/icon/cuaca/cerah-pm.svg,2026-09-19T21:00:00Z
32,32.71,32.71.04,32.71.04.1007,32.71.04.1007,Jawa Barat,Kota Bogor,Bogor Barat,Semplak,2026-09-19T12:00:00,2026-09-20 00:00:00,2026-09-20 07:00:00,11-12,25,80,0,15,7.1,N,7,S,,,1,Cerah,Sunny,https://api-apps.bmkg.go.id/storage/icon/cuaca/cerah-am.svg,2026-09-20T00:00:00Z
32,32.71,32.71.04,32.71.04.1007,32.71.04.1007,Jawa Barat,Kota Bogor,Bogor Barat,Semplak,2026-09-19T12:00:00,2026-09-20 03:00:00,2026-09-20 10:00:00,14-15,31,60,0,17,7.8,NW,353,SE,,,1,Cerah,Sunny,https://api-apps.bmkg.go.id/storage/icon/cuaca/cerah-am.svg,2026-09-20T03:00:00Z
32,32.71,32.71.04,32.71.04.1007,32.71.04.1007,Jawa Barat,Kota Bogor,Bogor Barat,Semplak,2026-09-19T12:00:00,2026-09-20 06:00:00,2026-09-20 13:00:00,17-18,32,49,0.1,16,10.7,E,132,W,,,1,Cerah,Sunny,https://api-apps.bmkg.go.id/storage/icon/cuaca/cerah-am.svg,2026-09-20T06:00:00Z
32,32.71,32.71.04,32.71.04.1007,32.71.04.1007,Jawa Barat,Kota Bogor,Bogor Barat,Semplak,2026-09-19T12:00:00,2026-09-20 09:00:00,2026-09-20 16:00:00,20-21,28,70,0.6,44,2,NW,346,SE,,,1,Cerah,Sunny,https://api-apps.bmkg.go.id/storage/icon/cuaca/cerah-am.svg,2026-09-20T09:00:00Z
32,32.71,32.71.04,32.71.04.1007,32.71.04.1007,Jawa Barat,Kota Bogor,Bogor Barat,Semplak,2026-09-19T12:00:00,2026-09-20 12:00:00,2026-09-20 19:00:00,23-24,25,89,0,27,5.7,N,27,S,,,1,Cerah,Sunny,https://api-apps.bmkg.go.id/storage/icon/cuaca/cerah-pm.svg,2026-09-20T12:00:00Z
32,32.71,32.71.04,32.71.04.1007,32.71.04.1007,Jawa Barat,Kota Bogor,Bogor Barat,Semplak,2026-09-19T12:00:00,2026-09-20 15:00:00,2026-09-20 22:00:00,26-27,25,91,0,27,0.8,S,220,N,,,1,Cerah,Sunny,https://api-apps.bmkg.go.id/storage/icon/cuaca/cerah-pm.svg,2026-09-20T15:00:00Z
32,32.71,32.71.04,32.71.04.1007,32.71.04.1007,Jawa Barat,Kota Bogor,Bogor Barat,Semplak,2026-09-19T12:00:00,2026-09-20 18:00:00,2026-09-21 01:00:00,29-30,24,93,0,29,2.8,S,206,N,,,1,Cerah,Sunny,https://api-apps.bmkg.go.id/storage/icon/cuaca/cerah-pm.svg,2026-09-20T18:00:00Z
32,32.71,32.71.04,32.71.04.1007,32.71.04.1007,Jawa Barat,Kota Bogor,Bogor Barat,Semplak,2026-09-19T12:00:00,2026-09-20 21:00:00,2026-09-21 04:00:00,32-33,24,91,0,11,3.5,SE,174,NW,,,1,Cerah,Sunny,https://api-apps.bmkg.go.id/storage/icon/cuaca/cerah-pm.svg,2026-09-20T21:00:00Z
32,32.71,32.71.04,32.71.04.1007,32.71.04.1007,Jawa Barat,Kota Bogor,Bogor Barat,Semplak,2026-09-19T12:00:00,2026-09-21 00:00:00,2026-09-21 07:00:00,35-36,27,75,0,11,2.1,SE,138,NW,,,1,Cerah,Sunny,https://api-apps.bmkg.go.id/storage/icon/cuaca/cerah-am.svg,2026-09-21T00:00:00Z
32,32.71,32.71.04,32.71.04.1007,32.71.04.1007,Jawa Barat,Kota Bogor,Bogor Barat,Semplak,2026-09-19T12:00:00,2026-09-21 03:00:00,2026-09-21 10:00:00,38-39,31,62,0.1,34,3.9,N,30,S,,,1,Cerah,Sunny,https://api-apps.bmkg.go.id/storage/icon/cuaca/cerah-am.svg,2026-09-21T03:00:00Z
32,32.71,32.71.04,32.71.04.1007,32.71.04.1007,Jawa Barat,Kota Bogor,Bogor Barat,Semplak,2026-09-19T12:00:00,2026-09-21 06:00:00,2026-09-21 13:00:00,41-42,32,59,0.9,48,5.7,N,45,S,,,1,Cerah,Sunny,https://api-apps.bmkg.go.id/storage/icon/cuaca/cerah-am.svg,2026-09-21T06:00:00Z
32,32.71,32.71.04,32.71.04.1007,32.71.04.1007,Jawa Barat,Kota Bogor,Bogor Barat,Semplak,2026-09-19T12:00:00,2026-09-21 09:00:00,2026-09-21 16:00:00,44-45,26,84,1.2,66,5.7,NW,317,SE,,,61,Hujan Ringan,Light Rain,https://api-apps.bmkg.go.id/storage/icon/cuaca/hujan ringan-am.svg,2026-09-21T09:00:00Z
32,32.71,32.71.04,32.71.04.1007,32.71.04.1007,Jawa Barat,Kota Bogor,Bogor Barat,Semplak,2026-09-19T12:00:00,2026-09-21 12:00:00,2026-09-21 19:00:00,47-48,25,93,0,38,2.6,N,39,S,,,1,Cerah,Sunny,https://api-apps.bmkg.go.id/storage/icon/cuaca/cerah-pm.svg,2026-09-21T12:00:00Z
32,32.71,32.71.04,32.71.04.1007,32.71.04.1007,Jawa Barat,Kota Bogor,Bogor Barat,Semplak,2026-09-19T12:00:00,2026-09-21 15:00:00,2026-09-21 22:00:00,50-51,24,95,0,24,4,SE,158,NW,,,1,Cerah,Sunny,https://api-apps.bmkg.go.id/storage/icon/cuaca/cerah-pm.svg,2026-09-21T15:00:00Z
32,32.71,32.71.04,32.71.04.1008,32.71.04.1008,Jawa Barat,Kota Bogor,Bogor Barat,Cilendek Barat,2026-09-19T12:00:00,2026-09-19 15:00:00,2026-09-19 22:00:00,2-3,24,82,0,22,7.4,SE,171,NW,,,1,Cerah,Sunny,https://api-apps.bmkg.go.id/storage/icon/cuaca/cerah-pm.svg,2026-09-19T15:00:00Z
32,32.71,32.71.04,32.71.04.1008,32.71.04.1008,Jawa Barat,Kota Bogor,Bogor Barat,Cilendek Barat,2026-09-19T12:00:00,2026-09-19 18:00:00,2026-09-20 01:00:00,5-6,23,87,0,25,5,SE,175,NW,,,1,Cerah,Sunny,https://api-apps.bmkg.go.id/storage/icon/cuaca/cerah-pm.svg,2026-09-19T18:00:00Z
32,32.71,32.71.04,32.71.04.1008,32.71.04.1008,Jawa Barat,Kota Bogor,Bogor Barat,Cilendek Barat,2026-09-19T12:00:00,2026-09-19 21:00:00,2026-09-20 04:00:00,8-9,23,85,0,9,1.8,SE,165,NW,,,0,Cerah,Sunny,https://api-apps.bmkg.go.id/storage/icon/cuaca/cerah-pm.svg,2026-09-19T21:00:00Z
32,32.71,32.71.04,32.71.04.1008,32.71.04.1008,Jawa Barat,Kota Bogor,Bogor Barat,Cilendek Barat,2026-09-19T12:00:00,2026-09-20 00:00:00,2026-09-20 07:00:00,11-12,25,78,0,16,7.1,N,7,S,,,1,Cerah,Sunny,https://api-apps.bmkg.go.id/storage/icon/cuaca/cerah-am.svg,2026-09-20T00:00:00Z
32,32.71,32.71.04,32.71.04.1008,32.71.04.1008,Jawa Barat,Kota Bogor,Bogor Barat,Cilendek Barat,2026-09-19T12:00:00,2026-09-20 03:00:00,2026-09-20 10:00:00,14-15,30,60,0,25,7.8,NW,353,SE,,,1,Cerah,Sunny,https://api-apps.bmkg.go.id/storage/icon/cuaca/cerah-am.svg,2026-09-20T03:00:00Z
32,32.71,32.71.04,32.71.04.1008,32.71.04.1008,Jawa Barat,Kota Bogor,Bogor Barat,Cilendek Barat,2026-09-19T12:00:00,2026-09-20 06:00:00,2026-09-20 13:00:00,17-18,32,48,0.1,15,10.7,E,132,W,,,1,Cerah,Sunny,https://api-apps.bmkg.go.id/storage/icon/cuaca/cerah-am.svg,2026-09-20T06:00:00Z
32,32.71,32.71.04,32.71.04.1008,32.71.04.1008,Jawa Barat,Kota Bogor,Bogor Barat,Cilendek Barat,2026-09-19T12:00:00,2026-09-20 09:00:00,2026-09-20 16:00:00,20-21,28,68,1.1,40,2,NW,346,SE,,,61,Hujan Ringan,Light Rain,https://api-apps.bmkg.go.id/storage/icon/cuaca/hujan ringan-am.svg,2026-09-20T09:00:00Z
32,32.71,32.71.04,32.71.04.1008,32.71.04.1008,Jawa Barat,Kota Bogor,Bogor Barat,Cilendek Barat,2026-09-19T12:00:00,2026-09-20 12:00:00,2026-09-20 19:00:00,23-24,25,88,0,26,5.7,N,27,S,,,1,Cerah,Sunny,https://api-apps.bmkg.go.id/storage/icon/cuaca/cerah-pm.svg,2026-09-20T12:00:00Z
32,32.71,32.71.04,32.71.04.1008,32.71.04.1008,Jawa Barat,Kota Bogor,Bogor Barat,Cilendek Barat,2026-09-19T12:00:00,2026-09-20 15:00:00,2026-09-20 22:00:00,26-27,25,91,0,26,0.8,S,220,N,,,1,Cerah,Sunny,https://api-apps.bmkg.go.id/storage/icon/cuaca/cerah-pm.svg,2026-09-20T15:00:00Z
32,32.71,32.71.04,32.71.04.1008,32.71.04.1008,Jawa Barat,Kota Bogor,Bogor Barat,Cilendek Barat,2026-09-19T12:00:00,2026-09-20 18:00:00,2026-09-21 01:00:00,29-30,24,93,0,27,2.8,S,206,N,,,1,Cerah,Sunny,https://api-apps.bmkg.go.id/storage/icon/cuaca/cerah-pm.svg,2026-09-20T18:00:00Z
32,32.71,32.71.04,32.71.04.1008,32.71.04.1008,Jawa Barat,Kota Bogor,Bogor Barat,Cilendek Barat,2026-09-19T12:00:00,2026-09-20 21:00:00,2026-09-21 04:00:00,32-33,23,91,0,11,3.5,SE,174,NW,,,1,Cerah,Sunny,https://api-apps.bmkg.go.id/storage/icon/cuaca/cerah-pm.svg,2026-09-20T21:00:00Z
32,32.71,32.71.04,32.71.04.1008,32.71.04.1008,Jawa Barat,Kota Bogor,Bogor Barat,Cilendek Barat,2026-09-19T12:00:00,2026-09-21 00:00:00,2026-09-21 07:00:00,35-36,27,73,0,11,2.1,SE,138,NW,,,1,Cerah,Sunny,https://api-apps.bmkg.go.id/storage/icon/cuaca/cerah-am.svg,2026-09-21T00:00:00Z
32,32.71,32.71.04,32.71.04.1008,32.71.04.1008,Jawa Barat,Kota Bogor,Bogor Barat,Cilendek Barat,2026-09-19T12:00:00,2026-09-21 03:00:00,2026-09-21 10:00:00,38-39,30,61,0.1,31,3.9,N,30,S,,,1,Cerah,Sunny,https://api-apps.bmkg.go.id/storage/icon/cuaca/cerah-am.svg,2026-09-21T03:00:00Z
32,32.71,32.71.04,32.71.04.1008,32.71.04.1008,Jawa Barat,Kota Bogor,Bogor Barat,Cilendek Barat,2026-09-19T12:00:00,2026-09-21 06:00:00,2026-09-21 13:00:00,41-42,31,58,0.7,54,5.7,N,45,S,,,1,Cerah,Sunny,https://api-apps.bmkg.go.id/storage/icon/cuaca/cerah-am.svg,2026-09-21T06:00:00Z
32,32.71,32.71.04,32.71.04.1008,32.71.04.1008,Jawa Barat,Kota Bogor,Bogor Barat,Cilendek Barat,2026-09-19T12:00:00,2026-09-21 09:00:00,2026-09-21 16:00:00,44-45,27,81,1,61,5.7,NW,317,SE,,,2,Cerah Berawan,Partly Cloudy,https://api-apps.bmkg.go.id/storage/icon/cuaca/cerah berawan-am.svg,2026-09-21T09:00:00Z
32,32.71,32.71.04,32.71.04.1008,32.71.04.1008,Jawa Barat,Kota Bogor,Bogor Barat,Cilendek Barat,2026-09-19T12:00:00,2026-09-21 12:00:00,2026-09-21 19:00:00,47-48,25,92,0,47,2.6,N,39,S,,,1,Cerah,Sunny,https://api-apps.bmkg.go.id/storage/icon/cuaca/cerah-pm.svg,2026-09-21T12:00:00Z
32,32.71,32.71.04,32.71.04.1008,32.71.04.1008,Jawa Barat,Kota Bogor,Bogor Barat,Cilendek Barat,2026-09-19T12:00:00,2026-09-21 15:00:00,2026-09-21 22:00:00,50-51,24,94,0,27,4,SE,158,NW,,,1,Cerah,Sunny,https://api-apps.bmkg.go.id/storage/icon/cuaca/cerah-pm.svg,2026-09-21T15:00:00Z
32,32.71,32.71.04,32.71.04.1009,32.71.04.1009,Jawa Barat,Kota Bogor,Bogor Barat,Cilendek Timur,2026-09-19T12:00:00,2026-09-19 15:00:00,2026-09-19 22:00:00,2-3,24,82,0,22,7.4,SE,171,NW,,,1,Cerah,Sunny,https://api-apps.bmkg.go.id/storage/icon/cuaca/cerah-pm.svg,2026-09-19T15:00:00Z
32,32.71,32.71.04,32.71.04.1009,32.71.04.1009,Jawa Barat,Kota Bogor,Bogor Barat,Cilendek Timur,2026-09-19T12:00:00,2026-09-19 18:00:00,2026-09-20 01:00:00,5-6,23,87,0,25,5,SE,175,NW,,,1,Cerah,Sunny,https://api-apps.bmkg.go.id/storage/icon/cuaca/cerah-pm.svg,2026-09-19T18:00:00Z
32,32.71,32.71.04,32.71.04.1009,32.71.04.1009,Jawa Barat,Kota Bogor,Bogor Barat,Cilendek Timur,2026-09-19T12:00:00,2026-09-19 21:00:00,2026-09-20 04:00:00,8-9,23,85,0,9,1.8,SE,165,NW,,,0,Cerah,Sunny,https://api-apps.bmkg.go.id/storage/icon/cuaca/cerah-pm.svg,2026-09-19T21:00:00Z
32,32.71,32.71.04,32.71.04.1009,32.71.04.1009,Jawa Barat,Kota Bogor,Bogor Barat,Cilendek Timur,2026-09-19T12:00:00,2026-09-20 00:00:00,2026-09-20 07:00:00,11-12,25,78,0,16,7.1,N,7,S,,,1,Cerah,Sunny,https://api-apps.bmkg.go.id/storage/icon/cuaca/cerah-am.svg,2026-09-20T00:00:00Z
32,32.71,32.71.04,32.71.04.1009,32.71.04.1009,Jawa Barat,Kota Bogor,Bogor Barat,Cilendek Timur,2026-09-19T12:00:00,2026-09-20 03:00:00,2026-09-20 10:00:00,14-15,30,60,0,25,7.8,NW,353,SE,,,1,Cerah,Sunny,https://api-apps.bmkg.go.id/storage/icon/cuaca/cerah-am.svg,2026-09-20T03:00:00Z
32,32.71,32.71.04,32.71.04.1009,32.71.04.1009,Jawa Barat,Kota Bogor,Bogor Barat,Cilendek Timur,2026-09-19T12:00:00,2026-09-20 06:00:00,2026-09-20 13:00:00,17-18,32,48,0.1,15,10.7,E,132,W,,,1,Cerah,Sunny,https://api-apps.bmkg.go.id/storage/icon/cuaca/cerah-am.svg,2026-09-20T06:00:00Z
32,32.71,32.71.04,32.71.04.1009,32.71.04.1009,Jawa Barat,Kota Bogor,Bogor Barat,Cilendek Timur,2026-09-19T12:00:00,2026-09-20 09:00:00,2026-09-20 16:00:00,20-21,28,68,1.1,40,2,NW,346,SE,,,61,Hujan Ringan,Light Rain,https://api-apps.bmkg.go.id/storage/icon/cuaca/hujan ringan-am.svg,2026-09-20T09:00:00Z
32,32.71,32.71.04,32.71.04.1009,32.71.04.1009,Jawa Barat,Kota Bogor,Bogor Barat,Cilendek Timur,2026-09-19T12:00:00,2026-09-20 12:00:00,2026-09-20 19:00:00,23-24,25,88,0,26,5.7,N,27,S,,,1,Cerah,Sunny,https://api-apps.bmkg.go.id/storage/icon/cuaca/cerah-pm.svg,2026-09-20T12:00:00Z
32,32.71,32.71.04,32.71.04.1009,32.71.04.1009,Jawa Barat,Kota Bogor,Bogor Barat,Cilendek Timur,2026-09-19T12:00:00,2026-09-20 15:00:00,2026-09-20 22:00:00,26-27,25,91,0,26,0.8,S,220,N,,,1,Cerah,Sunny,https://api-apps.bmkg.go.id/storage/icon/cuaca/cerah-pm.svg,2026-09-20T15:00:00Z
32,32.71,32.71.04,32.71.04.1009,32.71.04.1009,Jawa Barat,Kota Bogor,Bogor Barat,Cilendek Timur,2026-09-19T12:00:00,2026-09-20 18:00:00,2026-09-21 01:00:00,29-30,24,93,0,27,2.8,S,206,N,,,1,Cerah,Sunny,https://api-apps.bmkg.go.id/storage/icon/cuaca/cerah-pm.svg,2026-09-20T18:00:00Z
32,32.71,32.71.04,32.71.04.1009,32.71.04.1009,Jawa Barat,Kota Bogor,Bogor Barat,Cilendek Timur,2026-09-19T12:00:00,2026-09-20 21:00:00,2026-09-21 04:00:00,32-33,23,91,0,11,3.5,SE,174,NW,,,1,Cerah,Sunny,https://api-apps.bmkg.go.id/storage/icon/cuaca/cerah-pm.svg,2026-09-20T21:00:00Z
32,32.71,32.71.04,32.71.04.1009,32.71.04.1009,Jawa Barat,Kota Bogor,Bogor Barat,Cilendek Timur,2026-09-19T12:00:00,2026-09-21 00:00:00,2026-09-21 07:00:00,35-36,27,73,0,11,2.1,SE,138,NW,,,1,Cerah,Sunny,https://api-apps.bmkg.go.id/storage/icon/cuaca/cerah-am.svg,2026-09-21T00:00:00Z
32,32.71,32.71.04,32.71.04.1009,32.71.04.1009,Jawa Barat,Kota Bogor,Bogor Barat,Cilendek Timur,2026-09-19T12:00:00,2026-09-21 03:00:00,2026-09-21 10:00:00,38-39,30,61,0.1,31,3.9,N,30,S,,,1,Cerah,Sunny,https://api-apps.bmkg.go.id/storage/icon/cuaca/cerah-am.svg,2026-09-21T03:00:00Z
32,32.71,32.71.04,32.71.04.1009,32.71.04.1009,Jawa Barat,Kota Bogor,Bogor Barat,Cilendek Timur,2026-09-19T12:00:00,2026-09-21 06:00:00,2026-09-21 13:00:00,41-42,31,58,0.7,54,5.7,N,45,S,,,1,Cerah,Sunny,https://api-apps.bmkg.go.id/storage/icon/cuaca/cerah-am.svg,2026-09-21T06:00:00Z
32,32.71,32.71.04,32.71.04.1009,32.71.04.1009,Jawa Barat,Kota Bogor,Bogor Barat,Cilendek Timur,2026-09-19T12:00:00,2026-09-21 09:00:00,2026-09-21 16:00:00,44-45,27,81,1,61,5.7,NW,317,SE,,,2,Cerah Berawan,Partly Cloudy,https://api-apps.bmkg.go.id/storage/icon/cuaca/cerah berawan-am.svg,2026-09-21T09:00:00Z
32,32.71,32.71.04,32.71.04.1009,32.71.04.1009,Jawa Barat,Kota Bogor,Bogor Barat,Cilendek Timur,2026-09-19T12:00:00,2026-09-21 12:00:00,2026-09-21 19:00:00,47-48,25,92,0,47,2.6,N,39,S,,,1,Cerah,Sunny,https://api-apps.bmkg.go.id/storage/icon/cuaca/cerah-pm.svg,2026-09-21T12:00:00Z
32,32.71,32.71.04,32.71.04.1009,32.71.04.1009,Jawa Barat,Kota Bogor,Bogor Barat,Cilendek Timur,2026-09-19T12:00:00,2026-09-21 15:00:00,2026-09-21 22:00:00,50-51,24,94,0,27,4,SE,158,NW,,,1,Cerah,Sunny,https://api-apps.bmkg.go.id/storage/icon/cuaca/cerah-pm.svg,2026-09-21T15:00:00Z
32,32.71,32.71.04,32.71.04.1010,32.71.04.1010,Jawa Barat,Kota Bogor,Bogor Barat,Curug Mekar,2026-09-19T12:00:00,2026-09-19 15:00:00,2026-09-19 22:00:00,2-3,24,83,0,20,7.4,SE,171,NW,,,1,Cerah,Sunny,https://api-apps.bmkg.go.id/storage/icon/cuaca/cerah-pm.svg,2026-09-19T15:00:00Z
32,32.71,32.71.04,32.71.04.1010,32.71.04.1010,Jawa Barat,Kota Bogor,Bogor Barat,Curug Mekar,2026-09-19T12:00:00,2026-09-19 18:00:00,2026-09-20 01:00:00,5-6,24,88,0,22,5,SE,175,NW,,,1,Cerah,Sunny,https://api-apps.bmkg.go.id/storage/icon/cuaca/cerah-pm.svg,2026-09-19T18:00:00Z
32,32.71,32.71.04,32.71.04.1010,32.71.04.1010,Jawa Barat,Kota Bogor,Bogor Barat,Curug Mekar,2026-09-19T12:00:00,2026-09-19 21:00:00,2026-09-20 04:00:00,8-9,23,86,0,9,1.8,SE,165,NW,,,0,Cerah,Sunny,https://api-apps.bmkg.go.id/storage/icon/cuaca/cerah-pm.svg,2026-09-19T21:00:00Z
32,32.71,32.71.04,32.71.04.1010,32.71.04.1010,Jawa Barat,Kota Bogor,Bogor Barat,Curug Mekar,2026-09-19T12:00:00,2026-09-20 00:00:00,2026-09-20 07:00:00,11-12,25,79,0,17,7.1,N,7,S,,,1,Cerah,Sunny,https://api-apps.bmkg.go.id/storage/icon/cuaca/cerah-am.svg,2026-09-20T00:00:00Z
32,32.71,32.71.04,32.71.04.1010,32.71.04.1010,Jawa Barat,Kota Bogor,Bogor Barat,Curug Mekar,2026-09-19T12:00:00,2026-09-20 03:00:00,2026-09-20 10:00:00,14-15,31,60,0,18,7.8,NW,353,SE,,,1,Cerah,Sunny,https://api-apps.bmkg.go.id/storage/icon/cuaca/cerah-am.svg,2026-09-20T03:00:00Z
32,32.71,32.71.04,32.71.04.1010,32.71.04.1010,Jawa Barat,Kota Bogor,Bogor Barat,Curug Mekar,2026-09-19T12:00:00,2026-09-20 06:00:00,2026-09-20 13:00:00,17-18,32,49,0.1,14,10.7,E,132,W,,,1,Cerah,Sunny,https://api-apps.bmkg.go.id/storage/icon/cuaca/cerah-am.svg,2026-09-20T06:00:00Z
32,32.71,32.71.04,32.71.04.1010,32.71.04.1010,Jawa Barat,Kota Bogor,Bogor Barat,Curug Mekar,2026-09-19T12:00:00,2026-09-20 09:00:00,2026-09-20 16:00:00,20-21,28,69,1,44,2,NW,346,SE,,,61,Hujan Ringan,Light Rain,https://api-apps.bmkg.go.id/storage/icon/cuaca/hujan ringan-am.svg,2026-09-20T09:00:00Z
32,32.71,32.71.04,32.71.04.1010,32.71.04.1010,Jawa Barat,Kota Bogor,Bogor Barat,Curug Mekar,2026-09-19T12:00:00,2026-09-20 12:00:00,2026-09-20 19:00:00,23-24,26,89,0,25,5.7,N,27,S,,,1,Cerah,Sunny,https://api-apps.bmkg.go.id/storage/icon/cuaca/cerah-pm.svg,2026-09-20T12:00:00Z
32,32.71,32.71.04,32.71.04.1010,32.71.04.1010,Jawa Barat,Kota Bogor,Bogor Barat,Curug Mekar,2026-09-19T12:00:00,2026-09-20 15:00:00,2026-09-20 22:00:00,26-27,25,91,0,24,0.8,S,220,N,,,1,Cerah,Sunny,https://api-apps.bmkg.go.id/storage/icon/cuaca/cerah-pm.svg,2026-09-20T15:00:00Z
32,32.71,32.71.04,32.71.04.1010,32.71.04.1010,Jawa Barat,Kota Bogor,Bogor Barat,Curug Mekar,2026-09-19T12:00:00,2026-09-20 18:00:00,2026-09-21 01:00:00,29-30,24,93,0,28,2.8,S,206,N,,,1,Cerah,Sunny,https://api-apps.bmkg.go.id/storage/icon/cuaca/cerah-pm.svg,2026-09-20T18:00:00Z
32,32.71,32.71.04,32.71.04.1010,32.71.04.1010,Jawa Barat,Kota Bogor,Bogor Barat,Curug Mekar,2026-09-19T12:00:00,2026-09-20 21:00:00,2026-09-21 04:00:00,32-33,24,92,0,11,3.5,SE,174,NW,,,1,Cerah,Sunny,https://api-apps.bmkg.go.id/storage/icon/cuaca/cerah-pm.svg,2026-09-20T21:00:00Z
32,32.71,32.71.04,32.71.04.1010,32.71.04.1010,Jawa Barat,Kota Bogor,Bogor Barat,Curug Mekar,2026-09-19T12:00:00,2026-09-21 00:00:00,2026-09-21 07:00:00,35-36,27,74,0,10,2.1,SE,138,NW,,,1,Cerah,Sunny,https://api-apps.bmkg.go.id/storage/icon/cuaca/cerah-am.svg,2026-09-21T00:00:00Z
32,32.71,32.71.04,32.71.04.1010,32.71.04.1010,Jawa Barat,Kota Bogor,Bogor Barat,Curug Mekar,2026-09-19T12:00:00,2026-09-21 03:00:00,2026-09-21 10:00:00,38-39,31,62,0.1,30,3.9,N,30,S,,,1,Cerah,Sunny,https://api-apps.bmkg.go.id/storage/icon/cuaca/cerah-am.svg,2026-09-21T03:00:00Z
32,32.71,32.71.04,32.71.04.1010,32.71.04.1010,Jawa Barat,Kota Bogor,Bogor Barat,Curug Mekar,2026-09-19T12:00:00,2026-09-21 06:00:00,2026-09-21 13:00:00,41-42,32,57,0.9,47,5.7,N,45,S,,,1,Cerah,Sunny,https://api-apps.bmkg.go.id/storage/icon/cuaca/cerah-am.svg,2026-09-21T06:00:00Z
32,32.71,32.71.04,32.71.04.1010,32.71.04.1010,Jawa Barat,Kota Bogor,Bogor Barat,Curug Mekar,2026-09-19T12:00:00,2026-09-21 09:00:00,2026-09-21 16:00:00,44-45,27,83,0.6,66,5.7,NW,317,SE,,,2,Cerah Berawan,Partly Cloudy,https://api-apps.bmkg.go.id/storage/icon/cuaca/cerah berawan-am.svg,2026-09-21T09:00:00Z
32,32.71,32.71.04,32.71.04.1010,32.71.04.1010,Jawa Barat,Kota Bogor,Bogor Barat,Curug Mekar,2026-09-19T12:00:00,2026-09-21 12:00:00,2026-09-21 19:00:00,47-48,25,92,0,40,2.6,N,39,S,,,1,Cerah,Sunny,https://api-apps.bmkg.go.id/storage/icon/cuaca/cerah-pm.svg,2026-09-21T12:00:00Z
32,32.71,32.71.04,32.71.04.1010,32.71.04.1010,Jawa Barat,Kota Bogor,Bogor Barat,Curug Mekar,2026-09-19T12:00:00,2026-09-21 15:00:00,2026-09-21 22:00:00,50-51,24,95,0,22,4,SE,158,NW,,,1,Cerah,Sunny,https://api-apps.bmkg.go.id/storage/icon/cuaca/cerah-pm.svg,2026-09-21T15:00:00Z
32,32.71,32.71.04,32.71.04.1011,32.71.04.1011,Jawa Barat,Kota Bogor,Bogor Barat,Curug,2026-09-19T12:00:00,2026-09-19 15:00:00,2026-09-19 22:00:00,2-3,24,83,0,20,7.4,SE,171,NW,,,1,Cerah,Sunny,https://api-apps.bmkg.go.id/storage/icon/cuaca/cerah-pm.svg,2026-09-19T15:00:00Z
32,32.71,32.71.04,32.71.04.1011,32.71.04.1011,Jawa Barat,Kota Bogor,Bogor Barat,Curug,2026-09-19T12:00:00,2026-09-19 18:00:00,2026-09-20 01:00:00,5-6,24,88,0,22,5,SE,175,NW,,,1,Cerah,Sunny,https://api-apps.bmkg.go.id/storage/icon/cuaca/cerah-pm.svg,2026-09-19T18:00:00Z
32,32.71,32.71.04,32.71.04.1011,32.71.04.1011,Jawa Barat,Kota Bogor,Bogor Barat,Curug,2026-09-19T12:00:00,2026-09-19 21:00:00,2026-09-20 04:00:00,8-9,23,86,0,9,1.8,SE,165,NW,,,0,Cerah,Sunny,https://api-apps.bmkg.go.id/storage/icon/cuaca/cerah-pm.svg,2026-09-19T21:00:00Z
32,32.71,32.71.04,32.71.04.1011,32.71.04.1011,Jawa Barat,Kota Bogor,Bogor Barat,Curug,2026-09-19T12:00:00,2026-09-20 00:00:00,2026-09-20 07:00:00,11-12,25,79,0,17,7.1,N,7,S,,,1,Cerah,Sunny,https://api-apps.bmkg.go.id/storage/icon/cuaca/cerah-am.svg,2026-09-20T00:00:00Z
32,32.71,32.71.04,32.71.04.1011,32.71.04.1011,Jawa Barat,Kota Bogor,Bogor Barat,Curug,2026-09-19T12:00:00,2026-09-20 03:00:00,2026-09-20 10:00:00,14-15,31,60,0,18,7.8,NW,353,SE,,,1,Cerah,Sunny,https://api-apps.bmkg.go.id/storage/icon/cuaca/cerah-am.svg,2026-09-20T03:00:00Z
32,32.71,32.71.04,32.71.04.1011,32.71.04.1011,Jawa Barat,Kota Bogor,Bogor Barat,Curug,2026-09-19T12:00:00,2026-09-20 06:00:00,2026-09-20 13:00:00,17-18,32,49,0.1,14,10.7,E,132,W,,,1,Cerah,Sunny,https://api-apps.bmkg.go.id/storage/icon/cuaca/cerah-am.svg,2026-09-20T06:00:00Z
32,32.71,32.71.04,32.71.04.1011,32.71.04.1011,Jawa Barat,Kota Bogor,Bogor Barat,Curug,2026-09-19T12:00:00,2026-09-20 09:00:00,2026-09-20 16:00:00,20-21,28,69,1,44,2,NW,346,SE,,,61,Hujan Ringan,Light Rain,https://api-apps.bmkg.go.id/storage/icon/cuaca/hujan ringan-am.svg,2026-09-20T09:00:00Z
32,32.71,32.71.04,32.71.04.1011,32.71.04.1011,Jawa Barat,Kota Bogor,Bogor Barat,Curug,2026-09-19T12:00:00,2026-09-20 12:00:00,2026-09-20 19:00:00,23-24,26,89,0,25,5.7,N,27,S,,,1,Cerah,Sunny,https://api-apps.bmkg.go.id/storage/icon/cuaca/cerah-pm.svg,2026-09-20T12:00:00Z
32,32.71,32.71.04,32.71.04.1011,32.71.04.1011,Jawa Barat,Kota Bogor,Bogor Barat,Curug,2026-09-19T12:00:00,2026-09-20 15:00:00,2026-09-20 22:00:00,26-27,25,91,0,24,0.8,S,220,N,,,1,Cerah,Sunny,https://api-apps.bmkg.go.id/storage/icon/cuaca/cerah-pm.svg,2026-09-20T15:00:00Z
32,32.71,32.71.04,32.71.04.1011,32.71.04.1011,Jawa Barat,Kota Bogor,Bogor Barat,Curug,2026-09-19T12:00:00,2026-09-20 18:00:00,2026-09-21 01:00:00,29-30,24,93,0,28,2.8,S,206,N,,,1,Cerah,Sunny,https://api-apps.bmkg.go.id/storage/icon/cuaca/cerah-pm.svg,2026-09-20T18:00:00Z
32,32.71,32.71.04,32.71.04.1011,32.71.04.1011,Jawa Barat,Kota Bogor,Bogor Barat,Curug,2026-09-19T12:00:00,2026-09-20 21:00:00,2026-09-21 04:00:00,32-33,24,92,0,11,3.5,SE,174,NW,,,1,Cerah,Sunny,https://api-apps.bmkg.go.id/storage/icon/cuaca/cerah-pm.svg,2026-09-20T21:00:00Z
32,32.71,32.71.04,32.71.04.1011,32.71.04.1011,Jawa Barat,Kota Bogor,Bogor Barat,Curug,2026-09-19T12:00:00,2026-09-21 00:00:00,2026-09-21 07:00:00,35-36,27,74,0,10,2.1,SE,138,NW,,,1,Cerah,Sunny,https://api-apps.bmkg.go.id/storage/icon/cuaca/cerah-am.svg,2026-09-21T00:00:00Z
32,32.71,32.71.04,32.71.04.1011,32.71.04.1011,Jawa Barat,Kota Bogor,Bogor Barat,Curug,2026-09-19T12:00:00,2026-09-21 03:00:00,2026-09-21 10:00:00,38-39,31,62,0.1,30,3.9,N,30,S,,,1,Cerah,Sunny,https://api-apps.bmkg.go.id/storage/icon/cuaca/cerah-am.svg,2026-09-21T03:00:00Z
32,32.71,32.71.04,32.71.04.1011,32.71.04.1011,Jawa Barat,Kota Bogor,Bogor Barat,Curug,2026-09-19T12:00:00,2026-09-21 06:00:00,2026-09-21 13:00:00,41-42,32,57,0.9,47,5.7,N,45,S,,,1,Cerah,Sunny,https://api-apps.bmkg.go.id/storage/icon/cuaca/cerah-am.svg,2026-09-21T06:00:00Z
32,32.71,32.71.04,32.71.04.1011,32.71.04.1011,Jawa Barat,Kota Bogor,Bogor Barat,Curug,2026-09-19T12:00:00,2026-09-21 09:00:00,2026-09-21 16:00:00,44-45,27,83,0.6,66,5.7,NW,317,SE,,,2,Cerah Berawan,Partly Cloudy,https://api-apps.bmkg.go.id/storage/icon/cuaca/cerah berawan-am.svg,2026-09-21T09:00:00Z
32,32.71,32.71.04,32.71.04.1011,32.71.04.1011,Jawa Barat,Kota Bogor,Bogor Barat,Curug,2026-09-19T12:00:00,2026-09-21 12:00:00,2026-09-21 19:00:00,47-48,25,92,0,40,2.6,N,39,S,,,1,Cerah,Sunny,https://api-apps.bmkg.go.id/storage/icon/cuaca/cerah-pm.svg,2026-09-21T12:00:00Z
32,32.71,32.71.04,32.71.04.1011,32.71.04.1011,Jawa Barat,Kota Bogor,Bogor Barat,Curug,2026-09-19T12:00:00,2026-09-21 15:00:00,2026-09-21 22:00:00,50-51,24,95,0,22,4,SE,158,NW,,,1,Cerah,Sunny,https://api-apps.bmkg.go.id/storage/icon/cuaca/cerah-pm.svg,2026-09-21T15:00:00Z
32,32.71,32.71.04,32.71.04.1012,32.71.04.1012,Jawa Barat,Kota Bogor,Bogor Barat,Pasir Jaya,2026-09-19T12:00:00,2026-09-19 15:00:00,2026-09-19 22:00:00,2-3,24,80,0,24,7.4,SE,171,NW,,,1,Cerah,Sunny,https://api-apps.bmkg.go.id/storage/icon/cuaca/cerah-pm.svg,2026-09-19T15:00:00Z
32,32.71,32.71.04,32.71.04.1012,32.71.04.1012,Jawa Barat,Kota Bogor,Bogor Barat,Pasir Jaya,2026-09-19T12:00:00,2026-09-19 18:00:00,2026-09-20 01:00:00,5-6,23,86,0,25,5,SE,175,NW,,,1,Cerah,Sunny,https://api-apps.bmkg.go.id/storage/icon/cuaca/cerah-pm.svg,2026-09-19T18:00:00Z
32,32.71,32.71.04,32.71.04.1012,32.71.04.1012,Jawa Barat,Kota Bogor,Bogor Barat,Pasir Jaya,2026-09-19T12:00:00,2026-09-19 21:00:00,2026-09-20 04:00:00,8-9,23,84,0,7,1.8,SE,165,NW,,,0,Cerah,Sunny,https://api-apps.bmkg.go.id/storage/icon/cuaca/cerah-pm.svg,2026-09-19T21:00:00Z
32,32.71,32.71.04,32.71.04.1012,32.71.04.1012,Jawa Barat,Kota Bogor,Bogor Barat,Pasir Jaya,2026-09-19T12:00:00,2026-09-20 00:00:00,2026-09-20 07:00:00,11-12,25,76,0,16,7.1,N,7,S,,,1,Cerah,Sunny,https://api-apps.bmkg.go.id/storage/icon/cuaca/cerah-am.svg,2026-09-20T00:00:00Z
32,32.71,32.71.04,32.71.04.1012,32.71.04.1012,Jawa Barat,Kota Bogor,Bogor Barat,Pasir Jaya,2026-09-19T12:00:00,2026-09-20 03:00:00,2026-09-20 10:00:00,14-15,30,60,0,34,7.8,NW,353,SE,,,1,Cerah,Sunny,https://api-apps.bmkg.go.id/storage/icon/cuaca/cerah-am.svg,2026-09-20T03:00:00Z
32,32.71,32.71.04,32.71.04.1012,32.71.04.1012,Jawa Barat,Kota Bogor,Bogor Barat,Pasir Jaya,2026-09-19T12:00:00,2026-09-20 06:00:00,2026-09-20 13:00:00,17-18,32,46,0.1,12,10.7,E,132,W,,,1,Cerah,Sunny,https://api-apps.bmkg.go.id/storage/icon/cuaca/cerah-am.svg,2026-09-20T06:00:00Z
32,32.71,32.71.04,32.71.04.1012,32.71.04.1012,Jawa Barat,Kota Bogor,Bogor Barat,Pasir Jaya,2026-09-19T12:00:00,2026-09-20 09:00:00,2026-09-20 16:00:00,20-21,28,63,1.3,36,2,NW,346,SE,,,61,Hujan Ringan,Light Rain,https://api-apps.bmkg.go.id/storage/icon/cuaca/hujan ringan-am.svg,2026-09-20T09:00:00Z
32,32.71,32.71.04,32.71.04.1012,32.71.04.1012,Jawa Barat,Kota Bogor,Bogor Barat,Pasir Jaya,2026-09-19T12:00:00,2026-09-20 12:00:00,2026-09-20 19:00:00,23-24,25,87,0,22,5.7,N,27,S,,,1,Cerah,Sunny,https://api-apps.bmkg.go.id/storage/icon/cuaca/cerah-pm.svg,2026-09-20T12:00:00Z
32,32.71,32.71.04,32.71.04.1012,32.71.04.1012,Jawa Barat,Kota Bogor,Bogor Barat,Pasir Jaya,2026-09-19T12:00:00,2026-09-20 15:00:00,2026-09-20 22:00:00,26-27,25,90,0,26,0.8,S,220,N,,,1,Cerah,Sunny,https://api-apps.bmkg.go.id/storage/icon/cuaca/cerah-pm.svg,2026-09-20T15:00:00Z
32,32.71,32.71.04,32.71.04.1012,32.71.04.1012,Jawa Barat,Kota Bogor,Bogor Barat,Pasir Jaya,2026-09-19T12:00:00,2026-09-20 18:00:00,2026-09-21 01:00:00,29-30,24,93,0,25,2.8,S,206,N,,,1,Cerah,Sunny,https://api-apps.bmkg.go.id/storage/icon/cuaca/cerah-pm.svg,2026-09-20T18:00:00Z
32,32.71,32.71.04,32.71.04.1012,32.71.04.1012,Jawa Barat,Kota Bogor,Bogor Barat,Pasir Jaya,2026-09-19T12:00:00,2026-09-20 21:00:00,2026-09-21 04:00:00,32-33,23,91,0,11,3.5,SE,174,NW,,,1,Cerah,Sunny,https://api-apps.bmkg.go.id/storage/icon/cuaca/cerah-pm.svg,2026-09-20T21:00:00Z
32,32.71,32.71.04,32.71.04.1012,32.71.04.1012,Jawa Barat,Kota Bogor,Bogor Barat,Pasir Jaya,2026-09-19T12:00:00,2026-09-21 00:00:00,2026-09-21 07:00:00,35-36,27,70,0,11,2.1,SE,138,NW,,,1,Cerah,Sunny,https://api-apps.bmkg.go.id/storage/icon/cuaca/cerah-am.svg,2026-09-21T00:00:00Z
32,32.71,32.71.04,32.71.04.1012,32.71.04.1012,Jawa Barat,Kota Bogor,Bogor Barat,Pasir Jaya,2026-09-19T12:00:00,2026-09-21 03:00:00,2026-09-21 10:00:00,38-39,31,58,0.1,26,3.9,N,30,S,,,1,Cerah,Sunny,https://api-apps.bmkg.go.id/storage/icon/cuaca/cerah-am.svg,2026-09-21T03:00:00Z
32,32.71,32.71.04,32.71.04.1012,32.71.04.1012,Jawa Barat,Kota Bogor,Bogor Barat,Pasir Jaya,2026-09-19T12:00:00,2026-09-21 06:00:00,2026-09-21 13:00:00,41-42,31,56,0.4,58,5.7,N,45,S,,,1,Cerah,Sunny,https://api-apps.bmkg.go.id/storage/icon/cuaca/cerah-am.svg,2026-09-21T06:00:00Z
32,32.71,32.71.04,32.71.04.1012,32.71.04.1012,Jawa Barat,Kota Bogor,Bogor Barat,Pasir Jaya,2026-09-19T12:00:00,2026-09-21 09:00:00,2026-09-21 16:00:00,44-45,27,77,0.9,54,5.7,NW,317,SE,,,1,Cerah,Sunny,https://api-apps.bmkg.go.id/storage/icon/cuaca/cerah-am.svg,2026-09-21T09:00:00Z
32,32.71,32.71.04,32.71.04.1012,32.71.04.1012,Jawa Barat,Kota Bogor,Bogor Barat,Pasir Jaya,2026-09-19T12:00:00,2026-09-21 12:00:00,2026-09-21 19:00:00,47-48,25,92,0,60,2.6,N,39,S,,,1,Cerah,Sunny,https://api-apps.bmkg.go.id/storage/icon/cuaca/cerah-pm.svg,2026-09-21T12:00:00Z
32,32.71,32.71.04,32.71.04.1012,32.71.04.1012,Jawa Barat,Kota Bogor,Bogor Barat,Pasir Jaya,2026-09-19T12:00:00,2026-09-21 15:00:00,2026-09-21 22:00:00,50-51,24,93,0,28,4,SE,158,NW,,,1,Cerah,Sunny,https://api-apps.bmkg.go.id/storage/icon/cuaca/cerah-pm.svg,2026-09-21T15:00:00Z
32,32.71,32.71.04,32.71.04.1013,32.71.04.1013,Jawa Barat,Kota Bogor,Bogor Barat,Pasir Kuda,2026-09-19T12:00:00,2026-09-19 15:00:00,2026-09-19 22:00:00,2-3,24,81,0,23,7.4,SE,171,NW,,,1,Cerah,Sunny,https://api-apps.bmkg.go.id/storage/icon/cuaca/cerah-pm.svg,2026-09-19T15:00:00Z
32,32.71,32.71.04,32.71.04.1013,32.71.04.1013,Jawa Barat,Kota Bogor,Bogor Barat,Pasir Kuda,2026-09-19T12:00:00,2026-09-19 18:00:00,2026-09-20 01:00:00,5-6,23,87,0,27,5,SE,175,NW,,,1,Cerah,Sunny,https://api-apps.bmkg.go.id/storage/icon/cuaca/cerah-pm.svg,2026-09-19T18:00:00Z
32,32.71,32.71.04,32.71.04.1013,32.71.04.1013,Jawa Barat,Kota Bogor,Bogor Barat,Pasir Kuda,2026-09-19T12:00:00,2026-09-19 21:00:00,2026-09-20 04:00:00,8-9,23,84,0,9,1.8,SE,165,NW,,,0,Cerah,Sunny,https://api-apps.bmkg.go.id/storage/icon/cuaca/cerah-pm.svg,2026-09-19T21:00:00Z
32,32.71,32.71.04,32.71.04.1013,32.71.04.1013,Jawa Barat,Kota Bogor,Bogor Barat,Pasir Kuda,2026-09-19T12:00:00,2026-09-20 00:00:00,2026-09-20 07:00:00,11-12,25,76,0,15,7.1,N,7,S,,,1,Cerah,Sunny,https://api-apps.bmkg.go.id/storage/icon/cuaca/cerah-am.svg,2026-09-20T00:00:00Z
32,32.71,32.71.04,32.71.04.1013,32.71.04.1013,Jawa Barat,Kota Bogor,Bogor Barat,Pasir Kuda,2026-09-19T12:00:00,2026-09-20 03:00:00,2026-09-20 10:00:00,14-15,30,60,0,32,7.8,NW,353,SE,,,1,Cerah,Sunny,https://api-apps.bmkg.go.id/storage/icon/cuaca/cerah-am.svg,2026-09-20T03:00:00Z
32,32.71,32.71.04,32.71.04.1013,32.71.04.1013,Jawa Barat,Kota Bogor,Bogor Barat,Pasir Kuda,2026-09-19T12:00:00,2026-09-20 06:00:00,2026-09-20 13:00:00,17-18,32,47,0.1,16,10.7,E,132,W,,,1,Cerah,Sunny,https://api-apps.bmkg.go.id/storage/icon/cuaca/cerah-am.svg,2026-09-20T06:00:00Z
32,32.71,32.71.04,32.71.04.1013,32.71.04.1013,Jawa Barat,Kota Bogor,Bogor Barat,Pasir Kuda,2026-09-19T12:00:00,2026-09-20 09:00:00,2026-09-20 16:00:00,20-21,28,67,1.1,35,2,NW,346,SE,,,61,Hujan Ringan,Light Rain,https://api-apps.bmkg.go.id/storage/icon/cuaca/hujan ringan-am.svg,2026-09-20T09:00:00Z
32,32.71,32.71.04,32.71.04.1013,32.71.04.1013,Jawa Barat,Kota Bogor,Bogor Barat,Pasir Kuda,2026-09-19T12:00:00,2026-09-20 12:00:00,2026-09-20 19:00:00,23-24,25,88,0,26,5.7,N,27,S,,,1,Cerah,Sunny,https://api-apps.bmkg.go.id/storage/icon/cuaca/cerah-pm.svg,2026-09-20T12:00:00Z
32,32.71,32.71.04,32.71.04.1013,32.71.04.1013,Jawa Barat,Kota Bogor,Bogor Barat,Pasir Kuda,2026-09-19T12:00:00,2026-09-20 15:00:00,2026-09-20 22:00:00,26-27,24,91,0,29,0.8,S,220,N,,,1,Cerah,Sunny,https://api-apps.bmkg.go.id/storage/icon/cuaca/cerah-pm.svg,2026-09-20T15:00:00Z
32,32.71,32.71.04,32.71.04.1013,32.71.04.1013,Jawa Barat,Kota Bogor,Bogor Barat,Pasir Kuda,2026-09-19T12:00:00,2026-09-20 18:00:00,2026-09-21 01:00:00,29-30,24,92,0,25,2.8,S,206,N,,,1,Cerah,Sunny,https://api-apps.bmkg.go.id/storage/icon/cuaca/cerah-pm.svg,2026-09-20T18:00:00Z
32,32.71,32.71.04,32.71.04.1013,32.71.04.1013,Jawa Barat,Kota Bogor,Bogor Barat,Pasir Kuda,2026-09-19T12:00:00,2026-09-20 21:00:00,2026-09-21 04:00:00,32-33,23,91,0,11,3.5,SE,174,NW,,,1,Cerah,Sunny,https://api-apps.bmkg.go.id/storage/icon/cuaca/cerah-pm.svg,2026-09-20T21:00:00Z
32,32.71,32.71.04,32.71.04.1013,32.71.04.1013,Jawa Barat,Kota Bogor,Bogor Barat,Pasir Kuda,2026-09-19T12:00:00,2026-09-21 00:00:00,2026-09-21 07:00:00,35-36,27,72,0,12,2.1,SE,138,NW,,,1,Cerah,Sunny,https://api-apps.bmkg.go.id/storage/icon/cuaca/cerah-am.svg,2026-09-21T00:00:00Z
32,32.71,32.71.04,32.71.04.1013,32.71.04.1013,Jawa Barat,Kota Bogor,Bogor Barat,Pasir Kuda,2026-09-19T12:00:00,2026-09-21 03:00:00,2026-09-21 10:00:00,38-39,30,60,0.1,32,3.9,N,30,S,,,1,Cerah,Sunny,https://api-apps.bmkg.go.id/storage/icon/cuaca/cerah-am.svg,2026-09-21T03:00:00Z
32,32.71,32.71.04,32.71.04.1013,32.71.04.1013,Jawa Barat,Kota Bogor,Bogor Barat,Pasir Kuda,2026-09-19T12:00:00,2026-09-21 06:00:00,2026-09-21 13:00:00,41-42,31,59,0.6,60,5.7,N,45,S,,,1,Cerah,Sunny,https://api-apps.bmkg.go.id/storage/icon/cuaca/cerah-am.svg,2026-09-21T06:00:00Z
32,32.71,32.71.04,32.71.04.1013,32.71.04.1013,Jawa Barat,Kota Bogor,Bogor Barat,Pasir Kuda,2026-09-19T12:00:00,2026-09-21 09:00:00,2026-09-21 16:00:00,44-45,27,79,1,55,5.7,NW,317,SE,,,1,Cerah,Sunny,https://api-apps.bmkg.go.id/storage/icon/cuaca/cerah-am.svg,2026-09-21T09:00:00Z
32,32.71,32.71.04,32.71.04.1013,32.71.04.1013,Jawa Barat,Kota Bogor,Bogor Barat,Pasir Kuda,2026-09-19T12:00:00,2026-09-21 12:00:00,2026-09-21 19:00:00,47-48,25,92,0,54,2.6,N,39,S,,,1,Cerah,Sunny,https://api-apps.bmkg.go.id/storage/icon/cuaca/cerah-pm.svg,2026-09-21T12:00:00Z
32,32.71,32.71.04,32.71.04.1013,32.71.04.1013,Jawa Barat,Kota Bogor,Bogor Barat,Pasir Kuda,2026-09-19T12:00:00,2026-09-21 15:00:00,2026-09-21 22:00:00,50-51,24,94,0,31,4,SE,158,NW,,,1,Cerah,Sunny,https://api-apps.bmkg.go.id/storage/icon/cuaca/cerah-pm.svg,2026-09-21T15:00:00Z
32,32.71,32.71.04,32.71.04.1014,32.71.04.1014,Jawa Barat,Kota Bogor,Bogor Barat,Pasir Mulya,2026-09-19T12:00:00,2026-09-19 15:00:00,2026-09-19 22:00:00,2-3,24,81,0,23,7.4,SE,171,NW,,,1,Cerah,Sunny,https://api-apps.bmkg.go.id/storage/icon/cuaca/cerah-pm.svg,2026-09-19T15:00:00Z
32,32.71,32.71.04,32.71.04.1014,32.71.04.1014,Jawa Barat,Kota Bogor,Bogor Barat,Pasir Mulya,2026-09-19T12:00:00,2026-09-19 18:00:00,2026-09-20 01:00:00,5-6,23,87,0,27,5,SE,175,NW,,,1,Cerah,Sunny,https://api-apps.bmkg.go.id/storage/icon/cuaca/cerah-pm.svg,2026-09-19T18:00:00Z
32,32.71,32.71.04,32.71.04.1014,32.71.04.1014,Jawa Barat,Kota Bogor,Bogor Barat,Pasir Mulya,2026-09-19T12:00:00,2026-09-19 21:00:00,2026-09-20 04:00:00,8-9,23,84,0,9,1.8,SE,165,NW,,,0,Cerah,Sunny,https://api-apps.bmkg.go.id/storage/icon/cuaca/cerah-pm.svg,2026-09-19T21:00:00Z
32,32.71,32.71.04,32.71.04.1014,32.71.04.1014,Jawa Barat,Kota Bogor,Bogor Barat,Pasir Mulya,2026-09-19T12:00:00,2026-09-20 00:00:00,2026-09-20 07:00:00,11-12,25,76,0,15,7.1,N,7,S,,,1,Cerah,Sunny,https://api-apps.bmkg.go.id/storage/icon/cuaca/cerah-am.svg,2026-09-20T00:00:00Z
32,32.71,32.71.04,32.71.04.1014,32.71.04.1014,Jawa Barat,Kota Bogor,Bogor Barat,Pasir Mulya,2026-09-19T12:00:00,2026-09-20 03:00:00,2026-09-20 10:00:00,14-15,30,60,0,32,7.8,NW,353,SE,,,1,Cerah,Sunny,https://api-apps.bmkg.go.id/storage/icon/cuaca/cerah-am.svg,2026-09-20T03:00:00Z
32,32.71,32.71.04,32.71.04.1014,32.71.04.1014,Jawa Barat,Kota Bogor,Bogor Barat,Pasir Mulya,2026-09-19T12:00:00,2026-09-20 06:00:00,2026-09-20 13:00:00,17-18,32,47,0.1,16,10.7,E,132,W,,,1,Cerah,Sunny,https://api-apps.bmkg.go.id/storage/icon/cuaca/cerah-am.svg,2026-09-20T06:00:00Z
32,32.71,32.71.04,32.71.04.1014,32.71.04.1014,Jawa Barat,Kota Bogor,Bogor Barat,Pasir Mulya,2026-09-19T12:00:00,2026-09-20 09:00:00,2026-09-20 16:00:00,20-21,28,67,1.1,35,2,NW,346,SE,,,61,Hujan Ringan,Light Rain,https://api-apps.bmkg.go.id/storage/icon/cuaca/hujan ringan-am.svg,2026-09-20T09:00:00Z
32,32.71,32.71.04,32.71.04.1014,32.71.04.1014,Jawa Barat,Kota Bogor,Bogor Barat,Pasir Mulya,2026-09-19T12:00:00,2026-09-20 12:00:00,2026-09-20 19:00:00,23-24,25,88,0,26,5.7,N,27,S,,,1,Cerah,Sunny,https://api-apps.bmkg.go.id/storage/icon/cuaca/cerah-pm.svg,2026-09-20T12:00:00Z
32,32.71,32.71.04,32.71.04.1014,32.71.04.1014,Jawa Barat,Kota Bogor,Bogor Barat,Pasir Mulya,2026-09-19T12:00:00,2026-09-20 15:00:00,2026-09-20 22:00:00,26-27,24,91,0,29,0.8,S,220,N,,,1,Cerah,Sunny,https://api-apps.bmkg.go.id/storage/icon/cuaca/cerah-pm.svg,2026-09-20T15:00:00Z
32,32.71,32.71.04,32.71.04.1014,32.71.04.1014,Jawa Barat,Kota Bogor,Bogor Barat,Pasir Mulya,2026-09-19T12:00:00,2026-09-20 18:00:00,2026-09-21 01:00:00,29-30,24,92,0,25,2.8,S,206,N,,,1,Cerah,Sunny,https://api-apps.bmkg.go.id/storage/icon/cuaca/cerah-pm.svg,2026-09-20T18:00:00Z
32,32.71,32.71.04,32.71.04.1014,32.71.04.1014,Jawa Barat,Kota Bogor,Bogor Barat,Pasir Mulya,2026-09-19T12:00:00,2026-09-20 21:00:00,2026-09-21 04:00:00,32-33,23,91,0,11,3.5,SE,174,NW,,,1,Cerah,Sunny,https://api-apps.bmkg.go.id/storage/icon/cuaca/cerah-pm.svg,2026-09-20T21:00:00Z
32,32.71,32.71.04,32.71.04.1014,32.71.04.1014,Jawa Barat,Kota Bogor,Bogor Barat,Pasir Mulya,2026-09-19T12:00:00,2026-09-21 00:00:00,2026-09-21 07:00:00,35-36,27,72,0,12,2.1,SE,138,NW,,,1,Cerah,Sunny,https://api-apps.bmkg.go.id/storage/icon/cuaca/cerah-am.svg,2026-09-21T00:00:00Z
32,32.71,32.71.04,32.71.04.1014,32.71.04.1014,Jawa Barat,Kota Bogor,Bogor Barat,Pasir Mulya,2026-09-19T12:00:00,2026-09-21 03:00:00,2026-09-21 10:00:00,38-39,30,60,0.1,32,3.9,N,30,S,,,1,Cerah,Sunny,https://api-apps.bmkg.go.id/storage/icon/cuaca/cerah-am.svg,2026-09-21T03:00:00Z
32,32.71,32.71.04,32.71.04.1014,32.71.04.1014,Jawa Barat,Kota Bogor,Bogor Barat,Pasir Mulya,2026-09-19T12:00:00,2026-09-21 06:00:00,2026-09-21 13:00:00,41-42,31,59,0.6,60,5.7,N,45,S,,,1,Cerah,Sunny,https://api-apps.bmkg.go.id/storage/icon/cuaca/cerah-am.svg,2026-09-21T06:00:00Z
32,32.71,32.71.04,32.71.04.1014,32.71.04.1014,Jawa Barat,Kota Bogor,Bogor Barat,Pasir Mulya,2026-09-19T12:00:00,2026-09-21 09:00:00,2026-09-21 16:00:00,44-45,27,79,1,55,5.7,NW,317,SE,,,1,Cerah,Sunny,https://api-apps.bmkg.go.id/storage/icon/cuaca/cerah-am.svg,2026-09-21T09:00:00Z
32,32.71,32.71.04,32.71.04.1014,32.71.04.1014,Jawa Barat,Kota Bogor,Bogor Barat,Pasir Mulya,2026-09-19T12:00:00,2026-09-21 12:00:00,2026-09-21 19:00:00,47-48,25,92,0,54,2.6,N,39,S,,,1,Cerah,Sunny,https://api-apps.bmkg.go.id/storage/icon/cuaca/cerah-pm.svg,2026-09-21T12:00:00Z
32,32.71,32.71.04,32.71.04.1014,32.71.04.1014,Jawa Barat,Kota Bogor,Bogor Barat,Pasir Mulya,2026-09-19T12:00:00,2026-09-21 15:00:00,2026-09-21 22:00:00,50-51,24,94,0,31,4,SE,158,NW,,,1,Cerah,Sunny,https://api-apps.bmkg.go.id/storage/icon/cuaca/cerah-pm.svg,2026-09-21T15:00:00Z
32,32.71,32.71.04,32.71.04.1015,32.71.04.1015,Jawa Barat,Kota Bogor,Bogor Barat,Gunung Batu,2026-09-19T12:00:00,2026-09-19 15:00:00,2026-09-19 22:00:00,2-3,24,81,0,23,7.4,SE,171,NW,,,1,Cerah,Sunny,https://api-apps.bmkg.go.id/storage/icon/cuaca/cerah-pm.svg,2026-09-19T15:00:00Z
32,32.71,32.71.04,32.71.04.1015,32.71.04.1015,Jawa Barat,Kota Bogor,Bogor Barat,Gunung Batu,2026-09-19T12:00:00,2026-09-19 18:00:00,2026-09-20 01:00:00,5-6,23,87,0,27,5,SE,175,NW,,,1,Cerah,Sunny,https://api-apps.bmkg.go.id/storage/icon/cuaca/cerah-pm.svg,2026-09-19T18:00:00Z
32,32.71,32.71.04,32.71.04.1015,32.71.04.1015,Jawa Barat,Kota Bogor,Bogor Barat,Gunung Batu,2026-09-19T12:00:00,2026-09-19 21:00:00,2026-09-20 04:00:00,8-9,23,84,0,9,1.8,SE,165,NW,,,0,Cerah,Sunny,https://api-apps.bmkg.go.id/storage/icon/cuaca/cerah-pm.svg,2026-09-19T21:00:00Z
32,32.71,32.71.04,32.71.04.1015,32.71.04.1015,Jawa Barat,Kota Bogor,Bogor Barat,Gunung Batu,2026-09-19T12:00:00,2026-09-20 00:00:00,2026-09-20 07:00:00,11-12,25,76,0,15,7.1,N,7,S,,,1,Cerah,Sunny,https://api-apps.bmkg.go.id/storage/icon/cuaca/cerah-am.svg,2026-09-20T00:00:00Z
32,32.71,32.71.04,32.71.04.1015,32.71.04.1015,Jawa Barat,Kota Bogor,Bogor Barat,Gunung Batu,2026-09-19T12:00:00,2026-09-20 03:00:00,2026-09-20 10:00:00,14-15,30,60,0,32,7.8,NW,353,SE,,,1,Cerah,Sunny,https://api-apps.bmkg.go.id/storage/icon/cuaca/cerah-am.svg,2026-09-20T03:00:00Z
32,32.71,32.71.04,32.71.04.1015,32.71.04.1015,Jawa Barat,Kota Bogor,Bogor Barat,Gunung Batu,2026-09-19T12:00:00,2026-09-20 06:00:00,2026-09-20 13:00:00,17-18,32,47,0.1,16,10.7,E,132,W,,,1,Cerah,Sunny,https://api-apps.bmkg.go.id/storage/icon/cuaca/cerah-am.svg,2026-09-20T06:00:00Z
32,32.71,32.71.04,32.71.04.1015,32.71.04.1015,Jawa Barat,Kota Bogor,Bogor Barat,Gunung Batu,2026-09-19T12:00:00,2026-09-20 09:00:00,2026-09-20 16:00:00,20-21,28,67,1.1,35,2,NW,346,SE,,,61,Hujan Ringan,Light Rain,https://api-apps.bmkg.go.id/storage/icon/cuaca/hujan ringan-am.svg,2026-09-20T09:00:00Z
32,32.71,32.71.04,32.71.04.1015,32.71.04.1015,Jawa Barat,Kota Bogor,Bogor Barat,Gunung Batu,2026-09-19T12:00:00,2026-09-20 12:00:00,2026-09-20 19:00:00,23-24,25,88,0,26,5.7,N,27,S,,,1,Cerah,Sunny,https://api-apps.bmkg.go.id/storage/icon/cuaca/cerah-pm.svg,2026-09-20T12:00:00Z
32,32.71,32.71.04,32.71.04.1015,32.71.04.1015,Jawa Barat,Kota Bogor,Bogor Barat,Gunung Batu,2026-09-19T12:00:00,2026-09-20 15:00:00,2026-09-20 22:00:00,26-27,24,91,0,29,0.8,S,220,N,,,1,Cerah,Sunny,https://api-apps.bmkg.go.id/storage/icon/cuaca/cerah-pm.svg,2026-09-20T15:00:00Z
32,32.71,32.71.04,32.71.04.1015,32.71.04.1015,Jawa Barat,Kota Bogor,Bogor Barat,Gunung Batu,2026-09-19T12:00:00,2026-09-20 18:00:00,2026-09-21 01:00:00,29-30,24,92,0,25,2.8,S,206,N,,,1,Cerah,Sunny,https://api-apps.bmkg.go.id/storage/icon/cuaca/cerah-pm.svg,2026-09-20T18:00:00Z
32,32.71,32.71.04,32.71.04.1015,32.71.04.1015,Jawa Barat,Kota Bogor,Bogor Barat,Gunung Batu,2026-09-19T12:00:00,2026-09-20 21:00:00,2026-09-21 04:00:00,32-33,23,91,0,11,3.5,SE,174,NW,,,1,Cerah,Sunny,https://api-apps.bmkg.go.id/storage/icon/cuaca/cerah-pm.svg,2026-09-20T21:00:00Z
32,32.71,32.71.04,32.71.04.1015,32.71.04.1015,Jawa Barat,Kota Bogor,Bogor Barat,Gunung Batu,2026-09-19T12:00:00,2026-09-21 00:00:00,2026-09-21 07:00:00,35-36,27,72,0,12,2.1,SE,138,NW,,,1,Cerah,Sunny,https://api-apps.bmkg.go.id/storage/icon/cuaca/cerah-am.svg,2026-09-21T00:00:00Z
32,32.71,32.71.04,32.71.04.1015,32.71.04.1015,Jawa Barat,Kota Bogor,Bogor Barat,Gunung Batu,2026-09-19T12:00:00,2026-09-21 03:00:00,2026-09-21 10:00:00,38-39,30,60,0.1,32,3.9,N,30,S,,,1,Cerah,Sunny,https://api-apps.bmkg.go.id/storage/icon/cuaca/cerah-am.svg,2026-09-21T03:00:00Z
32,32.71,32.71.04,32.71.04.1015,32.71.04.1015,Jawa Barat,Kota Bogor,Bogor Barat,Gunung Batu,2026-09-19T12:00:00,2026-09-21 06:00:00,2026-09-21 13:00:00,41-42,31,59,0.6,60,5.7,N,45,S,,,1,Cerah,Sunny,https://api-apps.bmkg.go.id/storage/icon/cuaca/cerah-am.svg,2026-09-21T06:00:00Z
32,32.71,32.71.04,32.71.04.1015,32.71.04.1015,Jawa Barat,Kota Bogor,Bogor Barat,Gunung Batu,2026-09-19T12:00:00,2026-09-21 09:00:00,2026-09-21 16:00:00,44-45,27,79,1,55,5.7,NW,317,SE,,,1,Cerah,Sunny,https://api-apps.bmkg.go.id/storage/icon/cuaca/cerah-am.svg,2026-09-21T09:00:00Z
32,32.71,32.71.04,32.71.04.1015,32.71.04.1015,Jawa Barat,Kota Bogor,Bogor Barat,Gunung Batu,2026-09-19T12:00:00,2026-09-21 12:00:00,2026-09-21 19:00:00,47-48,25,92,0,54,2.6,N,39,S,,,1,Cerah,Sunny,https://api-apps.bmkg.go.id/storage/icon/cuaca/cerah-pm.svg,2026-09-21T12:00:00Z
32,32.71,32.71.04,32.71.04.1015,32.71.04.1015,Jawa Barat,Kota Bogor,Bogor Barat,Gunung Batu,2026-09-19T12:00:00,2026-09-21 15:00:00,2026-09-21 22:00:00,50-51,24,94,0,31,4,SE,158,NW,,,1,Cerah,Sunny,https://api-apps.bmkg.go.id/storage/icon/cuaca/cerah-pm.svg,2026-09-21T15:00:00Z
32,32.71,32.71.04,32.71.04.1016,32.71.04.1016,Jawa Barat,Kota Bogor,Bogor Barat,Loji,2026-09-19T12:00:00,2026-09-19 15:00:00,2026-09-19 22:00:00,2-3,24,82,0,22,7.4,SE,171,NW,,,1,Cerah,Sunny,https://api-apps.bmkg.go.id/storage/icon/cuaca/cerah-pm.svg,2026-09-19T15:00:00Z
32,32.71,32.71.04,32.71.04.1016,32.71.04.1016,Jawa Barat,Kota Bogor,Bogor Barat,Loji,2026-09-19T12:00:00,2026-09-19 18:00:00,2026-09-20 01:00:00,5-6,23,87,0,25,5,SE,175,NW,,,1,Cerah,Sunny,https://api-apps.bmkg.go.id/storage/icon/cuaca/cerah-pm.svg,2026-09-19T18:00:00Z
32,32.71,32.71.04,32.71.04.1016,32.71.04.1016,Jawa Barat,Kota Bogor,Bogor Barat,Loji,2026-09-19T12:00:00,2026-09-19 21:00:00,2026-09-20 04:00:00,8-9,23,85,0,9,1.8,SE,165,NW,,,0,Cerah,Sunny,https://api-apps.bmkg.go.id/storage/icon/cuaca/cerah-pm.svg,2026-09-19T21:00:00Z
32,32.71,32.71.04,32.71.04.1016,32.71.04.1016,Jawa Barat,Kota Bogor,Bogor Barat,Loji,2026-09-19T12:00:00,2026-09-20 00:00:00,2026-09-20 07:00:00,11-12,25,78,0,16,7.1,N,7,S,,,1,Cerah,Sunny,https://api-apps.bmkg.go.id/storage/icon/cuaca/cerah-am.svg,2026-09-20T00:00:00Z
32,32.71,32.71.04,32.71.04.1016,32.71.04.1016,Jawa Barat,Kota Bogor,Bogor Barat,Loji,2026-09-19T12:00:00,2026-09-20 03:00:00,2026-09-20 10:00:00,14-15,30,60,0,25,7.8,NW,353,SE,,,1,Cerah,Sunny,https://api-apps.bmkg.go.id/storage/icon/cuaca/cerah-am.svg,2026-09-20T03:00:00Z
32,32.71,32.71.04,32.71.04.1016,32.71.04.1016,Jawa Barat,Kota Bogor,Bogor Barat,Loji,2026-09-19T12:00:00,2026-09-20 06:00:00,2026-09-20 13:00:00,17-18,32,48,0.1,15,10.7,E,132,W,,,1,Cerah,Sunny,https://api-apps.bmkg.go.id/storage/icon/cuaca/cerah-am.svg,2026-09-20T06:00:00Z
32,32.71,32.71.04,32.71.04.1016,32.71.04.1016,Jawa Barat,Kota Bogor,Bogor Barat,Loji,2026-09-19T12:00:00,2026-09-20 09:00:00,2026-09-20 16:00:00,20-21,28,68,1.1,40,2,NW,346,SE,,,61,Hujan Ringan,Light Rain,https://api-apps.bmkg.go.id/storage/icon/cuaca/hujan ringan-am.svg,2026-09-20T09:00:00Z
32,32.71,32.71.04,32.71.04.1016,32.71.04.1016,Jawa Barat,Kota Bogor,Bogor Barat,Loji,2026-09-19T12:00:00,2026-09-20 12:00:00,2026-09-20 19:00:00,23-24,25,88,0,26,5.7,N,27,S,,,1,Cerah,Sunny,https://api-apps.bmkg.go.id/storage/icon/cuaca/cerah-pm.svg,2026-09-20T12:00:00Z
32,32.71,32.71.04,32.71.04.1016,32.71.04.1016,Jawa Barat,Kota Bogor,Bogor Barat,Loji,2026-09-19T12:00:00,2026-09-20 15:00:00,2026-09-20 22:00:00,26-27,25,91,0,26,0.8,S,220,N,,,1,Cerah,Sunny,https://api-apps.bmkg.go.id/storage/icon/cuaca/cerah-pm.svg,2026-09-20T15:00:00Z
32,32.71,32.71.04,32.71.04.1016,32.71.04.1016,Jawa Barat,Kota Bogor,Bogor Barat,Loji,2026-09-19T12:00:00,2026-09-20 18:00:00,2026-09-21 01:00:00,29-30,24,93,0,27,2.8,S,206,N,,,1,Cerah,Sunny,https://api-apps.bmkg.go.id/storage/icon/cuaca/cerah-pm.svg,2026-09-20T18:00:00Z
32,32.71,32.71.04,32.71.04.1016,32.71.04.1016,Jawa Barat,Kota Bogor,Bogor Barat,Loji,2026-09-19T12:00:00,2026-09-20 21:00:00,2026-09-21 04:00:00,32-33,23,91,0,11,3.5,SE,174,NW,,,1,Cerah,Sunny,https://api-apps.bmkg.go.id/storage/icon/cuaca/cerah-pm.svg,2026-09-20T21:00:00Z
32,32.71,32.71.04,32.71.04.1016,32.71.04.1016,Jawa Barat,Kota Bogor,Bogor Barat,Loji,2026-09-19T12:00:00,2026-09-21 00:00:00,2026-09-21 07:00:00,35-36,27,73,0,11,2.1,SE,138,NW,,,1,Cerah,Sunny,https://api-apps.bmkg.go.id/storage/icon/cuaca/cerah-am.svg,2026-09-21T00:00:00Z
32,32.71,32.71.04,32.71.04.1016,32.71.04.1016,Jawa Barat,Kota Bogor,Bogor Barat,Loji,2026-09-19T12:00:00,2026-09-21 03:00:00,2026-09-21 10:00:00,38-39,30,61,0.1,31,3.9,N,30,S,,,1,Cerah,Sunny,https://api-apps.bmkg.go.id/storage/icon/cuaca/cerah-am.svg,2026-09-21T03:00:00Z
32,32.71,32.71.04,32.71.04.1016,32.71.04.1016,Jawa Barat,Kota Bogor,Bogor Barat,Loji,2026-09-19T12:00:00,2026-09-21 06:00:00,2026-09-21 13:00:00,41-42,31,58,0.7,54,5.7,N,45,S,,,1,Cerah,Sunny,https://api-apps.bmkg.go.id/storage/icon/cuaca/cerah-am.svg,2026-09-21T06:00:00Z
32,32.71,32.71.04,32.71.04.1016,32.71.04.1016,Jawa Barat,Kota Bogor,Bogor Barat,Loji,2026-09-19T12:00:00,2026-09-21 09:00:00,2026-09-21 16:00:00,44-45,27,81,1,61,5.7,NW,317,SE,,,2,Cerah Berawan,Partly Cloudy,https://api-apps.bmkg.go.id/storage/icon/cuaca/cerah berawan-am.svg,2026-09-21T09:00:00Z
32,32.71,32.71.04,32.71.04.1016,32.71.04.1016,Jawa Barat,Kota Bogor,Bogor Barat,Loji,2026-09-19T12:00:00,2026-09-21 12:00:00,2026-09-21 19:00:00,47-48,25,92,0,47,2.6,N,39,S,,,1,Cerah,Sunny,https://api-apps.bmkg.go.id/storage/icon/cuaca/cerah-pm.svg,2026-09-21T12:00:00Z
32,32.71,32.71.04,32.71.04.1016,32.71.04.1016,Jawa Barat,Kota Bogor,Bogor Barat,Loji,2026-09-19T12:00:00,2026-09-21 15:00:00,2026-09-21 22:00:00,50-51,24,94,0,27,4,SE,158,NW,,,1,Cerah,Sunny,https://api-apps.bmkg.go.id/storage/icon/cuaca/cerah-pm.svg,2026-09-21T15:00:00Z
32,32.71,32.71.05,32.71.05.1001,32.71.05.1001,Jawa Barat,Kota Bogor,Bogor Utara,Bantarjati,2026-09-19T12:00:00,2026-09-19 15:00:00,2026-09-19 22:00:00,2-3,25,81,0,22,7.4,SE,171,NW,,,1,Cerah,Sunny,https://api-apps.bmkg.go.id/storage/icon/cuaca/cerah-pm.svg,2026-09-19T15:00:00Z
32,32.71,32.71.05,32.71.05.1001,32.71.05.1001,Jawa Barat,Kota Bogor,Bogor Utara,Bantarjati,2026-09-19T12:00:00,2026-09-19 18:00:00,2026-09-20 01:00:00,5-6,23,87,0,23,5,SE,175,NW,,,1,Cerah,Sunny,https://api-apps.bmkg.go.id/storage/icon/cuaca/cerah-pm.svg,2026-09-19T18:00:00Z
32,32.71,32.71.05,32.71.05.1001,32.71.05.1001,Jawa Barat,Kota Bogor,Bogor Utara,Bantarjati,2026-09-19T12:00:00,2026-09-19 21:00:00,2026-09-20 04:00:00,8-9,23,85,0,7,1.8,SE,165,NW,,,0,Cerah,Sunny,https://api-apps.bmkg.go.id/storage/icon/cuaca/cerah-pm.svg,2026-09-19T21:00:00Z
32,32.71,32.71.05,32.71.05.1001,32.71.05.1001,Jawa Barat,Kota Bogor,Bogor Utara,Bantarjati,2026-09-19T12:00:00,2026-09-20 00:00:00,2026-09-20 07:00:00,11-12,25,77,0,17,7.1,N,7,S,,,1,Cerah,Sunny,https://api-apps.bmkg.go.id/storage/icon/cuaca/cerah-am.svg,2026-09-20T00:00:00Z
32,32.71,32.71.05,32.71.05.1001,32.71.05.1001,Jawa Barat,Kota Bogor,Bogor Utara,Bantarjati,2026-09-19T12:00:00,2026-09-20 03:00:00,2026-09-20 10:00:00,14-15,30,60,0,26,7.8,NW,353,SE,,,1,Cerah,Sunny,https://api-apps.bmkg.go.id/storage/icon/cuaca/cerah-am.svg,2026-09-20T03:00:00Z
32,32.71,32.71.05,32.71.05.1001,32.71.05.1001,Jawa Barat,Kota Bogor,Bogor Utara,Bantarjati,2026-09-19T12:00:00,2026-09-20 06:00:00,2026-09-20 13:00:00,17-18,32,47,0,11,10.7,E,132,W,,,1,Cerah,Sunny,https://api-apps.bmkg.go.id/storage/icon/cuaca/cerah-am.svg,2026-09-20T06:00:00Z
32,32.71,32.71.05,32.71.05.1001,32.71.05.1001,Jawa Barat,Kota Bogor,Bogor Utara,Bantarjati,2026-09-19T12:00:00,2026-09-20 09:00:00,2026-09-20 16:00:00,20-21,28,65,1.4,41,2,NW,346,SE,,,61,Hujan Ringan,Light Rain,https://api-apps.bmkg.go.id/storage/icon/cuaca/hujan ringan-am.svg,2026-09-20T09:00:00Z
32,32.71,32.71.05,32.71.05.1001,32.71.05.1001,Jawa Barat,Kota Bogor,Bogor Utara,Bantarjati,2026-09-19T12:00:00,2026-09-20 12:00:00,2026-09-20 19:00:00,23-24,26,87,0,23,5.7,N,27,S,,,1,Cerah,Sunny,https://api-apps.bmkg.go.id/storage/icon/cuaca/cerah-pm.svg,2026-09-20T12:00:00Z
32,32.71,32.71.05,32.71.05.1001,32.71.05.1001,Jawa Barat,Kota Bogor,Bogor Utara,Bantarjati,2026-09-19T12:00:00,2026-09-20 15:00:00,2026-09-20 22:00:00,26-27,25,91,0,23,0.8,S,220,N,,,1,Cerah,Sunny,https://api-apps.bmkg.go.id/storage/icon/cuaca/cerah-pm.svg,2026-09-20T15:00:00Z
32,32.71,32.71.05,32.71.05.1001,32.71.05.1001,Jawa Barat,Kota Bogor,Bogor Utara,Bantarjati,2026-09-19T12:00:00,2026-09-20 18:00:00,2026-09-21 01:00:00,29-30,24,93,0,26,2.8,S,206,N,,,1,Cerah,Sunny,https://api-apps.bmkg.go.id/storage/icon/cuaca/cerah-pm.svg,2026-09-20T18:00:00Z
32,32.71,32.71.05,32.71.05.1001,32.71.05.1001,Jawa Barat,Kota Bogor,Bogor Utara,Bantarjati,2026-09-19T12:00:00,2026-09-20 21:00:00,2026-09-21 04:00:00,32-33,23,91,0,11,3.5,SE,174,NW,,,1,Cerah,Sunny,https://api-apps.bmkg.go.id/storage/icon/cuaca/cerah-pm.svg,2026-09-20T21:00:00Z
32,32.71,32.71.05,32.71.05.1001,32.71.05.1001,Jawa Barat,Kota Bogor,Bogor Utara,Bantarjati,2026-09-19T12:00:00,2026-09-21 00:00:00,2026-09-21 07:00:00,35-36,27,72,0,10,2.1,SE,138,NW,,,1,Cerah,Sunny,https://api-apps.bmkg.go.id/storage/icon/cuaca/cerah-am.svg,2026-09-21T00:00:00Z
32,32.71,32.71.05,32.71.05.1001,32.71.05.1001,Jawa Barat,Kota Bogor,Bogor Utara,Bantarjati,2026-09-19T12:00:00,2026-09-21 03:00:00,2026-09-21 10:00:00,38-39,31,59,0.1,26,3.9,N,30,S,,,1,Cerah,Sunny,https://api-apps.bmkg.go.id/storage/icon/cuaca/cerah-am.svg,2026-09-21T03:00:00Z
32,32.71,32.71.05,32.71.05.1001,32.71.05.1001,Jawa Barat,Kota Bogor,Bogor Utara,Bantarjati,2026-09-19T12:00:00,2026-09-21 06:00:00,2026-09-21 13:00:00,41-42,32,56,0.6,52,5.7,N,45,S,,,1,Cerah,Sunny,https://api-apps.bmkg.go.id/storage/icon/cuaca/cerah-am.svg,2026-09-21T06:00:00Z
32,32.71,32.71.05,32.71.05.1001,32.71.05.1001,Jawa Barat,Kota Bogor,Bogor Utara,Bantarjati,2026-09-19T12:00:00,2026-09-21 09:00:00,2026-09-21 16:00:00,44-45,27,79,1,60,5.7,NW,317,SE,,,1,Cerah,Sunny,https://api-apps.bmkg.go.id/storage/icon/cuaca/cerah-am.svg,2026-09-21T09:00:00Z
32,32.71,32.71.05,32.71.05.1001,32.71.05.1001,Jawa Barat,Kota Bogor,Bogor Utara,Bantarjati,2026-09-19T12:00:00,2026-09-21 12:00:00,2026-09-21 19:00:00,47-48,25,92,0,51,2.6,N,39,S,,,1,Cerah,Sunny,https://api-apps.bmkg.go.id/storage/icon/cuaca/cerah-pm.svg,2026-09-21T12:00:00Z
32,32.71,32.71.05,32.71.05.1001,32.71.05.1001,Jawa Barat,Kota Bogor,Bogor Utara,Bantarjati,2026-09-19T12:00:00,2026-09-21 15:00:00,2026-09-21 22:00:00,50-51,24,94,0,24,4,SE,158,NW,,,1,Cerah,Sunny,https://api-apps.bmkg.go.id/storage/icon/cuaca/cerah-pm.svg,2026-09-21T15:00:00Z
32,32.71,32.71.05,32.71.05.1002,32.71.05.1002,Jawa Barat,Kota Bogor,Bogor Utara,Tegal Gundil,2026-09-19T12:00:00,2026-09-19 15:00:00,2026-09-19 22:00:00,2-3,24,83,0,29,7.4,SE,171,NW,,,1,Cerah,Sunny,https://api-apps.bmkg.go.id/storage/icon/cuaca/cerah-pm.svg,2026-09-19T15:00:00Z
32,32.71,32.71.05,32.71.05.1002,32.71.05.1002,Jawa Barat,Kota Bogor,Bogor Utara,Tegal Gundil,2026-09-19T12:00:00,2026-09-19 18:00:00,2026-09-20 01:00:00,5-6,23,86,0,22,5,SE,175,NW,,,1,Cerah,Sunny,https://api-apps.bmkg.go.id/storage/icon/cuaca/cerah-pm.svg,2026-09-19T18:00:00Z
32,32.71,32.71.05,32.71.05.1002,32.71.05.1002,Jawa Barat,Kota Bogor,Bogor Utara,Tegal Gundil,2026-09-19T12:00:00,2026-09-19 21:00:00,2026-09-20 04:00:00,8-9,23,85,0,7,1.8,SE,165,NW,,,0,Cerah,Sunny,https://api-apps.bmkg.go.id/storage/icon/cuaca/cerah-pm.svg,2026-09-19T21:00:00Z
32,32.71,32.71.05,32.71.05.1002,32.71.05.1002,Jawa Barat,Kota Bogor,Bogor Utara,Tegal Gundil,2026-09-19T12:00:00,2026-09-20 00:00:00,2026-09-20 07:00:00,11-12,25,78,0,19,7.1,N,7,S,,,1,Cerah,Sunny,https://api-apps.bmkg.go.id/storage/icon/cuaca/cerah-am.svg,2026-09-20T00:00:00Z
32,32.71,32.71.05,32.71.05.1002,32.71.05.1002,Jawa Barat,Kota Bogor,Bogor Utara,Tegal Gundil,2026-09-19T12:00:00,2026-09-20 03:00:00,2026-09-20 10:00:00,14-15,30,62,0,30,7.8,NW,353,SE,,,1,Cerah,Sunny,https://api-apps.bmkg.go.id/storage/icon/cuaca/cerah-am.svg,2026-09-20T03:00:00Z
32,32.71,32.71.05,32.71.05.1002,32.71.05.1002,Jawa Barat,Kota Bogor,Bogor Utara,Tegal Gundil,2026-09-19T12:00:00,2026-09-20 06:00:00,2026-09-20 13:00:00,17-18,32,50,0.1,11,10.7,E,132,W,,,1,Cerah,Sunny,https://api-apps.bmkg.go.id/storage/icon/cuaca/cerah-am.svg,2026-09-20T06:00:00Z
32,32.71,32.71.05,32.71.05.1002,32.71.05.1002,Jawa Barat,Kota Bogor,Bogor Utara,Tegal Gundil,2026-09-19T12:00:00,2026-09-20 09:00:00,2026-09-20 16:00:00,20-21,28,70,1.4,43,2,NW,346,SE,,,61,Hujan Ringan,Light Rain,https://api-apps.bmkg.go.id/storage/icon/cuaca/hujan ringan-am.svg,2026-09-20T09:00:00Z
32,32.71,32.71.05,32.71.05.1002,32.71.05.1002,Jawa Barat,Kota Bogor,Bogor Utara,Tegal Gundil,2026-09-19T12:00:00,2026-09-20 12:00:00,2026-09-20 19:00:00,23-24,25,88,0,23,5.7,N,27,S,,,1,Cerah,Sunny,https://api-apps.bmkg.go.id/storage/icon/cuaca/cerah-pm.svg,2026-09-20T12:00:00Z
32,32.71,32.71.05,32.71.05.1002,32.71.05.1002,Jawa Barat,Kota Bogor,Bogor Utara,Tegal Gundil,2026-09-19T12:00:00,2026-09-20 15:00:00,2026-09-20 22:00:00,26-27,25,91,0,26,0.8,S,220,N,,,1,Cerah,Sunny,https://api-apps.bmkg.go.id/storage/icon/cuaca/cerah-pm.svg,2026-09-20T15:00:00Z
32,32.71,32.71.05,32.71.05.1002,32.71.05.1002,Jawa Barat,Kota Bogor,Bogor Utara,Tegal Gundil,2026-09-19T12:00:00,2026-09-20 18:00:00,2026-09-21 01:00:00,29-30,24,93,0,27,2.8,S,206,N,,,1,Cerah,Sunny,https://api-apps.bmkg.go.id/storage/icon/cuaca/cerah-pm.svg,2026-09-20T18:00:00Z
32,32.71,32.71.05,32.71.05.1002,32.71.05.1002,Jawa Barat,Kota Bogor,Bogor Utara,Tegal Gundil,2026-09-19T12:00:00,2026-09-20 21:00:00,2026-09-21 04:00:00,32-33,23,92,0,16,3.5,SE,174,NW,,,1,Cerah,Sunny,https://api-apps.bmkg.go.id/storage/icon/cuaca/cerah-pm.svg,2026-09-20T21:00:00Z
32,32.71,32.71.05,32.71.05.1002,32.71.05.1002,Jawa Barat,Kota Bogor,Bogor Utara,Tegal Gundil,2026-09-19T12:00:00,2026-09-21 00:00:00,2026-09-21 07:00:00,35-36,27,74,0,11,2.1,SE,138,NW,,,1,Cerah,Sunny,https://api-apps.bmkg.go.id/storage/icon/cuaca/cerah-am.svg,2026-09-21T00:00:00Z
32,32.71,32.71.05,32.71.05.1002,32.71.05.1002,Jawa Barat,Kota Bogor,Bogor Utara,Tegal Gundil,2026-09-19T12:00:00,2026-09-21 03:00:00,2026-09-21 10:00:00,38-39,30,60,0.1,23,3.9,N,30,S,,,1,Cerah,Sunny,https://api-apps.bmkg.go.id/storage/icon/cuaca/cerah-am.svg,2026-09-21T03:00:00Z
32,32.71,32.71.05,32.71.05.1002,32.71.05.1002,Jawa Barat,Kota Bogor,Bogor Utara,Tegal Gundil,2026-09-19T12:00:00,2026-09-21 06:00:00,2026-09-21 13:00:00,41-42,31,57,0.6,51,5.7,N,45,S,,,1,Cerah,Sunny,https://api-apps.bmkg.go.id/storage/icon/cuaca/cerah-am.svg,2026-09-21T06:00:00Z
32,32.71,32.71.05,32.71.05.1002,32.71.05.1002,Jawa Barat,Kota Bogor,Bogor Utara,Tegal Gundil,2026-09-19T12:00:00,2026-09-21 09:00:00,2026-09-21 16:00:00,44-45,26,82,1.1,56,5.7,NW,317,SE,,,61,Hujan Ringan,Light Rain,https://api-apps.bmkg.go.id/storage/icon/cuaca/hujan ringan-am.svg,2026-09-21T09:00:00Z
32,32.71,32.71.05,32.71.05.1002,32.71.05.1002,Jawa Barat,Kota Bogor,Bogor Utara,Tegal Gundil,2026-09-19T12:00:00,2026-09-21 12:00:00,2026-09-21 19:00:00,47-48,25,93,0,53,2.6,N,39,S,,,1,Cerah,Sunny,https://api-apps.bmkg.go.id/storage/icon/cuaca/cerah-pm.svg,2026-09-21T12:00:00Z
32,32.71,32.71.05,32.71.05.1002,32.71.05.1002,Jawa Barat,Kota Bogor,Bogor Utara,Tegal Gundil,2026-09-19T12:00:00,2026-09-21 15:00:00,2026-09-21 22:00:00,50-51,24,93,0,26,4,SE,158,NW,,,1,Cerah,Sunny,https://api-apps.bmkg.go.id/storage/icon/cuaca/cerah-pm.svg,2026-09-21T15:00:00Z
32,32.71,32.71.05,32.71.05.1003,32.71.05.1003,Jawa Barat,Kota Bogor,Bogor Utara,Kedung Halang,2026-09-19T12:00:00,2026-09-19 15:00:00,2026-09-19 22:00:00,2-3,25,81,0,20,7.4,SE,171,NW,,,1,Cerah,Sunny,https://api-apps.bmkg.go.id/storage/icon/cuaca/cerah-pm.svg,2026-09-19T15:00:00Z
32,32.71,32.71.05,32.71.05.1003,32.71.05.1003,Jawa Barat,Kota Bogor,Bogor Utara,Kedung Halang,2026-09-19T12:00:00,2026-09-19 18:00:00,2026-09-20 01:00:00,5-6,24,87,0,21,5,SE,175,NW,,,1,Cerah,Sunny,https://api-apps.bmkg.go.id/storage/icon/cuaca/cerah-pm.svg,2026-09-19T18:00:00Z
32,32.71,32.71.05,32.71.05.1003,32.71.05.1003,Jawa Barat,Kota Bogor,Bogor Utara,Kedung Halang,2026-09-19T12:00:00,2026-09-19 21:00:00,2026-09-20 04:00:00,8-9,24,87,0,8,1.8,SE,165,NW,,,0,Cerah,Sunny,https://api-apps.bmkg.go.id/storage/icon/cuaca/cerah-pm.svg,2026-09-19T21:00:00Z
32,32.71,32.71.05,32.71.05.1003,32.71.05.1003,Jawa Barat,Kota Bogor,Bogor Utara,Kedung Halang,2026-09-19T12:00:00,2026-09-20 00:00:00,2026-09-20 07:00:00,11-12,26,78,0,18,7.1,N,7,S,,,1,Cerah,Sunny,https://api-apps.bmkg.go.id/storage/icon/cuaca/cerah-am.svg,2026-09-20T00:00:00Z
32,32.71,32.71.05,32.71.05.1003,32.71.05.1003,Jawa Barat,Kota Bogor,Bogor Utara,Kedung Halang,2026-09-19T12:00:00,2026-09-20 03:00:00,2026-09-20 10:00:00,14-15,30,61,0,18,7.8,NW,353,SE,,,1,Cerah,Sunny,https://api-apps.bmkg.go.id/storage/icon/cuaca/cerah-am.svg,2026-09-20T03:00:00Z
32,32.71,32.71.05,32.71.05.1003,32.71.05.1003,Jawa Barat,Kota Bogor,Bogor Utara,Kedung Halang,2026-09-19T12:00:00,2026-09-20 06:00:00,2026-09-20 13:00:00,17-18,32,49,0,10,10.7,E,132,W,,,1,Cerah,Sunny,https://api-apps.bmkg.go.id/storage/icon/cuaca/cerah-am.svg,2026-09-20T06:00:00Z
32,32.71,32.71.05,32.71.05.1003,32.71.05.1003,Jawa Barat,Kota Bogor,Bogor Utara,Kedung Halang,2026-09-19T12:00:00,2026-09-20 09:00:00,2026-09-20 16:00:00,20-21,28,67,1.2,45,2,NW,346,SE,,,61,Hujan Ringan,Light Rain,https://api-apps.bmkg.go.id/storage/icon/cuaca/hujan ringan-am.svg,2026-09-20T09:00:00Z
32,32.71,32.71.05,32.71.05.1003,32.71.05.1003,Jawa Barat,Kota Bogor,Bogor Utara,Kedung Halang,2026-09-19T12:00:00,2026-09-20 12:00:00,2026-09-20 19:00:00,23-24,26,88,0,23,5.7,N,27,S,,,1,Cerah,Sunny,https://api-apps.bmkg.go.id/storage/icon/cuaca/cerah-pm.svg,2026-09-20T12:00:00Z
32,32.71,32.71.05,32.71.05.1003,32.71.05.1003,Jawa Barat,Kota Bogor,Bogor Utara,Kedung Halang,2026-09-19T12:00:00,2026-09-20 15:00:00,2026-09-20 22:00:00,26-27,25,91,0,20,0.8,S,220,N,,,1,Cerah,Sunny,https://api-apps.bmkg.go.id/storage/icon/cuaca/cerah-pm.svg,2026-09-20T15:00:00Z
32,32.71,32.71.05,32.71.05.1003,32.71.05.1003,Jawa Barat,Kota Bogor,Bogor Utara,Kedung Halang,2026-09-19T12:00:00,2026-09-20 18:00:00,2026-09-21 01:00:00,29-30,24,93,0,27,2.8,S,206,N,,,1,Cerah,Sunny,https://api-apps.bmkg.go.id/storage/icon/cuaca/cerah-pm.svg,2026-09-20T18:00:00Z
32,32.71,32.71.05,32.71.05.1003,32.71.05.1003,Jawa Barat,Kota Bogor,Bogor Utara,Kedung Halang,2026-09-19T12:00:00,2026-09-20 21:00:00,2026-09-21 04:00:00,32-33,24,92,0,10,3.5,SE,174,NW,,,1,Cerah,Sunny,https://api-apps.bmkg.go.id/storage/icon/cuaca/cerah-pm.svg,2026-09-20T21:00:00Z
32,32.71,32.71.05,32.71.05.1003,32.71.05.1003,Jawa Barat,Kota Bogor,Bogor Utara,Kedung Halang,2026-09-19T12:00:00,2026-09-21 00:00:00,2026-09-21 07:00:00,35-36,27,73,0,9,2.1,SE,138,NW,,,0,Cerah,Sunny,https://api-apps.bmkg.go.id/storage/icon/cuaca/cerah-am.svg,2026-09-21T00:00:00Z
32,32.71,32.71.05,32.71.05.1003,32.71.05.1003,Jawa Barat,Kota Bogor,Bogor Utara,Kedung Halang,2026-09-19T12:00:00,2026-09-21 03:00:00,2026-09-21 10:00:00,38-39,31,61,0.1,25,3.9,N,30,S,,,1,Cerah,Sunny,https://api-apps.bmkg.go.id/storage/icon/cuaca/cerah-am.svg,2026-09-21T03:00:00Z
32,32.71,32.71.05,32.71.05.1003,32.71.05.1003,Jawa Barat,Kota Bogor,Bogor Utara,Kedung Halang,2026-09-19T12:00:00,2026-09-21 06:00:00,2026-09-21 13:00:00,41-42,32,56,0.8,47,5.7,N,45,S,,,1,Cerah,Sunny,https://api-apps.bmkg.go.id/storage/icon/cuaca/cerah-am.svg,2026-09-21T06:00:00Z
32,32.71,32.71.05,32.71.05.1003,32.71.05.1003,Jawa Barat,Kota Bogor,Bogor Utara,Kedung Halang,2026-09-19T12:00:00,2026-09-21 09:00:00,2026-09-21 16:00:00,44-45,27,81,0.7,65,5.7,NW,317,SE,,,2,Cerah Berawan,Partly Cloudy,https://api-apps.bmkg.go.id/storage/icon/cuaca/cerah berawan-am.svg,2026-09-21T09:00:00Z
32,32.71,32.71.05,32.71.05.1003,32.71.05.1003,Jawa Barat,Kota Bogor,Bogor Utara,Kedung Halang,2026-09-19T12:00:00,2026-09-21 12:00:00,2026-09-21 19:00:00,47-48,25,92,0,42,2.6,N,39,S,,,1,Cerah,Sunny,https://api-apps.bmkg.go.id/storage/icon/cuaca/cerah-pm.svg,2026-09-21T12:00:00Z
32,32.71,32.71.05,32.71.05.1003,32.71.05.1003,Jawa Barat,Kota Bogor,Bogor Utara,Kedung Halang,2026-09-19T12:00:00,2026-09-21 15:00:00,2026-09-21 22:00:00,50-51,24,94,0,21,4,SE,158,NW,,,1,Cerah,Sunny,https://api-apps.bmkg.go.id/storage/icon/cuaca/cerah-pm.svg,2026-09-21T15:00:00Z
32,32.71,32.71.05,32.71.05.1004,32.71.05.1004,Jawa Barat,Kota Bogor,Bogor Utara,Ciparigi,2026-09-19T12:00:00,2026-09-19 15:00:00,2026-09-19 22:00:00,2-3,25,83,0,25,7.4,SE,171,NW,,,1,Cerah,Sunny,https://api-apps.bmkg.go.id/storage/icon/cuaca/cerah-pm.svg,2026-09-19T15:00:00Z
32,32.71,32.71.05,32.71.05.1004,32.71.05.1004,Jawa Barat,Kota Bogor,Bogor Utara,Ciparigi,2026-09-19T12:00:00,2026-09-19 18:00:00,2026-09-20 01:00:00,5-6,24,86,0,21,5,SE,175,NW,,,1,Cerah,Sunny,https://api-apps.bmkg.go.id/storage/icon/cuaca/cerah-pm.svg,2026-09-19T18:00:00Z
32,32.71,32.71.05,32.71.05.1004,32.71.05.1004,Jawa Barat,Kota Bogor,Bogor Utara,Ciparigi,2026-09-19T12:00:00,2026-09-19 21:00:00,2026-09-20 04:00:00,8-9,24,86,0,7,1.8,SE,165,NW,,,0,Cerah,Sunny,https://api-apps.bmkg.go.id/storage/icon/cuaca/cerah-pm.svg,2026-09-19T21:00:00Z
32,32.71,32.71.05,32.71.05.1004,32.71.05.1004,Jawa Barat,Kota Bogor,Bogor Utara,Ciparigi,2026-09-19T12:00:00,2026-09-20 00:00:00,2026-09-20 07:00:00,11-12,25,79,0,19,7.1,N,7,S,,,1,Cerah,Sunny,https://api-apps.bmkg.go.id/storage/icon/cuaca/cerah-am.svg,2026-09-20T00:00:00Z
32,32.71,32.71.05,32.71.05.1004,32.71.05.1004,Jawa Barat,Kota Bogor,Bogor Utara,Ciparigi,2026-09-19T12:00:00,2026-09-20 03:00:00,2026-09-20 10:00:00,14-15,30,62,0,21,7.8,NW,353,SE,,,1,Cerah,Sunny,https://api-apps.bmkg.go.id/storage/icon/cuaca/cerah-am.svg,2026-09-20T03:00:00Z
32,32.71,32.71.05,32.71.05.1004,32.71.05.1004,Jawa Barat,Kota Bogor,Bogor Utara,Ciparigi,2026-09-19T12:00:00,2026-09-20 06:00:00,2026-09-20 13:00:00,17-18,32,51,0.1,11,10.7,E,132,W,,,1,Cerah,Sunny,https://api-apps.bmkg.go.id/storage/icon/cuaca/cerah-am.svg,2026-09-20T06:00:00Z
32,32.71,32.71.05,32.71.05.1004,32.71.05.1004,Jawa Barat,Kota Bogor,Bogor Utara,Ciparigi,2026-09-19T12:00:00,2026-09-20 09:00:00,2026-09-20 16:00:00,20-21,28,72,1.2,46,2,NW,346,SE,,,61,Hujan Ringan,Light Rain,https://api-apps.bmkg.go.id/storage/icon/cuaca/hujan ringan-am.svg,2026-09-20T09:00:00Z
32,32.71,32.71.05,32.71.05.1004,32.71.05.1004,Jawa Barat,Kota Bogor,Bogor Utara,Ciparigi,2026-09-19T12:00:00,2026-09-20 12:00:00,2026-09-20 19:00:00,23-24,26,88,0,23,5.7,N,27,S,,,1,Cerah,Sunny,https://api-apps.bmkg.go.id/storage/icon/cuaca/cerah-pm.svg,2026-09-20T12:00:00Z
32,32.71,32.71.05,32.71.05.1004,32.71.05.1004,Jawa Barat,Kota Bogor,Bogor Utara,Ciparigi,2026-09-19T12:00:00,2026-09-20 15:00:00,2026-09-20 22:00:00,26-27,25,91,0,22,0.8,S,220,N,,,1,Cerah,Sunny,https://api-apps.bmkg.go.id/storage/icon/cuaca/cerah-pm.svg,2026-09-20T15:00:00Z
32,32.71,32.71.05,32.71.05.1004,32.71.05.1004,Jawa Barat,Kota Bogor,Bogor Utara,Ciparigi,2026-09-19T12:00:00,2026-09-20 18:00:00,2026-09-21 01:00:00,29-30,24,93,0,28,2.8,S,206,N,,,1,Cerah,Sunny,https://api-apps.bmkg.go.id/storage/icon/cuaca/cerah-pm.svg,2026-09-20T18:00:00Z
32,32.71,32.71.05,32.71.05.1004,32.71.05.1004,Jawa Barat,Kota Bogor,Bogor Utara,Ciparigi,2026-09-19T12:00:00,2026-09-20 21:00:00,2026-09-21 04:00:00,32-33,23,92,0,14,3.5,SE,174,NW,,,1,Cerah,Sunny,https://api-apps.bmkg.go.id/storage/icon/cuaca/cerah-pm.svg,2026-09-20T21:00:00Z
32,32.71,32.71.05,32.71.05.1004,32.71.05.1004,Jawa Barat,Kota Bogor,Bogor Utara,Ciparigi,2026-09-19T12:00:00,2026-09-21 00:00:00,2026-09-21 07:00:00,35-36,27,75,0,9,2.1,SE,138,NW,,,0,Cerah,Sunny,https://api-apps.bmkg.go.id/storage/icon/cuaca/cerah-am.svg,2026-09-21T00:00:00Z
32,32.71,32.71.05,32.71.05.1004,32.71.05.1004,Jawa Barat,Kota Bogor,Bogor Utara,Ciparigi,2026-09-19T12:00:00,2026-09-21 03:00:00,2026-09-21 10:00:00,38-39,31,61,0.1,23,3.9,N,30,S,,,1,Cerah,Sunny,https://api-apps.bmkg.go.id/storage/icon/cuaca/cerah-am.svg,2026-09-21T03:00:00Z
32,32.71,32.71.05,32.71.05.1004,32.71.05.1004,Jawa Barat,Kota Bogor,Bogor Utara,Ciparigi,2026-09-19T12:00:00,2026-09-21 06:00:00,2026-09-21 13:00:00,41-42,32,57,0.8,46,5.7,N,45,S,,,1,Cerah,Sunny,https://api-apps.bmkg.go.id/storage/icon/cuaca/cerah-am.svg,2026-09-21T06:00:00Z
32,32.71,32.71.05,32.71.05.1004,32.71.05.1004,Jawa Barat,Kota Bogor,Bogor Utara,Ciparigi,2026-09-19T12:00:00,2026-09-21 09:00:00,2026-09-21 16:00:00,44-45,27,82,1.1,64,5.7,NW,317,SE,,,61,Hujan Ringan,Light Rain,https://api-apps.bmkg.go.id/storage/icon/cuaca/hujan ringan-am.svg,2026-09-21T09:00:00Z
32,32.71,32.71.05,32.71.05.1004,32.71.05.1004,Jawa Barat,Kota Bogor,Bogor Utara,Ciparigi,2026-09-19T12:00:00,2026-09-21 12:00:00,2026-09-21 19:00:00,47-48,25,92,0,44,2.6,N,39,S,,,1,Cerah,Sunny,https://api-apps.bmkg.go.id/storage/icon/cuaca/cerah-pm.svg,2026-09-21T12:00:00Z
32,32.71,32.71.05,32.71.05.1004,32.71.05.1004,Jawa Barat,Kota Bogor,Bogor Utara,Ciparigi,2026-09-19T12:00:00,2026-09-21 15:00:00,2026-09-21 22:00:00,50-51,24,93,0,22,4,SE,158,NW,,,1,Cerah,Sunny,https://api-apps.bmkg.go.id/storage/icon/cuaca/cerah-pm.svg,2026-09-21T15:00:00Z
32,32.71,32.71.05,32.71.05.1005,32.71.05.1005,Jawa Barat,Kota Bogor,Bogor Utara,Cibuluh,2026-09-19T12:00:00,2026-09-19 15:00:00,2026-09-19 22:00:00,2-3,25,83,0,25,7.4,SE,171,NW,,,1,Cerah,Sunny,https://api-apps.bmkg.go.id/storage/icon/cuaca/cerah-pm.svg,2026-09-19T15:00:00Z
32,32.71,32.71.05,32.71.05.1005,32.71.05.1005,Jawa Barat,Kota Bogor,Bogor Utara,Cibuluh,2026-09-19T12:00:00,2026-09-19 18:00:00,2026-09-20 01:00:00,5-6,24,86,0,21,5,SE,175,NW,,,1,Cerah,Sunny,https://api-apps.bmkg.go.id/storage/icon/cuaca/cerah-pm.svg,2026-09-19T18:00:00Z
32,32.71,32.71.05,32.71.05.1005,32.71.05.1005,Jawa Barat,Kota Bogor,Bogor Utara,Cibuluh,2026-09-19T12:00:00,2026-09-19 21:00:00,2026-09-20 04:00:00,8-9,24,86,0,7,1.8,SE,165,NW,,,0,Cerah,Sunny,https://api-apps.bmkg.go.id/storage/icon/cuaca/cerah-pm.svg,2026-09-19T21:00:00Z
32,32.71,32.71.05,32.71.05.1005,32.71.05.1005,Jawa Barat,Kota Bogor,Bogor Utara,Cibuluh,2026-09-19T12:00:00,2026-09-20 00:00:00,2026-09-20 07:00:00,11-12,25,79,0,19,7.1,N,7,S,,,1,Cerah,Sunny,https://api-apps.bmkg.go.id/storage/icon/cuaca/cerah-am.svg,2026-09-20T00:00:00Z
32,32.71,32.71.05,32.71.05.1005,32.71.05.1005,Jawa Barat,Kota Bogor,Bogor Utara,Cibuluh,2026-09-19T12:00:00,2026-09-20 03:00:00,2026-09-20 10:00:00,14-15,30,62,0,21,7.8,NW,353,SE,,,1,Cerah,Sunny,https://api-apps.bmkg.go.id/storage/icon/cuaca/cerah-am.svg,2026-09-20T03:00:00Z
32,32.71,32.71.05,32.71.05.1005,32.71.05.1005,Jawa Barat,Kota Bogor,Bogor Utara,Cibuluh,2026-09-19T12:00:00,2026-09-20 06:00:00,2026-09-20 13:00:00,17-18,32,51,0.1,11,10.7,E,132,W,,,1,Cerah,Sunny,https://api-apps.bmkg.go.id/storage/icon/cuaca/cerah-am.svg,2026-09-20T06:00:00Z
32,32.71,32.71.05,32.71.05.1005,32.71.05.1005,Jawa Barat,Kota Bogor,Bogor Utara,Cibuluh,2026-09-19T12:00:00,2026-09-20 09:00:00,2026-09-20 16:00:00,20-21,28,72,1.2,46,2,NW,346,SE,,,61,Hujan Ringan,Light Rain,https://api-apps.bmkg.go.id/storage/icon/cuaca/hujan ringan-am.svg,2026-09-20T09:00:00Z
32,32.71,32.71.05,32.71.05.1005,32.71.05.1005,Jawa Barat,Kota Bogor,Bogor Utara,Cibuluh,2026-09-19T12:00:00,2026-09-20 12:00:00,2026-09-20 19:00:00,23-24,26,88,0,23,5.7,N,27,S,,,1,Cerah,Sunny,https://api-apps.bmkg.go.id/storage/icon/cuaca/cerah-pm.svg,2026-09-20T12:00:00Z
32,32.71,32.71.05,32.71.05.1005,32.71.05.1005,Jawa Barat,Kota Bogor,Bogor Utara,Cibuluh,2026-09-19T12:00:00,2026-09-20 15:00:00,2026-09-20 22:00:00,26-27,25,91,0,22,0.8,S,220,N,,,1,Cerah,Sunny,https://api-apps.bmkg.go.id/storage/icon/cuaca/cerah-pm.svg,2026-09-20T15:00:00Z
32,32.71,32.71.05,32.71.05.1005,32.71.05.1005,Jawa Barat,Kota Bogor,Bogor Utara,Cibuluh,2026-09-19T12:00:00,2026-09-20 18:00:00,2026-09-21 01:00:00,29-30,24,93,0,28,2.8,S,206,N,,,1,Cerah,Sunny,https://api-apps.bmkg.go.id/storage/icon/cuaca/cerah-pm.svg,2026-09-20T18:00:00Z
32,32.71,32.71.05,32.71.05.1005,32.71.05.1005,Jawa Barat,Kota Bogor,Bogor Utara,Cibuluh,2026-09-19T12:00:00,2026-09-20 21:00:00,2026-09-21 04:00:00,32-33,23,92,0,14,3.5,SE,174,NW,,,1,Cerah,Sunny,https://api-apps.bmkg.go.id/storage/icon/cuaca/cerah-pm.svg,2026-09-20T21:00:00Z
32,32.71,32.71.05,32.71.05.1005,32.71.05.1005,Jawa Barat,Kota Bogor,Bogor Utara,Cibuluh,2026-09-19T12:00:00,2026-09-21 00:00:00,2026-09-21 07:00:00,35-36,27,75,0,9,2.1,SE,138,NW,,,0,Cerah,Sunny,https://api-apps.bmkg.go.id/storage/icon/cuaca/cerah-am.svg,2026-09-21T00:00:00Z
32,32.71,32.71.05,32.71.05.1005,32.71.05.1005,Jawa Barat,Kota Bogor,Bogor Utara,Cibuluh,2026-09-19T12:00:00,2026-09-21 03:00:00,2026-09-21 10:00:00,38-39,31,61,0.1,23,3.9,N,30,S,,,1,Cerah,Sunny,https://api-apps.bmkg.go.id/storage/icon/cuaca/cerah-am.svg,2026-09-21T03:00:00Z
32,32.71,32.71.05,32.71.05.1005,32.71.05.1005,Jawa Barat,Kota Bogor,Bogor Utara,Cibuluh,2026-09-19T12:00:00,2026-09-21 06:00:00,2026-09-21 13:00:00,41-42,32,57,0.8,46,5.7,N,45,S,,,1,Cerah,Sunny,https://api-apps.bmkg.go.id/storage/icon/cuaca/cerah-am.svg,2026-09-21T06:00:00Z
32,32.71,32.71.05,32.71.05.1005,32.71.05.1005,Jawa Barat,Kota Bogor,Bogor Utara,Cibuluh,2026-09-19T12:00:00,2026-09-21 09:00:00,2026-09-21 16:00:00,44-45,27,82,1.1,64,5.7,NW,317,SE,,,61,Hujan Ringan,Light Rain,https://api-apps.bmkg.go.id/storage/icon/cuaca/hujan ringan-am.svg,2026-09-21T09:00:00Z
32,32.71,32.71.05,32.71.05.1005,32.71.05.1005,Jawa Barat,Kota Bogor,Bogor Utara,Cibuluh,2026-09-19T12:00:00,2026-09-21 12:00:00,2026-09-21 19:00:00,47-48,25,92,0,44,2.6,N,39,S,,,1,Cerah,Sunny,https://api-apps.bmkg.go.id/storage/icon/cuaca/cerah-pm.svg,2026-09-21T12:00:00Z
32,32.71,32.71.05,32.71.05.1005,32.71.05.1005,Jawa Barat,Kota Bogor,Bogor Utara,Cibuluh,2026-09-19T12:00:00,2026-09-21 15:00:00,2026-09-21 22:00:00,50-51,24,93,0,22,4,SE,158,NW,,,1,Cerah,Sunny,https://api-apps.bmkg.go.id/storage/icon/cuaca/cerah-pm.svg,2026-09-21T15:00:00Z
32,32.71,32.71.05,32.71.05.1006,32.71.05.1006,Jawa Barat,Kota Bogor,Bogor Utara,Ciluar,2026-09-19T12:00:00,2026-09-19 16:00:00,2026-09-19 23:00:00,3-4,24,84,0,27,5,SE,175,NW,,,1,Cerah,Sunny,https://api-apps.bmkg.go.id/storage/icon/cuaca/cerah-pm.svg,2026-09-19T16:00:00Z
32,32.71,32.71.05,32.71.05.1006,32.71.05.1006,Jawa Barat,Kota Bogor,Bogor Utara,Ciluar,2026-09-19T12:00:00,2026-09-19 19:00:00,2026-09-20 02:00:00,6-7,23,86,0,19,1.8,SE,165,NW,,,1,Cerah,Sunny,https://api-apps.bmkg.go.id/storage/icon/cuaca/cerah-pm.svg,2026-09-19T19:00:00Z
32,32.71,32.71.05,32.71.05.1006,32.71.05.1006,Jawa Barat,Kota Bogor,Bogor Utara,Ciluar,2026-09-19T12:00:00,2026-09-19 22:00:00,2026-09-20 05:00:00,9-10,23,85,0,16,7.1,N,7,S,,,1,Cerah,Sunny,https://api-apps.bmkg.go.id/storage/icon/cuaca/cerah-pm.svg,2026-09-19T22:00:00Z
32,32.71,32.71.05,32.71.05.1006,32.71.05.1006,Jawa Barat,Kota Bogor,Bogor Utara,Ciluar,2026-09-19T12:00:00,2026-09-20 01:00:00,2026-09-20 08:00:00,12-13,28,66,0,13,7.8,NW,353,SE,,,1,Cerah,Sunny,https://api-apps.bmkg.go.id/storage/icon/cuaca/cerah-am.svg,2026-09-20T01:00:00Z
32,32.71,32.71.05,32.71.05.1006,32.71.05.1006,Jawa Barat,Kota Bogor,Bogor Utara,Ciluar,2026-09-19T12:00:00,2026-09-20 04:00:00,2026-09-20 11:00:00,15-16,30,63,0,43,10.7,E,132,W,,,1,Cerah,Sunny,https://api-apps.bmkg.go.id/storage/icon/cuaca/cerah-am.svg,2026-09-20T04:00:00Z
32,32.71,32.71.05,32.71.05.1006,32.71.05.1006,Jawa Barat,Kota Bogor,Bogor Utara,Ciluar,2026-09-19T12:00:00,2026-09-20 07:00:00,2026-09-20 14:00:00,18-19,32,50,0.1,25,2,NW,346,SE,,,1,Cerah,Sunny,https://api-apps.bmkg.go.id/storage/icon/cuaca/cerah-am.svg,2026-09-20T07:00:00Z
32,32.71,32.71.05,32.71.05.1006,32.71.05.1006,Jawa Barat,Kota Bogor,Bogor Utara,Ciluar,2026-09-19T12:00:00,2026-09-20 10:00:00,2026-09-20 17:00:00,21-22,26,80,1.4,24,5.7,N,27,S,,,61,Hujan Ringan,Light Rain,https://api-apps.bmkg.go.id/storage/icon/cuaca/hujan ringan-am.svg,2026-09-20T10:00:00Z
32,32.71,32.71.05,32.71.05.1006,32.71.05.1006,Jawa Barat,Kota Bogor,Bogor Utara,Ciluar,2026-09-19T12:00:00,2026-09-20 13:00:00,2026-09-20 20:00:00,24-25,25,89,0,48,0.8,S,220,N,,,1,Cerah,Sunny,https://api-apps.bmkg.go.id/storage/icon/cuaca/cerah-pm.svg,2026-09-20T13:00:00Z
32,32.71,32.71.05,32.71.05.1006,32.71.05.1006,Jawa Barat,Kota Bogor,Bogor Utara,Ciluar,2026-09-19T12:00:00,2026-09-20 16:00:00,2026-09-20 23:00:00,27-28,24,92,0,25,2.8,S,206,N,,,1,Cerah,Sunny,https://api-apps.bmkg.go.id/storage/icon/cuaca/cerah-pm.svg,2026-09-20T16:00:00Z
32,32.71,32.71.05,32.71.05.1006,32.71.05.1006,Jawa Barat,Kota Bogor,Bogor Utara,Ciluar,2026-09-19T12:00:00,2026-09-20 19:00:00,2026-09-21 02:00:00,30-31,23,93,0,39,3.5,SE,174,NW,,,1,Cerah,Sunny,https://api-apps.bmkg.go.id/storage/icon/cuaca/cerah-pm.svg,2026-09-20T19:00:00Z
32,32.71,32.71.05,32.71.05.1006,32.71.05.1006,Jawa Barat,Kota Bogor,Bogor Utara,Ciluar,2026-09-19T12:00:00,2026-09-20 22:00:00,2026-09-21 05:00:00,33-34,23,91,0,22,2.1,SE,138,NW,,,1,Cerah,Sunny,https://api-apps.bmkg.go.id/storage/icon/cuaca/cerah-pm.svg,2026-09-20T22:00:00Z
32,32.71,32.71.05,32.71.05.1006,32.71.05.1006,Jawa Barat,Kota Bogor,Bogor Utara,Ciluar,2026-09-19T12:00:00,2026-09-21 01:00:00,2026-09-21 08:00:00,36-37,28,69,0,29,3.9,N,30,S,,,1,Cerah,Sunny,https://api-apps.bmkg.go.id/storage/icon/cuaca/cerah-am.svg,2026-09-21T01:00:00Z
32,32.71,32.71.05,32.71.05.1006,32.71.05.1006,Jawa Barat,Kota Bogor,Bogor Utara,Ciluar,2026-09-19T12:00:00,2026-09-21 04:00:00,2026-09-21 11:00:00,39-40,31,57,0.1,17,5.7,N,45,S,,,1,Cerah,Sunny,https://api-apps.bmkg.go.id/storage/icon/cuaca/cerah-am.svg,2026-09-21T04:00:00Z
32,32.71,32.71.05,32.71.05.1006,32.71.05.1006,Jawa Barat,Kota Bogor,Bogor Utara,Ciluar,2026-09-19T12:00:00,2026-09-21 07:00:00,2026-09-21 14:00:00,42-43,29,65,0.6,96,5.7,NW,317,SE,,,3,Berawan,Mostly Cloudy,https://api-apps.bmkg.go.id/storage/icon/cuaca/berawan-am.svg,2026-09-21T07:00:00Z
32,32.71,32.71.05,32.71.05.1006,32.71.05.1006,Jawa Barat,Kota Bogor,Bogor Utara,Ciluar,2026-09-19T12:00:00,2026-09-21 10:00:00,2026-09-21 17:00:00,45-46,26,87,1.1,25,2.6,N,39,S,,,61,Hujan Ringan,Light Rain,https://api-apps.bmkg.go.id/storage/icon/cuaca/hujan ringan-am.svg,2026-09-21T10:00:00Z
32,32.71,32.71.05,32.71.05.1006,32.71.05.1006,Jawa Barat,Kota Bogor,Bogor Utara,Ciluar,2026-09-19T12:00:00,2026-09-21 13:00:00,2026-09-21 20:00:00,48-49,25,93,0,42,4,SE,158,NW,,,1,Cerah,Sunny,https://api-apps.bmkg.go.id/storage/icon/cuaca/cerah-pm.svg,2026-09-21T13:00:00Z
32,32.71,32.71.05,32.71.05.1006,32.71.05.1006,Jawa Barat,Kota Bogor,Bogor Utara,Ciluar,2026-09-19T12:00:00,2026-09-21 16:00:00,2026-09-21 23:00:00,51-52,24,91,0,20,3.8,SE,172,NW,,,1,Cerah,Sunny,https://api-apps.bmkg.go.id/storage/icon/cuaca/cerah-pm.svg,2026-09-21T16:00:00Z
32,32.71,32.71.05,32.71.05.1007,32.71.05.1007,Jawa Barat,Kota Bogor,Bogor Utara,Tanah Baru,2026-09-19T12:00:00,2026-09-19 16:00:00,2026-09-19 23:00:00,3-4,24,84,0,27,5,SE,175,NW,,,1,Cerah,Sunny,https://api-apps.bmkg.go.id/storage/icon/cuaca/cerah-pm.svg,2026-09-19T16:00:00Z
32,32.71,32.71.05,32.71.05.1007,32.71.05.1007,Jawa Barat,Kota Bogor,Bogor Utara,Tanah Baru,2026-09-19T12:00:00,2026-09-19 19:00:00,2026-09-20 02:00:00,6-7,23,86,0,19,1.8,SE,165,NW,,,1,Cerah,Sunny,https://api-apps.bmkg.go.id/storage/icon/cuaca/cerah-pm.svg,2026-09-19T19:00:00Z
32,32.71,32.71.05,32.71.05.1007,32.71.05.1007,Jawa Barat,Kota Bogor,Bogor Utara,Tanah Baru,2026-09-19T12:00:00,2026-09-19 22:00:00,2026-09-20 05:00:00,9-10,23,85,0,16,7.1,N,7,S,,,1,Cerah,Sunny,https://api-apps.bmkg.go.id/storage/icon/cuaca/cerah-pm.svg,2026-09-19T22:00:00Z
32,32.71,32.71.05,32.71.05.1007,32.71.05.1007,Jawa Barat,Kota Bogor,Bogor Utara,Tanah Baru,2026-09-19T12:00:00,2026-09-20 01:00:00,2026-09-20 08:00:00,12-13,28,66,0,13,7.8,NW,353,SE,,,1,Cerah,Sunny,https://api-apps.bmkg.go.id/storage/icon/cuaca/cerah-am.svg,2026-09-20T01:00:00Z
32,32.71,32.71.05,32.71.05.1007,32.71.05.1007,Jawa Barat,Kota Bogor,Bogor Utara,Tanah Baru,2026-09-19T12:00:00,2026-09-20 04:00:00,2026-09-20 11:00:00,15-16,30,63,0,43,10.7,E,132,W,,,1,Cerah,Sunny,https://api-apps.bmkg.go.id/storage/icon/cuaca/cerah-am.svg,2026-09-20T04:00:00Z
32,32.71,32.71.05,32.71.05.1007,32.71.05.1007,Jawa Barat,Kota Bogor,Bogor Utara,Tanah Baru,2026-09-19T12:00:00,2026-09-20 07:00:00,2026-09-20 14:00:00,18-19,32,50,0.1,25,2,NW,346,SE,,,1,Cerah,Sunny,https://api-apps.bmkg.go.id/storage/icon/cuaca/cerah-am.svg,2026-09-20T07:00:00Z
32,32.71,32.71.05,32.71.05.1007,32.71.05.1007,Jawa Barat,Kota Bogor,Bogor Utara,Tanah Baru,2026-09-19T12:00:00,2026-09-20 10:00:00,2026-09-20 17:00:00,21-22,26,80,1.4,24,5.7,N,27,S,,,61,Hujan Ringan,Light Rain,https://api-apps.bmkg.go.id/storage/icon/cuaca/hujan ringan-am.svg,2026-09-20T10:00:00Z
32,32.71,32.71.05,32.71.05.1007,32.71.05.1007,Jawa Barat,Kota Bogor,Bogor Utara,Tanah Baru,2026-09-19T12:00:00,2026-09-20 13:00:00,2026-09-20 20:00:00,24-25,25,89,0,48,0.8,S,220,N,,,1,Cerah,Sunny,https://api-apps.bmkg.go.id/storage/icon/cuaca/cerah-pm.svg,2026-09-20T13:00:00Z
32,32.71,32.71.05,32.71.05.1007,32.71.05.1007,Jawa Barat,Kota Bogor,Bogor Utara,Tanah Baru,2026-09-19T12:00:00,2026-09-20 16:00:00,2026-09-20 23:00:00,27-28,24,92,0,25,2.8,S,206,N,,,1,Cerah,Sunny,https://api-apps.bmkg.go.id/storage/icon/cuaca/cerah-pm.svg,2026-09-20T16:00:00Z
32,32.71,32.71.05,32.71.05.1007,32.71.05.1007,Jawa Barat,Kota Bogor,Bogor Utara,Tanah Baru,2026-09-19T12:00:00,2026-09-20 19:00:00,2026-09-21 02:00:00,30-31,23,93,0,39,3.5,SE,174,NW,,,1,Cerah,Sunny,https://api-apps.bmkg.go.id/storage/icon/cuaca/cerah-pm.svg,2026-09-20T19:00:00Z
32,32.71,32.71.05,32.71.05.1007,32.71.05.1007,Jawa Barat,Kota Bogor,Bogor Utara,Tanah Baru,2026-09-19T12:00:00,2026-09-20 22:00:00,2026-09-21 05:00:00,33-34,23,91,0,22,2.1,SE,138,NW,,,1,Cerah,Sunny,https://api-apps.bmkg.go.id/storage/icon/cuaca/cerah-pm.svg,2026-09-20T22:00:00Z
32,32.71,32.71.05,32.71.05.1007,32.71.05.1007,Jawa Barat,Kota Bogor,Bogor Utara,Tanah Baru,2026-09-19T12:00:00,2026-09-21 01:00:00,2026-09-21 08:00:00,36-37,28,69,0,29,3.9,N,30,S,,,1,Cerah,Sunny,https://api-apps.bmkg.go.id/storage/icon/cuaca/cerah-am.svg,2026-09-21T01:00:00Z
32,32.71,32.71.05,32.71.05.1007,32.71.05.1007,Jawa Barat,Kota Bogor,Bogor Utara,Tanah Baru,2026-09-19T12:00:00,2026-09-21 04:00:00,2026-09-21 11:00:00,39-40,31,57,0.1,17,5.7,N,45,S,,,1,Cerah,Sunny,https://api-apps.bmkg.go.id/storage/icon/cuaca/cerah-am.svg,2026-09-21T04:00:00Z
32,32.71,32.71.05,32.71.05.1007,32.71.05.1007,Jawa Barat,Kota Bogor,Bogor Utara,Tanah Baru,2026-09-19T12:00:00,2026-09-21 07:00:00,2026-09-21 14:00:00,42-43,29,65,0.6,96,5.7,NW,317,SE,,,3,Berawan,Mostly Cloudy,https://api-apps.bmkg.go.id/storage/icon/cuaca/berawan-am.svg,2026-09-21T07:00:00Z
32,32.71,32.71.05,32.71.05.1007,32.71.05.1007,Jawa Barat,Kota Bogor,Bogor Utara,Tanah Baru,2026-09-19T12:00:00,2026-09-21 10:00:00,2026-09-21 17:00:00,45-46,26,87,1.1,25,2.6,N,39,S,,,61,Hujan Ringan,Light Rain,https://api-apps.bmkg.go.id/storage/icon/cuaca/hujan ringan-am.svg,2026-09-21T10:00:00Z
32,32.71,32.71.05,32.71.05.1007,32.71.05.1007,Jawa Barat,Kota Bogor,Bogor Utara,Tanah Baru,2026-09-19T12:00:00,2026-09-21 13:00:00,2026-09-21 20:00:00,48-49,25,93,0,42,4,SE,158,NW,,,1,Cerah,Sunny,https://api-apps.bmkg.go.id/storage/icon/cuaca/cerah-pm.svg,2026-09-21T13:00:00Z
32,32.71,32.71.05,32.71.05.1007,32.71.05.1007,Jawa Barat,Kota Bogor,Bogor Utara,Tanah Baru,2026-09-19T12:00:00,2026-09-21 16:00:00,2026-09-21 23:00:00,51-52,24,91,0,20,3.8,SE,172,NW,,,1,Cerah,Sunny,https://api-apps.bmkg.go.id/storage/icon/cuaca/cerah-pm.svg,2026-09-21T16:00:00Z
32,32.71,32.71.05,32.71.05.1008,32.71.05.1008,Jawa Barat,Kota Bogor,Bogor Utara,Cimahpar,2026-09-19T12:00:00,2026-09-19 16:00:00,2026-09-19 23:00:00,3-4,24,84,0,27,5,SE,175,NW,,,1,Cerah,Sunny,https://api-apps.bmkg.go.id/storage/icon/cuaca/cerah-pm.svg,2026-09-19T16:00:00Z
32,32.71,32.71.05,32.71.05.1008,32.71.05.1008,Jawa Barat,Kota Bogor,Bogor Utara,Cimahpar,2026-09-19T12:00:00,2026-09-19 19:00:00,2026-09-20 02:00:00,6-7,23,86,0,19,1.8,SE,165,NW,,,1,Cerah,Sunny,https://api-apps.bmkg.go.id/storage/icon/cuaca/cerah-pm.svg,2026-09-19T19:00:00Z
32,32.71,32.71.05,32.71.05.1008,32.71.05.1008,Jawa Barat,Kota Bogor,Bogor Utara,Cimahpar,2026-09-19T12:00:00,2026-09-19 22:00:00,2026-09-20 05:00:00,9-10,23,85,0,16,7.1,N,7,S,,,1,Cerah,Sunny,https://api-apps.bmkg.go.id/storage/icon/cuaca/cerah-pm.svg,2026-09-19T22:00:00Z
32,32.71,32.71.05,32.71.05.1008,32.71.05.1008,Jawa Barat,Kota Bogor,Bogor Utara,Cimahpar,2026-09-19T12:00:00,2026-09-20 01:00:00,2026-09-20 08:00:00,12-13,28,66,0,13,7.8,NW,353,SE,,,1,Cerah,Sunny,https://api-apps.bmkg.go.id/storage/icon/cuaca/cerah-am.svg,2026-09-20T01:00:00Z
32,32.71,32.71.05,32.71.05.1008,32.71.05.1008,Jawa Barat,Kota Bogor,Bogor Utara,Cimahpar,2026-09-19T12:00:00,2026-09-20 04:00:00,2026-09-20 11:00:00,15-16,30,63,0,43,10.7,E,132,W,,,1,Cerah,Sunny,https://api-apps.bmkg.go.id/storage/icon/cuaca/cerah-am.svg,2026-09-20T04:00:00Z
32,32.71,32.71.05,32.71.05.1008,32.71.05.1008,Jawa Barat,Kota Bogor,Bogor Utara,Cimahpar,2026-09-19T12:00:00,2026-09-20 07:00:00,2026-09-20 14:00:00,18-19,32,50,0.1,25,2,NW,346,SE,,,1,Cerah,Sunny,https://api-apps.bmkg.go.id/storage/icon/cuaca/cerah-am.svg,2026-09-20T07:00:00Z
32,32.71,32.71.05,32.71.05.1008,32.71.05.1008,Jawa Barat,Kota Bogor,Bogor Utara,Cimahpar,2026-09-19T12:00:00,2026-09-20 10:00:00,2026-09-20 17:00:00,21-22,26,80,1.4,24,5.7,N,27,S,,,61,Hujan Ringan,Light Rain,https://api-apps.bmkg.go.id/storage/icon/cuaca/hujan ringan-am.svg,2026-09-20T10:00:00Z
32,32.71,32.71.05,32.71.05.1008,32.71.05.1008,Jawa Barat,Kota Bogor,Bogor Utara,Cimahpar,2026-09-19T12:00:00,2026-09-20 13:00:00,2026-09-20 20:00:00,24-25,25,89,0,48,0.8,S,220,N,,,1,Cerah,Sunny,https://api-apps.bmkg.go.id/storage/icon/cuaca/cerah-pm.svg,2026-09-20T13:00:00Z
32,32.71,32.71.05,32.71.05.1008,32.71.05.1008,Jawa Barat,Kota Bogor,Bogor Utara,Cimahpar,2026-09-19T12:00:00,2026-09-20 16:00:00,2026-09-20 23:00:00,27-28,24,92,0,25,2.8,S,206,N,,,1,Cerah,Sunny,https://api-apps.bmkg.go.id/storage/icon/cuaca/cerah-pm.svg,2026-09-20T16:00:00Z
32,32.71,32.71.05,32.71.05.1008,32.71.05.1008,Jawa Barat,Kota Bogor,Bogor Utara,Cimahpar,2026-09-19T12:00:00,2026-09-20 19:00:00,2026-09-21 02:00:00,30-31,23,93,0,39,3.5,SE,174,NW,,,1,Cerah,Sunny,https://api-apps.bmkg.go.id/storage/icon/cuaca/cerah-pm.svg,2026-09-20T19:00:00Z
32,32.71,32.71.05,32.71.05.1008,32.71.05.1008,Jawa Barat,Kota Bogor,Bogor Utara,Cimahpar,2026-09-19T12:00:00,2026-09-20 22:00:00,2026-09-21 05:00:00,33-34,23,91,0,22,2.1,SE,138,NW,,,1,Cerah,Sunny,https://api-apps.bmkg.go.id/storage/icon/cuaca/cerah-pm.svg,2026-09-20T22:00:00Z
32,32.71,32.71.05,32.71.05.1008,32.71.05.1008,Jawa Barat,Kota Bogor,Bogor Utara,Cimahpar,2026-09-19T12:00:00,2026-09-21 01:00:00,2026-09-21 08:00:00,36-37,28,69,0,29,3.9,N,30,S,,,1,Cerah,Sunny,https://api-apps.bmkg.go.id/storage/icon/cuaca/cerah-am.svg,2026-09-21T01:00:00Z
32,32.71,32.71.05,32.71.05.1008,32.71.05.1008,Jawa Barat,Kota Bogor,Bogor Utara,Cimahpar,2026-09-19T12:00:00,2026-09-21 04:00:00,2026-09-21 11:00:00,39-40,31,57,0.1,17,5.7,N,45,S,,,1,Cerah,Sunny,https://api-apps.bmkg.go.id/storage/icon/cuaca/cerah-am.svg,2026-09-21T04:00:00Z
32,32.71,32.71.05,32.71.05.1008,32.71.05.1008,Jawa Barat,Kota Bogor,Bogor Utara,Cimahpar,2026-09-19T12:00:00,2026-09-21 07:00:00,2026-09-21 14:00:00,42-43,29,65,0.6,96,5.7,NW,317,SE,,,3,Berawan,Mostly Cloudy,https://api-apps.bmkg.go.id/storage/icon/cuaca/berawan-am.svg,2026-09-21T07:00:00Z
32,32.71,32.71.05,32.71.05.1008,32.71.05.1008,Jawa Barat,Kota Bogor,Bogor Utara,Cimahpar,2026-09-19T12:00:00,2026-09-21 10:00:00,2026-09-21 17:00:00,45-46,26,87,1.1,25,2.6,N,39,S,,,61,Hujan Ringan,Light Rain,https://api-apps.bmkg.go.id/storage/icon/cuaca/hujan ringan-am.svg,2026-09-21T10:00:00Z
32,32.71,32.71.05,32.71.05.1008,32.71.05.1008,Jawa Barat,Kota Bogor,Bogor Utara,Cimahpar,2026-09-19T12:00:00,2026-09-21 13:00:00,2026-09-21 20:00:00,48-49,25,93,0,42,4,SE,158,NW,,,1,Cerah,Sunny,https://api-apps.bmkg.go.id/storage/icon/cuaca/cerah-pm.svg,2026-09-21T13:00:00Z
32,32.71,32.71.05,32.71.05.1008,32.71.05.1008,Jawa Barat,Kota Bogor,Bogor Utara,Cimahpar,2026-09-19T12:00:00,2026-09-21 16:00:00,2026-09-21 23:00:00,51-52,24,91,0,20,3.8,SE,172,NW,,,1,Cerah,Sunny,https://api-apps.bmkg.go.id/storage/icon/cuaca/cerah-pm.svg,2026-09-21T16:00:00Z
32,32.71,32.71.06,32.71.06.1001,32.71.06.1001,Jawa Barat,Kota Bogor,Tanah Sareal,Tanah Sareal,2026-09-19T12:00:00,2026-09-19 16:00:00,2026-09-19 23:00:00,3-4,24,83,0,23,5,SE,175,NW,,,1,Cerah,Sunny,https://api-apps.bmkg.go.id/storage/icon/cuaca/cerah-pm.svg,2026-09-19T16:00:00Z
32,32.71,32.71.06,32.71.06.1001,32.71.06.1001,Jawa Barat,Kota Bogor,Tanah Sareal,Tanah Sareal,2026-09-19T12:00:00,2026-09-19 19:00:00,2026-09-20 02:00:00,6-7,23,87,0,21,1.8,SE,165,NW,,,1,Cerah,Sunny,https://api-apps.bmkg.go.id/storage/icon/cuaca/cerah-pm.svg,2026-09-19T19:00:00Z
32,32.71,32.71.06,32.71.06.1001,32.71.06.1001,Jawa Barat,Kota Bogor,Tanah Sareal,Tanah Sareal,2026-09-19T12:00:00,2026-09-19 22:00:00,2026-09-20 05:00:00,9-10,23,86,0,16,7.1,N,7,S,,,1,Cerah,Sunny,https://api-apps.bmkg.go.id/storage/icon/cuaca/cerah-pm.svg,2026-09-19T22:00:00Z
32,32.71,32.71.06,32.71.06.1001,32.71.06.1001,Jawa Barat,Kota Bogor,Tanah Sareal,Tanah Sareal,2026-09-19T12:00:00,2026-09-20 01:00:00,2026-09-20 08:00:00,12-13,28,66,0,11,7.8,NW,353,SE,,,1,Cerah,Sunny,https://api-apps.bmkg.go.id/storage/icon/cuaca/cerah-am.svg,2026-09-20T01:00:00Z
32,32.71,32.71.06,32.71.06.1001,32.71.06.1001,Jawa Barat,Kota Bogor,Tanah Sareal,Tanah Sareal,2026-09-19T12:00:00,2026-09-20 04:00:00,2026-09-20 11:00:00,15-16,30,61,0,40,10.7,E,132,W,,,1,Cerah,Sunny,https://api-apps.bmkg.go.id/storage/icon/cuaca/cerah-am.svg,2026-09-20T04:00:00Z
32,32.71,32.71.06,32.71.06.1001,32.71.06.1001,Jawa Barat,Kota Bogor,Tanah Sareal,Tanah Sareal,2026-09-19T12:00:00,2026-09-20 07:00:00,2026-09-20 14:00:00,18-19,32,48,0,25,2,NW,346,SE,,,1,Cerah,Sunny,https://api-apps.bmkg.go.id/storage/icon/cuaca/cerah-am.svg,2026-09-20T07:00:00Z
32,32.71,32.71.06,32.71.06.1001,32.71.06.1001,Jawa Barat,Kota Bogor,Tanah Sareal,Tanah Sareal,2026-09-19T12:00:00,2026-09-20 10:00:00,2026-09-20 17:00:00,21-22,27,76,1.4,23,5.7,N,27,S,,,61,Hujan Ringan,Light Rain,https://api-apps.bmkg.go.id/storage/icon/cuaca/hujan ringan-am.svg,2026-09-20T10:00:00Z
32,32.71,32.71.06,32.71.06.1001,32.71.06.1001,Jawa Barat,Kota Bogor,Tanah Sareal,Tanah Sareal,2026-09-19T12:00:00,2026-09-20 13:00:00,2026-09-20 20:00:00,24-25,25,88,0,42,0.8,S,220,N,,,1,Cerah,Sunny,https://api-apps.bmkg.go.id/storage/icon/cuaca/cerah-pm.svg,2026-09-20T13:00:00Z
32,32.71,32.71.06,32.71.06.1001,32.71.06.1001,Jawa Barat,Kota Bogor,Tanah Sareal,Tanah Sareal,2026-09-19T12:00:00,2026-09-20 16:00:00,2026-09-20 23:00:00,27-28,24,92,0,24,2.8,S,206,N,,,1,Cerah,Sunny,https://api-apps.bmkg.go.id/storage/icon/cuaca/cerah-pm.svg,2026-09-20T16:00:00Z
32,32.71,32.71.06,32.71.06.1001,32.71.06.1001,Jawa Barat,Kota Bogor,Tanah Sareal,Tanah Sareal,2026-09-19T12:00:00,2026-09-20 19:00:00,2026-09-21 02:00:00,30-31,24,93,0,37,3.5,SE,174,NW,,,1,Cerah,Sunny,https://api-apps.bmkg.go.id/storage/icon/cuaca/cerah-pm.svg,2026-09-20T19:00:00Z
32,32.71,32.71.06,32.71.06.1001,32.71.06.1001,Jawa Barat,Kota Bogor,Tanah Sareal,Tanah Sareal,2026-09-19T12:00:00,2026-09-20 22:00:00,2026-09-21 05:00:00,33-34,23,91,0,19,2.1,SE,138,NW,,,1,Cerah,Sunny,https://api-apps.bmkg.go.id/storage/icon/cuaca/cerah-pm.svg,2026-09-20T22:00:00Z
32,32.71,32.71.06,32.71.06.1001,32.71.06.1001,Jawa Barat,Kota Bogor,Tanah Sareal,Tanah Sareal,2026-09-19T12:00:00,2026-09-21 01:00:00,2026-09-21 08:00:00,36-37,29,67,0,30,3.9,N,30,S,,,1,Cerah,Sunny,https://api-apps.bmkg.go.id/storage/icon/cuaca/cerah-am.svg,2026-09-21T01:00:00Z
32,32.71,32.71.06,32.71.06.1001,32.71.06.1001,Jawa Barat,Kota Bogor,Tanah Sareal,Tanah Sareal,2026-09-19T12:00:00,2026-09-21 04:00:00,2026-09-21 11:00:00,39-40,32,56,0.1,14,5.7,N,45,S,,,1,Cerah,Sunny,https://api-apps.bmkg.go.id/storage/icon/cuaca/cerah-am.svg,2026-09-21T04:00:00Z
32,32.71,32.71.06,32.71.06.1001,32.71.06.1001,Jawa Barat,Kota Bogor,Tanah Sareal,Tanah Sareal,2026-09-19T12:00:00,2026-09-21 07:00:00,2026-09-21 14:00:00,42-43,30,65,0.6,99,5.7,NW,317,SE,,,3,Berawan,Mostly Cloudy,https://api-apps.bmkg.go.id/storage/icon/cuaca/berawan-am.svg,2026-09-21T07:00:00Z
32,32.71,32.71.06,32.71.06.1001,32.71.06.1001,Jawa Barat,Kota Bogor,Tanah Sareal,Tanah Sareal,2026-09-19T12:00:00,2026-09-21 10:00:00,2026-09-21 17:00:00,45-46,26,85,1,24,2.6,N,39,S,,,1,Cerah,Sunny,https://api-apps.bmkg.go.id/storage/icon/cuaca/cerah-am.svg,2026-09-21T10:00:00Z
32,32.71,32.71.06,32.71.06.1001,32.71.06.1001,Jawa Barat,Kota Bogor,Tanah Sareal,Tanah Sareal,2026-09-19T12:00:00,2026-09-21 13:00:00,2026-09-21 20:00:00,48-49,25,93,0,46,4,SE,158,NW,,,1,Cerah,Sunny,https://api-apps.bmkg.go.id/storage/icon/cuaca/cerah-pm.svg,2026-09-21T13:00:00Z
32,32.71,32.71.06,32.71.06.1001,32.71.06.1001,Jawa Barat,Kota Bogor,Tanah Sareal,Tanah Sareal,2026-09-19T12:00:00,2026-09-21 16:00:00,2026-09-21 23:00:00,51-52,24,91,0,19,3.8,SE,172,NW,,,1,Cerah,Sunny,https://api-apps.bmkg.go.id/storage/icon/cuaca/cerah-pm.svg,2026-09-21T16:00:00Z
32,32.71,32.71.06,32.71.06.1002,32.71.06.1002,Jawa Barat,Kota Bogor,Tanah Sareal,Kebon Pedes,2026-09-19T12:00:00,2026-09-19 16:00:00,2026-09-19 23:00:00,3-4,24,83,0,23,5,SE,175,NW,,,1,Cerah,Sunny,https://api-apps.bmkg.go.id/storage/icon/cuaca/cerah-pm.svg,2026-09-19T16:00:00Z
32,32.71,32.71.06,32.71.06.1002,32.71.06.1002,Jawa Barat,Kota Bogor,Tanah Sareal,Kebon Pedes,2026-09-19T12:00:00,2026-09-19 19:00:00,2026-09-20 02:00:00,6-7,23,87,0,21,1.8,SE,165,NW,,,1,Cerah,Sunny,https://api-apps.bmkg.go.id/storage/icon/cuaca/cerah-pm.svg,2026-09-19T19:00:00Z
32,32.71,32.71.06,32.71.06.1002,32.71.06.1002,Jawa Barat,Kota Bogor,Tanah Sareal,Kebon Pedes,2026-09-19T12:00:00,2026-09-19 22:00:00,2026-09-20 05:00:00,9-10,23,86,0,16,7.1,N,7,S,,,1,Cerah,Sunny,https://api-apps.bmkg.go.id/storage/icon/cuaca/cerah-pm.svg,2026-09-19T22:00:00Z
32,32.71,32.71.06,32.71.06.1002,32.71.06.1002,Jawa Barat,Kota Bogor,Tanah Sareal,Kebon Pedes,2026-09-19T12:00:00,2026-09-20 01:00:00,2026-09-20 08:00:00,12-13,28,66,0,11,7.8,NW,353,SE,,,1,Cerah,Sunny,https://api-apps.bmkg.go.id/storage/icon/cuaca/cerah-am.svg,2026-09-20T01:00:00Z
32,32.71,32.71.06,32.71.06.1002,32.71.06.1002,Jawa Barat,Kota Bogor,Tanah Sareal,Kebon Pedes,2026-09-19T12:00:00,2026-09-20 04:00:00,2026-09-20 11:00:00,15-16,30,61,0,40,10.7,E,132,W,,,1,Cerah,Sunny,https://api-apps.bmkg.go.id/storage/icon/cuaca/cerah-am.svg,2026-09-20T04:00:00Z
32,32.71,32.71.06,32.71.06.1002,32.71.06.1002,Jawa Barat,Kota Bogor,Tanah Sareal,Kebon Pedes,2026-09-19T12:00:00,2026-09-20 07:00:00,2026-09-20 14:00:00,18-19,32,48,0,25,2,NW,346,SE,,,1,Cerah,Sunny,https://api-apps.bmkg.go.id/storage/icon/cuaca/cerah-am.svg,2026-09-20T07:00:00Z
32,32.71,32.71.06,32.71.06.1002,32.71.06.1002,Jawa Barat,Kota Bogor,Tanah Sareal,Kebon Pedes,2026-09-19T12:00:00,2026-09-20 10:00:00,2026-09-20 17:00:00,21-22,27,76,1.4,23,5.7,N,27,S,,,61,Hujan Ringan,Light Rain,https://api-apps.bmkg.go.id/storage/icon/cuaca/hujan ringan-am.svg,2026-09-20T10:00:00Z
32,32.71,32.71.06,32.71.06.1002,32.71.06.1002,Jawa Barat,Kota Bogor,Tanah Sareal,Kebon Pedes,2026-09-19T12:00:00,2026-09-20 13:00:00,2026-09-20 20:00:00,24-25,25,88,0,42,0.8,S,220,N,,,1,Cerah,Sunny,https://api-apps.bmkg.go.id/storage/icon/cuaca/cerah-pm.svg,2026-09-20T13:00:00Z
32,32.71,32.71.06,32.71.06.1002,32.71.06.1002,Jawa Barat,Kota Bogor,Tanah Sareal,Kebon Pedes,2026-09-19T12:00:00,2026-09-20 16:00:00,2026-09-20 23:00:00,27-28,24,92,0,24,2.8,S,206,N,,,1,Cerah,Sunny,https://api-apps.bmkg.go.id/storage/icon/cuaca/cerah-pm.svg,2026-09-20T16:00:00Z
32,32.71,32.71.06,32.71.06.1002,32.71.06.1002,Jawa Barat,Kota Bogor,Tanah Sareal,Kebon Pedes,2026-09-19T12:00:00,2026-09-20 19:00:00,2026-09-21 02:00:00,30-31,24,93,0,37,3.5,SE,174,NW,,,1,Cerah,Sunny,https://api-apps.bmkg.go.id/storage/icon/cuaca/cerah-pm.svg,2026-09-20T19:00:00Z
32,32.71,32.71.06,32.71.06.1002,32.71.06.1002,Jawa Barat,Kota Bogor,Tanah Sareal,Kebon Pedes,2026-09-19T12:00:00,2026-09-20 22:00:00,2026-09-21 05:00:00,33-34,23,91,0,19,2.1,SE,138,NW,,,1,Cerah,Sunny,https://api-apps.bmkg.go.id/storage/icon/cuaca/cerah-pm.svg,2026-09-20T22:00:00Z
32,32.71,32.71.06,32.71.06.1002,32.71.06.1002,Jawa Barat,Kota Bogor,Tanah Sareal,Kebon Pedes,2026-09-19T12:00:00,2026-09-21 01:00:00,2026-09-21 08:00:00,36-37,29,67,0,30,3.9,N,30,S,,,1,Cerah,Sunny,https://api-apps.bmkg.go.id/storage/icon/cuaca/cerah-am.svg,2026-09-21T01:00:00Z
32,32.71,32.71.06,32.71.06.1002,32.71.06.1002,Jawa Barat,Kota Bogor,Tanah Sareal,Kebon Pedes,2026-09-19T12:00:00,2026-09-21 04:00:00,2026-09-21 11:00:00,39-40,32,56,0.1,14,5.7,N,45,S,,,1,Cerah,Sunny,https://api-apps.bmkg.go.id/storage/icon/cuaca/cerah-am.svg,2026-09-21T04:00:00Z
32,32.71,32.71.06,32.71.06.1002,32.71.06.1002,Jawa Barat,Kota Bogor,Tanah Sareal,Kebon Pedes,2026-09-19T12:00:00,2026-09-21 07:00:00,2026-09-21 14:00:00,42-43,30,65,0.6,99,5.7,NW,317,SE,,,3,Berawan,Mostly Cloudy,https://api-apps.bmkg.go.id/storage/icon/cuaca/berawan-am.svg,2026-09-21T07:00:00Z
32,32.71,32.71.06,32.71.06.1002,32.71.06.1002,Jawa Barat,Kota Bogor,Tanah Sareal,Kebon Pedes,2026-09-19T12:00:00,2026-09-21 10:00:00,2026-09-21 17:00:00,45-46,26,85,1,24,2.6,N,39,S,,,1,Cerah,Sunny,https://api-apps.bmkg.go.id/storage/icon/cuaca/cerah-am.svg,2026-09-21T10:00:00Z
32,32.71,32.71.06,32.71.06.1002,32.71.06.1002,Jawa Barat,Kota Bogor,Tanah Sareal,Kebon Pedes,2026-09-19T12:00:00,2026-09-21 13:00:00,2026-09-21 20:00:00,48-49,25,93,0,46,4,SE,158,NW,,,1,Cerah,Sunny,https://api-apps.bmkg.go.id/storage/icon/cuaca/cerah-pm.svg,2026-09-21T13:00:00Z
32,32.71,32.71.06,32.71.06.1002,32.71.06.1002,Jawa Barat,Kota Bogor,Tanah Sareal,Kebon Pedes,2026-09-19T12:00:00,2026-09-21 16:00:00,2026-09-21 23:00:00,51-52,24,91,0,19,3.8,SE,172,NW,,,1,Cerah,Sunny,https://api-apps.bmkg.go.id/storage/icon/cuaca/cerah-pm.svg,2026-09-21T16:00:00Z
32,32.71,32.71.06,32.71.06.1003,32.71.06.1003,Jawa Barat,Kota Bogor,Tanah Sareal,Kedung Badak,2026-09-19T12:00:00,2026-09-19 15:00:00,2026-09-19 22:00:00,2-3,25,81,0,20,7.4,SE,171,NW,,,1,Cerah,Sunny,https://api-apps.bmkg.go.id/storage/icon/cuaca/cerah-pm.svg,2026-09-19T15:00:00Z
32,32.71,32.71.06,32.71.06.1003,32.71.06.1003,Jawa Barat,Kota Bogor,Tanah Sareal,Kedung Badak,2026-09-19T12:00:00,2026-09-19 18:00:00,2026-09-20 01:00:00,5-6,24,87,0,21,5,SE,175,NW,,,1,Cerah,Sunny,https://api-apps.bmkg.go.id/storage/icon/cuaca/cerah-pm.svg,2026-09-19T18:00:00Z
32,32.71,32.71.06,32.71.06.1003,32.71.06.1003,Jawa Barat,Kota Bogor,Tanah Sareal,Kedung Badak,2026-09-19T12:00:00,2026-09-19 21:00:00,2026-09-20 04:00:00,8-9,24,87,0,8,1.8,SE,165,NW,,,0,Cerah,Sunny,https://api-apps.bmkg.go.id/storage/icon/cuaca/cerah-pm.svg,2026-09-19T21:00:00Z
32,32.71,32.71.06,32.71.06.1003,32.71.06.1003,Jawa Barat,Kota Bogor,Tanah Sareal,Kedung Badak,2026-09-19T12:00:00,2026-09-20 00:00:00,2026-09-20 07:00:00,11-12,26,78,0,18,7.1,N,7,S,,,1,Cerah,Sunny,https://api-apps.bmkg.go.id/storage/icon/cuaca/cerah-am.svg,2026-09-20T00:00:00Z
32,32.71,32.71.06,32.71.06.1003,32.71.06.1003,Jawa Barat,Kota Bogor,Tanah Sareal,Kedung Badak,2026-09-19T12:00:00,2026-09-20 03:00:00,2026-09-20 10:00:00,14-15,30,61,0,18,7.8,NW,353,SE,,,1,Cerah,Sunny,https://api-apps.bmkg.go.id/storage/icon/cuaca/cerah-am.svg,2026-09-20T03:00:00Z
32,32.71,32.71.06,32.71.06.1003,32.71.06.1003,Jawa Barat,Kota Bogor,Tanah Sareal,Kedung Badak,2026-09-19T12:00:00,2026-09-20 06:00:00,2026-09-20 13:00:00,17-18,32,49,0,10,10.7,E,132,W,,,1,Cerah,Sunny,https://api-apps.bmkg.go.id/storage/icon/cuaca/cerah-am.svg,2026-09-20T06:00:00Z
32,32.71,32.71.06,32.71.06.1003,32.71.06.1003,Jawa Barat,Kota Bogor,Tanah Sareal,Kedung Badak,2026-09-19T12:00:00,2026-09-20 09:00:00,2026-09-20 16:00:00,20-21,28,67,1.2,45,2,NW,346,SE,,,61,Hujan Ringan,Light Rain,https://api-apps.bmkg.go.id/storage/icon/cuaca/hujan ringan-am.svg,2026-09-20T09:00:00Z
32,32.71,32.71.06,32.71.06.1003,32.71.06.1003,Jawa Barat,Kota Bogor,Tanah Sareal,Kedung Badak,2026-09-19T12:00:00,2026-09-20 12:00:00,2026-09-20 19:00:00,23-24,26,88,0,23,5.7,N,27,S,,,1,Cerah,Sunny,https://api-apps.bmkg.go.id/storage/icon/cuaca/cerah-pm.svg,2026-09-20T12:00:00Z
32,32.71,32.71.06,32.71.06.1003,32.71.06.1003,Jawa Barat,Kota Bogor,Tanah Sareal,Kedung Badak,2026-09-19T12:00:00,2026-09-20 15:00:00,2026-09-20 22:00:00,26-27,25,91,0,20,0.8,S,220,N,,,1,Cerah,Sunny,https://api-apps.bmkg.go.id/storage/icon/cuaca/cerah-pm.svg,2026-09-20T15:00:00Z
32,32.71,32.71.06,32.71.06.1003,32.71.06.1003,Jawa Barat,Kota Bogor,Tanah Sareal,Kedung Badak,2026-09-19T12:00:00,2026-09-20 18:00:00,2026-09-21 01:00:00,29-30,24,93,0,27,2.8,S,206,N,,,1,Cerah,Sunny,https://api-apps.bmkg.go.id/storage/icon/cuaca/cerah-pm.svg,2026-09-20T18:00:00Z
32,32.71,32.71.06,32.71.06.1003,32.71.06.1003,Jawa Barat,Kota Bogor,Tanah Sareal,Kedung Badak,2026-09-19T12:00:00,2026-09-20 21:00:00,2026-09-21 04:00:00,32-33,24,92,0,10,3.5,SE,174,NW,,,1,Cerah,Sunny,https://api-apps.bmkg.go.id/storage/icon/cuaca/cerah-pm.svg,2026-09-20T21:00:00Z
32,32.71,32.71.06,32.71.06.1003,32.71.06.1003,Jawa Barat,Kota Bogor,Tanah Sareal,Kedung Badak,2026-09-19T12:00:00,2026-09-21 00:00:00,2026-09-21 07:00:00,35-36,27,73,0,9,2.1,SE,138,NW,,,0,Cerah,Sunny,https://api-apps.bmkg.go.id/storage/icon/cuaca/cerah-am.svg,2026-09-21T00:00:00Z
32,32.71,32.71.06,32.71.06.1003,32.71.06.1003,Jawa Barat,Kota Bogor,Tanah Sareal,Kedung Badak,2026-09-19T12:00:00,2026-09-21 03:00:00,2026-09-21 10:00:00,38-39,31,61,0.1,25,3.9,N,30,S,,,1,Cerah,Sunny,https://api-apps.bmkg.go.id/storage/icon/cuaca/cerah-am.svg,2026-09-21T03:00:00Z
32,32.71,32.71.06,32.71.06.1003,32.71.06.1003,Jawa Barat,Kota Bogor,Tanah Sareal,Kedung Badak,2026-09-19T12:00:00,2026-09-21 06:00:00,2026-09-21 13:00:00,41-42,32,56,0.8,47,5.7,N,45,S,,,1,Cerah,Sunny,https://api-apps.bmkg.go.id/storage/icon/cuaca/cerah-am.svg,2026-09-21T06:00:00Z
32,32.71,32.71.06,32.71.06.1003,32.71.06.1003,Jawa Barat,Kota Bogor,Tanah Sareal,Kedung Badak,2026-09-19T12:00:00,2026-09-21 09:00:00,2026-09-21 16:00:00,44-45,27,81,0.7,65,5.7,NW,317,SE,,,2,Cerah Berawan,Partly Cloudy,https://api-apps.bmkg.go.id/storage/icon/cuaca/cerah berawan-am.svg,2026-09-21T09:00:00Z
32,32.71,32.71.06,32.71.06.1003,32.71.06.1003,Jawa Barat,Kota Bogor,Tanah Sareal,Kedung Badak,2026-09-19T12:00:00,2026-09-21 12:00:00,2026-09-21 19:00:00,47-48,25,92,0,42,2.6,N,39,S,,,1,Cerah,Sunny,https://api-apps.bmkg.go.id/storage/icon/cuaca/cerah-pm.svg,2026-09-21T12:00:00Z
32,32.71,32.71.06,32.71.06.1003,32.71.06.1003,Jawa Barat,Kota Bogor,Tanah Sareal,Kedung Badak,2026-09-19T12:00:00,2026-09-21 15:00:00,2026-09-21 22:00:00,50-51,24,94,0,21,4,SE,158,NW,,,1,Cerah,Sunny,https://api-apps.bmkg.go.id/storage/icon/cuaca/cerah-pm.svg,2026-09-21T15:00:00Z
32,32.71,32.71.06,32.71.06.1004,32.71.06.1004,Jawa Barat,Kota Bogor,Tanah Sareal,Sukaresmi,2026-09-19T12:00:00,2026-09-19 15:00:00,2026-09-19 22:00:00,2-3,25,81,0,20,7.4,SE,171,NW,,,1,Cerah,Sunny,https://api-apps.bmkg.go.id/storage/icon/cuaca/cerah-pm.svg,2026-09-19T15:00:00Z
32,32.71,32.71.06,32.71.06.1004,32.71.06.1004,Jawa Barat,Kota Bogor,Tanah Sareal,Sukaresmi,2026-09-19T12:00:00,2026-09-19 18:00:00,2026-09-20 01:00:00,5-6,24,87,0,21,5,SE,175,NW,,,1,Cerah,Sunny,https://api-apps.bmkg.go.id/storage/icon/cuaca/cerah-pm.svg,2026-09-19T18:00:00Z
32,32.71,32.71.06,32.71.06.1004,32.71.06.1004,Jawa Barat,Kota Bogor,Tanah Sareal,Sukaresmi,2026-09-19T12:00:00,2026-09-19 21:00:00,2026-09-20 04:00:00,8-9,24,87,0,8,1.8,SE,165,NW,,,0,Cerah,Sunny,https://api-apps.bmkg.go.id/storage/icon/cuaca/cerah-pm.svg,2026-09-19T21:00:00Z
32,32.71,32.71.06,32.71.06.1004,32.71.06.1004,Jawa Barat,Kota Bogor,Tanah Sareal,Sukaresmi,2026-09-19T12:00:00,2026-09-20 00:00:00,2026-09-20 07:00:00,11-12,26,78,0,18,7.1,N,7,S,,,1,Cerah,Sunny,https://api-apps.bmkg.go.id/storage/icon/cuaca/cerah-am.svg,2026-09-20T00:00:00Z
32,32.71,32.71.06,32.71.06.1004,32.71.06.1004,Jawa Barat,Kota Bogor,Tanah Sareal,Sukaresmi,2026-09-19T12:00:00,2026-09-20 03:00:00,2026-09-20 10:00:00,14-15,30,61,0,18,7.8,NW,353,SE,,,1,Cerah,Sunny,https://api-apps.bmkg.go.id/storage/icon/cuaca/cerah-am.svg,2026-09-20T03:00:00Z
32,32.71,32.71.06,32.71.06.1004,32.71.06.1004,Jawa Barat,Kota Bogor,Tanah Sareal,Sukaresmi,2026-09-19T12:00:00,2026-09-20 06:00:00,2026-09-20 13:00:00,17-18,32,49,0,10,10.7,E,132,W,,,1,Cerah,Sunny,https://api-apps.bmkg.go.id/storage/icon/cuaca/cerah-am.svg,2026-09-20T06:00:00Z
32,32.71,32.71.06,32.71.06.1004,32.71.06.1004,Jawa Barat,Kota Bogor,Tanah Sareal,Sukaresmi,2026-09-19T12:00:00,2026-09-20 09:00:00,2026-09-20 16:00:00,20-21,28,67,1.2,45,2,NW,346,SE,,,61,Hujan Ringan,Light Rain,https://api-apps.bmkg.go.id/storage/icon/cuaca/hujan ringan-am.svg,2026-09-20T09:00:00Z
32,32.71,32.71.06,32.71.06.1004,32.71.06.1004,Jawa Barat,Kota Bogor,Tanah Sareal,Sukaresmi,2026-09-19T12:00:00,2026-09-20 12:00:00,2026-09-20 19:00:00,23-24,26,88,0,23,5.7,N,27,S,,,1,Cerah,Sunny,https://api-apps.bmkg.go.id/storage/icon/cuaca/cerah-pm.svg,2026-09-20T12:00:00Z
32,32.71,32.71.06,32.71.06.1004,32.71.06.1004,Jawa Barat,Kota Bogor,Tanah Sareal,Sukaresmi,2026-09-19T12:00:00,2026-09-20 15:00:00,2026-09-20 22:00:00,26-27,25,91,0,20,0.8,S,220,N,,,1,Cerah,Sunny,https://api-apps.bmkg.go.id/storage/icon/cuaca/cerah-pm.svg,2026-09-20T15:00:00Z
32,32.71,32.71.06,32.71.06.1004,32.71.06.1004,Jawa Barat,Kota Bogor,Tanah Sareal,Sukaresmi,2026-09-19T12:00:00,2026-09-20 18:00:00,2026-09-21 01:00:00,29-30,24,93,0,27,2.8,S,206,N,,,1,Cerah,Sunny,https://api-apps.bmkg.go.id/storage/icon/cuaca/cerah-pm.svg,2026-09-20T18:00:00Z
32,32.71,32.71.06,32.71.06.1004,32.71.06.1004,Jawa Barat,Kota Bogor,Tanah Sareal,Sukaresmi,2026-09-19T12:00:00,2026-09-20 21:00:00,2026-09-21 04:00:00,32-33,24,92,0,10,3.5,SE,174,NW,,,1,Cerah,Sunny,https://api-apps.bmkg.go.id/storage/icon/cuaca/cerah-pm.svg,2026-09-20T21:00:00Z
32,32.71,32.71.06,32.71.06.1004,32.71.06.1004,Jawa Barat,Kota Bogor,Tanah Sareal,Sukaresmi,2026-09-19T12:00:00,2026-09-21 00:00:00,2026-09-21 07:00:00,35-36,27,73,0,9,2.1,SE,138,NW,,,0,Cerah,Sunny,https://api-apps.bmkg.go.id/storage/icon/cuaca/cerah-am.svg,2026-09-21T00:00:00Z
32,32.71,32.71.06,32.71.06.1004,32.71.06.1004,Jawa Barat,Kota Bogor,Tanah Sareal,Sukaresmi,2026-09-19T12:00:00,2026-09-21 03:00:00,2026-09-21 10:00:00,38-39,31,61,0.1,25,3.9,N,30,S,,,1,Cerah,Sunny,https://api-apps.bmkg.go.id/storage/icon/cuaca/cerah-am.svg,2026-09-21T03:00:00Z
32,32.71,32.71.06,32.71.06.1004,32.71.06.1004,Jawa Barat,Kota Bogor,Tanah Sareal,Sukaresmi,2026-09-19T12:00:00,2026-09-21 06:00:00,2026-09-21 13:00:00,41-42,32,56,0.8,47,5.7,N,45,S,,,1,Cerah,Sunny,https://api-apps.bmkg.go.id/storage/icon/cuaca/cerah-am.svg,2026-09-21T06:00:00Z
32,32.71,32.71.06,32.71.06.1004,32.71.06.1004,Jawa Barat,Kota Bogor,Tanah Sareal,Sukaresmi,2026-09-19T12:00:00,2026-09-21 09:00:00,2026-09-21 16:00:00,44-45,27,81,0.7,65,5.7,NW,317,SE,,,2,Cerah Berawan,Partly Cloudy,https://api-apps.bmkg.go.id/storage/icon/cuaca/cerah berawan-am.svg,2026-09-21T09:00:00Z
32,32.71,32.71.06,32.71.06.1004,32.71.06.1004,Jawa Barat,Kota Bogor,Tanah Sareal,Sukaresmi,2026-09-19T12:00:00,2026-09-21 12:00:00,2026-09-21 19:00:00,47-48,25,92,0,42,2.6,N,39,S,,,1,Cerah,Sunny,https://api-apps.bmkg.go.id/storage/icon/cuaca/cerah-pm.svg,2026-09-21T12:00:00Z
32,32.71,32.71.06,32.71.06.1004,32.71.06.1004,Jawa Barat,Kota Bogor,Tanah Sareal,Sukaresmi,2026-09-19T12:00:00,2026-09-21 15:00:00,2026-09-21 22:00:00,50-51,24,94,0,21,4,SE,158,NW,,,1,Cerah,Sunny,https://api-apps.bmkg.go.id/storage/icon/cuaca/cerah-pm.svg,2026-09-21T15:00:00Z
32,32.71,32.71.06,32.71.06.1005,32.71.06.1005,Jawa Barat,Kota Bogor,Tanah Sareal,Kedung Waringin,2026-09-19T12:00:00,2026-09-19 15:00:00,2026-09-19 22:00:00,2-3,24,82,0,22,7.4,SE,171,NW,,,1,Cerah,Sunny,https://api-apps.bmkg.go.id/storage/icon/cuaca/cerah-pm.svg,2026-09-19T15:00:00Z
32,32.71,32.71.06,32.71.06.1005,32.71.06.1005,Jawa Barat,Kota Bogor,Tanah Sareal,Kedung Waringin,2026-09-19T12:00:00,2026-09-19 18:00:00,2026-09-20 01:00:00,5-6,23,87,0,25,5,SE,175,NW,,,1,Cerah,Sunny,https://api-apps.bmkg.go.id/storage/icon/cuaca/cerah-pm.svg,2026-09-19T18:00:00Z
32,32.71,32.71.06,32.71.06.1005,32.71.06.1005,Jawa Barat,Kota Bogor,Tanah Sareal,Kedung Waringin,2026-09-19T12:00:00,2026-09-19 21:00:00,2026-09-20 04:00:00,8-9,23,85,0,9,1.8,SE,165,NW,,,0,Cerah,Sunny,https://api-apps.bmkg.go.id/storage/icon/cuaca/cerah-pm.svg,2026-09-19T21:00:00Z
32,32.71,32.71.06,32.71.06.1005,32.71.06.1005,Jawa Barat,Kota Bogor,Tanah Sareal,Kedung Waringin,2026-09-19T12:00:00,2026-09-20 00:00:00,2026-09-20 07:00:00,11-12,25,78,0,16,7.1,N,7,S,,,1,Cerah,Sunny,https://api-apps.bmkg.go.id/storage/icon/cuaca/cerah-am.svg,2026-09-20T00:00:00Z
32,32.71,32.71.06,32.71.06.1005,32.71.06.1005,Jawa Barat,Kota Bogor,Tanah Sareal,Kedung Waringin,2026-09-19T12:00:00,2026-09-20 03:00:00,2026-09-20 10:00:00,14-15,30,60,0,25,7.8,NW,353,SE,,,1,Cerah,Sunny,https://api-apps.bmkg.go.id/storage/icon/cuaca/cerah-am.svg,2026-09-20T03:00:00Z
32,32.71,32.71.06,32.71.06.1005,32.71.06.1005,Jawa Barat,Kota Bogor,Tanah Sareal,Kedung Waringin,2026-09-19T12:00:00,2026-09-20 06:00:00,2026-09-20 13:00:00,17-18,32,48,0.1,15,10.7,E,132,W,,,1,Cerah,Sunny,https://api-apps.bmkg.go.id/storage/icon/cuaca/cerah-am.svg,2026-09-20T06:00:00Z
32,32.71,32.71.06,32.71.06.1005,32.71.06.1005,Jawa Barat,Kota Bogor,Tanah Sareal,Kedung Waringin,2026-09-19T12:00:00,2026-09-20 09:00:00,2026-09-20 16:00:00,20-21,28,68,1.1,40,2,NW,346,SE,,,61,Hujan Ringan,Light Rain,https://api-apps.bmkg.go.id/storage/icon/cuaca/hujan ringan-am.svg,2026-09-20T09:00:00Z
32,32.71,32.71.06,32.71.06.1005,32.71.06.1005,Jawa Barat,Kota Bogor,Tanah Sareal,Kedung Waringin,2026-09-19T12:00:00,2026-09-20 12:00:00,2026-09-20 19:00:00,23-24,25,88,0,26,5.7,N,27,S,,,1,Cerah,Sunny,https://api-apps.bmkg.go.id/storage/icon/cuaca/cerah-pm.svg,2026-09-20T12:00:00Z
32,32.71,32.71.06,32.71.06.1005,32.71.06.1005,Jawa Barat,Kota Bogor,Tanah Sareal,Kedung Waringin,2026-09-19T12:00:00,2026-09-20 15:00:00,2026-09-20 22:00:00,26-27,25,91,0,26,0.8,S,220,N,,,1,Cerah,Sunny,https://api-apps.bmkg.go.id/storage/icon/cuaca/cerah-pm.svg,2026-09-20T15:00:00Z
32,32.71,32.71.06,32.71.06.1005,32.71.06.1005,Jawa Barat,Kota Bogor,Tanah Sareal,Kedung Waringin,2026-09-19T12:00:00,2026-09-20 18:00:00,2026-09-21 01:00:00,29-30,24,93,0,27,2.8,S,206,N,,,1,Cerah,Sunny,https://api-apps.bmkg.go.id/storage/icon/cuaca/cerah-pm.svg,2026-09-20T18:00:00Z
32,32.71,32.71.06,32.71.06.1005,32.71.06.1005,Jawa Barat,Kota Bogor,Tanah Sareal,Kedung Waringin,2026-09-19T12:00:00,2026-09-20 21:00:00,2026-09-21 04:00:00,32-33,23,91,0,11,3.5,SE,174,NW,,,1,Cerah,Sunny,https://api-apps.bmkg.go.id/storage/icon/cuaca/cerah-pm.svg,2026-09-20T21:00:00Z
32,32.71,32.71.06,32.71.06.1005,32.71.06.1005,Jawa Barat,Kota Bogor,Tanah Sareal,Kedung Waringin,2026-09-19T12:00:00,2026-09-21 00:00:00,2026-09-21 07:00:00,35-36,27,73,0,11,2.1,SE,138,NW,,,1,Cerah,Sunny,https://api-apps.bmkg.go.id/storage/icon/cuaca/cerah-am.svg,2026-09-21T00:00:00Z
32,32.71,32.71.06,32.71.06.1005,32.71.06.1005,Jawa Barat,Kota Bogor,Tanah Sareal,Kedung Waringin,2026-09-19T12:00:00,2026-09-21 03:00:00,2026-09-21 10:00:00,38-39,30,61,0.1,31,3.9,N,30,S,,,1,Cerah,Sunny,https://api-apps.bmkg.go.id/storage/icon/cuaca/cerah-am.svg,2026-09-21T03:00:00Z
32,32.71,32.71.06,32.71.06.1005,32.71.06.1005,Jawa Barat,Kota Bogor,Tanah Sareal,Kedung Waringin,2026-09-19T12:00:00,2026-09-21 06:00:00,2026-09-21 13:00:00,41-42,31,58,0.7,54,5.7,N,45,S,,,1,Cerah,Sunny,https://api-apps.bmkg.go.id/storage/icon/cuaca/cerah-am.svg,2026-09-21T06:00:00Z
32,32.71,32.71.06,32.71.06.1005,32.71.06.1005,Jawa Barat,Kota Bogor,Tanah Sareal,Kedung Waringin,2026-09-19T12:00:00,2026-09-21 09:00:00,2026-09-21 16:00:00,44-45,27,81,1,61,5.7,NW,317,SE,,,2,Cerah Berawan,Partly Cloudy,https://api-apps.bmkg.go.id/storage/icon/cuaca/cerah berawan-am.svg,2026-09-21T09:00:00Z
32,32.71,32.71.06,32.71.06.1005,32.71.06.1005,Jawa Barat,Kota Bogor,Tanah Sareal,Kedung Waringin,2026-09-19T12:00:00,2026-09-21 12:00:00,2026-09-21 19:00:00,47-48,25,92,0,47,2.6,N,39,S,,,1,Cerah,Sunny,https://api-apps.bmkg.go.id/storage/icon/cuaca/cerah-pm.svg,2026-09-21T12:00:00Z
32,32.71,32.71.06,32.71.06.1005,32.71.06.1005,Jawa Barat,Kota Bogor,Tanah Sareal,Kedung Waringin,2026-09-19T12:00:00,2026-09-21 15:00:00,2026-09-21 22:00:00,50-51,24,94,0,27,4,SE,158,NW,,,1,Cerah,Sunny,https://api-apps.bmkg.go.id/storage/icon/cuaca/cerah-pm.svg,2026-09-21T15:00:00Z
32,32.71,32.71.06,32.71.06.1006,32.71.06.1006,Jawa Barat,Kota Bogor,Tanah Sareal,Kedung Jaya,2026-09-19T12:00:00,2026-09-19 15:00:00,2026-09-19 22:00:00,2-3,24,82,0,22,7.4,SE,171,NW,,,1,Cerah,Sunny,https://api-apps.bmkg.go.id/storage/icon/cuaca/cerah-pm.svg,2026-09-19T15:00:00Z
32,32.71,32.71.06,32.71.06.1006,32.71.06.1006,Jawa Barat,Kota Bogor,Tanah Sareal,Kedung Jaya,2026-09-19T12:00:00,2026-09-19 18:00:00,2026-09-20 01:00:00,5-6,23,87,0,25,5,SE,175,NW,,,1,Cerah,Sunny,https://api-apps.bmkg.go.id/storage/icon/cuaca/cerah-pm.svg,2026-09-19T18:00:00Z
32,32.71,32.71.06,32.71.06.1006,32.71.06.1006,Jawa Barat,Kota Bogor,Tanah Sareal,Kedung Jaya,2026-09-19T12:00:00,2026-09-19 21:00:00,2026-09-20 04:00:00,8-9,23,85,0,9,1.8,SE,165,NW,,,0,Cerah,Sunny,https://api-apps.bmkg.go.id/storage/icon/cuaca/cerah-pm.svg,2026-09-19T21:00:00Z
32,32.71,32.71.06,32.71.06.1006,32.71.06.1006,Jawa Barat,Kota Bogor,Tanah Sareal,Kedung Jaya,2026-09-19T12:00:00,2026-09-20 00:00:00,2026-09-20 07:00:00,11-12,25,78,0,16,7.1,N,7,S,,,1,Cerah,Sunny,https://api-apps.bmkg.go.id/storage/icon/cuaca/cerah-am.svg,2026-09-20T00:00:00Z
32,32.71,32.71.06,32.71.06.1006,32.71.06.1006,Jawa Barat,Kota Bogor,Tanah Sareal,Kedung Jaya,2026-09-19T12:00:00,2026-09-20 03:00:00,2026-09-20 10:00:00,14-15,30,60,0,25,7.8,NW,353,SE,,,1,Cerah,Sunny,https://api-apps.bmkg.go.id/storage/icon/cuaca/cerah-am.svg,2026-09-20T03:00:00Z
32,32.71,32.71.06,32.71.06.1006,32.71.06.1006,Jawa Barat,Kota Bogor,Tanah Sareal,Kedung Jaya,2026-09-19T12:00:00,2026-09-20 06:00:00,2026-09-20 13:00:00,17-18,32,48,0.1,15,10.7,E,132,W,,,1,Cerah,Sunny,https://api-apps.bmkg.go.id/storage/icon/cuaca/cerah-am.svg,2026-09-20T06:00:00Z
32,32.71,32.71.06,32.71.06.1006,32.71.06.1006,Jawa Barat,Kota Bogor,Tanah Sareal,Kedung Jaya,2026-09-19T12:00:00,2026-09-20 09:00:00,2026-09-20 16:00:00,20-21,28,68,1.1,40,2,NW,346,SE,,,61,Hujan Ringan,Light Rain,https://api-apps.bmkg.go.id/storage/icon/cuaca/hujan ringan-am.svg,2026-09-20T09:00:00Z
32,32.71,32.71.06,32.71.06.1006,32.71.06.1006,Jawa Barat,Kota Bogor,Tanah Sareal,Kedung Jaya,2026-09-19T12:00:00,2026-09-20 12:00:00,2026-09-20 19:00:00,23-24,25,88,0,26,5.7,N,27,S,,,1,Cerah,Sunny,https://api-apps.bmkg.go.id/storage/icon/cuaca/cerah-pm.svg,2026-09-20T12:00:00Z
32,32.71,32.71.06,32.71.06.1006,32.71.06.1006,Jawa Barat,Kota Bogor,Tanah Sareal,Kedung Jaya,2026-09-19T12:00:00,2026-09-20 15:00:00,2026-09-20 22:00:00,26-27,25,91,0,26,0.8,S,220,N,,,1,Cerah,Sunny,https://api-apps.bmkg.go.id/storage/icon/cuaca/cerah-pm.svg,2026-09-20T15:00:00Z
32,32.71,32.71.06,32.71.06.1006,32.71.06.1006,Jawa Barat,Kota Bogor,Tanah Sareal,Kedung Jaya,2026-09-19T12:00:00,2026-09-20 18:00:00,2026-09-21 01:00:00,29-30,24,93,0,27,2.8,S,206,N,,,1,Cerah,Sunny,https://api-apps.bmkg.go.id/storage/icon/cuaca/cerah-pm.svg,2026-09-20T18:00:00Z
32,32.71,32.71.06,32.71.06.1006,32.71.06.1006,Jawa Barat,Kota Bogor,Tanah Sareal,Kedung Jaya,2026-09-19T12:00:00,2026-09-20 21:00:00,2026-09-21 04:00:00,32-33,23,91,0,11,3.5,SE,174,NW,,,1,Cerah,Sunny,https://api-apps.bmkg.go.id/storage/icon/cuaca/cerah-pm.svg,2026-09-20T21:00:00Z
32,32.71,32.71.06,32.71.06.1006,32.71.06.1006,Jawa Barat,Kota Bogor,Tanah Sareal,Kedung Jaya,2026-09-19T12:00:00,2026-09-21 00:00:00,2026-09-21 07:00:00,35-36,27,73,0,11,2.1,SE,138,NW,,,1,Cerah,Sunny,https://api-apps.bmkg.go.id/storage/icon/cuaca/cerah-am.svg,2026-09-21T00:00:00Z
32,32.71,32.71.06,32.71.06.1006,32.71.06.1006,Jawa Barat,Kota Bogor,Tanah Sareal,Kedung Jaya,2026-09-19T12:00:00,2026-09-21 03:00:00,2026-09-21 10:00:00,38-39,30,61,0.1,31,3.9,N,30,S,,,1,Cerah,Sunny,https://api-apps.bmkg.go.id/storage/icon/cuaca/cerah-am.svg,2026-09-21T03:00:00Z
32,32.71,32.71.06,32.71.06.1006,32.71.06.1006,Jawa Barat,Kota Bogor,Tanah Sareal,Kedung Jaya,2026-09-19T12:00:00,2026-09-21 06:00:00,2026-09-21 13:00:00,41-42,31,58,0.7,54,5.7,N,45,S,,,1,Cerah,Sunny,https://api-apps.bmkg.go.id/storage/icon/cuaca/cerah-am.svg,2026-09-21T06:00:00Z
32,32.71,32.71.06,32.71.06.1006,32.71.06.1006,Jawa Barat,Kota Bogor,Tanah Sareal,Kedung Jaya,2026-09-19T12:00:00,2026-09-21 09:00:00,2026-09-21 16:00:00,44-45,27,81,1,61,5.7,NW,317,SE,,,2,Cerah Berawan,Partly Cloudy,https://api-apps.bmkg.go.id/storage/icon/cuaca/cerah berawan-am.svg,2026-09-21T09:00:00Z
32,32.71,32.71.06,32.71.06.1006,32.71.06.1006,Jawa Barat,Kota Bogor,Tanah Sareal,Kedung Jaya,2026-09-19T12:00:00,2026-09-21 12:00:00,2026-09-21 19:00:00,47-48,25,92,0,47,2.6,N,39,S,,,1,Cerah,Sunny,https://api-apps.bmkg.go.id/storage/icon/cuaca/cerah-pm.svg,2026-09-21T12:00:00Z
32,32.71,32.71.06,32.71.06.1006,32.71.06.1006,Jawa Barat,Kota Bogor,Tanah Sareal,Kedung Jaya,2026-09-19T12:00:00,2026-09-21 15:00:00,2026-09-21 22:00:00,50-51,24,94,0,27,4,SE,158,NW,,,1,Cerah,Sunny,https://api-apps.bmkg.go.id/storage/icon/cuaca/cerah-pm.svg,2026-09-21T15:00:00Z
32,32.71,32.71.06,32.71.06.1007,32.71.06.1007,Jawa Barat,Kota Bogor,Tanah Sareal,Sukadamai,2026-09-19T12:00:00,2026-09-19 15:00:00,2026-09-19 22:00:00,2-3,25,81,0,20,7.4,SE,171,NW,,,1,Cerah,Sunny,https://api-apps.bmkg.go.id/storage/icon/cuaca/cerah-pm.svg,2026-09-19T15:00:00Z
32,32.71,32.71.06,32.71.06.1007,32.71.06.1007,Jawa Barat,Kota Bogor,Tanah Sareal,Sukadamai,2026-09-19T12:00:00,2026-09-19 18:00:00,2026-09-20 01:00:00,5-6,24,87,0,21,5,SE,175,NW,,,1,Cerah,Sunny,https://api-apps.bmkg.go.id/storage/icon/cuaca/cerah-pm.svg,2026-09-19T18:00:00Z
32,32.71,32.71.06,32.71.06.1007,32.71.06.1007,Jawa Barat,Kota Bogor,Tanah Sareal,Sukadamai,2026-09-19T12:00:00,2026-09-19 21:00:00,2026-09-20 04:00:00,8-9,24,87,0,8,1.8,SE,165,NW,,,0,Cerah,Sunny,https://api-apps.bmkg.go.id/storage/icon/cuaca/cerah-pm.svg,2026-09-19T21:00:00Z
32,32.71,32.71.06,32.71.06.1007,32.71.06.1007,Jawa Barat,Kota Bogor,Tanah Sareal,Sukadamai,2026-09-19T12:00:00,2026-09-20 00:00:00,2026-09-20 07:00:00,11-12,26,78,0,18,7.1,N,7,S,,,1,Cerah,Sunny,https://api-apps.bmkg.go.id/storage/icon/cuaca/cerah-am.svg,2026-09-20T00:00:00Z
32,32.71,32.71.06,32.71.06.1007,32.71.06.1007,Jawa Barat,Kota Bogor,Tanah Sareal,Sukadamai,2026-09-19T12:00:00,2026-09-20 03:00:00,2026-09-20 10:00:00,14-15,30,61,0,18,7.8,NW,353,SE,,,1,Cerah,Sunny,https://api-apps.bmkg.go.id/storage/icon/cuaca/cerah-am.svg,2026-09-20T03:00:00Z
32,32.71,32.71.06,32.71.06.1007,32.71.06.1007,Jawa Barat,Kota Bogor,Tanah Sareal,Sukadamai,2026-09-19T12:00:00,2026-09-20 06:00:00,2026-09-20 13:00:00,17-18,32,49,0,10,10.7,E,132,W,,,1,Cerah,Sunny,https://api-apps.bmkg.go.id/storage/icon/cuaca/cerah-am.svg,2026-09-20T06:00:00Z
32,32.71,32.71.06,32.71.06.1007,32.71.06.1007,Jawa Barat,Kota Bogor,Tanah Sareal,Sukadamai,2026-09-19T12:00:00,2026-09-20 09:00:00,2026-09-20 16:00:00,20-21,28,67,1.2,45,2,NW,346,SE,,,61,Hujan Ringan,Light Rain,https://api-apps.bmkg.go.id/storage/icon/cuaca/hujan ringan-am.svg,2026-09-20T09:00:00Z
32,32.71,32.71.06,32.71.06.1007,32.71.06.1007,Jawa Barat,Kota Bogor,Tanah Sareal,Sukadamai,2026-09-19T12:00:00,2026-09-20 12:00:00,2026-09-20 19:00:00,23-24,26,88,0,23,5.7,N,27,S,,,1,Cerah,Sunny,https://api-apps.bmkg.go.id/storage/icon/cuaca/cerah-pm.svg,2026-09-20T12:00:00Z
32,32.71,32.71.06,32.71.06.1007,32.71.06.1007,Jawa Barat,Kota Bogor,Tanah Sareal,Sukadamai,2026-09-19T12:00:00,2026-09-20 15:00:00,2026-09-20 22:00:00,26-27,25,91,0,20,0.8,S,220,N,,,1,Cerah,Sunny,https://api-apps.bmkg.go.id/storage/icon/cuaca/cerah-pm.svg,2026-09-20T15:00:00Z
32,32.71,32.71.06,32.71.06.1007,32.71.06.1007,Jawa Barat,Kota Bogor,Tanah Sareal,Sukadamai,2026-09-19T12:00:00,2026-09-20 18:00:00,2026-09-21 01:00:00,29-30,24,93,0,27,2.8,S,206,N,,,1,Cerah,Sunny,https://api-apps.bmkg.go.id/storage/icon/cuaca/cerah-pm.svg,2026-09-20T18:00:00Z
32,32.71,32.71.06,32.71.06.1007,32.71.06.1007,Jawa Barat,Kota Bogor,Tanah Sareal,Sukadamai,2026-09-19T12:00:00,2026-09-20 21:00:00,2026-09-21 04:00:00,32-33,24,92,0,10,3.5,SE,174,NW,,,1,Cerah,Sunny,https://api-apps.bmkg.go.id/storage/icon/cuaca/cerah-pm.svg,2026-09-20T21:00:00Z
32,32.71,32.71.06,32.71.06.1007,32.71.06.1007,Jawa Barat,Kota Bogor,Tanah Sareal,Sukadamai,2026-09-19T12:00:00,2026-09-21 00:00:00,2026-09-21 07:00:00,35-36,27,73,0,9,2.1,SE,138,NW,,,0,Cerah,Sunny,https://api-apps.bmkg.go.id/storage/icon/cuaca/cerah-am.svg,2026-09-21T00:00:00Z
32,32.71,32.71.06,32.71.06.1007,32.71.06.1007,Jawa Barat,Kota Bogor,Tanah Sareal,Sukadamai,2026-09-19T12:00:00,2026-09-21 03:00:00,2026-09-21 10:00:00,38-39,31,61,0.1,25,3.9,N,30,S,,,1,Cerah,Sunny,https://api-apps.bmkg.go.id/storage/icon/cuaca/cerah-am.svg,2026-09-21T03:00:00Z
32,32.71,32.71.06,32.71.06.1007,32.71.06.1007,Jawa Barat,Kota Bogor,Tanah Sareal,Sukadamai,2026-09-19T12:00:00,2026-09-21 06:00:00,2026-09-21 13:00:00,41-42,32,56,0.8,47,5.7,N,45,S,,,1,Cerah,Sunny,https://api-apps.bmkg.go.id/storage/icon/cuaca/cerah-am.svg,2026-09-21T06:00:00Z
32,32.71,32.71.06,32.71.06.1007,32.71.06.1007,Jawa Barat,Kota Bogor,Tanah Sareal,Sukadamai,2026-09-19T12:00:00,2026-09-21 09:00:00,2026-09-21 16:00:00,44-45,27,81,0.7,65,5.7,NW,317,SE,,,2,Cerah Berawan,Partly Cloudy,https://api-apps.bmkg.go.id/storage/icon/cuaca/cerah berawan-am.svg,2026-09-21T09:00:00Z
32,32.71,32.71.06,32.71.06.1007,32.71.06.1007,Jawa Barat,Kota Bogor,Tanah Sareal,Sukadamai,2026-09-19T12:00:00,2026-09-21 12:00:00,2026-09-21 19:00:00,47-48,25,92,0,42,2.6,N,39,S,,,1,Cerah,Sunny,https://api-apps.bmkg.go.id/storage/icon/cuaca/cerah-pm.svg,2026-09-21T12:00:00Z
32,32.71,32.71.06,32.71.06.1007,32.71.06.1007,Jawa Barat,Kota Bogor,Tanah Sareal,Sukadamai,2026-09-19T12:00:00,2026-09-21 15:00:00,2026-09-21 22:00:00,50-51,24,94,0,21,4,SE,158,NW,,,1,Cerah,Sunny,https://api-apps.bmkg.go.id/storage/icon/cuaca/cerah-pm.svg,2026-09-21T15:00:00Z
32,32.71,32.71.06,32.71.06.1008,32.71.06.1008,Jawa Barat,Kota Bogor,Tanah Sareal,Mekar Wangi,2026-09-19T12:00:00,2026-09-19 15:00:00,2026-09-19 22:00:00,2-3,25,84,0,18,4.2,S,205,N,,,1,Cerah,Sunny,https://api-apps.bmkg.go.id/storage/icon/cuaca/cerah-pm.svg,2026-09-19T15:00:00Z
32,32.71,32.71.06,32.71.06.1008,32.71.06.1008,Jawa Barat,Kota Bogor,Tanah Sareal,Mekar Wangi,2026-09-19T12:00:00,2026-09-19 18:00:00,2026-09-20 01:00:00,5-6,24,88,0,19,3.6,SW,232,NE,,,1,Cerah,Sunny,https://api-apps.bmkg.go.id/storage/icon/cuaca/cerah-pm.svg,2026-09-19T18:00:00Z
32,32.71,32.71.06,32.71.06.1008,32.71.06.1008,Jawa Barat,Kota Bogor,Tanah Sareal,Mekar Wangi,2026-09-19T12:00:00,2026-09-19 21:00:00,2026-09-20 04:00:00,8-9,24,87,0,8,2.4,S,183,N,,,0,Cerah,Sunny,https://api-apps.bmkg.go.id/storage/icon/cuaca/cerah-pm.svg,2026-09-19T21:00:00Z
32,32.71,32.71.06,32.71.06.1008,32.71.06.1008,Jawa Barat,Kota Bogor,Tanah Sareal,Mekar Wangi,2026-09-19T12:00:00,2026-09-20 00:00:00,2026-09-20 07:00:00,11-12,25,80,0,17,0.2,NE,47,SW,,,1,Cerah,Sunny,https://api-apps.bmkg.go.id/storage/icon/cuaca/cerah-am.svg,2026-09-20T00:00:00Z
32,32.71,32.71.06,32.71.06.1008,32.71.06.1008,Jawa Barat,Kota Bogor,Tanah Sareal,Mekar Wangi,2026-09-19T12:00:00,2026-09-20 03:00:00,2026-09-20 10:00:00,14-15,31,61,0,10,4.1,NW,331,SE,,,1,Cerah,Sunny,https://api-apps.bmkg.go.id/storage/icon/cuaca/cerah-am.svg,2026-09-20T03:00:00Z
32,32.71,32.71.06,32.71.06.1008,32.71.06.1008,Jawa Barat,Kota Bogor,Tanah Sareal,Mekar Wangi,2026-09-19T12:00:00,2026-09-20 06:00:00,2026-09-20 13:00:00,17-18,32,50,0.1,12,5.7,SE,150,NW,,,1,Cerah,Sunny,https://api-apps.bmkg.go.id/storage/icon/cuaca/cerah-am.svg,2026-09-20T06:00:00Z
32,32.71,32.71.06,32.71.06.1008,32.71.06.1008,Jawa Barat,Kota Bogor,Tanah Sareal,Mekar Wangi,2026-09-19T12:00:00,2026-09-20 09:00:00,2026-09-20 16:00:00,20-21,28,69,0.9,49,5.3,NW,357,SE,,,1,Cerah,Sunny,https://api-apps.bmkg.go.id/storage/icon/cuaca/cerah-am.svg,2026-09-20T09:00:00Z
32,32.71,32.71.06,32.71.06.1008,32.71.06.1008,Jawa Barat,Kota Bogor,Tanah Sareal,Mekar Wangi,2026-09-19T12:00:00,2026-09-20 12:00:00,2026-09-20 19:00:00,23-24,26,89,0,25,4.5,N,4,S,,,1,Cerah,Sunny,https://api-apps.bmkg.go.id/storage/icon/cuaca/cerah-pm.svg,2026-09-20T12:00:00Z
32,32.71,32.71.06,32.71.06.1008,32.71.06.1008,Jawa Barat,Kota Bogor,Tanah Sareal,Mekar Wangi,2026-09-19T12:00:00,2026-09-20 15:00:00,2026-09-20 22:00:00,26-27,25,92,0,21,1.2,S,194,N,,,1,Cerah,Sunny,https://api-apps.bmkg.go.id/storage/icon/cuaca/cerah-pm.svg,2026-09-20T15:00:00Z
32,32.71,32.71.06,32.71.06.1008,32.71.06.1008,Jawa Barat,Kota Bogor,Tanah Sareal,Mekar Wangi,2026-09-19T12:00:00,2026-09-20 18:00:00,2026-09-21 01:00:00,29-30,24,93,0,29,1.1,S,190,N,,,1,Cerah,Sunny,https://api-apps.bmkg.go.id/storage/icon/cuaca/cerah-pm.svg,2026-09-20T18:00:00Z
32,32.71,32.71.06,32.71.06.1008,32.71.06.1008,Jawa Barat,Kota Bogor,Tanah Sareal,Mekar Wangi,2026-09-19T12:00:00,2026-09-20 21:00:00,2026-09-21 04:00:00,32-33,24,92,0,11,3,S,196,N,,,1,Cerah,Sunny,https://api-apps.bmkg.go.id/storage/icon/cuaca/cerah-pm.svg,2026-09-20T21:00:00Z
32,32.71,32.71.06,32.71.06.1008,32.71.06.1008,Jawa Barat,Kota Bogor,Tanah Sareal,Mekar Wangi,2026-09-19T12:00:00,2026-09-21 00:00:00,2026-09-21 07:00:00,35-36,27,75,0,9,1.9,E,132,W,,,0,Cerah,Sunny,https://api-apps.bmkg.go.id/storage/icon/cuaca/cerah-am.svg,2026-09-21T00:00:00Z
32,32.71,32.71.06,32.71.06.1008,32.71.06.1008,Jawa Barat,Kota Bogor,Tanah Sareal,Mekar Wangi,2026-09-19T12:00:00,2026-09-21 03:00:00,2026-09-21 10:00:00,38-39,31,62,0.1,28,4.7,NE,53,SW,,,1,Cerah,Sunny,https://api-apps.bmkg.go.id/storage/icon/cuaca/cerah-am.svg,2026-09-21T03:00:00Z
32,32.71,32.71.06,32.71.06.1008,32.71.06.1008,Jawa Barat,Kota Bogor,Tanah Sareal,Mekar Wangi,2026-09-19T12:00:00,2026-09-21 06:00:00,2026-09-21 13:00:00,41-42,32,57,1,41,6.2,N,25,S,,,1,Cerah,Sunny,https://api-apps.bmkg.go.id/storage/icon/cuaca/cerah-am.svg,2026-09-21T06:00:00Z
32,32.71,32.71.06,32.71.06.1008,32.71.06.1008,Jawa Barat,Kota Bogor,Tanah Sareal,Mekar Wangi,2026-09-19T12:00:00,2026-09-21 09:00:00,2026-09-21 16:00:00,44-45,27,84,0.7,71,7.7,NW,322,SE,,,2,Cerah Berawan,Partly Cloudy,https://api-apps.bmkg.go.id/storage/icon/cuaca/cerah berawan-am.svg,2026-09-21T09:00:00Z
32,32.71,32.71.06,32.71.06.1008,32.71.06.1008,Jawa Barat,Kota Bogor,Tanah Sareal,Mekar Wangi,2026-09-19T12:00:00,2026-09-21 12:00:00,2026-09-21 19:00:00,47-48,25,92,0,33,2.2,NW,344,SE,,,1,Cerah,Sunny,https://api-apps.bmkg.go.id/storage/icon/cuaca/cerah-pm.svg,2026-09-21T12:00:00Z
32,32.71,32.71.06,32.71.06.1008,32.71.06.1008,Jawa Barat,Kota Bogor,Tanah Sareal,Mekar Wangi,2026-09-19T12:00:00,2026-09-21 15:00:00,2026-09-21 22:00:00,50-51,25,95,0,18,1.2,S,203,N,,,1,Cerah,Sunny,https://api-apps.bmkg.go.id/storage/icon/cuaca/cerah-pm.svg,2026-09-21T15:00:00Z
32,32.71,32.71.06,32.71.06.1009,32.71.06.1009,Jawa Barat,Kota Bogor,Tanah Sareal,Kencana,2026-09-19T12:00:00,2026-09-19 15:00:00,2026-09-19 22:00:00,2-3,25,84,0,18,4.2,S,205,N,,,1,Cerah,Sunny,https://api-apps.bmkg.go.id/storage/icon/cuaca/cerah-pm.svg,2026-09-19T15:00:00Z
32,32.71,32.71.06,32.71.06.1009,32.71.06.1009,Jawa Barat,Kota Bogor,Tanah Sareal,Kencana,2026-09-19T12:00:00,2026-09-19 18:00:00,2026-09-20 01:00:00,5-6,24,88,0,19,3.6,SW,232,NE,,,1,Cerah,Sunny,https://api-apps.bmkg.go.id/storage/icon/cuaca/cerah-pm.svg,2026-09-19T18:00:00Z
32,32.71,32.71.06,32.71.06.1009,32.71.06.1009,Jawa Barat,Kota Bogor,Tanah Sareal,Kencana,2026-09-19T12:00:00,2026-09-19 21:00:00,2026-09-20 04:00:00,8-9,24,87,0,8,2.4,S,183,N,,,0,Cerah,Sunny,https://api-apps.bmkg.go.id/storage/icon/cuaca/cerah-pm.svg,2026-09-19T21:00:00Z
32,32.71,32.71.06,32.71.06.1009,32.71.06.1009,Jawa Barat,Kota Bogor,Tanah Sareal,Kencana,2026-09-19T12:00:00,2026-09-20 00:00:00,2026-09-20 07:00:00,11-12,25,80,0,17,0.2,NE,47,SW,,,1,Cerah,Sunny,https://api-apps.bmkg.go.id/storage/icon/cuaca/cerah-am.svg,2026-09-20T00:00:00Z
32,32.71,32.71.06,32.71.06.1009,32.71.06.1009,Jawa Barat,Kota Bogor,Tanah Sareal,Kencana,2026-09-19T12:00:00,2026-09-20 03:00:00,2026-09-20 10:00:00,14-15,31,61,0,10,4.1,NW,331,SE,,,1,Cerah,Sunny,https://api-apps.bmkg.go.id/storage/icon/cuaca/cerah-am.svg,2026-09-20T03:00:00Z
32,32.71,32.71.06,32.71.06.1009,32.71.06.1009,Jawa Barat,Kota Bogor,Tanah Sareal,Kencana,2026-09-19T12:00:00,2026-09-20 06:00:00,2026-09-20 13:00:00,17-18,32,50,0.1,12,5.7,SE,150,NW,,,1,Cerah,Sunny,https://api-apps.bmkg.go.id/storage/icon/cuaca/cerah-am.svg,2026-09-20T06:00:00Z
32,32.71,32.71.06,32.71.06.1009,32.71.06.1009,Jawa Barat,Kota Bogor,Tanah Sareal,Kencana,2026-09-19T12:00:00,2026-09-20 09:00:00,2026-09-20 16:00:00,20-21,28,69,0.9,49,5.3,NW,357,SE,,,1,Cerah,Sunny,https://api-apps.bmkg.go.id/storage/icon/cuaca/cerah-am.svg,2026-09-20T09:00:00Z
32,32.71,32.71.06,32.71.06.1009,32.71.06.1009,Jawa Barat,Kota Bogor,Tanah Sareal,Kencana,2026-09-19T12:00:00,2026-09-20 12:00:00,2026-09-20 19:00:00,23-24,26,89,0,25,4.5,N,4,S,,,1,Cerah,Sunny,https://api-apps.bmkg.go.id/storage/icon/cuaca/cerah-pm.svg,2026-09-20T12:00:00Z
32,32.71,32.71.06,32.71.06.1009,32.71.06.1009,Jawa Barat,Kota Bogor,Tanah Sareal,Kencana,2026-09-19T12:00:00,2026-09-20 15:00:00,2026-09-20 22:00:00,26-27,25,92,0,21,1.2,S,194,N,,,1,Cerah,Sunny,https://api-apps.bmkg.go.id/storage/icon/cuaca/cerah-pm.svg,2026-09-20T15:00:00Z
32,32.71,32.71.06,32.71.06.1009,32.71.06.1009,Jawa Barat,Kota Bogor,Tanah Sareal,Kencana,2026-09-19T12:00:00,2026-09-20 18:00:00,2026-09-21 01:00:00,29-30,24,93,0,29,1.1,S,190,N,,,1,Cerah,Sunny,https://api-apps.bmkg.go.id/storage/icon/cuaca/cerah-pm.svg,2026-09-20T18:00:00Z
32,32.71,32.71.06,32.71.06.1009,32.71.06.1009,Jawa Barat,Kota Bogor,Tanah Sareal,Kencana,2026-09-19T12:00:00,2026-09-20 21:00:00,2026-09-21 04:00:00,32-33,24,92,0,11,3,S,196,N,,,1,Cerah,Sunny,https://api-apps.bmkg.go.id/storage/icon/cuaca/cerah-pm.svg,2026-09-20T21:00:00Z
32,32.71,32.71.06,32.71.06.1009,32.71.06.1009,Jawa Barat,Kota Bogor,Tanah Sareal,Kencana,2026-09-19T12:00:00,2026-09-21 00:00:00,2026-09-21 07:00:00,35-36,27,75,0,9,1.9,E,132,W,,,0,Cerah,Sunny,https://api-apps.bmkg.go.id/storage/icon/cuaca/cerah-am.svg,2026-09-21T00:00:00Z
32,32.71,32.71.06,32.71.06.1009,32.71.06.1009,Jawa Barat,Kota Bogor,Tanah Sareal,Kencana,2026-09-19T12:00:00,2026-09-21 03:00:00,2026-09-21 10:00:00,38-39,31,62,0.1,28,4.7,NE,53,SW,,,1,Cerah,Sunny,https://api-apps.bmkg.go.id/storage/icon/cuaca/cerah-am.svg,2026-09-21T03:00:00Z
32,32.71,32.71.06,32.71.06.1009,32.71.06.1009,Jawa Barat,Kota Bogor,Tanah Sareal,Kencana,2026-09-19T12:00:00,2026-09-21 06:00:00,2026-09-21 13:00:00,41-42,32,57,1,41,6.2,N,25,S,,,1,Cerah,Sunny,https://api-apps.bmkg.go.id/storage/icon/cuaca/cerah-am.svg,2026-09-21T06:00:00Z
32,32.71,32.71.06,32.71.06.1009,32.71.06.1009,Jawa Barat,Kota Bogor,Tanah Sareal,Kencana,2026-09-19T12:00:00,2026-09-21 09:00:00,2026-09-21 16:00:00,44-45,27,84,0.7,71,7.7,NW,322,SE,,,2,Cerah Berawan,Partly Cloudy,https://api-apps.bmkg.go.id/storage/icon/cuaca/cerah berawan-am.svg,2026-09-21T09:00:00Z
32,32.71,32.71.06,32.71.06.1009,32.71.06.1009,Jawa Barat,Kota Bogor,Tanah Sareal,Kencana,2026-09-19T12:00:00,2026-09-21 12:00:00,2026-09-21 19:00:00,47-48,25,92,0,33,2.2,NW,344,SE,,,1,Cerah,Sunny,https://api-apps.bmkg.go.id/storage/icon/cuaca/cerah-pm.svg,2026-09-21T12:00:00Z
32,32.71,32.71.06,32.71.06.1009,32.71.06.1009,Jawa Barat,Kota Bogor,Tanah Sareal,Kencana,2026-09-19T12:00:00,2026-09-21 15:00:00,2026-09-21 22:00:00,50-51,25,95,0,18,1.2,S,203,N,,,1,Cerah,Sunny,https://api-apps.bmkg.go.id/storage/icon/cuaca/cerah-pm.svg,2026-09-21T15:00:00Z
32,32.71,32.71.06,32.71.06.1010,32.71.06.1010,Jawa Barat,Kota Bogor,Tanah Sareal,Kayu Manis,2026-09-19T12:00:00,2026-09-19 15:00:00,2026-09-19 22:00:00,2-3,25,84,0,18,4.2,S,205,N,,,1,Cerah,Sunny,https://api-apps.bmkg.go.id/storage/icon/cuaca/cerah-pm.svg,2026-09-19T15:00:00Z
32,32.71,32.71.06,32.71.06.1010,32.71.06.1010,Jawa Barat,Kota Bogor,Tanah Sareal,Kayu Manis,2026-09-19T12:00:00,2026-09-19 18:00:00,2026-09-20 01:00:00,5-6,24,88,0,19,3.6,SW,232,NE,,,1,Cerah,Sunny,https://api-apps.bmkg.go.id/storage/icon/cuaca/cerah-pm.svg,2026-09-19T18:00:00Z
32,32.71,32.71.06,32.71.06.1010,32.71.06.1010,Jawa Barat,Kota Bogor,Tanah Sareal,Kayu Manis,2026-09-19T12:00:00,2026-09-19 21:00:00,2026-09-20 04:00:00,8-9,24,87,0,8,2.4,S,183,N,,,0,Cerah,Sunny,https://api-apps.bmkg.go.id/storage/icon/cuaca/cerah-pm.svg,2026-09-19T21:00:00Z
32,32.71,32.71.06,32.71.06.1010,32.71.06.1010,Jawa Barat,Kota Bogor,Tanah Sareal,Kayu Manis,2026-09-19T12:00:00,2026-09-20 00:00:00,2026-09-20 07:00:00,11-12,25,80,0,17,0.2,NE,47,SW,,,1,Cerah,Sunny,https://api-apps.bmkg.go.id/storage/icon/cuaca/cerah-am.svg,2026-09-20T00:00:00Z
32,32.71,32.71.06,32.71.06.1010,32.71.06.1010,Jawa Barat,Kota Bogor,Tanah Sareal,Kayu Manis,2026-09-19T12:00:00,2026-09-20 03:00:00,2026-09-20 10:00:00,14-15,31,61,0,10,4.1,NW,331,SE,,,1,Cerah,Sunny,https://api-apps.bmkg.go.id/storage/icon/cuaca/cerah-am.svg,2026-09-20T03:00:00Z
32,32.71,32.71.06,32.71.06.1010,32.71.06.1010,Jawa Barat,Kota Bogor,Tanah Sareal,Kayu Manis,2026-09-19T12:00:00,2026-09-20 06:00:00,2026-09-20 13:00:00,17-18,32,50,0.1,12,5.7,SE,150,NW,,,1,Cerah,Sunny,https://api-apps.bmkg.go.id/storage/icon/cuaca/cerah-am.svg,2026-09-20T06:00:00Z
32,32.71,32.71.06,32.71.06.1010,32.71.06.1010,Jawa Barat,Kota Bogor,Tanah Sareal,Kayu Manis,2026-09-19T12:00:00,2026-09-20 09:00:00,2026-09-20 16:00:00,20-21,28,69,0.9,49,5.3,NW,357,SE,,,1,Cerah,Sunny,https://api-apps.bmkg.go.id/storage/icon/cuaca/cerah-am.svg,2026-09-20T09:00:00Z
32,32.71,32.71.06,32.71.06.1010,32.71.06.1010,Jawa Barat,Kota Bogor,Tanah Sareal,Kayu Manis,2026-09-19T12:00:00,2026-09-20 12:00:00,2026-09-20 19:00:00,23-24,26,89,0,25,4.5,N,4,S,,,1,Cerah,Sunny,https://api-apps.bmkg.go.id/storage/icon/cuaca/cerah-pm.svg,2026-09-20T12:00:00Z
32,32.71,32.71.06,32.71.06.1010,32.71.06.1010,Jawa Barat,Kota Bogor,Tanah Sareal,Kayu Manis,2026-09-19T12:00:00,2026-09-20 15:00:00,2026-09-20 22:00:00,26-27,25,92,0,21,1.2,S,194,N,,,1,Cerah,Sunny,https://api-apps.bmkg.go.id/storage/icon/cuaca/cerah-pm.svg,2026-09-20T15:00:00Z
32,32.71,32.71.06,32.71.06.1010,32.71.06.1010,Jawa Barat,Kota Bogor,Tanah Sareal,Kayu Manis,2026-09-19T12:00:00,2026-09-20 18:00:00,2026-09-21 01:00:00,29-30,24,93,0,29,1.1,S,190,N,,,1,Cerah,Sunny,https://api-apps.bmkg.go.id/storage/icon/cuaca/cerah-pm.svg,2026-09-20T18:00:00Z
32,32.71,32.71.06,32.71.06.1010,32.71.06.1010,Jawa Barat,Kota Bogor,Tanah Sareal,Kayu Manis,2026-09-19T12:00:00,2026-09-20 21:00:00,2026-09-21 04:00:00,32-33,24,92,0,11,3,S,196,N,,,1,Cerah,Sunny,https://api-apps.bmkg.go.id/storage/icon/cuaca/cerah-pm.svg,2026-09-20T21:00:00Z
32,32.71,32.71.06,32.71.06.1010,32.71.06.1010,Jawa Barat,Kota Bogor,Tanah Sareal,Kayu Manis,2026-09-19T12:00:00,2026-09-21 00:00:00,2026-09-21 07:00:00,35-36,27,75,0,9,1.9,E,132,W,,,0,Cerah,Sunny,https://api-apps.bmkg.go.id/storage/icon/cuaca/cerah-am.svg,2026-09-21T00:00:00Z
32,32.71,32.71.06,32.71.06.1010,32.71.06.1010,Jawa Barat,Kota Bogor,Tanah Sareal,Kayu Manis,2026-09-19T12:00:00,2026-09-21 03:00:00,2026-09-21 10:00:00,38-39,31,62,0.1,28,4.7,NE,53,SW,,,1,Cerah,Sunny,https://api-apps.bmkg.go.id/storage/icon/cuaca/cerah-am.svg,2026-09-21T03:00:00Z
32,32.71,32.71.06,32.71.06.1010,32.71.06.1010,Jawa Barat,Kota Bogor,Tanah Sareal,Kayu Manis,2026-09-19T12:00:00,2026-09-21 06:00:00,2026-09-21 13:00:00,41-42,32,57,1,41,6.2,N,25,S,,,1,Cerah,Sunny,https://api-apps.bmkg.go.id/storage/icon/cuaca/cerah-am.svg,2026-09-21T06:00:00Z
32,32.71,32.71.06,32.71.06.1010,32.71.06.1010,Jawa Barat,Kota Bogor,Tanah Sareal,Kayu Manis,2026-09-19T12:00:00,2026-09-21 09:00:00,2026-09-21 16:00:00,44-45,27,84,0.7,71,7.7,NW,322,SE,,,2,Cerah Berawan,Partly Cloudy,https://api-apps.bmkg.go.id/storage/icon/cuaca/cerah berawan-am.svg,2026-09-21T09:00:00Z
32,32.71,32.71.06,32.71.06.1010,32.71.06.1010,Jawa Barat,Kota Bogor,Tanah Sareal,Kayu Manis,2026-09-19T12:00:00,2026-09-21 12:00:00,2026-09-21 19:00:00,47-48,25,92,0,33,2.2,NW,344,SE,,,1,Cerah,Sunny,https://api-apps.bmkg.go.id/storage/icon/cuaca/cerah-pm.svg,2026-09-21T12:00:00Z
32,32.71,32.71.06,32.71.06.1010,32.71.06.1010,Jawa Barat,Kota Bogor,Tanah Sareal,Kayu Manis,2026-09-19T12:00:00,2026-09-21 15:00:00,2026-09-21 22:00:00,50-51,25,95,0,18,1.2,S,203,N,,,1,Cerah,Sunny,https://api-apps.bmkg.go.id/storage/icon/cuaca/cerah-pm.svg,2026-09-21T15:00:00Z
32,32.71,32.71.06,32.71.06.1011,32.71.06.1011,Jawa Barat,Kota Bogor,Tanah Sareal,Cibadak,2026-09-19T12:00:00,2026-09-19 15:00:00,2026-09-19 22:00:00,2-3,24,83,0,20,7.4,SE,171,NW,,,1,Cerah,Sunny,https://api-apps.bmkg.go.id/storage/icon/cuaca/cerah-pm.svg,2026-09-19T15:00:00Z
32,32.71,32.71.06,32.71.06.1011,32.71.06.1011,Jawa Barat,Kota Bogor,Tanah Sareal,Cibadak,2026-09-19T12:00:00,2026-09-19 18:00:00,2026-09-20 01:00:00,5-6,24,88,0,22,5,SE,175,NW,,,1,Cerah,Sunny,https://api-apps.bmkg.go.id/storage/icon/cuaca/cerah-pm.svg,2026-09-19T18:00:00Z
32,32.71,32.71.06,32.71.06.1011,32.71.06.1011,Jawa Barat,Kota Bogor,Tanah Sareal,Cibadak,2026-09-19T12:00:00,2026-09-19 21:00:00,2026-09-20 04:00:00,8-9,23,86,0,9,1.8,SE,165,NW,,,0,Cerah,Sunny,https://api-apps.bmkg.go.id/storage/icon/cuaca/cerah-pm.svg,2026-09-19T21:00:00Z
32,32.71,32.71.06,32.71.06.1011,32.71.06.1011,Jawa Barat,Kota Bogor,Tanah Sareal,Cibadak,2026-09-19T12:00:00,2026-09-20 00:00:00,2026-09-20 07:00:00,11-12,25,79,0,17,7.1,N,7,S,,,1,Cerah,Sunny,https://api-apps.bmkg.go.id/storage/icon/cuaca/cerah-am.svg,2026-09-20T00:00:00Z
32,32.71,32.71.06,32.71.06.1011,32.71.06.1011,Jawa Barat,Kota Bogor,Tanah Sareal,Cibadak,2026-09-19T12:00:00,2026-09-20 03:00:00,2026-09-20 10:00:00,14-15,31,60,0,18,7.8,NW,353,SE,,,1,Cerah,Sunny,https://api-apps.bmkg.go.id/storage/icon/cuaca/cerah-am.svg,2026-09-20T03:00:00Z
32,32.71,32.71.06,32.71.06.1011,32.71.06.1011,Jawa Barat,Kota Bogor,Tanah Sareal,Cibadak,2026-09-19T12:00:00,2026-09-20 06:00:00,2026-09-20 13:00:00,17-18,32,49,0.1,14,10.7,E,132,W,,,1,Cerah,Sunny,https://api-apps.bmkg.go.id/storage/icon/cuaca/cerah-am.svg,2026-09-20T06:00:00Z
32,32.71,32.71.06,32.71.06.1011,32.71.06.1011,Jawa Barat,Kota Bogor,Tanah Sareal,Cibadak,2026-09-19T12:00:00,2026-09-20 09:00:00,2026-09-20 16:00:00,20-21,28,69,1,44,2,NW,346,SE,,,61,Hujan Ringan,Light Rain,https://api-apps.bmkg.go.id/storage/icon/cuaca/hujan ringan-am.svg,2026-09-20T09:00:00Z
32,32.71,32.71.06,32.71.06.1011,32.71.06.1011,Jawa Barat,Kota Bogor,Tanah Sareal,Cibadak,2026-09-19T12:00:00,2026-09-20 12:00:00,2026-09-20 19:00:00,23-24,26,89,0,25,5.7,N,27,S,,,1,Cerah,Sunny,https://api-apps.bmkg.go.id/storage/icon/cuaca/cerah-pm.svg,2026-09-20T12:00:00Z
32,32.71,32.71.06,32.71.06.1011,32.71.06.1011,Jawa Barat,Kota Bogor,Tanah Sareal,Cibadak,2026-09-19T12:00:00,2026-09-20 15:00:00,2026-09-20 22:00:00,26-27,25,91,0,24,0.8,S,220,N,,,1,Cerah,Sunny,https://api-apps.bmkg.go.id/storage/icon/cuaca/cerah-pm.svg,2026-09-20T15:00:00Z
32,32.71,32.71.06,32.71.06.1011,32.71.06.1011,Jawa Barat,Kota Bogor,Tanah Sareal,Cibadak,2026-09-19T12:00:00,2026-09-20 18:00:00,2026-09-21 01:00:00,29-30,24,93,0,28,2.8,S,206,N,,,1,Cerah,Sunny,https://api-apps.bmkg.go.id/storage/icon/cuaca/cerah-pm.svg,2026-09-20T18:00:00Z
32,32.71,32.71.06,32.71.06.1011,32.71.06.1011,Jawa Barat,Kota Bogor,Tanah Sareal,Cibadak,2026-09-19T12:00:00,2026-09-20 21:00:00,2026-09-21 04:00:00,32-33,24,92,0,11,3.5,SE,174,NW,,,1,Cerah,Sunny,https://api-apps.bmkg.go.id/storage/icon/cuaca/cerah-pm.svg,2026-09-20T21:00:00Z
32,32.71,32.71.06,32.71.06.1011,32.71.06.1011,Jawa Barat,Kota Bogor,Tanah Sareal,Cibadak,2026-09-19T12:00:00,2026-09-21 00:00:00,2026-09-21 07:00:00,35-36,27,74,0,10,2.1,SE,138,NW,,,1,Cerah,Sunny,https://api-apps.bmkg.go.id/storage/icon/cuaca/cerah-am.svg,2026-09-21T00:00:00Z
32,32.71,32.71.06,32.71.06.1011,32.71.06.1011,Jawa Barat,Kota Bogor,Tanah Sareal,Cibadak,2026-09-19T12:00:00,2026-09-21 03:00:00,2026-09-21 10:00:00,38-39,31,62,0.1,30,3.9,N,30,S,,,1,Cerah,Sunny,https://api-apps.bmkg.go.id/storage/icon/cuaca/cerah-am.svg,2026-09-21T03:00:00Z
32,32.71,32.71.06,32.71.06.1011,32.71.06.1011,Jawa Barat,Kota Bogor,Tanah Sareal,Cibadak,2026-09-19T12:00:00,2026-09-21 06:00:00,2026-09-21 13:00:00,41-42,32,57,0.9,47,5.7,N,45,S,,,1,Cerah,Sunny,https://api-apps.bmkg.go.id/storage/icon/cuaca/cerah-am.svg,2026-09-21T06:00:00Z
32,32.71,32.71.06,32.71.06.1011,32.71.06.1011,Jawa Barat,Kota Bogor,Tanah Sareal,Cibadak,2026-09-19T12:00:00,2026-09-21 09:00:00,2026-09-21 16:00:00,44-45,27,83,0.6,66,5.7,NW,317,SE,,,2,Cerah Berawan,Partly Cloudy,https://api-apps.bmkg.go.id/storage/icon/cuaca/cerah berawan-am.svg,2026-09-21T09:00:00Z
32,32.71,32.71.06,32.71.06.1011,32.71.06.1011,Jawa Barat,Kota Bogor,Tanah Sareal,Cibadak,2026-09-19T12:00:00,2026-09-21 12:00:00,2026-09-21 19:00:00,47-48,25,92,0,40,2.6,N,39,S,,,1,Cerah,Sunny,https://api-apps.bmkg.go.id/storage/icon/cuaca/cerah-pm.svg,2026-09-21T12:00:00Z
32,32.71,32.71.06,32.71.06.1011,32.71.06.1011,Jawa Barat,Kota Bogor,Tanah Sareal,Cibadak,2026-09-19T12:00:00,2026-09-21 15:00:00,2026-09-21 22:00:00,50-51,24,95,0,22,4,SE,158,NW,,,1,Cerah,Sunny,https://api-apps.bmkg.go.id/storage/icon/cuaca/cerah-pm.svg,2026-09-21T15:00:00Z
