adm1,adm2,adm3,adm4,kode_diminta,provinsi,kotkab,kecamatan,desa,analysis_date,utc_datetime,local_datetime,time_index,t,hu,tp,tcc,ws,wd,wd_deg,wd_to,vs,vs_text,weather,weather_desc,weather_desc_en,image,datetime
51,51.71,51.71.01,51.71.01.1001,51.71.01.1001,Bali,Kota Denpasar,Denpasar Selatan,Serangan,2026-09-20T00:00:00,2026-09-20 12:00:00,2026-09-20 20:00:00,11-12,26,87,0,39,27.3,E,131,W,,,1,Cerah,Sunny,https://api-apps.bmkg.go.id/storage/icon/cuaca/cerah-pm.svg,2026-09-20T12:00:00Z
51,51.71,51.71.01,51.71.01.1001,51.71.01.1001,Bali,Kota Denpasar,Denpasar Selatan,Serangan,2026-09-20T00:00:00,2026-09-20 15:00:00,2026-09-20 23:00:00,14-15,25,91,0,24,18.6,E,98,W,,,1,Cerah,Sunny,https://api-apps.bmkg.go.id/storage/icon/cuaca/cerah-pm.svg,2026-09-20T15:00:00Z
51,51.71,51.71.01,51.71.01.1001,51.71.01.1001,Bali,Kota Denpasar,Denpasar Selatan,Serangan,2026-09-20T00:00:00,2026-09-20 18:00:00,2026-09-21 02:00:00,17-18,25,94,0,22,14.1,E,100,W,,,1,Cerah,Sunny,https://api-apps.bmkg.go.id/storage/icon/cuaca/cerah-pm.svg,2026-09-20T18:00:00Z
51,51.71,51.71.01,51.71.01.1001,51.71.01.1001,Bali,Kota Denpasar,Denpasar Selatan,Serangan,2026-09-20T00:00:00,2026-09-20 21:00:00,2026-09-21 05:00:00,20-21,24,95,0,43,12.7,N,28,S,,,1,Cerah,Sunny,https://api-apps.bmkg.go.id/storage/icon/cuaca/cerah-pm.svg,2026-09-20T21:00:00Z
51,51.71,51.71.01,51.71.01.1001,51.71.01.1001,Bali,Kota Denpasar,Denpasar Selatan,Serangan,2026-09-20T00:00:00,2026-09-21 00:00:00,2026-09-21 08:00:00,23-24,27,76,0,60,16.7,E,108,W,,,2,Cerah Berawan,Partly Cloudy,https://api-apps.bmkg.go.id/storage/icon/cuaca/cerah berawan-am.svg,2026-09-21T00:00:00Z
51,51.71,51.71.01,51.71.01.1001,51.71.01.1001,Bali,Kota Denpasar,Denpasar Selatan,Serangan,2026-09-20T00:00:00,2026-09-21 03:00:00,2026-09-21 11:00:00,26-27,30,72,0,35,14.1,E,132,W,,,1,Cerah,Sunny,https://api-apps.bmkg.go.id/storage/icon/cuaca/cerah-am.svg,2026-09-21T03:00:00Z
51,51.71,51.71.01,51.71.01.1001,51.71.01.1001,Bali,Kota Denpasar,Denpasar Selatan,Serangan,2026-09-20T00:00:00,2026-09-21 06:00:00,2026-09-21 14:00:00,29-30,31,71,0,3,17.6,SE,139,NW,,,0,Cerah,Sunny,https://api-apps.bmkg.go.id/storage/icon/cuaca/cerah-am.svg,2026-09-21T06:00:00Z
51,51.71,51.71.01,51.71.01.1001,51.71.01.1001,Bali,Kota Denpasar,Denpasar Selatan,Serangan,2026-09-20T00:00:00,2026-09-21 09:00:00,2026-09-21 17:00:00,32-33,27,81,0,4,14.6,SE,136,NW,,,0,Cerah,Sunny,https://api-apps.bmkg.go.id/storage/icon/cuaca/cerah-am.svg,2026-09-21T09:00:00Z
51,51.71,51.71.01,51.71.01.1001,51.71.01.1001,Bali,Kota Denpasar,Denpasar Selatan,Serangan,2026-09-20T00:00:00,2026-09-21 12:00:00,2026-09-21 20:00:00,35-36,25,87,0,0,27.6,E,126,W,,,0,Cerah,Sunny,https://api-apps.bmkg.go.id/storage/icon/cuaca/cerah-pm.svg,2026-09-21T12:00:00Z
51,51.71,51.71.01,51.71.01.1001,51.71.01.1001,Bali,Kota Denpasar,Denpasar Selatan,Serangan,2026-09-20T00:00:00,2026-09-21 15:00:00,2026-09-21 23:00:00,38-39,25,90,0,22,26,E,110,W,,,1,Cerah,Sunny,https://api-apps.bmkg.go.id/storage/icon/cuaca/cerah-pm.svg,2026-09-21T15:00:00Z
51,51.71,51.71.01,51.71.01.1001,51.71.01.1001,Bali,Kota Denpasar,Denpasar Selatan,Serangan,2026-09-20T00:00:00,2026-09-21 18:00:00,2026-09-22 02:00:00,41-42,25,95,0,39,23.9,NE,82,SW,,,1,Cerah,Sunny,https://api-apps.bmkg.go.id/storage/icon/cuaca/cerah-pm.svg,2026-09-21T18:00:00Z
51,51.71,51.71.01,51.71.01.1001,51.71.01.1001,Bali,Kota Denpasar,Denpasar Selatan,Serangan,2026-09-20T00:00:00,2026-09-21 21:00:00,2026-09-22 05:00:00,44-45,24,95,0,51,10.7,N,13,S,,,1,Cerah,Sunny,https://api-apps.bmkg.go.id/storage/icon/cuaca/cerah-pm.svg,2026-09-21T21:00:00Z
51,51.71,51.71.01,51.71.01.1001,51.71.01.1001,Bali,Kota Denpasar,Denpasar Selatan,Serangan,2026-09-20T00:00:00,2026-09-22 00:00:00,2026-09-22 08:00:00,47-48,27,78,0,12,11.2,NE,80,SW,,,1,Cerah,Sunny,https://api-apps.bmkg.go.id/storage/icon/cuaca/cerah-am.svg,2026-09-22T00:00:00Z
51,51.71,51.71.01,51.71.01.1001,51.71.01.1001,Bali,Kota Denpasar,Denpasar Selatan,Serangan,2026-09-20T00:00:00,2026-09-22 03:00:00,2026-09-22 11:00:00,50-51,31,71,0,0,18.1,E,112,W,,,0,Cerah,Sunny,https://api-apps.bmkg.go.id/storage/icon/cuaca/cerah-am.svg,2026-09-22T03:00:00Z
51,51.71,51.71.01,51.71.01.1001,51.71.01.1001,Bali,Kota Denpasar,Denpasar Selatan,Serangan,2026-09-20T00:00:00,2026-09-22 06:00:00,2026-09-22 14:00:00,53-54,32,75,0,54,18.1,E,112,W,,,1,Cerah,Sunny,https://api-apps.bmkg.go.id/storage/icon/cuaca/cerah-am.svg,2026-09-22T06:00:00Z
51,51.71,51.71.01,51.71.01.1001,51.71.01.1001,Bali,Kota Denpasar,Denpasar Selatan,Serangan,2026-09-20T00:00:00,2026-09-22 09:00:00,2026-09-22 17:00:00,56-57,27,86,0,68,24.9,E,90,W,,,2,Cerah Berawan,Partly Cloudy,https://api-apps.bmkg.go.id/storage/icon/cuaca/cerah berawan-am.svg,2026-09-22T09:00:00Z
51,51.71,51.71.01,51.71.01.1001,51.71.01.1001,Bali,Kota Denpasar,Denpasar Selatan,Serangan,2026-09-20T00:00:00,2026-09-22 12:00:00,2026-09-22 20:00:00,59-60,25,88,0,42,24.9,E,90,W,,,1,Cerah,Sunny,https://api-apps.bmkg.go.id/storage/icon/cuaca/cerah-pm.svg,2026-09-22T12:00:00Z
51,51.71,51.71.01,51.71.01.1001,51.71.01.1001,Bali,Kota Denpasar,Denpasar Selatan,Serangan,2026-09-20T00:00:00,2026-09-22 15:00:00,2026-09-22 23:00:00,62-63,25,88,0,62,10.4,E,112,W,,,2,Cerah Berawan,Partly Cloudy,https://api-apps.bmkg.go.id/storage/icon/cuaca/cerah berawan-pm.svg,2026-09-22T15:00:00Z
51,51.71,51.71.01,51.71.01.1002,51.71.01.1002,Bali,Kota Denpasar,Denpasar Selatan,Pedungan,2026-09-20T00:00:00,2026-09-20 12:00:00,2026-09-20 20:00:00,11-12,26,87,0,37,26.4,E,131,W,,,1,Cerah,Sunny,https://api-apps.bmkg.go.id/storage/icon/cuaca/cerah-pm.svg,2026-09-20T12:00:00Z
51,51.71,51.71.01,51.71.01.1002,51.71.01.1002,Bali,Kota Denpasar,Denpasar Selatan,Pedungan,2026-09-20T00:00:00,2026-09-20 15:00:00,2026-09-20 23:00:00,14-15,25,92,0,25,18.4,E,98,W,,,1,Cerah,Sunny,https://api-apps.bmkg.go.id/storage/icon/cuaca/cerah-pm.svg,2026-09-20T15:00:00Z
51,51.71,51.71.01,51.71.01.1002,51.71.01.1002,Bali,Kota Denpasar,Denpasar Selatan,Pedungan,2026-09-20T00:00:00,2026-09-20 18:00:00,2026-09-21 02:00:00,17-18,24,96,0,28,15,E,98,W,,,1,Cerah,Sunny,https://api-apps.bmkg.go.id/storage/icon/cuaca/cerah-pm.svg,2026-09-20T18:00:00Z
51,51.71,51.71.01,51.71.01.1002,51.71.01.1002,Bali,Kota Denpasar,Denpasar Selatan,Pedungan,2026-09-20T00:00:00,2026-09-20 21:00:00,2026-09-21 05:00:00,20-21,23,96,0,49,13.9,N,28,S,,,1,Cerah,Sunny,https://api-apps.bmkg.go.id/storage/icon/cuaca/cerah-pm.svg,2026-09-20T21:00:00Z
51,51.71,51.71.01,51.71.01.1002,51.71.01.1002,Bali,Kota Denpasar,Denpasar Selatan,Pedungan,2026-09-20T00:00:00,2026-09-21 00:00:00,2026-09-21 08:00:00,23-24,28,71,0,60,17.4,E,108,W,,,1,Cerah,Sunny,https://api-apps.bmkg.go.id/storage/icon/cuaca/cerah-am.svg,2026-09-21T00:00:00Z
51,51.71,51.71.01,51.71.01.1002,51.71.01.1002,Bali,Kota Denpasar,Denpasar Selatan,Pedungan,2026-09-20T00:00:00,2026-09-21 03:00:00,2026-09-21 11:00:00,26-27,30,65,0,33,14.2,E,132,W,,,1,Cerah,Sunny,https://api-apps.bmkg.go.id/storage/icon/cuaca/cerah-am.svg,2026-09-21T03:00:00Z
51,51.71,51.71.01,51.71.01.1002,51.71.01.1002,Bali,Kota Denpasar,Denpasar Selatan,Pedungan,2026-09-20T00:00:00,2026-09-21 06:00:00,2026-09-21 14:00:00,29-30,31,63,0,2,17.6,SE,139,NW,,,0,Cerah,Sunny,https://api-apps.bmkg.go.id/storage/icon/cuaca/cerah-am.svg,2026-09-21T06:00:00Z
51,51.71,51.71.01,51.71.01.1002,51.71.01.1002,Bali,Kota Denpasar,Denpasar Selatan,Pedungan,2026-09-20T00:00:00,2026-09-21 09:00:00,2026-09-21 17:00:00,32-33,27,78,0,4,14.7,SE,136,NW,,,0,Cerah,Sunny,https://api-apps.bmkg.go.id/storage/icon/cuaca/cerah-am.svg,2026-09-21T09:00:00Z
51,51.71,51.71.01,51.71.01.1002,51.71.01.1002,Bali,Kota Denpasar,Denpasar Selatan,Pedungan,2026-09-20T00:00:00,2026-09-21 12:00:00,2026-09-21 20:00:00,35-36,25,86,0,0,26.3,E,126,W,,,0,Cerah,Sunny,https://api-apps.bmkg.go.id/storage/icon/cuaca/cerah-pm.svg,2026-09-21T12:00:00Z
51,51.71,51.71.01,51.71.01.1002,51.71.01.1002,Bali,Kota Denpasar,Denpasar Selatan,Pedungan,2026-09-20T00:00:00,2026-09-21 15:00:00,2026-09-21 23:00:00,38-39,25,91,0,30,27.6,E,110,W,,,1,Cerah,Sunny,https://api-apps.bmkg.go.id/storage/icon/cuaca/cerah-pm.svg,2026-09-21T15:00:00Z
51,51.71,51.71.01,51.71.01.1002,51.71.01.1002,Bali,Kota Denpasar,Denpasar Selatan,Pedungan,2026-09-20T00:00:00,2026-09-21 18:00:00,2026-09-22 02:00:00,41-42,25,96,0,41,19.4,NE,82,SW,,,1,Cerah,Sunny,https://api-apps.bmkg.go.id/storage/icon/cuaca/cerah-pm.svg,2026-09-21T18:00:00Z
51,51.71,51.71.01,51.71.01.1002,51.71.01.1002,Bali,Kota Denpasar,Denpasar Selatan,Pedungan,2026-09-20T00:00:00,2026-09-21 21:00:00,2026-09-22 05:00:00,44-45,24,95,0,52,11.6,N,13,S,,,1,Cerah,Sunny,https://api-apps.bmkg.go.id/storage/icon/cuaca/cerah-pm.svg,2026-09-21T21:00:00Z
51,51.71,51.71.01,51.71.01.1002,51.71.01.1002,Bali,Kota Denpasar,Denpasar Selatan,Pedungan,2026-09-20T00:00:00,2026-09-22 00:00:00,2026-09-22 08:00:00,47-48,28,73,0,8,11.9,NE,80,SW,,,0,Cerah,Sunny,https://api-apps.bmkg.go.id/storage/icon/cuaca/cerah-am.svg,2026-09-22T00:00:00Z
51,51.71,51.71.01,51.71.01.1002,51.71.01.1002,Bali,Kota Denpasar,Denpasar Selatan,Pedungan,2026-09-20T00:00:00,2026-09-22 03:00:00,2026-09-22 11:00:00,50-51,32,63,0,0,18.1,E,112,W,,,0,Cerah,Sunny,https://api-apps.bmkg.go.id/storage/icon/cuaca/cerah-am.svg,2026-09-22T03:00:00Z
51,51.71,51.71.01,51.71.01.1002,51.71.01.1002,Bali,Kota Denpasar,Denpasar Selatan,Pedungan,2026-09-20T00:00:00,2026-09-22 06:00:00,2026-09-22 14:00:00,53-54,32,68,0,53,18.1,E,112,W,,,1,Cerah,Sunny,https://api-apps.bmkg.go.id/storage/icon/cuaca/cerah-am.svg,2026-09-22T06:00:00Z
51,51.71,51.71.01,51.71.01.1002,51.71.01.1002,Bali,Kota Denpasar,Denpasar Selatan,Pedungan,2026-09-20T00:00:00,2026-09-22 09:00:00,2026-09-22 17:00:00,56-57,27,84,0,65,22.2,E,90,W,,,2,Cerah Berawan,Partly Cloudy,https://api-apps.bmkg.go.id/storage/icon/cuaca/cerah berawan-am.svg,2026-09-22T09:00:00Z
51,51.71,51.71.01,51.71.01.1002,51.71.01.1002,Bali,Kota Denpasar,Denpasar Selatan,Pedungan,2026-09-20T00:00:00,2026-09-22 12:00:00,2026-09-22 20:00:00,59-60,25,88,0,42,22.2,E,90,W,,,1,Cerah,Sunny,https://api-apps.bmkg.go.id/storage/icon/cuaca/cerah-pm.svg,2026-09-22T12:00:00Z
51,51.71,51.71.01,51.71.01.1002,51.71.01.1002,Bali,Kota Denpasar,Denpasar Selatan,Pedungan,2026-09-20T00:00:00,2026-09-22 15:00:00,2026-09-22 23:00:00,62-63,25,87,0,61,11.3,E,112,W,,,2,Cerah Berawan,Partly Cloudy,https://api-apps.bmkg.go.id/storage/icon/cuaca/cerah berawan-pm.svg,2026-09-22T15:00:00Z
51,51.71,51.71.01,51.71.01.1003,51.71.01.1003,Bali,Kota Denpasar,Denpasar Selatan,Sesetan,2026-09-20T00:00:00,2026-09-20 12:00:00,2026-09-20 20:00:00,11-12,26,87,0,38,24.6,E,131,W,,,1,Cerah,Sunny,https://api-apps.bmkg.go.id/storage/icon/cuaca/cerah-pm.svg,2026-09-20T12:00:00Z
51,51.71,51.71.01,51.71.01.1003,51.71.01.1003,Bali,Kota Denpasar,Denpasar Selatan,Sesetan,2026-09-20T00:00:00,2026-09-20 15:00:00,2026-09-20 23:00:00,14-15,25,92,0,26,17.5,E,98,W,,,1,Cerah,Sunny,https://api-apps.bmkg.go.id/storage/icon/cuaca/cerah-pm.svg,2026-09-20T15:00:00Z
51,51.71,51.71.01,51.71.01.1003,51.71.01.1003,Bali,Kota Denpasar,Denpasar Selatan,Sesetan,2026-09-20T00:00:00,2026-09-20 18:00:00,2026-09-21 02:00:00,17-18,24,95,0,28,15,E,97,W,,,1,Cerah,Sunny,https://api-apps.bmkg.go.id/storage/icon/cuaca/cerah-pm.svg,2026-09-20T18:00:00Z
51,51.71,51.71.01,51.71.01.1003,51.71.01.1003,Bali,Kota Denpasar,Denpasar Selatan,Sesetan,2026-09-20T00:00:00,2026-09-20 21:00:00,2026-09-21 05:00:00,20-21,24,96,0,47,13.9,N,28,S,,,1,Cerah,Sunny,https://api-apps.bmkg.go.id/storage/icon/cuaca/cerah-pm.svg,2026-09-20T21:00:00Z
51,51.71,51.71.01,51.71.01.1003,51.71.01.1003,Bali,Kota Denpasar,Denpasar Selatan,Sesetan,2026-09-20T00:00:00,2026-09-21 00:00:00,2026-09-21 08:00:00,23-24,27,75,0,59,17.4,E,108,W,,,1,Cerah,Sunny,https://api-apps.bmkg.go.id/storage/icon/cuaca/cerah-am.svg,2026-09-21T00:00:00Z
51,51.71,51.71.01,51.71.01.1003,51.71.01.1003,Bali,Kota Denpasar,Denpasar Selatan,Sesetan,2026-09-20T00:00:00,2026-09-21 03:00:00,2026-09-21 11:00:00,26-27,30,71,0,34,14.2,E,132,W,,,1,Cerah,Sunny,https://api-apps.bmkg.go.id/storage/icon/cuaca/cerah-am.svg,2026-09-21T03:00:00Z
51,51.71,51.71.01,51.71.01.1003,51.71.01.1003,Bali,Kota Denpasar,Denpasar Selatan,Sesetan,2026-09-20T00:00:00,2026-09-21 06:00:00,2026-09-21 14:00:00,29-30,31,69,0,2,17.6,SE,139,NW,,,0,Cerah,Sunny,https://api-apps.bmkg.go.id/storage/icon/cuaca/cerah-am.svg,2026-09-21T06:00:00Z
51,51.71,51.71.01,51.71.01.1003,51.71.01.1003,Bali,Kota Denpasar,Denpasar Selatan,Sesetan,2026-09-20T00:00:00,2026-09-21 09:00:00,2026-09-21 17:00:00,32-33,27,80,0,4,14.7,SE,136,NW,,,0,Cerah,Sunny,https://api-apps.bmkg.go.id/storage/icon/cuaca/cerah-am.svg,2026-09-21T09:00:00Z
51,51.71,51.71.01,51.71.01.1003,51.71.01.1003,Bali,Kota Denpasar,Denpasar Selatan,Sesetan,2026-09-20T00:00:00,2026-09-21 12:00:00,2026-09-21 20:00:00,35-36,25,86,0,0,23.3,E,126,W,,,0,Cerah,Sunny,https://api-apps.bmkg.go.id/storage/icon/cuaca/cerah-pm.svg,2026-09-21T12:00:00Z
51,51.71,51.71.01,51.71.01.1003,51.71.01.1003,Bali,Kota Denpasar,Denpasar Selatan,Sesetan,2026-09-20T00:00:00,2026-09-21 15:00:00,2026-09-21 23:00:00,38-39,25,91,0,26,27.7,E,110,W,,,1,Cerah,Sunny,https://api-apps.bmkg.go.id/storage/icon/cuaca/cerah-pm.svg,2026-09-21T15:00:00Z
51,51.71,51.71.01,51.71.01.1003,51.71.01.1003,Bali,Kota Denpasar,Denpasar Selatan,Sesetan,2026-09-20T00:00:00,2026-09-21 18:00:00,2026-09-22 02:00:00,41-42,25,96,0,47,20.6,NE,82,SW,,,1,Cerah,Sunny,https://api-apps.bmkg.go.id/storage/icon/cuaca/cerah-pm.svg,2026-09-21T18:00:00Z
51,51.71,51.71.01,51.71.01.1003,51.71.01.1003,Bali,Kota Denpasar,Denpasar Selatan,Sesetan,2026-09-20T00:00:00,2026-09-21 21:00:00,2026-09-22 05:00:00,44-45,24,96,0,52,11.6,N,13,S,,,1,Cerah,Sunny,https://api-apps.bmkg.go.id/storage/icon/cuaca/cerah-pm.svg,2026-09-21T21:00:00Z
51,51.71,51.71.01,51.71.01.1003,51.71.01.1003,Bali,Kota Denpasar,Denpasar Selatan,Sesetan,2026-09-20T00:00:00,2026-09-22 00:00:00,2026-09-22 08:00:00,47-48,27,77,0,10,12,NE,80,SW,,,0,Cerah,Sunny,https://api-apps.bmkg.go.id/storage/icon/cuaca/cerah-am.svg,2026-09-22T00:00:00Z
51,51.71,51.71.01,51.71.01.1003,51.71.01.1003,Bali,Kota Denpasar,Denpasar Selatan,Sesetan,2026-09-20T00:00:00,2026-09-22 03:00:00,2026-09-22 11:00:00,50-51,31,69,0,0,18.1,E,112,W,,,0,Cerah,Sunny,https://api-apps.bmkg.go.id/storage/icon/cuaca/cerah-am.svg,2026-09-22T03:00:00Z
51,51.71,51.71.01,51.71.01.1003,51.71.01.1003,Bali,Kota Denpasar,Denpasar Selatan,Sesetan,2026-09-20T00:00:00,2026-09-22 06:00:00,2026-09-22 14:00:00,53-54,32,74,0,53,18.1,E,112,W,,,1,Cerah,Sunny,https://api-apps.bmkg.go.id/storage/icon/cuaca/cerah-am.svg,2026-09-22T06:00:00Z
51,51.71,51.71.01,51.71.01.1003,51.71.01.1003,Bali,Kota Denpasar,Denpasar Selatan,Sesetan,2026-09-20T00:00:00,2026-09-22 09:00:00,2026-09-22 17:00:00,56-57,27,86,0,64,22.8,E,90,W,,,2,Cerah Berawan,Partly Cloudy,https://api-apps.bmkg.go.id/storage/icon/cuaca/cerah berawan-am.svg,2026-09-22T09:00:00Z
51,51.71,51.71.01,51.71.01.1003,51.71.01.1003,Bali,Kota Denpasar,Denpasar Selatan,Sesetan,2026-09-20T00:00:00,2026-09-22 12:00:00,2026-09-22 20:00:00,59-60,25,88,0,39,22.8,E,90,W,,,1,Cerah,Sunny,https://api-apps.bmkg.go.id/storage/icon/cuaca/cerah-pm.svg,2026-09-22T12:00:00Z
51,51.71,51.71.01,51.71.01.1003,51.71.01.1003,Bali,Kota Denpasar,Denpasar Selatan,Sesetan,2026-09-20T00:00:00,2026-09-22 15:00:00,2026-09-22 23:00:00,62-63,25,87,0,60,11.3,E,112,W,,,2,Cerah Berawan,Partly Cloudy,https://api-apps.bmkg.go.id/storage/icon/cuaca/cerah berawan-pm.svg,2026-09-22T15:00:00Z
51,51.71,51.71.01,51.71.01.1004,51.71.01.1004,Bali,Kota Denpasar,Denpasar Selatan,Panjer,2026-09-20T00:00:00,2026-09-20 12:00:00,2026-09-20 20:00:00,11-12,26,88,0,37,21.9,E,131,W,,,1,Cerah,Sunny,https://api-apps.bmkg.go.id/storage/icon/cuaca/cerah-pm.svg,2026-09-20T12:00:00Z
51,51.71,51.71.01,51.71.01.1004,51.71.01.1004,Bali,Kota Denpasar,Denpasar Selatan,Panjer,2026-09-20T00:00:00,2026-09-20 15:00:00,2026-09-20 23:00:00,14-15,24,92,0,39,16.8,E,98,W,,,1,Cerah,Sunny,https://api-apps.bmkg.go.id/storage/icon/cuaca/cerah-pm.svg,2026-09-20T15:00:00Z
51,51.71,51.71.01,51.71.01.1004,51.71.01.1004,Bali,Kota Denpasar,Denpasar Selatan,Panjer,2026-09-20T00:00:00,2026-09-20 18:00:00,2026-09-21 02:00:00,17-18,24,95,0,31,15.8,E,94,W,,,1,Cerah,Sunny,https://api-apps.bmkg.go.id/storage/icon/cuaca/cerah-pm.svg,2026-09-20T18:00:00Z
51,51.71,51.71.01,51.71.01.1004,51.71.01.1004,Bali,Kota Denpasar,Denpasar Selatan,Panjer,2026-09-20T00:00:00,2026-09-20 21:00:00,2026-09-21 05:00:00,20-21,24,95,0,42,15.1,N,28,S,,,1,Cerah,Sunny,https://api-apps.bmkg.go.id/storage/icon/cuaca/cerah-pm.svg,2026-09-20T21:00:00Z
51,51.71,51.71.01,51.71.01.1004,51.71.01.1004,Bali,Kota Denpasar,Denpasar Selatan,Panjer,2026-09-20T00:00:00,2026-09-21 00:00:00,2026-09-21 08:00:00,23-24,27,74,0,57,17.9,E,108,W,,,1,Cerah,Sunny,https://api-apps.bmkg.go.id/storage/icon/cuaca/cerah-am.svg,2026-09-21T00:00:00Z
51,51.71,51.71.01,51.71.01.1004,51.71.01.1004,Bali,Kota Denpasar,Denpasar Selatan,Panjer,2026-09-20T00:00:00,2026-09-21 03:00:00,2026-09-21 11:00:00,26-27,30,68,0,39,14.4,E,132,W,,,1,Cerah,Sunny,https://api-apps.bmkg.go.id/storage/icon/cuaca/cerah-am.svg,2026-09-21T03:00:00Z
51,51.71,51.71.01,51.71.01.1004,51.71.01.1004,Bali,Kota Denpasar,Denpasar Selatan,Panjer,2026-09-20T00:00:00,2026-09-21 06:00:00,2026-09-21 14:00:00,29-30,31,68,0,6,17.6,SE,139,NW,,,0,Cerah,Sunny,https://api-apps.bmkg.go.id/storage/icon/cuaca/cerah-am.svg,2026-09-21T06:00:00Z
51,51.71,51.71.01,51.71.01.1004,51.71.01.1004,Bali,Kota Denpasar,Denpasar Selatan,Panjer,2026-09-20T00:00:00,2026-09-21 09:00:00,2026-09-21 17:00:00,32-33,27,79,0,5,14.7,SE,136,NW,,,0,Cerah,Sunny,https://api-apps.bmkg.go.id/storage/icon/cuaca/cerah-am.svg,2026-09-21T09:00:00Z
51,51.71,51.71.01,51.71.01.1004,51.71.01.1004,Bali,Kota Denpasar,Denpasar Selatan,Panjer,2026-09-20T00:00:00,2026-09-21 12:00:00,2026-09-21 20:00:00,35-36,25,87,0,1,19.1,E,126,W,,,0,Cerah,Sunny,https://api-apps.bmkg.go.id/storage/icon/cuaca/cerah-pm.svg,2026-09-21T12:00:00Z
51,51.71,51.71.01,51.71.01.1004,51.71.01.1004,Bali,Kota Denpasar,Denpasar Selatan,Panjer,2026-09-20T00:00:00,2026-09-21 15:00:00,2026-09-21 23:00:00,38-39,25,91,0,30,28.6,E,110,W,,,1,Cerah,Sunny,https://api-apps.bmkg.go.id/storage/icon/cuaca/cerah-pm.svg,2026-09-21T15:00:00Z
51,51.71,51.71.01,51.71.01.1004,51.71.01.1004,Bali,Kota Denpasar,Denpasar Selatan,Panjer,2026-09-20T00:00:00,2026-09-21 18:00:00,2026-09-22 02:00:00,41-42,25,96,0,46,17.7,NE,82,SW,,,1,Cerah,Sunny,https://api-apps.bmkg.go.id/storage/icon/cuaca/cerah-pm.svg,2026-09-21T18:00:00Z
51,51.71,51.71.01,51.71.01.1004,51.71.01.1004,Bali,Kota Denpasar,Denpasar Selatan,Panjer,2026-09-20T00:00:00,2026-09-21 21:00:00,2026-09-22 05:00:00,44-45,23,96,0,56,12.4,N,13,S,,,1,Cerah,Sunny,https://api-apps.bmkg.go.id/storage/icon/cuaca/cerah-pm.svg,2026-09-21T21:00:00Z
51,51.71,51.71.01,51.71.01.1004,51.71.01.1004,Bali,Kota Denpasar,Denpasar Selatan,Panjer,2026-09-20T00:00:00,2026-09-22 00:00:00,2026-09-22 08:00:00,47-48,27,76,0,17,12.6,NE,80,SW,,,1,Cerah,Sunny,https://api-apps.bmkg.go.id/storage/icon/cuaca/cerah-am.svg,2026-09-22T00:00:00Z
51,51.71,51.71.01,51.71.01.1004,51.71.01.1004,Bali,Kota Denpasar,Denpasar Selatan,Panjer,2026-09-20T00:00:00,2026-09-22 03:00:00,2026-09-22 11:00:00,50-51,32,68,0,0,18.1,E,112,W,,,0,Cerah,Sunny,https://api-apps.bmkg.go.id/storage/icon/cuaca/cerah-am.svg,2026-09-22T03:00:00Z
51,51.71,51.71.01,51.71.01.1004,51.71.01.1004,Bali,Kota Denpasar,Denpasar Selatan,Panjer,2026-09-20T00:00:00,2026-09-22 06:00:00,2026-09-22 14:00:00,53-54,32,72,0,52,18.1,E,112,W,,,1,Cerah,Sunny,https://api-apps.bmkg.go.id/storage/icon/cuaca/cerah-am.svg,2026-09-22T06:00:00Z
51,51.71,51.71.01,51.71.01.1004,51.71.01.1004,Bali,Kota Denpasar,Denpasar Selatan,Panjer,2026-09-20T00:00:00,2026-09-22 09:00:00,2026-09-22 17:00:00,56-57,27,85,0,62,21.5,E,90,W,,,2,Cerah Berawan,Partly Cloudy,https://api-apps.bmkg.go.id/storage/icon/cuaca/cerah berawan-am.svg,2026-09-22T09:00:00Z
51,51.71,51.71.01,51.71.01.1004,51.71.01.1004,Bali,Kota Denpasar,Denpasar Selatan,Panjer,2026-09-20T00:00:00,2026-09-22 12:00:00,2026-09-22 20:00:00,59-60,25,89,0,39,21.5,E,90,W,,,1,Cerah,Sunny,https://api-apps.bmkg.go.id/storage/icon/cuaca/cerah-pm.svg,2026-09-22T12:00:00Z
51,51.71,51.71.01,51.71.01.1004,51.71.01.1004,Bali,Kota Denpasar,Denpasar Selatan,Panjer,2026-09-20T00:00:00,2026-09-22 15:00:00,2026-09-22 23:00:00,62-63,25,89,0,60,12.2,E,112,W,,,1,Cerah,Sunny,https://api-apps.bmkg.go.id/storage/icon/cuaca/cerah-pm.svg,2026-09-22T15:00:00Z
51,51.71,51.71.01,51.71.01.1005,51.71.01.1005,Bali,Kota Denpasar,Denpasar Selatan,Renon,2026-09-20T00:00:00,2026-09-20 12:00:00,2026-09-20 20:00:00,11-12,26,88,0,38,20.4,SE,136,NW,,,1,Cerah,Sunny,https://api-apps.bmkg.go.id/storage/icon/cuaca/cerah-pm.svg,2026-09-20T12:00:00Z
51,51.71,51.71.01,51.71.01.1005,51.71.01.1005,Bali,Kota Denpasar,Denpasar Selatan,Renon,2026-09-20T00:00:00,2026-09-20 15:00:00,2026-09-20 23:00:00,14-15,24,92,0,39,16.1,E,104,W,,,1,Cerah,Sunny,https://api-apps.bmkg.go.id/storage/icon/cuaca/cerah-pm.svg,2026-09-20T15:00:00Z
51,51.71,51.71.01,51.71.01.1005,51.71.01.1005,Bali,Kota Denpasar,Denpasar Selatan,Renon,2026-09-20T00:00:00,2026-09-20 18:00:00,2026-09-21 02:00:00,17-18,24,94,0,31,15.4,E,94,W,,,1,Cerah,Sunny,https://api-apps.bmkg.go.id/storage/icon/cuaca/cerah-pm.svg,2026-09-20T18:00:00Z
51,51.71,51.71.01,51.71.01.1005,51.71.01.1005,Bali,Kota Denpasar,Denpasar Selatan,Renon,2026-09-20T00:00:00,2026-09-20 21:00:00,2026-09-21 05:00:00,20-21,24,95,0,41,15.1,N,11,S,,,1,Cerah,Sunny,https://api-apps.bmkg.go.id/storage/icon/cuaca/cerah-pm.svg,2026-09-20T21:00:00Z
51,51.71,51.71.01,51.71.01.1005,51.71.01.1005,Bali,Kota Denpasar,Denpasar Selatan,Renon,2026-09-20T00:00:00,2026-09-21 00:00:00,2026-09-21 08:00:00,23-24,27,78,0,57,17.7,NE,71,SW,,,1,Cerah,Sunny,https://api-apps.bmkg.go.id/storage/icon/cuaca/cerah-am.svg,2026-09-21T00:00:00Z
51,51.71,51.71.01,51.71.01.1005,51.71.01.1005,Bali,Kota Denpasar,Denpasar Selatan,Renon,2026-09-20T00:00:00,2026-09-21 03:00:00,2026-09-21 11:00:00,26-27,30,74,0,39,14.4,S,186,N,,,1,Cerah,Sunny,https://api-apps.bmkg.go.id/storage/icon/cuaca/cerah-am.svg,2026-09-21T03:00:00Z
51,51.71,51.71.01,51.71.01.1005,51.71.01.1005,Bali,Kota Denpasar,Denpasar Selatan,Renon,2026-09-20T00:00:00,2026-09-21 06:00:00,2026-09-21 14:00:00,29-30,32,74,0,5,18.8,SE,164,NW,,,0,Cerah,Sunny,https://api-apps.bmkg.go.id/storage/icon/cuaca/cerah-am.svg,2026-09-21T06:00:00Z
51,51.71,51.71.01,51.71.01.1005,51.71.01.1005,Bali,Kota Denpasar,Denpasar Selatan,Renon,2026-09-20T00:00:00,2026-09-21 09:00:00,2026-09-21 17:00:00,32-33,28,82,0,4,14.9,SE,166,NW,,,0,Cerah,Sunny,https://api-apps.bmkg.go.id/storage/icon/cuaca/cerah-am.svg,2026-09-21T09:00:00Z
51,51.71,51.71.01,51.71.01.1005,51.71.01.1005,Bali,Kota Denpasar,Denpasar Selatan,Renon,2026-09-20T00:00:00,2026-09-21 12:00:00,2026-09-21 20:00:00,35-36,25,86,0,1,16.7,E,126,W,,,0,Cerah,Sunny,https://api-apps.bmkg.go.id/storage/icon/cuaca/cerah-pm.svg,2026-09-21T12:00:00Z
51,51.71,51.71.01,51.71.01.1005,51.71.01.1005,Bali,Kota Denpasar,Denpasar Selatan,Renon,2026-09-20T00:00:00,2026-09-21 15:00:00,2026-09-21 23:00:00,38-39,25,91,0,27,28.9,E,119,W,,,1,Cerah,Sunny,https://api-apps.bmkg.go.id/storage/icon/cuaca/cerah-pm.svg,2026-09-21T15:00:00Z
51,51.71,51.71.01,51.71.01.1005,51.71.01.1005,Bali,Kota Denpasar,Denpasar Selatan,Renon,2026-09-20T00:00:00,2026-09-21 18:00:00,2026-09-22 02:00:00,41-42,25,96,0,51,19.4,N,43,S,,,1,Cerah,Sunny,https://api-apps.bmkg.go.id/storage/icon/cuaca/cerah-pm.svg,2026-09-21T18:00:00Z
51,51.71,51.71.01,51.71.01.1005,51.71.01.1005,Bali,Kota Denpasar,Denpasar Selatan,Renon,2026-09-20T00:00:00,2026-09-21 21:00:00,2026-09-22 05:00:00,44-45,24,97,0,57,12.6,NW,338,SE,,,1,Cerah,Sunny,https://api-apps.bmkg.go.id/storage/icon/cuaca/cerah-pm.svg,2026-09-21T21:00:00Z
51,51.71,51.71.01,51.71.01.1005,51.71.01.1005,Bali,Kota Denpasar,Denpasar Selatan,Renon,2026-09-20T00:00:00,2026-09-22 00:00:00,2026-09-22 08:00:00,47-48,27,80,0,19,12.6,NW,343,SE,,,1,Cerah,Sunny,https://api-apps.bmkg.go.id/storage/icon/cuaca/cerah-am.svg,2026-09-22T00:00:00Z
51,51.71,51.71.01,51.71.01.1005,51.71.01.1005,Bali,Kota Denpasar,Denpasar Selatan,Renon,2026-09-20T00:00:00,2026-09-22 03:00:00,2026-09-22 11:00:00,50-51,31,73,0,0,20,E,112,W,,,0,Cerah,Sunny,https://api-apps.bmkg.go.id/storage/icon/cuaca/cerah-am.svg,2026-09-22T03:00:00Z
51,51.71,51.71.01,51.71.01.1005,51.71.01.1005,Bali,Kota Denpasar,Denpasar Selatan,Renon,2026-09-20T00:00:00,2026-09-22 06:00:00,2026-09-22 14:00:00,53-54,32,77,0,53,20,E,112,W,,,1,Cerah,Sunny,https://api-apps.bmkg.go.id/storage/icon/cuaca/cerah-am.svg,2026-09-22T06:00:00Z
51,51.71,51.71.01,51.71.01.1005,51.71.01.1005,Bali,Kota Denpasar,Denpasar Selatan,Renon,2026-09-20T00:00:00,2026-09-22 09:00:00,2026-09-22 17:00:00,56-57,27,87,0,66,22.8,E,90,W,,,2,Cerah Berawan,Partly Cloudy,https://api-apps.bmkg.go.id/storage/icon/cuaca/cerah berawan-am.svg,2026-09-22T09:00:00Z
51,51.71,51.71.01,51.71.01.1005,51.71.01.1005,Bali,Kota Denpasar,Denpasar Selatan,Renon,2026-09-20T00:00:00,2026-09-22 12:00:00,2026-09-22 20:00:00,59-60,25,89,0,42,22.8,E,90,W,,,1,Cerah,Sunny,https://api-apps.bmkg.go.id/storage/icon/cuaca/cerah-pm.svg,2026-09-22T12:00:00Z
51,51.71,51.71.01,51.71.01.1005,51.71.01.1005,Bali,Kota Denpasar,Denpasar Selatan,Renon,2026-09-20T00:00:00,2026-09-22 15:00:00,2026-09-22 23:00:00,62-63,25,88,0,61,12.3,E,112,W,,,2,Cerah Berawan,Partly Cloudy,https://api-apps.bmkg.go.id/storage/icon/cuaca/cerah berawan-pm.svg,2026-09-22T15:00:00Z
51,51.71,51.71.01,51.71.01.1006,51.71.01.1006,Bali,Kota Denpasar,Denpasar Selatan,Sanur,2026-09-20T00:00:00,2026-09-20 12:00:00,2026-09-20 20:00:00,11-12,26,88,0,39,22.1,SE,136,NW,,,1,Cerah,Sunny,https://api-apps.bmkg.go.id/storage/icon/cuaca/cerah-pm.svg,2026-09-20T12:00:00Z
51,51.71,51.71.01,51.71.01.1006,51.71.01.1006,Bali,Kota Denpasar,Denpasar Selatan,Sanur,2026-09-20T00:00:00,2026-09-20 15:00:00,2026-09-20 23:00:00,14-15,25,92,0,29,16.1,E,104,W,,,1,Cerah,Sunny,https://api-apps.bmkg.go.id/storage/icon/cuaca/cerah-pm.svg,2026-09-20T15:00:00Z
51,51.71,51.71.01,51.71.01.1006,51.71.01.1006,Bali,Kota Denpasar,Denpasar Selatan,Sanur,2026-09-20T00:00:00,2026-09-20 18:00:00,2026-09-21 02:00:00,17-18,25,94,0,27,14.4,E,102,W,,,1,Cerah,Sunny,https://api-apps.bmkg.go.id/storage/icon/cuaca/cerah-pm.svg,2026-09-20T18:00:00Z
51,51.71,51.71.01,51.71.01.1006,51.71.01.1006,Bali,Kota Denpasar,Denpasar Selatan,Sanur,2026-09-20T00:00:00,2026-09-20 21:00:00,2026-09-21 05:00:00,20-21,24,95,0,46,14,N,11,S,,,1,Cerah,Sunny,https://api-apps.bmkg.go.id/storage/icon/cuaca/cerah-pm.svg,2026-09-20T21:00:00Z
51,51.71,51.71.01,51.71.01.1006,51.71.01.1006,Bali,Kota Denpasar,Denpasar Selatan,Sanur,2026-09-20T00:00:00,2026-09-21 00:00:00,2026-09-21 08:00:00,23-24,27,80,0,58,17.2,NE,71,SW,,,1,Cerah,Sunny,https://api-apps.bmkg.go.id/storage/icon/cuaca/cerah-am.svg,2026-09-21T00:00:00Z
51,51.71,51.71.01,51.71.01.1006,51.71.01.1006,Bali,Kota Denpasar,Denpasar Selatan,Sanur,2026-09-20T00:00:00,2026-09-21 03:00:00,2026-09-21 11:00:00,26-27,30,77,0,35,14.3,S,185,N,,,1,Cerah,Sunny,https://api-apps.bmkg.go.id/storage/icon/cuaca/cerah-am.svg,2026-09-21T03:00:00Z
51,51.71,51.71.01,51.71.01.1006,51.71.01.1006,Bali,Kota Denpasar,Denpasar Selatan,Sanur,2026-09-20T00:00:00,2026-09-21 06:00:00,2026-09-21 14:00:00,29-30,31,76,0,2,18.8,SE,164,NW,,,0,Cerah,Sunny,https://api-apps.bmkg.go.id/storage/icon/cuaca/cerah-am.svg,2026-09-21T06:00:00Z
51,51.71,51.71.01,51.71.01.1006,51.71.01.1006,Bali,Kota Denpasar,Denpasar Selatan,Sanur,2026-09-20T00:00:00,2026-09-21 09:00:00,2026-09-21 17:00:00,32-33,27,83,0,3,14.9,SE,166,NW,,,0,Cerah,Sunny,https://api-apps.bmkg.go.id/storage/icon/cuaca/cerah-am.svg,2026-09-21T09:00:00Z
51,51.71,51.71.01,51.71.01.1006,51.71.01.1006,Bali,Kota Denpasar,Denpasar Selatan,Sanur,2026-09-20T00:00:00,2026-09-21 12:00:00,2026-09-21 20:00:00,35-36,25,87,0,1,20.2,E,126,W,,,0,Cerah,Sunny,https://api-apps.bmkg.go.id/storage/icon/cuaca/cerah-pm.svg,2026-09-21T12:00:00Z
51,51.71,51.71.01,51.71.01.1006,51.71.01.1006,Bali,Kota Denpasar,Denpasar Selatan,Sanur,2026-09-20T00:00:00,2026-09-21 15:00:00,2026-09-21 23:00:00,38-39,25,90,0,23,27.6,E,119,W,,,1,Cerah,Sunny,https://api-apps.bmkg.go.id/storage/icon/cuaca/cerah-pm.svg,2026-09-21T15:00:00Z
51,51.71,51.71.01,51.71.01.1006,51.71.01.1006,Bali,Kota Denpasar,Denpasar Selatan,Sanur,2026-09-20T00:00:00,2026-09-21 18:00:00,2026-09-22 02:00:00,41-42,25,96,0,53,21.1,N,43,S,,,1,Cerah,Sunny,https://api-apps.bmkg.go.id/storage/icon/cuaca/cerah-pm.svg,2026-09-21T18:00:00Z
51,51.71,51.71.01,51.71.01.1006,51.71.01.1006,Bali,Kota Denpasar,Denpasar Selatan,Sanur,2026-09-20T00:00:00,2026-09-21 21:00:00,2026-09-22 05:00:00,44-45,24,96,0,53,11.9,NW,338,SE,,,1,Cerah,Sunny,https://api-apps.bmkg.go.id/storage/icon/cuaca/cerah-pm.svg,2026-09-21T21:00:00Z
51,51.71,51.71.01,51.71.01.1006,51.71.01.1006,Bali,Kota Denpasar,Denpasar Selatan,Sanur,2026-09-20T00:00:00,2026-09-22 00:00:00,2026-09-22 08:00:00,47-48,27,82,0,12,11.8,NW,343,SE,,,1,Cerah,Sunny,https://api-apps.bmkg.go.id/storage/icon/cuaca/cerah-am.svg,2026-09-22T00:00:00Z
51,51.71,51.71.01,51.71.01.1006,51.71.01.1006,Bali,Kota Denpasar,Denpasar Selatan,Sanur,2026-09-20T00:00:00,2026-09-22 03:00:00,2026-09-22 11:00:00,50-51,31,76,0,0,20,E,112,W,,,0,Cerah,Sunny,https://api-apps.bmkg.go.id/storage/icon/cuaca/cerah-am.svg,2026-09-22T03:00:00Z
51,51.71,51.71.01,51.71.01.1006,51.71.01.1006,Bali,Kota Denpasar,Denpasar Selatan,Sanur,2026-09-20T00:00:00,2026-09-22 06:00:00,2026-09-22 14:00:00,53-54,32,79,0,53,20,E,112,W,,,1,Cerah,Sunny,https://api-apps.bmkg.go.id/storage/icon/cuaca/cerah-am.svg,2026-09-22T06:00:00Z
51,51.71,51.71.01,51.71.01.1006,51.71.01.1006,Bali,Kota Denpasar,Denpasar Selatan,Sanur,2026-09-20T00:00:00,2026-09-22 09:00:00,2026-09-22 17:00:00,56-57,27,88,0,64,24.6,E,90,W,,,2,Cerah Berawan,Partly Cloudy,https://api-apps.bmkg.go.id/storage/icon/cuaca/cerah berawan-am.svg,2026-09-22T09:00:00Z
51,51.71,51.71.01,51.71.01.1006,51.71.01.1006,Bali,Kota Denpasar,Denpasar Selatan,Sanur,2026-09-20T00:00:00,2026-09-22 12:00:00,2026-09-22 20:00:00,59-60,25,89,0,38,24.6,E,90,W,,,1,Cerah,Sunny,https://api-apps.bmkg.go.id/storage/icon/cuaca/cerah-pm.svg,2026-09-22T12:00:00Z
51,51.71,51.71.01,51.71.01.1006,51.71.01.1006,Bali,Kota Denpasar,Denpasar Selatan,Sanur,2026-09-20T00:00:00,2026-09-22 15:00:00,2026-09-22 23:00:00,62-63,25,87,0,60,11.5,E,112,W,,,2,Cerah Berawan,Partly Cloudy,https://api-apps.bmkg.go.id/storage/icon/cuaca/cerah berawan-pm.svg,2026-09-22T15:00:00Z
51,51.71,51.71.01,51.71.01.2007,51.71.01.2007,Bali,Kota Denpasar,Denpasar Selatan,Sidakarya,2026-09-20T00:00:00,2026-09-20 12:00:00,2026-09-20 20:00:00,11-12,26,87,0,38,24.6,E,131,W,,,1,Cerah,Sunny,https://api-apps.bmkg.go.id/storage/icon/cuaca/cerah-pm.svg,2026-09-20T12:00:00Z
51,51.71,51.71.01,51.71.01.2007,51.71.01.2007,Bali,Kota Denpasar,Denpasar Selatan,Sidakarya,2026-09-20T00:00:00,2026-09-20 15:00:00,2026-09-20 23:00:00,14-15,25,92,0,26,17.5,E,98,W,,,1,Cerah,Sunny,https://api-apps.bmkg.go.id/storage/icon/cuaca/cerah-pm.svg,2026-09-20T15:00:00Z
51,51.71,51.71.01,51.71.01.2007,51.71.01.2007,Bali,Kota Denpasar,Denpasar Selatan,Sidakarya,2026-09-20T00:00:00,2026-09-20 18:00:00,2026-09-21 02:00:00,17-18,24,95,0,28,15,E,97,W,,,1,Cerah,Sunny,https://api-apps.bmkg.go.id/storage/icon/cuaca/cerah-pm.svg,2026-09-20T18:00:00Z
51,51.71,51.71.01,51.71.01.2007,51.71.01.2007,Bali,Kota Denpasar,Denpasar Selatan,Sidakarya,2026-09-20T00:00:00,2026-09-20 21:00:00,2026-09-21 05:00:00,20-21,24,96,0,47,13.9,N,28,S,,,1,Cerah,Sunny,https://api-apps.bmkg.go.id/storage/icon/cuaca/cerah-pm.svg,2026-09-20T21:00:00Z
51,51.71,51.71.01,51.71.01.2007,51.71.01.2007,Bali,Kota Denpasar,Denpasar Selatan,Sidakarya,2026-09-20T00:00:00,2026-09-21 00:00:00,2026-09-21 08:00:00,23-24,27,75,0,59,17.4,E,108,W,,,1,Cerah,Sunny,https://api-apps.bmkg.go.id/storage/icon/cuaca/cerah-am.svg,2026-09-21T00:00:00Z
51,51.71,51.71.01,51.71.01.2007,51.71.01.2007,Bali,Kota Denpasar,Denpasar Selatan,Sidakarya,2026-09-20T00:00:00,2026-09-21 03:00:00,2026-09-21 11:00:00,26-27,30,71,0,34,14.2,E,132,W,,,1,Cerah,Sunny,https://api-apps.bmkg.go.id/storage/icon/cuaca/cerah-am.svg,2026-09-21T03:00:00Z
51,51.71,51.71.01,51.71.01.2007,51.71.01.2007,Bali,Kota Denpasar,Denpasar Selatan,Sidakarya,2026-09-20T00:00:00,2026-09-21 06:00:00,2026-09-21 14:00:00,29-30,31,69,0,2,17.6,SE,139,NW,,,0,Cerah,Sunny,https://api-apps.bmkg.go.id/storage/icon/cuaca/cerah-am.svg,2026-09-21T06:00:00Z
51,51.71,51.71.01,51.71.01.2007,51.71.01.2007,Bali,Kota Denpasar,Denpasar Selatan,Sidakarya,2026-09-20T00:00:00,2026-09-21 09:00:00,2026-09-21 17:00:00,32-33,27,80,0,4,14.7,SE,136,NW,,,0,Cerah,Sunny,https://api-apps.bmkg.go.id/storage/icon/cuaca/cerah-am.svg,2026-09-21T09:00:00Z
51,51.71,51.71.01,51.71.01.2007,51.71.01.2007,Bali,Kota Denpasar,Denpasar Selatan,Sidakarya,2026-09-20T00:00:00,2026-09-21 12:00:00,2026-09-21 20:00:00,35-36,25,86,0,0,23.3,E,126,W,,,0,Cerah,Sunny,https://api-apps.bmkg.go.id/storage/icon/cuaca/cerah-pm.svg,2026-09-21T12:00:00Z
51,51.71,51.71.01,51.71.01.2007,51.71.01.2007,Bali,Kota Denpasar,Denpasar Selatan,Sidakarya,2026-09-20T00:00:00,2026-09-21 15:00:00,2026-09-21 23:00:00,38-39,25,91,0,26,27.7,E,110,W,,,1,Cerah,Sunny,https://api-apps.bmkg.go.id/storage/icon/cuaca/cerah-pm.svg,2026-09-21T15:00:00Z
51,51.71,51.71.01,51.71.01.2007,51.71.01.2007,Bali,Kota Denpasar,Denpasar Selatan,Sidakarya,2026-09-20T00:00:00,2026-09-21 18:00:00,2026-09-22 02:00:00,41-42,25,96,0,47,20.6,NE,82,SW,,,1,Cerah,Sunny,https://api-apps.bmkg.go.id/storage/icon/cuaca/cerah-pm.svg,2026-09-21T18:00:00Z
51,51.71,51.71.01,51.71.01.2007,51.71.01.2007,Bali,Kota Denpasar,Denpasar Selatan,Sidakarya,2026-09-20T00:00:00,2026-09-21 21:00:00,2026-09-22 05:00:00,44-45,24,96,0,52,11.6,N,13,S,,,1,Cerah,Sunny,https://api-apps.bmkg.go.id/storage/icon/cuaca/cerah-pm.svg,2026-09-21T21:00:00Z
51,51.71,51.71.01,51.71.01.2007,51.71.01.2007,Bali,Kota Denpasar,Denpasar Selatan,Sidakarya,2026-09-20T00:00:00,2026-09-22 00:00:00,2026-09-22 08:00:00,47-48,27,77,0,10,12,NE,80,SW,,,0,Cerah,Sunny,https://api-apps.bmkg.go.id/storage/icon/cuaca/cerah-am.svg,2026-09-22T00:00:00Z
51,51.71,51.71.01,51.71.01.2007,51.71.01.2007,Bali,Kota Denpasar,Denpasar Selatan,Sidakarya,2026-09-20T00:00:00,2026-09-22 03:00:00,2026-09-22 11:00:00,50-51,31,69,0,0,18.1,E,112,W,,,0,Cerah,Sunny,https://api-apps.bmkg.go.id/storage/icon/cuaca/cerah-am.svg,2026-09-22T03:00:00Z
51,51.71,51.71.01,51.71.01.2007,51.71.01.2007,Bali,Kota Denpasar,Denpasar Selatan,Sidakarya,2026-09-20T00:00:00,2026-09-22 06:00:00,2026-09-22 14:00:00,53-54,32,74,0,53,18.1,E,112,W,,,1,Cerah,Sunny,https://api-apps.bmkg.go.id/storage/icon/cuaca/cerah-am.svg,2026-09-22T06:00:00Z
51,51.71,51.71.01,51.71.01.2007,51.71.01.2007,Bali,Kota Denpasar,Denpasar Selatan,Sidakarya,2026-09-20T00:00:00,2026-09-22 09:00:00,2026-09-22 17:00:00,56-57,27,86,0,64,22.8,E,90,W,,,2,Cerah Berawan,Partly Cloudy,https://api-apps.bmkg.go.id/storage/icon/cuaca/cerah berawan-am.svg,2026-09-22T09:00:00Z
51,51.71,51.71.01,51.71.01.2007,51.71.01.2007,Bali,Kota Denpasar,Denpasar Selatan,Sidakarya,2026-09-20T00:00:00,2026-09-22 12:00:00,2026-09-22 20:00:00,59-60,25,88,0,39,22.8,E,90,W,,,1,Cerah,Sunny,https://api-apps.bmkg.go.id/storage/icon/cuaca/cerah-pm.svg,2026-09-22T12:00:00Z
51,51.71,51.71.01,51.71.01.2007,51.71.01.2007,Bali,Kota Denpasar,Denpasar Selatan,Sidakarya,2026-09-20T00:00:00,2026-09-22 15:00:00,2026-09-22 23:00:00,62-63,25,87,0,60,11.3,E,112,W,,,2,Cerah Berawan,Partly Cloudy,https://api-apps.bmkg.go.id/storage/icon/cuaca/cerah berawan-pm.svg,2026-09-22T15:00:00Z
51,51.71,51.71.01,51.71.01.2008,51.71.01.2008,Bali,Kota Denpasar,Denpasar Selatan,Pemogan,2026-09-20T00:00:00,2026-09-20 12:00:00,2026-09-20 20:00:00,11-12,26,87,0,38,29.2,E,131,W,,,1,Cerah,Sunny,https://api-apps.bmkg.go.id/storage/icon/cuaca/cerah-pm.svg,2026-09-20T12:00:00Z
51,51.71,51.71.01,51.71.01.2008,51.71.01.2008,Bali,Kota Denpasar,Denpasar Selatan,Pemogan,2026-09-20T00:00:00,2026-09-20 15:00:00,2026-09-20 23:00:00,14-15,25,91,0,24,19.4,E,98,W,,,1,Cerah,Sunny,https://api-apps.bmkg.go.id/storage/icon/cuaca/cerah-pm.svg,2026-09-20T15:00:00Z
51,51.71,51.71.01,51.71.01.2008,51.71.01.2008,Bali,Kota Denpasar,Denpasar Selatan,Pemogan,2026-09-20T00:00:00,2026-09-20 18:00:00,2026-09-21 02:00:00,17-18,24,94,0,22,14.1,E,100,W,,,1,Cerah,Sunny,https://api-apps.bmkg.go.id/storage/icon/cuaca/cerah-pm.svg,2026-09-20T18:00:00Z
51,51.71,51.71.01,51.71.01.2008,51.71.01.2008,Bali,Kota Denpasar,Denpasar Selatan,Pemogan,2026-09-20T00:00:00,2026-09-20 21:00:00,2026-09-21 05:00:00,20-21,23,96,0,45,12.7,N,28,S,,,1,Cerah,Sunny,https://api-apps.bmkg.go.id/storage/icon/cuaca/cerah-pm.svg,2026-09-20T21:00:00Z
51,51.71,51.71.01,51.71.01.2008,51.71.01.2008,Bali,Kota Denpasar,Denpasar Selatan,Pemogan,2026-09-20T00:00:00,2026-09-21 00:00:00,2026-09-21 08:00:00,23-24,27,72,0,61,16.7,E,108,W,,,2,Cerah Berawan,Partly Cloudy,https://api-apps.bmkg.go.id/storage/icon/cuaca/cerah berawan-am.svg,2026-09-21T00:00:00Z
51,51.71,51.71.01,51.71.01.2008,51.71.01.2008,Bali,Kota Denpasar,Denpasar Selatan,Pemogan,2026-09-20T00:00:00,2026-09-21 03:00:00,2026-09-21 11:00:00,26-27,30,66,0,35,14.1,E,132,W,,,1,Cerah,Sunny,https://api-apps.bmkg.go.id/storage/icon/cuaca/cerah-am.svg,2026-09-21T03:00:00Z
51,51.71,51.71.01,51.71.01.2008,51.71.01.2008,Bali,Kota Denpasar,Denpasar Selatan,Pemogan,2026-09-20T00:00:00,2026-09-21 06:00:00,2026-09-21 14:00:00,29-30,31,65,0,3,17.6,SE,139,NW,,,0,Cerah,Sunny,https://api-apps.bmkg.go.id/storage/icon/cuaca/cerah-am.svg,2026-09-21T06:00:00Z
51,51.71,51.71.01,51.71.01.2008,51.71.01.2008,Bali,Kota Denpasar,Denpasar Selatan,Pemogan,2026-09-20T00:00:00,2026-09-21 09:00:00,2026-09-21 17:00:00,32-33,27,79,0,4,14.6,SE,136,NW,,,0,Cerah,Sunny,https://api-apps.bmkg.go.id/storage/icon/cuaca/cerah-am.svg,2026-09-21T09:00:00Z
51,51.71,51.71.01,51.71.01.2008,51.71.01.2008,Bali,Kota Denpasar,Denpasar Selatan,Pemogan,2026-09-20T00:00:00,2026-09-21 12:00:00,2026-09-21 20:00:00,35-36,25,87,0,0,29.8,E,126,W,,,0,Cerah,Sunny,https://api-apps.bmkg.go.id/storage/icon/cuaca/cerah-pm.svg,2026-09-21T12:00:00Z
51,51.71,51.71.01,51.71.01.2008,51.71.01.2008,Bali,Kota Denpasar,Denpasar Selatan,Pemogan,2026-09-20T00:00:00,2026-09-21 15:00:00,2026-09-21 23:00:00,38-39,25,91,0,25,25.8,E,110,W,,,1,Cerah,Sunny,https://api-apps.bmkg.go.id/storage/icon/cuaca/cerah-pm.svg,2026-09-21T15:00:00Z
51,51.71,51.71.01,51.71.01.2008,51.71.01.2008,Bali,Kota Denpasar,Denpasar Selatan,Pemogan,2026-09-20T00:00:00,2026-09-21 18:00:00,2026-09-22 02:00:00,41-42,25,95,0,35,24.1,NE,82,SW,,,1,Cerah,Sunny,https://api-apps.bmkg.go.id/storage/icon/cuaca/cerah-pm.svg,2026-09-21T18:00:00Z
51,51.71,51.71.01,51.71.01.2008,51.71.01.2008,Bali,Kota Denpasar,Denpasar Selatan,Pemogan,2026-09-20T00:00:00,2026-09-21 21:00:00,2026-09-22 05:00:00,44-45,24,94,0,50,10.7,N,13,S,,,1,Cerah,Sunny,https://api-apps.bmkg.go.id/storage/icon/cuaca/cerah-pm.svg,2026-09-21T21:00:00Z
51,51.71,51.71.01,51.71.01.2008,51.71.01.2008,Bali,Kota Denpasar,Denpasar Selatan,Pemogan,2026-09-20T00:00:00,2026-09-22 00:00:00,2026-09-22 08:00:00,47-48,28,74,0,10,11.2,NE,80,SW,,,0,Cerah,Sunny,https://api-apps.bmkg.go.id/storage/icon/cuaca/cerah-am.svg,2026-09-22T00:00:00Z
51,51.71,51.71.01,51.71.01.2008,51.71.01.2008,Bali,Kota Denpasar,Denpasar Selatan,Pemogan,2026-09-20T00:00:00,2026-09-22 03:00:00,2026-09-22 11:00:00,50-51,32,65,0,0,18.1,E,112,W,,,0,Cerah,Sunny,https://api-apps.bmkg.go.id/storage/icon/cuaca/cerah-am.svg,2026-09-22T03:00:00Z
51,51.71,51.71.01,51.71.01.2008,51.71.01.2008,Bali,Kota Denpasar,Denpasar Selatan,Pemogan,2026-09-20T00:00:00,2026-09-22 06:00:00,2026-09-22 14:00:00,53-54,32,69,0,53,18.1,E,112,W,,,1,Cerah,Sunny,https://api-apps.bmkg.go.id/storage/icon/cuaca/cerah-am.svg,2026-09-22T06:00:00Z
51,51.71,51.71.01,51.71.01.2008,51.71.01.2008,Bali,Kota Denpasar,Denpasar Selatan,Pemogan,2026-09-20T00:00:00,2026-09-22 09:00:00,2026-09-22 17:00:00,56-57,27,85,0,65,24.5,E,90,W,,,2,Cerah Berawan,Partly Cloudy,https://api-apps.bmkg.go.id/storage/icon/cuaca/cerah berawan-am.svg,2026-09-22T09:00:00Z
51,51.71,51.71.01,51.71.01.2008,51.71.01.2008,Bali,Kota Denpasar,Denpasar Selatan,Pemogan,2026-09-20T00:00:00,2026-09-22 12:00:00,2026-09-22 20:00:00,59-60,25,88,0,40,24.5,E,90,W,,,1,Cerah,Sunny,https://api-apps.bmkg.go.id/storage/icon/cuaca/cerah-pm.svg,2026-09-22T12:00:00Z
51,51.71,51.71.01,51.71.01.2008,51.71.01.2008,Bali,Kota Denpasar,Denpasar Selatan,Pemogan,2026-09-20T00:00:00,2026-09-22 15:00:00,2026-09-22 23:00:00,62-63,25,88,0,61,10.4,E,112,W,,,2,Cerah Berawan,Partly Cloudy,https://api-apps.bmkg.go.id/storage/icon/cuaca/cerah berawan-pm.svg,2026-09-22T15:00:00Z
51,51.71,51.71.01,51.71.01.2009,51.71.01.2009,Bali,Kota Denpasar,Denpasar Selatan,Sanur Kaja,2026-09-20T00:00:00,2026-09-20 12:00:00,2026-09-20 20:00:00,11-12,26,88,0,38,20.4,SE,136,NW,,,1,Cerah,Sunny,https://api-apps.bmkg.go.id/storage/icon/cuaca/cerah-pm.svg,2026-09-20T12:00:00Z
51,51.71,51.71.01,51.71.01.2009,51.71.01.2009,Bali,Kota Denpasar,Denpasar Selatan,Sanur Kaja,2026-09-20T00:00:00,2026-09-20 15:00:00,2026-09-20 23:00:00,14-15,24,92,0,39,16.1,E,104,W,,,1,Cerah,Sunny,https://api-apps.bmkg.go.id/storage/icon/cuaca/cerah-pm.svg,2026-09-20T15:00:00Z
51,51.71,51.71.01,51.71.01.2009,51.71.01.2009,Bali,Kota Denpasar,Denpasar Selatan,Sanur Kaja,2026-09-20T00:00:00,2026-09-20 18:00:00,2026-09-21 02:00:00,17-18,24,94,0,31,15.4,E,94,W,,,1,Cerah,Sunny,https://api-apps.bmkg.go.id/storage/icon/cuaca/cerah-pm.svg,2026-09-20T18:00:00Z
51,51.71,51.71.01,51.71.01.2009,51.71.01.2009,Bali,Kota Denpasar,Denpasar Selatan,Sanur Kaja,2026-09-20T00:00:00,2026-09-20 21:00:00,2026-09-21 05:00:00,20-21,24,95,0,41,15.1,N,11,S,,,1,Cerah,Sunny,https://api-apps.bmkg.go.id/storage/icon/cuaca/cerah-pm.svg,2026-09-20T21:00:00Z
51,51.71,51.71.01,51.71.01.2009,51.71.01.2009,Bali,Kota Denpasar,Denpasar Selatan,Sanur Kaja,2026-09-20T00:00:00,2026-09-21 00:00:00,2026-09-21 08:00:00,23-24,27,78,0,57,17.7,NE,71,SW,,,1,Cerah,Sunny,https://api-apps.bmkg.go.id/storage/icon/cuaca/cerah-am.svg,2026-09-21T00:00:00Z
51,51.71,51.71.01,51.71.01.2009,51.71.01.2009,Bali,Kota Denpasar,Denpasar Selatan,Sanur Kaja,2026-09-20T00:00:00,2026-09-21 03:00:00,2026-09-21 11:00:00,26-27,30,74,0,39,14.4,S,186,N,,,1,Cerah,Sunny,https://api-apps.bmkg.go.id/storage/icon/cuaca/cerah-am.svg,2026-09-21T03:00:00Z
51,51.71,51.71.01,51.71.01.2009,51.71.01.2009,Bali,Kota Denpasar,Denpasar Selatan,Sanur Kaja,2026-09-20T00:00:00,2026-09-21 06:00:00,2026-09-21 14:00:00,29-30,32,74,0,5,18.8,SE,164,NW,,,0,Cerah,Sunny,https://api-apps.bmkg.go.id/storage/icon/cuaca/cerah-am.svg,2026-09-21T06:00:00Z
51,51.71,51.71.01,51.71.01.2009,51.71.01.2009,Bali,Kota Denpasar,Denpasar Selatan,Sanur Kaja,2026-09-20T00:00:00,2026-09-21 09:00:00,2026-09-21 17:00:00,32-33,28,82,0,4,14.9,SE,166,NW,,,0,Cerah,Sunny,https://api-apps.bmkg.go.id/storage/icon/cuaca/cerah-am.svg,2026-09-21T09:00:00Z
51,51.71,51.71.01,51.71.01.2009,51.71.01.2009,Bali,Kota Denpasar,Denpasar Selatan,Sanur Kaja,2026-09-20T00:00:00,2026-09-21 12:00:00,2026-09-21 20:00:00,35-36,25,86,0,1,16.7,E,126,W,,,0,Cerah,Sunny,https://api-apps.bmkg.go.id/storage/icon/cuaca/cerah-pm.svg,2026-09-21T12:00:00Z
51,51.71,51.71.01,51.71.01.2009,51.71.01.2009,Bali,Kota Denpasar,Denpasar Selatan,Sanur Kaja,2026-09-20T00:00:00,2026-09-21 15:00:00,2026-09-21 23:00:00,38-39,25,91,0,27,28.9,E,119,W,,,1,Cerah,Sunny,https://api-apps.bmkg.go.id/storage/icon/cuaca/cerah-pm.svg,2026-09-21T15:00:00Z
51,51.71,51.71.01,51.71.01.2009,51.71.01.2009,Bali,Kota Denpasar,Denpasar Selatan,Sanur Kaja,2026-09-20T00:00:00,2026-09-21 18:00:00,2026-09-22 02:00:00,41-42,25,96,0,51,19.4,N,43,S,,,1,Cerah,Sunny,https://api-apps.bmkg.go.id/storage/icon/cuaca/cerah-pm.svg,2026-09-21T18:00:00Z
51,51.71,51.71.01,51.71.01.2009,51.71.01.2009,Bali,Kota Denpasar,Denpasar Selatan,Sanur Kaja,2026-09-20T00:00:00,2026-09-21 21:00:00,2026-09-22 05:00:00,44-45,24,97,0,57,12.6,NW,338,SE,,,1,Cerah,Sunny,https://api-apps.bmkg.go.id/storage/icon/cuaca/cerah-pm.svg,2026-09-21T21:00:00Z
51,51.71,51.71.01,51.71.01.2009,51.71.01.2009,Bali,Kota Denpasar,Denpasar Selatan,Sanur Kaja,2026-09-20T00:00:00,2026-09-22 00:00:00,2026-09-22 08:00:00,47-48,27,80,0,19,12.6,NW,343,SE,,,1,Cerah,Sunny,https://api-apps.bmkg.go.id/storage/icon/cuaca/cerah-am.svg,2026-09-22T00:00:00Z
51,51.71,51.71.01,51.71.01.2009,51.71.01.2009,Bali,Kota Denpasar,Denpasar Selatan,Sanur Kaja,2026-09-20T00:00:00,2026-09-22 03:00:00,2026-09-22 11:00:00,50-51,31,73,0,0,20,E,112,W,,,0,Cerah,Sunny,https://api-apps.bmkg.go.id/storage/icon/cuaca/cerah-am.svg,2026-09-22T03:00:00Z
51,51.71,51.71.01,51.71.01.2009,51.71.01.2009,Bali,Kota Denpasar,Denpasar Selatan,Sanur Kaja,2026-09-20T00:00:00,2026-09-22 06:00:00,2026-09-22 14:00:00,53-54,32,77,0,53,20,E,112,W,,,1,Cerah,Sunny,https://api-apps.bmkg.go.id/storage/icon/cuaca/cerah-am.svg,2026-09-22T06:00:00Z
51,51.71,51.71.01,51.71.01.2009,51.71.01.2009,Bali,Kota Denpasar,Denpasar Selatan,Sanur Kaja,2026-09-20T00:00:00,2026-09-22 09:00:00,2026-09-22 17:00:00,56-57,27,87,0,66,22.8,E,90,W,,,2,Cerah Berawan,Partly Cloudy,https://api-apps.bmkg.go.id/storage/icon/cuaca/cerah berawan-am.svg,2026-09-22T09:00:00Z
51,51.71,51.71.01,51.71.01.2009,51.71.01.2009,Bali,Kota Denpasar,Denpasar Selatan,Sanur Kaja,2026-09-20T00:00:00,2026-09-22 12:00:00,2026-09-22 20:00:00,59-60,25,89,0,42,22.8,E,90,W,,,1,Cerah,Sunny,https://api-apps.bmkg.go.id/storage/icon/cuaca/cerah-pm.svg,2026-09-22T12:00:00Z
51,51.71,51.71.01,51.71.01.2009,51.71.01.2009,Bali,Kota Denpasar,Denpasar Selatan,Sanur Kaja,2026-09-20T00:00:00,2026-09-22 15:00:00,2026-09-22 23:00:00,62-63,25,88,0,61,12.3,E,112,W,,,2,Cerah Berawan,Partly Cloudy,https://api-apps.bmkg.go.id/storage/icon/cuaca/cerah berawan-pm.svg,2026-09-22T15:00:00Z
51,51.71,51.71.01,51.71.01.2010,51.71.01.2010,Bali,Kota Denpasar,Denpasar Selatan,Sanur Kauh,2026-09-20T00:00:00,2026-09-20 12:00:00,2026-09-20 20:00:00,11-12,26,88,0,39,22.1,SE,136,NW,,,1,Cerah,Sunny,https://api-apps.bmkg.go.id/storage/icon/cuaca/cerah-pm.svg,2026-09-20T12:00:00Z
51,51.71,51.71.01,51.71.01.2010,51.71.01.2010,Bali,Kota Denpasar,Denpasar Selatan,Sanur Kauh,2026-09-20T00:00:00,2026-09-20 15:00:00,2026-09-20 23:00:00,14-15,25,92,0,29,16.1,E,104,W,,,1,Cerah,Sunny,https://api-apps.bmkg.go.id/storage/icon/cuaca/cerah-pm.svg,2026-09-20T15:00:00Z
51,51.71,51.71.01,51.71.01.2010,51.71.01.2010,Bali,Kota Denpasar,Denpasar Selatan,Sanur Kauh,2026-09-20T00:00:00,2026-09-20 18:00:00,2026-09-21 02:00:00,17-18,25,94,0,27,14.4,E,102,W,,,1,Cerah,Sunny,https://api-apps.bmkg.go.id/storage/icon/cuaca/cerah-pm.svg,2026-09-20T18:00:00Z
51,51.71,51.71.01,51.71.01.2010,51.71.01.2010,Bali,Kota Denpasar,Denpasar Selatan,Sanur Kauh,2026-09-20T00:00:00,2026-09-20 21:00:00,2026-09-21 05:00:00,20-21,24,95,0,46,14,N,11,S,,,1,Cerah,Sunny,https://api-apps.bmkg.go.id/storage/icon/cuaca/cerah-pm.svg,2026-09-20T21:00:00Z
51,51.71,51.71.01,51.71.01.2010,51.71.01.2010,Bali,Kota Denpasar,Denpasar Selatan,Sanur Kauh,2026-09-20T00:00:00,2026-09-21 00:00:00,2026-09-21 08:00:00,23-24,27,80,0,58,17.2,NE,71,SW,,,1,Cerah,Sunny,https://api-apps.bmkg.go.id/storage/icon/cuaca/cerah-am.svg,2026-09-21T00:00:00Z
51,51.71,51.71.01,51.71.01.2010,51.71.01.2010,Bali,Kota Denpasar,Denpasar Selatan,Sanur Kauh,2026-09-20T00:00:00,2026-09-21 03:00:00,2026-09-21 11:00:00,26-27,30,77,0,35,14.3,S,185,N,,,1,Cerah,Sunny,https://api-apps.bmkg.go.id/storage/icon/cuaca/cerah-am.svg,2026-09-21T03:00:00Z
51,51.71,51.71.01,51.71.01.2010,51.71.01.2010,Bali,Kota Denpasar,Denpasar Selatan,Sanur Kauh,2026-09-20T00:00:00,2026-09-21 06:00:00,2026-09-21 14:00:00,29-30,31,76,0,2,18.8,SE,164,NW,,,0,Cerah,Sunny,https://api-apps.bmkg.go.id/storage/icon/cuaca/cerah-am.svg,2026-09-21T06:00:00Z
51,51.71,51.71.01,51.71.01.2010,51.71.01.2010,Bali,Kota Denpasar,Denpasar Selatan,Sanur Kauh,2026-09-20T00:00:00,2026-09-21 09:00:00,2026-09-21 17:00:00,32-33,27,83,0,3,14.9,SE,166,NW,,,0,Cerah,Sunny,https://api-apps.bmkg.go.id/storage/icon/cuaca/cerah-am.svg,2026-09-21T09:00:00Z
51,51.71,51.71.01,51.71.01.2010,51.71.01.2010,Bali,Kota Denpasar,Denpasar Selatan,Sanur Kauh,2026-09-20T00:00:00,2026-09-21 12:00:00,2026-09-21 20:00:00,35-36,25,87,0,1,20.2,E,126,W,,,0,Cerah,Sunny,https://api-apps.bmkg.go.id/storage/icon/cuaca/cerah-pm.svg,2026-09-21T12:00:00Z
51,51.71,51.71.01,51.71.01.2010,51.71.01.2010,Bali,Kota Denpasar,Denpasar Selatan,Sanur Kauh,2026-09-20T00:00:00,2026-09-21 15:00:00,2026-09-21 23:00:00,38-39,25,90,0,23,27.6,E,119,W,,,1,Cerah,Sunny,https://api-apps.bmkg.go.id/storage/icon/cuaca/cerah-pm.svg,2026-09-21T15:00:00Z
51,51.71,51.71.01,51.71.01.2010,51.71.01.2010,Bali,Kota Denpasar,Denpasar Selatan,Sanur Kauh,2026-09-20T00:00:00,2026-09-21 18:00:00,2026-09-22 02:00:00,41-42,25,96,0,53,21.1,N,43,S,,,1,Cerah,Sunny,https://api-apps.bmkg.go.id/storage/icon/cuaca/cerah-pm.svg,2026-09-21T18:00:00Z
51,51.71,51.71.01,51.71.01.2010,51.71.01.2010,Bali,Kota Denpasar,Denpasar Selatan,Sanur Kauh,2026-09-20T00:00:00,2026-09-21 21:00:00,2026-09-22 05:00:00,44-45,24,96,0,53,11.9,NW,338,SE,,,1,Cerah,Sunny,https://api-apps.bmkg.go.id/storage/icon/cuaca/cerah-pm.svg,2026-09-21T21:00:00Z
51,51.71,51.71.01,51.71.01.2010,51.71.01.2010,Bali,Kota Denpasar,Denpasar Selatan,Sanur Kauh,2026-09-20T00:00:00,2026-09-22 00:00:00,2026-09-22 08:00:00,47-48,27,82,0,12,11.8,NW,343,SE,,,1,Cerah,Sunny,https://api-apps.bmkg.go.id/storage/icon/cuaca/cerah-am.svg,2026-09-22T00:00:00Z
51,51.71,51.71.01,51.71.01.2010,51.71.01.2010,Bali,Kota Denpasar,Denpasar Selatan,Sanur Kauh,2026-09-20T00:00:00,2026-09-22 03:00:00,2026-09-22 11:00:00,50-51,31,76,0,0,20,E,112,W,,,0,Cerah,Sunny,https://api-apps.bmkg.go.id/storage/icon/cuaca/cerah-am.svg,2026-09-22T03:00:00Z
51,51.71,51.71.01,51.71.01.2010,51.71.01.2010,Bali,Kota Denpasar,Denpasar Selatan,Sanur Kauh,2026-09-20T00:00:00,2026-09-22 06:00:00,2026-09-22 14:00:00,53-54,32,79,0,53,20,E,112,W,,,1,Cerah,Sunny,https://api-apps.bmkg.go.id/storage/icon/cuaca/cerah-am.svg,2026-09-22T06:00:00Z
51,51.71,51.71.01,51.71.01.2010,51.71.01.2010,Bali,Kota Denpasar,Denpasar Selatan,Sanur Kauh,2026-09-20T00:00:00,2026-09-22 09:00:00,2026-09-22 17:00:00,56-57,27,88,0,64,24.6,E,90,W,,,2,Cerah Berawan,Partly Cloudy,https://api-apps.bmkg.go.id/storage/icon/cuaca/cerah berawan-am.svg,2026-09-22T09:00:00Z
51,51.71,51.71.01,51.71.01.2010,51.71.01.2010,Bali,Kota Denpasar,Denpasar Selatan,Sanur Kauh,2026-09-20T00:00:00,2026-09-22 12:00:00,2026-09-22 20:00:00,59-60,25,89,0,38,24.6,E,90,W,,,1,Cerah,Sunny,https://api-apps.bmkg.go.id/storage/icon/cuaca/cerah-pm.svg,2026-09-22T12:00:00Z
51,51.71,51.71.01,51.71.01.2010,51.71.01.2010,Bali,Kota Denpasar,Denpasar Selatan,Sanur Kauh,2026-09-20T00:00:00,2026-09-22 15:00:00,2026-09-22 23:00:00,62-63,25,87,0,60,11.5,E,112,W,,,2,Cerah Berawan,Partly Cloudy,https://api-apps.bmkg.go.id/storage/icon/cuaca/cerah berawan-pm.svg,2026-09-22T15:00:00Z
51,51.71,51.71.02,51.71.02.1003,51.71.02.1003,Bali,Kota Denpasar,Denpasar Timur,Kesiman,2026-09-20T00:00:00,2026-09-20 12:00:00,2026-09-20 20:00:00,11-12,26,89,0,38,18.7,SE,136,NW,,,1,Cerah,Sunny,https://api-apps.bmkg.go.id/storage/icon/cuaca/cerah-pm.svg,2026-09-20T12:00:00Z
51,51.71,51.71.02,51.71.02.1003,51.71.02.1003,Bali,Kota Denpasar,Denpasar Timur,Kesiman,2026-09-20T00:00:00,2026-09-20 15:00:00,2026-09-20 23:00:00,14-15,24,92,0,51,16.6,E,104,W,,,1,Cerah,Sunny,https://api-apps.bmkg.go.id/storage/icon/cuaca/cerah-pm.svg,2026-09-20T15:00:00Z
51,51.71,51.71.02,51.71.02.1003,51.71.02.1003,Bali,Kota Denpasar,Denpasar Timur,Kesiman,2026-09-20T00:00:00,2026-09-20 18:00:00,2026-09-21 02:00:00,17-18,24,94,0,35,16.3,E,93,W,,,1,Cerah,Sunny,https://api-apps.bmkg.go.id/storage/icon/cuaca/cerah-pm.svg,2026-09-20T18:00:00Z
51,51.71,51.71.02,51.71.02.1003,51.71.02.1003,Bali,Kota Denpasar,Denpasar Timur,Kesiman,2026-09-20T00:00:00,2026-09-20 21:00:00,2026-09-21 05:00:00,20-21,24,94,0,37,16.1,N,11,S,,,1,Cerah,Sunny,https://api-apps.bmkg.go.id/storage/icon/cuaca/cerah-pm.svg,2026-09-20T21:00:00Z
51,51.71,51.71.02,51.71.02.1003,51.71.02.1003,Bali,Kota Denpasar,Denpasar Timur,Kesiman,2026-09-20T00:00:00,2026-09-21 00:00:00,2026-09-21 08:00:00,23-24,27,77,0,56,18.1,NE,71,SW,,,1,Cerah,Sunny,https://api-apps.bmkg.go.id/storage/icon/cuaca/cerah-am.svg,2026-09-21T00:00:00Z
51,51.71,51.71.02,51.71.02.1003,51.71.02.1003,Bali,Kota Denpasar,Denpasar Timur,Kesiman,2026-09-20T00:00:00,2026-09-21 03:00:00,2026-09-21 11:00:00,26-27,31,71,0,43,14.5,S,186,N,,,1,Cerah,Sunny,https://api-apps.bmkg.go.id/storage/icon/cuaca/cerah-am.svg,2026-09-21T03:00:00Z
51,51.71,51.71.02,51.71.02.1003,51.71.02.1003,Bali,Kota Denpasar,Denpasar Timur,Kesiman,2026-09-20T00:00:00,2026-09-21 06:00:00,2026-09-21 14:00:00,29-30,32,72,0,8,18.8,SE,164,NW,,,0,Cerah,Sunny,https://api-apps.bmkg.go.id/storage/icon/cuaca/cerah-am.svg,2026-09-21T06:00:00Z
51,51.71,51.71.02,51.71.02.1003,51.71.02.1003,Bali,Kota Denpasar,Denpasar Timur,Kesiman,2026-09-20T00:00:00,2026-09-21 09:00:00,2026-09-21 17:00:00,32-33,28,80,0,6,14.9,SE,166,NW,,,0,Cerah,Sunny,https://api-apps.bmkg.go.id/storage/icon/cuaca/cerah-am.svg,2026-09-21T09:00:00Z
51,51.71,51.71.02,51.71.02.1003,51.71.02.1003,Bali,Kota Denpasar,Denpasar Timur,Kesiman,2026-09-20T00:00:00,2026-09-21 12:00:00,2026-09-21 20:00:00,35-36,25,86,0,2,15.1,E,126,W,,,0,Cerah,Sunny,https://api-apps.bmkg.go.id/storage/icon/cuaca/cerah-pm.svg,2026-09-21T12:00:00Z
51,51.71,51.71.02,51.71.02.1003,51.71.02.1003,Bali,Kota Denpasar,Denpasar Timur,Kesiman,2026-09-20T00:00:00,2026-09-21 15:00:00,2026-09-21 23:00:00,38-39,25,92,0,31,28.9,E,119,W,,,1,Cerah,Sunny,https://api-apps.bmkg.go.id/storage/icon/cuaca/cerah-pm.svg,2026-09-21T15:00:00Z
51,51.71,51.71.02,51.71.02.1003,51.71.02.1003,Bali,Kota Denpasar,Denpasar Timur,Kesiman,2026-09-20T00:00:00,2026-09-21 18:00:00,2026-09-22 02:00:00,41-42,25,96,0,48,18.6,N,43,S,,,1,Cerah,Sunny,https://api-apps.bmkg.go.id/storage/icon/cuaca/cerah-pm.svg,2026-09-21T18:00:00Z
51,51.71,51.71.02,51.71.02.1003,51.71.02.1003,Bali,Kota Denpasar,Denpasar Timur,Kesiman,2026-09-20T00:00:00,2026-09-21 21:00:00,2026-09-22 05:00:00,44-45,23,97,0,61,13.3,NW,338,SE,,,2,Cerah Berawan,Partly Cloudy,https://api-apps.bmkg.go.id/storage/icon/cuaca/cerah berawan-pm.svg,2026-09-21T21:00:00Z
51,51.71,51.71.02,51.71.02.1003,51.71.02.1003,Bali,Kota Denpasar,Denpasar Timur,Kesiman,2026-09-20T00:00:00,2026-09-22 00:00:00,2026-09-22 08:00:00,47-48,27,79,0,26,13.2,NW,343,SE,,,1,Cerah,Sunny,https://api-apps.bmkg.go.id/storage/icon/cuaca/cerah-am.svg,2026-09-22T00:00:00Z
51,51.71,51.71.02,51.71.02.1003,51.71.02.1003,Bali,Kota Denpasar,Denpasar Timur,Kesiman,2026-09-20T00:00:00,2026-09-22 03:00:00,2026-09-22 11:00:00,50-51,31,71,0,0,20,E,112,W,,,0,Cerah,Sunny,https://api-apps.bmkg.go.id/storage/icon/cuaca/cerah-am.svg,2026-09-22T03:00:00Z
51,51.71,51.71.02,51.71.02.1003,51.71.02.1003,Bali,Kota Denpasar,Denpasar Timur,Kesiman,2026-09-20T00:00:00,2026-09-22 06:00:00,2026-09-22 14:00:00,53-54,32,75,0,51,20,E,112,W,,,1,Cerah,Sunny,https://api-apps.bmkg.go.id/storage/icon/cuaca/cerah-am.svg,2026-09-22T06:00:00Z
51,51.71,51.71.02,51.71.02.1003,51.71.02.1003,Bali,Kota Denpasar,Denpasar Timur,Kesiman,2026-09-20T00:00:00,2026-09-22 09:00:00,2026-09-22 17:00:00,56-57,27,85,0,66,21.3,E,90,W,,,2,Cerah Berawan,Partly Cloudy,https://api-apps.bmkg.go.id/storage/icon/cuaca/cerah berawan-am.svg,2026-09-22T09:00:00Z
51,51.71,51.71.02,51.71.02.1003,51.71.02.1003,Bali,Kota Denpasar,Denpasar Timur,Kesiman,2026-09-20T00:00:00,2026-09-22 12:00:00,2026-09-22 20:00:00,59-60,25,89,0,44,21.3,E,90,W,,,1,Cerah,Sunny,https://api-apps.bmkg.go.id/storage/icon/cuaca/cerah-pm.svg,2026-09-22T12:00:00Z
51,51.71,51.71.02,51.71.02.1003,51.71.02.1003,Bali,Kota Denpasar,Denpasar Timur,Kesiman,2026-09-20T00:00:00,2026-09-22 15:00:00,2026-09-22 23:00:00,62-63,25,89,0,61,13,E,112,W,,,2,Cerah Berawan,Partly Cloudy,https://api-apps.bmkg.go.id/storage/icon/cuaca/cerah berawan-pm.svg,2026-09-22T15:00:00Z
51,51.71,51.71.02,51.71.02.1006,51.71.02.1006,Bali,Kota Denpasar,Denpasar Timur,Sumerta,2026-09-20T00:00:00,2026-09-20 12:00:00,2026-09-20 20:00:00,11-12,26,89,0,36,19.5,E,131,W,,,1,Cerah,Sunny,https://api-apps.bmkg.go.id/storage/icon/cuaca/cerah-pm.svg,2026-09-20T12:00:00Z
51,51.71,51.71.02,51.71.02.1006,51.71.02.1006,Bali,Kota Denpasar,Denpasar Timur,Sumerta,2026-09-20T00:00:00,2026-09-20 15:00:00,2026-09-20 23:00:00,14-15,24,92,0,50,16.8,E,98,W,,,1,Cerah,Sunny,https://api-apps.bmkg.go.id/storage/icon/cuaca/cerah-pm.svg,2026-09-20T15:00:00Z
51,51.71,51.71.02,51.71.02.1006,51.71.02.1006,Bali,Kota Denpasar,Denpasar Timur,Sumerta,2026-09-20T00:00:00,2026-09-20 18:00:00,2026-09-21 02:00:00,17-18,24,94,0,34,16.6,E,95,W,,,1,Cerah,Sunny,https://api-apps.bmkg.go.id/storage/icon/cuaca/cerah-pm.svg,2026-09-20T18:00:00Z
51,51.71,51.71.02,51.71.02.1006,51.71.02.1006,Bali,Kota Denpasar,Denpasar Timur,Sumerta,2026-09-20T00:00:00,2026-09-20 21:00:00,2026-09-21 05:00:00,20-21,24,95,0,37,16.1,N,28,S,,,1,Cerah,Sunny,https://api-apps.bmkg.go.id/storage/icon/cuaca/cerah-pm.svg,2026-09-20T21:00:00Z
51,51.71,51.71.02,51.71.02.1006,51.71.02.1006,Bali,Kota Denpasar,Denpasar Timur,Sumerta,2026-09-20T00:00:00,2026-09-21 00:00:00,2026-09-21 08:00:00,23-24,27,73,0,55,18.2,E,108,W,,,1,Cerah,Sunny,https://api-apps.bmkg.go.id/storage/icon/cuaca/cerah-am.svg,2026-09-21T00:00:00Z
51,51.71,51.71.02,51.71.02.1006,51.71.02.1006,Bali,Kota Denpasar,Denpasar Timur,Sumerta,2026-09-20T00:00:00,2026-09-21 03:00:00,2026-09-21 11:00:00,26-27,31,65,0,44,14.5,E,132,W,,,1,Cerah,Sunny,https://api-apps.bmkg.go.id/storage/icon/cuaca/cerah-am.svg,2026-09-21T03:00:00Z
51,51.71,51.71.02,51.71.02.1006,51.71.02.1006,Bali,Kota Denpasar,Denpasar Timur,Sumerta,2026-09-20T00:00:00,2026-09-21 06:00:00,2026-09-21 14:00:00,29-30,32,66,0,9,17.6,SE,139,NW,,,0,Cerah,Sunny,https://api-apps.bmkg.go.id/storage/icon/cuaca/cerah-am.svg,2026-09-21T06:00:00Z
51,51.71,51.71.02,51.71.02.1006,51.71.02.1006,Bali,Kota Denpasar,Denpasar Timur,Sumerta,2026-09-20T00:00:00,2026-09-21 09:00:00,2026-09-21 17:00:00,32-33,28,78,0,6,14.7,SE,136,NW,,,0,Cerah,Sunny,https://api-apps.bmkg.go.id/storage/icon/cuaca/cerah-am.svg,2026-09-21T09:00:00Z
51,51.71,51.71.02,51.71.02.1006,51.71.02.1006,Bali,Kota Denpasar,Denpasar Timur,Sumerta,2026-09-20T00:00:00,2026-09-21 12:00:00,2026-09-21 20:00:00,35-36,25,87,0,2,16.4,E,126,W,,,0,Cerah,Sunny,https://api-apps.bmkg.go.id/storage/icon/cuaca/cerah-pm.svg,2026-09-21T12:00:00Z
51,51.71,51.71.02,51.71.02.1006,51.71.02.1006,Bali,Kota Denpasar,Denpasar Timur,Sumerta,2026-09-20T00:00:00,2026-09-21 15:00:00,2026-09-21 23:00:00,38-39,25,92,0,33,28.2,E,110,W,,,1,Cerah,Sunny,https://api-apps.bmkg.go.id/storage/icon/cuaca/cerah-pm.svg,2026-09-21T15:00:00Z
51,51.71,51.71.02,51.71.02.1006,51.71.02.1006,Bali,Kota Denpasar,Denpasar Timur,Sumerta,2026-09-20T00:00:00,2026-09-21 18:00:00,2026-09-22 02:00:00,41-42,25,96,0,44,16.3,NE,82,SW,,,1,Cerah,Sunny,https://api-apps.bmkg.go.id/storage/icon/cuaca/cerah-pm.svg,2026-09-21T18:00:00Z
51,51.71,51.71.02,51.71.02.1006,51.71.02.1006,Bali,Kota Denpasar,Denpasar Timur,Sumerta,2026-09-20T00:00:00,2026-09-21 21:00:00,2026-09-22 05:00:00,44-45,23,97,0,59,13.1,N,13,S,,,1,Cerah,Sunny,https://api-apps.bmkg.go.id/storage/icon/cuaca/cerah-pm.svg,2026-09-21T21:00:00Z
51,51.71,51.71.02,51.71.02.1006,51.71.02.1006,Bali,Kota Denpasar,Denpasar Timur,Sumerta,2026-09-20T00:00:00,2026-09-22 00:00:00,2026-09-22 08:00:00,47-48,27,75,0,25,13.3,NE,80,SW,,,1,Cerah,Sunny,https://api-apps.bmkg.go.id/storage/icon/cuaca/cerah-am.svg,2026-09-22T00:00:00Z
51,51.71,51.71.02,51.71.02.1006,51.71.02.1006,Bali,Kota Denpasar,Denpasar Timur,Sumerta,2026-09-20T00:00:00,2026-09-22 03:00:00,2026-09-22 11:00:00,50-51,32,66,0,0,18.1,E,112,W,,,0,Cerah,Sunny,https://api-apps.bmkg.go.id/storage/icon/cuaca/cerah-am.svg,2026-09-22T03:00:00Z
51,51.71,51.71.02,51.71.02.1006,51.71.02.1006,Bali,Kota Denpasar,Denpasar Timur,Sumerta,2026-09-20T00:00:00,2026-09-22 06:00:00,2026-09-22 14:00:00,53-54,32,70,0,51,18.1,E,112,W,,,1,Cerah,Sunny,https://api-apps.bmkg.go.id/storage/icon/cuaca/cerah-am.svg,2026-09-22T06:00:00Z
51,51.71,51.71.02,51.71.02.1006,51.71.02.1006,Bali,Kota Denpasar,Denpasar Timur,Sumerta,2026-09-20T00:00:00,2026-09-22 09:00:00,2026-09-22 17:00:00,56-57,27,84,0,63,20.8,E,90,W,,,2,Cerah Berawan,Partly Cloudy,https://api-apps.bmkg.go.id/storage/icon/cuaca/cerah berawan-am.svg,2026-09-22T09:00:00Z
51,51.71,51.71.02,51.71.02.1006,51.71.02.1006,Bali,Kota Denpasar,Denpasar Timur,Sumerta,2026-09-20T00:00:00,2026-09-22 12:00:00,2026-09-22 20:00:00,59-60,25,89,0,41,20.8,E,90,W,,,1,Cerah,Sunny,https://api-apps.bmkg.go.id/storage/icon/cuaca/cerah-pm.svg,2026-09-22T12:00:00Z
51,51.71,51.71.02,51.71.02.1006,51.71.02.1006,Bali,Kota Denpasar,Denpasar Timur,Sumerta,2026-09-20T00:00:00,2026-09-22 15:00:00,2026-09-22 23:00:00,62-63,24,90,0,60,13,E,112,W,,,1,Cerah,Sunny,https://api-apps.bmkg.go.id/storage/icon/cuaca/cerah-pm.svg,2026-09-22T15:00:00Z
51,51.71,51.71.02,51.71.02.1010,51.71.02.1010,Bali,Kota Denpasar,Denpasar Timur,Dangin Puri,2026-09-20T00:00:00,2026-09-20 12:00:00,2026-09-20 20:00:00,11-12,26,89,0,36,19.5,E,131,W,,,1,Cerah,Sunny,https://api-apps.bmkg.go.id/storage/icon/cuaca/cerah-pm.svg,2026-09-20T12:00:00Z
51,51.71,51.71.02,51.71.02.1010,51.71.02.1010,Bali,Kota Denpasar,Denpasar Timur,Dangin Puri,2026-09-20T00:00:00,2026-09-20 15:00:00,2026-09-20 23:00:00,14-15,24,92,0,50,16.8,E,98,W,,,1,Cerah,Sunny,https://api-apps.bmkg.go.id/storage/icon/cuaca/cerah-pm.svg,2026-09-20T15:00:00Z
51,51.71,51.71.02,51.71.02.1010,51.71.02.1010,Bali,Kota Denpasar,Denpasar Timur,Dangin Puri,2026-09-20T00:00:00,2026-09-20 18:00:00,2026-09-21 02:00:00,17-18,24,94,0,34,16.6,E,95,W,,,1,Cerah,Sunny,https://api-apps.bmkg.go.id/storage/icon/cuaca/cerah-pm.svg,2026-09-20T18:00:00Z
51,51.71,51.71.02,51.71.02.1010,51.71.02.1010,Bali,Kota Denpasar,Denpasar Timur,Dangin Puri,2026-09-20T00:00:00,2026-09-20 21:00:00,2026-09-21 05:00:00,20-21,24,95,0,37,16.1,N,28,S,,,1,Cerah,Sunny,https://api-apps.bmkg.go.id/storage/icon/cuaca/cerah-pm.svg,2026-09-20T21:00:00Z
51,51.71,51.71.02,51.71.02.1010,51.71.02.1010,Bali,Kota Denpasar,Denpasar Timur,Dangin Puri,2026-09-20T00:00:00,2026-09-21 00:00:00,2026-09-21 08:00:00,23-24,27,73,0,55,18.2,E,108,W,,,1,Cerah,Sunny,https://api-apps.bmkg.go.id/storage/icon/cuaca/cerah-am.svg,2026-09-21T00:00:00Z
51,51.71,51.71.02,51.71.02.1010,51.71.02.1010,Bali,Kota Denpasar,Denpasar Timur,Dangin Puri,2026-09-20T00:00:00,2026-09-21 03:00:00,2026-09-21 11:00:00,26-27,31,65,0,44,14.5,E,132,W,,,1,Cerah,Sunny,https://api-apps.bmkg.go.id/storage/icon/cuaca/cerah-am.svg,2026-09-21T03:00:00Z
51,51.71,51.71.02,51.71.02.1010,51.71.02.1010,Bali,Kota Denpasar,Denpasar Timur,Dangin Puri,2026-09-20T00:00:00,2026-09-21 06:00:00,2026-09-21 14:00:00,29-30,32,66,0,9,17.6,SE,139,NW,,,0,Cerah,Sunny,https://api-apps.bmkg.go.id/storage/icon/cuaca/cerah-am.svg,2026-09-21T06:00:00Z
51,51.71,51.71.02,51.71.02.1010,51.71.02.1010,Bali,Kota Denpasar,Denpasar Timur,Dangin Puri,2026-09-20T00:00:00,2026-09-21 09:00:00,2026-09-21 17:00:00,32-33,28,78,0,6,14.7,SE,136,NW,,,0,Cerah,Sunny,https://api-apps.bmkg.go.id/storage/icon/cuaca/cerah-am.svg,2026-09-21T09:00:00Z
51,51.71,51.71.02,51.71.02.1010,51.71.02.1010,Bali,Kota Denpasar,Denpasar Timur,Dangin Puri,2026-09-20T00:00:00,2026-09-21 12:00:00,2026-09-21 20:00:00,35-36,25,87,0,2,16.4,E,126,W,,,0,Cerah,Sunny,https://api-apps.bmkg.go.id/storage/icon/cuaca/cerah-pm.svg,2026-09-21T12:00:00Z
51,51.71,51.71.02,51.71.02.1010,51.71.02.1010,Bali,Kota Denpasar,Denpasar Timur,Dangin Puri,2026-09-20T00:00:00,2026-09-21 15:00:00,2026-09-21 23:00:00,38-39,25,92,0,33,28.2,E,110,W,,,1,Cerah,Sunny,https://api-apps.bmkg.go.id/storage/icon/cuaca/cerah-pm.svg,2026-09-21T15:00:00Z
51,51.71,51.71.02,51.71.02.1010,51.71.02.1010,Bali,Kota Denpasar,Denpasar Timur,Dangin Puri,2026-09-20T00:00:00,2026-09-21 18:00:00,2026-09-22 02:00:00,41-42,25,96,0,44,16.3,NE,82,SW,,,1,Cerah,Sunny,https://api-apps.bmkg.go.id/storage/icon/cuaca/cerah-pm.svg,2026-09-21T18:00:00Z
51,51.71,51.71.02,51.71.02.1010,51.71.02.1010,Bali,Kota Denpasar,Denpasar Timur,Dangin Puri,2026-09-20T00:00:00,2026-09-21 21:00:00,2026-09-22 05:00:00,44-45,23,97,0,59,13.1,N,13,S,,,1,Cerah,Sunny,https://api-apps.bmkg.go.id/storage/icon/cuaca/cerah-pm.svg,2026-09-21T21:00:00Z
51,51.71,51.71.02,51.71.02.1010,51.71.02.1010,Bali,Kota Denpasar,Denpasar Timur,Dangin Puri,2026-09-20T00:00:00,2026-09-22 00:00:00,2026-09-22 08:00:00,47-48,27,75,0,25,13.3,NE,80,SW,,,1,Cerah,Sunny,https://api-apps.bmkg.go.id/storage/icon/cuaca/cerah-am.svg,2026-09-22T00:00:00Z
51,51.71,51.71.02,51.71.02.1010,51.71.02.1010,Bali,Kota Denpasar,Denpasar Timur,Dangin Puri,2026-09-20T00:00:00,2026-09-22 03:00:00,2026-09-22 11:00:00,50-51,32,66,0,0,18.1,E,112,W,,,0,Cerah,Sunny,https://api-apps.bmkg.go.id/storage/icon/cuaca/cerah-am.svg,2026-09-22T03:00:00Z
51,51.71,51.71.02,51.71.02.1010,51.71.02.1010,Bali,Kota Denpasar,Denpasar Timur,Dangin Puri,2026-09-20T00:00:00,2026-09-22 06:00:00,2026-09-22 14:00:00,53-54,32,70,0,51,18.1,E,112,W,,,1,Cerah,Sunny,https://api-apps.bmkg.go.id/storage/icon/cuaca/cerah-am.svg,2026-09-22T06:00:00Z
51,51.71,51.71.02,51.71.02.1010,51.71.02.1010,Bali,Kota Denpasar,Denpasar Timur,Dangin Puri,2026-09-20T00:00:00,2026-09-22 09:00:00,2026-09-22 17:00:00,56-57,27,84,0,63,20.8,E,90,W,,,2,Cerah Berawan,Partly Cloudy,https://api-apps.bmkg.go.id/storage/icon/cuaca/cerah berawan-am.svg,2026-09-22T09:00:00Z
51,51.71,51.71.02,51.71.02.1010,51.71.02.1010,Bali,Kota Denpasar,Denpasar Timur,Dangin Puri,2026-09-20T00:00:00,2026-09-22 12:00:00,2026-09-22 20:00:00,59-60,25,89,0,41,20.8,E,90,W,,,1,Cerah,Sunny,https://api-apps.bmkg.go.id/storage/icon/cuaca/cerah-pm.svg,2026-09-22T12:00:00Z
51,51.71,51.71.02,51.71.02.1010,51.71.02.1010,Bali,Kota Denpasar,Denpasar Timur,Dangin Puri,2026-09-20T00:00:00,2026-09-22 15:00:00,2026-09-22 23:00:00,62-63,24,90,0,60,13,E,112,W,,,1,Cerah,Sunny,https://api-apps.bmkg.go.id/storage/icon/cuaca/cerah-pm.svg,2026-09-22T15:00:00Z
51,51.71,51.71.02,51.71.02.1014,51.71.02.1014,Bali,Kota Denpasar,Denpasar Timur,Penatih,2026-09-20T00:00:00,2026-09-20 12:00:00,2026-09-20 20:00:00,11-12,26,90,0,33,17.6,E,125,W,,,1,Cerah,Sunny,https://api-apps.bmkg.go.id/storage/icon/cuaca/cerah-pm.svg,2026-09-20T12:00:00Z
51,51.71,51.71.02,51.71.02.1014,51.71.02.1014,Bali,Kota Denpasar,Denpasar Timur,Penatih,2026-09-20T00:00:00,2026-09-20 15:00:00,2026-09-20 23:00:00,14-15,24,92,0,56,17,N,43,S,,,1,Cerah,Sunny,https://api-apps.bmkg.go.id/storage/icon/cuaca/cerah-pm.svg,2026-09-20T15:00:00Z
51,51.71,51.71.02,51.71.02.1014,51.71.02.1014,Bali,Kota Denpasar,Denpasar Timur,Penatih,2026-09-20T00:00:00,2026-09-20 18:00:00,2026-09-21 02:00:00,17-18,24,94,0,34,16.9,E,95,W,,,1,Cerah,Sunny,https://api-apps.bmkg.go.id/storage/icon/cuaca/cerah-pm.svg,2026-09-20T18:00:00Z
51,51.71,51.71.02,51.71.02.1014,51.71.02.1014,Bali,Kota Denpasar,Denpasar Timur,Penatih,2026-09-20T00:00:00,2026-09-20 21:00:00,2026-09-21 05:00:00,20-21,23,95,0,32,17.1,N,17,S,,,1,Cerah,Sunny,https://api-apps.bmkg.go.id/storage/icon/cuaca/cerah-pm.svg,2026-09-20T21:00:00Z
51,51.71,51.71.02,51.71.02.1014,51.71.02.1014,Bali,Kota Denpasar,Denpasar Timur,Penatih,2026-09-20T00:00:00,2026-09-21 00:00:00,2026-09-21 08:00:00,23-24,27,72,0,54,18.4,E,93,W,,,1,Cerah,Sunny,https://api-apps.bmkg.go.id/storage/icon/cuaca/cerah-am.svg,2026-09-21T00:00:00Z
51,51.71,51.71.02,51.71.02.1014,51.71.02.1014,Bali,Kota Denpasar,Denpasar Timur,Penatih,2026-09-20T00:00:00,2026-09-21 03:00:00,2026-09-21 11:00:00,26-27,31,63,0,49,14.1,E,124,W,,,1,Cerah,Sunny,https://api-apps.bmkg.go.id/storage/icon/cuaca/cerah-am.svg,2026-09-21T03:00:00Z
51,51.71,51.71.02,51.71.02.1014,51.71.02.1014,Bali,Kota Denpasar,Denpasar Timur,Penatih,2026-09-20T00:00:00,2026-09-21 06:00:00,2026-09-21 14:00:00,29-30,32,65,0,12,13.8,SE,142,NW,,,1,Cerah,Sunny,https://api-apps.bmkg.go.id/storage/icon/cuaca/cerah-am.svg,2026-09-21T06:00:00Z
51,51.71,51.71.02,51.71.02.1014,51.71.02.1014,Bali,Kota Denpasar,Denpasar Timur,Penatih,2026-09-20T00:00:00,2026-09-21 09:00:00,2026-09-21 17:00:00,32-33,28,77,0,7,14.5,E,134,W,,,0,Cerah,Sunny,https://api-apps.bmkg.go.id/storage/icon/cuaca/cerah-am.svg,2026-09-21T09:00:00Z
51,51.71,51.71.02,51.71.02.1014,51.71.02.1014,Bali,Kota Denpasar,Denpasar Timur,Penatih,2026-09-20T00:00:00,2026-09-21 12:00:00,2026-09-21 20:00:00,35-36,25,87,0,2,14.5,E,113,W,,,0,Cerah,Sunny,https://api-apps.bmkg.go.id/storage/icon/cuaca/cerah-pm.svg,2026-09-21T12:00:00Z
51,51.71,51.71.02,51.71.02.1014,51.71.02.1014,Bali,Kota Denpasar,Denpasar Timur,Penatih,2026-09-20T00:00:00,2026-09-21 15:00:00,2026-09-21 23:00:00,38-39,25,93,0,35,25.7,NE,61,SW,,,1,Cerah,Sunny,https://api-apps.bmkg.go.id/storage/icon/cuaca/cerah-pm.svg,2026-09-21T15:00:00Z
51,51.71,51.71.02,51.71.02.1014,51.71.02.1014,Bali,Kota Denpasar,Denpasar Timur,Penatih,2026-09-20T00:00:00,2026-09-21 18:00:00,2026-09-22 02:00:00,41-42,24,96,0,40,15.9,N,29,S,,,1,Cerah,Sunny,https://api-apps.bmkg.go.id/storage/icon/cuaca/cerah-pm.svg,2026-09-21T18:00:00Z
51,51.71,51.71.02,51.71.02.1014,51.71.02.1014,Bali,Kota Denpasar,Denpasar Timur,Penatih,2026-09-20T00:00:00,2026-09-21 21:00:00,2026-09-22 05:00:00,44-45,23,98,0,62,13.8,N,32,S,,,2,Cerah Berawan,Partly Cloudy,https://api-apps.bmkg.go.id/storage/icon/cuaca/cerah berawan-pm.svg,2026-09-21T21:00:00Z
51,51.71,51.71.02,51.71.02.1014,51.71.02.1014,Bali,Kota Denpasar,Denpasar Timur,Penatih,2026-09-20T00:00:00,2026-09-22 00:00:00,2026-09-22 08:00:00,47-48,27,74,0,33,13.8,NE,68,SW,,,1,Cerah,Sunny,https://api-apps.bmkg.go.id/storage/icon/cuaca/cerah-am.svg,2026-09-22T00:00:00Z
51,51.71,51.71.02,51.71.02.1014,51.71.02.1014,Bali,Kota Denpasar,Denpasar Timur,Penatih,2026-09-20T00:00:00,2026-09-22 03:00:00,2026-09-22 11:00:00,50-51,31,64,0,0,14.8,E,112,W,,,0,Cerah,Sunny,https://api-apps.bmkg.go.id/storage/icon/cuaca/cerah-am.svg,2026-09-22T03:00:00Z
51,51.71,51.71.02,51.71.02.1014,51.71.02.1014,Bali,Kota Denpasar,Denpasar Timur,Penatih,2026-09-20T00:00:00,2026-09-22 06:00:00,2026-09-22 14:00:00,53-54,31,68,0,51,14.8,E,112,W,,,1,Cerah,Sunny,https://api-apps.bmkg.go.id/storage/icon/cuaca/cerah-am.svg,2026-09-22T06:00:00Z
51,51.71,51.71.02,51.71.02.1014,51.71.02.1014,Bali,Kota Denpasar,Denpasar Timur,Penatih,2026-09-20T00:00:00,2026-09-22 09:00:00,2026-09-22 17:00:00,56-57,27,82,0,65,19.4,E,90,W,,,2,Cerah Berawan,Partly Cloudy,https://api-apps.bmkg.go.id/storage/icon/cuaca/cerah berawan-am.svg,2026-09-22T09:00:00Z
51,51.71,51.71.02,51.71.02.1014,51.71.02.1014,Bali,Kota Denpasar,Denpasar Timur,Penatih,2026-09-20T00:00:00,2026-09-22 12:00:00,2026-09-22 20:00:00,59-60,25,89,0,45,19.4,E,90,W,,,1,Cerah,Sunny,https://api-apps.bmkg.go.id/storage/icon/cuaca/cerah-pm.svg,2026-09-22T12:00:00Z
51,51.71,51.71.02,51.71.02.1014,51.71.02.1014,Bali,Kota Denpasar,Denpasar Timur,Penatih,2026-09-20T00:00:00,2026-09-22 15:00:00,2026-09-22 23:00:00,62-63,24,91,0,61,13.5,E,112,W,,,2,Cerah Berawan,Partly Cloudy,https://api-apps.bmkg.go.id/storage/icon/cuaca/cerah berawan-pm.svg,2026-09-22T15:00:00Z
51,51.71,51.71.02,51.71.02.2001,51.71.02.2001,Bali,Kota Denpasar,Denpasar Timur,Dangin Puri Kelod,2026-09-20T00:00:00,2026-09-20 12:00:00,2026-09-20 20:00:00,11-12,26,88,0,37,21.9,E,131,W,,,1,Cerah,Sunny,https://api-apps.bmkg.go.id/storage/icon/cuaca/cerah-pm.svg,2026-09-20T12:00:00Z
51,51.71,51.71.02,51.71.02.2001,51.71.02.2001,Bali,Kota Denpasar,Denpasar Timur,Dangin Puri Kelod,2026-09-20T00:00:00,2026-09-20 15:00:00,2026-09-20 23:00:00,14-15,24,92,0,39,16.8,E,98,W,,,1,Cerah,Sunny,https://api-apps.bmkg.go.id/storage/icon/cuaca/cerah-pm.svg,2026-09-20T15:00:00Z
51,51.71,51.71.02,51.71.02.2001,51.71.02.2001,Bali,Kota Denpasar,Denpasar Timur,Dangin Puri Kelod,2026-09-20T00:00:00,2026-09-20 18:00:00,2026-09-21 02:00:00,17-18,24,95,0,31,15.8,E,94,W,,,1,Cerah,Sunny,https://api-apps.bmkg.go.id/storage/icon/cuaca/cerah-pm.svg,2026-09-20T18:00:00Z
51,51.71,51.71.02,51.71.02.2001,51.71.02.2001,Bali,Kota Denpasar,Denpasar Timur,Dangin Puri Kelod,2026-09-20T00:00:00,2026-09-20 21:00:00,2026-09-21 05:00:00,20-21,24,95,0,42,15.1,N,28,S,,,1,Cerah,Sunny,https://api-apps.bmkg.go.id/storage/icon/cuaca/cerah-pm.svg,2026-09-20T21:00:00Z
51,51.71,51.71.02,51.71.02.2001,51.71.02.2001,Bali,Kota Denpasar,Denpasar Timur,Dangin Puri Kelod,2026-09-20T00:00:00,2026-09-21 00:00:00,2026-09-21 08:00:00,23-24,27,74,0,57,17.9,E,108,W,,,1,Cerah,Sunny,https://api-apps.bmkg.go.id/storage/icon/cuaca/cerah-am.svg,2026-09-21T00:00:00Z
51,51.71,51.71.02,51.71.02.2001,51.71.02.2001,Bali,Kota Denpasar,Denpasar Timur,Dangin Puri Kelod,2026-09-20T00:00:00,2026-09-21 03:00:00,2026-09-21 11:00:00,26-27,30,68,0,39,14.4,E,132,W,,,1,Cerah,Sunny,https://api-apps.bmkg.go.id/storage/icon/cuaca/cerah-am.svg,2026-09-21T03:00:00Z
51,51.71,51.71.02,51.71.02.2001,51.71.02.2001,Bali,Kota Denpasar,Denpasar Timur,Dangin Puri Kelod,2026-09-20T00:00:00,2026-09-21 06:00:00,2026-09-21 14:00:00,29-30,31,68,0,6,17.6,SE,139,NW,,,0,Cerah,Sunny,https://api-apps.bmkg.go.id/storage/icon/cuaca/cerah-am.svg,2026-09-21T06:00:00Z
51,51.71,51.71.02,51.71.02.2001,51.71.02.2001,Bali,Kota Denpasar,Denpasar Timur,Dangin Puri Kelod,2026-09-20T00:00:00,2026-09-21 09:00:00,2026-09-21 17:00:00,32-33,27,79,0,5,14.7,SE,136,NW,,,0,Cerah,Sunny,https://api-apps.bmkg.go.id/storage/icon/cuaca/cerah-am.svg,2026-09-21T09:00:00Z
51,51.71,51.71.02,51.71.02.2001,51.71.02.2001,Bali,Kota Denpasar,Denpasar Timur,Dangin Puri Kelod,2026-09-20T00:00:00,2026-09-21 12:00:00,2026-09-21 20:00:00,35-36,25,87,0,1,19.1,E,126,W,,,0,Cerah,Sunny,https://api-apps.bmkg.go.id/storage/icon/cuaca/cerah-pm.svg,2026-09-21T12:00:00Z
51,51.71,51.71.02,51.71.02.2001,51.71.02.2001,Bali,Kota Denpasar,Denpasar Timur,Dangin Puri Kelod,2026-09-20T00:00:00,2026-09-21 15:00:00,2026-09-21 23:00:00,38-39,25,91,0,30,28.6,E,110,W,,,1,Cerah,Sunny,https://api-apps.bmkg.go.id/storage/icon/cuaca/cerah-pm.svg,2026-09-21T15:00:00Z
51,51.71,51.71.02,51.71.02.2001,51.71.02.2001,Bali,Kota Denpasar,Denpasar Timur,Dangin Puri Kelod,2026-09-20T00:00:00,2026-09-21 18:00:00,2026-09-22 02:00:00,41-42,25,96,0,46,17.7,NE,82,SW,,,1,Cerah,Sunny,https://api-apps.bmkg.go.id/storage/icon/cuaca/cerah-pm.svg,2026-09-21T18:00:00Z
51,51.71,51.71.02,51.71.02.2001,51.71.02.2001,Bali,Kota Denpasar,Denpasar Timur,Dangin Puri Kelod,2026-09-20T00:00:00,2026-09-21 21:00:00,2026-09-22 05:00:00,44-45,23,96,0,56,12.4,N,13,S,,,1,Cerah,Sunny,https://api-apps.bmkg.go.id/storage/icon/cuaca/cerah-pm.svg,2026-09-21T21:00:00Z
51,51.71,51.71.02,51.71.02.2001,51.71.02.2001,Bali,Kota Denpasar,Denpasar Timur,Dangin Puri Kelod,2026-09-20T00:00:00,2026-09-22 00:00:00,2026-09-22 08:00:00,47-48,27,76,0,17,12.6,NE,80,SW,,,1,Cerah,Sunny,https://api-apps.bmkg.go.id/storage/icon/cuaca/cerah-am.svg,2026-09-22T00:00:00Z
51,51.71,51.71.02,51.71.02.2001,51.71.02.2001,Bali,Kota Denpasar,Denpasar Timur,Dangin Puri Kelod,2026-09-20T00:00:00,2026-09-22 03:00:00,2026-09-22 11:00:00,50-51,32,68,0,0,18.1,E,112,W,,,0,Cerah,Sunny,https://api-apps.bmkg.go.id/storage/icon/cuaca/cerah-am.svg,2026-09-22T03:00:00Z
51,51.71,51.71.02,51.71.02.2001,51.71.02.2001,Bali,Kota Denpasar,Denpasar Timur,Dangin Puri Kelod,2026-09-20T00:00:00,2026-09-22 06:00:00,2026-09-22 14:00:00,53-54,32,72,0,52,18.1,E,112,W,,,1,Cerah,Sunny,https://api-apps.bmkg.go.id/storage/icon/cuaca/cerah-am.svg,2026-09-22T06:00:00Z
51,51.71,51.71.02,51.71.02.2001,51.71.02.2001,Bali,Kota Denpasar,Denpasar Timur,Dangin Puri Kelod,2026-09-20T00:00:00,2026-09-22 09:00:00,2026-09-22 17:00:00,56-57,27,85,0,62,21.5,E,90,W,,,2,Cerah Berawan,Partly Cloudy,https://api-apps.bmkg.go.id/storage/icon/cuaca/cerah berawan-am.svg,2026-09-22T09:00:00Z
51,51.71,51.71.02,51.71.02.2001,51.71.02.2001,Bali,Kota Denpasar,Denpasar Timur,Dangin Puri Kelod,2026-09-20T00:00:00,2026-09-22 12:00:00,2026-09-22 20:00:00,59-60,25,89,0,39,21.5,E,90,W,,,1,Cerah,Sunny,https://api-apps.bmkg.go.id/storage/icon/cuaca/cerah-pm.svg,2026-09-22T12:00:00Z
51,51.71,51.71.02,51.71.02.2001,51.71.02.2001,Bali,Kota Denpasar,Denpasar Timur,Dangin Puri Kelod,2026-09-20T00:00:00,2026-09-22 15:00:00,2026-09-22 23:00:00,62-63,25,89,0,60,12.2,E,112,W,,,1,Cerah,Sunny,https://api-apps.bmkg.go.id/storage/icon/cuaca/cerah-pm.svg,2026-09-22T15:00:00Z
51,51.71,51.71.02,51.71.02.2002,51.71.02.2002,Bali,Kota Denpasar,Denpasar Timur,Sumerta Kelod,2026-09-20T00:00:00,2026-09-20 12:00:00,2026-09-20 20:00:00,11-12,26,88,0,37,21.9,E,131,W,,,1,Cerah,Sunny,https://api-apps.bmkg.go.id/storage/icon/cuaca/cerah-pm.svg,2026-09-20T12:00:00Z
51,51.71,51.71.02,51.71.02.2002,51.71.02.2002,Bali,Kota Denpasar,Denpasar Timur,Sumerta Kelod,2026-09-20T00:00:00,2026-09-20 15:00:00,2026-09-20 23:00:00,14-15,24,92,0,39,16.8,E,98,W,,,1,Cerah,Sunny,https://api-apps.bmkg.go.id/storage/icon/cuaca/cerah-pm.svg,2026-09-20T15:00:00Z
51,51.71,51.71.02,51.71.02.2002,51.71.02.2002,Bali,Kota Denpasar,Denpasar Timur,Sumerta Kelod,2026-09-20T00:00:00,2026-09-20 18:00:00,2026-09-21 02:00:00,17-18,24,95,0,31,15.8,E,94,W,,,1,Cerah,Sunny,https://api-apps.bmkg.go.id/storage/icon/cuaca/cerah-pm.svg,2026-09-20T18:00:00Z
51,51.71,51.71.02,51.71.02.2002,51.71.02.2002,Bali,Kota Denpasar,Denpasar Timur,Sumerta Kelod,2026-09-20T00:00:00,2026-09-20 21:00:00,2026-09-21 05:00:00,20-21,24,95,0,42,15.1,N,28,S,,,1,Cerah,Sunny,https://api-apps.bmkg.go.id/storage/icon/cuaca/cerah-pm.svg,2026-09-20T21:00:00Z
51,51.71,51.71.02,51.71.02.2002,51.71.02.2002,Bali,Kota Denpasar,Denpasar Timur,Sumerta Kelod,2026-09-20T00:00:00,2026-09-21 00:00:00,2026-09-21 08:00:00,23-24,27,74,0,57,17.9,E,108,W,,,1,Cerah,Sunny,https://api-apps.bmkg.go.id/storage/icon/cuaca/cerah-am.svg,2026-09-21T00:00:00Z
51,51.71,51.71.02,51.71.02.2002,51.71.02.2002,Bali,Kota Denpasar,Denpasar Timur,Sumerta Kelod,2026-09-20T00:00:00,2026-09-21 03:00:00,2026-09-21 11:00:00,26-27,30,68,0,39,14.4,E,132,W,,,1,Cerah,Sunny,https://api-apps.bmkg.go.id/storage/icon/cuaca/cerah-am.svg,2026-09-21T03:00:00Z
51,51.71,51.71.02,51.71.02.2002,51.71.02.2002,Bali,Kota Denpasar,Denpasar Timur,Sumerta Kelod,2026-09-20T00:00:00,2026-09-21 06:00:00,2026-09-21 14:00:00,29-30,31,68,0,6,17.6,SE,139,NW,,,0,Cerah,Sunny,https://api-apps.bmkg.go.id/storage/icon/cuaca/cerah-am.svg,2026-09-21T06:00:00Z
51,51.71,51.71.02,51.71.02.2002,51.71.02.2002,Bali,Kota Denpasar,Denpasar Timur,Sumerta Kelod,2026-09-20T00:00:00,2026-09-21 09:00:00,2026-09-21 17:00:00,32-33,27,79,0,5,14.7,SE,136,NW,,,0,Cerah,Sunny,https://api-apps.bmkg.go.id/storage/icon/cuaca/cerah-am.svg,2026-09-21T09:00:00Z
51,51.71,51.71.02,51.71.02.2002,51.71.02.2002,Bali,Kota Denpasar,Denpasar Timur,Sumerta Kelod,2026-09-20T00:00:00,2026-09-21 12:00:00,2026-09-21 20:00:00,35-36,25,87,0,1,19.1,E,126,W,,,0,Cerah,Sunny,https://api-apps.bmkg.go.id/storage/icon/cuaca/cerah-pm.svg,2026-09-21T12:00:00Z
51,51.71,51.71.02,51.71.02.2002,51.71.02.2002,Bali,Kota Denpasar,Denpasar Timur,Sumerta Kelod,2026-09-20T00:00:00,2026-09-21 15:00:00,2026-09-21 23:00:00,38-39,25,91,0,30,28.6,E,110,W,,,1,Cerah,Sunny,https://api-apps.bmkg.go.id/storage/icon/cuaca/cerah-pm.svg,2026-09-21T15:00:00Z
51,51.71,51.71.02,51.71.02.2002,51.71.02.2002,Bali,Kota Denpasar,Denpasar Timur,Sumerta Kelod,2026-09-20T00:00:00,2026-09-21 18:00:00,2026-09-22 02:00:00,41-42,25,96,0,46,17.7,NE,82,SW,,,1,Cerah,Sunny,https://api-apps.bmkg.go.id/storage/icon/cuaca/cerah-pm.svg,2026-09-21T18:00:00Z
51,51.71,51.71.02,51.71.02.2002,51.71.02.2002,Bali,Kota Denpasar,Denpasar Timur,Sumerta Kelod,2026-09-20T00:00:00,2026-09-21 21:00:00,2026-09-22 05:00:00,44-45,23,96,0,56,12.4,N,13,S,,,1,Cerah,Sunny,https://api-apps.bmkg.go.id/storage/icon/cuaca/cerah-pm.svg,2026-09-21T21:00:00Z
51,51.71,51.71.02,51.71.02.2002,51.71.02.2002,Bali,Kota Denpasar,Denpasar Timur,Sumerta Kelod,2026-09-20T00:00:00,2026-09-22 00:00:00,2026-09-22 08:00:00,47-48,27,76,0,17,12.6,NE,80,SW,,,1,Cerah,Sunny,https://api-apps.bmkg.go.id/storage/icon/cuaca/cerah-am.svg,2026-09-22T00:00:00Z
51,51.71,51.71.02,51.71.02.2002,51.71.02.2002,Bali,Kota Denpasar,Denpasar Timur,Sumerta Kelod,2026-09-20T00:00:00,2026-09-22 03:00:00,2026-09-22 11:00:00,50-51,32,68,0,0,18.1,E,112,W,,,0,Cerah,Sunny,https://api-apps.bmkg.go.id/storage/icon/cuaca/cerah-am.svg,2026-09-22T03:00:00Z
51,51.71,51.71.02,51.71.02.2002,51.71.02.2002,Bali,Kota Denpasar,Denpasar Timur,Sumerta Kelod,2026-09-20T00:00:00,2026-09-22 06:00:00,2026-09-22 14:00:00,53-54,32,72,0,52,18.1,E,112,W,,,1,Cerah,Sunny,https://api-apps.bmkg.go.id/storage/icon/cuaca/cerah-am.svg,2026-09-22T06:00:00Z
51,51.71,51.71.02,51.71.02.2002,51.71.02.2002,Bali,Kota Denpasar,Denpasar Timur,Sumerta Kelod,2026-09-20T00:00:00,2026-09-22 09:00:00,2026-09-22 17:00:00,56-57,27,85,0,62,21.5,E,90,W,,,2,Cerah Berawan,Partly Cloudy,https://api-apps.bmkg.go.id/storage/icon/cuaca/cerah berawan-am.svg,2026-09-22T09:00:00Z
51,51.71,51.71.02,51.71.02.2002,51.71.02.2002,Bali,Kota Denpasar,Denpasar Timur,Sumerta Kelod,2026-09-20T00:00:00,2026-09-22 12:00:00,2026-09-22 20:00:00,59-60,25,89,0,39,21.5,E,90,W,,,1,Cerah,Sunny,https://api-apps.bmkg.go.id/storage/icon/cuaca/cerah-pm.svg,2026-09-22T12:00:00Z
51,51.71,51.71.02,51.71.02.2002,51.71.02.2002,Bali,Kota Denpasar,Denpasar Timur,Sumerta Kelod,2026-09-20T00:00:00,2026-09-22 15:00:00,2026-09-22 23:00:00,62-63,25,89,0,60,12.2,E,112,W,,,1,Cerah,Sunny,https://api-apps.bmkg.go.id/storage/icon/cuaca/cerah-pm.svg,2026-09-22T15:00:00Z
51,51.71,51.71.02,51.71.02.2004,51.71.02.2004,Bali,Kota Denpasar,Denpasar Timur,Kesiman Petilan,2026-09-20T00:00:00,2026-09-20 12:00:00,2026-09-20 20:00:00,11-12,26,89,0,38,18.7,SE,136,NW,,,1,Cerah,Sunny,https://api-apps.bmkg.go.id/storage/icon/cuaca/cerah-pm.svg,2026-09-20T12:00:00Z
51,51.71,51.71.02,51.71.02.2004,51.71.02.2004,Bali,Kota Denpasar,Denpasar Timur,Kesiman Petilan,2026-09-20T00:00:00,2026-09-20 15:00:00,2026-09-20 23:00:00,14-15,24,92,0,51,16.6,E,104,W,,,1,Cerah,Sunny,https://api-apps.bmkg.go.id/storage/icon/cuaca/cerah-pm.svg,2026-09-20T15:00:00Z
51,51.71,51.71.02,51.71.02.2004,51.71.02.2004,Bali,Kota Denpasar,Denpasar Timur,Kesiman Petilan,2026-09-20T00:00:00,2026-09-20 18:00:00,2026-09-21 02:00:00,17-18,24,94,0,35,16.3,E,93,W,,,1,Cerah,Sunny,https://api-apps.bmkg.go.id/storage/icon/cuaca/cerah-pm.svg,2026-09-20T18:00:00Z
51,51.71,51.71.02,51.71.02.2004,51.71.02.2004,Bali,Kota Denpasar,Denpasar Timur,Kesiman Petilan,2026-09-20T00:00:00,2026-09-20 21:00:00,2026-09-21 05:00:00,20-21,24,94,0,37,16.1,N,11,S,,,1,Cerah,Sunny,https://api-apps.bmkg.go.id/storage/icon/cuaca/cerah-pm.svg,2026-09-20T21:00:00Z
51,51.71,51.71.02,51.71.02.2004,51.71.02.2004,Bali,Kota Denpasar,Denpasar Timur,Kesiman Petilan,2026-09-20T00:00:00,2026-09-21 00:00:00,2026-09-21 08:00:00,23-24,27,77,0,56,18.1,NE,71,SW,,,1,Cerah,Sunny,https://api-apps.bmkg.go.id/storage/icon/cuaca/cerah-am.svg,2026-09-21T00:00:00Z
51,51.71,51.71.02,51.71.02.2004,51.71.02.2004,Bali,Kota Denpasar,Denpasar Timur,Kesiman Petilan,2026-09-20T00:00:00,2026-09-21 03:00:00,2026-09-21 11:00:00,26-27,31,71,0,43,14.5,S,186,N,,,1,Cerah,Sunny,https://api-apps.bmkg.go.id/storage/icon/cuaca/cerah-am.svg,2026-09-21T03:00:00Z
51,51.71,51.71.02,51.71.02.2004,51.71.02.2004,Bali,Kota Denpasar,Denpasar Timur,Kesiman Petilan,2026-09-20T00:00:00,2026-09-21 06:00:00,2026-09-21 14:00:00,29-30,32,72,0,8,18.8,SE,164,NW,,,0,Cerah,Sunny,https://api-apps.bmkg.go.id/storage/icon/cuaca/cerah-am.svg,2026-09-21T06:00:00Z
51,51.71,51.71.02,51.71.02.2004,51.71.02.2004,Bali,Kota Denpasar,Denpasar Timur,Kesiman Petilan,2026-09-20T00:00:00,2026-09-21 09:00:00,2026-09-21 17:00:00,32-33,28,80,0,6,14.9,SE,166,NW,,,0,Cerah,Sunny,https://api-apps.bmkg.go.id/storage/icon/cuaca/cerah-am.svg,2026-09-21T09:00:00Z
51,51.71,51.71.02,51.71.02.2004,51.71.02.2004,Bali,Kota Denpasar,Denpasar Timur,Kesiman Petilan,2026-09-20T00:00:00,2026-09-21 12:00:00,2026-09-21 20:00:00,35-36,25,86,0,2,15.1,E,126,W,,,0,Cerah,Sunny,https://api-apps.bmkg.go.id/storage/icon/cuaca/cerah-pm.svg,2026-09-21T12:00:00Z
51,51.71,51.71.02,51.71.02.2004,51.71.02.2004,Bali,Kota Denpasar,Denpasar Timur,Kesiman Petilan,2026-09-20T00:00:00,2026-09-21 15:00:00,2026-09-21 23:00:00,38-39,25,92,0,31,28.9,E,119,W,,,1,Cerah,Sunny,https://api-apps.bmkg.go.id/storage/icon/cuaca/cerah-pm.svg,2026-09-21T15:00:00Z
51,51.71,51.71.02,51.71.02.2004,51.71.02.2004,Bali,Kota Denpasar,Denpasar Timur,Kesiman Petilan,2026-09-20T00:00:00,2026-09-21 18:00:00,2026-09-22 02:00:00,41-42,25,96,0,48,18.6,N,43,S,,,1,Cerah,Sunny,https://api-apps.bmkg.go.id/storage/icon/cuaca/cerah-pm.svg,2026-09-21T18:00:00Z
51,51.71,51.71.02,51.71.02.2004,51.71.02.2004,Bali,Kota Denpasar,Denpasar Timur,Kesiman Petilan,2026-09-20T00:00:00,2026-09-21 21:00:00,2026-09-22 05:00:00,44-45,23,97,0,61,13.3,NW,338,SE,,,2,Cerah Berawan,Partly Cloudy,https://api-apps.bmkg.go.id/storage/icon/cuaca/cerah berawan-pm.svg,2026-09-21T21:00:00Z
51,51.71,51.71.02,51.71.02.2004,51.71.02.2004,Bali,Kota Denpasar,Denpasar Timur,Kesiman Petilan,2026-09-20T00:00:00,2026-09-22 00:00:00,2026-09-22 08:00:00,47-48,27,79,0,26,13.2,NW,343,SE,,,1,Cerah,Sunny,https://api-apps.bmkg.go.id/storage/icon/cuaca/cerah-am.svg,2026-09-22T00:00:00Z
51,51.71,51.71.02,51.71.02.2004,51.71.02.2004,Bali,Kota Denpasar,Denpasar Timur,Kesiman Petilan,2026-09-20T00:00:00,2026-09-22 03:00:00,2026-09-22 11:00:00,50-51,31,71,0,0,20,E,112,W,,,0,Cerah,Sunny,https://api-apps.bmkg.go.id/storage/icon/cuaca/cerah-am.svg,2026-09-22T03:00:00Z
51,51.71,51.71.02,51.71.02.2004,51.71.02.2004,Bali,Kota Denpasar,Denpasar Timur,Kesiman Petilan,2026-09-20T00:00:00,2026-09-22 06:00:00,2026-09-22 14:00:00,53-54,32,75,0,51,20,E,112,W,,,1,Cerah,Sunny,https://api-apps.bmkg.go.id/storage/icon/cuaca/cerah-am.svg,2026-09-22T06:00:00Z
51,51.71,51.71.02,51.71.02.2004,51.71.02.2004,Bali,Kota Denpasar,Denpasar Timur,Kesiman Petilan,2026-09-20T00:00:00,2026-09-22 09:00:00,2026-09-22 17:00:00,56-57,27,85,0,66,21.3,E,90,W,,,2,Cerah Berawan,Partly Cloudy,https://api-apps.bmkg.go.id/storage/icon/cuaca/cerah berawan-am.svg,2026-09-22T09:00:00Z
51,51.71,51.71.02,51.71.02.2004,51.71.02.2004,Bali,Kota Denpasar,Denpasar Timur,Kesiman Petilan,2026-09-20T00:00:00,2026-09-22 12:00:00,2026-09-22 20:00:00,59-60,25,89,0,44,21.3,E,90,W,,,1,Cerah,Sunny,https://api-apps.bmkg.go.id/storage/icon/cuaca/cerah-pm.svg,2026-09-22T12:00:00Z
51,51.71,51.71.02,51.71.02.2004,51.71.02.2004,Bali,Kota Denpasar,Denpasar Timur,Kesiman Petilan,2026-09-20T00:00:00,2026-09-22 15:00:00,2026-09-22 23:00:00,62-63,25,89,0,61,13,E,112,W,,,2,Cerah Berawan,Partly Cloudy,https://api-apps.bmkg.go.id/storage/icon/cuaca/cerah berawan-pm.svg,2026-09-22T15:00:00Z
51,51.71,51.71.02,51.71.02.2005,51.71.02.2005,Bali,Kota Denpasar,Denpasar Timur,Kesiman Kertalangu,2026-09-20T00:00:00,2026-09-20 12:00:00,2026-09-20 20:00:00,11-12,26,89,0,38,18.7,SE,136,NW,,,1,Cerah,Sunny,https://api-apps.bmkg.go.id/storage/icon/cuaca/cerah-pm.svg,2026-09-20T12:00:00Z
51,51.71,51.71.02,51.71.02.2005,51.71.02.2005,Bali,Kota Denpasar,Denpasar Timur,Kesiman Kertalangu,2026-09-20T00:00:00,2026-09-20 15:00:00,2026-09-20 23:00:00,14-15,24,92,0,51,16.6,E,104,W,,,1,Cerah,Sunny,https://api-apps.bmkg.go.id/storage/icon/cuaca/cerah-pm.svg,2026-09-20T15:00:00Z
51,51.71,51.71.02,51.71.02.2005,51.71.02.2005,Bali,Kota Denpasar,Denpasar Timur,Kesiman Kertalangu,2026-09-20T00:00:00,2026-09-20 18:00:00,2026-09-21 02:00:00,17-18,24,94,0,35,16.3,E,93,W,,,1,Cerah,Sunny,https://api-apps.bmkg.go.id/storage/icon/cuaca/cerah-pm.svg,2026-09-20T18:00:00Z
51,51.71,51.71.02,51.71.02.2005,51.71.02.2005,Bali,Kota Denpasar,Denpasar Timur,Kesiman Kertalangu,2026-09-20T00:00:00,2026-09-20 21:00:00,2026-09-21 05:00:00,20-21,24,94,0,37,16.1,N,11,S,,,1,Cerah,Sunny,https://api-apps.bmkg.go.id/storage/icon/cuaca/cerah-pm.svg,2026-09-20T21:00:00Z
51,51.71,51.71.02,51.71.02.2005,51.71.02.2005,Bali,Kota Denpasar,Denpasar Timur,Kesiman Kertalangu,2026-09-20T00:00:00,2026-09-21 00:00:00,2026-09-21 08:00:00,23-24,27,77,0,56,18.1,NE,71,SW,,,1,Cerah,Sunny,https://api-apps.bmkg.go.id/storage/icon/cuaca/cerah-am.svg,2026-09-21T00:00:00Z
51,51.71,51.71.02,51.71.02.2005,51.71.02.2005,Bali,Kota Denpasar,Denpasar Timur,Kesiman Kertalangu,2026-09-20T00:00:00,2026-09-21 03:00:00,2026-09-21 11:00:00,26-27,31,71,0,43,14.5,S,186,N,,,1,Cerah,Sunny,https://api-apps.bmkg.go.id/storage/icon/cuaca/cerah-am.svg,2026-09-21T03:00:00Z
51,51.71,51.71.02,51.71.02.2005,51.71.02.2005,Bali,Kota Denpasar,Denpasar Timur,Kesiman Kertalangu,2026-09-20T00:00:00,2026-09-21 06:00:00,2026-09-21 14:00:00,29-30,32,72,0,8,18.8,SE,164,NW,,,0,Cerah,Sunny,https://api-apps.bmkg.go.id/storage/icon/cuaca/cerah-am.svg,2026-09-21T06:00:00Z
51,51.71,51.71.02,51.71.02.2005,51.71.02.2005,Bali,Kota Denpasar,Denpasar Timur,Kesiman Kertalangu,2026-09-20T00:00:00,2026-09-21 09:00:00,2026-09-21 17:00:00,32-33,28,80,0,6,14.9,SE,166,NW,,,0,Cerah,Sunny,https://api-apps.bmkg.go.id/storage/icon/cuaca/cerah-am.svg,2026-09-21T09:00:00Z
51,51.71,51.71.02,51.71.02.2005,51.71.02.2005,Bali,Kota Denpasar,Denpasar Timur,Kesiman Kertalangu,2026-09-20T00:00:00,2026-09-21 12:00:00,2026-09-21 20:00:00,35-36,25,86,0,2,15.1,E,126,W,,,0,Cerah,Sunny,https://api-apps.bmkg.go.id/storage/icon/cuaca/cerah-pm.svg,2026-09-21T12:00:00Z
51,51.71,51.71.02,51.71.02.2005,51.71.02.2005,Bali,Kota Denpasar,Denpasar Timur,Kesiman Kertalangu,2026-09-20T00:00:00,2026-09-21 15:00:00,2026-09-21 23:00:00,38-39,25,92,0,31,28.9,E,119,W,,,1,Cerah,Sunny,https://api-apps.bmkg.go.id/storage/icon/cuaca/cerah-pm.svg,2026-09-21T15:00:00Z
51,51.71,51.71.02,51.71.02.2005,51.71.02.2005,Bali,Kota Denpasar,Denpasar Timur,Kesiman Kertalangu,2026-09-20T00:00:00,2026-09-21 18:00:00,2026-09-22 02:00:00,41-42,25,96,0,48,18.6,N,43,S,,,1,Cerah,Sunny,https://api-apps.bmkg.go.id/storage/icon/cuaca/cerah-pm.svg,2026-09-21T18:00:00Z
51,51.71,51.71.02,51.71.02.2005,51.71.02.2005,Bali,Kota Denpasar,Denpasar Timur,Kesiman Kertalangu,2026-09-20T00:00:00,2026-09-21 21:00:00,2026-09-22 05:00:00,44-45,23,97,0,61,13.3,NW,338,SE,,,2,Cerah Berawan,Partly Cloudy,https://api-apps.bmkg.go.id/storage/icon/cuaca/cerah berawan-pm.svg,2026-09-21T21:00:00Z
51,51.71,51.71.02,51.71.02.2005,51.71.02.2005,Bali,Kota Denpasar,Denpasar Timur,Kesiman Kertalangu,2026-09-20T00:00:00,2026-09-22 00:00:00,2026-09-22 08:00:00,47-48,27,79,0,26,13.2,NW,343,SE,,,1,Cerah,Sunny,https://api-apps.bmkg.go.id/storage/icon/cuaca/cerah-am.svg,2026-09-22T00:00:00Z
51,51.71,51.71.02,51.71.02.2005,51.71.02.2005,Bali,Kota Denpasar,Denpasar Timur,Kesiman Kertalangu,2026-09-20T00:00:00,2026-09-22 03:00:00,2026-09-22 11:00:00,50-51,31,71,0,0,20,E,112,W,,,0,Cerah,Sunny,https://api-apps.bmkg.go.id/storage/icon/cuaca/cerah-am.svg,2026-09-22T03:00:00Z
51,51.71,51.71.02,51.71.02.2005,51.71.02.2005,Bali,Kota Denpasar,Denpasar Timur,Kesiman Kertalangu,2026-09-20T00:00:00,2026-09-22 06:00:00,2026-09-22 14:00:00,53-54,32,75,0,51,20,E,112,W,,,1,Cerah,Sunny,https://api-apps.bmkg.go.id/storage/icon/cuaca/cerah-am.svg,2026-09-22T06:00:00Z
51,51.71,51.71.02,51.71.02.2005,51.71.02.2005,Bali,Kota Denpasar,Denpasar Timur,Kesiman Kertalangu,2026-09-20T00:00:00,2026-09-22 09:00:00,2026-09-22 17:00:00,56-57,27,85,0,66,21.3,E,90,W,,,2,Cerah Berawan,Partly Cloudy,https://api-apps.bmkg.go.id/storage/icon/cuaca/cerah berawan-am.svg,2026-09-22T09:00:00Z
51,51.71,51.71.02,51.71.02.2005,51.71.02.2005,Bali,Kota Denpasar,Denpasar Timur,Kesiman Kertalangu,2026-09-20T00:00:00,2026-09-22 12:00:00,2026-09-22 20:00:00,59-60,25,89,0,44,21.3,E,90,W,,,1,Cerah,Sunny,https://api-apps.bmkg.go.id/storage/icon/cuaca/cerah-pm.svg,2026-09-22T12:00:00Z
51,51.71,51.71.02,51.71.02.2005,51.71.02.2005,Bali,Kota Denpasar,Denpasar Timur,Kesiman Kertalangu,2026-09-20T00:00:00,2026-09-22 15:00:00,2026-09-22 23:00:00,62-63,25,89,0,61,13,E,112,W,,,2,Cerah Berawan,Partly Cloudy,https://api-apps.bmkg.go.id/storage/icon/cuaca/cerah berawan-pm.svg,2026-09-22T15:00:00Z
51,51.71,51.71.02,51.71.02.2007,51.71.02.2007,Bali,Kota Denpasar,Denpasar Timur,Sumerta Kaja,2026-09-20T00:00:00,2026-09-20 12:00:00,2026-09-20 20:00:00,11-12,26,89,0,36,19.5,E,131,W,,,1,Cerah,Sunny,https://api-apps.bmkg.go.id/storage/icon/cuaca/cerah-pm.svg,2026-09-20T12:00:00Z
51,51.71,51.71.02,51.71.02.2007,51.71.02.2007,Bali,Kota Denpasar,Denpasar Timur,Sumerta Kaja,2026-09-20T00:00:00,2026-09-20 15:00:00,2026-09-20 23:00:00,14-15,24,92,0,50,16.8,E,98,W,,,1,Cerah,Sunny,https://api-apps.bmkg.go.id/storage/icon/cuaca/cerah-pm.svg,2026-09-20T15:00:00Z
51,51.71,51.71.02,51.71.02.2007,51.71.02.2007,Bali,Kota Denpasar,Denpasar Timur,Sumerta Kaja,2026-09-20T00:00:00,2026-09-20 18:00:00,2026-09-21 02:00:00,17-18,24,94,0,34,16.6,E,95,W,,,1,Cerah,Sunny,https://api-apps.bmkg.go.id/storage/icon/cuaca/cerah-pm.svg,2026-09-20T18:00:00Z
51,51.71,51.71.02,51.71.02.2007,51.71.02.2007,Bali,Kota Denpasar,Denpasar Timur,Sumerta Kaja,2026-09-20T00:00:00,2026-09-20 21:00:00,2026-09-21 05:00:00,20-21,24,95,0,37,16.1,N,28,S,,,1,Cerah,Sunny,https://api-apps.bmkg.go.id/storage/icon/cuaca/cerah-pm.svg,2026-09-20T21:00:00Z
51,51.71,51.71.02,51.71.02.2007,51.71.02.2007,Bali,Kota Denpasar,Denpasar Timur,Sumerta Kaja,2026-09-20T00:00:00,2026-09-21 00:00:00,2026-09-21 08:00:00,23-24,27,73,0,55,18.2,E,108,W,,,1,Cerah,Sunny,https://api-apps.bmkg.go.id/storage/icon/cuaca/cerah-am.svg,2026-09-21T00:00:00Z
51,51.71,51.71.02,51.71.02.2007,51.71.02.2007,Bali,Kota Denpasar,Denpasar Timur,Sumerta Kaja,2026-09-20T00:00:00,2026-09-21 03:00:00,2026-09-21 11:00:00,26-27,31,65,0,44,14.5,E,132,W,,,1,Cerah,Sunny,https://api-apps.bmkg.go.id/storage/icon/cuaca/cerah-am.svg,2026-09-21T03:00:00Z
51,51.71,51.71.02,51.71.02.2007,51.71.02.2007,Bali,Kota Denpasar,Denpasar Timur,Sumerta Kaja,2026-09-20T00:00:00,2026-09-21 06:00:00,2026-09-21 14:00:00,29-30,32,66,0,9,17.6,SE,139,NW,,,0,Cerah,Sunny,https://api-apps.bmkg.go.id/storage/icon/cuaca/cerah-am.svg,2026-09-21T06:00:00Z
51,51.71,51.71.02,51.71.02.2007,51.71.02.2007,Bali,Kota Denpasar,Denpasar Timur,Sumerta Kaja,2026-09-20T00:00:00,2026-09-21 09:00:00,2026-09-21 17:00:00,32-33,28,78,0,6,14.7,SE,136,NW,,,0,Cerah,Sunny,https://api-apps.bmkg.go.id/storage/icon/cuaca/cerah-am.svg,2026-09-21T09:00:00Z
51,51.71,51.71.02,51.71.02.2007,51.71.02.2007,Bali,Kota Denpasar,Denpasar Timur,Sumerta Kaja,2026-09-20T00:00:00,2026-09-21 12:00:00,2026-09-21 20:00:00,35-36,25,87,0,2,16.4,E,126,W,,,0,Cerah,Sunny,https://api-apps.bmkg.go.id/storage/icon/cuaca/cerah-pm.svg,2026-09-21T12:00:00Z
51,51.71,51.71.02,51.71.02.2007,51.71.02.2007,Bali,Kota Denpasar,Denpasar Timur,Sumerta Kaja,2026-09-20T00:00:00,2026-09-21 15:00:00,2026-09-21 23:00:00,38-39,25,92,0,33,28.2,E,110,W,,,1,Cerah,Sunny,https://api-apps.bmkg.go.id/storage/icon/cuaca/cerah-pm.svg,2026-09-21T15:00:00Z
51,51.71,51.71.02,51.71.02.2007,51.71.02.2007,Bali,Kota Denpasar,Denpasar Timur,Sumerta Kaja,2026-09-20T00:00:00,2026-09-21 18:00:00,2026-09-22 02:00:00,41-42,25,96,0,44,16.3,NE,82,SW,,,1,Cerah,Sunny,https://api-apps.bmkg.go.id/storage/icon/cuaca/cerah-pm.svg,2026-09-21T18:00:00Z
51,51.71,51.71.02,51.71.02.2007,51.71.02.2007,Bali,Kota Denpasar,Denpasar Timur,Sumerta Kaja,2026-09-20T00:00:00,2026-09-21 21:00:00,2026-09-22 05:00:00,44-45,23,97,0,59,13.1,N,13,S,,,1,Cerah,Sunny,https://api-apps.bmkg.go.id/storage/icon/cuaca/cerah-pm.svg,2026-09-21T21:00:00Z
51,51.71,51.71.02,51.71.02.2007,51.71.02.2007,Bali,Kota Denpasar,Denpasar Timur,Sumerta Kaja,2026-09-20T00:00:00,2026-09-22 00:00:00,2026-09-22 08:00:00,47-48,27,75,0,25,13.3,NE,80,SW,,,1,Cerah,Sunny,https://api-apps.bmkg.go.id/storage/icon/cuaca/cerah-am.svg,2026-09-22T00:00:00Z
51,51.71,51.71.02,51.71.02.2007,51.71.02.2007,Bali,Kota Denpasar,Denpasar Timur,Sumerta Kaja,2026-09-20T00:00:00,2026-09-22 03:00:00,2026-09-22 11:00:00,50-51,32,66,0,0,18.1,E,112,W,,,0,Cerah,Sunny,https://api-apps.bmkg.go.id/storage/icon/cuaca/cerah-am.svg,2026-09-22T03:00:00Z
51,51.71,51.71.02,51.71.02.2007,51.71.02.2007,Bali,Kota Denpasar,Denpasar Timur,Sumerta Kaja,2026-09-20T00:00:00,2026-09-22 06:00:00,2026-09-22 14:00:00,53-54,32,70,0,51,18.1,E,112,W,,,1,Cerah,Sunny,https://api-apps.bmkg.go.id/storage/icon/cuaca/cerah-am.svg,2026-09-22T06:00:00Z
51,51.71,51.71.02,51.71.02.2007,51.71.02.2007,Bali,Kota Denpasar,Denpasar Timur,Sumerta Kaja,2026-09-20T00:00:00,2026-09-22 09:00:00,2026-09-22 17:00:00,56-57,27,84,0,63,20.8,E,90,W,,,2,Cerah Berawan,Partly Cloudy,https://api-apps.bmkg.go.id/storage/icon/cuaca/cerah berawan-am.svg,2026-09-22T09:00:00Z
51,51.71,51.71.02,51.71.02.2007,51.71.02.2007,Bali,Kota Denpasar,Denpasar Timur,Sumerta Kaja,2026-09-20T00:00:00,2026-09-22 12:00:00,2026-09-22 20:00:00,59-60,25,89,0,41,20.8,E,90,W,,,1,Cerah,Sunny,https://api-apps.bmkg.go.id/storage/icon/cuaca/cerah-pm.svg,2026-09-22T12:00:00Z
51,51.71,51.71.02,51.71.02.2007,51.71.02.2007,Bali,Kota Denpasar,Denpasar Timur,Sumerta Kaja,2026-09-20T00:00:00,2026-09-22 15:00:00,2026-09-22 23:00:00,62-63,24,90,0,60,13,E,112,W,,,1,Cerah,Sunny,https://api-apps.bmkg.go.id/storage/icon/cuaca/cerah-pm.svg,2026-09-22T15:00:00Z
51,51.71,51.71.02,51.71.02.2008,51.71.02.2008,Bali,Kota Denpasar,Denpasar Timur,Sumerta Kauh,2026-09-20T00:00:00,2026-09-20 12:00:00,2026-09-20 20:00:00,11-12,26,89,0,36,19.5,E,131,W,,,1,Cerah,Sunny,https://api-apps.bmkg.go.id/storage/icon/cuaca/cerah-pm.svg,2026-09-20T12:00:00Z
51,51.71,51.71.02,51.71.02.2008,51.71.02.2008,Bali,Kota Denpasar,Denpasar Timur,Sumerta Kauh,2026-09-20T00:00:00,2026-09-20 15:00:00,2026-09-20 23:00:00,14-15,24,92,0,50,16.8,E,98,W,,,1,Cerah,Sunny,https://api-apps.bmkg.go.id/storage/icon/cuaca/cerah-pm.svg,2026-09-20T15:00:00Z
51,51.71,51.71.02,51.71.02.2008,51.71.02.2008,Bali,Kota Denpasar,Denpasar Timur,Sumerta Kauh,2026-09-20T00:00:00,2026-09-20 18:00:00,2026-09-21 02:00:00,17-18,24,94,0,34,16.6,E,95,W,,,1,Cerah,Sunny,https://api-apps.bmkg.go.id/storage/icon/cuaca/cerah-pm.svg,2026-09-20T18:00:00Z
51,51.71,51.71.02,51.71.02.2008,51.71.02.2008,Bali,Kota Denpasar,Denpasar Timur,Sumerta Kauh,2026-09-20T00:00:00,2026-09-20 21:00:00,2026-09-21 05:00:00,20-21,24,95,0,37,16.1,N,28,S,,,1,Cerah,Sunny,https://api-apps.bmkg.go.id/storage/icon/cuaca/cerah-pm.svg,2026-09-20T21:00:00Z
51,51.71,51.71.02,51.71.02.2008,51.71.02.2008,Bali,Kota Denpasar,Denpasar Timur,Sumerta Kauh,2026-09-20T00:00:00,2026-09-21 00:00:00,2026-09-21 08:00:00,23-24,27,73,0,55,18.2,E,108,W,,,1,Cerah,Sunny,https://api-apps.bmkg.go.id/storage/icon/cuaca/cerah-am.svg,2026-09-21T00:00:00Z
51,51.71,51.71.02,51.71.02.2008,51.71.02.2008,Bali,Kota Denpasar,Denpasar Timur,Sumerta Kauh,2026-09-20T00:00:00,2026-09-21 03:00:00,2026-09-21 11:00:00,26-27,31,65,0,44,14.5,E,132,W,,,1,Cerah,Sunny,https://api-apps.bmkg.go.id/storage/icon/cuaca/cerah-am.svg,2026-09-21T03:00:00Z
51,51.71,51.71.02,51.71.02.2008,51.71.02.2008,Bali,Kota Denpasar,Denpasar Timur,Sumerta Kauh,2026-09-20T00:00:00,2026-09-21 06:00:00,2026-09-21 14:00:00,29-30,32,66,0,9,17.6,SE,139,NW,,,0,Cerah,Sunny,https://api-apps.bmkg.go.id/storage/icon/cuaca/cerah-am.svg,2026-09-21T06:00:00Z
51,51.71,51.71.02,51.71.02.2008,51.71.02.2008,Bali,Kota Denpasar,Denpasar Timur,Sumerta Kauh,2026-09-20T00:00:00,2026-09-21 09:00:00,2026-09-21 17:00:00,32-33,28,78,0,6,14.7,SE,136,NW,,,0,Cerah,Sunny,https://api-apps.bmkg.go.id/storage/icon/cuaca/cerah-am.svg,2026-09-21T09:00:00Z
51,51.71,51.71.02,51.71.02.2008,51.71.02.2008,Bali,Kota Denpasar,Denpasar Timur,Sumerta Kauh,2026-09-20T00:00:00,2026-09-21 12:00:00,2026-09-21 20:00:00,35-36,25,87,0,2,16.4,E,126,W,,,0,Cerah,Sunny,https://api-apps.bmkg.go.id/storage/icon/cuaca/cerah-pm.svg,2026-09-21T12:00:00Z
51,51.71,51.71.02,51.71.02.2008,51.71.02.2008,Bali,Kota Denpasar,Denpasar Timur,Sumerta Kauh,2026-09-20T00:00:00,2026-09-21 15:00:00,2026-09-21 23:00:00,38-39,25,92,0,33,28.2,E,110,W,,,1,Cerah,Sunny,https://api-apps.bmkg.go.id/storage/icon/cuaca/cerah-pm.svg,2026-09-21T15:00:00Z
51,51.71,51.71.02,51.71.02.2008,51.71.02.2008,Bali,Kota Denpasar,Denpasar Timur,Sumerta Kauh,2026-09-20T00:00:00,2026-09-21 18:00:00,2026-09-22 02:00:00,41-42,25,96,0,44,16.3,NE,82,SW,,,1,Cerah,Sunny,https://api-apps.bmkg.go.id/storage/icon/cuaca/cerah-pm.svg,2026-09-21T18:00:00Z
51,51.71,51.71.02,51.71.02.2008,51.71.02.2008,Bali,Kota Denpasar,Denpasar Timur,Sumerta Kauh,2026-09-20T00:00:00,2026-09-21 21:00:00,2026-09-22 05:00:00,44-45,23,97,0,59,13.1,N,13,S,,,1,Cerah,Sunny,https://api-apps.bmkg.go.id/storage/icon/cuaca/cerah-pm.svg,2026-09-21T21:00:00Z
51,51.71,51.71.02,51.71.02.2008,51.71.02.2008,Bali,Kota Denpasar,Denpasar Timur,Sumerta Kauh,2026-09-20T00:00:00,2026-09-22 00:00:00,2026-09-22 08:00:00,47-48,27,75,0,25,13.3,NE,80,SW,,,1,Cerah,Sunny,https://api-apps.bmkg.go.id/storage/icon/cuaca/cerah-am.svg,2026-09-22T00:00:00Z
51,51.71,51.71.02,51.71.02.2008,51.71.02.2008,Bali,Kota Denpasar,Denpasar Timur,Sumerta Kauh,2026-09-20T00:00:00,2026-09-22 03:00:00,2026-09-22 11:00:00,50-51,32,66,0,0,18.1,E,112,W,,,0,Cerah,Sunny,https://api-apps.bmkg.go.id/storage/icon/cuaca/cerah-am.svg,2026-09-22T03:00:00Z
51,51.71,51.71.02,51.71.02.2008,51.71.02.2008,Bali,Kota Denpasar,Denpasar Timur,Sumerta Kauh,2026-09-20T00:00:00,2026-09-22 06:00:00,2026-09-22 14:00:00,53-54,32,70,0,51,18.1,E,112,W,,,1,Cerah,Sunny,https://api-apps.bmkg.go.id/storage/icon/cuaca/cerah-am.svg,2026-09-22T06:00:00Z
51,51.71,51.71.02,51.71.02.2008,51.71.02.2008,Bali,Kota Denpasar,Denpasar Timur,Sumerta Kauh,2026-09-20T00:00:00,2026-09-22 09:00:00,2026-09-22 17:00:00,56-57,27,84,0,63,20.8,E,90,W,,,2,Cerah Berawan,Partly Cloudy,https://api-apps.bmkg.go.id/storage/icon/cuaca/cerah berawan-am.svg,2026-09-22T09:00:00Z
51,51.71,51.71.02,51.71.02.2008,51.71.02.2008,Bali,Kota Denpasar,Denpasar Timur,Sumerta Kauh,2026-09-20T00:00:00,2026-09-22 12:00:00,2026-09-22 20:00:00,59-60,25,89,0,41,20.8,E,90,W,,,1,Cerah,Sunny,https://api-apps.bmkg.go.id/storage/icon/cuaca/cerah-pm.svg,2026-09-22T12:00:00Z
51,51.71,51.71.02,51.71.02.2008,51.71.02.2008,Bali,Kota Denpasar,Denpasar Timur,Sumerta Kauh,2026-09-20T00:00:00,2026-09-22 15:00:00,2026-09-22 23:00:00,62-63,24,90,0,60,13,E,112,W,,,1,Cerah,Sunny,https://api-apps.bmkg.go.id/storage/icon/cuaca/cerah-pm.svg,2026-09-22T15:00:00Z
51,51.71,51.71.02,51.71.02.2015,51.71.02.2015,Bali,Kota Denpasar,Denpasar Timur,Penatih Dangin Puri,2026-09-20T00:00:00,2026-09-20 12:00:00,2026-09-20 20:00:00,11-12,26,89,0,38,17.3,E,120,W,,,1,Cerah,Sunny,https://api-apps.bmkg.go.id/storage/icon/cuaca/cerah-pm.svg,2026-09-20T12:00:00Z
51,51.71,51.71.02,51.71.02.2015,51.71.02.2015,Bali,Kota Denpasar,Denpasar Timur,Penatih Dangin Puri,2026-09-20T00:00:00,2026-09-20 15:00:00,2026-09-20 23:00:00,14-15,24,92,0,62,16.9,NE,48,SW,,,2,Cerah Berawan,Partly Cloudy,https://api-apps.bmkg.go.id/storage/icon/cuaca/cerah berawan-pm.svg,2026-09-20T15:00:00Z
51,51.71,51.71.02,51.71.02.2015,51.71.02.2015,Bali,Kota Denpasar,Denpasar Timur,Penatih Dangin Puri,2026-09-20T00:00:00,2026-09-20 18:00:00,2026-09-21 02:00:00,17-18,24,94,0,38,16.7,E,94,W,,,1,Cerah,Sunny,https://api-apps.bmkg.go.id/storage/icon/cuaca/cerah-pm.svg,2026-09-20T18:00:00Z
51,51.71,51.71.02,51.71.02.2015,51.71.02.2015,Bali,Kota Denpasar,Denpasar Timur,Penatih Dangin Puri,2026-09-20T00:00:00,2026-09-20 21:00:00,2026-09-21 05:00:00,20-21,24,94,0,32,16.9,NW,353,SE,,,1,Cerah,Sunny,https://api-apps.bmkg.go.id/storage/icon/cuaca/cerah-pm.svg,2026-09-20T21:00:00Z
51,51.71,51.71.02,51.71.02.2015,51.71.02.2015,Bali,Kota Denpasar,Denpasar Timur,Penatih Dangin Puri,2026-09-20T00:00:00,2026-09-21 00:00:00,2026-09-21 08:00:00,23-24,27,76,0,56,18.4,NE,85,SW,,,1,Cerah,Sunny,https://api-apps.bmkg.go.id/storage/icon/cuaca/cerah-am.svg,2026-09-21T00:00:00Z
51,51.71,51.71.02,51.71.02.2015,51.71.02.2015,Bali,Kota Denpasar,Denpasar Timur,Penatih Dangin Puri,2026-09-20T00:00:00,2026-09-21 03:00:00,2026-09-21 11:00:00,26-27,31,68,0,46,14,SE,179,NW,,,1,Cerah,Sunny,https://api-apps.bmkg.go.id/storage/icon/cuaca/cerah-am.svg,2026-09-21T03:00:00Z
51,51.71,51.71.02,51.71.02.2015,51.71.02.2015,Bali,Kota Denpasar,Denpasar Timur,Penatih Dangin Puri,2026-09-20T00:00:00,2026-09-21 06:00:00,2026-09-21 14:00:00,29-30,32,70,0,11,14.5,SE,159,NW,,,1,Cerah,Sunny,https://api-apps.bmkg.go.id/storage/icon/cuaca/cerah-am.svg,2026-09-21T06:00:00Z
51,51.71,51.71.02,51.71.02.2015,51.71.02.2015,Bali,Kota Denpasar,Denpasar Timur,Penatih Dangin Puri,2026-09-20T00:00:00,2026-09-21 09:00:00,2026-09-21 17:00:00,32-33,28,79,0,7,14.4,SE,161,NW,,,0,Cerah,Sunny,https://api-apps.bmkg.go.id/storage/icon/cuaca/cerah-am.svg,2026-09-21T09:00:00Z
51,51.71,51.71.02,51.71.02.2015,51.71.02.2015,Bali,Kota Denpasar,Denpasar Timur,Penatih Dangin Puri,2026-09-20T00:00:00,2026-09-21 12:00:00,2026-09-21 20:00:00,35-36,25,86,0,2,14.2,E,105,W,,,0,Cerah,Sunny,https://api-apps.bmkg.go.id/storage/icon/cuaca/cerah-pm.svg,2026-09-21T12:00:00Z
51,51.71,51.71.02,51.71.02.2015,51.71.02.2015,Bali,Kota Denpasar,Denpasar Timur,Penatih Dangin Puri,2026-09-20T00:00:00,2026-09-21 15:00:00,2026-09-21 23:00:00,38-39,25,93,0,34,26.7,NE,58,SW,,,1,Cerah,Sunny,https://api-apps.bmkg.go.id/storage/icon/cuaca/cerah-pm.svg,2026-09-21T15:00:00Z
51,51.71,51.71.02,51.71.02.2015,51.71.02.2015,Bali,Kota Denpasar,Denpasar Timur,Penatih Dangin Puri,2026-09-20T00:00:00,2026-09-21 18:00:00,2026-09-22 02:00:00,41-42,24,96,0,43,18.5,NW,346,SE,,,1,Cerah,Sunny,https://api-apps.bmkg.go.id/storage/icon/cuaca/cerah-pm.svg,2026-09-21T18:00:00Z
51,51.71,51.71.02,51.71.02.2015,51.71.02.2015,Bali,Kota Denpasar,Denpasar Timur,Penatih Dangin Puri,2026-09-20T00:00:00,2026-09-21 21:00:00,2026-09-22 05:00:00,44-45,23,98,0,64,13.7,NW,351,SE,,,2,Cerah Berawan,Partly Cloudy,https://api-apps.bmkg.go.id/storage/icon/cuaca/cerah berawan-pm.svg,2026-09-21T21:00:00Z
51,51.71,51.71.02,51.71.02.2015,51.71.02.2015,Bali,Kota Denpasar,Denpasar Timur,Penatih Dangin Puri,2026-09-20T00:00:00,2026-09-22 00:00:00,2026-09-22 08:00:00,47-48,27,77,0,34,13.5,NW,356,SE,,,1,Cerah,Sunny,https://api-apps.bmkg.go.id/storage/icon/cuaca/cerah-am.svg,2026-09-22T00:00:00Z
51,51.71,51.71.02,51.71.02.2015,51.71.02.2015,Bali,Kota Denpasar,Denpasar Timur,Penatih Dangin Puri,2026-09-20T00:00:00,2026-09-22 03:00:00,2026-09-22 11:00:00,50-51,31,69,0,0,14.7,E,112,W,,,0,Cerah,Sunny,https://api-apps.bmkg.go.id/storage/icon/cuaca/cerah-am.svg,2026-09-22T03:00:00Z
51,51.71,51.71.02,51.71.02.2015,51.71.02.2015,Bali,Kota Denpasar,Denpasar Timur,Penatih Dangin Puri,2026-09-20T00:00:00,2026-09-22 06:00:00,2026-09-22 14:00:00,53-54,31,72,0,51,14.7,E,112,W,,,1,Cerah,Sunny,https://api-apps.bmkg.go.id/storage/icon/cuaca/cerah-am.svg,2026-09-22T06:00:00Z
51,51.71,51.71.02,51.71.02.2015,51.71.02.2015,Bali,Kota Denpasar,Denpasar Timur,Penatih Dangin Puri,2026-09-20T00:00:00,2026-09-22 09:00:00,2026-09-22 17:00:00,56-57,27,83,0,67,19.1,E,90,W,,,2,Cerah Berawan,Partly Cloudy,https://api-apps.bmkg.go.id/storage/icon/cuaca/cerah berawan-am.svg,2026-09-22T09:00:00Z
51,51.71,51.71.02,51.71.02.2015,51.71.02.2015,Bali,Kota Denpasar,Denpasar Timur,Penatih Dangin Puri,2026-09-20T00:00:00,2026-09-22 12:00:00,2026-09-22 20:00:00,59-60,25,89,0,48,19.1,E,90,W,,,1,Cerah,Sunny,https://api-apps.bmkg.go.id/storage/icon/cuaca/cerah-pm.svg,2026-09-22T12:00:00Z
51,51.71,51.71.02,51.71.02.2015,51.71.02.2015,Bali,Kota Denpasar,Denpasar Timur,Penatih Dangin Puri,2026-09-20T00:00:00,2026-09-22 15:00:00,2026-09-22 23:00:00,62-63,24,90,0,62,13.4,E,112,W,,,2,Cerah Berawan,Partly Cloudy,https://api-apps.bmkg.go.id/storage/icon/cuaca/cerah berawan-pm.svg,2026-09-22T15:00:00Z
51,51.71,51.71.03,51.71.03.1005,51.71.03.1005,Bali,Kota Denpasar,Denpasar Barat,Dauh Puri,2026-09-20T00:00:00,2026-09-20 12:00:00,2026-09-20 20:00:00,11-12,26,88,0,37,21.9,E,131,W,,,1,Cerah,Sunny,https://api-apps.bmkg.go.id/storage/icon/cuaca/cerah-pm.svg,2026-09-20T12:00:00Z
51,51.71,51.71.03,51.71.03.1005,51.71.03.1005,Bali,Kota Denpasar,Denpasar Barat,Dauh Puri,2026-09-20T00:00:00,2026-09-20 15:00:00,2026-09-20 23:00:00,14-15,24,92,0,39,16.8,E,98,W,,,1,Cerah,Sunny,https://api-apps.bmkg.go.id/storage/icon/cuaca/cerah-pm.svg,2026-09-20T15:00:00Z
51,51.71,51.71.03,51.71.03.1005,51.71.03.1005,Bali,Kota Denpasar,Denpasar Barat,Dauh Puri,2026-09-20T00:00:00,2026-09-20 18:00:00,2026-09-21 02:00:00,17-18,24,95,0,31,15.8,E,94,W,,,1,Cerah,Sunny,https://api-apps.bmkg.go.id/storage/icon/cuaca/cerah-pm.svg,2026-09-20T18:00:00Z
51,51.71,51.71.03,51.71.03.1005,51.71.03.1005,Bali,Kota Denpasar,Denpasar Barat,Dauh Puri,2026-09-20T00:00:00,2026-09-20 21:00:00,2026-09-21 05:00:00,20-21,24,95,0,42,15.1,N,28,S,,,1,Cerah,Sunny,https://api-apps.bmkg.go.id/storage/icon/cuaca/cerah-pm.svg,2026-09-20T21:00:00Z
51,51.71,51.71.03,51.71.03.1005,51.71.03.1005,Bali,Kota Denpasar,Denpasar Barat,Dauh Puri,2026-09-20T00:00:00,2026-09-21 00:00:00,2026-09-21 08:00:00,23-24,27,74,0,57,17.9,E,108,W,,,1,Cerah,Sunny,https://api-apps.bmkg.go.id/storage/icon/cuaca/cerah-am.svg,2026-09-21T00:00:00Z
51,51.71,51.71.03,51.71.03.1005,51.71.03.1005,Bali,Kota Denpasar,Denpasar Barat,Dauh Puri,2026-09-20T00:00:00,2026-09-21 03:00:00,2026-09-21 11:00:00,26-27,30,68,0,39,14.4,E,132,W,,,1,Cerah,Sunny,https://api-apps.bmkg.go.id/storage/icon/cuaca/cerah-am.svg,2026-09-21T03:00:00Z
51,51.71,51.71.03,51.71.03.1005,51.71.03.1005,Bali,Kota Denpasar,Denpasar Barat,Dauh Puri,2026-09-20T00:00:00,2026-09-21 06:00:00,2026-09-21 14:00:00,29-30,31,68,0,6,17.6,SE,139,NW,,,0,Cerah,Sunny,https://api-apps.bmkg.go.id/storage/icon/cuaca/cerah-am.svg,2026-09-21T06:00:00Z
51,51.71,51.71.03,51.71.03.1005,51.71.03.1005,Bali,Kota Denpasar,Denpasar Barat,Dauh Puri,2026-09-20T00:00:00,2026-09-21 09:00:00,2026-09-21 17:00:00,32-33,27,79,0,5,14.7,SE,136,NW,,,0,Cerah,Sunny,https://api-apps.bmkg.go.id/storage/icon/cuaca/cerah-am.svg,2026-09-21T09:00:00Z
51,51.71,51.71.03,51.71.03.1005,51.71.03.1005,Bali,Kota Denpasar,Denpasar Barat,Dauh Puri,2026-09-20T00:00:00,2026-09-21 12:00:00,2026-09-21 20:00:00,35-36,25,87,0,1,19.1,E,126,W,,,0,Cerah,Sunny,https://api-apps.bmkg.go.id/storage/icon/cuaca/cerah-pm.svg,2026-09-21T12:00:00Z
51,51.71,51.71.03,51.71.03.1005,51.71.03.1005,Bali,Kota Denpasar,Denpasar Barat,Dauh Puri,2026-09-20T00:00:00,2026-09-21 15:00:00,2026-09-21 23:00:00,38-39,25,91,0,30,28.6,E,110,W,,,1,Cerah,Sunny,https://api-apps.bmkg.go.id/storage/icon/cuaca/cerah-pm.svg,2026-09-21T15:00:00Z
51,51.71,51.71.03,51.71.03.1005,51.71.03.1005,Bali,Kota Denpasar,Denpasar Barat,Dauh Puri,2026-09-20T00:00:00,2026-09-21 18:00:00,2026-09-22 02:00:00,41-42,25,96,0,46,17.7,NE,82,SW,,,1,Cerah,Sunny,https://api-apps.bmkg.go.id/storage/icon/cuaca/cerah-pm.svg,2026-09-21T18:00:00Z
51,51.71,51.71.03,51.71.03.1005,51.71.03.1005,Bali,Kota Denpasar,Denpasar Barat,Dauh Puri,2026-09-20T00:00:00,2026-09-21 21:00:00,2026-09-22 05:00:00,44-45,23,96,0,56,12.4,N,13,S,,,1,Cerah,Sunny,https://api-apps.bmkg.go.id/storage/icon/cuaca/cerah-pm.svg,2026-09-21T21:00:00Z
51,51.71,51.71.03,51.71.03.1005,51.71.03.1005,Bali,Kota Denpasar,Denpasar Barat,Dauh Puri,2026-09-20T00:00:00,2026-09-22 00:00:00,2026-09-22 08:00:00,47-48,27,76,0,17,12.6,NE,80,SW,,,1,Cerah,Sunny,https://api-apps.bmkg.go.id/storage/icon/cuaca/cerah-am.svg,2026-09-22T00:00:00Z
51,51.71,51.71.03,51.71.03.1005,51.71.03.1005,Bali,Kota Denpasar,Denpasar Barat,Dauh Puri,2026-09-20T00:00:00,2026-09-22 03:00:00,2026-09-22 11:00:00,50-51,32,68,0,0,18.1,E,112,W,,,0,Cerah,Sunny,https://api-apps.bmkg.go.id/storage/icon/cuaca/cerah-am.svg,2026-09-22T03:00:00Z
51,51.71,51.71.03,51.71.03.1005,51.71.03.1005,Bali,Kota Denpasar,Denpasar Barat,Dauh Puri,2026-09-20T00:00:00,2026-09-22 06:00:00,2026-09-22 14:00:00,53-54,32,72,0,52,18.1,E,112,W,,,1,Cerah,Sunny,https://api-apps.bmkg.go.id/storage/icon/cuaca/cerah-am.svg,2026-09-22T06:00:00Z
51,51.71,51.71.03,51.71.03.1005,51.71.03.1005,Bali,Kota Denpasar,Denpasar Barat,Dauh Puri,2026-09-20T00:00:00,2026-09-22 09:00:00,2026-09-22 17:00:00,56-57,27,85,0,62,21.5,E,90,W,,,2,Cerah Berawan,Partly Cloudy,https://api-apps.bmkg.go.id/storage/icon/cuaca/cerah berawan-am.svg,2026-09-22T09:00:00Z
51,51.71,51.71.03,51.71.03.1005,51.71.03.1005,Bali,Kota Denpasar,Denpasar Barat,Dauh Puri,2026-09-20T00:00:00,2026-09-22 12:00:00,2026-09-22 20:00:00,59-60,25,89,0,39,21.5,E,90,W,,,1,Cerah,Sunny,https://api-apps.bmkg.go.id/storage/icon/cuaca/cerah-pm.svg,2026-09-22T12:00:00Z
51,51.71,51.71.03,51.71.03.1005,51.71.03.1005,Bali,Kota Denpasar,Denpasar Barat,Dauh Puri,2026-09-20T00:00:00,2026-09-22 15:00:00,2026-09-22 23:00:00,62-63,25,89,0,60,12.2,E,112,W,,,1,Cerah,Sunny,https://api-apps.bmkg.go.id/storage/icon/cuaca/cerah-pm.svg,2026-09-22T15:00:00Z
51,51.71,51.71.03,51.71.03.1007,51.71.03.1007,Bali,Kota Denpasar,Denpasar Barat,Pemecutan,2026-09-20T00:00:00,2026-09-20 12:00:00,2026-09-20 20:00:00,11-12,26,89,0,34,20.4,E,131,W,,,1,Cerah,Sunny,https://api-apps.bmkg.go.id/storage/icon/cuaca/cerah-pm.svg,2026-09-20T12:00:00Z
51,51.71,51.71.03,51.71.03.1007,51.71.03.1007,Bali,Kota Denpasar,Denpasar Barat,Pemecutan,2026-09-20T00:00:00,2026-09-20 15:00:00,2026-09-20 23:00:00,14-15,24,92,0,50,16.9,E,98,W,,,1,Cerah,Sunny,https://api-apps.bmkg.go.id/storage/icon/cuaca/cerah-pm.svg,2026-09-20T15:00:00Z
51,51.71,51.71.03,51.71.03.1007,51.71.03.1007,Bali,Kota Denpasar,Denpasar Barat,Pemecutan,2026-09-20T00:00:00,2026-09-20 18:00:00,2026-09-21 02:00:00,17-18,24,95,0,34,16.6,E,95,W,,,1,Cerah,Sunny,https://api-apps.bmkg.go.id/storage/icon/cuaca/cerah-pm.svg,2026-09-20T18:00:00Z
51,51.71,51.71.03,51.71.03.1007,51.71.03.1007,Bali,Kota Denpasar,Denpasar Barat,Pemecutan,2026-09-20T00:00:00,2026-09-20 21:00:00,2026-09-21 05:00:00,20-21,23,96,0,38,16.1,N,28,S,,,1,Cerah,Sunny,https://api-apps.bmkg.go.id/storage/icon/cuaca/cerah-pm.svg,2026-09-20T21:00:00Z
51,51.71,51.71.03,51.71.03.1007,51.71.03.1007,Bali,Kota Denpasar,Denpasar Barat,Pemecutan,2026-09-20T00:00:00,2026-09-21 00:00:00,2026-09-21 08:00:00,23-24,27,70,0,54,18.2,E,108,W,,,1,Cerah,Sunny,https://api-apps.bmkg.go.id/storage/icon/cuaca/cerah-am.svg,2026-09-21T00:00:00Z
51,51.71,51.71.03,51.71.03.1007,51.71.03.1007,Bali,Kota Denpasar,Denpasar Barat,Pemecutan,2026-09-20T00:00:00,2026-09-21 03:00:00,2026-09-21 11:00:00,26-27,31,60,0,46,14.5,E,132,W,,,1,Cerah,Sunny,https://api-apps.bmkg.go.id/storage/icon/cuaca/cerah-am.svg,2026-09-21T03:00:00Z
51,51.71,51.71.03,51.71.03.1007,51.71.03.1007,Bali,Kota Denpasar,Denpasar Barat,Pemecutan,2026-09-20T00:00:00,2026-09-21 06:00:00,2026-09-21 14:00:00,29-30,32,61,0,10,17.6,SE,139,NW,,,1,Cerah,Sunny,https://api-apps.bmkg.go.id/storage/icon/cuaca/cerah-am.svg,2026-09-21T06:00:00Z
51,51.71,51.71.03,51.71.03.1007,51.71.03.1007,Bali,Kota Denpasar,Denpasar Barat,Pemecutan,2026-09-20T00:00:00,2026-09-21 09:00:00,2026-09-21 17:00:00,32-33,27,76,0,6,14.7,SE,136,NW,,,0,Cerah,Sunny,https://api-apps.bmkg.go.id/storage/icon/cuaca/cerah-am.svg,2026-09-21T09:00:00Z
51,51.71,51.71.03,51.71.03.1007,51.71.03.1007,Bali,Kota Denpasar,Denpasar Barat,Pemecutan,2026-09-20T00:00:00,2026-09-21 12:00:00,2026-09-21 20:00:00,35-36,25,87,0,2,19,E,126,W,,,0,Cerah,Sunny,https://api-apps.bmkg.go.id/storage/icon/cuaca/cerah-pm.svg,2026-09-21T12:00:00Z
51,51.71,51.71.03,51.71.03.1007,51.71.03.1007,Bali,Kota Denpasar,Denpasar Barat,Pemecutan,2026-09-20T00:00:00,2026-09-21 15:00:00,2026-09-21 23:00:00,38-39,25,93,0,35,27.3,E,110,W,,,1,Cerah,Sunny,https://api-apps.bmkg.go.id/storage/icon/cuaca/cerah-pm.svg,2026-09-21T15:00:00Z
51,51.71,51.71.03,51.71.03.1007,51.71.03.1007,Bali,Kota Denpasar,Denpasar Barat,Pemecutan,2026-09-20T00:00:00,2026-09-21 18:00:00,2026-09-22 02:00:00,41-42,24,96,0,38,14.5,NE,82,SW,,,1,Cerah,Sunny,https://api-apps.bmkg.go.id/storage/icon/cuaca/cerah-pm.svg,2026-09-21T18:00:00Z
51,51.71,51.71.03,51.71.03.1007,51.71.03.1007,Bali,Kota Denpasar,Denpasar Barat,Pemecutan,2026-09-20T00:00:00,2026-09-21 21:00:00,2026-09-22 05:00:00,44-45,23,97,0,57,13.1,N,13,S,,,1,Cerah,Sunny,https://api-apps.bmkg.go.id/storage/icon/cuaca/cerah-pm.svg,2026-09-21T21:00:00Z
51,51.71,51.71.03,51.71.03.1007,51.71.03.1007,Bali,Kota Denpasar,Denpasar Barat,Pemecutan,2026-09-20T00:00:00,2026-09-22 00:00:00,2026-09-22 08:00:00,47-48,28,72,0,24,13.3,NE,80,SW,,,1,Cerah,Sunny,https://api-apps.bmkg.go.id/storage/icon/cuaca/cerah-am.svg,2026-09-22T00:00:00Z
51,51.71,51.71.03,51.71.03.1007,51.71.03.1007,Bali,Kota Denpasar,Denpasar Barat,Pemecutan,2026-09-20T00:00:00,2026-09-22 03:00:00,2026-09-22 11:00:00,50-51,32,61,0,0,18.1,E,112,W,,,0,Cerah,Sunny,https://api-apps.bmkg.go.id/storage/icon/cuaca/cerah-am.svg,2026-09-22T03:00:00Z
51,51.71,51.71.03,51.71.03.1007,51.71.03.1007,Bali,Kota Denpasar,Denpasar Barat,Pemecutan,2026-09-20T00:00:00,2026-09-22 06:00:00,2026-09-22 14:00:00,53-54,32,65,0,51,18.1,E,112,W,,,1,Cerah,Sunny,https://api-apps.bmkg.go.id/storage/icon/cuaca/cerah-am.svg,2026-09-22T06:00:00Z
51,51.71,51.71.03,51.71.03.1007,51.71.03.1007,Bali,Kota Denpasar,Denpasar Barat,Pemecutan,2026-09-20T00:00:00,2026-09-22 09:00:00,2026-09-22 17:00:00,56-57,27,82,0,64,20.7,E,90,W,,,2,Cerah Berawan,Partly Cloudy,https://api-apps.bmkg.go.id/storage/icon/cuaca/cerah berawan-am.svg,2026-09-22T09:00:00Z
51,51.71,51.71.03,51.71.03.1007,51.71.03.1007,Bali,Kota Denpasar,Denpasar Barat,Pemecutan,2026-09-20T00:00:00,2026-09-22 12:00:00,2026-09-22 20:00:00,59-60,25,89,0,42,20.7,E,90,W,,,1,Cerah,Sunny,https://api-apps.bmkg.go.id/storage/icon/cuaca/cerah-pm.svg,2026-09-22T12:00:00Z
51,51.71,51.71.03,51.71.03.1007,51.71.03.1007,Bali,Kota Denpasar,Denpasar Barat,Pemecutan,2026-09-20T00:00:00,2026-09-22 15:00:00,2026-09-22 23:00:00,62-63,24,90,0,60,13,E,112,W,,,2,Cerah Berawan,Partly Cloudy,https://api-apps.bmkg.go.id/storage/icon/cuaca/cerah berawan-pm.svg,2026-09-22T15:00:00Z
51,51.71,51.71.03,51.71.03.1010,51.71.03.1010,Bali,Kota Denpasar,Denpasar Barat,Padangsambian,2026-09-20T00:00:00,2026-09-20 12:00:00,2026-09-20 20:00:00,11-12,26,89,0,34,20.4,E,131,W,,,1,Cerah,Sunny,https://api-apps.bmkg.go.id/storage/icon/cuaca/cerah-pm.svg,2026-09-20T12:00:00Z
51,51.71,51.71.03,51.71.03.1010,51.71.03.1010,Bali,Kota Denpasar,Denpasar Barat,Padangsambian,2026-09-20T00:00:00,2026-09-20 15:00:00,2026-09-20 23:00:00,14-15,24,92,0,50,16.9,E,98,W,,,1,Cerah,Sunny,https://api-apps.bmkg.go.id/storage/icon/cuaca/cerah-pm.svg,2026-09-20T15:00:00Z
51,51.71,51.71.03,51.71.03.1010,51.71.03.1010,Bali,Kota Denpasar,Denpasar Barat,Padangsambian,2026-09-20T00:00:00,2026-09-20 18:00:00,2026-09-21 02:00:00,17-18,24,95,0,34,16.6,E,95,W,,,1,Cerah,Sunny,https://api-apps.bmkg.go.id/storage/icon/cuaca/cerah-pm.svg,2026-09-20T18:00:00Z
51,51.71,51.71.03,51.71.03.1010,51.71.03.1010,Bali,Kota Denpasar,Denpasar Barat,Padangsambian,2026-09-20T00:00:00,2026-09-20 21:00:00,2026-09-21 05:00:00,20-21,23,96,0,38,16.1,N,28,S,,,1,Cerah,Sunny,https://api-apps.bmkg.go.id/storage/icon/cuaca/cerah-pm.svg,2026-09-20T21:00:00Z
51,51.71,51.71.03,51.71.03.1010,51.71.03.1010,Bali,Kota Denpasar,Denpasar Barat,Padangsambian,2026-09-20T00:00:00,2026-09-21 00:00:00,2026-09-21 08:00:00,23-24,27,70,0,54,18.2,E,108,W,,,1,Cerah,Sunny,https://api-apps.bmkg.go.id/storage/icon/cuaca/cerah-am.svg,2026-09-21T00:00:00Z
51,51.71,51.71.03,51.71.03.1010,51.71.03.1010,Bali,Kota Denpasar,Denpasar Barat,Padangsambian,2026-09-20T00:00:00,2026-09-21 03:00:00,2026-09-21 11:00:00,26-27,31,60,0,46,14.5,E,132,W,,,1,Cerah,Sunny,https://api-apps.bmkg.go.id/storage/icon/cuaca/cerah-am.svg,2026-09-21T03:00:00Z
51,51.71,51.71.03,51.71.03.1010,51.71.03.1010,Bali,Kota Denpasar,Denpasar Barat,Padangsambian,2026-09-20T00:00:00,2026-09-21 06:00:00,2026-09-21 14:00:00,29-30,32,61,0,10,17.6,SE,139,NW,,,1,Cerah,Sunny,https://api-apps.bmkg.go.id/storage/icon/cuaca/cerah-am.svg,2026-09-21T06:00:00Z
51,51.71,51.71.03,51.71.03.1010,51.71.03.1010,Bali,Kota Denpasar,Denpasar Barat,Padangsambian,2026-09-20T00:00:00,2026-09-21 09:00:00,2026-09-21 17:00:00,32-33,27,76,0,6,14.7,SE,136,NW,,,0,Cerah,Sunny,https://api-apps.bmkg.go.id/storage/icon/cuaca/cerah-am.svg,2026-09-21T09:00:00Z
51,51.71,51.71.03,51.71.03.1010,51.71.03.1010,Bali,Kota Denpasar,Denpasar Barat,Padangsambian,2026-09-20T00:00:00,2026-09-21 12:00:00,2026-09-21 20:00:00,35-36,25,87,0,2,19,E,126,W,,,0,Cerah,Sunny,https://api-apps.bmkg.go.id/storage/icon/cuaca/cerah-pm.svg,2026-09-21T12:00:00Z
51,51.71,51.71.03,51.71.03.1010,51.71.03.1010,Bali,Kota Denpasar,Denpasar Barat,Padangsambian,2026-09-20T00:00:00,2026-09-21 15:00:00,2026-09-21 23:00:00,38-39,25,93,0,35,27.3,E,110,W,,,1,Cerah,Sunny,https://api-apps.bmkg.go.id/storage/icon/cuaca/cerah-pm.svg,2026-09-21T15:00:00Z
51,51.71,51.71.03,51.71.03.1010,51.71.03.1010,Bali,Kota Denpasar,Denpasar Barat,Padangsambian,2026-09-20T00:00:00,2026-09-21 18:00:00,2026-09-22 02:00:00,41-42,24,96,0,38,14.5,NE,82,SW,,,1,Cerah,Sunny,https://api-apps.bmkg.go.id/storage/icon/cuaca/cerah-pm.svg,2026-09-21T18:00:00Z
51,51.71,51.71.03,51.71.03.1010,51.71.03.1010,Bali,Kota Denpasar,Denpasar Barat,Padangsambian,2026-09-20T00:00:00,2026-09-21 21:00:00,2026-09-22 05:00:00,44-45,23,97,0,57,13.1,N,13,S,,,1,Cerah,Sunny,https://api-apps.bmkg.go.id/storage/icon/cuaca/cerah-pm.svg,2026-09-21T21:00:00Z
51,51.71,51.71.03,51.71.03.1010,51.71.03.1010,Bali,Kota Denpasar,Denpasar Barat,Padangsambian,2026-09-20T00:00:00,2026-09-22 00:00:00,2026-09-22 08:00:00,47-48,28,72,0,24,13.3,NE,80,SW,,,1,Cerah,Sunny,https://api-apps.bmkg.go.id/storage/icon/cuaca/cerah-am.svg,2026-09-22T00:00:00Z
51,51.71,51.71.03,51.71.03.1010,51.71.03.1010,Bali,Kota Denpasar,Denpasar Barat,Padangsambian,2026-09-20T00:00:00,2026-09-22 03:00:00,2026-09-22 11:00:00,50-51,32,61,0,0,18.1,E,112,W,,,0,Cerah,Sunny,https://api-apps.bmkg.go.id/storage/icon/cuaca/cerah-am.svg,2026-09-22T03:00:00Z
51,51.71,51.71.03,51.71.03.1010,51.71.03.1010,Bali,Kota Denpasar,Denpasar Barat,Padangsambian,2026-09-20T00:00:00,2026-09-22 06:00:00,2026-09-22 14:00:00,53-54,32,65,0,51,18.1,E,112,W,,,1,Cerah,Sunny,https://api-apps.bmkg.go.id/storage/icon/cuaca/cerah-am.svg,2026-09-22T06:00:00Z
51,51.71,51.71.03,51.71.03.1010,51.71.03.1010,Bali,Kota Denpasar,Denpasar Barat,Padangsambian,2026-09-20T00:00:00,2026-09-22 09:00:00,2026-09-22 17:00:00,56-57,27,82,0,64,20.7,E,90,W,,,2,Cerah Berawan,Partly Cloudy,https://api-apps.bmkg.go.id/storage/icon/cuaca/cerah berawan-am.svg,2026-09-22T09:00:00Z
51,51.71,51.71.03,51.71.03.1010,51.71.03.1010,Bali,Kota Denpasar,Denpasar Barat,Padangsambian,2026-09-20T00:00:00,2026-09-22 12:00:00,2026-09-22 20:00:00,59-60,25,89,0,42,20.7,E,90,W,,,1,Cerah,Sunny,https://api-apps.bmkg.go.id/storage/icon/cuaca/cerah-pm.svg,2026-09-22T12:00:00Z
51,51.71,51.71.03,51.71.03.1010,51.71.03.1010,Bali,Kota Denpasar,Denpasar Barat,Padangsambian,2026-09-20T00:00:00,2026-09-22 15:00:00,2026-09-22 23:00:00,62-63,24,90,0,60,13,E,112,W,,,2,Cerah Berawan,Partly Cloudy,https://api-apps.bmkg.go.id/storage/icon/cuaca/cerah berawan-pm.svg,2026-09-22T15:00:00Z
51,51.71,51.71.03,51.71.03.2001,51.71.03.2001,Bali,Kota Denpasar,Denpasar Barat,Padangsambian Kelod,2026-09-20T00:00:00,2026-09-20 12:00:00,2026-09-20 20:00:00,11-12,26,88,0,36,23.8,E,131,W,,,1,Cerah,Sunny,https://api-apps.bmkg.go.id/storage/icon/cuaca/cerah-pm.svg,2026-09-20T12:00:00Z
51,51.71,51.71.03,51.71.03.2001,51.71.03.2001,Bali,Kota Denpasar,Denpasar Barat,Padangsambian Kelod,2026-09-20T00:00:00,2026-09-20 15:00:00,2026-09-20 23:00:00,14-15,24,92,0,36,17.5,E,98,W,,,1,Cerah,Sunny,https://api-apps.bmkg.go.id/storage/icon/cuaca/cerah-pm.svg,2026-09-20T15:00:00Z
51,51.71,51.71.03,51.71.03.2001,51.71.03.2001,Bali,Kota Denpasar,Denpasar Barat,Padangsambian Kelod,2026-09-20T00:00:00,2026-09-20 18:00:00,2026-09-21 02:00:00,17-18,24,94,0,28,15.8,E,95,W,,,1,Cerah,Sunny,https://api-apps.bmkg.go.id/storage/icon/cuaca/cerah-pm.svg,2026-09-20T18:00:00Z
51,51.71,51.71.03,51.71.03.2001,51.71.03.2001,Bali,Kota Denpasar,Denpasar Barat,Padangsambian Kelod,2026-09-20T00:00:00,2026-09-20 21:00:00,2026-09-21 05:00:00,20-21,24,95,0,43,15,N,28,S,,,1,Cerah,Sunny,https://api-apps.bmkg.go.id/storage/icon/cuaca/cerah-pm.svg,2026-09-20T21:00:00Z
51,51.71,51.71.03,51.71.03.2001,51.71.03.2001,Bali,Kota Denpasar,Denpasar Barat,Padangsambian Kelod,2026-09-20T00:00:00,2026-09-21 00:00:00,2026-09-21 08:00:00,23-24,27,72,0,60,17.8,E,108,W,,,1,Cerah,Sunny,https://api-apps.bmkg.go.id/storage/icon/cuaca/cerah-am.svg,2026-09-21T00:00:00Z
51,51.71,51.71.03,51.71.03.2001,51.71.03.2001,Bali,Kota Denpasar,Denpasar Barat,Padangsambian Kelod,2026-09-20T00:00:00,2026-09-21 03:00:00,2026-09-21 11:00:00,26-27,30,64,0,43,14.4,E,132,W,,,1,Cerah,Sunny,https://api-apps.bmkg.go.id/storage/icon/cuaca/cerah-am.svg,2026-09-21T03:00:00Z
51,51.71,51.71.03,51.71.03.2001,51.71.03.2001,Bali,Kota Denpasar,Denpasar Barat,Padangsambian Kelod,2026-09-20T00:00:00,2026-09-21 06:00:00,2026-09-21 14:00:00,29-30,31,63,0,10,17.6,SE,139,NW,,,1,Cerah,Sunny,https://api-apps.bmkg.go.id/storage/icon/cuaca/cerah-am.svg,2026-09-21T06:00:00Z
51,51.71,51.71.03,51.71.03.2001,51.71.03.2001,Bali,Kota Denpasar,Denpasar Barat,Padangsambian Kelod,2026-09-20T00:00:00,2026-09-21 09:00:00,2026-09-21 17:00:00,32-33,27,76,0,5,14.7,SE,136,NW,,,0,Cerah,Sunny,https://api-apps.bmkg.go.id/storage/icon/cuaca/cerah-am.svg,2026-09-21T09:00:00Z
51,51.71,51.71.03,51.71.03.2001,51.71.03.2001,Bali,Kota Denpasar,Denpasar Barat,Padangsambian Kelod,2026-09-20T00:00:00,2026-09-21 12:00:00,2026-09-21 20:00:00,35-36,25,87,0,1,25,E,126,W,,,0,Cerah,Sunny,https://api-apps.bmkg.go.id/storage/icon/cuaca/cerah-pm.svg,2026-09-21T12:00:00Z
51,51.71,51.71.03,51.71.03.2001,51.71.03.2001,Bali,Kota Denpasar,Denpasar Barat,Padangsambian Kelod,2026-09-20T00:00:00,2026-09-21 15:00:00,2026-09-21 23:00:00,38-39,25,91,0,30,26.7,E,110,W,,,1,Cerah,Sunny,https://api-apps.bmkg.go.id/storage/icon/cuaca/cerah-pm.svg,2026-09-21T15:00:00Z
51,51.71,51.71.03,51.71.03.2001,51.71.03.2001,Bali,Kota Denpasar,Denpasar Barat,Padangsambian Kelod,2026-09-20T00:00:00,2026-09-21 18:00:00,2026-09-22 02:00:00,41-42,25,95,0,37,15,NE,82,SW,,,1,Cerah,Sunny,https://api-apps.bmkg.go.id/storage/icon/cuaca/cerah-pm.svg,2026-09-21T18:00:00Z
51,51.71,51.71.03,51.71.03.2001,51.71.03.2001,Bali,Kota Denpasar,Denpasar Barat,Padangsambian Kelod,2026-09-20T00:00:00,2026-09-21 21:00:00,2026-09-22 05:00:00,44-45,24,95,0,53,12.3,N,13,S,,,1,Cerah,Sunny,https://api-apps.bmkg.go.id/storage/icon/cuaca/cerah-pm.svg,2026-09-21T21:00:00Z
51,51.71,51.71.03,51.71.03.2001,51.71.03.2001,Bali,Kota Denpasar,Denpasar Barat,Padangsambian Kelod,2026-09-20T00:00:00,2026-09-22 00:00:00,2026-09-22 08:00:00,47-48,27,74,0,17,12.6,NE,80,SW,,,1,Cerah,Sunny,https://api-apps.bmkg.go.id/storage/icon/cuaca/cerah-am.svg,2026-09-22T00:00:00Z
51,51.71,51.71.03,51.71.03.2001,51.71.03.2001,Bali,Kota Denpasar,Denpasar Barat,Padangsambian Kelod,2026-09-20T00:00:00,2026-09-22 03:00:00,2026-09-22 11:00:00,50-51,31,63,0,0,18.1,E,112,W,,,0,Cerah,Sunny,https://api-apps.bmkg.go.id/storage/icon/cuaca/cerah-am.svg,2026-09-22T03:00:00Z
51,51.71,51.71.03,51.71.03.2001,51.71.03.2001,Bali,Kota Denpasar,Denpasar Barat,Padangsambian Kelod,2026-09-20T00:00:00,2026-09-22 06:00:00,2026-09-22 14:00:00,53-54,31,67,0,52,18.1,E,112,W,,,1,Cerah,Sunny,https://api-apps.bmkg.go.id/storage/icon/cuaca/cerah-am.svg,2026-09-22T06:00:00Z
51,51.71,51.71.03,51.71.03.2001,51.71.03.2001,Bali,Kota Denpasar,Denpasar Barat,Padangsambian Kelod,2026-09-20T00:00:00,2026-09-22 09:00:00,2026-09-22 17:00:00,56-57,27,83,0,64,21.5,E,90,W,,,2,Cerah Berawan,Partly Cloudy,https://api-apps.bmkg.go.id/storage/icon/cuaca/cerah berawan-am.svg,2026-09-22T09:00:00Z
51,51.71,51.71.03,51.71.03.2001,51.71.03.2001,Bali,Kota Denpasar,Denpasar Barat,Padangsambian Kelod,2026-09-20T00:00:00,2026-09-22 12:00:00,2026-09-22 20:00:00,59-60,25,89,0,41,21.5,E,90,W,,,1,Cerah,Sunny,https://api-apps.bmkg.go.id/storage/icon/cuaca/cerah-pm.svg,2026-09-22T12:00:00Z
51,51.71,51.71.03,51.71.03.2001,51.71.03.2001,Bali,Kota Denpasar,Denpasar Barat,Padangsambian Kelod,2026-09-20T00:00:00,2026-09-22 15:00:00,2026-09-22 23:00:00,62-63,25,89,0,60,12.2,E,112,W,,,2,Cerah Berawan,Partly Cloudy,https://api-apps.bmkg.go.id/storage/icon/cuaca/cerah berawan-pm.svg,2026-09-22T15:00:00Z
51,51.71,51.71.03,51.71.03.2002,51.71.03.2002,Bali,Kota Denpasar,Denpasar Barat,Pemecutan Kelod,2026-09-20T00:00:00,2026-09-20 12:00:00,2026-09-20 20:00:00,11-12,26,88,0,36,23.3,E,131,W,,,1,Cerah,Sunny,https://api-apps.bmkg.go.id/storage/icon/cuaca/cerah-pm.svg,2026-09-20T12:00:00Z
51,51.71,51.71.03,51.71.03.2002,51.71.03.2002,Bali,Kota Denpasar,Denpasar Barat,Pemecutan Kelod,2026-09-20T00:00:00,2026-09-20 15:00:00,2026-09-20 23:00:00,14-15,24,92,0,39,17.3,E,98,W,,,1,Cerah,Sunny,https://api-apps.bmkg.go.id/storage/icon/cuaca/cerah-pm.svg,2026-09-20T15:00:00Z
51,51.71,51.71.03,51.71.03.2002,51.71.03.2002,Bali,Kota Denpasar,Denpasar Barat,Pemecutan Kelod,2026-09-20T00:00:00,2026-09-20 18:00:00,2026-09-21 02:00:00,17-18,24,95,0,31,15.8,E,95,W,,,1,Cerah,Sunny,https://api-apps.bmkg.go.id/storage/icon/cuaca/cerah-pm.svg,2026-09-20T18:00:00Z
51,51.71,51.71.03,51.71.03.2002,51.71.03.2002,Bali,Kota Denpasar,Denpasar Barat,Pemecutan Kelod,2026-09-20T00:00:00,2026-09-20 21:00:00,2026-09-21 05:00:00,20-21,23,96,0,43,15,N,28,S,,,1,Cerah,Sunny,https://api-apps.bmkg.go.id/storage/icon/cuaca/cerah-pm.svg,2026-09-20T21:00:00Z
51,51.71,51.71.03,51.71.03.2002,51.71.03.2002,Bali,Kota Denpasar,Denpasar Barat,Pemecutan Kelod,2026-09-20T00:00:00,2026-09-21 00:00:00,2026-09-21 08:00:00,23-24,27,70,0,57,17.9,E,108,W,,,1,Cerah,Sunny,https://api-apps.bmkg.go.id/storage/icon/cuaca/cerah-am.svg,2026-09-21T00:00:00Z
51,51.71,51.71.03,51.71.03.2002,51.71.03.2002,Bali,Kota Denpasar,Denpasar Barat,Pemecutan Kelod,2026-09-20T00:00:00,2026-09-21 03:00:00,2026-09-21 11:00:00,26-27,31,62,0,40,14.4,E,132,W,,,1,Cerah,Sunny,https://api-apps.bmkg.go.id/storage/icon/cuaca/cerah-am.svg,2026-09-21T03:00:00Z
51,51.71,51.71.03,51.71.03.2002,51.71.03.2002,Bali,Kota Denpasar,Denpasar Barat,Pemecutan Kelod,2026-09-20T00:00:00,2026-09-21 06:00:00,2026-09-21 14:00:00,29-30,32,62,0,6,17.6,SE,139,NW,,,0,Cerah,Sunny,https://api-apps.bmkg.go.id/storage/icon/cuaca/cerah-am.svg,2026-09-21T06:00:00Z
51,51.71,51.71.03,51.71.03.2002,51.71.03.2002,Bali,Kota Denpasar,Denpasar Barat,Pemecutan Kelod,2026-09-20T00:00:00,2026-09-21 09:00:00,2026-09-21 17:00:00,32-33,27,77,0,6,14.7,SE,136,NW,,,0,Cerah,Sunny,https://api-apps.bmkg.go.id/storage/icon/cuaca/cerah-am.svg,2026-09-21T09:00:00Z
51,51.71,51.71.03,51.71.03.2002,51.71.03.2002,Bali,Kota Denpasar,Denpasar Barat,Pemecutan Kelod,2026-09-20T00:00:00,2026-09-21 12:00:00,2026-09-21 20:00:00,35-36,25,87,0,1,22.4,E,126,W,,,0,Cerah,Sunny,https://api-apps.bmkg.go.id/storage/icon/cuaca/cerah-pm.svg,2026-09-21T12:00:00Z
51,51.71,51.71.03,51.71.03.2002,51.71.03.2002,Bali,Kota Denpasar,Denpasar Barat,Pemecutan Kelod,2026-09-20T00:00:00,2026-09-21 15:00:00,2026-09-21 23:00:00,38-39,25,92,0,32,28,E,110,W,,,1,Cerah,Sunny,https://api-apps.bmkg.go.id/storage/icon/cuaca/cerah-pm.svg,2026-09-21T15:00:00Z
51,51.71,51.71.03,51.71.03.2002,51.71.03.2002,Bali,Kota Denpasar,Denpasar Barat,Pemecutan Kelod,2026-09-20T00:00:00,2026-09-21 18:00:00,2026-09-22 02:00:00,41-42,25,96,0,40,15.7,NE,82,SW,,,1,Cerah,Sunny,https://api-apps.bmkg.go.id/storage/icon/cuaca/cerah-pm.svg,2026-09-21T18:00:00Z
51,51.71,51.71.03,51.71.03.2002,51.71.03.2002,Bali,Kota Denpasar,Denpasar Barat,Pemecutan Kelod,2026-09-20T00:00:00,2026-09-21 21:00:00,2026-09-22 05:00:00,44-45,23,96,0,55,12.4,N,13,S,,,1,Cerah,Sunny,https://api-apps.bmkg.go.id/storage/icon/cuaca/cerah-pm.svg,2026-09-21T21:00:00Z
51,51.71,51.71.03,51.71.03.2002,51.71.03.2002,Bali,Kota Denpasar,Denpasar Barat,Pemecutan Kelod,2026-09-20T00:00:00,2026-09-22 00:00:00,2026-09-22 08:00:00,47-48,28,73,0,16,12.6,NE,80,SW,,,1,Cerah,Sunny,https://api-apps.bmkg.go.id/storage/icon/cuaca/cerah-am.svg,2026-09-22T00:00:00Z
51,51.71,51.71.03,51.71.03.2002,51.71.03.2002,Bali,Kota Denpasar,Denpasar Barat,Pemecutan Kelod,2026-09-20T00:00:00,2026-09-22 03:00:00,2026-09-22 11:00:00,50-51,32,62,0,0,18.1,E,112,W,,,0,Cerah,Sunny,https://api-apps.bmkg.go.id/storage/icon/cuaca/cerah-am.svg,2026-09-22T03:00:00Z
51,51.71,51.71.03,51.71.03.2002,51.71.03.2002,Bali,Kota Denpasar,Denpasar Barat,Pemecutan Kelod,2026-09-20T00:00:00,2026-09-22 06:00:00,2026-09-22 14:00:00,53-54,32,66,0,52,18.1,E,112,W,,,1,Cerah,Sunny,https://api-apps.bmkg.go.id/storage/icon/cuaca/cerah-am.svg,2026-09-22T06:00:00Z
51,51.71,51.71.03,51.71.03.2002,51.71.03.2002,Bali,Kota Denpasar,Denpasar Barat,Pemecutan Kelod,2026-09-20T00:00:00,2026-09-22 09:00:00,2026-09-22 17:00:00,56-57,27,83,0,64,20.8,E,90,W,,,2,Cerah Berawan,Partly Cloudy,https://api-apps.bmkg.go.id/storage/icon/cuaca/cerah berawan-am.svg,2026-09-22T09:00:00Z
51,51.71,51.71.03,51.71.03.2002,51.71.03.2002,Bali,Kota Denpasar,Denpasar Barat,Pemecutan Kelod,2026-09-20T00:00:00,2026-09-22 12:00:00,2026-09-22 20:00:00,59-60,25,88,0,42,20.8,E,90,W,,,1,Cerah,Sunny,https://api-apps.bmkg.go.id/storage/icon/cuaca/cerah-pm.svg,2026-09-22T12:00:00Z
51,51.71,51.71.03,51.71.03.2002,51.71.03.2002,Bali,Kota Denpasar,Denpasar Barat,Pemecutan Kelod,2026-09-20T00:00:00,2026-09-22 15:00:00,2026-09-22 23:00:00,62-63,24,89,0,61,12.2,E,112,W,,,2,Cerah Berawan,Partly Cloudy,https://api-apps.bmkg.go.id/storage/icon/cuaca/cerah berawan-pm.svg,2026-09-22T15:00:00Z
51,51.71,51.71.03,51.71.03.2003,51.71.03.2003,Bali,Kota Denpasar,Denpasar Barat,Dauh Puri Kauh,2026-09-20T00:00:00,2026-09-20 12:00:00,2026-09-20 20:00:00,11-12,26,88,0,36,23.3,E,131,W,,,1,Cerah,Sunny,https://api-apps.bmkg.go.id/storage/icon/cuaca/cerah-pm.svg,2026-09-20T12:00:00Z
51,51.71,51.71.03,51.71.03.2003,51.71.03.2003,Bali,Kota Denpasar,Denpasar Barat,Dauh Puri Kauh,2026-09-20T00:00:00,2026-09-20 15:00:00,2026-09-20 23:00:00,14-15,24,92,0,39,17.3,E,98,W,,,1,Cerah,Sunny,https://api-apps.bmkg.go.id/storage/icon/cuaca/cerah-pm.svg,2026-09-20T15:00:00Z
51,51.71,51.71.03,51.71.03.2003,51.71.03.2003,Bali,Kota Denpasar,Denpasar Barat,Dauh Puri Kauh,2026-09-20T00:00:00,2026-09-20 18:00:00,2026-09-21 02:00:00,17-18,24,95,0,31,15.8,E,95,W,,,1,Cerah,Sunny,https://api-apps.bmkg.go.id/storage/icon/cuaca/cerah-pm.svg,2026-09-20T18:00:00Z
51,51.71,51.71.03,51.71.03.2003,51.71.03.2003,Bali,Kota Denpasar,Denpasar Barat,Dauh Puri Kauh,2026-09-20T00:00:00,2026-09-20 21:00:00,2026-09-21 05:00:00,20-21,23,96,0,43,15,N,28,S,,,1,Cerah,Sunny,https://api-apps.bmkg.go.id/storage/icon/cuaca/cerah-pm.svg,2026-09-20T21:00:00Z
51,51.71,51.71.03,51.71.03.2003,51.71.03.2003,Bali,Kota Denpasar,Denpasar Barat,Dauh Puri Kauh,2026-09-20T00:00:00,2026-09-21 00:00:00,2026-09-21 08:00:00,23-24,27,70,0,57,17.9,E,108,W,,,1,Cerah,Sunny,https://api-apps.bmkg.go.id/storage/icon/cuaca/cerah-am.svg,2026-09-21T00:00:00Z
51,51.71,51.71.03,51.71.03.2003,51.71.03.2003,Bali,Kota Denpasar,Denpasar Barat,Dauh Puri Kauh,2026-09-20T00:00:00,2026-09-21 03:00:00,2026-09-21 11:00:00,26-27,31,62,0,40,14.4,E,132,W,,,1,Cerah,Sunny,https://api-apps.bmkg.go.id/storage/icon/cuaca/cerah-am.svg,2026-09-21T03:00:00Z
51,51.71,51.71.03,51.71.03.2003,51.71.03.2003,Bali,Kota Denpasar,Denpasar Barat,Dauh Puri Kauh,2026-09-20T00:00:00,2026-09-21 06:00:00,2026-09-21 14:00:00,29-30,32,62,0,6,17.6,SE,139,NW,,,0,Cerah,Sunny,https://api-apps.bmkg.go.id/storage/icon/cuaca/cerah-am.svg,2026-09-21T06:00:00Z
51,51.71,51.71.03,51.71.03.2003,51.71.03.2003,Bali,Kota Denpasar,Denpasar Barat,Dauh Puri Kauh,2026-09-20T00:00:00,2026-09-21 09:00:00,2026-09-21 17:00:00,32-33,27,77,0,6,14.7,SE,136,NW,,,0,Cerah,Sunny,https://api-apps.bmkg.go.id/storage/icon/cuaca/cerah-am.svg,2026-09-21T09:00:00Z
51,51.71,51.71.03,51.71.03.2003,51.71.03.2003,Bali,Kota Denpasar,Denpasar Barat,Dauh Puri Kauh,2026-09-20T00:00:00,2026-09-21 12:00:00,2026-09-21 20:00:00,35-36,25,87,0,1,22.4,E,126,W,,,0,Cerah,Sunny,https://api-apps.bmkg.go.id/storage/icon/cuaca/cerah-pm.svg,2026-09-21T12:00:00Z
51,51.71,51.71.03,51.71.03.2003,51.71.03.2003,Bali,Kota Denpasar,Denpasar Barat,Dauh Puri Kauh,2026-09-20T00:00:00,2026-09-21 15:00:00,2026-09-21 23:00:00,38-39,25,92,0,32,28,E,110,W,,,1,Cerah,Sunny,https://api-apps.bmkg.go.id/storage/icon/cuaca/cerah-pm.svg,2026-09-21T15:00:00Z
51,51.71,51.71.03,51.71.03.2003,51.71.03.2003,Bali,Kota Denpasar,Denpasar Barat,Dauh Puri Kauh,2026-09-20T00:00:00,2026-09-21 18:00:00,2026-09-22 02:00:00,41-42,25,96,0,40,15.7,NE,82,SW,,,1,Cerah,Sunny,https://api-apps.bmkg.go.id/storage/icon/cuaca/cerah-pm.svg,2026-09-21T18:00:00Z
51,51.71,51.71.03,51.71.03.2003,51.71.03.2003,Bali,Kota Denpasar,Denpasar Barat,Dauh Puri Kauh,2026-09-20T00:00:00,2026-09-21 21:00:00,2026-09-22 05:00:00,44-45,23,96,0,55,12.4,N,13,S,,,1,Cerah,Sunny,https://api-apps.bmkg.go.id/storage/icon/cuaca/cerah-pm.svg,2026-09-21T21:00:00Z
51,51.71,51.71.03,51.71.03.2003,51.71.03.2003,Bali,Kota Denpasar,Denpasar Barat,Dauh Puri Kauh,2026-09-20T00:00:00,2026-09-22 00:00:00,2026-09-22 08:00:00,47-48,28,73,0,16,12.6,NE,80,SW,,,1,Cerah,Sunny,https://api-apps.bmkg.go.id/storage/icon/cuaca/cerah-am.svg,2026-09-22T00:00:00Z
51,51.71,51.71.03,51.71.03.2003,51.71.03.2003,Bali,Kota Denpasar,Denpasar Barat,Dauh Puri Kauh,2026-09-20T00:00:00,2026-09-22 03:00:00,2026-09-22 11:00:00,50-51,32,62,0,0,18.1,E,112,W,,,0,Cerah,Sunny,https://api-apps.bmkg.go.id/storage/icon/cuaca/cerah-am.svg,2026-09-22T03:00:00Z
51,51.71,51.71.03,51.71.03.2003,51.71.03.2003,Bali,Kota Denpasar,Denpasar Barat,Dauh Puri Kauh,2026-09-20T00:00:00,2026-09-22 06:00:00,2026-09-22 14:00:00,53-54,32,66,0,52,18.1,E,112,W,,,1,Cerah,Sunny,https://api-apps.bmkg.go.id/storage/icon/cuaca/cerah-am.svg,2026-09-22T06:00:00Z
51,51.71,51.71.03,51.71.03.2003,51.71.03.2003,Bali,Kota Denpasar,Denpasar Barat,Dauh Puri Kauh,2026-09-20T00:00:00,2026-09-22 09:00:00,2026-09-22 17:00:00,56-57,27,83,0,64,20.8,E,90,W,,,2,Cerah Berawan,Partly Cloudy,https://api-apps.bmkg.go.id/storage/icon/cuaca/cerah berawan-am.svg,2026-09-22T09:00:00Z
51,51.71,51.71.03,51.71.03.2003,51.71.03.2003,Bali,Kota Denpasar,Denpasar Barat,Dauh Puri Kauh,2026-09-20T00:00:00,2026-09-22 12:00:00,2026-09-22 20:00:00,59-60,25,88,0,42,20.8,E,90,W,,,1,Cerah,Sunny,https://api-apps.bmkg.go.id/storage/icon/cuaca/cerah-pm.svg,2026-09-22T12:00:00Z
51,51.71,51.71.03,51.71.03.2003,51.71.03.2003,Bali,Kota Denpasar,Denpasar Barat,Dauh Puri Kauh,2026-09-20T00:00:00,2026-09-22 15:00:00,2026-09-22 23:00:00,62-63,24,89,0,61,12.2,E,112,W,,,2,Cerah Berawan,Partly Cloudy,https://api-apps.bmkg.go.id/storage/icon/cuaca/cerah berawan-pm.svg,2026-09-22T15:00:00Z
51,51.71,51.71.03,51.71.03.2004,51.71.03.2004,Bali,Kota Denpasar,Denpasar Barat,Dauh Puri Kelod,2026-09-20T00:00:00,2026-09-20 12:00:00,2026-09-20 20:00:00,11-12,26,88,0,37,21.9,E,131,W,,,1,Cerah,Sunny,https://api-apps.bmkg.go.id/storage/icon/cuaca/cerah-pm.svg,2026-09-20T12:00:00Z
51,51.71,51.71.03,51.71.03.2004,51.71.03.2004,Bali,Kota Denpasar,Denpasar Barat,Dauh Puri Kelod,2026-09-20T00:00:00,2026-09-20 15:00:00,2026-09-20 23:00:00,14-15,24,92,0,39,16.8,E,98,W,,,1,Cerah,Sunny,https://api-apps.bmkg.go.id/storage/icon/cuaca/cerah-pm.svg,2026-09-20T15:00:00Z
51,51.71,51.71.03,51.71.03.2004,51.71.03.2004,Bali,Kota Denpasar,Denpasar Barat,Dauh Puri Kelod,2026-09-20T00:00:00,2026-09-20 18:00:00,2026-09-21 02:00:00,17-18,24,95,0,31,15.8,E,94,W,,,1,Cerah,Sunny,https://api-apps.bmkg.go.id/storage/icon/cuaca/cerah-pm.svg,2026-09-20T18:00:00Z
51,51.71,51.71.03,51.71.03.2004,51.71.03.2004,Bali,Kota Denpasar,Denpasar Barat,Dauh Puri Kelod,2026-09-20T00:00:00,2026-09-20 21:00:00,2026-09-21 05:00:00,20-21,24,95,0,42,15.1,N,28,S,,,1,Cerah,Sunny,https://api-apps.bmkg.go.id/storage/icon/cuaca/cerah-pm.svg,2026-09-20T21:00:00Z
51,51.71,51.71.03,51.71.03.2004,51.71.03.2004,Bali,Kota Denpasar,Denpasar Barat,Dauh Puri Kelod,2026-09-20T00:00:00,2026-09-21 00:00:00,2026-09-21 08:00:00,23-24,27,74,0,57,17.9,E,108,W,,,1,Cerah,Sunny,https://api-apps.bmkg.go.id/storage/icon/cuaca/cerah-am.svg,2026-09-21T00:00:00Z
51,51.71,51.71.03,51.71.03.2004,51.71.03.2004,Bali,Kota Denpasar,Denpasar Barat,Dauh Puri Kelod,2026-09-20T00:00:00,2026-09-21 03:00:00,2026-09-21 11:00:00,26-27,30,68,0,39,14.4,E,132,W,,,1,Cerah,Sunny,https://api-apps.bmkg.go.id/storage/icon/cuaca/cerah-am.svg,2026-09-21T03:00:00Z
51,51.71,51.71.03,51.71.03.2004,51.71.03.2004,Bali,Kota Denpasar,Denpasar Barat,Dauh Puri Kelod,2026-09-20T00:00:00,2026-09-21 06:00:00,2026-09-21 14:00:00,29-30,31,68,0,6,17.6,SE,139,NW,,,0,Cerah,Sunny,https://api-apps.bmkg.go.id/storage/icon/cuaca/cerah-am.svg,2026-09-21T06:00:00Z
51,51.71,51.71.03,51.71.03.2004,51.71.03.2004,Bali,Kota Denpasar,Denpasar Barat,Dauh Puri Kelod,2026-09-20T00:00:00,2026-09-21 09:00:00,2026-09-21 17:00:00,32-33,27,79,0,5,14.7,SE,136,NW,,,0,Cerah,Sunny,https://api-apps.bmkg.go.id/storage/icon/cuaca/cerah-am.svg,2026-09-21T09:00:00Z
51,51.71,51.71.03,51.71.03.2004,51.71.03.2004,Bali,Kota Denpasar,Denpasar Barat,Dauh Puri Kelod,2026-09-20T00:00:00,2026-09-21 12:00:00,2026-09-21 20:00:00,35-36,25,87,0,1,19.1,E,126,W,,,0,Cerah,Sunny,https://api-apps.bmkg.go.id/storage/icon/cuaca/cerah-pm.svg,2026-09-21T12:00:00Z
51,51.71,51.71.03,51.71.03.2004,51.71.03.2004,Bali,Kota Denpasar,Denpasar Barat,Dauh Puri Kelod,2026-09-20T00:00:00,2026-09-21 15:00:00,2026-09-21 23:00:00,38-39,25,91,0,30,28.6,E,110,W,,,1,Cerah,Sunny,https://api-apps.bmkg.go.id/storage/icon/cuaca/cerah-pm.svg,2026-09-21T15:00:00Z
51,51.71,51.71.03,51.71.03.2004,51.71.03.2004,Bali,Kota Denpasar,Denpasar Barat,Dauh Puri Kelod,2026-09-20T00:00:00,2026-09-21 18:00:00,2026-09-22 02:00:00,41-42,25,96,0,46,17.7,NE,82,SW,,,1,Cerah,Sunny,https://api-apps.bmkg.go.id/storage/icon/cuaca/cerah-pm.svg,2026-09-21T18:00:00Z
51,51.71,51.71.03,51.71.03.2004,51.71.03.2004,Bali,Kota Denpasar,Denpasar Barat,Dauh Puri Kelod,2026-09-20T00:00:00,2026-09-21 21:00:00,2026-09-22 05:00:00,44-45,23,96,0,56,12.4,N,13,S,,,1,Cerah,Sunny,https://api-apps.bmkg.go.id/storage/icon/cuaca/cerah-pm.svg,2026-09-21T21:00:00Z
51,51.71,51.71.03,51.71.03.2004,51.71.03.2004,Bali,Kota Denpasar,Denpasar Barat,Dauh Puri Kelod,2026-09-20T00:00:00,2026-09-22 00:00:00,2026-09-22 08:00:00,47-48,27,76,0,17,12.6,NE,80,SW,,,1,Cerah,Sunny,https://api-apps.bmkg.go.id/storage/icon/cuaca/cerah-am.svg,2026-09-22T00:00:00Z
51,51.71,51.71.03,51.71.03.2004,51.71.03.2004,Bali,Kota Denpasar,Denpasar Barat,Dauh Puri Kelod,2026-09-20T00:00:00,2026-09-22 03:00:00,2026-09-22 11:00:00,50-51,32,68,0,0,18.1,E,112,W,,,0,Cerah,Sunny,https://api-apps.bmkg.go.id/storage/icon/cuaca/cerah-am.svg,2026-09-22T03:00:00Z
51,51.71,51.71.03,51.71.03.2004,51.71.03.2004,Bali,Kota Denpasar,Denpasar Barat,Dauh Puri Kelod,2026-09-20T00:00:00,2026-09-22 06:00:00,2026-09-22 14:00:00,53-54,32,72,0,52,18.1,E,112,W,,,1,Cerah,Sunny,https://api-apps.bmkg.go.id/storage/icon/cuaca/cerah-am.svg,2026-09-22T06:00:00Z
51,51.71,51.71.03,51.71.03.2004,51.71.03.2004,Bali,Kota Denpasar,Denpasar Barat,Dauh Puri Kelod,2026-09-20T00:00:00,2026-09-22 09:00:00,2026-09-22 17:00:00,56-57,27,85,0,62,21.5,E,90,W,,,2,Cerah Berawan,Partly Cloudy,https://api-apps.bmkg.go.id/storage/icon/cuaca/cerah berawan-am.svg,2026-09-22T09:00:00Z
51,51.71,51.71.03,51.71.03.2004,51.71.03.2004,Bali,Kota Denpasar,Denpasar Barat,Dauh Puri Kelod,2026-09-20T00:00:00,2026-09-22 12:00:00,2026-09-22 20:00:00,59-60,25,89,0,39,21.5,E,90,W,,,1,Cerah,Sunny,https://api-apps.bmkg.go.id/storage/icon/cuaca/cerah-pm.svg,2026-09-22T12:00:00Z
51,51.71,51.71.03,51.71.03.2004,51.71.03.2004,Bali,Kota Denpasar,Denpasar Barat,Dauh Puri Kelod,2026-09-20T00:00:00,2026-09-22 15:00:00,2026-09-22 23:00:00,62-63,25,89,0,60,12.2,E,112,W,,,1,Cerah,Sunny,https://api-apps.bmkg.go.id/storage/icon/cuaca/cerah-pm.svg,2026-09-22T15:00:00Z
51,51.71,51.71.03,51.71.03.2006,51.71.03.2006,Bali,Kota Denpasar,Denpasar Barat,Dauh Puri Kangin,2026-09-20T00:00:00,2026-09-20 12:00:00,2026-09-20 20:00:00,11-12,26,89,0,36,19.5,E,131,W,,,1,Cerah,Sunny,https://api-apps.bmkg.go.id/storage/icon/cuaca/cerah-pm.svg,2026-09-20T12:00:00Z
51,51.71,51.71.03,51.71.03.2006,51.71.03.2006,Bali,Kota Denpasar,Denpasar Barat,Dauh Puri Kangin,2026-09-20T00:00:00,2026-09-20 15:00:00,2026-09-20 23:00:00,14-15,24,92,0,50,16.8,E,98,W,,,1,Cerah,Sunny,https://api-apps.bmkg.go.id/storage/icon/cuaca/cerah-pm.svg,2026-09-20T15:00:00Z
51,51.71,51.71.03,51.71.03.2006,51.71.03.2006,Bali,Kota Denpasar,Denpasar Barat,Dauh Puri Kangin,2026-09-20T00:00:00,2026-09-20 18:00:00,2026-09-21 02:00:00,17-18,24,94,0,34,16.6,E,95,W,,,1,Cerah,Sunny,https://api-apps.bmkg.go.id/storage/icon/cuaca/cerah-pm.svg,2026-09-20T18:00:00Z
51,51.71,51.71.03,51.71.03.2006,51.71.03.2006,Bali,Kota Denpasar,Denpasar Barat,Dauh Puri Kangin,2026-09-20T00:00:00,2026-09-20 21:00:00,2026-09-21 05:00:00,20-21,24,95,0,37,16.1,N,28,S,,,1,Cerah,Sunny,https://api-apps.bmkg.go.id/storage/icon/cuaca/cerah-pm.svg,2026-09-20T21:00:00Z
51,51.71,51.71.03,51.71.03.2006,51.71.03.2006,Bali,Kota Denpasar,Denpasar Barat,Dauh Puri Kangin,2026-09-20T00:00:00,2026-09-21 00:00:00,2026-09-21 08:00:00,23-24,27,73,0,55,18.2,E,108,W,,,1,Cerah,Sunny,https://api-apps.bmkg.go.id/storage/icon/cuaca/cerah-am.svg,2026-09-21T00:00:00Z
51,51.71,51.71.03,51.71.03.2006,51.71.03.2006,Bali,Kota Denpasar,Denpasar Barat,Dauh Puri Kangin,2026-09-20T00:00:00,2026-09-21 03:00:00,2026-09-21 11:00:00,26-27,31,65,0,44,14.5,E,132,W,,,1,Cerah,Sunny,https://api-apps.bmkg.go.id/storage/icon/cuaca/cerah-am.svg,2026-09-21T03:00:00Z
51,51.71,51.71.03,51.71.03.2006,51.71.03.2006,Bali,Kota Denpasar,Denpasar Barat,Dauh Puri Kangin,2026-09-20T00:00:00,2026-09-21 06:00:00,2026-09-21 14:00:00,29-30,32,66,0,9,17.6,SE,139,NW,,,0,Cerah,Sunny,https://api-apps.bmkg.go.id/storage/icon/cuaca/cerah-am.svg,2026-09-21T06:00:00Z
51,51.71,51.71.03,51.71.03.2006,51.71.03.2006,Bali,Kota Denpasar,Denpasar Barat,Dauh Puri Kangin,2026-09-20T00:00:00,2026-09-21 09:00:00,2026-09-21 17:00:00,32-33,28,78,0,6,14.7,SE,136,NW,,,0,Cerah,Sunny,https://api-apps.bmkg.go.id/storage/icon/cuaca/cerah-am.svg,2026-09-21T09:00:00Z
51,51.71,51.71.03,51.71.03.2006,51.71.03.2006,Bali,Kota Denpasar,Denpasar Barat,Dauh Puri Kangin,2026-09-20T00:00:00,2026-09-21 12:00:00,2026-09-21 20:00:00,35-36,25,87,0,2,16.4,E,126,W,,,0,Cerah,Sunny,https://api-apps.bmkg.go.id/storage/icon/cuaca/cerah-pm.svg,2026-09-21T12:00:00Z
51,51.71,51.71.03,51.71.03.2006,51.71.03.2006,Bali,Kota Denpasar,Denpasar Barat,Dauh Puri Kangin,2026-09-20T00:00:00,2026-09-21 15:00:00,2026-09-21 23:00:00,38-39,25,92,0,33,28.2,E,110,W,,,1,Cerah,Sunny,https://api-apps.bmkg.go.id/storage/icon/cuaca/cerah-pm.svg,2026-09-21T15:00:00Z
51,51.71,51.71.03,51.71.03.2006,51.71.03.2006,Bali,Kota Denpasar,Denpasar Barat,Dauh Puri Kangin,2026-09-20T00:00:00,2026-09-21 18:00:00,2026-09-22 02:00:00,41-42,25,96,0,44,16.3,NE,82,SW,,,1,Cerah,Sunny,https://api-apps.bmkg.go.id/storage/icon/cuaca/cerah-pm.svg,2026-09-21T18:00:00Z
51,51.71,51.71.03,51.71.03.2006,51.71.03.2006,Bali,Kota Denpasar,Denpasar Barat,Dauh Puri Kangin,2026-09-20T00:00:00,2026-09-21 21:00:00,2026-09-22 05:00:00,44-45,23,97,0,59,13.1,N,13,S,,,1,Cerah,Sunny,https://api-apps.bmkg.go.id/storage/icon/cuaca/cerah-pm.svg,2026-09-21T21:00:00Z
51,51.71,51.71.03,51.71.03.2006,51.71.03.2006,Bali,Kota Denpasar,Denpasar Barat,Dauh Puri Kangin,2026-09-20T00:00:00,2026-09-22 00:00:00,2026-09-22 08:00:00,47-48,27,75,0,25,13.3,NE,80,SW,,,1,Cerah,Sunny,https://api-apps.bmkg.go.id/storage/icon/cuaca/cerah-am.svg,2026-09-22T00:00:00Z
51,51.71,51.71.03,51.71.03.2006,51.71.03.2006,Bali,Kota Denpasar,Denpasar Barat,Dauh Puri Kangin,2026-09-20T00:00:00,2026-09-22 03:00:00,2026-09-22 11:00:00,50-51,32,66,0,0,18.1,E,112,W,,,0,Cerah,Sunny,https://api-apps.bmkg.go.id/storage/icon/cuaca/cerah-am.svg,2026-09-22T03:00:00Z
51,51.71,51.71.03,51.71.03.2006,51.71.03.2006,Bali,Kota Denpasar,Denpasar Barat,Dauh Puri Kangin,2026-09-20T00:00:00,2026-09-22 06:00:00,2026-09-22 14:00:00,53-54,32,70,0,51,18.1,E,112,W,,,1,Cerah,Sunny,https://api-apps.bmkg.go.id/storage/icon/cuaca/cerah-am.svg,2026-09-22T06:00:00Z
51,51.71,51.71.03,51.71.03.2006,51.71.03.2006,Bali,Kota Denpasar,Denpasar Barat,Dauh Puri Kangin,2026-09-20T00:00:00,2026-09-22 09:00:00,2026-09-22 17:00:00,56-57,27,84,0,63,20.8,E,90,W,,,2,Cerah Berawan,Partly Cloudy,https://api-apps.bmkg.go.id/storage/icon/cuaca/cerah berawan-am.svg,2026-09-22T09:00:00Z
51,51.71,51.71.03,51.71.03.2006,51.71.03.2006,Bali,Kota Denpasar,Denpasar Barat,Dauh Puri Kangin,2026-09-20T00:00:00,2026-09-22 12:00:00,2026-09-22 20:00:00,59-60,25,89,0,41,20.8,E,90,W,,,1,Cerah,Sunny,https://api-apps.bmkg.go.id/storage/icon/cuaca/cerah-pm.svg,2026-09-22T12:00:00Z
51,51.71,51.71.03,51.71.03.2006,51.71.03.2006,Bali,Kota Denpasar,Denpasar Barat,Dauh Puri Kangin,2026-09-20T00:00:00,2026-09-22 15:00:00,2026-09-22 23:00:00,62-63,24,90,0,60,13,E,112,W,,,1,Cerah,Sunny,https://api-apps.bmkg.go.id/storage/icon/cuaca/cerah-pm.svg,2026-09-22T15:00:00Z
51,51.71,51.71.03,51.71.03.2008,51.71.03.2008,Bali,Kota Denpasar,Denpasar Barat,Tegal Harum,2026-09-20T00:00:00,2026-09-20 12:00:00,2026-09-20 20:00:00,11-12,26,88,0,36,23.3,E,131,W,,,1,Cerah,Sunny,https://api-apps.bmkg.go.id/storage/icon/cuaca/cerah-pm.svg,2026-09-20T12:00:00Z
51,51.71,51.71.03,51.71.03.2008,51.71.03.2008,Bali,Kota Denpasar,Denpasar Barat,Tegal Harum,2026-09-20T00:00:00,2026-09-20 15:00:00,2026-09-20 23:00:00,14-15,24,92,0,39,17.3,E,98,W,,,1,Cerah,Sunny,https://api-apps.bmkg.go.id/storage/icon/cuaca/cerah-pm.svg,2026-09-20T15:00:00Z
51,51.71,51.71.03,51.71.03.2008,51.71.03.2008,Bali,Kota Denpasar,Denpasar Barat,Tegal Harum,2026-09-20T00:00:00,2026-09-20 18:00:00,2026-09-21 02:00:00,17-18,24,95,0,31,15.8,E,95,W,,,1,Cerah,Sunny,https://api-apps.bmkg.go.id/storage/icon/cuaca/cerah-pm.svg,2026-09-20T18:00:00Z
51,51.71,51.71.03,51.71.03.2008,51.71.03.2008,Bali,Kota Denpasar,Denpasar Barat,Tegal Harum,2026-09-20T00:00:00,2026-09-20 21:00:00,2026-09-21 05:00:00,20-21,23,96,0,43,15,N,28,S,,,1,Cerah,Sunny,https://api-apps.bmkg.go.id/storage/icon/cuaca/cerah-pm.svg,2026-09-20T21:00:00Z
51,51.71,51.71.03,51.71.03.2008,51.71.03.2008,Bali,Kota Denpasar,Denpasar Barat,Tegal Harum,2026-09-20T00:00:00,2026-09-21 00:00:00,2026-09-21 08:00:00,23-24,27,70,0,57,17.9,E,108,W,,,1,Cerah,Sunny,https://api-apps.bmkg.go.id/storage/icon/cuaca/cerah-am.svg,2026-09-21T00:00:00Z
51,51.71,51.71.03,51.71.03.2008,51.71.03.2008,Bali,Kota Denpasar,Denpasar Barat,Tegal Harum,2026-09-20T00:00:00,2026-09-21 03:00:00,2026-09-21 11:00:00,26-27,31,62,0,40,14.4,E,132,W,,,1,Cerah,Sunny,https://api-apps.bmkg.go.id/storage/icon/cuaca/cerah-am.svg,2026-09-21T03:00:00Z
51,51.71,51.71.03,51.71.03.2008,51.71.03.2008,Bali,Kota Denpasar,Denpasar Barat,Tegal Harum,2026-09-20T00:00:00,2026-09-21 06:00:00,2026-09-21 14:00:00,29-30,32,62,0,6,17.6,SE,139,NW,,,0,Cerah,Sunny,https://api-apps.bmkg.go.id/storage/icon/cuaca/cerah-am.svg,2026-09-21T06:00:00Z
51,51.71,51.71.03,51.71.03.2008,51.71.03.2008,Bali,Kota Denpasar,Denpasar Barat,Tegal Harum,2026-09-20T00:00:00,2026-09-21 09:00:00,2026-09-21 17:00:00,32-33,27,77,0,6,14.7,SE,136,NW,,,0,Cerah,Sunny,https://api-apps.bmkg.go.id/storage/icon/cuaca/cerah-am.svg,2026-09-21T09:00:00Z
51,51.71,51.71.03,51.71.03.2008,51.71.03.2008,Bali,Kota Denpasar,Denpasar Barat,Tegal Harum,2026-09-20T00:00:00,2026-09-21 12:00:00,2026-09-21 20:00:00,35-36,25,87,0,1,22.4,E,126,W,,,0,Cerah,Sunny,https://api-apps.bmkg.go.id/storage/icon/cuaca/cerah-pm.svg,2026-09-21T12:00:00Z
51,51.71,51.71.03,51.71.03.2008,51.71.03.2008,Bali,Kota Denpasar,Denpasar Barat,Tegal Harum,2026-09-20T00:00:00,2026-09-21 15:00:00,2026-09-21 23:00:00,38-39,25,92,0,32,28,E,110,W,,,1,Cerah,Sunny,https://api-apps.bmkg.go.id/storage/icon/cuaca/cerah-pm.svg,2026-09-21T15:00:00Z
51,51.71,51.71.03,51.71.03.2008,51.71.03.2008,Bali,Kota Denpasar,Denpasar Barat,Tegal Harum,2026-09-20T00:00:00,2026-09-21 18:00:00,2026-09-22 02:00:00,41-42,25,96,0,40,15.7,NE,82,SW,,,1,Cerah,Sunny,https://api-apps.bmkg.go.id/storage/icon/cuaca/cerah-pm.svg,2026-09-21T18:00:00Z
51,51.71,51.71.03,51.71.03.2008,51.71.03.2008,Bali,Kota Denpasar,Denpasar Barat,Tegal Harum,2026-09-20T00:00:00,2026-09-21 21:00:00,2026-09-22 05:00:00,44-45,23,96,0,55,12.4,N,13,S,,,1,Cerah,Sunny,https://api-apps.bmkg.go.id/storage/icon/cuaca/cerah-pm.svg,2026-09-21T21:00:00Z
51,51.71,51.71.03,51.71.03.2008,51.71.03.2008,Bali,Kota Denpasar,Denpasar Barat,Tegal Harum,2026-09-20T00:00:00,2026-09-22 00:00:00,2026-09-22 08:00:00,47-48,28,73,0,16,12.6,NE,80,SW,,,1,Cerah,Sunny,https://api-apps.bmkg.go.id/storage/icon/cuaca/cerah-am.svg,2026-09-22T00:00:00Z
51,51.71,51.71.03,51.71.03.2008,51.71.03.2008,Bali,Kota Denpasar,Denpasar Barat,Tegal Harum,2026-09-20T00:00:00,2026-09-22 03:00:00,2026-09-22 11:00:00,50-51,32,62,0,0,18.1,E,112,W,,,0,Cerah,Sunny,https://api-apps.bmkg.go.id/storage/icon/cuaca/cerah-am.svg,2026-09-22T03:00:00Z
51,51.71,51.71.03,51.71.03.2008,51.71.03.2008,Bali,Kota Denpasar,Denpasar Barat,Tegal Harum,2026-09-20T00:00:00,2026-09-22 06:00:00,2026-09-22 14:00:00,53-54,32,66,0,52,18.1,E,112,W,,,1,Cerah,Sunny,https://api-apps.bmkg.go.id/storage/icon/cuaca/cerah-am.svg,2026-09-22T06:00:00Z
51,51.71,51.71.03,51.71.03.2008,51.71.03.2008,Bali,Kota Denpasar,Denpasar Barat,Tegal Harum,2026-09-20T00:00:00,2026-09-22 09:00:00,2026-09-22 17:00:00,56-57,27,83,0,64,20.8,E,90,W,,,2,Cerah Berawan,Partly Cloudy,https://api-apps.bmkg.go.id/storage/icon/cuaca/cerah berawan-am.svg,2026-09-22T09:00:00Z
51,51.71,51.71.03,51.71.03.2008,51.71.03.2008,Bali,Kota Denpasar,Denpasar Barat,Tegal Harum,2026-09-20T00:00:00,2026-09-22 12:00:00,2026-09-22 20:00:00,59-60,25,88,0,42,20.8,E,90,W,,,1,Cerah,Sunny,https://api-apps.bmkg.go.id/storage/icon/cuaca/cerah-pm.svg,2026-09-22T12:00:00Z
51,51.71,51.71.03,51.71.03.2008,51.71.03.2008,Bali,Kota Denpasar,Denpasar Barat,Tegal Harum,2026-09-20T00:00:00,2026-09-22 15:00:00,2026-09-22 23:00:00,62-63,24,89,0,61,12.2,E,112,W,,,2,Cerah Berawan,Partly Cloudy,https://api-apps.bmkg.go.id/storage/icon/cuaca/cerah berawan-pm.svg,2026-09-22T15:00:00Z
51,51.71,51.71.03,51.71.03.2009,51.71.03.2009,Bali,Kota Denpasar,Denpasar Barat,Tegal Kertha,2026-09-20T00:00:00,2026-09-20 12:00:00,2026-09-20 20:00:00,11-12,26,89,0,34,20.4,E,131,W,,,1,Cerah,Sunny,https://api-apps.bmkg.go.id/storage/icon/cuaca/cerah-pm.svg,2026-09-20T12:00:00Z
51,51.71,51.71.03,51.71.03.2009,51.71.03.2009,Bali,Kota Denpasar,Denpasar Barat,Tegal Kertha,2026-09-20T00:00:00,2026-09-20 15:00:00,2026-09-20 23:00:00,14-15,24,92,0,50,16.9,E,98,W,,,1,Cerah,Sunny,https://api-apps.bmkg.go.id/storage/icon/cuaca/cerah-pm.svg,2026-09-20T15:00:00Z
51,51.71,51.71.03,51.71.03.2009,51.71.03.2009,Bali,Kota Denpasar,Denpasar Barat,Tegal Kertha,2026-09-20T00:00:00,2026-09-20 18:00:00,2026-09-21 02:00:00,17-18,24,95,0,34,16.6,E,95,W,,,1,Cerah,Sunny,https://api-apps.bmkg.go.id/storage/icon/cuaca/cerah-pm.svg,2026-09-20T18:00:00Z
51,51.71,51.71.03,51.71.03.2009,51.71.03.2009,Bali,Kota Denpasar,Denpasar Barat,Tegal Kertha,2026-09-20T00:00:00,2026-09-20 21:00:00,2026-09-21 05:00:00,20-21,23,96,0,38,16.1,N,28,S,,,1,Cerah,Sunny,https://api-apps.bmkg.go.id/storage/icon/cuaca/cerah-pm.svg,2026-09-20T21:00:00Z
51,51.71,51.71.03,51.71.03.2009,51.71.03.2009,Bali,Kota Denpasar,Denpasar Barat,Tegal Kertha,2026-09-20T00:00:00,2026-09-21 00:00:00,2026-09-21 08:00:00,23-24,27,70,0,54,18.2,E,108,W,,,1,Cerah,Sunny,https://api-apps.bmkg.go.id/storage/icon/cuaca/cerah-am.svg,2026-09-21T00:00:00Z
51,51.71,51.71.03,51.71.03.2009,51.71.03.2009,Bali,Kota Denpasar,Denpasar Barat,Tegal Kertha,2026-09-20T00:00:00,2026-09-21 03:00:00,2026-09-21 11:00:00,26-27,31,60,0,46,14.5,E,132,W,,,1,Cerah,Sunny,https://api-apps.bmkg.go.id/storage/icon/cuaca/cerah-am.svg,2026-09-21T03:00:00Z
51,51.71,51.71.03,51.71.03.2009,51.71.03.2009,Bali,Kota Denpasar,Denpasar Barat,Tegal Kertha,2026-09-20T00:00:00,2026-09-21 06:00:00,2026-09-21 14:00:00,29-30,32,61,0,10,17.6,SE,139,NW,,,1,Cerah,Sunny,https://api-apps.bmkg.go.id/storage/icon/cuaca/cerah-am.svg,2026-09-21T06:00:00Z
51,51.71,51.71.03,51.71.03.2009,51.71.03.2009,Bali,Kota Denpasar,Denpasar Barat,Tegal Kertha,2026-09-20T00:00:00,2026-09-21 09:00:00,2026-09-21 17:00:00,32-33,27,76,0,6,14.7,SE,136,NW,,,0,Cerah,Sunny,https://api-apps.bmkg.go.id/storage/icon/cuaca/cerah-am.svg,2026-09-21T09:00:00Z
51,51.71,51.71.03,51.71.03.2009,51.71.03.2009,Bali,Kota Denpasar,Denpasar Barat,Tegal Kertha,2026-09-20T00:00:00,2026-09-21 12:00:00,2026-09-21 20:00:00,35-36,25,87,0,2,19,E,126,W,,,0,Cerah,Sunny,https://api-apps.bmkg.go.id/storage/icon/cuaca/cerah-pm.svg,2026-09-21T12:00:00Z
51,51.71,51.71.03,51.71.03.2009,51.71.03.2009,Bali,Kota Denpasar,Denpasar Barat,Tegal Kertha,2026-09-20T00:00:00,2026-09-21 15:00:00,2026-09-21 23:00:00,38-39,25,93,0,35,27.3,E,110,W,,,1,Cerah,Sunny,https://api-apps.bmkg.go.id/storage/icon/cuaca/cerah-pm.svg,2026-09-21T15:00:00Z
51,51.71,51.71.03,51.71.03.2009,51.71.03.2009,Bali,Kota Denpasar,Denpasar Barat,Tegal Kertha,2026-09-20T00:00:00,2026-09-21 18:00:00,2026-09-22 02:00:00,41-42,24,96,0,38,14.5,NE,82,SW,,,1,Cerah,Sunny,https://api-apps.bmkg.go.id/storage/icon/cuaca/cerah-pm.svg,2026-09-21T18:00:00Z
51,51.71,51.71.03,51.71.03.2009,51.71.03.2009,Bali,Kota Denpasar,Denpasar Barat,Tegal Kertha,2026-09-20T00:00:00,2026-09-21 21:00:00,2026-09-22 05:00:00,44-45,23,97,0,57,13.1,N,13,S,,,1,Cerah,Sunny,https://api-apps.bmkg.go.id/storage/icon/cuaca/cerah-pm.svg,2026-09-21T21:00:00Z
51,51.71,51.71.03,51.71.03.2009,51.71.03.2009,Bali,Kota Denpasar,Denpasar Barat,Tegal Kertha,2026-09-20T00:00:00,2026-09-22 00:00:00,2026-09-22 08:00:00,47-48,28,72,0,24,13.3,NE,80,SW,,,1,Cerah,Sunny,https://api-apps.bmkg.go.id/storage/icon/cuaca/cerah-am.svg,2026-09-22T00:00:00Z
51,51.71,51.71.03,51.71.03.2009,51.71.03.2009,Bali,Kota Denpasar,Denpasar Barat,Tegal Kertha,2026-09-20T00:00:00,2026-09-22 03:00:00,2026-09-22 11:00:00,50-51,32,61,0,0,18.1,E,112,W,,,0,Cerah,Sunny,https://api-apps.bmkg.go.id/storage/icon/cuaca/cerah-am.svg,2026-09-22T03:00:00Z
51,51.71,51.71.03,51.71.03.2009,51.71.03.2009,Bali,Kota Denpasar,Denpasar Barat,Tegal Kertha,2026-09-20T00:00:00,2026-09-22 06:00:00,2026-09-22 14:00:00,53-54,32,65,0,51,18.1,E,112,W,,,1,Cerah,Sunny,https://api-apps.bmkg.go.id/storage/icon/cuaca/cerah-am.svg,2026-09-22T06:00:00Z
51,51.71,51.71.03,51.71.03.2009,51.71.03.2009,Bali,Kota Denpasar,Denpasar Barat,Tegal Kertha,2026-09-20T00:00:00,2026-09-22 09:00:00,2026-09-22 17:00:00,56-57,27,82,0,64,20.7,E,90,W,,,2,Cerah Berawan,Partly Cloudy,https://api-apps.bmkg.go.id/storage/icon/cuaca/cerah berawan-am.svg,2026-09-22T09:00:00Z
51,51.71,51.71.03,51.71.03.2009,51.71.03.2009,Bali,Kota Denpasar,Denpasar Barat,Tegal Kertha,2026-09-20T00:00:00,2026-09-22 12:00:00,2026-09-22 20:00:00,59-60,25,89,0,42,20.7,E,90,W,,,1,Cerah,Sunny,https://api-apps.bmkg.go.id/storage/icon/cuaca/cerah-pm.svg,2026-09-22T12:00:00Z
51,51.71,51.71.03,51.71.03.2009,51.71.03.2009,Bali,Kota Denpasar,Denpasar Barat,Tegal Kertha,2026-09-20T00:00:00,2026-09-22 15:00:00,2026-09-22 23:00:00,62-63,24,90,0,60,13,E,112,W,,,2,Cerah Berawan,Partly Cloudy,https://api-apps.bmkg.go.id/storage/icon/cuaca/cerah berawan-pm.svg,2026-09-22T15:00:00Z
51,51.71,51.71.03,51.71.03.2011,51.71.03.2011,Bali,Kota Denpasar,Denpasar Barat,Padang Sambian Kaja,2026-09-20T00:00:00,2026-09-20 12:00:00,2026-09-20 20:00:00,11-12,26,89,0,32,18.2,E,125,W,,,1,Cerah,Sunny,https://api-apps.bmkg.go.id/storage/icon/cuaca/cerah-pm.svg,2026-09-20T12:00:00Z
51,51.71,51.71.03,51.71.03.2011,51.71.03.2011,Bali,Kota Denpasar,Denpasar Barat,Padang Sambian Kaja,2026-09-20T00:00:00,2026-09-20 15:00:00,2026-09-20 23:00:00,14-15,24,92,0,53,17,N,43,S,,,1,Cerah,Sunny,https://api-apps.bmkg.go.id/storage/icon/cuaca/cerah-pm.svg,2026-09-20T15:00:00Z
51,51.71,51.71.03,51.71.03.2011,51.71.03.2011,Bali,Kota Denpasar,Denpasar Barat,Padang Sambian Kaja,2026-09-20T00:00:00,2026-09-20 18:00:00,2026-09-21 02:00:00,17-18,24,94,0,27,16.9,E,93,W,,,1,Cerah,Sunny,https://api-apps.bmkg.go.id/storage/icon/cuaca/cerah-pm.svg,2026-09-20T18:00:00Z
51,51.71,51.71.03,51.71.03.2011,51.71.03.2011,Bali,Kota Denpasar,Denpasar Barat,Padang Sambian Kaja,2026-09-20T00:00:00,2026-09-20 21:00:00,2026-09-21 05:00:00,20-21,23,95,0,32,17,N,17,S,,,1,Cerah,Sunny,https://api-apps.bmkg.go.id/storage/icon/cuaca/cerah-pm.svg,2026-09-20T21:00:00Z
51,51.71,51.71.03,51.71.03.2011,51.71.03.2011,Bali,Kota Denpasar,Denpasar Barat,Padang Sambian Kaja,2026-09-20T00:00:00,2026-09-21 00:00:00,2026-09-21 08:00:00,23-24,27,69,0,55,18.4,E,93,W,,,1,Cerah,Sunny,https://api-apps.bmkg.go.id/storage/icon/cuaca/cerah-am.svg,2026-09-21T00:00:00Z
51,51.71,51.71.03,51.71.03.2011,51.71.03.2011,Bali,Kota Denpasar,Denpasar Barat,Padang Sambian Kaja,2026-09-20T00:00:00,2026-09-21 03:00:00,2026-09-21 11:00:00,26-27,31,58,0,59,14.1,E,124,W,,,1,Cerah,Sunny,https://api-apps.bmkg.go.id/storage/icon/cuaca/cerah-am.svg,2026-09-21T03:00:00Z
51,51.71,51.71.03,51.71.03.2011,51.71.03.2011,Bali,Kota Denpasar,Denpasar Barat,Padang Sambian Kaja,2026-09-20T00:00:00,2026-09-21 06:00:00,2026-09-21 14:00:00,29-30,32,60,0,19,13.8,SE,142,NW,,,1,Cerah,Sunny,https://api-apps.bmkg.go.id/storage/icon/cuaca/cerah-am.svg,2026-09-21T06:00:00Z
51,51.71,51.71.03,51.71.03.2011,51.71.03.2011,Bali,Kota Denpasar,Denpasar Barat,Padang Sambian Kaja,2026-09-20T00:00:00,2026-09-21 09:00:00,2026-09-21 17:00:00,32-33,27,74,0,8,14.5,E,134,W,,,0,Cerah,Sunny,https://api-apps.bmkg.go.id/storage/icon/cuaca/cerah-am.svg,2026-09-21T09:00:00Z
51,51.71,51.71.03,51.71.03.2011,51.71.03.2011,Bali,Kota Denpasar,Denpasar Barat,Padang Sambian Kaja,2026-09-20T00:00:00,2026-09-21 12:00:00,2026-09-21 20:00:00,35-36,25,87,0,2,17.8,E,113,W,,,0,Cerah,Sunny,https://api-apps.bmkg.go.id/storage/icon/cuaca/cerah-pm.svg,2026-09-21T12:00:00Z
51,51.71,51.71.03,51.71.03.2011,51.71.03.2011,Bali,Kota Denpasar,Denpasar Barat,Padang Sambian Kaja,2026-09-20T00:00:00,2026-09-21 15:00:00,2026-09-21 23:00:00,38-39,24,93,0,34,23.5,NE,61,SW,,,1,Cerah,Sunny,https://api-apps.bmkg.go.id/storage/icon/cuaca/cerah-pm.svg,2026-09-21T15:00:00Z
51,51.71,51.71.03,51.71.03.2011,51.71.03.2011,Bali,Kota Denpasar,Denpasar Barat,Padang Sambian Kaja,2026-09-20T00:00:00,2026-09-21 18:00:00,2026-09-22 02:00:00,41-42,24,95,0,34,13.9,N,29,S,,,1,Cerah,Sunny,https://api-apps.bmkg.go.id/storage/icon/cuaca/cerah-pm.svg,2026-09-21T18:00:00Z
51,51.71,51.71.03,51.71.03.2011,51.71.03.2011,Bali,Kota Denpasar,Denpasar Barat,Padang Sambian Kaja,2026-09-20T00:00:00,2026-09-21 21:00:00,2026-09-22 05:00:00,44-45,23,96,0,58,13.8,N,32,S,,,1,Cerah,Sunny,https://api-apps.bmkg.go.id/storage/icon/cuaca/cerah-pm.svg,2026-09-21T21:00:00Z
51,51.71,51.71.03,51.71.03.2011,51.71.03.2011,Bali,Kota Denpasar,Denpasar Barat,Padang Sambian Kaja,2026-09-20T00:00:00,2026-09-22 00:00:00,2026-09-22 08:00:00,47-48,28,72,0,30,13.8,NE,68,SW,,,1,Cerah,Sunny,https://api-apps.bmkg.go.id/storage/icon/cuaca/cerah-am.svg,2026-09-22T00:00:00Z
51,51.71,51.71.03,51.71.03.2011,51.71.03.2011,Bali,Kota Denpasar,Denpasar Barat,Padang Sambian Kaja,2026-09-20T00:00:00,2026-09-22 03:00:00,2026-09-22 11:00:00,50-51,32,59,0,0,14.8,E,112,W,,,0,Cerah,Sunny,https://api-apps.bmkg.go.id/storage/icon/cuaca/cerah-am.svg,2026-09-22T03:00:00Z
51,51.71,51.71.03,51.71.03.2011,51.71.03.2011,Bali,Kota Denpasar,Denpasar Barat,Padang Sambian Kaja,2026-09-20T00:00:00,2026-09-22 06:00:00,2026-09-22 14:00:00,53-54,31,63,0,52,14.8,E,112,W,,,1,Cerah,Sunny,https://api-apps.bmkg.go.id/storage/icon/cuaca/cerah-am.svg,2026-09-22T06:00:00Z
51,51.71,51.71.03,51.71.03.2011,51.71.03.2011,Bali,Kota Denpasar,Denpasar Barat,Padang Sambian Kaja,2026-09-20T00:00:00,2026-09-22 09:00:00,2026-09-22 17:00:00,56-57,27,80,0,67,19.1,E,90,W,,,2,Cerah Berawan,Partly Cloudy,https://api-apps.bmkg.go.id/storage/icon/cuaca/cerah berawan-am.svg,2026-09-22T09:00:00Z
51,51.71,51.71.03,51.71.03.2011,51.71.03.2011,Bali,Kota Denpasar,Denpasar Barat,Padang Sambian Kaja,2026-09-20T00:00:00,2026-09-22 12:00:00,2026-09-22 20:00:00,59-60,25,89,0,46,19.1,E,90,W,,,1,Cerah,Sunny,https://api-apps.bmkg.go.id/storage/icon/cuaca/cerah-pm.svg,2026-09-22T12:00:00Z
51,51.71,51.71.03,51.71.03.2011,51.71.03.2011,Bali,Kota Denpasar,Denpasar Barat,Padang Sambian Kaja,2026-09-20T00:00:00,2026-09-22 15:00:00,2026-09-22 23:00:00,62-63,24,91,0,62,13.5,E,112,W,,,2,Cerah Berawan,Partly Cloudy,https://api-apps.bmkg.go.id/storage/icon/cuaca/cerah berawan-pm.svg,2026-09-22T15:00:00Z
51,51.71,51.71.04,51.71.04.1004,51.71.04.1004,Bali,Kota Denpasar,Denpasar Utara,Tonja,2026-09-20T00:00:00,2026-09-20 12:00:00,2026-09-20 20:00:00,11-12,26,90,0,33,17.6,E,125,W,,,1,Cerah,Sunny,https://api-apps.bmkg.go.id/storage/icon/cuaca/cerah-pm.svg,2026-09-20T12:00:00Z
51,51.71,51.71.04,51.71.04.1004,51.71.04.1004,Bali,Kota Denpasar,Denpasar Utara,Tonja,2026-09-20T00:00:00,2026-09-20 15:00:00,2026-09-20 23:00:00,14-15,24,92,0,56,17,N,43,S,,,1,Cerah,Sunny,https://api-apps.bmkg.go.id/storage/icon/cuaca/cerah-pm.svg,2026-09-20T15:00:00Z
51,51.71,51.71.04,51.71.04.1004,51.71.04.1004,Bali,Kota Denpasar,Denpasar Utara,Tonja,2026-09-20T00:00:00,2026-09-20 18:00:00,2026-09-21 02:00:00,17-18,24,94,0,34,16.9,E,95,W,,,1,Cerah,Sunny,https://api-apps.bmkg.go.id/storage/icon/cuaca/cerah-pm.svg,2026-09-20T18:00:00Z
51,51.71,51.71.04,51.71.04.1004,51.71.04.1004,Bali,Kota Denpasar,Denpasar Utara,Tonja,2026-09-20T00:00:00,2026-09-20 21:00:00,2026-09-21 05:00:00,20-21,23,95,0,32,17.1,N,17,S,,,1,Cerah,Sunny,https://api-apps.bmkg.go.id/storage/icon/cuaca/cerah-pm.svg,2026-09-20T21:00:00Z
51,51.71,51.71.04,51.71.04.1004,51.71.04.1004,Bali,Kota Denpasar,Denpasar Utara,Tonja,2026-09-20T00:00:00,2026-09-21 00:00:00,2026-09-21 08:00:00,23-24,27,72,0,54,18.4,E,93,W,,,1,Cerah,Sunny,https://api-apps.bmkg.go.id/storage/icon/cuaca/cerah-am.svg,2026-09-21T00:00:00Z
51,51.71,51.71.04,51.71.04.1004,51.71.04.1004,Bali,Kota Denpasar,Denpasar Utara,Tonja,2026-09-20T00:00:00,2026-09-21 03:00:00,2026-09-21 11:00:00,26-27,31,63,0,49,14.1,E,124,W,,,1,Cerah,Sunny,https://api-apps.bmkg.go.id/storage/icon/cuaca/cerah-am.svg,2026-09-21T03:00:00Z
51,51.71,51.71.04,51.71.04.1004,51.71.04.1004,Bali,Kota Denpasar,Denpasar Utara,Tonja,2026-09-20T00:00:00,2026-09-21 06:00:00,2026-09-21 14:00:00,29-30,32,65,0,12,13.8,SE,142,NW,,,1,Cerah,Sunny,https://api-apps.bmkg.go.id/storage/icon/cuaca/cerah-am.svg,2026-09-21T06:00:00Z
51,51.71,51.71.04,51.71.04.1004,51.71.04.1004,Bali,Kota Denpasar,Denpasar Utara,Tonja,2026-09-20T00:00:00,2026-09-21 09:00:00,2026-09-21 17:00:00,32-33,28,77,0,7,14.5,E,134,W,,,0,Cerah,Sunny,https://api-apps.bmkg.go.id/storage/icon/cuaca/cerah-am.svg,2026-09-21T09:00:00Z
51,51.71,51.71.04,51.71.04.1004,51.71.04.1004,Bali,Kota Denpasar,Denpasar Utara,Tonja,2026-09-20T00:00:00,2026-09-21 12:00:00,2026-09-21 20:00:00,35-36,25,87,0,2,14.5,E,113,W,,,0,Cerah,Sunny,https://api-apps.bmkg.go.id/storage/icon/cuaca/cerah-pm.svg,2026-09-21T12:00:00Z
51,51.71,51.71.04,51.71.04.1004,51.71.04.1004,Bali,Kota Denpasar,Denpasar Utara,Tonja,2026-09-20T00:00:00,2026-09-21 15:00:00,2026-09-21 23:00:00,38-39,25,93,0,35,25.7,NE,61,SW,,,1,Cerah,Sunny,https://api-apps.bmkg.go.id/storage/icon/cuaca/cerah-pm.svg,2026-09-21T15:00:00Z
51,51.71,51.71.04,51.71.04.1004,51.71.04.1004,Bali,Kota Denpasar,Denpasar Utara,Tonja,2026-09-20T00:00:00,2026-09-21 18:00:00,2026-09-22 02:00:00,41-42,24,96,0,40,15.9,N,29,S,,,1,Cerah,Sunny,https://api-apps.bmkg.go.id/storage/icon/cuaca/cerah-pm.svg,2026-09-21T18:00:00Z
51,51.71,51.71.04,51.71.04.1004,51.71.04.1004,Bali,Kota Denpasar,Denpasar Utara,Tonja,2026-09-20T00:00:00,2026-09-21 21:00:00,2026-09-22 05:00:00,44-45,23,98,0,62,13.8,N,32,S,,,2,Cerah Berawan,Partly Cloudy,https://api-apps.bmkg.go.id/storage/icon/cuaca/cerah berawan-pm.svg,2026-09-21T21:00:00Z
51,51.71,51.71.04,51.71.04.1004,51.71.04.1004,Bali,Kota Denpasar,Denpasar Utara,Tonja,2026-09-20T00:00:00,2026-09-22 00:00:00,2026-09-22 08:00:00,47-48,27,74,0,33,13.8,NE,68,SW,,,1,Cerah,Sunny,https://api-apps.bmkg.go.id/storage/icon/cuaca/cerah-am.svg,2026-09-22T00:00:00Z
51,51.71,51.71.04,51.71.04.1004,51.71.04.1004,Bali,Kota Denpasar,Denpasar Utara,Tonja,2026-09-20T00:00:00,2026-09-22 03:00:00,2026-09-22 11:00:00,50-51,31,64,0,0,14.8,E,112,W,,,0,Cerah,Sunny,https://api-apps.bmkg.go.id/storage/icon/cuaca/cerah-am.svg,2026-09-22T03:00:00Z
51,51.71,51.71.04,51.71.04.1004,51.71.04.1004,Bali,Kota Denpasar,Denpasar Utara,Tonja,2026-09-20T00:00:00,2026-09-22 06:00:00,2026-09-22 14:00:00,53-54,31,68,0,51,14.8,E,112,W,,,1,Cerah,Sunny,https://api-apps.bmkg.go.id/storage/icon/cuaca/cerah-am.svg,2026-09-22T06:00:00Z
51,51.71,51.71.04,51.71.04.1004,51.71.04.1004,Bali,Kota Denpasar,Denpasar Utara,Tonja,2026-09-20T00:00:00,2026-09-22 09:00:00,2026-09-22 17:00:00,56-57,27,82,0,65,19.4,E,90,W,,,2,Cerah Berawan,Partly Cloudy,https://api-apps.bmkg.go.id/storage/icon/cuaca/cerah berawan-am.svg,2026-09-22T09:00:00Z
51,51.71,51.71.04,51.71.04.1004,51.71.04.1004,Bali,Kota Denpasar,Denpasar Utara,Tonja,2026-09-20T00:00:00,2026-09-22 12:00:00,2026-09-22 20:00:00,59-60,25,89,0,45,19.4,E,90,W,,,1,Cerah,Sunny,https://api-apps.bmkg.go.id/storage/icon/cuaca/cerah-pm.svg,2026-09-22T12:00:00Z
51,51.71,51.71.04,51.71.04.1004,51.71.04.1004,Bali,Kota Denpasar,Denpasar Utara,Tonja,2026-09-20T00:00:00,2026-09-22 15:00:00,2026-09-22 23:00:00,62-63,24,91,0,61,13.5,E,112,W,,,2,Cerah Berawan,Partly Cloudy,https://api-apps.bmkg.go.id/storage/icon/cuaca/cerah berawan-pm.svg,2026-09-22T15:00:00Z
51,51.71,51.71.04,51.71.04.1007,51.71.04.1007,Bali,Kota Denpasar,Denpasar Utara,Ubung,2026-09-20T00:00:00,2026-09-20 12:00:00,2026-09-20 20:00:00,11-12,26,90,0,31,17.9,E,125,W,,,1,Cerah,Sunny,https://api-apps.bmkg.go.id/storage/icon/cuaca/cerah-pm.svg,2026-09-20T12:00:00Z
51,51.71,51.71.04,51.71.04.1007,51.71.04.1007,Bali,Kota Denpasar,Denpasar Utara,Ubung,2026-09-20T00:00:00,2026-09-20 15:00:00,2026-09-20 23:00:00,14-15,24,93,0,58,17,N,43,S,,,1,Cerah,Sunny,https://api-apps.bmkg.go.id/storage/icon/cuaca/cerah-pm.svg,2026-09-20T15:00:00Z
51,51.71,51.71.04,51.71.04.1007,51.71.04.1007,Bali,Kota Denpasar,Denpasar Utara,Ubung,2026-09-20T00:00:00,2026-09-20 18:00:00,2026-09-21 02:00:00,17-18,24,95,0,31,16.9,E,95,W,,,1,Cerah,Sunny,https://api-apps.bmkg.go.id/storage/icon/cuaca/cerah-pm.svg,2026-09-20T18:00:00Z
51,51.71,51.71.04,51.71.04.1007,51.71.04.1007,Bali,Kota Denpasar,Denpasar Utara,Ubung,2026-09-20T00:00:00,2026-09-20 21:00:00,2026-09-21 05:00:00,20-21,23,96,0,32,17,N,17,S,,,1,Cerah,Sunny,https://api-apps.bmkg.go.id/storage/icon/cuaca/cerah-pm.svg,2026-09-20T21:00:00Z
51,51.71,51.71.04,51.71.04.1007,51.71.04.1007,Bali,Kota Denpasar,Denpasar Utara,Ubung,2026-09-20T00:00:00,2026-09-21 00:00:00,2026-09-21 08:00:00,23-24,27,69,0,52,18.4,E,93,W,,,1,Cerah,Sunny,https://api-apps.bmkg.go.id/storage/icon/cuaca/cerah-am.svg,2026-09-21T00:00:00Z
51,51.71,51.71.04,51.71.04.1007,51.71.04.1007,Bali,Kota Denpasar,Denpasar Utara,Ubung,2026-09-20T00:00:00,2026-09-21 03:00:00,2026-09-21 11:00:00,26-27,31,57,0,53,14.1,E,124,W,,,1,Cerah,Sunny,https://api-apps.bmkg.go.id/storage/icon/cuaca/cerah-am.svg,2026-09-21T03:00:00Z
51,51.71,51.71.04,51.71.04.1007,51.71.04.1007,Bali,Kota Denpasar,Denpasar Utara,Ubung,2026-09-20T00:00:00,2026-09-21 06:00:00,2026-09-21 14:00:00,29-30,32,60,0,14,13.8,SE,142,NW,,,1,Cerah,Sunny,https://api-apps.bmkg.go.id/storage/icon/cuaca/cerah-am.svg,2026-09-21T06:00:00Z
51,51.71,51.71.04,51.71.04.1007,51.71.04.1007,Bali,Kota Denpasar,Denpasar Utara,Ubung,2026-09-20T00:00:00,2026-09-21 09:00:00,2026-09-21 17:00:00,32-33,27,75,0,8,14.5,E,134,W,,,0,Cerah,Sunny,https://api-apps.bmkg.go.id/storage/icon/cuaca/cerah-am.svg,2026-09-21T09:00:00Z
51,51.71,51.71.04,51.71.04.1007,51.71.04.1007,Bali,Kota Denpasar,Denpasar Utara,Ubung,2026-09-20T00:00:00,2026-09-21 12:00:00,2026-09-21 20:00:00,35-36,25,87,0,2,15.9,E,113,W,,,0,Cerah,Sunny,https://api-apps.bmkg.go.id/storage/icon/cuaca/cerah-pm.svg,2026-09-21T12:00:00Z
51,51.71,51.71.04,51.71.04.1007,51.71.04.1007,Bali,Kota Denpasar,Denpasar Utara,Ubung,2026-09-20T00:00:00,2026-09-21 15:00:00,2026-09-21 23:00:00,38-39,24,93,0,37,24.9,NE,61,SW,,,1,Cerah,Sunny,https://api-apps.bmkg.go.id/storage/icon/cuaca/cerah-pm.svg,2026-09-21T15:00:00Z
51,51.71,51.71.04,51.71.04.1007,51.71.04.1007,Bali,Kota Denpasar,Denpasar Utara,Ubung,2026-09-20T00:00:00,2026-09-21 18:00:00,2026-09-22 02:00:00,41-42,24,96,0,37,14.3,N,29,S,,,1,Cerah,Sunny,https://api-apps.bmkg.go.id/storage/icon/cuaca/cerah-pm.svg,2026-09-21T18:00:00Z
51,51.71,51.71.04,51.71.04.1007,51.71.04.1007,Bali,Kota Denpasar,Denpasar Utara,Ubung,2026-09-20T00:00:00,2026-09-21 21:00:00,2026-09-22 05:00:00,44-45,23,98,0,60,13.8,N,32,S,,,1,Cerah,Sunny,https://api-apps.bmkg.go.id/storage/icon/cuaca/cerah-pm.svg,2026-09-21T21:00:00Z
51,51.71,51.71.04,51.71.04.1007,51.71.04.1007,Bali,Kota Denpasar,Denpasar Utara,Ubung,2026-09-20T00:00:00,2026-09-22 00:00:00,2026-09-22 08:00:00,47-48,28,72,0,31,13.8,NE,68,SW,,,1,Cerah,Sunny,https://api-apps.bmkg.go.id/storage/icon/cuaca/cerah-am.svg,2026-09-22T00:00:00Z
51,51.71,51.71.04,51.71.04.1007,51.71.04.1007,Bali,Kota Denpasar,Denpasar Utara,Ubung,2026-09-20T00:00:00,2026-09-22 03:00:00,2026-09-22 11:00:00,50-51,32,60,0,0,14.8,E,112,W,,,0,Cerah,Sunny,https://api-apps.bmkg.go.id/storage/icon/cuaca/cerah-am.svg,2026-09-22T03:00:00Z
51,51.71,51.71.04,51.71.04.1007,51.71.04.1007,Bali,Kota Denpasar,Denpasar Utara,Ubung,2026-09-20T00:00:00,2026-09-22 06:00:00,2026-09-22 14:00:00,53-54,31,64,0,51,14.8,E,112,W,,,1,Cerah,Sunny,https://api-apps.bmkg.go.id/storage/icon/cuaca/cerah-am.svg,2026-09-22T06:00:00Z
51,51.71,51.71.04,51.71.04.1007,51.71.04.1007,Bali,Kota Denpasar,Denpasar Utara,Ubung,2026-09-20T00:00:00,2026-09-22 09:00:00,2026-09-22 17:00:00,56-57,27,81,0,66,19.3,E,90,W,,,2,Cerah Berawan,Partly Cloudy,https://api-apps.bmkg.go.id/storage/icon/cuaca/cerah berawan-am.svg,2026-09-22T09:00:00Z
51,51.71,51.71.04,51.71.04.1007,51.71.04.1007,Bali,Kota Denpasar,Denpasar Utara,Ubung,2026-09-20T00:00:00,2026-09-22 12:00:00,2026-09-22 20:00:00,59-60,25,89,0,46,19.3,E,90,W,,,1,Cerah,Sunny,https://api-apps.bmkg.go.id/storage/icon/cuaca/cerah-pm.svg,2026-09-22T12:00:00Z
51,51.71,51.71.04,51.71.04.1007,51.71.04.1007,Bali,Kota Denpasar,Denpasar Utara,Ubung,2026-09-20T00:00:00,2026-09-22 15:00:00,2026-09-22 23:00:00,62-63,24,91,0,62,13.5,E,112,W,,,2,Cerah Berawan,Partly Cloudy,https://api-apps.bmkg.go.id/storage/icon/cuaca/cerah berawan-pm.svg,2026-09-22T15:00:00Z
51,51.71,51.71.04,51.71.04.1009,51.71.04.1009,Bali,Kota Denpasar,Denpasar Utara,Peguyangan,2026-09-20T00:00:00,2026-09-20 12:00:00,2026-09-20 20:00:00,11-12,26,90,0,31,17.9,E,125,W,,,1,Cerah,Sunny,https://api-apps.bmkg.go.id/storage/icon/cuaca/cerah-pm.svg,2026-09-20T12:00:00Z
51,51.71,51.71.04,51.71.04.1009,51.71.04.1009,Bali,Kota Denpasar,Denpasar Utara,Peguyangan,2026-09-20T00:00:00,2026-09-20 15:00:00,2026-09-20 23:00:00,14-15,24,93,0,58,17,N,43,S,,,1,Cerah,Sunny,https://api-apps.bmkg.go.id/storage/icon/cuaca/cerah-pm.svg,2026-09-20T15:00:00Z
51,51.71,51.71.04,51.71.04.1009,51.71.04.1009,Bali,Kota Denpasar,Denpasar Utara,Peguyangan,2026-09-20T00:00:00,2026-09-20 18:00:00,2026-09-21 02:00:00,17-18,24,95,0,31,16.9,E,95,W,,,1,Cerah,Sunny,https://api-apps.bmkg.go.id/storage/icon/cuaca/cerah-pm.svg,2026-09-20T18:00:00Z
51,51.71,51.71.04,51.71.04.1009,51.71.04.1009,Bali,Kota Denpasar,Denpasar Utara,Peguyangan,2026-09-20T00:00:00,2026-09-20 21:00:00,2026-09-21 05:00:00,20-21,23,96,0,32,17,N,17,S,,,1,Cerah,Sunny,https://api-apps.bmkg.go.id/storage/icon/cuaca/cerah-pm.svg,2026-09-20T21:00:00Z
51,51.71,51.71.04,51.71.04.1009,51.71.04.1009,Bali,Kota Denpasar,Denpasar Utara,Peguyangan,2026-09-20T00:00:00,2026-09-21 00:00:00,2026-09-21 08:00:00,23-24,27,69,0,52,18.4,E,93,W,,,1,Cerah,Sunny,https://api-apps.bmkg.go.id/storage/icon/cuaca/cerah-am.svg,2026-09-21T00:00:00Z
51,51.71,51.71.04,51.71.04.1009,51.71.04.1009,Bali,Kota Denpasar,Denpasar Utara,Peguyangan,2026-09-20T00:00:00,2026-09-21 03:00:00,2026-09-21 11:00:00,26-27,31,57,0,53,14.1,E,124,W,,,1,Cerah,Sunny,https://api-apps.bmkg.go.id/storage/icon/cuaca/cerah-am.svg,2026-09-21T03:00:00Z
51,51.71,51.71.04,51.71.04.1009,51.71.04.1009,Bali,Kota Denpasar,Denpasar Utara,Peguyangan,2026-09-20T00:00:00,2026-09-21 06:00:00,2026-09-21 14:00:00,29-30,32,60,0,14,13.8,SE,142,NW,,,1,Cerah,Sunny,https://api-apps.bmkg.go.id/storage/icon/cuaca/cerah-am.svg,2026-09-21T06:00:00Z
51,51.71,51.71.04,51.71.04.1009,51.71.04.1009,Bali,Kota Denpasar,Denpasar Utara,Peguyangan,2026-09-20T00:00:00,2026-09-21 09:00:00,2026-09-21 17:00:00,32-33,27,75,0,8,14.5,E,134,W,,,0,Cerah,Sunny,https://api-apps.bmkg.go.id/storage/icon/cuaca/cerah-am.svg,2026-09-21T09:00:00Z
51,51.71,51.71.04,51.71.04.1009,51.71.04.1009,Bali,Kota Denpasar,Denpasar Utara,Peguyangan,2026-09-20T00:00:00,2026-09-21 12:00:00,2026-09-21 20:00:00,35-36,25,87,0,2,15.9,E,113,W,,,0,Cerah,Sunny,https://api-apps.bmkg.go.id/storage/icon/cuaca/cerah-pm.svg,2026-09-21T12:00:00Z
51,51.71,51.71.04,51.71.04.1009,51.71.04.1009,Bali,Kota Denpasar,Denpasar Utara,Peguyangan,2026-09-20T00:00:00,2026-09-21 15:00:00,2026-09-21 23:00:00,38-39,24,93,0,37,24.9,NE,61,SW,,,1,Cerah,Sunny,https://api-apps.bmkg.go.id/storage/icon/cuaca/cerah-pm.svg,2026-09-21T15:00:00Z
51,51.71,51.71.04,51.71.04.1009,51.71.04.1009,Bali,Kota Denpasar,Denpasar Utara,Peguyangan,2026-09-20T00:00:00,2026-09-21 18:00:00,2026-09-22 02:00:00,41-42,24,96,0,37,14.3,N,29,S,,,1,Cerah,Sunny,https://api-apps.bmkg.go.id/storage/icon/cuaca/cerah-pm.svg,2026-09-21T18:00:00Z
51,51.71,51.71.04,51.71.04.1009,51.71.04.1009,Bali,Kota Denpasar,Denpasar Utara,Peguyangan,2026-09-20T00:00:00,2026-09-21 21:00:00,2026-09-22 05:00:00,44-45,23,98,0,60,13.8,N,32,S,,,1,Cerah,Sunny,https://api-apps.bmkg.go.id/storage/icon/cuaca/cerah-pm.svg,2026-09-21T21:00:00Z
51,51.71,51.71.04,51.71.04.1009,51.71.04.1009,Bali,Kota Denpasar,Denpasar Utara,Peguyangan,2026-09-20T00:00:00,2026-09-22 00:00:00,2026-09-22 08:00:00,47-48,28,72,0,31,13.8,NE,68,SW,,,1,Cerah,Sunny,https://api-apps.bmkg.go.id/storage/icon/cuaca/cerah-am.svg,2026-09-22T00:00:00Z
51,51.71,51.71.04,51.71.04.1009,51.71.04.1009,Bali,Kota Denpasar,Denpasar Utara,Peguyangan,2026-09-20T00:00:00,2026-09-22 03:00:00,2026-09-22 11:00:00,50-51,32,60,0,0,14.8,E,112,W,,,0,Cerah,Sunny,https://api-apps.bmkg.go.id/storage/icon/cuaca/cerah-am.svg,2026-09-22T03:00:00Z
51,51.71,51.71.04,51.71.04.1009,51.71.04.1009,Bali,Kota Denpasar,Denpasar Utara,Peguyangan,2026-09-20T00:00:00,2026-09-22 06:00:00,2026-09-22 14:00:00,53-54,31,64,0,51,14.8,E,112,W,,,1,Cerah,Sunny,https://api-apps.bmkg.go.id/storage/icon/cuaca/cerah-am.svg,2026-09-22T06:00:00Z
51,51.71,51.71.04,51.71.04.1009,51.71.04.1009,Bali,Kota Denpasar,Denpasar Utara,Peguyangan,2026-09-20T00:00:00,2026-09-22 09:00:00,2026-09-22 17:00:00,56-57,27,81,0,66,19.3,E,90,W,,,2,Cerah Berawan,Partly Cloudy,https://api-apps.bmkg.go.id/storage/icon/cuaca/cerah berawan-am.svg,2026-09-22T09:00:00Z
51,51.71,51.71.04,51.71.04.1009,51.71.04.1009,Bali,Kota Denpasar,Denpasar Utara,Peguyangan,2026-09-20T00:00:00,2026-09-22 12:00:00,2026-09-22 20:00:00,59-60,25,89,0,46,19.3,E,90,W,,,1,Cerah,Sunny,https://api-apps.bmkg.go.id/storage/icon/cuaca/cerah-pm.svg,2026-09-22T12:00:00Z
51,51.71,51.71.04,51.71.04.1009,51.71.04.1009,Bali,Kota Denpasar,Denpasar Utara,Peguyangan,2026-09-20T00:00:00,2026-09-22 15:00:00,2026-09-22 23:00:00,62-63,24,91,0,62,13.5,E,112,W,,,2,Cerah Berawan,Partly Cloudy,https://api-apps.bmkg.go.id/storage/icon/cuaca/cerah berawan-pm.svg,2026-09-22T15:00:00Z
51,51.71,51.71.04,51.71.04.2001,51.71.04.2001,Bali,Kota Denpasar,Denpasar Utara,Dangin Puri Kangin,2026-09-20T00:00:00,2026-09-20 12:00:00,2026-09-20 20:00:00,11-12,26,89,0,36,19.5,E,131,W,,,1,Cerah,Sunny,https://api-apps.bmkg.go.id/storage/icon/cuaca/cerah-pm.svg,2026-09-20T12:00:00Z
51,51.71,51.71.04,51.71.04.2001,51.71.04.2001,Bali,Kota Denpasar,Denpasar Utara,Dangin Puri Kangin,2026-09-20T00:00:00,2026-09-20 15:00:00,2026-09-20 23:00:00,14-15,24,92,0,50,16.8,E,98,W,,,1,Cerah,Sunny,https://api-apps.bmkg.go.id/storage/icon/cuaca/cerah-pm.svg,2026-09-20T15:00:00Z
51,51.71,51.71.04,51.71.04.2001,51.71.04.2001,Bali,Kota Denpasar,Denpasar Utara,Dangin Puri Kangin,2026-09-20T00:00:00,2026-09-20 18:00:00,2026-09-21 02:00:00,17-18,24,94,0,34,16.6,E,95,W,,,1,Cerah,Sunny,https://api-apps.bmkg.go.id/storage/icon/cuaca/cerah-pm.svg,2026-09-20T18:00:00Z
51,51.71,51.71.04,51.71.04.2001,51.71.04.2001,Bali,Kota Denpasar,Denpasar Utara,Dangin Puri Kangin,2026-09-20T00:00:00,2026-09-20 21:00:00,2026-09-21 05:00:00,20-21,24,95,0,37,16.1,N,28,S,,,1,Cerah,Sunny,https://api-apps.bmkg.go.id/storage/icon/cuaca/cerah-pm.svg,2026-09-20T21:00:00Z
51,51.71,51.71.04,51.71.04.2001,51.71.04.2001,Bali,Kota Denpasar,Denpasar Utara,Dangin Puri Kangin,2026-09-20T00:00:00,2026-09-21 00:00:00,2026-09-21 08:00:00,23-24,27,73,0,55,18.2,E,108,W,,,1,Cerah,Sunny,https://api-apps.bmkg.go.id/storage/icon/cuaca/cerah-am.svg,2026-09-21T00:00:00Z
51,51.71,51.71.04,51.71.04.2001,51.71.04.2001,Bali,Kota Denpasar,Denpasar Utara,Dangin Puri Kangin,2026-09-20T00:00:00,2026-09-21 03:00:00,2026-09-21 11:00:00,26-27,31,65,0,44,14.5,E,132,W,,,1,Cerah,Sunny,https://api-apps.bmkg.go.id/storage/icon/cuaca/cerah-am.svg,2026-09-21T03:00:00Z
51,51.71,51.71.04,51.71.04.2001,51.71.04.2001,Bali,Kota Denpasar,Denpasar Utara,Dangin Puri Kangin,2026-09-20T00:00:00,2026-09-21 06:00:00,2026-09-21 14:00:00,29-30,32,66,0,9,17.6,SE,139,NW,,,0,Cerah,Sunny,https://api-apps.bmkg.go.id/storage/icon/cuaca/cerah-am.svg,2026-09-21T06:00:00Z
51,51.71,51.71.04,51.71.04.2001,51.71.04.2001,Bali,Kota Denpasar,Denpasar Utara,Dangin Puri Kangin,2026-09-20T00:00:00,2026-09-21 09:00:00,2026-09-21 17:00:00,32-33,28,78,0,6,14.7,SE,136,NW,,,0,Cerah,Sunny,https://api-apps.bmkg.go.id/storage/icon/cuaca/cerah-am.svg,2026-09-21T09:00:00Z
51,51.71,51.71.04,51.71.04.2001,51.71.04.2001,Bali,Kota Denpasar,Denpasar Utara,Dangin Puri Kangin,2026-09-20T00:00:00,2026-09-21 12:00:00,2026-09-21 20:00:00,35-36,25,87,0,2,16.4,E,126,W,,,0,Cerah,Sunny,https://api-apps.bmkg.go.id/storage/icon/cuaca/cerah-pm.svg,2026-09-21T12:00:00Z
51,51.71,51.71.04,51.71.04.2001,51.71.04.2001,Bali,Kota Denpasar,Denpasar Utara,Dangin Puri Kangin,2026-09-20T00:00:00,2026-09-21 15:00:00,2026-09-21 23:00:00,38-39,25,92,0,33,28.2,E,110,W,,,1,Cerah,Sunny,https://api-apps.bmkg.go.id/storage/icon/cuaca/cerah-pm.svg,2026-09-21T15:00:00Z
51,51.71,51.71.04,51.71.04.2001,51.71.04.2001,Bali,Kota Denpasar,Denpasar Utara,Dangin Puri Kangin,2026-09-20T00:00:00,2026-09-21 18:00:00,2026-09-22 02:00:00,41-42,25,96,0,44,16.3,NE,82,SW,,,1,Cerah,Sunny,https://api-apps.bmkg.go.id/storage/icon/cuaca/cerah-pm.svg,2026-09-21T18:00:00Z
51,51.71,51.71.04,51.71.04.2001,51.71.04.2001,Bali,Kota Denpasar,Denpasar Utara,Dangin Puri Kangin,2026-09-20T00:00:00,2026-09-21 21:00:00,2026-09-22 05:00:00,44-45,23,97,0,59,13.1,N,13,S,,,1,Cerah,Sunny,https://api-apps.bmkg.go.id/storage/icon/cuaca/cerah-pm.svg,2026-09-21T21:00:00Z
51,51.71,51.71.04,51.71.04.2001,51.71.04.2001,Bali,Kota Denpasar,Denpasar Utara,Dangin Puri Kangin,2026-09-20T00:00:00,2026-09-22 00:00:00,2026-09-22 08:00:00,47-48,27,75,0,25,13.3,NE,80,SW,,,1,Cerah,Sunny,https://api-apps.bmkg.go.id/storage/icon/cuaca/cerah-am.svg,2026-09-22T00:00:00Z
51,51.71,51.71.04,51.71.04.2001,51.71.04.2001,Bali,Kota Denpasar,Denpasar Utara,Dangin Puri Kangin,2026-09-20T00:00:00,2026-09-22 03:00:00,2026-09-22 11:00:00,50-51,32,66,0,0,18.1,E,112,W,,,0,Cerah,Sunny,https://api-apps.bmkg.go.id/storage/icon/cuaca/cerah-am.svg,2026-09-22T03:00:00Z
51,51.71,51.71.04,51.71.04.2001,51.71.04.2001,Bali,Kota Denpasar,Denpasar Utara,Dangin Puri Kangin,2026-09-20T00:00:00,2026-09-22 06:00:00,2026-09-22 14:00:00,53-54,32,70,0,51,18.1,E,112,W,,,1,Cerah,Sunny,https://api-apps.bmkg.go.id/storage/icon/cuaca/cerah-am.svg,2026-09-22T06:00:00Z
51,51.71,51.71.04,51.71.04.2001,51.71.04.2001,Bali,Kota Denpasar,Denpasar Utara,Dangin Puri Kangin,2026-09-20T00:00:00,2026-09-22 09:00:00,2026-09-22 17:00:00,56-57,27,84,0,63,20.8,E,90,W,,,2,Cerah Berawan,Partly Cloudy,https://api-apps.bmkg.go.id/storage/icon/cuaca/cerah berawan-am.svg,2026-09-22T09:00:00Z
51,51.71,51.71.04,51.71.04.2001,51.71.04.2001,Bali,Kota Denpasar,Denpasar Utara,Dangin Puri Kangin,2026-09-20T00:00:00,2026-09-22 12:00:00,2026-09-22 20:00:00,59-60,25,89,0,41,20.8,E,90,W,,,1,Cerah,Sunny,https://api-apps.bmkg.go.id/storage/icon/cuaca/cerah-pm.svg,2026-09-22T12:00:00Z
51,51.71,51.71.04,51.71.04.2001,51.71.04.2001,Bali,Kota Denpasar,Denpasar Utara,Dangin Puri Kangin,2026-09-20T00:00:00,2026-09-22 15:00:00,2026-09-22 23:00:00,62-63,24,90,0,60,13,E,112,W,,,1,Cerah,Sunny,https://api-apps.bmkg.go.id/storage/icon/cuaca/cerah-pm.svg,2026-09-22T15:00:00Z
51,51.71,51.71.04,51.71.04.2002,51.71.04.2002,Bali,Kota Denpasar,Denpasar Utara,Dangin Puri Kauh,2026-09-20T00:00:00,2026-09-20 12:00:00,2026-09-20 20:00:00,11-12,26,89,0,36,19.5,E,131,W,,,1,Cerah,Sunny,https://api-apps.bmkg.go.id/storage/icon/cuaca/cerah-pm.svg,2026-09-20T12:00:00Z
51,51.71,51.71.04,51.71.04.2002,51.71.04.2002,Bali,Kota Denpasar,Denpasar Utara,Dangin Puri Kauh,2026-09-20T00:00:00,2026-09-20 15:00:00,2026-09-20 23:00:00,14-15,24,92,0,50,16.8,E,98,W,,,1,Cerah,Sunny,https://api-apps.bmkg.go.id/storage/icon/cuaca/cerah-pm.svg,2026-09-20T15:00:00Z
51,51.71,51.71.04,51.71.04.2002,51.71.04.2002,Bali,Kota Denpasar,Denpasar Utara,Dangin Puri Kauh,2026-09-20T00:00:00,2026-09-20 18:00:00,2026-09-21 02:00:00,17-18,24,94,0,34,16.6,E,95,W,,,1,Cerah,Sunny,https://api-apps.bmkg.go.id/storage/icon/cuaca/cerah-pm.svg,2026-09-20T18:00:00Z
51,51.71,51.71.04,51.71.04.2002,51.71.04.2002,Bali,Kota Denpasar,Denpasar Utara,Dangin Puri Kauh,2026-09-20T00:00:00,2026-09-20 21:00:00,2026-09-21 05:00:00,20-21,24,95,0,37,16.1,N,28,S,,,1,Cerah,Sunny,https://api-apps.bmkg.go.id/storage/icon/cuaca/cerah-pm.svg,2026-09-20T21:00:00Z
51,51.71,51.71.04,51.71.04.2002,51.71.04.2002,Bali,Kota Denpasar,Denpasar Utara,Dangin Puri Kauh,2026-09-20T00:00:00,2026-09-21 00:00:00,2026-09-21 08:00:00,23-24,27,73,0,55,18.2,E,108,W,,,1,Cerah,Sunny,https://api-apps.bmkg.go.id/storage/icon/cuaca/cerah-am.svg,2026-09-21T00:00:00Z
51,51.71,51.71.04,51.71.04.2002,51.71.04.2002,Bali,Kota Denpasar,Denpasar Utara,Dangin Puri Kauh,2026-09-20T00:00:00,2026-09-21 03:00:00,2026-09-21 11:00:00,26-27,31,65,0,44,14.5,E,132,W,,,1,Cerah,Sunny,https://api-apps.bmkg.go.id/storage/icon/cuaca/cerah-am.svg,2026-09-21T03:00:00Z
51,51.71,51.71.04,51.71.04.2002,51.71.04.2002,Bali,Kota Denpasar,Denpasar Utara,Dangin Puri Kauh,2026-09-20T00:00:00,2026-09-21 06:00:00,2026-09-21 14:00:00,29-30,32,66,0,9,17.6,SE,139,NW,,,0,Cerah,Sunny,https://api-apps.bmkg.go.id/storage/icon/cuaca/cerah-am.svg,2026-09-21T06:00:00Z
51,51.71,51.71.04,51.71.04.2002,51.71.04.2002,Bali,Kota Denpasar,Denpasar Utara,Dangin Puri Kauh,2026-09-20T00:00:00,2026-09-21 09:00:00,2026-09-21 17:00:00,32-33,28,78,0,6,14.7,SE,136,NW,,,0,Cerah,Sunny,https://api-apps.bmkg.go.id/storage/icon/cuaca/cerah-am.svg,2026-09-21T09:00:00Z
51,51.71,51.71.04,51.71.04.2002,51.71.04.2002,Bali,Kota Denpasar,Denpasar Utara,Dangin Puri Kauh,2026-09-20T00:00:00,2026-09-21 12:00:00,2026-09-21 20:00:00,35-36,25,87,0,2,16.4,E,126,W,,,0,Cerah,Sunny,https://api-apps.bmkg.go.id/storage/icon/cuaca/cerah-pm.svg,2026-09-21T12:00:00Z
51,51.71,51.71.04,51.71.04.2002,51.71.04.2002,Bali,Kota Denpasar,Denpasar Utara,Dangin Puri Kauh,2026-09-20T00:00:00,2026-09-21 15:00:00,2026-09-21 23:00:00,38-39,25,92,0,33,28.2,E,110,W,,,1,Cerah,Sunny,https://api-apps.bmkg.go.id/storage/icon/cuaca/cerah-pm.svg,2026-09-21T15:00:00Z
51,51.71,51.71.04,51.71.04.2002,51.71.04.2002,Bali,Kota Denpasar,Denpasar Utara,Dangin Puri Kauh,2026-09-20T00:00:00,2026-09-21 18:00:00,2026-09-22 02:00:00,41-42,25,96,0,44,16.3,NE,82,SW,,,1,Cerah,Sunny,https://api-apps.bmkg.go.id/storage/icon/cuaca/cerah-pm.svg,2026-09-21T18:00:00Z
51,51.71,51.71.04,51.71.04.2002,51.71.04.2002,Bali,Kota Denpasar,Denpasar Utara,Dangin Puri Kauh,2026-09-20T00:00:00,2026-09-21 21:00:00,2026-09-22 05:00:00,44-45,23,97,0,59,13.1,N,13,S,,,1,Cerah,Sunny,https://api-apps.bmkg.go.id/storage/icon/cuaca/cerah-pm.svg,2026-09-21T21:00:00Z
51,51.71,51.71.04,51.71.04.2002,51.71.04.2002,Bali,Kota Denpasar,Denpasar Utara,Dangin Puri Kauh,2026-09-20T00:00:00,2026-09-22 00:00:00,2026-09-22 08:00:00,47-48,27,75,0,25,13.3,NE,80,SW,,,1,Cerah,Sunny,https://api-apps.bmkg.go.id/storage/icon/cuaca/cerah-am.svg,2026-09-22T00:00:00Z
51,51.71,51.71.04,51.71.04.2002,51.71.04.2002,Bali,Kota Denpasar,Denpasar Utara,Dangin Puri Kauh,2026-09-20T00:00:00,2026-09-22 03:00:00,2026-09-22 11:00:00,50-51,32,66,0,0,18.1,E,112,W,,,0,Cerah,Sunny,https://api-apps.bmkg.go.id/storage/icon/cuaca/cerah-am.svg,2026-09-22T03:00:00Z
51,51.71,51.71.04,51.71.04.2002,51.71.04.2002,Bali,Kota Denpasar,Denpasar Utara,Dangin Puri Kauh,2026-09-20T00:00:00,2026-09-22 06:00:00,2026-09-22 14:00:00,53-54,32,70,0,51,18.1,E,112,W,,,1,Cerah,Sunny,https://api-apps.bmkg.go.id/storage/icon/cuaca/cerah-am.svg,2026-09-22T06:00:00Z
51,51.71,51.71.04,51.71.04.2002,51.71.04.2002,Bali,Kota Denpasar,Denpasar Utara,Dangin Puri Kauh,2026-09-20T00:00:00,2026-09-22 09:00:00,2026-09-22 17:00:00,56-57,27,84,0,63,20.8,E,90,W,,,2,Cerah Berawan,Partly Cloudy,https://api-apps.bmkg.go.id/storage/icon/cuaca/cerah berawan-am.svg,2026-09-22T09:00:00Z
51,51.71,51.71.04,51.71.04.2002,51.71.04.2002,Bali,Kota Denpasar,Denpasar Utara,Dangin Puri Kauh,2026-09-20T00:00:00,2026-09-22 12:00:00,2026-09-22 20:00:00,59-60,25,89,0,41,20.8,E,90,W,,,1,Cerah,Sunny,https://api-apps.bmkg.go.id/storage/icon/cuaca/cerah-pm.svg,2026-09-22T12:00:00Z
51,51.71,51.71.04,51.71.04.2002,51.71.04.2002,Bali,Kota Denpasar,Denpasar Utara,Dangin Puri Kauh,2026-09-20T00:00:00,2026-09-22 15:00:00,2026-09-22 23:00:00,62-63,24,90,0,60,13,E,112,W,,,1,Cerah,Sunny,https://api-apps.bmkg.go.id/storage/icon/cuaca/cerah-pm.svg,2026-09-22T15:00:00Z
51,51.71,51.71.04,51.71.04.2003,51.71.04.2003,Bali,Kota Denpasar,Denpasar Utara,Dangin Puri Kaja,2026-09-20T00:00:00,2026-09-20 12:00:00,2026-09-20 20:00:00,11-12,26,89,0,36,19.5,E,131,W,,,1,Cerah,Sunny,https://api-apps.bmkg.go.id/storage/icon/cuaca/cerah-pm.svg,2026-09-20T12:00:00Z
51,51.71,51.71.04,51.71.04.2003,51.71.04.2003,Bali,Kota Denpasar,Denpasar Utara,Dangin Puri Kaja,2026-09-20T00:00:00,2026-09-20 15:00:00,2026-09-20 23:00:00,14-15,24,92,0,50,16.8,E,98,W,,,1,Cerah,Sunny,https://api-apps.bmkg.go.id/storage/icon/cuaca/cerah-pm.svg,2026-09-20T15:00:00Z
51,51.71,51.71.04,51.71.04.2003,51.71.04.2003,Bali,Kota Denpasar,Denpasar Utara,Dangin Puri Kaja,2026-09-20T00:00:00,2026-09-20 18:00:00,2026-09-21 02:00:00,17-18,24,94,0,34,16.6,E,95,W,,,1,Cerah,Sunny,https://api-apps.bmkg.go.id/storage/icon/cuaca/cerah-pm.svg,2026-09-20T18:00:00Z
51,51.71,51.71.04,51.71.04.2003,51.71.04.2003,Bali,Kota Denpasar,Denpasar Utara,Dangin Puri Kaja,2026-09-20T00:00:00,2026-09-20 21:00:00,2026-09-21 05:00:00,20-21,24,95,0,37,16.1,N,28,S,,,1,Cerah,Sunny,https://api-apps.bmkg.go.id/storage/icon/cuaca/cerah-pm.svg,2026-09-20T21:00:00Z
51,51.71,51.71.04,51.71.04.2003,51.71.04.2003,Bali,Kota Denpasar,Denpasar Utara,Dangin Puri Kaja,2026-09-20T00:00:00,2026-09-21 00:00:00,2026-09-21 08:00:00,23-24,27,73,0,55,18.2,E,108,W,,,1,Cerah,Sunny,https://api-apps.bmkg.go.id/storage/icon/cuaca/cerah-am.svg,2026-09-21T00:00:00Z
51,51.71,51.71.04,51.71.04.2003,51.71.04.2003,Bali,Kota Denpasar,Denpasar Utara,Dangin Puri Kaja,2026-09-20T00:00:00,2026-09-21 03:00:00,2026-09-21 11:00:00,26-27,31,65,0,44,14.5,E,132,W,,,1,Cerah,Sunny,https://api-apps.bmkg.go.id/storage/icon/cuaca/cerah-am.svg,2026-09-21T03:00:00Z
51,51.71,51.71.04,51.71.04.2003,51.71.04.2003,Bali,Kota Denpasar,Denpasar Utara,Dangin Puri Kaja,2026-09-20T00:00:00,2026-09-21 06:00:00,2026-09-21 14:00:00,29-30,32,66,0,9,17.6,SE,139,NW,,,0,Cerah,Sunny,https://api-apps.bmkg.go.id/storage/icon/cuaca/cerah-am.svg,2026-09-21T06:00:00Z
51,51.71,51.71.04,51.71.04.2003,51.71.04.2003,Bali,Kota Denpasar,Denpasar Utara,Dangin Puri Kaja,2026-09-20T00:00:00,2026-09-21 09:00:00,2026-09-21 17:00:00,32-33,28,78,0,6,14.7,SE,136,NW,,,0,Cerah,Sunny,https://api-apps.bmkg.go.id/storage/icon/cuaca/cerah-am.svg,2026-09-21T09:00:00Z
51,51.71,51.71.04,51.71.04.2003,51.71.04.2003,Bali,Kota Denpasar,Denpasar Utara,Dangin Puri Kaja,2026-09-20T00:00:00,2026-09-21 12:00:00,2026-09-21 20:00:00,35-36,25,87,0,2,16.4,E,126,W,,,0,Cerah,Sunny,https://api-apps.bmkg.go.id/storage/icon/cuaca/cerah-pm.svg,2026-09-21T12:00:00Z
51,51.71,51.71.04,51.71.04.2003,51.71.04.2003,Bali,Kota Denpasar,Denpasar Utara,Dangin Puri Kaja,2026-09-20T00:00:00,2026-09-21 15:00:00,2026-09-21 23:00:00,38-39,25,92,0,33,28.2,E,110,W,,,1,Cerah,Sunny,https://api-apps.bmkg.go.id/storage/icon/cuaca/cerah-pm.svg,2026-09-21T15:00:00Z
51,51.71,51.71.04,51.71.04.2003,51.71.04.2003,Bali,Kota Denpasar,Denpasar Utara,Dangin Puri Kaja,2026-09-20T00:00:00,2026-09-21 18:00:00,2026-09-22 02:00:00,41-42,25,96,0,44,16.3,NE,82,SW,,,1,Cerah,Sunny,https://api-apps.bmkg.go.id/storage/icon/cuaca/cerah-pm.svg,2026-09-21T18:00:00Z
51,51.71,51.71.04,51.71.04.2003,51.71.04.2003,Bali,Kota Denpasar,Denpasar Utara,Dangin Puri Kaja,2026-09-20T00:00:00,2026-09-21 21:00:00,2026-09-22 05:00:00,44-45,23,97,0,59,13.1,N,13,S,,,1,Cerah,Sunny,https://api-apps.bmkg.go.id/storage/icon/cuaca/cerah-pm.svg,2026-09-21T21:00:00Z
51,51.71,51.71.04,51.71.04.2003,51.71.04.2003,Bali,Kota Denpasar,Denpasar Utara,Dangin Puri Kaja,2026-09-20T00:00:00,2026-09-22 00:00:00,2026-09-22 08:00:00,47-48,27,75,0,25,13.3,NE,80,SW,,,1,Cerah,Sunny,https://api-apps.bmkg.go.id/storage/icon/cuaca/cerah-am.svg,2026-09-22T00:00:00Z
51,51.71,51.71.04,51.71.04.2003,51.71.04.2003,Bali,Kota Denpasar,Denpasar Utara,Dangin Puri Kaja,2026-09-20T00:00:00,2026-09-22 03:00:00,2026-09-22 11:00:00,50-51,32,66,0,0,18.1,E,112,W,,,0,Cerah,Sunny,https://api-apps.bmkg.go.id/storage/icon/cuaca/cerah-am.svg,2026-09-22T03:00:00Z
51,51.71,51.71.04,51.71.04.2003,51.71.04.2003,Bali,Kota Denpasar,Denpasar Utara,Dangin Puri Kaja,2026-09-20T00:00:00,2026-09-22 06:00:00,2026-09-22 14:00:00,53-54,32,70,0,51,18.1,E,112,W,,,1,Cerah,Sunny,https://api-apps.bmkg.go.id/storage/icon/cuaca/cerah-am.svg,2026-09-22T06:00:00Z
51,51.71,51.71.04,51.71.04.2003,51.71.04.2003,Bali,Kota Denpasar,Denpasar Utara,Dangin Puri Kaja,2026-09-20T00:00:00,2026-09-22 09:00:00,2026-09-22 17:00:00,56-57,27,84,0,63,20.8,E,90,W,,,2,Cerah Berawan,Partly Cloudy,https://api-apps.bmkg.go.id/storage/icon/cuaca/cerah berawan-am.svg,2026-09-22T09:00:00Z
51,51.71,51.71.04,51.71.04.2003,51.71.04.2003,Bali,Kota Denpasar,Denpasar Utara,Dangin Puri Kaja,2026-09-20T00:00:00,2026-09-22 12:00:00,2026-09-22 20:00:00,59-60,25,89,0,41,20.8,E,90,W,,,1,Cerah,Sunny,https://api-apps.bmkg.go.id/storage/icon/cuaca/cerah-pm.svg,2026-09-22T12:00:00Z
51,51.71,51.71.04,51.71.04.2003,51.71.04.2003,Bali,Kota Denpasar,Denpasar Utara,Dangin Puri Kaja,2026-09-20T00:00:00,2026-09-22 15:00:00,2026-09-22 23:00:00,62-63,24,90,0,60,13,E,112,W,,,1,Cerah,Sunny,https://api-apps.bmkg.go.id/storage/icon/cuaca/cerah-pm.svg,2026-09-22T15:00:00Z
51,51.71,51.71.04,51.71.04.2005,51.71.04.2005,Bali,Kota Denpasar,Denpasar Utara,Pemecutan Kaja,2026-09-20T00:00:00,2026-09-20 12:00:00,2026-09-20 20:00:00,11-12,26,89,0,34,20.4,E,131,W,,,1,Cerah,Sunny,https://api-apps.bmkg.go.id/storage/icon/cuaca/cerah-pm.svg,2026-09-20T12:00:00Z
51,51.71,51.71.04,51.71.04.2005,51.71.04.2005,Bali,Kota Denpasar,Denpasar Utara,Pemecutan Kaja,2026-09-20T00:00:00,2026-09-20 15:00:00,2026-09-20 23:00:00,14-15,24,92,0,50,16.9,E,98,W,,,1,Cerah,Sunny,https://api-apps.bmkg.go.id/storage/icon/cuaca/cerah-pm.svg,2026-09-20T15:00:00Z
51,51.71,51.71.04,51.71.04.2005,51.71.04.2005,Bali,Kota Denpasar,Denpasar Utara,Pemecutan Kaja,2026-09-20T00:00:00,2026-09-20 18:00:00,2026-09-21 02:00:00,17-18,24,95,0,34,16.6,E,95,W,,,1,Cerah,Sunny,https://api-apps.bmkg.go.id/storage/icon/cuaca/cerah-pm.svg,2026-09-20T18:00:00Z
51,51.71,51.71.04,51.71.04.2005,51.71.04.2005,Bali,Kota Denpasar,Denpasar Utara,Pemecutan Kaja,2026-09-20T00:00:00,2026-09-20 21:00:00,2026-09-21 05:00:00,20-21,23,96,0,38,16.1,N,28,S,,,1,Cerah,Sunny,https://api-apps.bmkg.go.id/storage/icon/cuaca/cerah-pm.svg,2026-09-20T21:00:00Z
51,51.71,51.71.04,51.71.04.2005,51.71.04.2005,Bali,Kota Denpasar,Denpasar Utara,Pemecutan Kaja,2026-09-20T00:00:00,2026-09-21 00:00:00,2026-09-21 08:00:00,23-24,27,70,0,54,18.2,E,108,W,,,1,Cerah,Sunny,https://api-apps.bmkg.go.id/storage/icon/cuaca/cerah-am.svg,2026-09-21T00:00:00Z
51,51.71,51.71.04,51.71.04.2005,51.71.04.2005,Bali,Kota Denpasar,Denpasar Utara,Pemecutan Kaja,2026-09-20T00:00:00,2026-09-21 03:00:00,2026-09-21 11:00:00,26-27,31,60,0,46,14.5,E,132,W,,,1,Cerah,Sunny,https://api-apps.bmkg.go.id/storage/icon/cuaca/cerah-am.svg,2026-09-21T03:00:00Z
51,51.71,51.71.04,51.71.04.2005,51.71.04.2005,Bali,Kota Denpasar,Denpasar Utara,Pemecutan Kaja,2026-09-20T00:00:00,2026-09-21 06:00:00,2026-09-21 14:00:00,29-30,32,61,0,10,17.6,SE,139,NW,,,1,Cerah,Sunny,https://api-apps.bmkg.go.id/storage/icon/cuaca/cerah-am.svg,2026-09-21T06:00:00Z
51,51.71,51.71.04,51.71.04.2005,51.71.04.2005,Bali,Kota Denpasar,Denpasar Utara,Pemecutan Kaja,2026-09-20T00:00:00,2026-09-21 09:00:00,2026-09-21 17:00:00,32-33,27,76,0,6,14.7,SE,136,NW,,,0,Cerah,Sunny,https://api-apps.bmkg.go.id/storage/icon/cuaca/cerah-am.svg,2026-09-21T09:00:00Z
51,51.71,51.71.04,51.71.04.2005,51.71.04.2005,Bali,Kota Denpasar,Denpasar Utara,Pemecutan Kaja,2026-09-20T00:00:00,2026-09-21 12:00:00,2026-09-21 20:00:00,35-36,25,87,0,2,19,E,126,W,,,0,Cerah,Sunny,https://api-apps.bmkg.go.id/storage/icon/cuaca/cerah-pm.svg,2026-09-21T12:00:00Z
51,51.71,51.71.04,51.71.04.2005,51.71.04.2005,Bali,Kota Denpasar,Denpasar Utara,Pemecutan Kaja,2026-09-20T00:00:00,2026-09-21 15:00:00,2026-09-21 23:00:00,38-39,25,93,0,35,27.3,E,110,W,,,1,Cerah,Sunny,https://api-apps.bmkg.go.id/storage/icon/cuaca/cerah-pm.svg,2026-09-21T15:00:00Z
51,51.71,51.71.04,51.71.04.2005,51.71.04.2005,Bali,Kota Denpasar,Denpasar Utara,Pemecutan Kaja,2026-09-20T00:00:00,2026-09-21 18:00:00,2026-09-22 02:00:00,41-42,24,96,0,38,14.5,NE,82,SW,,,1,Cerah,Sunny,https://api-apps.bmkg.go.id/storage/icon/cuaca/cerah-pm.svg,2026-09-21T18:00:00Z
51,51.71,51.71.04,51.71.04.2005,51.71.04.2005,Bali,Kota Denpasar,Denpasar Utara,Pemecutan Kaja,2026-09-20T00:00:00,2026-09-21 21:00:00,2026-09-22 05:00:00,44-45,23,97,0,57,13.1,N,13,S,,,1,Cerah,Sunny,https://api-apps.bmkg.go.id/storage/icon/cuaca/cerah-pm.svg,2026-09-21T21:00:00Z
51,51.71,51.71.04,51.71.04.2005,51.71.04.2005,Bali,Kota Denpasar,Denpasar Utara,Pemecutan Kaja,2026-09-20T00:00:00,2026-09-22 00:00:00,2026-09-22 08:00:00,47-48,28,72,0,24,13.3,NE,80,SW,,,1,Cerah,Sunny,https://api-apps.bmkg.go.id/storage/icon/cuaca/cerah-am.svg,2026-09-22T00:00:00Z
51,51.71,51.71.04,51.71.04.2005,51.71.04.2005,Bali,Kota Denpasar,Denpasar Utara,Pemecutan Kaja,2026-09-20T00:00:00,2026-09-22 03:00:00,2026-09-22 11:00:00,50-51,32,61,0,0,18.1,E,112,W,,,0,Cerah,Sunny,https://api-apps.bmkg.go.id/storage/icon/cuaca/cerah-am.svg,2026-09-22T03:00:00Z
51,51.71,51.71.04,51.71.04.2005,51.71.04.2005,Bali,Kota Denpasar,Denpasar Utara,Pemecutan Kaja,2026-09-20T00:00:00,2026-09-22 06:00:00,2026-09-22 14:00:00,53-54,32,65,0,51,18.1,E,112,W,,,1,Cerah,Sunny,https://api-apps.bmkg.go.id/storage/icon/cuaca/cerah-am.svg,2026-09-22T06:00:00Z
51,51.71,51.71.04,51.71.04.2005,51.71.04.2005,Bali,Kota Denpasar,Denpasar Utara,Pemecutan Kaja,2026-09-20T00:00:00,2026-09-22 09:00:00,2026-09-22 17:00:00,56-57,27,82,0,64,20.7,E,90,W,,,2,Cerah Berawan,Partly Cloudy,https://api-apps.bmkg.go.id/storage/icon/cuaca/cerah berawan-am.svg,2026-09-22T09:00:00Z
51,51.71,51.71.04,51.71.04.2005,51.71.04.2005,Bali,Kota Denpasar,Denpasar Utara,Pemecutan Kaja,2026-09-20T00:00:00,2026-09-22 12:00:00,2026-09-22 20:00:00,59-60,25,89,0,42,20.7,E,90,W,,,1,Cerah,Sunny,https://api-apps.bmkg.go.id/storage/icon/cuaca/cerah-pm.svg,2026-09-22T12:00:00Z
51,51.71,51.71.04,51.71.04.2005,51.71.04.2005,Bali,Kota Denpasar,Denpasar Utara,Pemecutan Kaja,2026-09-20T00:00:00,2026-09-22 15:00:00,2026-09-22 23:00:00,62-63,24,90,0,60,13,E,112,W,,,2,Cerah Berawan,Partly Cloudy,https://api-apps.bmkg.go.id/storage/icon/cuaca/cerah berawan-pm.svg,2026-09-22T15:00:00Z
51,51.71,51.71.04,51.71.04.2006,51.71.04.2006,Bali,Kota Denpasar,Denpasar Utara,Dauh Puri Kaja,2026-09-20T00:00:00,2026-09-20 12:00:00,2026-09-20 20:00:00,11-12,26,89,0,36,19.5,E,131,W,,,1,Cerah,Sunny,https://api-apps.bmkg.go.id/storage/icon/cuaca/cerah-pm.svg,2026-09-20T12:00:00Z
51,51.71,51.71.04,51.71.04.2006,51.71.04.2006,Bali,Kota Denpasar,Denpasar Utara,Dauh Puri Kaja,2026-09-20T00:00:00,2026-09-20 15:00:00,2026-09-20 23:00:00,14-15,24,92,0,50,16.8,E,98,W,,,1,Cerah,Sunny,https://api-apps.bmkg.go.id/storage/icon/cuaca/cerah-pm.svg,2026-09-20T15:00:00Z
51,51.71,51.71.04,51.71.04.2006,51.71.04.2006,Bali,Kota Denpasar,Denpasar Utara,Dauh Puri Kaja,2026-09-20T00:00:00,2026-09-20 18:00:00,2026-09-21 02:00:00,17-18,24,94,0,34,16.6,E,95,W,,,1,Cerah,Sunny,https://api-apps.bmkg.go.id/storage/icon/cuaca/cerah-pm.svg,2026-09-20T18:00:00Z
51,51.71,51.71.04,51.71.04.2006,51.71.04.2006,Bali,Kota Denpasar,Denpasar Utara,Dauh Puri Kaja,2026-09-20T00:00:00,2026-09-20 21:00:00,2026-09-21 05:00:00,20-21,24,95,0,37,16.1,N,28,S,,,1,Cerah,Sunny,https://api-apps.bmkg.go.id/storage/icon/cuaca/cerah-pm.svg,2026-09-20T21:00:00Z
51,51.71,51.71.04,51.71.04.2006,51.71.04.2006,Bali,Kota Denpasar,Denpasar Utara,Dauh Puri Kaja,2026-09-20T00:00:00,2026-09-21 00:00:00,2026-09-21 08:00:00,23-24,27,73,0,55,18.2,E,108,W,,,1,Cerah,Sunny,https://api-apps.bmkg.go.id/storage/icon/cuaca/cerah-am.svg,2026-09-21T00:00:00Z
51,51.71,51.71.04,51.71.04.2006,51.71.04.2006,Bali,Kota Denpasar,Denpasar Utara,Dauh Puri Kaja,2026-09-20T00:00:00,2026-09-21 03:00:00,2026-09-21 11:00:00,26-27,31,65,0,44,14.5,E,132,W,,,1,Cerah,Sunny,https://api-apps.bmkg.go.id/storage/icon/cuaca/cerah-am.svg,2026-09-21T03:00:00Z
51,51.71,51.71.04,51.71.04.2006,51.71.04.2006,Bali,Kota Denpasar,Denpasar Utara,Dauh Puri Kaja,2026-09-20T00:00:00,2026-09-21 06:00:00,2026-09-21 14:00:00,29-30,32,66,0,9,17.6,SE,139,NW,,,0,Cerah,Sunny,https://api-apps.bmkg.go.id/storage/icon/cuaca/cerah-am.svg,2026-09-21T06:00:00Z
51,51.71,51.71.04,51.71.04.2006,51.71.04.2006,Bali,Kota Denpasar,Denpasar Utara,Dauh Puri Kaja,2026-09-20T00:00:00,2026-09-21 09:00:00,2026-09-21 17:00:00,32-33,28,78,0,6,14.7,SE,136,NW,,,0,Cerah,Sunny,https://api-apps.bmkg.go.id/storage/icon/cuaca/cerah-am.svg,2026-09-21T09:00:00Z
51,51.71,51.71.04,51.71.04.2006,51.71.04.2006,Bali,Kota Denpasar,Denpasar Utara,Dauh Puri Kaja,2026-09-20T00:00:00,2026-09-21 12:00:00,2026-09-21 20:00:00,35-36,25,87,0,2,16.4,E,126,W,,,0,Cerah,Sunny,https://api-apps.bmkg.go.id/storage/icon/cuaca/cerah-pm.svg,2026-09-21T12:00:00Z
51,51.71,51.71.04,51.71.04.2006,51.71.04.2006,Bali,Kota Denpasar,Denpasar Utara,Dauh Puri Kaja,2026-09-20T00:00:00,2026-09-21 15:00:00,2026-09-21 23:00:00,38-39,25,92,0,33,28.2,E,110,W,,,1,Cerah,Sunny,https://api-apps.bmkg.go.id/storage/icon/cuaca/cerah-pm.svg,2026-09-21T15:00:00Z
51,51.71,51.71.04,51.71.04.2006,51.71.04.2006,Bali,Kota Denpasar,Denpasar Utara,Dauh Puri Kaja,2026-09-20T00:00:00,2026-09-21 18:00:00,2026-09-22 02:00:00,41-42,25,96,0,44,16.3,NE,82,SW,,,1,Cerah,Sunny,https://api-apps.bmkg.go.id/storage/icon/cuaca/cerah-pm.svg,2026-09-21T18:00:00Z
51,51.71,51.71.04,51.71.04.2006,51.71.04.2006,Bali,Kota Denpasar,Denpasar Utara,Dauh Puri Kaja,2026-09-20T00:00:00,2026-09-21 21:00:00,2026-09-22 05:00:00,44-45,23,97,0,59,13.1,N,13,S,,,1,Cerah,Sunny,https://api-apps.bmkg.go.id/storage/icon/cuaca/cerah-pm.svg,2026-09-21T21:00:00Z
51,51.71,51.71.04,51.71.04.2006,51.71.04.2006,Bali,Kota Denpasar,Denpasar Utara,Dauh Puri Kaja,2026-09-20T00:00:00,2026-09-22 00:00:00,2026-09-22 08:00:00,47-48,27,75,0,25,13.3,NE,80,SW,,,1,Cerah,Sunny,https://api-apps.bmkg.go.id/storage/icon/cuaca/cerah-am.svg,2026-09-22T00:00:00Z
51,51.71,51.71.04,51.71.04.2006,51.71.04.2006,Bali,Kota Denpasar,Denpasar Utara,Dauh Puri Kaja,2026-09-20T00:00:00,2026-09-22 03:00:00,2026-09-22 11:00:00,50-51,32,66,0,0,18.1,E,112,W,,,0,Cerah,Sunny,https://api-apps.bmkg.go.id/storage/icon/cuaca/cerah-am.svg,2026-09-22T03:00:00Z
51,51.71,51.71.04,51.71.04.2006,51.71.04.2006,Bali,Kota Denpasar,Denpasar Utara,Dauh Puri Kaja,2026-09-20T00:00:00,2026-09-22 06:00:00,2026-09-22 14:00:00,53-54,32,70,0,51,18.1,E,112,W,,,1,Cerah,Sunny,https://api-apps.bmkg.go.id/storage/icon/cuaca/cerah-am.svg,2026-09-22T06:00:00Z
51,51.71,51.71.04,51.71.04.2006,51.71.04.2006,Bali,Kota Denpasar,Denpasar Utara,Dauh Puri Kaja,2026-09-20T00:00:00,2026-09-22 09:00:00,2026-09-22 17:00:00,56-57,27,84,0,63,20.8,E,90,W,,,2,Cerah Berawan,Partly Cloudy,https://api-apps.bmkg.go.id/storage/icon/cuaca/cerah berawan-am.svg,2026-09-22T09:00:00Z
51,51.71,51.71.04,51.71.04.2006,51.71.04.2006,Bali,Kota Denpasar,Denpasar Utara,Dauh Puri Kaja,2026-09-20T00:00:00,2026-09-22 12:00:00,2026-09-22 20:00:00,59-60,25,89,0,41,20.8,E,90,W,,,1,Cerah,Sunny,https://api-apps.bmkg.go.id/storage/icon/cuaca/cerah-pm.svg,2026-09-22T12:00:00Z
51,51.71,51.71.04,51.71.04.2006,51.71.04.2006,Bali,Kota Denpasar,Denpasar Utara,Dauh Puri Kaja,2026-09-20T00:00:00,2026-09-22 15:00:00,2026-09-22 23:00:00,62-63,24,90,0,60,13,E,112,W,,,1,Cerah,Sunny,https://api-apps.bmkg.go.id/storage/icon/cuaca/cerah-pm.svg,2026-09-22T15:00:00Z
51,51.71,51.71.04,51.71.04.2008,51.71.04.2008,Bali,Kota Denpasar,Denpasar Utara,Ubung Kaja,2026-09-20T00:00:00,2026-09-20 12:00:00,2026-09-20 20:00:00,11-12,26,90,0,31,17.9,E,125,W,,,1,Cerah,Sunny,https://api-apps.bmkg.go.id/storage/icon/cuaca/cerah-pm.svg,2026-09-20T12:00:00Z
51,51.71,51.71.04,51.71.04.2008,51.71.04.2008,Bali,Kota Denpasar,Denpasar Utara,Ubung Kaja,2026-09-20T00:00:00,2026-09-20 15:00:00,2026-09-20 23:00:00,14-15,24,93,0,58,17,N,43,S,,,1,Cerah,Sunny,https://api-apps.bmkg.go.id/storage/icon/cuaca/cerah-pm.svg,2026-09-20T15:00:00Z
51,51.71,51.71.04,51.71.04.2008,51.71.04.2008,Bali,Kota Denpasar,Denpasar Utara,Ubung Kaja,2026-09-20T00:00:00,2026-09-20 18:00:00,2026-09-21 02:00:00,17-18,24,95,0,31,16.9,E,95,W,,,1,Cerah,Sunny,https://api-apps.bmkg.go.id/storage/icon/cuaca/cerah-pm.svg,2026-09-20T18:00:00Z
51,51.71,51.71.04,51.71.04.2008,51.71.04.2008,Bali,Kota Denpasar,Denpasar Utara,Ubung Kaja,2026-09-20T00:00:00,2026-09-20 21:00:00,2026-09-21 05:00:00,20-21,23,96,0,32,17,N,17,S,,,1,Cerah,Sunny,https://api-apps.bmkg.go.id/storage/icon/cuaca/cerah-pm.svg,2026-09-20T21:00:00Z
51,51.71,51.71.04,51.71.04.2008,51.71.04.2008,Bali,Kota Denpasar,Denpasar Utara,Ubung Kaja,2026-09-20T00:00:00,2026-09-21 00:00:00,2026-09-21 08:00:00,23-24,27,69,0,52,18.4,E,93,W,,,1,Cerah,Sunny,https://api-apps.bmkg.go.id/storage/icon/cuaca/cerah-am.svg,2026-09-21T00:00:00Z
51,51.71,51.71.04,51.71.04.2008,51.71.04.2008,Bali,Kota Denpasar,Denpasar Utara,Ubung Kaja,2026-09-20T00:00:00,2026-09-21 03:00:00,2026-09-21 11:00:00,26-27,31,57,0,53,14.1,E,124,W,,,1,Cerah,Sunny,https://api-apps.bmkg.go.id/storage/icon/cuaca/cerah-am.svg,2026-09-21T03:00:00Z
51,51.71,51.71.04,51.71.04.2008,51.71.04.2008,Bali,Kota Denpasar,Denpasar Utara,Ubung Kaja,2026-09-20T00:00:00,2026-09-21 06:00:00,2026-09-21 14:00:00,29-30,32,60,0,14,13.8,SE,142,NW,,,1,Cerah,Sunny,https://api-apps.bmkg.go.id/storage/icon/cuaca/cerah-am.svg,2026-09-21T06:00:00Z
51,51.71,51.71.04,51.71.04.2008,51.71.04.2008,Bali,Kota Denpasar,Denpasar Utara,Ubung Kaja,2026-09-20T00:00:00,2026-09-21 09:00:00,2026-09-21 17:00:00,32-33,27,75,0,8,14.5,E,134,W,,,0,Cerah,Sunny,https://api-apps.bmkg.go.id/storage/icon/cuaca/cerah-am.svg,2026-09-21T09:00:00Z
51,51.71,51.71.04,51.71.04.2008,51.71.04.2008,Bali,Kota Denpasar,Denpasar Utara,Ubung Kaja,2026-09-20T00:00:00,2026-09-21 12:00:00,2026-09-21 20:00:00,35-36,25,87,0,2,15.9,E,113,W,,,0,Cerah,Sunny,https://api-apps.bmkg.go.id/storage/icon/cuaca/cerah-pm.svg,2026-09-21T12:00:00Z
51,51.71,51.71.04,51.71.04.2008,51.71.04.2008,Bali,Kota Denpasar,Denpasar Utara,Ubung Kaja,2026-09-20T00:00:00,2026-09-21 15:00:00,2026-09-21 23:00:00,38-39,24,93,0,37,24.9,NE,61,SW,,,1,Cerah,Sunny,https://api-apps.bmkg.go.id/storage/icon/cuaca/cerah-pm.svg,2026-09-21T15:00:00Z
51,51.71,51.71.04,51.71.04.2008,51.71.04.2008,Bali,Kota Denpasar,Denpasar Utara,Ubung Kaja,2026-09-20T00:00:00,2026-09-21 18:00:00,2026-09-22 02:00:00,41-42,24,96,0,37,14.3,N,29,S,,,1,Cerah,Sunny,https://api-apps.bmkg.go.id/storage/icon/cuaca/cerah-pm.svg,2026-09-21T18:00:00Z
51,51.71,51.71.04,51.71.04.2008,51.71.04.2008,Bali,Kota Denpasar,Denpasar Utara,Ubung Kaja,2026-09-20T00:00:00,2026-09-21 21:00:00,2026-09-22 05:00:00,44-45,23,98,0,60,13.8,N,32,S,,,1,Cerah,Sunny,https://api-apps.bmkg.go.id/storage/icon/cuaca/cerah-pm.svg,2026-09-21T21:00:00Z
51,51.71,51.71.04,51.71.04.2008,51.71.04.2008,Bali,Kota Denpasar,Denpasar Utara,Ubung Kaja,2026-09-20T00:00:00,2026-09-22 00:00:00,2026-09-22 08:00:00,47-48,28,72,0,31,13.8,NE,68,SW,,,1,Cerah,Sunny,https://api-apps.bmkg.go.id/storage/icon/cuaca/cerah-am.svg,2026-09-22T00:00:00Z
51,51.71,51.71.04,51.71.04.2008,51.71.04.2008,Bali,Kota Denpasar,Denpasar Utara,Ubung Kaja,2026-09-20T00:00:00,2026-09-22 03:00:00,2026-09-22 11:00:00,50-51,32,60,0,0,14.8,E,112,W,,,0,Cerah,Sunny,https://api-apps.bmkg.go.id/storage/icon/cuaca/cerah-am.svg,2026-09-22T03:00:00Z
51,51.71,51.71.04,51.71.04.2008,51.71.04.2008,Bali,Kota Denpasar,Denpasar Utara,Ubung Kaja,2026-09-20T00:00:00,2026-09-22 06:00:00,2026-09-22 14:00:00,53-54,31,64,0,51,14.8,E,112,W,,,1,Cerah,Sunny,https://api-apps.bmkg.go.id/storage/icon/cuaca/cerah-am.svg,2026-09-22T06:00:00Z
51,51.71,51.71.04,51.71.04.2008,51.71.04.2008,Bali,Kota Denpasar,Denpasar Utara,Ubung Kaja,2026-09-20T00:00:00,2026-09-22 09:00:00,2026-09-22 17:00:00,56-57,27,81,0,66,19.3,E,90,W,,,2,Cerah Berawan,Partly Cloudy,https://api-apps.bmkg.go.id/storage/icon/cuaca/cerah berawan-am.svg,2026-09-22T09:00:00Z
51,51.71,51.71.04,51.71.04.2008,51.71.04.2008,Bali,Kota Denpasar,Denpasar Utara,Ubung Kaja,2026-09-20T00:00:00,2026-09-22 12:00:00,2026-09-22 20:00:00,59-60,25,89,0,46,19.3,E,90,W,,,1,Cerah,Sunny,https://api-apps.bmkg.go.id/storage/icon/cuaca/cerah-pm.svg,2026-09-22T12:00:00Z
51,51.71,51.71.04,51.71.04.2008,51.71.04.2008,Bali,Kota Denpasar,Denpasar Utara,Ubung Kaja,2026-09-20T00:00:00,2026-09-22 15:00:00,2026-09-22 23:00:00,62-63,24,91,0,62,13.5,E,112,W,,,2,Cerah Berawan,Partly Cloudy,https://api-apps.bmkg.go.id/storage/icon/cuaca/cerah berawan-pm.svg,2026-09-22T15:00:00Z
51,51.71,51.71.04,51.71.04.2010,51.71.04.2010,Bali,Kota Denpasar,Denpasar Utara,Peguyangan Kaja,2026-09-20T00:00:00,2026-09-20 12:00:00,2026-09-20 20:00:00,11-12,26,90,0,33,17.8,E,125,W,,,1,Cerah,Sunny,https://api-apps.bmkg.go.id/storage/icon/cuaca/cerah-pm.svg,2026-09-20T12:00:00Z
51,51.71,51.71.04,51.71.04.2010,51.71.04.2010,Bali,Kota Denpasar,Denpasar Utara,Peguyangan Kaja,2026-09-20T00:00:00,2026-09-20 15:00:00,2026-09-20 23:00:00,14-15,23,92,0,69,17.7,N,43,S,,,2,Cerah Berawan,Partly Cloudy,https://api-apps.bmkg.go.id/storage/icon/cuaca/cerah berawan-pm.svg,2026-09-20T15:00:00Z
51,51.71,51.71.04,51.71.04.2010,51.71.04.2010,Bali,Kota Denpasar,Denpasar Utara,Peguyangan Kaja,2026-09-20T00:00:00,2026-09-20 18:00:00,2026-09-21 02:00:00,17-18,24,94,0,34,17.6,E,95,W,,,1,Cerah,Sunny,https://api-apps.bmkg.go.id/storage/icon/cuaca/cerah-pm.svg,2026-09-20T18:00:00Z
51,51.71,51.71.04,51.71.04.2010,51.71.04.2010,Bali,Kota Denpasar,Denpasar Utara,Peguyangan Kaja,2026-09-20T00:00:00,2026-09-20 21:00:00,2026-09-21 05:00:00,20-21,23,94,0,27,17.7,N,17,S,,,1,Cerah,Sunny,https://api-apps.bmkg.go.id/storage/icon/cuaca/cerah-pm.svg,2026-09-20T21:00:00Z
51,51.71,51.71.04,51.71.04.2010,51.71.04.2010,Bali,Kota Denpasar,Denpasar Utara,Peguyangan Kaja,2026-09-20T00:00:00,2026-09-21 00:00:00,2026-09-21 08:00:00,23-24,27,71,0,52,18.5,E,93,W,,,1,Cerah,Sunny,https://api-apps.bmkg.go.id/storage/icon/cuaca/cerah-am.svg,2026-09-21T00:00:00Z
51,51.71,51.71.04,51.71.04.2010,51.71.04.2010,Bali,Kota Denpasar,Denpasar Utara,Peguyangan Kaja,2026-09-20T00:00:00,2026-09-21 03:00:00,2026-09-21 11:00:00,26-27,31,60,0,55,14.4,E,124,W,,,1,Cerah,Sunny,https://api-apps.bmkg.go.id/storage/icon/cuaca/cerah-am.svg,2026-09-21T03:00:00Z
51,51.71,51.71.04,51.71.04.2010,51.71.04.2010,Bali,Kota Denpasar,Denpasar Utara,Peguyangan Kaja,2026-09-20T00:00:00,2026-09-21 06:00:00,2026-09-21 14:00:00,29-30,32,63,0,16,13.8,SE,142,NW,,,1,Cerah,Sunny,https://api-apps.bmkg.go.id/storage/icon/cuaca/cerah-am.svg,2026-09-21T06:00:00Z
51,51.71,51.71.04,51.71.04.2010,51.71.04.2010,Bali,Kota Denpasar,Denpasar Utara,Peguyangan Kaja,2026-09-20T00:00:00,2026-09-21 09:00:00,2026-09-21 17:00:00,32-33,28,76,0,9,14.7,E,134,W,,,0,Cerah,Sunny,https://api-apps.bmkg.go.id/storage/icon/cuaca/cerah-am.svg,2026-09-21T09:00:00Z
51,51.71,51.71.04,51.71.04.2010,51.71.04.2010,Bali,Kota Denpasar,Denpasar Utara,Peguyangan Kaja,2026-09-20T00:00:00,2026-09-21 12:00:00,2026-09-21 20:00:00,35-36,25,87,0,3,14.3,E,113,W,,,0,Cerah,Sunny,https://api-apps.bmkg.go.id/storage/icon/cuaca/cerah-pm.svg,2026-09-21T12:00:00Z
51,51.71,51.71.04,51.71.04.2010,51.71.04.2010,Bali,Kota Denpasar,Denpasar Utara,Peguyangan Kaja,2026-09-20T00:00:00,2026-09-21 15:00:00,2026-09-21 23:00:00,38-39,24,94,0,38,22.4,NE,61,SW,,,1,Cerah,Sunny,https://api-apps.bmkg.go.id/storage/icon/cuaca/cerah-pm.svg,2026-09-21T15:00:00Z
51,51.71,51.71.04,51.71.04.2010,51.71.04.2010,Bali,Kota Denpasar,Denpasar Utara,Peguyangan Kaja,2026-09-20T00:00:00,2026-09-21 18:00:00,2026-09-22 02:00:00,41-42,24,96,0,36,15.3,N,29,S,,,1,Cerah,Sunny,https://api-apps.bmkg.go.id/storage/icon/cuaca/cerah-pm.svg,2026-09-21T18:00:00Z
51,51.71,51.71.04,51.71.04.2010,51.71.04.2010,Bali,Kota Denpasar,Denpasar Utara,Peguyangan Kaja,2026-09-20T00:00:00,2026-09-21 21:00:00,2026-09-22 05:00:00,44-45,22,99,0,66,14.2,N,32,S,,,2,Cerah Berawan,Partly Cloudy,https://api-apps.bmkg.go.id/storage/icon/cuaca/cerah berawan-pm.svg,2026-09-21T21:00:00Z
51,51.71,51.71.04,51.71.04.2010,51.71.04.2010,Bali,Kota Denpasar,Denpasar Utara,Peguyangan Kaja,2026-09-20T00:00:00,2026-09-22 00:00:00,2026-09-22 08:00:00,47-48,27,73,0,40,14.3,NE,68,SW,,,1,Cerah,Sunny,https://api-apps.bmkg.go.id/storage/icon/cuaca/cerah-am.svg,2026-09-22T00:00:00Z
51,51.71,51.71.04,51.71.04.2010,51.71.04.2010,Bali,Kota Denpasar,Denpasar Utara,Peguyangan Kaja,2026-09-20T00:00:00,2026-09-22 03:00:00,2026-09-22 11:00:00,50-51,31,63,0,0,14.8,E,112,W,,,0,Cerah,Sunny,https://api-apps.bmkg.go.id/storage/icon/cuaca/cerah-am.svg,2026-09-22T03:00:00Z
51,51.71,51.71.04,51.71.04.2010,51.71.04.2010,Bali,Kota Denpasar,Denpasar Utara,Peguyangan Kaja,2026-09-20T00:00:00,2026-09-22 06:00:00,2026-09-22 14:00:00,53-54,31,66,0,50,14.8,E,112,W,,,1,Cerah,Sunny,https://api-apps.bmkg.go.id/storage/icon/cuaca/cerah-am.svg,2026-09-22T06:00:00Z
51,51.71,51.71.04,51.71.04.2010,51.71.04.2010,Bali,Kota Denpasar,Denpasar Utara,Peguyangan Kaja,2026-09-20T00:00:00,2026-09-22 09:00:00,2026-09-22 17:00:00,56-57,27,81,0,66,17.3,E,90,W,,,2,Cerah Berawan,Partly Cloudy,https://api-apps.bmkg.go.id/storage/icon/cuaca/cerah berawan-am.svg,2026-09-22T09:00:00Z
51,51.71,51.71.04,51.71.04.2010,51.71.04.2010,Bali,Kota Denpasar,Denpasar Utara,Peguyangan Kaja,2026-09-20T00:00:00,2026-09-22 12:00:00,2026-09-22 20:00:00,59-60,25,89,0,47,17.3,E,90,W,,,1,Cerah,Sunny,https://api-apps.bmkg.go.id/storage/icon/cuaca/cerah-pm.svg,2026-09-22T12:00:00Z
51,51.71,51.71.04,51.71.04.2010,51.71.04.2010,Bali,Kota Denpasar,Denpasar Utara,Peguyangan Kaja,2026-09-20T00:00:00,2026-09-22 15:00:00,2026-09-22 23:00:00,62-63,24,92,0,61,14.1,E,112,W,,,2,Cerah Berawan,Partly Cloudy,https://api-apps.bmkg.go.id/storage/icon/cuaca/cerah berawan-pm.svg,2026-09-22T15:00:00Z
51,51.71,51.71.04,51.71.04.2011,51.71.04.2011,Bali,Kota Denpasar,Denpasar Utara,Peguyangan Kangin,2026-09-20T00:00:00,2026-09-20 12:00:00,2026-09-20 20:00:00,11-12,26,90,0,33,17.6,E,125,W,,,1,Cerah,Sunny,https://api-apps.bmkg.go.id/storage/icon/cuaca/cerah-pm.svg,2026-09-20T12:00:00Z
51,51.71,51.71.04,51.71.04.2011,51.71.04.2011,Bali,Kota Denpasar,Denpasar Utara,Peguyangan Kangin,2026-09-20T00:00:00,2026-09-20 15:00:00,2026-09-20 23:00:00,14-15,24,92,0,56,17,N,43,S,,,1,Cerah,Sunny,https://api-apps.bmkg.go.id/storage/icon/cuaca/cerah-pm.svg,2026-09-20T15:00:00Z
51,51.71,51.71.04,51.71.04.2011,51.71.04.2011,Bali,Kota Denpasar,Denpasar Utara,Peguyangan Kangin,2026-09-20T00:00:00,2026-09-20 18:00:00,2026-09-21 02:00:00,17-18,24,94,0,34,16.9,E,95,W,,,1,Cerah,Sunny,https://api-apps.bmkg.go.id/storage/icon/cuaca/cerah-pm.svg,2026-09-20T18:00:00Z
51,51.71,51.71.04,51.71.04.2011,51.71.04.2011,Bali,Kota Denpasar,Denpasar Utara,Peguyangan Kangin,2026-09-20T00:00:00,2026-09-20 21:00:00,2026-09-21 05:00:00,20-21,23,95,0,32,17.1,N,17,S,,,1,Cerah,Sunny,https://api-apps.bmkg.go.id/storage/icon/cuaca/cerah-pm.svg,2026-09-20T21:00:00Z
51,51.71,51.71.04,51.71.04.2011,51.71.04.2011,Bali,Kota Denpasar,Denpasar Utara,Peguyangan Kangin,2026-09-20T00:00:00,2026-09-21 00:00:00,2026-09-21 08:00:00,23-24,27,72,0,54,18.4,E,93,W,,,1,Cerah,Sunny,https://api-apps.bmkg.go.id/storage/icon/cuaca/cerah-am.svg,2026-09-21T00:00:00Z
51,51.71,51.71.04,51.71.04.2011,51.71.04.2011,Bali,Kota Denpasar,Denpasar Utara,Peguyangan Kangin,2026-09-20T00:00:00,2026-09-21 03:00:00,2026-09-21 11:00:00,26-27,31,63,0,49,14.1,E,124,W,,,1,Cerah,Sunny,https://api-apps.bmkg.go.id/storage/icon/cuaca/cerah-am.svg,2026-09-21T03:00:00Z
51,51.71,51.71.04,51.71.04.2011,51.71.04.2011,Bali,Kota Denpasar,Denpasar Utara,Peguyangan Kangin,2026-09-20T00:00:00,2026-09-21 06:00:00,2026-09-21 14:00:00,29-30,32,65,0,12,13.8,SE,142,NW,,,1,Cerah,Sunny,https://api-apps.bmkg.go.id/storage/icon/cuaca/cerah-am.svg,2026-09-21T06:00:00Z
51,51.71,51.71.04,51.71.04.2011,51.71.04.2011,Bali,Kota Denpasar,Denpasar Utara,Peguyangan Kangin,2026-09-20T00:00:00,2026-09-21 09:00:00,2026-09-21 17:00:00,32-33,28,77,0,7,14.5,E,134,W,,,0,Cerah,Sunny,https://api-apps.bmkg.go.id/storage/icon/cuaca/cerah-am.svg,2026-09-21T09:00:00Z
51,51.71,51.71.04,51.71.04.2011,51.71.04.2011,Bali,Kota Denpasar,Denpasar Utara,Peguyangan Kangin,2026-09-20T00:00:00,2026-09-21 12:00:00,2026-09-21 20:00:00,35-36,25,87,0,2,14.5,E,113,W,,,0,Cerah,Sunny,https://api-apps.bmkg.go.id/storage/icon/cuaca/cerah-pm.svg,2026-09-21T12:00:00Z
51,51.71,51.71.04,51.71.04.2011,51.71.04.2011,Bali,Kota Denpasar,Denpasar Utara,Peguyangan Kangin,2026-09-20T00:00:00,2026-09-21 15:00:00,2026-09-21 23:00:00,38-39,25,93,0,35,25.7,NE,61,SW,,,1,Cerah,Sunny,https://api-apps.bmkg.go.id/storage/icon/cuaca/cerah-pm.svg,2026-09-21T15:00:00Z
51,51.71,51.71.04,51.71.04.2011,51.71.04.2011,Bali,Kota Denpasar,Denpasar Utara,Peguyangan Kangin,2026-09-20T00:00:00,2026-09-21 18:00:00,2026-09-22 02:00:00,41-42,24,96,0,40,15.9,N,29,S,,,1,Cerah,Sunny,https://api-apps.bmkg.go.id/storage/icon/cuaca/cerah-pm.svg,2026-09-21T18:00:00Z
51,51.71,51.71.04,51.71.04.2011,51.71.04.2011,Bali,Kota Denpasar,Denpasar Utara,Peguyangan Kangin,2026-09-20T00:00:00,2026-09-21 21:00:00,2026-09-22 05:00:00,44-45,23,98,0,62,13.8,N,32,S,,,2,Cerah Berawan,Partly Cloudy,https://api-apps.bmkg.go.id/storage/icon/cuaca/cerah berawan-pm.svg,2026-09-21T21:00:00Z
51,51.71,51.71.04,51.71.04.2011,51.71.04.2011,Bali,Kota Denpasar,Denpasar Utara,Peguyangan Kangin,2026-09-20T00:00:00,2026-09-22 00:00:00,2026-09-22 08:00:00,47-48,27,74,0,33,13.8,NE,68,SW,,,1,Cerah,Sunny,https://api-apps.bmkg.go.id/storage/icon/cuaca/cerah-am.svg,2026-09-22T00:00:00Z
51,51.71,51.71.04,51.71.04.2011,51.71.04.2011,Bali,Kota Denpasar,Denpasar Utara,Peguyangan Kangin,2026-09-20T00:00:00,2026-09-22 03:00:00,2026-09-22 11:00:00,50-51,31,64,0,0,14.8,E,112,W,,,0,Cerah,Sunny,https://api-apps.bmkg.go.id/storage/icon/cuaca/cerah-am.svg,2026-09-22T03:00:00Z
51,51.71,51.71.04,51.71.04.2011,51.71.04.2011,Bali,Kota Denpasar,Denpasar Utara,Peguyangan Kangin,2026-09-20T00:00:00,2026-09-22 06:00:00,2026-09-22 14:00:00,53-54,31,68,0,51,14.8,E,112,W,,,1,Cerah,Sunny,https://api-apps.bmkg.go.id/storage/icon/cuaca/cerah-am.svg,2026-09-22T06:00:00Z
51,51.71,51.71.04,51.71.04.2011,51.71.04.2011,Bali,Kota Denpasar,Denpasar Utara,Peguyangan Kangin,2026-09-20T00:00:00,2026-09-22 09:00:00,2026-09-22 17:00:00,56-57,27,82,0,65,19.4,E,90,W,,,2,Cerah Berawan,Partly Cloudy,https://api-apps.bmkg.go.id/storage/icon/cuaca/cerah berawan-am.svg,2026-09-22T09:00:00Z
51,51.71,51.71.04,51.71.04.2011,51.71.04.2011,Bali,Kota Denpasar,Denpasar Utara,Peguyangan Kangin,2026-09-20T00:00:00,2026-09-22 12:00:00,2026-09-22 20:00:00,59-60,25,89,0,45,19.4,E,90,W,,,1,Cerah,Sunny,https://api-apps.bmkg.go.id/storage/icon/cuaca/cerah-pm.svg,2026-09-22T12:00:00Z
51,51.71,51.71.04,51.71.04.2011,51.71.04.2011,Bali,Kota Denpasar,Denpasar Utara,Peguyangan Kangin,2026-09-20T00:00:00,2026-09-22 15:00:00,2026-09-22 23:00:00,62-63,24,91,0,61,13.5,E,112,W,,,2,Cerah Berawan,Partly Cloudy,https://api-apps.bmkg.go.id/storage/icon/cuaca/cerah berawan-pm.svg,2026-09-22T15:00:00Z
